operator,run_id,layer,condition,boundary,method,execution,samples,calls_per_sample,warmups,sample,gpu_us,wall_us,reservation_attempts,prefetched_records,h2d_bytes
official,q1_official_prefetch_bench_20261008_02,0,zero,prepared,official,eager,30,1,10,0,72.9919970035553,100.287,623,64,73728
official,q1_official_prefetch_bench_20261008_02,0,zero,prepared,official,eager,30,1,10,1,147.96799421310425,174.586,599,64,73728
official,q1_official_prefetch_bench_20261008_02,0,zero,prepared,official,eager,30,1,10,2,69.31199878454208,82.131,623,64,73728
official,q1_official_prefetch_bench_20261008_02,0,zero,prepared,official,eager,30,1,10,3,64.25599753856659,76.9,610,64,73728
official,q1_official_prefetch_bench_20261008_02,0,zero,prepared,official,eager,30,1,10,4,61.983998864889145,74.387,623,64,73728
official,q1_official_prefetch_bench_20261008_02,0,zero,prepared,official,eager,30,1,10,5,63.519999384880066,76.457,601,64,73728
official,q1_official_prefetch_bench_20261008_02,0,zero,prepared,official,eager,30,1,10,6,64.4799992442131,83.716,622,64,73728
official,q1_official_prefetch_bench_20261008_02,0,zero,prepared,official,eager,30,1,10,7,62.04799935221672,74.519,612,64,73728
official,q1_official_prefetch_bench_20261008_02,0,zero,prepared,official,eager,30,1,10,8,62.17600032687187,74.034,623,64,73728
official,q1_official_prefetch_bench_20261008_02,0,zero,prepared,official,eager,30,1,10,9,61.792001128196716,74.431,616,64,73728
official,q1_official_prefetch_bench_20261008_02,0,zero,prepared,official,eager,30,1,10,10,61.08799949288368,73.606,623,64,73728
official,q1_official_prefetch_bench_20261008_02,0,zero,prepared,official,eager,30,1,10,11,58.30400064587593,70.626,599,64,73728
official,q1_official_prefetch_bench_20261008_02,0,zero,prepared,official,eager,30,1,10,12,59.90400165319443,72.26,621,64,73728
official,q1_official_prefetch_bench_20261008_02,0,zero,prepared,official,eager,30,1,10,13,59.74400043487549,71.927,619,64,73728
official,q1_official_prefetch_bench_20261008_02,0,zero,prepared,official,eager,30,1,10,14,59.36000123620033,71.329,623,64,73728
official,q1_official_prefetch_bench_20261008_02,0,zero,prepared,official,eager,30,1,10,15,62.24000081419945,74.276,604,64,73728
official,q1_official_prefetch_bench_20261008_02,0,zero,prepared,official,eager,30,1,10,16,61.91999837756157,73.976,623,64,73728
official,q1_official_prefetch_bench_20261008_02,0,zero,prepared,official,eager,30,1,10,17,59.90400165319443,72.267,613,64,73728
official,q1_official_prefetch_bench_20261008_02,0,zero,prepared,official,eager,30,1,10,18,60.19200012087822,72.368,621,64,73728
official,q1_official_prefetch_bench_20261008_02,0,zero,prepared,official,eager,30,1,10,19,60.92799827456474,72.812,595,64,73728
official,q1_official_prefetch_bench_20261008_02,0,zero,prepared,official,eager,30,1,10,20,59.99999865889549,72.176,623,64,73728
official,q1_official_prefetch_bench_20261008_02,0,zero,prepared,official,eager,30,1,10,21,59.487998485565186,71.34,603,64,73728
official,q1_official_prefetch_bench_20261008_02,0,zero,prepared,official,eager,30,1,10,22,59.13599953055382,70.941,623,64,73728
official,q1_official_prefetch_bench_20261008_02,0,zero,prepared,official,eager,30,1,10,23,59.26400050520897,71.379,608,64,73728
official,q1_official_prefetch_bench_20261008_02,0,zero,prepared,official,eager,30,1,10,24,61.40799820423126,73.86,623,64,73728
official,q1_official_prefetch_bench_20261008_02,0,zero,prepared,official,eager,30,1,10,25,60.575999319553375,72.96,604,64,73728
official,q1_official_prefetch_bench_20261008_02,0,zero,prepared,official,eager,30,1,10,26,60.80000102519989,73.446,623,64,73728
official,q1_official_prefetch_bench_20261008_02,0,zero,prepared,official,eager,30,1,10,27,59.36000123620033,71.398,614,64,73728
official,q1_official_prefetch_bench_20261008_02,0,zero,prepared,official,eager,30,1,10,28,59.23200026154518,71.164,623,64,73728
official,q1_official_prefetch_bench_20261008_02,0,zero,prepared,official,eager,30,1,10,29,59.967998415231705,71.874,597,64,73728
official,q1_official_prefetch_bench_20261008_02,0,zero,prepared,official,graph,30,1,10,0,32.80000016093254,51.995,609,64,73728
official,q1_official_prefetch_bench_20261008_02,0,zero,prepared,official,graph,30,1,10,1,26.59199945628643,50.391,609,64,73728
official,q1_official_prefetch_bench_20261008_02,0,zero,prepared,official,graph,30,1,10,2,17.216000705957413,29.691,608,64,73728
official,q1_official_prefetch_bench_20261008_02,0,zero,prepared,official,graph,30,1,10,3,17.59999990463257,29.48,583,64,73728
official,q1_official_prefetch_bench_20261008_02,0,zero,prepared,official,graph,30,1,10,4,17.24799908697605,28.895,581,64,73728
official,q1_official_prefetch_bench_20261008_02,0,zero,prepared,official,graph,30,1,10,5,16.00000075995922,28.488,562,64,73728
official,q1_official_prefetch_bench_20261008_02,0,zero,prepared,official,graph,30,1,10,6,15.584000386297703,27.333,584,64,73728
official,q1_official_prefetch_bench_20261008_02,0,zero,prepared,official,graph,30,1,10,7,15.615999698638916,27.25,577,64,73728
official,q1_official_prefetch_bench_20261008_02,0,zero,prepared,official,graph,30,1,10,8,16.96000061929226,29.447,568,64,73728
official,q1_official_prefetch_bench_20261008_02,0,zero,prepared,official,graph,30,1,10,9,15.39199985563755,27.312,593,64,73728
official,q1_official_prefetch_bench_20261008_02,0,zero,prepared,official,graph,30,1,10,10,17.152000218629837,28.803,623,64,73728
official,q1_official_prefetch_bench_20261008_02,0,zero,prepared,official,graph,30,1,10,11,16.79999940097332,28.894,588,64,73728
official,q1_official_prefetch_bench_20261008_02,0,zero,prepared,official,graph,30,1,10,12,16.256000846624374,28.372,597,64,73728
official,q1_official_prefetch_bench_20261008_02,0,zero,prepared,official,graph,30,1,10,13,16.35199971497059,27.935,587,64,73728
official,q1_official_prefetch_bench_20261008_02,0,zero,prepared,official,graph,30,1,10,14,15.552000142633915,27.412,621,64,73728
official,q1_official_prefetch_bench_20261008_02,0,zero,prepared,official,graph,30,1,10,15,16.79999940097332,28.761,576,64,73728
official,q1_official_prefetch_bench_20261008_02,0,zero,prepared,official,graph,30,1,10,16,15.776000916957855,27.572,583,64,73728
official,q1_official_prefetch_bench_20261008_02,0,zero,prepared,official,graph,30,1,10,17,15.456000342965126,27.345,584,64,73728
official,q1_official_prefetch_bench_20261008_02,0,zero,prepared,official,graph,30,1,10,18,16.896000131964684,28.887,564,64,73728
official,q1_official_prefetch_bench_20261008_02,0,zero,prepared,official,graph,30,1,10,19,16.51199907064438,28.349,574,64,73728
official,q1_official_prefetch_bench_20261008_02,0,zero,prepared,official,graph,30,1,10,20,16.79999940097332,28.424,581,64,73728
official,q1_official_prefetch_bench_20261008_02,0,zero,prepared,official,graph,30,1,10,21,15.87199978530407,27.632,602,64,73728
official,q1_official_prefetch_bench_20261008_02,0,zero,prepared,official,graph,30,1,10,22,16.672000288963318,28.491,618,64,73728
official,q1_official_prefetch_bench_20261008_02,0,zero,prepared,official,graph,30,1,10,23,16.896000131964684,28.524,559,64,73728
official,q1_official_prefetch_bench_20261008_02,0,zero,prepared,official,graph,30,1,10,24,16.92800037562847,28.606,612,64,73728
official,q1_official_prefetch_bench_20261008_02,0,zero,prepared,official,graph,30,1,10,25,16.64000004529953,28.339,618,64,73728
official,q1_official_prefetch_bench_20261008_02,0,zero,prepared,official,graph,30,1,10,26,15.968000516295433,27.827,618,64,73728
official,q1_official_prefetch_bench_20261008_02,0,zero,prepared,official,graph,30,1,10,27,16.16000011563301,28.361,539,64,73728
official,q1_official_prefetch_bench_20261008_02,0,zero,prepared,official,graph,30,1,10,28,16.736000776290894,28.401,588,64,73728
official,q1_official_prefetch_bench_20261008_02,0,zero,prepared,official,graph,30,1,10,29,15.48799965530634,30.694,570,64,73728
official,q1_official_prefetch_bench_20261008_02,0,zero,full,official,eager,30,1,10,0,144.3520039319992,162.886,553,64,73728
official,q1_official_prefetch_bench_20261008_02,0,zero,full,official,eager,30,1,10,1,131.67999684810638,145.122,553,64,73728
official,q1_official_prefetch_bench_20261008_02,0,zero,full,official,eager,30,1,10,2,128.51199507713318,141.37,581,64,73728
official,q1_official_prefetch_bench_20261008_02,0,zero,full,official,eager,30,1,10,3,124.28800016641617,137.074,590,64,73728
official,q1_official_prefetch_bench_20261008_02,0,zero,full,official,eager,30,1,10,4,124.64000284671783,137.39,561,64,73728
official,q1_official_prefetch_bench_20261008_02,0,zero,full,official,eager,30,1,10,5,129.7920048236847,143.361,571,64,73728
official,q1_official_prefetch_bench_20261008_02,0,zero,full,official,eager,30,1,10,6,126.39999389648438,139.513,583,64,73728
official,q1_official_prefetch_bench_20261008_02,0,zero,full,official,eager,30,1,10,7,123.87199699878693,136.352,588,64,73728
official,q1_official_prefetch_bench_20261008_02,0,zero,full,official,eager,30,1,10,8,122.01599776744843,134.356,539,64,73728
official,q1_official_prefetch_bench_20261008_02,0,zero,full,official,eager,30,1,10,9,121.0239976644516,133.965,568,64,73728
official,q1_official_prefetch_bench_20261008_02,0,zero,full,official,eager,30,1,10,10,122.49600142240524,135.107,579,64,73728
official,q1_official_prefetch_bench_20261008_02,0,zero,full,official,eager,30,1,10,11,126.78399682044983,139.038,590,64,73728
official,q1_official_prefetch_bench_20261008_02,0,zero,full,official,eager,30,1,10,12,123.03999811410904,135.457,558,64,73728
official,q1_official_prefetch_bench_20261008_02,0,zero,full,official,eager,30,1,10,13,122.11199849843979,134.315,561,64,73728
official,q1_official_prefetch_bench_20261008_02,0,zero,full,official,eager,30,1,10,14,123.36000055074692,135.975,587,64,73728
official,q1_official_prefetch_bench_20261008_02,0,zero,full,official,eager,30,1,10,15,126.94400548934937,139.48,576,64,73728
official,q1_official_prefetch_bench_20261008_02,0,zero,full,official,eager,30,1,10,16,133.69600474834442,146.927,563,64,73728
official,q1_official_prefetch_bench_20261008_02,0,zero,full,official,eager,30,1,10,17,123.74400347471237,136.629,562,64,73728
official,q1_official_prefetch_bench_20261008_02,0,zero,full,official,eager,30,1,10,18,124.32000041007996,136.839,573,64,73728
official,q1_official_prefetch_bench_20261008_02,0,zero,full,official,eager,30,1,10,19,121.63200229406357,134.332,586,64,73728
official,q1_official_prefetch_bench_20261008_02,0,zero,full,official,eager,30,1,10,20,122.78400361537933,135.64,567,64,73728
official,q1_official_prefetch_bench_20261008_02,0,zero,full,official,eager,30,1,10,21,121.63200229406357,134.128,554,64,73728
official,q1_official_prefetch_bench_20261008_02,0,zero,full,official,eager,30,1,10,22,126.62400305271149,139.456,593,64,73728
official,q1_official_prefetch_bench_20261008_02,0,zero,full,official,eager,30,1,10,23,121.5360015630722,133.845,598,64,73728
official,q1_official_prefetch_bench_20261008_02,0,zero,full,official,eager,30,1,10,24,122.65600264072418,135.378,553,64,73728
official,q1_official_prefetch_bench_20261008_02,0,zero,full,official,eager,30,1,10,25,124.03199821710587,136.478,575,64,73728
official,q1_official_prefetch_bench_20261008_02,0,zero,full,official,eager,30,1,10,26,121.63200229406357,133.998,579,64,73728
official,q1_official_prefetch_bench_20261008_02,0,zero,full,official,eager,30,1,10,27,121.44000083208084,133.542,592,64,73728
official,q1_official_prefetch_bench_20261008_02,0,zero,full,official,eager,30,1,10,28,123.00799787044525,135.307,554,64,73728
official,q1_official_prefetch_bench_20261008_02,0,zero,full,official,eager,30,1,10,29,127.45599448680878,140.12,555,64,73728
official,q1_official_prefetch_bench_20261008_02,0,zero,full,official,graph,30,1,10,0,30.559999868273735,48.445,523,64,73728
official,q1_official_prefetch_bench_20261008_02,0,zero,full,official,graph,30,1,10,1,30.30399978160858,50.23,501,64,73728
official,q1_official_prefetch_bench_20261008_02,0,zero,full,official,graph,30,1,10,2,22.975999861955643,35.151,574,64,73728
official,q1_official_prefetch_bench_20261008_02,0,zero,full,official,graph,30,1,10,3,22.016000002622604,34.001,567,64,73728
official,q1_official_prefetch_bench_20261008_02,0,zero,full,official,graph,30,1,10,4,21.91999927163124,33.417,569,64,73728
official,q1_official_prefetch_bench_20261008_02,0,zero,full,official,graph,30,1,10,5,22.39999920129776,34.663,565,64,73728
official,q1_official_prefetch_bench_20261008_02,0,zero,full,official,graph,30,1,10,6,21.31200022995472,33.004,565,64,73728
official,q1_official_prefetch_bench_20261008_02,0,zero,full,official,graph,30,1,10,7,21.60000056028366,33.291,582,64,73728
official,q1_official_prefetch_bench_20261008_02,0,zero,full,official,graph,30,1,10,8,21.95199951529503,33.924,566,64,73728
official,q1_official_prefetch_bench_20261008_02,0,zero,full,official,graph,30,1,10,9,21.695999428629875,33.618,568,64,73728
official,q1_official_prefetch_bench_20261008_02,0,zero,full,official,graph,30,1,10,10,21.727999672293663,33.486,593,64,73728
official,q1_official_prefetch_bench_20261008_02,0,zero,full,official,graph,30,1,10,11,22.272000089287758,33.989,567,64,73728
official,q1_official_prefetch_bench_20261008_02,0,zero,full,official,graph,30,1,10,12,21.056000143289566,33.002,572,64,73728
official,q1_official_prefetch_bench_20261008_02,0,zero,full,official,graph,30,1,10,13,21.60000056028366,33.527,560,64,73728
official,q1_official_prefetch_bench_20261008_02,0,zero,full,official,graph,30,1,10,14,21.824000403285027,33.523,551,64,73728
official,q1_official_prefetch_bench_20261008_02,0,zero,full,official,graph,30,1,10,15,21.568000316619873,33.535,568,64,73728
official,q1_official_prefetch_bench_20261008_02,0,zero,full,official,graph,30,1,10,16,21.503999829292297,33.525,578,64,73728
official,q1_official_prefetch_bench_20261008_02,0,zero,full,official,graph,30,1,10,17,21.727999672293663,33.801,572,64,73728
official,q1_official_prefetch_bench_20261008_02,0,zero,full,official,graph,30,1,10,18,21.376000717282295,33.448,567,64,73728
official,q1_official_prefetch_bench_20261008_02,0,zero,full,official,graph,30,1,10,19,21.63200080394745,33.242,559,64,73728
official,q1_official_prefetch_bench_20261008_02,0,zero,full,official,graph,30,1,10,20,21.856000646948814,33.421,572,64,73728
official,q1_official_prefetch_bench_20261008_02,0,zero,full,official,graph,30,1,10,21,21.695999428629875,33.581,562,64,73728
official,q1_official_prefetch_bench_20261008_02,0,zero,full,official,graph,30,1,10,22,21.695999428629875,33.829,572,64,73728
official,q1_official_prefetch_bench_20261008_02,0,zero,full,official,graph,30,1,10,23,22.016000002622604,33.699,565,64,73728
official,q1_official_prefetch_bench_20261008_02,0,zero,full,official,graph,30,1,10,24,21.31200022995472,32.84,570,64,73728
official,q1_official_prefetch_bench_20261008_02,0,zero,full,official,graph,30,1,10,25,21.247999742627144,33.114,584,64,73728
official,q1_official_prefetch_bench_20261008_02,0,zero,full,official,graph,30,1,10,26,21.888000890612602,33.665,562,64,73728
official,q1_official_prefetch_bench_20261008_02,0,zero,full,official,graph,30,1,10,27,22.36800082027912,34.246,567,64,73728
official,q1_official_prefetch_bench_20261008_02,0,zero,full,official,graph,30,1,10,28,21.407999098300934,33.463,579,64,73728
official,q1_official_prefetch_bench_20261008_02,0,zero,full,official,graph,30,1,10,29,21.695999428629875,33.538,574,64,73728
official,q1_official_prefetch_bench_20261008_02,0,warm,prepared,official,eager,30,1,10,0,68.51200014352798,84.855,0,0,0
official,q1_official_prefetch_bench_20261008_02,0,warm,prepared,official,eager,30,1,10,1,62.912002205848694,75.141,0,0,0
official,q1_official_prefetch_bench_20261008_02,0,warm,prepared,official,eager,30,1,10,2,61.184000223875046,73.58,0,0,0
official,q1_official_prefetch_bench_20261008_02,0,warm,prepared,official,eager,30,1,10,3,61.28000095486641,73.481,0,0,0
official,q1_official_prefetch_bench_20261008_02,0,warm,prepared,official,eager,30,1,10,4,60.5119988322258,72.651,0,0,0
official,q1_official_prefetch_bench_20261008_02,0,warm,prepared,official,eager,30,1,10,5,60.03199890255928,72.132,0,0,0
official,q1_official_prefetch_bench_20261008_02,0,warm,prepared,official,eager,30,1,10,6,59.23200026154518,70.863,0,0,0
official,q1_official_prefetch_bench_20261008_02,0,warm,prepared,official,eager,30,1,10,7,59.23200026154518,71.04,0,0,0
official,q1_official_prefetch_bench_20261008_02,0,warm,prepared,official,eager,30,1,10,8,59.39200147986412,71.574,0,0,0
official,q1_official_prefetch_bench_20261008_02,0,warm,prepared,official,eager,30,1,10,9,59.487998485565186,71.524,0,0,0
official,q1_official_prefetch_bench_20261008_02,0,warm,prepared,official,eager,30,1,10,10,59.07199904322624,71.557,0,0,0
official,q1_official_prefetch_bench_20261008_02,0,warm,prepared,official,eager,30,1,10,11,58.75200033187866,70.77,0,0,0
official,q1_official_prefetch_bench_20261008_02,0,warm,prepared,official,eager,30,1,10,12,58.17599967122078,70.041,0,0,0
official,q1_official_prefetch_bench_20261008_02,0,warm,prepared,official,eager,30,1,10,13,59.10399928689003,71.338,0,0,0
official,q1_official_prefetch_bench_20261008_02,0,warm,prepared,official,eager,30,1,10,14,58.52799862623215,70.466,0,0,0
official,q1_official_prefetch_bench_20261008_02,0,warm,prepared,official,eager,30,1,10,15,60.127999633550644,71.902,0,0,0
official,q1_official_prefetch_bench_20261008_02,0,warm,prepared,official,eager,30,1,10,16,59.39200147986412,71.507,0,0,0
official,q1_official_prefetch_bench_20261008_02,0,warm,prepared,official,eager,30,1,10,17,59.20000001788139,71.264,0,0,0
official,q1_official_prefetch_bench_20261008_02,0,warm,prepared,official,eager,30,1,10,18,58.01599845290184,69.942,0,0,0
official,q1_official_prefetch_bench_20261008_02,0,warm,prepared,official,eager,30,1,10,19,57.11999908089638,68.739,0,0,0
official,q1_official_prefetch_bench_20261008_02,0,warm,prepared,official,eager,30,1,10,20,58.49599838256836,70.159,0,0,0
official,q1_official_prefetch_bench_20261008_02,0,warm,prepared,official,eager,30,1,10,21,57.312000542879105,69.048,0,0,0
official,q1_official_prefetch_bench_20261008_02,0,warm,prepared,official,eager,30,1,10,22,58.81600081920624,70.543,0,0,0
official,q1_official_prefetch_bench_20261008_02,0,warm,prepared,official,eager,30,1,10,23,58.6559996008873,71.079,0,0,0
official,q1_official_prefetch_bench_20261008_02,0,warm,prepared,official,eager,30,1,10,24,58.46399813890457,70.623,0,0,0
official,q1_official_prefetch_bench_20261008_02,0,warm,prepared,official,eager,30,1,10,25,56.63999915122986,68.903,0,0,0
official,q1_official_prefetch_bench_20261008_02,0,warm,prepared,official,eager,30,1,10,26,57.56799876689911,69.766,0,0,0
official,q1_official_prefetch_bench_20261008_02,0,warm,prepared,official,eager,30,1,10,27,57.72799998521805,69.52,0,0,0
official,q1_official_prefetch_bench_20261008_02,0,warm,prepared,official,eager,30,1,10,28,62.463998794555664,74.482,0,0,0
official,q1_official_prefetch_bench_20261008_02,0,warm,prepared,official,eager,30,1,10,29,59.7120001912117,71.869,0,0,0
official,q1_official_prefetch_bench_20261008_02,0,warm,prepared,official,graph,30,1,10,0,19.840000197291374,37.261,0,0,0
official,q1_official_prefetch_bench_20261008_02,0,warm,prepared,official,graph,30,1,10,1,20.22399939596653,40.2,0,0,0
official,q1_official_prefetch_bench_20261008_02,0,warm,prepared,official,graph,30,1,10,2,13.824000023305416,25.893,0,0,0
official,q1_official_prefetch_bench_20261008_02,0,warm,prepared,official,graph,30,1,10,3,13.055999763309956,24.903,0,0,0
official,q1_official_prefetch_bench_20261008_02,0,warm,prepared,official,graph,30,1,10,4,12.864000163972378,24.428,0,0,0
official,q1_official_prefetch_bench_20261008_02,0,warm,prepared,official,graph,30,1,10,5,12.927999719977379,24.74,0,0,0
official,q1_official_prefetch_bench_20261008_02,0,warm,prepared,official,graph,30,1,10,6,12.927999719977379,24.618,0,0,0
official,q1_official_prefetch_bench_20261008_02,0,warm,prepared,official,graph,30,1,10,7,13.120000250637531,25.08,0,0,0
official,q1_official_prefetch_bench_20261008_02,0,warm,prepared,official,graph,30,1,10,8,12.384000234305859,23.854,0,0,0
official,q1_official_prefetch_bench_20261008_02,0,warm,prepared,official,graph,30,1,10,9,12.703999876976013,25.03,0,0,0
official,q1_official_prefetch_bench_20261008_02,0,warm,prepared,official,graph,30,1,10,10,12.83199992030859,24.446,0,0,0
official,q1_official_prefetch_bench_20261008_02,0,warm,prepared,official,graph,30,1,10,11,12.319999746978283,24.287,0,0,0
official,q1_official_prefetch_bench_20261008_02,0,warm,prepared,official,graph,30,1,10,12,12.992000207304955,24.769,0,0,0
official,q1_official_prefetch_bench_20261008_02,0,warm,prepared,official,graph,30,1,10,13,12.44799979031086,24.635,0,0,0
official,q1_official_prefetch_bench_20261008_02,0,warm,prepared,official,graph,30,1,10,14,12.83199992030859,24.533,0,0,0
official,q1_official_prefetch_bench_20261008_02,0,warm,prepared,official,graph,30,1,10,15,12.480000033974648,24.258,0,0,0
official,q1_official_prefetch_bench_20261008_02,0,warm,prepared,official,graph,30,1,10,16,12.543999589979649,24.5,0,0,0
official,q1_official_prefetch_bench_20261008_02,0,warm,prepared,official,graph,30,1,10,17,12.799999676644802,24.901,0,0,0
official,q1_official_prefetch_bench_20261008_02,0,warm,prepared,official,graph,30,1,10,18,12.640000320971012,24.326,0,0,0
official,q1_official_prefetch_bench_20261008_02,0,warm,prepared,official,graph,30,1,10,19,12.640000320971012,24.604,0,0,0
official,q1_official_prefetch_bench_20261008_02,0,warm,prepared,official,graph,30,1,10,20,12.640000320971012,24.363,0,0,0
official,q1_official_prefetch_bench_20261008_02,0,warm,prepared,official,graph,30,1,10,21,12.671999633312225,24.231,0,0,0
official,q1_official_prefetch_bench_20261008_02,0,warm,prepared,official,graph,30,1,10,22,12.384000234305859,23.961,0,0,0
official,q1_official_prefetch_bench_20261008_02,0,warm,prepared,official,graph,30,1,10,23,12.512000277638435,24.097,0,0,0
official,q1_official_prefetch_bench_20261008_02,0,warm,prepared,official,graph,30,1,10,24,12.575999833643436,24.103,0,0,0
official,q1_official_prefetch_bench_20261008_02,0,warm,prepared,official,graph,30,1,10,25,12.575999833643436,24.33,0,0,0
official,q1_official_prefetch_bench_20261008_02,0,warm,prepared,official,graph,30,1,10,26,12.512000277638435,24.078,0,0,0
official,q1_official_prefetch_bench_20261008_02,0,warm,prepared,official,graph,30,1,10,27,12.512000277638435,24.516,0,0,0
official,q1_official_prefetch_bench_20261008_02,0,warm,prepared,official,graph,30,1,10,28,12.543999589979649,24.177,0,0,0
official,q1_official_prefetch_bench_20261008_02,0,warm,prepared,official,graph,30,1,10,29,12.384000234305859,24.553,0,0,0
official,q1_official_prefetch_bench_20261008_02,0,warm,full,official,eager,30,1,10,0,133.5040032863617,150.83,0,0,0
official,q1_official_prefetch_bench_20261008_02,0,warm,full,official,eager,30,1,10,1,127.29600071907043,139.863,0,0,0
official,q1_official_prefetch_bench_20261008_02,0,warm,full,official,eager,30,1,10,2,129.56799566745758,142.314,0,0,0
official,q1_official_prefetch_bench_20261008_02,0,warm,full,official,eager,30,1,10,3,123.52000176906586,135.835,0,0,0
official,q1_official_prefetch_bench_20261008_02,0,warm,full,official,eager,30,1,10,4,122.23999947309494,134.754,0,0,0
official,q1_official_prefetch_bench_20261008_02,0,warm,full,official,eager,30,1,10,5,128.03199887275696,140.12,0,0,0
official,q1_official_prefetch_bench_20261008_02,0,warm,full,official,eager,30,1,10,6,120.80000340938568,132.946,0,0,0
official,q1_official_prefetch_bench_20261008_02,0,warm,full,official,eager,30,1,10,7,123.1359988451004,135.19,0,0,0
official,q1_official_prefetch_bench_20261008_02,0,warm,full,official,eager,30,1,10,8,130.68799674510956,143.17,0,0,0
official,q1_official_prefetch_bench_20261008_02,0,warm,full,official,eager,30,1,10,9,124.57600235939026,137.19,0,0,0
official,q1_official_prefetch_bench_20261008_02,0,warm,full,official,eager,30,1,10,10,124.51200187206268,137.398,0,0,0
official,q1_official_prefetch_bench_20261008_02,0,warm,full,official,eager,30,1,10,11,122.49600142240524,134.915,0,0,0
official,q1_official_prefetch_bench_20261008_02,0,warm,full,official,eager,30,1,10,12,122.20799922943115,135.028,0,0,0
official,q1_official_prefetch_bench_20261008_02,0,warm,full,official,eager,30,1,10,13,125.66399574279785,138.202,0,0,0
official,q1_official_prefetch_bench_20261008_02,0,warm,full,official,eager,30,1,10,14,123.52000176906586,135.603,0,0,0
official,q1_official_prefetch_bench_20261008_02,0,warm,full,official,eager,30,1,10,15,121.69600278139114,133.983,0,0,0
official,q1_official_prefetch_bench_20261008_02,0,warm,full,official,eager,30,1,10,16,120.2239990234375,132.795,0,0,0
official,q1_official_prefetch_bench_20261008_02,0,warm,full,official,eager,30,1,10,17,121.79200351238251,134.165,0,0,0
official,q1_official_prefetch_bench_20261008_02,0,warm,full,official,eager,30,1,10,18,122.72000312805176,135.018,0,0,0
official,q1_official_prefetch_bench_20261008_02,0,warm,full,official,eager,30,1,10,19,125.95200538635254,139.168,0,0,0
official,q1_official_prefetch_bench_20261008_02,0,warm,full,official,eager,30,1,10,20,122.079998254776,134.603,0,0,0
official,q1_official_prefetch_bench_20261008_02,0,warm,full,official,eager,30,1,10,21,123.48800152540207,136.043,0,0,0
official,q1_official_prefetch_bench_20261008_02,0,warm,full,official,eager,30,1,10,22,122.6240023970604,135.004,0,0,0
official,q1_official_prefetch_bench_20261008_02,0,warm,full,official,eager,30,1,10,23,119.61600184440613,131.842,0,0,0
official,q1_official_prefetch_bench_20261008_02,0,warm,full,official,eager,30,1,10,24,122.6240023970604,134.689,0,0,0
official,q1_official_prefetch_bench_20261008_02,0,warm,full,official,eager,30,1,10,25,125.50400197505951,138.303,0,0,0
official,q1_official_prefetch_bench_20261008_02,0,warm,full,official,eager,30,1,10,26,123.07199835777283,135.439,0,0,0
official,q1_official_prefetch_bench_20261008_02,0,warm,full,official,eager,30,1,10,27,121.50400131940842,133.764,0,0,0
official,q1_official_prefetch_bench_20261008_02,0,warm,full,official,eager,30,1,10,28,121.44000083208084,133.711,0,0,0
official,q1_official_prefetch_bench_20261008_02,0,warm,full,official,eager,30,1,10,29,121.79200351238251,134.393,0,0,0
official,q1_official_prefetch_bench_20261008_02,0,warm,full,official,graph,30,1,10,0,27.55199931561947,45.235,0,0,0
official,q1_official_prefetch_bench_20261008_02,0,warm,full,official,graph,30,1,10,1,26.399999856948853,45.956,0,0,0
official,q1_official_prefetch_bench_20261008_02,0,warm,full,official,graph,30,1,10,2,19.58400011062622,31.564,0,0,0
official,q1_official_prefetch_bench_20261008_02,0,warm,full,official,graph,30,1,10,3,18.848000094294548,30.811,0,0,0
official,q1_official_prefetch_bench_20261008_02,0,warm,full,official,graph,30,1,10,4,18.81599985063076,30.823,0,0,0
official,q1_official_prefetch_bench_20261008_02,0,warm,full,official,graph,30,1,10,5,18.624000251293182,30.626,0,0,0
official,q1_official_prefetch_bench_20261008_02,0,warm,full,official,graph,30,1,10,6,18.49599927663803,30.629,0,0,0
official,q1_official_prefetch_bench_20261008_02,0,warm,full,official,graph,30,1,10,7,18.400000408291817,30.147,0,0,0
official,q1_official_prefetch_bench_20261008_02,0,warm,full,official,graph,30,1,10,8,18.36800016462803,30.073,0,0,0
official,q1_official_prefetch_bench_20261008_02,0,warm,full,official,graph,30,1,10,9,18.65600049495697,30.396,0,0,0
official,q1_official_prefetch_bench_20261008_02,0,warm,full,official,graph,30,1,10,10,18.112000077962875,29.746,0,0,0
official,q1_official_prefetch_bench_20261008_02,0,warm,full,official,graph,30,1,10,11,18.20800080895424,29.823,0,0,0
official,q1_official_prefetch_bench_20261008_02,0,warm,full,official,graph,30,1,10,12,18.464000895619392,30.097,0,0,0
official,q1_official_prefetch_bench_20261008_02,0,warm,full,official,graph,30,1,10,13,18.303999677300453,29.816,0,0,0
official,q1_official_prefetch_bench_20261008_02,0,warm,full,official,graph,30,1,10,14,1048.2879877090454,1077.958,0,0,0
official,q1_official_prefetch_bench_20261008_02,0,warm,full,official,graph,30,1,10,15,23.871999233961105,50.508,0,0,0
official,q1_official_prefetch_bench_20261008_02,0,warm,full,official,graph,30,1,10,16,18.81599985063076,30.487,0,0,0
official,q1_official_prefetch_bench_20261008_02,0,warm,full,official,graph,30,1,10,17,18.592000007629395,30.654,0,0,0
official,q1_official_prefetch_bench_20261008_02,0,warm,full,official,graph,30,1,10,18,18.400000408291817,29.979,0,0,0
official,q1_official_prefetch_bench_20261008_02,0,warm,full,official,graph,30,1,10,19,18.303999677300453,30.162,0,0,0
official,q1_official_prefetch_bench_20261008_02,0,warm,full,official,graph,30,1,10,20,18.65600049495697,30.622,0,0,0
official,q1_official_prefetch_bench_20261008_02,0,warm,full,official,graph,30,1,10,21,18.33599992096424,30.436,0,0,0
official,q1_official_prefetch_bench_20261008_02,0,warm,full,official,graph,30,1,10,22,18.400000408291817,30.056,0,0,0
official,q1_official_prefetch_bench_20261008_02,0,warm,full,official,graph,30,1,10,23,18.144000321626663,29.959,0,0,0
official,q1_official_prefetch_bench_20261008_02,0,warm,full,official,graph,30,1,10,24,18.432000651955605,29.894,0,0,0
official,q1_official_prefetch_bench_20261008_02,0,warm,full,official,graph,30,1,10,25,18.688000738620758,30.442,0,0,0
official,q1_official_prefetch_bench_20261008_02,0,warm,full,official,graph,30,1,10,26,18.33599992096424,29.955,0,0,0
official,q1_official_prefetch_bench_20261008_02,0,warm,full,official,graph,30,1,10,27,19.328000023961067,33.171,0,0,0
official,q1_official_prefetch_bench_20261008_02,0,warm,full,official,graph,30,1,10,28,18.400000408291817,30.35,0,0,0
official,q1_official_prefetch_bench_20261008_02,0,warm,full,official,graph,30,1,10,29,18.65600049495697,31.845,0,0,0
official,q1_official_prefetch_bench_20261008_02,1,zero,prepared,official,eager,30,1,10,0,83.93599838018417,105.902,3097,64,73728
official,q1_official_prefetch_bench_20261008_02,1,zero,prepared,official,eager,30,1,10,1,75.45600086450577,88.454,3097,64,73728
official,q1_official_prefetch_bench_20261008_02,1,zero,prepared,official,eager,30,1,10,2,73.98399710655212,86.147,3097,64,73728
official,q1_official_prefetch_bench_20261008_02,1,zero,prepared,official,eager,30,1,10,3,72.22399860620499,84.916,3097,64,73728
official,q1_official_prefetch_bench_20261008_02,1,zero,prepared,official,eager,30,1,10,4,81.85599744319916,94.164,3097,64,73728
official,q1_official_prefetch_bench_20261008_02,1,zero,prepared,official,eager,30,1,10,5,83.80799740552902,96.504,3097,64,73728
official,q1_official_prefetch_bench_20261008_02,1,zero,prepared,official,eager,30,1,10,6,82.59200304746628,95.054,3097,64,73728
official,q1_official_prefetch_bench_20261008_02,1,zero,prepared,official,eager,30,1,10,7,81.53600245714188,94.318,3097,64,73728
official,q1_official_prefetch_bench_20261008_02,1,zero,prepared,official,eager,30,1,10,8,74.5600014925003,86.712,3097,64,73728
official,q1_official_prefetch_bench_20261008_02,1,zero,prepared,official,eager,30,1,10,9,81.31200075149536,93.362,3097,64,73728
official,q1_official_prefetch_bench_20261008_02,1,zero,prepared,official,eager,30,1,10,10,82.5280025601387,94.468,3097,64,73728
official,q1_official_prefetch_bench_20261008_02,1,zero,prepared,official,eager,30,1,10,11,78.40000092983246,91.021,3097,64,73728
official,q1_official_prefetch_bench_20261008_02,1,zero,prepared,official,eager,30,1,10,12,77.56800204515457,89.593,3097,64,73728
official,q1_official_prefetch_bench_20261008_02,1,zero,prepared,official,eager,30,1,10,13,78.23999971151352,90.009,3097,64,73728
official,q1_official_prefetch_bench_20261008_02,1,zero,prepared,official,eager,30,1,10,14,80.6720033288002,92.821,3097,64,73728
official,q1_official_prefetch_bench_20261008_02,1,zero,prepared,official,eager,30,1,10,15,77.05599814653397,89.306,3097,64,73728
official,q1_official_prefetch_bench_20261008_02,1,zero,prepared,official,eager,30,1,10,16,77.7600035071373,89.958,3097,64,73728
official,q1_official_prefetch_bench_20261008_02,1,zero,prepared,official,eager,30,1,10,17,71.55200093984604,83.587,3097,64,73728
official,q1_official_prefetch_bench_20261008_02,1,zero,prepared,official,eager,30,1,10,18,76.80000364780426,89.211,3097,64,73728
official,q1_official_prefetch_bench_20261008_02,1,zero,prepared,official,eager,30,1,10,19,69.34399902820587,81.491,3097,64,73728
official,q1_official_prefetch_bench_20261008_02,1,zero,prepared,official,eager,30,1,10,20,76.4480009675026,88.408,3097,64,73728
official,q1_official_prefetch_bench_20261008_02,1,zero,prepared,official,eager,30,1,10,21,79.03999835252762,91.113,3097,64,73728
official,q1_official_prefetch_bench_20261008_02,1,zero,prepared,official,eager,30,1,10,22,81.40800148248672,93.437,3097,64,73728
official,q1_official_prefetch_bench_20261008_02,1,zero,prepared,official,eager,30,1,10,23,69.11999732255936,81.746,3097,64,73728
official,q1_official_prefetch_bench_20261008_02,1,zero,prepared,official,eager,30,1,10,24,81.82399719953537,94.48,3097,64,73728
official,q1_official_prefetch_bench_20261008_02,1,zero,prepared,official,eager,30,1,10,25,82.11199939250946,94.295,3097,64,73728
official,q1_official_prefetch_bench_20261008_02,1,zero,prepared,official,eager,30,1,10,26,71.19999825954437,83.34,3097,64,73728
official,q1_official_prefetch_bench_20261008_02,1,zero,prepared,official,eager,30,1,10,27,68.4799998998642,80.651,3097,64,73728
official,q1_official_prefetch_bench_20261008_02,1,zero,prepared,official,eager,30,1,10,28,69.98399645090103,81.932,3097,64,73728
official,q1_official_prefetch_bench_20261008_02,1,zero,prepared,official,eager,30,1,10,29,75.52000135183334,87.583,3097,64,73728
official,q1_official_prefetch_bench_20261008_02,1,zero,prepared,official,graph,30,1,10,0,35.711999982595444,53.419,3097,64,73728
official,q1_official_prefetch_bench_20261008_02,1,zero,prepared,official,graph,30,1,10,1,35.2960005402565,54.82,3097,64,73728
official,q1_official_prefetch_bench_20261008_02,1,zero,prepared,official,graph,30,1,10,2,35.711999982595444,47.96,3097,64,73728
official,q1_official_prefetch_bench_20261008_02,1,zero,prepared,official,graph,30,1,10,3,38.55999931693077,50.298,3097,64,73728
official,q1_official_prefetch_bench_20261008_02,1,zero,prepared,official,graph,30,1,10,4,38.14399987459183,58.38,3097,64,73728
official,q1_official_prefetch_bench_20261008_02,1,zero,prepared,official,graph,30,1,10,5,38.46399858593941,50.145,3097,64,73728
official,q1_official_prefetch_bench_20261008_02,1,zero,prepared,official,graph,30,1,10,6,37.18400001525879,49.053,3097,64,73728
official,q1_official_prefetch_bench_20261008_02,1,zero,prepared,official,graph,30,1,10,7,33.440001308918,45.443,3097,64,73728
official,q1_official_prefetch_bench_20261008_02,1,zero,prepared,official,graph,30,1,10,8,28.64000014960766,40.234,3097,64,73728
official,q1_official_prefetch_bench_20261008_02,1,zero,prepared,official,graph,30,1,10,9,38.46399858593941,50.175,3097,64,73728
official,q1_official_prefetch_bench_20261008_02,1,zero,prepared,official,graph,30,1,10,10,26.976000517606735,39.1,3097,64,73728
official,q1_official_prefetch_bench_20261008_02,1,zero,prepared,official,graph,30,1,10,11,28.28799933195114,40.045,3097,64,73728
official,q1_official_prefetch_bench_20261008_02,1,zero,prepared,official,graph,30,1,10,12,38.27200084924698,49.929,3097,64,73728
official,q1_official_prefetch_bench_20261008_02,1,zero,prepared,official,graph,30,1,10,13,28.48000079393387,40.043,3097,64,73728
official,q1_official_prefetch_bench_20261008_02,1,zero,prepared,official,graph,30,1,10,14,34.11199897527695,45.837,3097,64,73728
official,q1_official_prefetch_bench_20261008_02,1,zero,prepared,official,graph,30,1,10,15,33.40800106525421,45.554,3097,64,73728
official,q1_official_prefetch_bench_20261008_02,1,zero,prepared,official,graph,30,1,10,16,29.69600073993206,41.839,3097,64,73728
official,q1_official_prefetch_bench_20261008_02,1,zero,prepared,official,graph,30,1,10,17,27.83999964594841,40.141,3097,64,73728
official,q1_official_prefetch_bench_20261008_02,1,zero,prepared,official,graph,30,1,10,18,37.79200091958046,49.731,3097,64,73728
official,q1_official_prefetch_bench_20261008_02,1,zero,prepared,official,graph,30,1,10,19,37.63199970126152,49.227,3097,64,73728
official,q1_official_prefetch_bench_20261008_02,1,zero,prepared,official,graph,30,1,10,20,37.82400116324425,49.412,3097,64,73728
official,q1_official_prefetch_bench_20261008_02,1,zero,prepared,official,graph,30,1,10,21,39.39199820160866,51.055,3097,64,73728
official,q1_official_prefetch_bench_20261008_02,1,zero,prepared,official,graph,30,1,10,22,27.648000046610832,39.747,3097,64,73728
official,q1_official_prefetch_bench_20261008_02,1,zero,prepared,official,graph,30,1,10,23,38.68800029158592,50.358,3097,64,73728
official,q1_official_prefetch_bench_20261008_02,1,zero,prepared,official,graph,30,1,10,24,34.52799841761589,46.872,3097,64,73728
official,q1_official_prefetch_bench_20261008_02,1,zero,prepared,official,graph,30,1,10,25,27.744000777602196,39.391,3097,64,73728
official,q1_official_prefetch_bench_20261008_02,1,zero,prepared,official,graph,30,1,10,26,37.91999816894531,50.337,3097,64,73728
official,q1_official_prefetch_bench_20261008_02,1,zero,prepared,official,graph,30,1,10,27,28.672000393271446,40.339,3097,64,73728
official,q1_official_prefetch_bench_20261008_02,1,zero,prepared,official,graph,30,1,10,28,38.2080003619194,50.132,3097,64,73728
official,q1_official_prefetch_bench_20261008_02,1,zero,prepared,official,graph,30,1,10,29,37.63199970126152,49.406,3097,64,73728
official,q1_official_prefetch_bench_20261008_02,1,zero,full,official,eager,30,1,10,0,155.7759940624237,173.626,3097,64,73728
official,q1_official_prefetch_bench_20261008_02,1,zero,full,official,eager,30,1,10,1,155.93600273132324,169.593,3097,64,73728
official,q1_official_prefetch_bench_20261008_02,1,zero,full,official,eager,30,1,10,2,148.54399859905243,161.179,3097,64,73728
official,q1_official_prefetch_bench_20261008_02,1,zero,full,official,eager,30,1,10,3,144.41600441932678,157.487,3097,64,73728
official,q1_official_prefetch_bench_20261008_02,1,zero,full,official,eager,30,1,10,4,148.3200043439865,161.035,3097,64,73728
official,q1_official_prefetch_bench_20261008_02,1,zero,full,official,eager,30,1,10,5,145.91999351978302,158.399,3097,64,73728
official,q1_official_prefetch_bench_20261008_02,1,zero,full,official,eager,30,1,10,6,137.05599308013916,149.994,3097,64,73728
official,q1_official_prefetch_bench_20261008_02,1,zero,full,official,eager,30,1,10,7,144.9279934167862,157.429,3097,64,73728
official,q1_official_prefetch_bench_20261008_02,1,zero,full,official,eager,30,1,10,8,132.79999792575836,145.019,3097,64,73728
official,q1_official_prefetch_bench_20261008_02,1,zero,full,official,eager,30,1,10,9,143.74400675296783,156.183,3097,64,73728
official,q1_official_prefetch_bench_20261008_02,1,zero,full,official,eager,30,1,10,10,142.2400027513504,154.675,3097,64,73728
official,q1_official_prefetch_bench_20261008_02,1,zero,full,official,eager,30,1,10,11,136.83199882507324,149.129,3097,64,73728
official,q1_official_prefetch_bench_20261008_02,1,zero,full,official,eager,30,1,10,12,133.02400708198547,145.701,3097,64,73728
official,q1_official_prefetch_bench_20261008_02,1,zero,full,official,eager,30,1,10,13,145.1839953660965,157.543,3097,64,73728
official,q1_official_prefetch_bench_20261008_02,1,zero,full,official,eager,30,1,10,14,148.51200580596924,161.496,3097,64,73728
official,q1_official_prefetch_bench_20261008_02,1,zero,full,official,eager,30,1,10,15,141.95199310779572,154.599,3097,64,73728
official,q1_official_prefetch_bench_20261008_02,1,zero,full,official,eager,30,1,10,16,143.48800480365753,155.904,3097,64,73728
official,q1_official_prefetch_bench_20261008_02,1,zero,full,official,eager,30,1,10,17,145.60000598430634,157.928,3097,64,73728
official,q1_official_prefetch_bench_20261008_02,1,zero,full,official,eager,30,1,10,18,140.6719982624054,153.813,3097,64,73728
official,q1_official_prefetch_bench_20261008_02,1,zero,full,official,eager,30,1,10,19,140.79999923706055,153.259,3097,64,73728
official,q1_official_prefetch_bench_20261008_02,1,zero,full,official,eager,30,1,10,20,135.55200397968292,148.386,3097,64,73728
official,q1_official_prefetch_bench_20261008_02,1,zero,full,official,eager,30,1,10,21,134.783998131752,147.319,3097,64,73728
official,q1_official_prefetch_bench_20261008_02,1,zero,full,official,eager,30,1,10,22,144.03200149536133,157.168,3097,64,73728
official,q1_official_prefetch_bench_20261008_02,1,zero,full,official,eager,30,1,10,23,143.26399564743042,156.119,3097,64,73728
official,q1_official_prefetch_bench_20261008_02,1,zero,full,official,eager,30,1,10,24,139.96799290180206,152.626,3097,64,73728
official,q1_official_prefetch_bench_20261008_02,1,zero,full,official,eager,30,1,10,25,147.32800424098969,159.83,3097,64,73728
official,q1_official_prefetch_bench_20261008_02,1,zero,full,official,eager,30,1,10,26,137.66400516033173,150.206,3097,64,73728
official,q1_official_prefetch_bench_20261008_02,1,zero,full,official,eager,30,1,10,27,143.42400431632996,155.55,3097,64,73728
official,q1_official_prefetch_bench_20261008_02,1,zero,full,official,eager,30,1,10,28,139.42399621009827,151.767,3097,64,73728
official,q1_official_prefetch_bench_20261008_02,1,zero,full,official,eager,30,1,10,29,141.05600118637085,153.387,3097,64,73728
official,q1_official_prefetch_bench_20261008_02,1,zero,full,official,graph,30,1,10,0,52.38400027155876,70.748,3097,64,73728
official,q1_official_prefetch_bench_20261008_02,1,zero,full,official,graph,30,1,10,1,40.863998234272,60.428,3097,64,73728
official,q1_official_prefetch_bench_20261008_02,1,zero,full,official,graph,30,1,10,2,45.951999723911285,57.937,3097,64,73728
official,q1_official_prefetch_bench_20261008_02,1,zero,full,official,graph,30,1,10,3,44.704001396894455,56.677,3097,64,73728
official,q1_official_prefetch_bench_20261008_02,1,zero,full,official,graph,30,1,10,4,33.02399814128876,44.869,3097,64,73728
official,q1_official_prefetch_bench_20261008_02,1,zero,full,official,graph,30,1,10,5,39.5519994199276,51.181,3097,64,73728
official,q1_official_prefetch_bench_20261008_02,1,zero,full,official,graph,30,1,10,6,44.19200122356415,55.799,3097,64,73728
official,q1_official_prefetch_bench_20261008_02,1,zero,full,official,graph,30,1,10,7,44.38399896025658,56.14,3097,64,73728
official,q1_official_prefetch_bench_20261008_02,1,zero,full,official,graph,30,1,10,8,44.28799822926521,55.973,3097,64,73728
official,q1_official_prefetch_bench_20261008_02,1,zero,full,official,graph,30,1,10,9,40.70400074124336,52.538,3097,64,73728
official,q1_official_prefetch_bench_20261008_02,1,zero,full,official,graph,30,1,10,10,44.51199993491173,56.049,3097,64,73728
official,q1_official_prefetch_bench_20261008_02,1,zero,full,official,graph,30,1,10,11,33.376000821590424,44.871,3097,64,73728
official,q1_official_prefetch_bench_20261008_02,1,zero,full,official,graph,30,1,10,12,38.94399851560593,50.499,3097,64,73728
official,q1_official_prefetch_bench_20261008_02,1,zero,full,official,graph,30,1,10,13,44.863998889923096,56.267,3097,64,73728
official,q1_official_prefetch_bench_20261008_02,1,zero,full,official,graph,30,1,10,14,39.16800022125244,50.602,3097,64,73728
official,q1_official_prefetch_bench_20261008_02,1,zero,full,official,graph,30,1,10,15,39.03999924659729,50.943,3097,64,73728
official,q1_official_prefetch_bench_20261008_02,1,zero,full,official,graph,30,1,10,16,44.16000097990036,55.792,3097,64,73728
official,q1_official_prefetch_bench_20261008_02,1,zero,full,official,graph,30,1,10,17,33.31200033426285,44.99,3097,64,73728
official,q1_official_prefetch_bench_20261008_02,1,zero,full,official,graph,30,1,10,18,43.83999854326248,55.343,3097,64,73728
official,q1_official_prefetch_bench_20261008_02,1,zero,full,official,graph,30,1,10,19,44.19200122356415,55.788,3097,64,73728
official,q1_official_prefetch_bench_20261008_02,1,zero,full,official,graph,30,1,10,20,40.28800129890442,51.998,3097,64,73728
official,q1_official_prefetch_bench_20261008_02,1,zero,full,official,graph,30,1,10,21,44.544000178575516,56.397,3097,64,73728
official,q1_official_prefetch_bench_20261008_02,1,zero,full,official,graph,30,1,10,22,44.415999203920364,56.435,3097,64,73728
official,q1_official_prefetch_bench_20261008_02,1,zero,full,official,graph,30,1,10,23,43.71200129389763,55.451,3097,64,73728
official,q1_official_prefetch_bench_20261008_02,1,zero,full,official,graph,30,1,10,24,43.87199878692627,55.411,3097,64,73728
official,q1_official_prefetch_bench_20261008_02,1,zero,full,official,graph,30,1,10,25,33.663999289274216,45.484,3097,64,73728
official,q1_official_prefetch_bench_20261008_02,1,zero,full,official,graph,30,1,10,26,39.16800022125244,50.858,3097,64,73728
official,q1_official_prefetch_bench_20261008_02,1,zero,full,official,graph,30,1,10,27,40.352001786231995,51.923,3097,64,73728
official,q1_official_prefetch_bench_20261008_02,1,zero,full,official,graph,30,1,10,28,39.07199949026108,50.558,3097,64,73728
official,q1_official_prefetch_bench_20261008_02,1,zero,full,official,graph,30,1,10,29,33.24799984693527,44.889,3097,64,73728
official,q1_official_prefetch_bench_20261008_02,1,warm,prepared,official,eager,30,1,10,0,68.51200014352798,84.737,0,0,0
official,q1_official_prefetch_bench_20261008_02,1,warm,prepared,official,eager,30,1,10,1,62.72000074386597,75.225,0,0,0
official,q1_official_prefetch_bench_20261008_02,1,warm,prepared,official,eager,30,1,10,2,62.431998550891876,74.526,0,0,0
official,q1_official_prefetch_bench_20261008_02,1,warm,prepared,official,eager,30,1,10,3,59.93599817156792,71.979,0,0,0
official,q1_official_prefetch_bench_20261008_02,1,warm,prepared,official,eager,30,1,10,4,60.67200005054474,73.158,0,0,0
official,q1_official_prefetch_bench_20261008_02,1,warm,prepared,official,eager,30,1,10,5,61.3120011985302,73.648,0,0,0
official,q1_official_prefetch_bench_20261008_02,1,warm,prepared,official,eager,30,1,10,6,60.06399914622307,71.954,0,0,0
official,q1_official_prefetch_bench_20261008_02,1,warm,prepared,official,eager,30,1,10,7,60.864001512527466,72.811,0,0,0
official,q1_official_prefetch_bench_20261008_02,1,warm,prepared,official,eager,30,1,10,8,59.13599953055382,71.509,0,0,0
official,q1_official_prefetch_bench_20261008_02,1,warm,prepared,official,eager,30,1,10,9,59.07199904322624,71.439,0,0,0
official,q1_official_prefetch_bench_20261008_02,1,warm,prepared,official,eager,30,1,10,10,64.35199826955795,76.588,0,0,0
official,q1_official_prefetch_bench_20261008_02,1,warm,prepared,official,eager,30,1,10,11,58.111999183893204,70.158,0,0,0
official,q1_official_prefetch_bench_20261008_02,1,warm,prepared,official,eager,30,1,10,12,58.6559996008873,70.575,0,0,0
official,q1_official_prefetch_bench_20261008_02,1,warm,prepared,official,eager,30,1,10,13,58.720000088214874,70.876,0,0,0
official,q1_official_prefetch_bench_20261008_02,1,warm,prepared,official,eager,30,1,10,14,57.95200169086456,69.858,0,0,0
official,q1_official_prefetch_bench_20261008_02,1,warm,prepared,official,eager,30,1,10,15,57.18399956822395,69.344,0,0,0
official,q1_official_prefetch_bench_20261008_02,1,warm,prepared,official,eager,30,1,10,16,57.82400071620941,69.804,0,0,0
official,q1_official_prefetch_bench_20261008_02,1,warm,prepared,official,eager,30,1,10,17,59.10399928689003,71.056,0,0,0
official,q1_official_prefetch_bench_20261008_02,1,warm,prepared,official,eager,30,1,10,18,58.43200162053108,70.284,0,0,0
official,q1_official_prefetch_bench_20261008_02,1,warm,prepared,official,eager,30,1,10,19,60.03199890255928,74.549,0,0,0
official,q1_official_prefetch_bench_20261008_02,1,warm,prepared,official,eager,30,1,10,20,57.920001447200775,69.816,0,0,0
official,q1_official_prefetch_bench_20261008_02,1,warm,prepared,official,eager,30,1,10,21,57.98399820923805,69.984,0,0,0
official,q1_official_prefetch_bench_20261008_02,1,warm,prepared,official,eager,30,1,10,22,58.59199911355972,70.583,0,0,0
official,q1_official_prefetch_bench_20261008_02,1,warm,prepared,official,eager,30,1,10,23,57.631999254226685,69.482,0,0,0
official,q1_official_prefetch_bench_20261008_02,1,warm,prepared,official,eager,30,1,10,24,57.023998349905014,69.267,0,0,0
official,q1_official_prefetch_bench_20261008_02,1,warm,prepared,official,eager,30,1,10,25,57.151999324560165,69.66,0,0,0
official,q1_official_prefetch_bench_20261008_02,1,warm,prepared,official,eager,30,1,10,26,58.88000130653381,70.901,0,0,0
official,q1_official_prefetch_bench_20261008_02,1,warm,prepared,official,eager,30,1,10,27,57.88800120353699,69.825,0,0,0
official,q1_official_prefetch_bench_20261008_02,1,warm,prepared,official,eager,30,1,10,28,58.46399813890457,70.296,0,0,0
official,q1_official_prefetch_bench_20261008_02,1,warm,prepared,official,eager,30,1,10,29,58.079998940229416,70.169,0,0,0
official,q1_official_prefetch_bench_20261008_02,1,warm,prepared,official,graph,30,1,10,0,19.840000197291374,37.279,0,0,0
official,q1_official_prefetch_bench_20261008_02,1,warm,prepared,official,graph,30,1,10,1,19.807999953627586,38.39,0,0,0
official,q1_official_prefetch_bench_20261008_02,1,warm,prepared,official,graph,30,1,10,2,14.208000153303146,26.576,0,0,0
official,q1_official_prefetch_bench_20261008_02,1,warm,prepared,official,graph,30,1,10,3,12.896000407636166,24.657,0,0,0
official,q1_official_prefetch_bench_20261008_02,1,warm,prepared,official,graph,30,1,10,4,12.799999676644802,24.737,0,0,0
official,q1_official_prefetch_bench_20261008_02,1,warm,prepared,official,graph,30,1,10,5,12.927999719977379,25.1,0,0,0
official,q1_official_prefetch_bench_20261008_02,1,warm,prepared,official,graph,30,1,10,6,12.864000163972378,25.321,0,0,0
official,q1_official_prefetch_bench_20261008_02,1,warm,prepared,official,graph,30,1,10,7,12.512000277638435,24.361,0,0,0
official,q1_official_prefetch_bench_20261008_02,1,warm,prepared,official,graph,30,1,10,8,12.864000163972378,24.639,0,0,0
official,q1_official_prefetch_bench_20261008_02,1,warm,prepared,official,graph,30,1,10,9,12.927999719977379,24.855,0,0,0
official,q1_official_prefetch_bench_20261008_02,1,warm,prepared,official,graph,30,1,10,10,12.608000077307224,24.706,0,0,0
official,q1_official_prefetch_bench_20261008_02,1,warm,prepared,official,graph,30,1,10,11,12.992000207304955,24.56,0,0,0
official,q1_official_prefetch_bench_20261008_02,1,warm,prepared,official,graph,30,1,10,12,12.575999833643436,24.294,0,0,0
official,q1_official_prefetch_bench_20261008_02,1,warm,prepared,official,graph,30,1,10,13,12.608000077307224,24.286,0,0,0
official,q1_official_prefetch_bench_20261008_02,1,warm,prepared,official,graph,30,1,10,14,12.736000120639801,25.0,0,0,0
official,q1_official_prefetch_bench_20261008_02,1,warm,prepared,official,graph,30,1,10,15,12.768000364303589,24.569,0,0,0
official,q1_official_prefetch_bench_20261008_02,1,warm,prepared,official,graph,30,1,10,16,12.608000077307224,24.301,0,0,0
official,q1_official_prefetch_bench_20261008_02,1,warm,prepared,official,graph,30,1,10,17,12.864000163972378,24.605,0,0,0
official,q1_official_prefetch_bench_20261008_02,1,warm,prepared,official,graph,30,1,10,18,12.671999633312225,24.499,0,0,0
official,q1_official_prefetch_bench_20261008_02,1,warm,prepared,official,graph,30,1,10,19,12.640000320971012,24.28,0,0,0
official,q1_official_prefetch_bench_20261008_02,1,warm,prepared,official,graph,30,1,10,20,13.728000223636627,32.229,0,0,0
official,q1_official_prefetch_bench_20261008_02,1,warm,prepared,official,graph,30,1,10,21,12.83199992030859,24.683,0,0,0
official,q1_official_prefetch_bench_20261008_02,1,warm,prepared,official,graph,30,1,10,22,12.83199992030859,24.656,0,0,0
official,q1_official_prefetch_bench_20261008_02,1,warm,prepared,official,graph,30,1,10,23,12.640000320971012,24.682,0,0,0
official,q1_official_prefetch_bench_20261008_02,1,warm,prepared,official,graph,30,1,10,24,12.640000320971012,24.402,0,0,0
official,q1_official_prefetch_bench_20261008_02,1,warm,prepared,official,graph,30,1,10,25,12.256000190973282,24.329,0,0,0
official,q1_official_prefetch_bench_20261008_02,1,warm,prepared,official,graph,30,1,10,26,12.640000320971012,24.223,0,0,0
official,q1_official_prefetch_bench_20261008_02,1,warm,prepared,official,graph,30,1,10,27,12.28800043463707,24.251,0,0,0
official,q1_official_prefetch_bench_20261008_02,1,warm,prepared,official,graph,30,1,10,28,12.703999876976013,24.438,0,0,0
official,q1_official_prefetch_bench_20261008_02,1,warm,prepared,official,graph,30,1,10,29,12.799999676644802,24.383,0,0,0
official,q1_official_prefetch_bench_20261008_02,1,warm,full,official,eager,30,1,10,0,137.92000710964203,155.843,0,0,0
official,q1_official_prefetch_bench_20261008_02,1,warm,full,official,eager,30,1,10,1,126.46399438381195,139.331,0,0,0
official,q1_official_prefetch_bench_20261008_02,1,warm,full,official,eager,30,1,10,2,124.25599992275238,136.662,0,0,0
official,q1_official_prefetch_bench_20261008_02,1,warm,full,official,eager,30,1,10,3,130.20800054073334,143.108,0,0,0
official,q1_official_prefetch_bench_20261008_02,1,warm,full,official,eager,30,1,10,4,125.50400197505951,137.891,0,0,0
official,q1_official_prefetch_bench_20261008_02,1,warm,full,official,eager,30,1,10,5,125.59999525547028,138.143,0,0,0
official,q1_official_prefetch_bench_20261008_02,1,warm,full,official,eager,30,1,10,6,124.83199685811996,137.096,0,0,0
official,q1_official_prefetch_bench_20261008_02,1,warm,full,official,eager,30,1,10,7,125.44000148773193,137.955,0,0,0
official,q1_official_prefetch_bench_20261008_02,1,warm,full,official,eager,30,1,10,8,126.46399438381195,138.974,0,0,0
official,q1_official_prefetch_bench_20261008_02,1,warm,full,official,eager,30,1,10,9,126.91199779510498,139.702,0,0,0
official,q1_official_prefetch_bench_20261008_02,1,warm,full,official,eager,30,1,10,10,127.16799974441528,139.735,0,0,0
official,q1_official_prefetch_bench_20261008_02,1,warm,full,official,eager,30,1,10,11,121.69600278139114,133.943,0,0,0
official,q1_official_prefetch_bench_20261008_02,1,warm,full,official,eager,30,1,10,12,122.84799665212631,135.12,0,0,0
official,q1_official_prefetch_bench_20261008_02,1,warm,full,official,eager,30,1,10,13,121.21599912643433,133.479,0,0,0
official,q1_official_prefetch_bench_20261008_02,1,warm,full,official,eager,30,1,10,14,125.98399817943573,138.969,0,0,0
official,q1_official_prefetch_bench_20261008_02,1,warm,full,official,eager,30,1,10,15,121.91999703645706,134.516,0,0,0
official,q1_official_prefetch_bench_20261008_02,1,warm,full,official,eager,30,1,10,16,121.50400131940842,133.984,0,0,0
official,q1_official_prefetch_bench_20261008_02,1,warm,full,official,eager,30,1,10,17,121.18399888277054,133.502,0,0,0
official,q1_official_prefetch_bench_20261008_02,1,warm,full,official,eager,30,1,10,18,120.83200365304947,133.485,0,0,0
official,q1_official_prefetch_bench_20261008_02,1,warm,full,official,eager,30,1,10,19,123.74400347471237,136.629,0,0,0
official,q1_official_prefetch_bench_20261008_02,1,warm,full,official,eager,30,1,10,20,121.69600278139114,137.806,0,0,0
official,q1_official_prefetch_bench_20261008_02,1,warm,full,official,eager,30,1,10,21,120.67200243473053,132.968,0,0,0
official,q1_official_prefetch_bench_20261008_02,1,warm,full,official,eager,30,1,10,22,121.60000205039978,133.994,0,0,0
official,q1_official_prefetch_bench_20261008_02,1,warm,full,official,eager,30,1,10,23,119.52000111341476,132.114,0,0,0
official,q1_official_prefetch_bench_20261008_02,1,warm,full,official,eager,30,1,10,24,123.71200323104858,136.412,0,0,0
official,q1_official_prefetch_bench_20261008_02,1,warm,full,official,eager,30,1,10,25,132.22399353981018,144.729,0,0,0
official,q1_official_prefetch_bench_20261008_02,1,warm,full,official,eager,30,1,10,26,123.36000055074692,135.912,0,0,0
official,q1_official_prefetch_bench_20261008_02,1,warm,full,official,eager,30,1,10,27,122.11199849843979,134.585,0,0,0
official,q1_official_prefetch_bench_20261008_02,1,warm,full,official,eager,30,1,10,28,120.89599668979645,133.274,0,0,0
official,q1_official_prefetch_bench_20261008_02,1,warm,full,official,eager,30,1,10,29,123.00799787044525,135.331,0,0,0
official,q1_official_prefetch_bench_20261008_02,1,warm,full,official,graph,30,1,10,0,26.91200003027916,44.627,0,0,0
official,q1_official_prefetch_bench_20261008_02,1,warm,full,official,graph,30,1,10,1,25.82399919629097,45.334,0,0,0
official,q1_official_prefetch_bench_20261008_02,1,warm,full,official,graph,30,1,10,2,19.61600035429001,31.463,0,0,0
official,q1_official_prefetch_bench_20261008_02,1,warm,full,official,graph,30,1,10,3,19.007999449968338,31.467,0,0,0
official,q1_official_prefetch_bench_20261008_02,1,warm,full,official,graph,30,1,10,4,18.81599985063076,30.786,0,0,0
official,q1_official_prefetch_bench_20261008_02,1,warm,full,official,graph,30,1,10,5,18.65600049495697,30.978,0,0,0
official,q1_official_prefetch_bench_20261008_02,1,warm,full,official,graph,30,1,10,6,18.880000337958336,30.912,0,0,0
official,q1_official_prefetch_bench_20261008_02,1,warm,full,official,graph,30,1,10,7,18.81599985063076,30.847,0,0,0
official,q1_official_prefetch_bench_20261008_02,1,warm,full,official,graph,30,1,10,8,18.880000337958336,30.647,0,0,0
official,q1_official_prefetch_bench_20261008_02,1,warm,full,official,graph,30,1,10,9,18.624000251293182,30.413,0,0,0
official,q1_official_prefetch_bench_20261008_02,1,warm,full,official,graph,30,1,10,10,18.303999677300453,30.087,0,0,0
official,q1_official_prefetch_bench_20261008_02,1,warm,full,official,graph,30,1,10,11,18.464000895619392,30.475,0,0,0
official,q1_official_prefetch_bench_20261008_02,1,warm,full,official,graph,30,1,10,12,18.52799952030182,30.027,0,0,0
official,q1_official_prefetch_bench_20261008_02,1,warm,full,official,graph,30,1,10,13,18.49599927663803,30.04,0,0,0
official,q1_official_prefetch_bench_20261008_02,1,warm,full,official,graph,30,1,10,14,18.751999363303185,30.212,0,0,0
official,q1_official_prefetch_bench_20261008_02,1,warm,full,official,graph,30,1,10,15,18.464000895619392,30.328,0,0,0
official,q1_official_prefetch_bench_20261008_02,1,warm,full,official,graph,30,1,10,16,18.49599927663803,30.289,0,0,0
official,q1_official_prefetch_bench_20261008_02,1,warm,full,official,graph,30,1,10,17,18.912000581622124,30.611,0,0,0
official,q1_official_prefetch_bench_20261008_02,1,warm,full,official,graph,30,1,10,18,18.52799952030182,29.764,0,0,0
official,q1_official_prefetch_bench_20261008_02,1,warm,full,official,graph,30,1,10,19,18.719999119639397,30.779,0,0,0
official,q1_official_prefetch_bench_20261008_02,1,warm,full,official,graph,30,1,10,20,18.848000094294548,30.015,0,0,0
official,q1_official_prefetch_bench_20261008_02,1,warm,full,official,graph,30,1,10,21,18.559999763965607,30.786,0,0,0
official,q1_official_prefetch_bench_20261008_02,1,warm,full,official,graph,30,1,10,22,19.168000668287277,31.06,0,0,0
official,q1_official_prefetch_bench_20261008_02,1,warm,full,official,graph,30,1,10,23,18.81599985063076,30.6,0,0,0
official,q1_official_prefetch_bench_20261008_02,1,warm,full,official,graph,30,1,10,24,18.688000738620758,30.176,0,0,0
official,q1_official_prefetch_bench_20261008_02,1,warm,full,official,graph,30,1,10,25,18.65600049495697,30.159,0,0,0
official,q1_official_prefetch_bench_20261008_02,1,warm,full,official,graph,30,1,10,26,18.559999763965607,29.876,0,0,0
official,q1_official_prefetch_bench_20261008_02,1,warm,full,official,graph,30,1,10,27,18.624000251293182,30.13,0,0,0
official,q1_official_prefetch_bench_20261008_02,1,warm,full,official,graph,30,1,10,28,18.65600049495697,30.278,0,0,0
official,q1_official_prefetch_bench_20261008_02,1,warm,full,official,graph,30,1,10,29,18.400000408291817,30.04,0,0,0
official,q1_official_prefetch_bench_20261008_02,2,zero,prepared,official,eager,30,1,10,0,97.50399738550186,115.728,33464,64,73728
official,q1_official_prefetch_bench_20261008_02,2,zero,prepared,official,eager,30,1,10,1,95.51999717950821,108.229,33464,64,73728
official,q1_official_prefetch_bench_20261008_02,2,zero,prepared,official,eager,30,1,10,2,95.36000341176987,107.659,33464,64,73728
official,q1_official_prefetch_bench_20261008_02,2,zero,prepared,official,eager,30,1,10,3,94.27200257778168,106.291,33464,64,73728
official,q1_official_prefetch_bench_20261008_02,2,zero,prepared,official,eager,30,1,10,4,93.63199770450592,106.058,33464,64,73728
official,q1_official_prefetch_bench_20261008_02,2,zero,prepared,official,eager,30,1,10,5,94.81599926948547,107.648,33464,64,73728
official,q1_official_prefetch_bench_20261008_02,2,zero,prepared,official,eager,30,1,10,6,100.0640019774437,112.089,33464,64,73728
official,q1_official_prefetch_bench_20261008_02,2,zero,prepared,official,eager,30,1,10,7,95.36000341176987,107.567,33464,64,73728
official,q1_official_prefetch_bench_20261008_02,2,zero,prepared,official,eager,30,1,10,8,92.99200028181076,105.02,33464,64,73728
official,q1_official_prefetch_bench_20261008_02,2,zero,prepared,official,eager,30,1,10,9,92.83199906349182,104.867,33464,64,73728
official,q1_official_prefetch_bench_20261008_02,2,zero,prepared,official,eager,30,1,10,10,93.18400174379349,105.26,33464,64,73728
official,q1_official_prefetch_bench_20261008_02,2,zero,prepared,official,eager,30,1,10,11,93.40800344944,105.611,33464,64,73728
official,q1_official_prefetch_bench_20261008_02,2,zero,prepared,official,eager,30,1,10,12,92.83199906349182,105.173,33464,64,73728
official,q1_official_prefetch_bench_20261008_02,2,zero,prepared,official,eager,30,1,10,13,98.2080027461052,110.105,33464,64,73728
official,q1_official_prefetch_bench_20261008_02,2,zero,prepared,official,eager,30,1,10,14,93.50399672985077,105.762,33464,64,73728
official,q1_official_prefetch_bench_20261008_02,2,zero,prepared,official,eager,30,1,10,15,91.61599725484848,103.814,33464,64,73728
official,q1_official_prefetch_bench_20261008_02,2,zero,prepared,official,eager,30,1,10,16,92.54399687051773,104.647,33464,64,73728
official,q1_official_prefetch_bench_20261008_02,2,zero,prepared,official,eager,30,1,10,17,92.86399930715561,105.263,33464,64,73728
official,q1_official_prefetch_bench_20261008_02,2,zero,prepared,official,eager,30,1,10,18,92.22400188446045,104.751,33464,64,73728
official,q1_official_prefetch_bench_20261008_02,2,zero,prepared,official,eager,30,1,10,19,91.48799628019333,103.512,33464,64,73728
official,q1_official_prefetch_bench_20261008_02,2,zero,prepared,official,eager,30,1,10,20,94.01600062847137,109.38,33464,64,73728
official,q1_official_prefetch_bench_20261008_02,2,zero,prepared,official,eager,30,1,10,21,92.83199906349182,104.944,33464,64,73728
official,q1_official_prefetch_bench_20261008_02,2,zero,prepared,official,eager,30,1,10,22,93.6959981918335,105.792,33464,64,73728
official,q1_official_prefetch_bench_20261008_02,2,zero,prepared,official,eager,30,1,10,23,92.12800115346909,104.553,33464,64,73728
official,q1_official_prefetch_bench_20261008_02,2,zero,prepared,official,eager,30,1,10,24,93.12000125646591,105.408,33464,64,73728
official,q1_official_prefetch_bench_20261008_02,2,zero,prepared,official,eager,30,1,10,25,93.02400052547455,105.182,33464,64,73728
official,q1_official_prefetch_bench_20261008_02,2,zero,prepared,official,eager,30,1,10,26,91.74399822950363,103.966,33464,64,73728
official,q1_official_prefetch_bench_20261008_02,2,zero,prepared,official,eager,30,1,10,27,93.05600076913834,105.588,33464,64,73728
official,q1_official_prefetch_bench_20261008_02,2,zero,prepared,official,eager,30,1,10,28,92.03200042247772,104.17,33464,64,73728
official,q1_official_prefetch_bench_20261008_02,2,zero,prepared,official,eager,30,1,10,29,92.76799857616425,104.841,33464,64,73728
official,q1_official_prefetch_bench_20261008_02,2,zero,prepared,official,graph,30,1,10,0,58.94400179386139,76.611,33464,64,73728
official,q1_official_prefetch_bench_20261008_02,2,zero,prepared,official,graph,30,1,10,1,58.62399935722351,77.924,33464,64,73728
official,q1_official_prefetch_bench_20261008_02,2,zero,prepared,official,graph,30,1,10,2,51.4880008995533,63.398,33464,64,73728
official,q1_official_prefetch_bench_20261008_02,2,zero,prepared,official,graph,30,1,10,3,50.464000552892685,61.978,33464,64,73728
official,q1_official_prefetch_bench_20261008_02,2,zero,prepared,official,graph,30,1,10,4,50.81599950790405,63.138,33464,64,73728
official,q1_official_prefetch_bench_20261008_02,2,zero,prepared,official,graph,30,1,10,5,50.84799975156784,62.895,33464,64,73728
official,q1_official_prefetch_bench_20261008_02,2,zero,prepared,official,graph,30,1,10,6,50.592001527547836,62.261,33464,64,73728
official,q1_official_prefetch_bench_20261008_02,2,zero,prepared,official,graph,30,1,10,7,51.13599821925163,62.746,33464,64,73728
official,q1_official_prefetch_bench_20261008_02,2,zero,prepared,official,graph,30,1,10,8,50.335999578237534,62.369,33464,64,73728
official,q1_official_prefetch_bench_20261008_02,2,zero,prepared,official,graph,30,1,10,9,49.984000623226166,62.172,33464,64,73728
official,q1_official_prefetch_bench_20261008_02,2,zero,prepared,official,graph,30,1,10,10,50.464000552892685,62.219,33464,64,73728
official,q1_official_prefetch_bench_20261008_02,2,zero,prepared,official,graph,30,1,10,11,50.04800111055374,61.536,33464,64,73728
official,q1_official_prefetch_bench_20261008_02,2,zero,prepared,official,graph,30,1,10,12,51.04000121355057,63.221,33464,64,73728
official,q1_official_prefetch_bench_20261008_02,2,zero,prepared,official,graph,30,1,10,13,50.84799975156784,62.569,33464,64,73728
official,q1_official_prefetch_bench_20261008_02,2,zero,prepared,official,graph,30,1,10,14,50.04800111055374,61.756,33464,64,73728
official,q1_official_prefetch_bench_20261008_02,2,zero,prepared,official,graph,30,1,10,15,49.79199916124344,61.679,33464,64,73728
official,q1_official_prefetch_bench_20261008_02,2,zero,prepared,official,graph,30,1,10,16,49.215998500585556,61.374,33464,64,73728
official,q1_official_prefetch_bench_20261008_02,2,zero,prepared,official,graph,30,1,10,17,51.072001457214355,62.913,33464,64,73728
official,q1_official_prefetch_bench_20261008_02,2,zero,prepared,official,graph,30,1,10,18,50.49600079655647,62.177,33464,64,73728
official,q1_official_prefetch_bench_20261008_02,2,zero,prepared,official,graph,30,1,10,19,50.65599828958511,62.383,33464,64,73728
official,q1_official_prefetch_bench_20261008_02,2,zero,prepared,official,graph,30,1,10,20,49.34399947524071,61.018,33464,64,73728
official,q1_official_prefetch_bench_20261008_02,2,zero,prepared,official,graph,30,1,10,21,49.92000013589859,62.061,33464,64,73728
official,q1_official_prefetch_bench_20261008_02,2,zero,prepared,official,graph,30,1,10,22,50.4320003092289,62.275,33464,64,73728
official,q1_official_prefetch_bench_20261008_02,2,zero,prepared,official,graph,30,1,10,23,50.464000552892685,62.14,33464,64,73728
official,q1_official_prefetch_bench_20261008_02,2,zero,prepared,official,graph,30,1,10,24,50.11200159788132,62.307,33464,64,73728
official,q1_official_prefetch_bench_20261008_02,2,zero,prepared,official,graph,30,1,10,25,51.19999870657921,62.871,33464,64,73728
official,q1_official_prefetch_bench_20261008_02,2,zero,prepared,official,graph,30,1,10,26,50.20799860358238,62.094,33464,64,73728
official,q1_official_prefetch_bench_20261008_02,2,zero,prepared,official,graph,30,1,10,27,50.783999264240265,62.283,33464,64,73728
official,q1_official_prefetch_bench_20261008_02,2,zero,prepared,official,graph,30,1,10,28,50.016000866889954,61.648,33464,64,73728
official,q1_official_prefetch_bench_20261008_02,2,zero,prepared,official,graph,30,1,10,29,50.81599950790405,63.237,33464,64,73728
official,q1_official_prefetch_bench_20261008_02,2,zero,full,official,eager,30,1,10,0,171.55200242996216,189.079,33464,64,73728
official,q1_official_prefetch_bench_20261008_02,2,zero,full,official,eager,30,1,10,1,160.70400178432465,173.671,33464,64,73728
official,q1_official_prefetch_bench_20261008_02,2,zero,full,official,eager,30,1,10,2,158.59200060367584,171.638,33464,64,73728
official,q1_official_prefetch_bench_20261008_02,2,zero,full,official,eager,30,1,10,3,155.39200603961945,168.131,33464,64,73728
official,q1_official_prefetch_bench_20261008_02,2,zero,full,official,eager,30,1,10,4,154.91199493408203,167.641,33464,64,73728
official,q1_official_prefetch_bench_20261008_02,2,zero,full,official,eager,30,1,10,5,161.76000237464905,174.507,33464,64,73728
official,q1_official_prefetch_bench_20261008_02,2,zero,full,official,eager,30,1,10,6,154.23999726772308,166.526,33464,64,73728
official,q1_official_prefetch_bench_20261008_02,2,zero,full,official,eager,30,1,10,7,154.52800691127777,166.809,33464,64,73728
official,q1_official_prefetch_bench_20261008_02,2,zero,full,official,eager,30,1,10,8,153.6960005760193,166.274,33464,64,73728
official,q1_official_prefetch_bench_20261008_02,2,zero,full,official,eager,30,1,10,9,158.4320068359375,170.643,33464,64,73728
official,q1_official_prefetch_bench_20261008_02,2,zero,full,official,eager,30,1,10,10,156.38400614261627,168.849,33464,64,73728
official,q1_official_prefetch_bench_20261008_02,2,zero,full,official,eager,30,1,10,11,155.2319973707199,167.482,33464,64,73728
official,q1_official_prefetch_bench_20261008_02,2,zero,full,official,eager,30,1,10,12,152.79999375343323,165.482,33464,64,73728
official,q1_official_prefetch_bench_20261008_02,2,zero,full,official,eager,30,1,10,13,153.43999862670898,165.72,33464,64,73728
official,q1_official_prefetch_bench_20261008_02,2,zero,full,official,eager,30,1,10,14,155.5200070142746,168.033,33464,64,73728
official,q1_official_prefetch_bench_20261008_02,2,zero,full,official,eager,30,1,10,15,157.9200029373169,170.431,33464,64,73728
official,q1_official_prefetch_bench_20261008_02,2,zero,full,official,eager,30,1,10,16,154.9759954214096,167.5,33464,64,73728
official,q1_official_prefetch_bench_20261008_02,2,zero,full,official,eager,30,1,10,17,152.92799472808838,165.044,33464,64,73728
official,q1_official_prefetch_bench_20261008_02,2,zero,full,official,eager,30,1,10,18,153.6960005760193,166.651,33464,64,73728
official,q1_official_prefetch_bench_20261008_02,2,zero,full,official,eager,30,1,10,19,162.59199380874634,175.349,33464,64,73728
official,q1_official_prefetch_bench_20261008_02,2,zero,full,official,eager,30,1,10,20,156.6080003976822,169.099,33464,64,73728
official,q1_official_prefetch_bench_20261008_02,2,zero,full,official,eager,30,1,10,21,155.35999834537506,167.489,33464,64,73728
official,q1_official_prefetch_bench_20261008_02,2,zero,full,official,eager,30,1,10,22,156.8319946527481,168.966,33464,64,73728
official,q1_official_prefetch_bench_20261008_02,2,zero,full,official,eager,30,1,10,23,156.00000321865082,168.53,33464,64,73728
official,q1_official_prefetch_bench_20261008_02,2,zero,full,official,eager,30,1,10,24,161.5999937057495,174.328,33464,64,73728
official,q1_official_prefetch_bench_20261008_02,2,zero,full,official,eager,30,1,10,25,155.29599785804749,167.734,33464,64,73728
official,q1_official_prefetch_bench_20261008_02,2,zero,full,official,eager,30,1,10,26,154.7520011663437,167.287,33464,64,73728
official,q1_official_prefetch_bench_20261008_02,2,zero,full,official,eager,30,1,10,27,155.64799308776855,167.897,33464,64,73728
official,q1_official_prefetch_bench_20261008_02,2,zero,full,official,eager,30,1,10,28,155.35999834537506,171.125,33464,64,73728
official,q1_official_prefetch_bench_20261008_02,2,zero,full,official,eager,30,1,10,29,155.5519998073578,167.805,33464,64,73728
official,q1_official_prefetch_bench_20261008_02,2,zero,full,official,graph,30,1,10,0,64.7360011935234,81.992,33464,64,73728
official,q1_official_prefetch_bench_20261008_02,2,zero,full,official,graph,30,1,10,1,64.60800021886826,84.274,33464,64,73728
official,q1_official_prefetch_bench_20261008_02,2,zero,full,official,graph,30,1,10,2,57.56799876689911,69.453,33464,64,73728
official,q1_official_prefetch_bench_20261008_02,2,zero,full,official,graph,30,1,10,3,57.28000029921532,68.914,33464,64,73728
official,q1_official_prefetch_bench_20261008_02,2,zero,full,official,graph,30,1,10,4,56.832000613212585,68.37,33464,64,73728
official,q1_official_prefetch_bench_20261008_02,2,zero,full,official,graph,30,1,10,5,56.89600110054016,68.727,33464,64,73728
official,q1_official_prefetch_bench_20261008_02,2,zero,full,official,graph,30,1,10,6,56.384000927209854,75.212,33464,64,73728
official,q1_official_prefetch_bench_20261008_02,2,zero,full,official,graph,30,1,10,7,56.543998420238495,68.243,33464,64,73728
official,q1_official_prefetch_bench_20261008_02,2,zero,full,official,graph,30,1,10,8,56.57599866390228,68.308,33464,64,73728
official,q1_official_prefetch_bench_20261008_02,2,zero,full,official,graph,30,1,10,9,56.19199946522713,68.18,33464,64,73728
official,q1_official_prefetch_bench_20261008_02,2,zero,full,official,graph,30,1,10,10,55.424001067876816,67.293,33464,64,73728
official,q1_official_prefetch_bench_20261008_02,2,zero,full,official,graph,30,1,10,11,56.86400085687637,68.568,33464,64,73728
official,q1_official_prefetch_bench_20261008_02,2,zero,full,official,graph,30,1,10,12,56.51199817657471,68.275,33464,64,73728
official,q1_official_prefetch_bench_20261008_02,2,zero,full,official,graph,30,1,10,13,56.543998420238495,68.26,33464,64,73728
official,q1_official_prefetch_bench_20261008_02,2,zero,full,official,graph,30,1,10,14,56.41600117087364,68.021,33464,64,73728
official,q1_official_prefetch_bench_20261008_02,2,zero,full,official,graph,30,1,10,15,56.19199946522713,68.059,33464,64,73728
official,q1_official_prefetch_bench_20261008_02,2,zero,full,official,graph,30,1,10,16,56.384000927209854,68.38,33464,64,73728
official,q1_official_prefetch_bench_20261008_02,2,zero,full,official,graph,30,1,10,17,55.776000022888184,67.374,33464,64,73728
official,q1_official_prefetch_bench_20261008_02,2,zero,full,official,graph,30,1,10,18,56.15999922156334,67.695,33464,64,73728
official,q1_official_prefetch_bench_20261008_02,2,zero,full,official,graph,30,1,10,19,56.44800141453743,67.982,33464,64,73728
official,q1_official_prefetch_bench_20261008_02,2,zero,full,official,graph,30,1,10,20,56.86400085687637,69.022,33464,64,73728
official,q1_official_prefetch_bench_20261008_02,2,zero,full,official,graph,30,1,10,21,56.86400085687637,68.502,33464,64,73728
official,q1_official_prefetch_bench_20261008_02,2,zero,full,official,graph,30,1,10,22,56.384000927209854,68.805,33464,64,73728
official,q1_official_prefetch_bench_20261008_02,2,zero,full,official,graph,30,1,10,23,56.671999394893646,68.387,33464,64,73728
official,q1_official_prefetch_bench_20261008_02,2,zero,full,official,graph,30,1,10,24,56.57599866390228,68.292,33464,64,73728
official,q1_official_prefetch_bench_20261008_02,2,zero,full,official,graph,30,1,10,25,56.671999394893646,68.714,33464,64,73728
official,q1_official_prefetch_bench_20261008_02,2,zero,full,official,graph,30,1,10,26,56.48000165820122,68.059,33464,64,73728
official,q1_official_prefetch_bench_20261008_02,2,zero,full,official,graph,30,1,10,27,56.32000043988228,68.284,33464,64,73728
official,q1_official_prefetch_bench_20261008_02,2,zero,full,official,graph,30,1,10,28,56.2559999525547,68.099,33464,64,73728
official,q1_official_prefetch_bench_20261008_02,2,zero,full,official,graph,30,1,10,29,55.84000051021576,67.544,33464,64,73728
official,q1_official_prefetch_bench_20261008_02,2,warm,prepared,official,eager,30,1,10,0,72.06399738788605,89.03,0,0,0
official,q1_official_prefetch_bench_20261008_02,2,warm,prepared,official,eager,30,1,10,1,63.391998410224915,76.184,0,0,0
official,q1_official_prefetch_bench_20261008_02,2,warm,prepared,official,eager,30,1,10,2,60.095999389886856,72.721,0,0,0
official,q1_official_prefetch_bench_20261008_02,2,warm,prepared,official,eager,30,1,10,3,58.687999844551086,70.498,0,0,0
official,q1_official_prefetch_bench_20261008_02,2,warm,prepared,official,eager,30,1,10,4,58.14399942755699,70.089,0,0,0
official,q1_official_prefetch_bench_20261008_02,2,warm,prepared,official,eager,30,1,10,5,59.39200147986412,71.77,0,0,0
official,q1_official_prefetch_bench_20261008_02,2,warm,prepared,official,eager,30,1,10,6,58.43200162053108,70.292,0,0,0
official,q1_official_prefetch_bench_20261008_02,2,warm,prepared,official,eager,30,1,10,7,58.720000088214874,70.695,0,0,0
official,q1_official_prefetch_bench_20261008_02,2,warm,prepared,official,eager,30,1,10,8,57.88800120353699,69.846,0,0,0
official,q1_official_prefetch_bench_20261008_02,2,warm,prepared,official,eager,30,1,10,9,61.76000088453293,74.031,0,0,0
official,q1_official_prefetch_bench_20261008_02,2,warm,prepared,official,eager,30,1,10,10,61.15199998021126,73.339,0,0,0
official,q1_official_prefetch_bench_20261008_02,2,warm,prepared,official,eager,30,1,10,11,59.39200147986412,71.948,0,0,0
official,q1_official_prefetch_bench_20261008_02,2,warm,prepared,official,eager,30,1,10,12,58.079998940229416,70.443,0,0,0
official,q1_official_prefetch_bench_20261008_02,2,warm,prepared,official,eager,30,1,10,13,58.27200040221214,70.039,0,0,0
official,q1_official_prefetch_bench_20261008_02,2,warm,prepared,official,eager,30,1,10,14,58.49599838256836,70.52,0,0,0
official,q1_official_prefetch_bench_20261008_02,2,warm,prepared,official,eager,30,1,10,15,58.27200040221214,70.404,0,0,0
official,q1_official_prefetch_bench_20261008_02,2,warm,prepared,official,eager,30,1,10,16,58.59199911355972,70.888,0,0,0
official,q1_official_prefetch_bench_20261008_02,2,warm,prepared,official,eager,30,1,10,17,57.151999324560165,69.196,0,0,0
official,q1_official_prefetch_bench_20261008_02,2,warm,prepared,official,eager,30,1,10,18,57.98399820923805,70.158,0,0,0
official,q1_official_prefetch_bench_20261008_02,2,warm,prepared,official,eager,30,1,10,19,56.92800134420395,69.427,0,0,0
official,q1_official_prefetch_bench_20261008_02,2,warm,prepared,official,eager,30,1,10,20,56.28800019621849,68.341,0,0,0
official,q1_official_prefetch_bench_20261008_02,2,warm,prepared,official,eager,30,1,10,21,57.28000029921532,69.422,0,0,0
official,q1_official_prefetch_bench_20261008_02,2,warm,prepared,official,eager,30,1,10,22,55.84000051021576,67.974,0,0,0
official,q1_official_prefetch_bench_20261008_02,2,warm,prepared,official,eager,30,1,10,23,66.39999896287918,80.723,0,0,0
official,q1_official_prefetch_bench_20261008_02,2,warm,prepared,official,eager,30,1,10,24,59.55199897289276,71.892,0,0,0
official,q1_official_prefetch_bench_20261008_02,2,warm,prepared,official,eager,30,1,10,25,58.687999844551086,71.04,0,0,0
official,q1_official_prefetch_bench_20261008_02,2,warm,prepared,official,eager,30,1,10,26,57.56799876689911,69.715,0,0,0
official,q1_official_prefetch_bench_20261008_02,2,warm,prepared,official,eager,30,1,10,27,56.89600110054016,69.062,0,0,0
official,q1_official_prefetch_bench_20261008_02,2,warm,prepared,official,eager,30,1,10,28,58.33600088953972,70.396,0,0,0
official,q1_official_prefetch_bench_20261008_02,2,warm,prepared,official,eager,30,1,10,29,57.95200169086456,69.776,0,0,0
official,q1_official_prefetch_bench_20261008_02,2,warm,prepared,official,graph,30,1,10,0,19.519999623298645,37.564,0,0,0
official,q1_official_prefetch_bench_20261008_02,2,warm,prepared,official,graph,30,1,10,1,20.128000527620316,40.373,0,0,0
official,q1_official_prefetch_bench_20261008_02,2,warm,prepared,official,graph,30,1,10,2,13.376000337302685,25.712,0,0,0
official,q1_official_prefetch_bench_20261008_02,2,warm,prepared,official,graph,30,1,10,3,13.024000450968742,25.195,0,0,0
official,q1_official_prefetch_bench_20261008_02,2,warm,prepared,official,graph,30,1,10,4,12.640000320971012,24.418,0,0,0
official,q1_official_prefetch_bench_20261008_02,2,warm,prepared,official,graph,30,1,10,5,12.799999676644802,25.114,0,0,0
official,q1_official_prefetch_bench_20261008_02,2,warm,prepared,official,graph,30,1,10,6,12.543999589979649,24.086,0,0,0
official,q1_official_prefetch_bench_20261008_02,2,warm,prepared,official,graph,30,1,10,7,12.415999546647072,24.024,0,0,0
official,q1_official_prefetch_bench_20261008_02,2,warm,prepared,official,graph,30,1,10,8,12.671999633312225,24.193,0,0,0
official,q1_official_prefetch_bench_20261008_02,2,warm,prepared,official,graph,30,1,10,9,12.864000163972378,25.03,0,0,0
official,q1_official_prefetch_bench_20261008_02,2,warm,prepared,official,graph,30,1,10,10,12.799999676644802,24.703,0,0,0
official,q1_official_prefetch_bench_20261008_02,2,warm,prepared,official,graph,30,1,10,11,12.703999876976013,23.965,0,0,0
official,q1_official_prefetch_bench_20261008_02,2,warm,prepared,official,graph,30,1,10,12,12.671999633312225,24.723,0,0,0
official,q1_official_prefetch_bench_20261008_02,2,warm,prepared,official,graph,30,1,10,13,12.736000120639801,24.324,0,0,0
official,q1_official_prefetch_bench_20261008_02,2,warm,prepared,official,graph,30,1,10,14,12.736000120639801,24.696,0,0,0
official,q1_official_prefetch_bench_20261008_02,2,warm,prepared,official,graph,30,1,10,15,13.856000266969204,27.988,0,0,0
official,q1_official_prefetch_bench_20261008_02,2,warm,prepared,official,graph,30,1,10,16,14.527999795973301,28.789,0,0,0
official,q1_official_prefetch_bench_20261008_02,2,warm,prepared,official,graph,30,1,10,17,12.864000163972378,25.145,0,0,0
official,q1_official_prefetch_bench_20261008_02,2,warm,prepared,official,graph,30,1,10,18,12.864000163972378,24.666,0,0,0
official,q1_official_prefetch_bench_20261008_02,2,warm,prepared,official,graph,30,1,10,19,12.480000033974648,23.964,0,0,0
official,q1_official_prefetch_bench_20261008_02,2,warm,prepared,official,graph,30,1,10,20,12.671999633312225,24.073,0,0,0
official,q1_official_prefetch_bench_20261008_02,2,warm,prepared,official,graph,30,1,10,21,12.35199999064207,23.964,0,0,0
official,q1_official_prefetch_bench_20261008_02,2,warm,prepared,official,graph,30,1,10,22,13.088000006973743,24.776,0,0,0
official,q1_official_prefetch_bench_20261008_02,2,warm,prepared,official,graph,30,1,10,23,12.640000320971012,24.29,0,0,0
official,q1_official_prefetch_bench_20261008_02,2,warm,prepared,official,graph,30,1,10,24,12.512000277638435,24.027,0,0,0
official,q1_official_prefetch_bench_20261008_02,2,warm,prepared,official,graph,30,1,10,25,12.28800043463707,24.221,0,0,0
official,q1_official_prefetch_bench_20261008_02,2,warm,prepared,official,graph,30,1,10,26,12.640000320971012,24.751,0,0,0
official,q1_official_prefetch_bench_20261008_02,2,warm,prepared,official,graph,30,1,10,27,12.384000234305859,23.863,0,0,0
official,q1_official_prefetch_bench_20261008_02,2,warm,prepared,official,graph,30,1,10,28,12.575999833643436,24.236,0,0,0
official,q1_official_prefetch_bench_20261008_02,2,warm,prepared,official,graph,30,1,10,29,12.480000033974648,24.449,0,0,0
official,q1_official_prefetch_bench_20261008_02,2,warm,full,official,eager,30,1,10,0,134.46399569511414,152.13,0,0,0
official,q1_official_prefetch_bench_20261008_02,2,warm,full,official,eager,30,1,10,1,124.06399846076965,136.855,0,0,0
official,q1_official_prefetch_bench_20261008_02,2,warm,full,official,eager,30,1,10,2,122.04799801111221,134.312,0,0,0
official,q1_official_prefetch_bench_20261008_02,2,warm,full,official,eager,30,1,10,3,122.72000312805176,135.284,0,0,0
official,q1_official_prefetch_bench_20261008_02,2,warm,full,official,eager,30,1,10,4,121.56800180673599,134.347,0,0,0
official,q1_official_prefetch_bench_20261008_02,2,warm,full,official,eager,30,1,10,5,124.15999919176102,141.252,0,0,0
official,q1_official_prefetch_bench_20261008_02,2,warm,full,official,eager,30,1,10,6,123.1359988451004,136.117,0,0,0
official,q1_official_prefetch_bench_20261008_02,2,warm,full,official,eager,30,1,10,7,121.34400010108948,133.561,0,0,0
official,q1_official_prefetch_bench_20261008_02,2,warm,full,official,eager,30,1,10,8,120.57600170373917,133.219,0,0,0
official,q1_official_prefetch_bench_20261008_02,2,warm,full,official,eager,30,1,10,9,120.41600048542023,132.59,0,0,0
official,q1_official_prefetch_bench_20261008_02,2,warm,full,official,eager,30,1,10,10,124.12799894809723,136.715,0,0,0
official,q1_official_prefetch_bench_20261008_02,2,warm,full,official,eager,30,1,10,11,139.0720009803772,153.696,0,0,0
official,q1_official_prefetch_bench_20261008_02,2,warm,full,official,eager,30,1,10,12,129.40800189971924,142.007,0,0,0
official,q1_official_prefetch_bench_20261008_02,2,warm,full,official,eager,30,1,10,13,124.12799894809723,136.626,0,0,0
official,q1_official_prefetch_bench_20261008_02,2,warm,full,official,eager,30,1,10,14,121.72800302505493,134.507,0,0,0
official,q1_official_prefetch_bench_20261008_02,2,warm,full,official,eager,30,1,10,15,122.75200337171555,135.259,0,0,0
official,q1_official_prefetch_bench_20261008_02,2,warm,full,official,eager,30,1,10,16,122.68800288438797,135.209,0,0,0
official,q1_official_prefetch_bench_20261008_02,2,warm,full,official,eager,30,1,10,17,123.07199835777283,135.782,0,0,0
official,q1_official_prefetch_bench_20261008_02,2,warm,full,official,eager,30,1,10,18,120.99199742078781,133.448,0,0,0
official,q1_official_prefetch_bench_20261008_02,2,warm,full,official,eager,30,1,10,19,121.66400253772736,134.272,0,0,0
official,q1_official_prefetch_bench_20261008_02,2,warm,full,official,eager,30,1,10,20,119.48800086975098,131.865,0,0,0
official,q1_official_prefetch_bench_20261008_02,2,warm,full,official,eager,30,1,10,21,122.68800288438797,134.941,0,0,0
official,q1_official_prefetch_bench_20261008_02,2,warm,full,official,eager,30,1,10,22,119.29599940776825,131.588,0,0,0
official,q1_official_prefetch_bench_20261008_02,2,warm,full,official,eager,30,1,10,23,120.57600170373917,132.421,0,0,0
official,q1_official_prefetch_bench_20261008_02,2,warm,full,official,eager,30,1,10,24,119.4240003824234,131.532,0,0,0
official,q1_official_prefetch_bench_20261008_02,2,warm,full,official,eager,30,1,10,25,120.41600048542023,132.706,0,0,0
official,q1_official_prefetch_bench_20261008_02,2,warm,full,official,eager,30,1,10,26,117.0239970088005,129.217,0,0,0
official,q1_official_prefetch_bench_20261008_02,2,warm,full,official,eager,30,1,10,27,123.9359974861145,136.374,0,0,0
official,q1_official_prefetch_bench_20261008_02,2,warm,full,official,eager,30,1,10,28,119.71200257539749,132.008,0,0,0
official,q1_official_prefetch_bench_20261008_02,2,warm,full,official,eager,30,1,10,29,126.39999389648438,138.538,0,0,0
official,q1_official_prefetch_bench_20261008_02,2,warm,full,official,graph,30,1,10,0,27.327999472618103,44.06,0,0,0
official,q1_official_prefetch_bench_20261008_02,2,warm,full,official,graph,30,1,10,1,26.27200074493885,44.327,0,0,0
official,q1_official_prefetch_bench_20261008_02,2,warm,full,official,graph,30,1,10,2,24.25600029528141,36.435,0,0,0
official,q1_official_prefetch_bench_20261008_02,2,warm,full,official,graph,30,1,10,3,18.848000094294548,30.509,0,0,0
official,q1_official_prefetch_bench_20261008_02,2,warm,full,official,graph,30,1,10,4,18.880000337958336,30.994,0,0,0
official,q1_official_prefetch_bench_20261008_02,2,warm,full,official,graph,30,1,10,5,18.783999606966972,30.688,0,0,0
official,q1_official_prefetch_bench_20261008_02,2,warm,full,official,graph,30,1,10,6,18.783999606966972,30.493,0,0,0
official,q1_official_prefetch_bench_20261008_02,2,warm,full,official,graph,30,1,10,7,26.11199952661991,38.065,0,0,0
official,q1_official_prefetch_bench_20261008_02,2,warm,full,official,graph,30,1,10,8,18.751999363303185,30.288,0,0,0
official,q1_official_prefetch_bench_20261008_02,2,warm,full,official,graph,30,1,10,9,18.688000738620758,30.283,0,0,0
official,q1_official_prefetch_bench_20261008_02,2,warm,full,official,graph,30,1,10,10,18.94400082528591,30.933,0,0,0
official,q1_official_prefetch_bench_20261008_02,2,warm,full,official,graph,30,1,10,11,18.432000651955605,29.885,0,0,0
official,q1_official_prefetch_bench_20261008_02,2,warm,full,official,graph,30,1,10,12,18.624000251293182,30.116,0,0,0
official,q1_official_prefetch_bench_20261008_02,2,warm,full,official,graph,30,1,10,13,18.559999763965607,30.122,0,0,0
official,q1_official_prefetch_bench_20261008_02,2,warm,full,official,graph,30,1,10,14,18.559999763965607,30.48,0,0,0
official,q1_official_prefetch_bench_20261008_02,2,warm,full,official,graph,30,1,10,15,18.52799952030182,30.279,0,0,0
official,q1_official_prefetch_bench_20261008_02,2,warm,full,official,graph,30,1,10,16,19.007999449968338,30.666,0,0,0
official,q1_official_prefetch_bench_20261008_02,2,warm,full,official,graph,30,1,10,17,18.65600049495697,30.467,0,0,0
official,q1_official_prefetch_bench_20261008_02,2,warm,full,official,graph,30,1,10,18,18.65600049495697,30.762,0,0,0
official,q1_official_prefetch_bench_20261008_02,2,warm,full,official,graph,30,1,10,19,17.983999103307724,29.747,0,0,0
official,q1_official_prefetch_bench_20261008_02,2,warm,full,official,graph,30,1,10,20,19.1040001809597,31.077,0,0,0
official,q1_official_prefetch_bench_20261008_02,2,warm,full,official,graph,30,1,10,21,18.400000408291817,30.073,0,0,0
official,q1_official_prefetch_bench_20261008_02,2,warm,full,official,graph,30,1,10,22,18.65600049495697,30.305,0,0,0
official,q1_official_prefetch_bench_20261008_02,2,warm,full,official,graph,30,1,10,23,18.303999677300453,30.191,0,0,0
official,q1_official_prefetch_bench_20261008_02,2,warm,full,official,graph,30,1,10,24,18.751999363303185,30.541,0,0,0
official,q1_official_prefetch_bench_20261008_02,2,warm,full,official,graph,30,1,10,25,18.36800016462803,29.898,0,0,0
official,q1_official_prefetch_bench_20261008_02,2,warm,full,official,graph,30,1,10,26,18.559999763965607,30.264,0,0,0
official,q1_official_prefetch_bench_20261008_02,2,warm,full,official,graph,30,1,10,27,18.079999834299088,29.581,0,0,0
official,q1_official_prefetch_bench_20261008_02,2,warm,full,official,graph,30,1,10,28,19.231999292969704,31.336,0,0,0
official,q1_official_prefetch_bench_20261008_02,2,warm,full,official,graph,30,1,10,29,18.719999119639397,30.361,0,0,0
packing,q1_packing_bench_20261008_01,0,resident,packing,copies,eager,7,100,20,0,42.16671943664551,42.61611,,,
packing,q1_packing_bench_20261008_01,0,resident,packing,copies,eager,7,100,20,1,42.075839042663574,42.269059999999996,,,
packing,q1_packing_bench_20261008_01,0,resident,packing,copies,eager,7,100,20,2,41.89119815826416,42.066739999999996,,,
packing,q1_packing_bench_20261008_01,0,resident,packing,copies,eager,7,100,20,3,41.62623882293701,41.78994,,,
packing,q1_packing_bench_20261008_01,0,resident,packing,copies,eager,7,100,20,4,41.64703845977783,41.81031,,,
packing,q1_packing_bench_20261008_01,0,resident,packing,copies,eager,7,100,20,5,41.16384029388428,41.335620000000006,,,
packing,q1_packing_bench_20261008_01,0,resident,packing,copies,eager,7,100,20,6,40.63936233520508,40.7985,,,
packing,q1_packing_bench_20261008_01,0,resident,packing,copies,graph,7,100,20,0,20.582399368286133,20.8813,,,
packing,q1_packing_bench_20261008_01,0,resident,packing,copies,graph,7,100,20,1,20.408000946044922,20.58827,,,
packing,q1_packing_bench_20261008_01,0,resident,packing,copies,graph,7,100,20,2,20.405120849609375,20.564700000000002,,,
packing,q1_packing_bench_20261008_01,0,resident,packing,copies,graph,7,100,20,3,20.397119522094727,20.56363,,,
packing,q1_packing_bench_20261008_01,0,resident,packing,copies,graph,7,100,20,4,20.405759811401367,20.57146,,,
packing,q1_packing_bench_20261008_01,0,resident,packing,copies,graph,7,100,20,5,20.390400886535645,20.553549999999998,,,
packing,q1_packing_bench_20261008_01,0,resident,packing,copies,graph,7,100,20,6,20.38912057876587,20.541790000000002,,,
packing,q1_packing_bench_20261008_01,0,resident,packing,fused,eager,7,100,20,0,16.73248052597046,17.12053,,,
packing,q1_packing_bench_20261008_01,0,resident,packing,fused,eager,7,100,20,1,16.45087957382202,16.62538,,,
packing,q1_packing_bench_20261008_01,0,resident,packing,fused,eager,7,100,20,2,16.390399932861328,16.55702,,,
packing,q1_packing_bench_20261008_01,0,resident,packing,fused,eager,7,100,20,3,16.30527973175049,16.4671,,,
packing,q1_packing_bench_20261008_01,0,resident,packing,fused,eager,7,100,20,4,16.37344002723694,16.53182,,,
packing,q1_packing_bench_20261008_01,0,resident,packing,fused,eager,7,100,20,5,17.727999687194824,17.88785,,,
packing,q1_packing_bench_20261008_01,0,resident,packing,fused,eager,7,100,20,6,16.4518404006958,16.610490000000002,,,
packing,q1_packing_bench_20261008_01,0,resident,packing,fused,graph,7,100,20,0,4.704959988594055,4.934699999999999,,,
packing,q1_packing_bench_20261008_01,0,resident,packing,fused,graph,7,100,20,1,4.587520062923431,4.742859999999999,,,
packing,q1_packing_bench_20261008_01,0,resident,packing,fused,graph,7,100,20,2,4.579840004444122,4.73397,,,
packing,q1_packing_bench_20261008_01,0,resident,packing,fused,graph,7,100,20,3,4.586879909038544,4.7424,,,
packing,q1_packing_bench_20261008_01,0,resident,packing,fused,graph,7,100,20,4,4.577920138835907,4.73403,,,
packing,q1_packing_bench_20261008_01,0,resident,packing,fused,graph,7,100,20,5,4.586560130119324,4.74386,,,
packing,q1_packing_bench_20261008_01,0,resident,packing,fused,graph,7,100,20,6,4.5820799469947815,4.737970000000001,,,
packing,q1_packing_bench_20261008_01,0,resident,full_mqa,copies,eager,7,100,20,0,119.31743621826172,119.62817999999999,,,
packing,q1_packing_bench_20261008_01,0,resident,full_mqa,copies,eager,7,100,20,1,117.39744186401367,117.61678,,,
packing,q1_packing_bench_20261008_01,0,resident,full_mqa,copies,eager,7,100,20,2,121.68383598327637,121.90711,,,
packing,q1_packing_bench_20261008_01,0,resident,full_mqa,copies,eager,7,100,20,3,116.44960403442383,116.66808999999999,,,
packing,q1_packing_bench_20261008_01,0,resident,full_mqa,copies,eager,7,100,20,4,120.60352325439453,120.82361,,,
packing,q1_packing_bench_20261008_01,0,resident,full_mqa,copies,eager,7,100,20,5,117.70367622375488,117.94932,,,
packing,q1_packing_bench_20261008_01,0,resident,full_mqa,copies,eager,7,100,20,6,118.04767608642578,118.40903999999999,,,
packing,q1_packing_bench_20261008_01,0,resident,full_mqa,copies,graph,7,100,20,0,28.392961025238037,28.677310000000002,,,
packing,q1_packing_bench_20261008_01,0,resident,full_mqa,copies,graph,7,100,20,1,28.266561031341553,28.455509999999997,,,
packing,q1_packing_bench_20261008_01,0,resident,full_mqa,copies,graph,7,100,20,2,28.249599933624268,28.41134,,,
packing,q1_packing_bench_20261008_01,0,resident,full_mqa,copies,graph,7,100,20,3,28.274240493774414,28.44422,,,
packing,q1_packing_bench_20261008_01,0,resident,full_mqa,copies,graph,7,100,20,4,28.26080083847046,28.42439,,,
packing,q1_packing_bench_20261008_01,0,resident,full_mqa,copies,graph,7,100,20,5,28.257920742034912,28.42862,,,
packing,q1_packing_bench_20261008_01,0,resident,full_mqa,copies,graph,7,100,20,6,28.228800296783447,28.38793,,,
packing,q1_packing_bench_20261008_01,0,resident,full_mqa,fused,eager,7,100,20,0,82.4732780456543,82.8495,,,
packing,q1_packing_bench_20261008_01,0,resident,full_mqa,fused,eager,7,100,20,1,82.33471870422363,82.55521,,,
packing,q1_packing_bench_20261008_01,0,resident,full_mqa,fused,eager,7,100,20,2,82.21343994140625,82.42262,,,
packing,q1_packing_bench_20261008_01,0,resident,full_mqa,fused,eager,7,100,20,3,81.31199836730957,81.51866,,,
packing,q1_packing_bench_20261008_01,0,resident,full_mqa,fused,eager,7,100,20,4,80.82079887390137,81.02750999999999,,,
packing,q1_packing_bench_20261008_01,0,resident,full_mqa,fused,eager,7,100,20,5,83.69088172912598,83.89502,,,
packing,q1_packing_bench_20261008_01,0,resident,full_mqa,fused,eager,7,100,20,6,82.1776008605957,82.38449,,,
packing,q1_packing_bench_20261008_01,0,resident,full_mqa,fused,graph,7,100,20,0,12.924480438232422,13.20956,,,
packing,q1_packing_bench_20261008_01,0,resident,full_mqa,fused,graph,7,100,20,1,12.852799892425537,13.03012,,,
packing,q1_packing_bench_20261008_01,0,resident,full_mqa,fused,graph,7,100,20,2,12.84127950668335,13.00396,,,
packing,q1_packing_bench_20261008_01,0,resident,full_mqa,fused,graph,7,100,20,3,12.851519584655762,13.00135,,,
packing,q1_packing_bench_20261008_01,0,resident,full_mqa,fused,graph,7,100,20,4,12.835839986801147,12.99343,,,
packing,q1_packing_bench_20261008_01,0,resident,full_mqa,fused,graph,7,100,20,5,12.82688021659851,12.979,,,
packing,q1_packing_bench_20261008_01,0,resident,full_mqa,fused,graph,7,100,20,6,12.834880352020264,12.99289,,,
packing,q1_packing_bench_20261008_01,1,resident,packing,copies,eager,7,100,20,0,42.43328094482422,42.64967,,,
packing,q1_packing_bench_20261008_01,1,resident,packing,copies,eager,7,100,20,1,41.95487976074219,42.12808999999999,,,
packing,q1_packing_bench_20261008_01,1,resident,packing,copies,eager,7,100,20,2,41.350722312927246,41.519349999999996,,,
packing,q1_packing_bench_20261008_01,1,resident,packing,copies,eager,7,100,20,3,40.93855857849121,41.09735,,,
packing,q1_packing_bench_20261008_01,1,resident,packing,copies,eager,7,100,20,4,40.84159851074219,40.99615,,,
packing,q1_packing_bench_20261008_01,1,resident,packing,copies,eager,7,100,20,5,40.94207763671875,41.10209,,,
packing,q1_packing_bench_20261008_01,1,resident,packing,copies,eager,7,100,20,6,40.75808048248291,40.91072,,,
packing,q1_packing_bench_20261008_01,1,resident,packing,copies,graph,7,100,20,0,20.402560234069824,20.62605,,,
packing,q1_packing_bench_20261008_01,1,resident,packing,copies,graph,7,100,20,1,20.3222393989563,20.49847,,,
packing,q1_packing_bench_20261008_01,1,resident,packing,copies,graph,7,100,20,2,20.336320400238037,20.5165,,,
packing,q1_packing_bench_20261008_01,1,resident,packing,copies,graph,7,100,20,3,20.327680110931396,20.484060000000003,,,
packing,q1_packing_bench_20261008_01,1,resident,packing,copies,graph,7,100,20,4,20.325438976287842,20.47937,,,
packing,q1_packing_bench_20261008_01,1,resident,packing,copies,graph,7,100,20,5,20.329599380493164,20.48125,,,
packing,q1_packing_bench_20261008_01,1,resident,packing,copies,graph,7,100,20,6,20.316479206085205,20.46499,,,
packing,q1_packing_bench_20261008_01,1,resident,packing,fused,eager,7,100,20,0,16.49440050125122,16.68815,,,
packing,q1_packing_bench_20261008_01,1,resident,packing,fused,eager,7,100,20,1,16.1900794506073,16.35644,,,
packing,q1_packing_bench_20261008_01,1,resident,packing,fused,eager,7,100,20,2,16.192320585250854,16.34907,,,
packing,q1_packing_bench_20261008_01,1,resident,packing,fused,eager,7,100,20,3,16.100159883499146,16.25187,,,
packing,q1_packing_bench_20261008_01,1,resident,packing,fused,eager,7,100,20,4,16.171200275421143,16.36866,,,
packing,q1_packing_bench_20261008_01,1,resident,packing,fused,eager,7,100,20,5,16.19488000869751,16.34913,,,
packing,q1_packing_bench_20261008_01,1,resident,packing,fused,eager,7,100,20,6,16.232320070266724,16.38621,,,
packing,q1_packing_bench_20261008_01,1,resident,packing,fused,graph,7,100,20,0,4.36928004026413,4.568479999999999,,,
packing,q1_packing_bench_20261008_01,1,resident,packing,fused,graph,7,100,20,1,4.308159947395325,4.46112,,,
packing,q1_packing_bench_20261008_01,1,resident,packing,fused,graph,7,100,20,2,4.308159947395325,4.4592600000000004,,,
packing,q1_packing_bench_20261008_01,1,resident,packing,fused,graph,7,100,20,3,4.312959909439087,4.464600000000001,,,
packing,q1_packing_bench_20261008_01,1,resident,packing,fused,graph,7,100,20,4,4.320000112056732,4.4728699999999995,,,
packing,q1_packing_bench_20261008_01,1,resident,packing,fused,graph,7,100,20,5,4.296639859676361,4.4456999999999995,,,
packing,q1_packing_bench_20261008_01,1,resident,packing,fused,graph,7,100,20,6,4.3139201402664185,4.46847,,,
packing,q1_packing_bench_20261008_01,1,resident,full_mqa,copies,eager,7,100,20,0,120.50751686096191,120.80412,,,
packing,q1_packing_bench_20261008_01,1,resident,full_mqa,copies,eager,7,100,20,1,128.53440284729004,128.77401,,,
packing,q1_packing_bench_20261008_01,1,resident,full_mqa,copies,eager,7,100,20,2,134.98815536499023,135.23924,,,
packing,q1_packing_bench_20261008_01,1,resident,full_mqa,copies,eager,7,100,20,3,118.99999618530273,119.23003999999999,,,
packing,q1_packing_bench_20261008_01,1,resident,full_mqa,copies,eager,7,100,20,4,113.28319549560547,113.50317,,,
packing,q1_packing_bench_20261008_01,1,resident,full_mqa,copies,eager,7,100,20,5,114.08191680908203,114.2963,,,
packing,q1_packing_bench_20261008_01,1,resident,full_mqa,copies,eager,7,100,20,6,115.37504196166992,115.58326,,,
packing,q1_packing_bench_20261008_01,1,resident,full_mqa,copies,graph,7,100,20,0,28.210558891296387,28.483810000000002,,,
packing,q1_packing_bench_20261008_01,1,resident,full_mqa,copies,graph,7,100,20,1,28.13119888305664,28.31769,,,
packing,q1_packing_bench_20261008_01,1,resident,full_mqa,copies,graph,7,100,20,2,28.101439476013184,28.26287,,,
packing,q1_packing_bench_20261008_01,1,resident,full_mqa,copies,graph,7,100,20,3,28.107199668884277,28.26357,,,
packing,q1_packing_bench_20261008_01,1,resident,full_mqa,copies,graph,7,100,20,4,28.115200996398926,28.292150000000003,,,
packing,q1_packing_bench_20261008_01,1,resident,full_mqa,copies,graph,7,100,20,5,28.098878860473633,28.25421,,,
packing,q1_packing_bench_20261008_01,1,resident,full_mqa,copies,graph,7,100,20,6,28.0947208404541,28.25132,,,
packing,q1_packing_bench_20261008_01,1,resident,full_mqa,fused,eager,7,100,20,0,80.88288307189941,81.13189999999999,,,
packing,q1_packing_bench_20261008_01,1,resident,full_mqa,fused,eager,7,100,20,1,80.0499153137207,80.25479,,,
packing,q1_packing_bench_20261008_01,1,resident,full_mqa,fused,eager,7,100,20,2,81.03424072265625,81.24717999999999,,,
packing,q1_packing_bench_20261008_01,1,resident,full_mqa,fused,eager,7,100,20,3,81.79903984069824,82.02318,,,
packing,q1_packing_bench_20261008_01,1,resident,full_mqa,fused,eager,7,100,20,4,81.16703987121582,81.37021,,,
packing,q1_packing_bench_20261008_01,1,resident,full_mqa,fused,eager,7,100,20,5,81.1308765411377,81.34407,,,
packing,q1_packing_bench_20261008_01,1,resident,full_mqa,fused,eager,7,100,20,6,80.52191734313965,80.88145,,,
packing,q1_packing_bench_20261008_01,1,resident,full_mqa,fused,graph,7,100,20,0,13.047679662704468,13.336129999999999,,,
packing,q1_packing_bench_20261008_01,1,resident,full_mqa,fused,graph,7,100,20,1,12.958719730377197,13.12852,,,
packing,q1_packing_bench_20261008_01,1,resident,full_mqa,fused,graph,7,100,20,2,12.95456051826477,13.11099,,,
packing,q1_packing_bench_20261008_01,1,resident,full_mqa,fused,graph,7,100,20,3,12.951040267944336,13.10226,,,
packing,q1_packing_bench_20261008_01,1,resident,full_mqa,fused,graph,7,100,20,4,12.949440479278564,13.11089,,,
packing,q1_packing_bench_20261008_01,1,resident,full_mqa,fused,graph,7,100,20,5,12.936960458755493,13.087860000000001,,,
packing,q1_packing_bench_20261008_01,1,resident,full_mqa,fused,graph,7,100,20,6,12.946879863739014,13.10193,,,
packing,q1_packing_bench_20261008_01,2,resident,packing,copies,eager,7,100,20,0,41.331520080566406,41.530989999999996,,,
packing,q1_packing_bench_20261008_01,2,resident,packing,copies,eager,7,100,20,1,41.03968143463135,41.19943,,,
packing,q1_packing_bench_20261008_01,2,resident,packing,copies,eager,7,100,20,2,40.961599349975586,41.1202,,,
packing,q1_packing_bench_20261008_01,2,resident,packing,copies,eager,7,100,20,3,40.94111919403076,41.095819999999996,,,
packing,q1_packing_bench_20261008_01,2,resident,packing,copies,eager,7,100,20,4,40.96672058105469,41.12519,,,
packing,q1_packing_bench_20261008_01,2,resident,packing,copies,eager,7,100,20,5,41.34047985076904,41.51135,,,
packing,q1_packing_bench_20261008_01,2,resident,packing,copies,eager,7,100,20,6,40.82111835479736,40.98327,,,
packing,q1_packing_bench_20261008_01,2,resident,packing,copies,graph,7,100,20,0,20.41696071624756,20.652669999999997,,,
packing,q1_packing_bench_20261008_01,2,resident,packing,copies,graph,7,100,20,1,20.34208059310913,20.50929,,,
packing,q1_packing_bench_20261008_01,2,resident,packing,copies,graph,7,100,20,2,20.34111976623535,20.49566,,,
packing,q1_packing_bench_20261008_01,2,resident,packing,copies,graph,7,100,20,3,20.332798957824707,20.49593,,,
packing,q1_packing_bench_20261008_01,2,resident,packing,copies,graph,7,100,20,4,20.32991886138916,20.48768,,,
packing,q1_packing_bench_20261008_01,2,resident,packing,copies,graph,7,100,20,5,20.336639881134033,20.49159,,,
packing,q1_packing_bench_20261008_01,2,resident,packing,copies,graph,7,100,20,6,20.336320400238037,20.486169999999998,,,
packing,q1_packing_bench_20261008_01,2,resident,packing,fused,eager,7,100,20,0,16.98848009109497,17.182689999999997,,,
packing,q1_packing_bench_20261008_01,2,resident,packing,fused,eager,7,100,20,1,16.288000345230103,16.4495,,,
packing,q1_packing_bench_20261008_01,2,resident,packing,fused,eager,7,100,20,2,16.17568016052246,16.33158,,,
packing,q1_packing_bench_20261008_01,2,resident,packing,fused,eager,7,100,20,3,16.21440052986145,16.36846,,,
packing,q1_packing_bench_20261008_01,2,resident,packing,fused,eager,7,100,20,4,16.077760457992554,16.2354,,,
packing,q1_packing_bench_20261008_01,2,resident,packing,fused,eager,7,100,20,5,16.873600482940674,17.02738,,,
packing,q1_packing_bench_20261008_01,2,resident,packing,fused,eager,7,100,20,6,16.48319959640503,16.64016,,,
packing,q1_packing_bench_20261008_01,2,resident,packing,fused,graph,7,100,20,0,4.3721601366996765,4.58108,,,
packing,q1_packing_bench_20261008_01,2,resident,packing,fused,graph,7,100,20,1,4.309439957141876,4.463100000000001,,,
packing,q1_packing_bench_20261008_01,2,resident,packing,fused,graph,7,100,20,2,4.30431991815567,4.45524,,,
packing,q1_packing_bench_20261008_01,2,resident,packing,fused,graph,7,100,20,3,4.300479888916016,4.45066,,,
packing,q1_packing_bench_20261008_01,2,resident,packing,fused,graph,7,100,20,4,4.314880073070526,4.46178,,,
packing,q1_packing_bench_20261008_01,2,resident,packing,fused,graph,7,100,20,5,4.3084800243377686,4.458,,,
packing,q1_packing_bench_20261008_01,2,resident,packing,fused,graph,7,100,20,6,4.30400013923645,4.4520100000000005,,,
packing,q1_packing_bench_20261008_01,2,resident,full_mqa,copies,eager,7,100,20,0,130.3705596923828,130.70705999999998,,,
packing,q1_packing_bench_20261008_01,2,resident,full_mqa,copies,eager,7,100,20,1,120.12127876281738,120.36053,,,
packing,q1_packing_bench_20261008_01,2,resident,full_mqa,copies,eager,7,100,20,2,118.12159538269043,118.33964,,,
packing,q1_packing_bench_20261008_01,2,resident,full_mqa,copies,eager,7,100,20,3,115.19040107727051,115.41129,,,
packing,q1_packing_bench_20261008_01,2,resident,full_mqa,copies,eager,7,100,20,4,116.74079895019531,116.9628,,,
packing,q1_packing_bench_20261008_01,2,resident,full_mqa,copies,eager,7,100,20,5,119.07487869262695,119.29737,,,
packing,q1_packing_bench_20261008_01,2,resident,full_mqa,copies,eager,7,100,20,6,115.3270435333252,115.53487,,,
packing,q1_packing_bench_20261008_01,2,resident,full_mqa,copies,graph,7,100,20,0,28.212480545043945,28.77094,,,
packing,q1_packing_bench_20261008_01,2,resident,full_mqa,copies,graph,7,100,20,1,28.134400844573975,28.30746,,,
packing,q1_packing_bench_20261008_01,2,resident,full_mqa,copies,graph,7,100,20,2,28.09664011001587,28.263270000000002,,,
packing,q1_packing_bench_20261008_01,2,resident,full_mqa,copies,graph,7,100,20,3,28.10784101486206,28.271669999999997,,,
packing,q1_packing_bench_20261008_01,2,resident,full_mqa,copies,graph,7,100,20,4,28.11840057373047,28.28641,,,
packing,q1_packing_bench_20261008_01,2,resident,full_mqa,copies,graph,7,100,20,5,28.115839958190918,28.275830000000003,,,
packing,q1_packing_bench_20261008_01,2,resident,full_mqa,copies,graph,7,100,20,6,28.088319301605225,28.244220000000002,,,
packing,q1_packing_bench_20261008_01,2,resident,full_mqa,fused,eager,7,100,20,0,80.92639923095703,81.19011,,,
packing,q1_packing_bench_20261008_01,2,resident,full_mqa,fused,eager,7,100,20,1,80.56415557861328,80.7676,,,
packing,q1_packing_bench_20261008_01,2,resident,full_mqa,fused,eager,7,100,20,2,83.02816390991211,83.24297,,,
packing,q1_packing_bench_20261008_01,2,resident,full_mqa,fused,eager,7,100,20,3,84.65279579162598,84.86585000000001,,,
packing,q1_packing_bench_20261008_01,2,resident,full_mqa,fused,eager,7,100,20,4,81.66367530822754,81.87072,,,
packing,q1_packing_bench_20261008_01,2,resident,full_mqa,fused,eager,7,100,20,5,80.99295616149902,81.19778,,,
packing,q1_packing_bench_20261008_01,2,resident,full_mqa,fused,eager,7,100,20,6,80.76288223266602,80.96674,,,
packing,q1_packing_bench_20261008_01,2,resident,full_mqa,fused,graph,7,100,20,0,13.086080551147461,13.361049999999999,,,
packing,q1_packing_bench_20261008_01,2,resident,full_mqa,fused,graph,7,100,20,1,13.006080389022827,13.18229,,,
packing,q1_packing_bench_20261008_01,2,resident,full_mqa,fused,graph,7,100,20,2,12.992960214614868,13.161340000000001,,,
packing,q1_packing_bench_20261008_01,2,resident,full_mqa,fused,graph,7,100,20,3,12.99456000328064,13.1727,,,
packing,q1_packing_bench_20261008_01,2,resident,full_mqa,fused,graph,7,100,20,4,12.986559867858887,13.14634,,,
packing,q1_packing_bench_20261008_01,2,resident,full_mqa,fused,graph,7,100,20,5,12.98751950263977,13.146540000000002,,,
packing,q1_packing_bench_20261008_01,2,resident,full_mqa,fused,graph,7,100,20,6,12.984639406204224,13.14004,,,
