scheme,phase,layer,stream_id,group,kind,category,stage,scope_stage,start_ns,end_ns,start_ms,end_ms,bytes,name
hbm,revisit,1,7,aux,memcpy,other_copy,cache_operation,cache_operation,2219311305,2219316393,0.00128,0.006368,8388608,Device-to-Device
hbm,revisit,1,7,aux,memcpy,other_copy,cache_operation,cache_operation,2219317353,2219318889,0.007328,0.008864,262144,Device-to-Device
hbm,revisit,1,7,aux,memcpy,other_copy,compute_graph_projection_inputs,compute_graph_projection_inputs,2219319753,2219321417,0.009728,0.011392,1835008,Device-to-Device
hbm,revisit,1,7,aux,memcpy,other_copy,compute_graph_projection_inputs,compute_graph_projection_inputs,2219322313,2219324457,0.012288,0.014432,1835008,Device-to-Device
hbm,revisit,1,7,aux,kernel,model_auxiliary,compute_graph_projection_inputs,compute_graph_projection_inputs,2219330153,2219331081,0.020128,0.021056,0,"void at::native::vectorized_elementwise_kernel<(int)2, at::native::FillFunctor<long>, std::array<char *, (unsigned long)1>>(int, T2, T3)"
hbm,revisit,1,7,projection,kernel,model_auxiliary,compute_graph_projection_layer_1_q_128,compute_graph_projection_layer_1_q_128,2219445386,2219448682,0.135361,0.138657,0,kernel_cutlass_kernel_operatorsdeepseek_v32norm_fusedLocalFusedRMSNorm_object_at__tensorptrbf16gmemalign128oi64716871681_tensorptrbf16gmemalign128oi64716871681_tensorptrf32gmemalign16o716_0
hbm,revisit,1,7,projection,kernel,model_auxiliary,compute_graph_projection_layer_1_q_128,compute_graph_projection_layer_1_q_128,2219448810,2219450122,0.138785,0.140097,0,"void at::native::elementwise_kernel<(int)128, (int)2, void at::native::gpu_kernel_impl_nocast<at::native::CUDAFunctor_add<long>>(at::TensorIteratorBase &, const T1 &)::[lambda(int) (instance 1)]>(int, T3)"
hbm,revisit,1,7,projection,kernel,model_auxiliary,compute_graph_projection_layer_1_q_128,compute_graph_projection_layer_1_q_128,2219450218,2219451626,0.140193,0.141601,0,"void at::native::unrolled_elementwise_kernel<at::native::direct_copy_kernel_cuda(at::TensorIteratorBase &)::[lambda() (instance 3)]::operator ()() const::[lambda() (instance 7)]::operator ()() const::[lambda(float) (instance 1)], std::array<char *, (unsigned long)2>, (int)4, TrivialOffsetCalculator<(int)1, unsigned int>, TrivialOffsetCalculator<(int)1, unsigned int>, at::native::memory::LoadWithCast<(int)1>, at::native::memory::StoreWithCast<(int)1>>(int, T1, T2, T4, T5, T6, T7)"
hbm,revisit,1,7,projection,kernel,model_auxiliary,compute_graph_projection_layer_1_q_128,compute_graph_projection_layer_1_q_128,2219451722,2219452842,0.141697,0.142817,0,"void at::native::vectorized_elementwise_kernel<(int)2, at::native::CUDAFunctorOnSelf_add<long>, std::array<char *, (unsigned long)2>>(int, T2, T3)"
hbm,revisit,1,7,projection,kernel,model_auxiliary,compute_graph_projection_layer_1_q_128,compute_graph_projection_layer_1_q_128,2219452938,2219454154,0.142913,0.144129,0,"void at::native::unrolled_elementwise_kernel<at::native::direct_copy_kernel_cuda(at::TensorIteratorBase &)::[lambda() (instance 3)]::operator ()() const::[lambda() (instance 3)]::operator ()() const::[lambda(int) (instance 1)], std::array<char *, (unsigned long)2>, (int)4, TrivialOffsetCalculator<(int)1, unsigned int>, TrivialOffsetCalculator<(int)1, unsigned int>, at::native::memory::LoadWithCast<(int)1>, at::native::memory::StoreWithCast<(int)1>>(int, T1, T2, T4, T5, T6, T7)"
hbm,revisit,1,7,projection,kernel,model_auxiliary,q_a_proj,compute_graph_projection_layer_1_q_128,2219454282,2219456330,0.144257,0.146305,0,activation_quantization
hbm,revisit,1,7,projection,kernel,model_auxiliary,q_a_proj,compute_graph_projection_layer_1_q_128,2219456426,2219458442,0.146401,0.148417,0,"void deep_gemm::transpose_fp32<(unsigned int)512, (unsigned int)64, (unsigned int)56, (unsigned int)128, (unsigned int)57>(const float *, float *, unsigned int)"
hbm,revisit,1,7,projection,kernel,matrix_compute,q_a_proj,compute_graph_projection_layer_1_q_128,2219458538,2219469930,0.148513,0.159905,0,"void deep_gemm::sm90_fp8_gemm_1d2d_impl<(cute::UMMA::Major)0, (unsigned int)0, (unsigned int)1536, (unsigned int)7168, (unsigned int)1, (unsigned int)64, (unsigned int)32, (unsigned int)128, (unsigned int)128, (unsigned int)128, (unsigned int)64, (unsigned int)16, (unsigned int)128, (unsigned int)128, (unsigned int)1, (bool)0, (unsigned int)132, (deep_gemm::GemmType)0, cutlass::bfloat16_t>(float *, int *, unsigned int, unsigned int, unsigned int, CUtensorMap_st, CUtensorMap_st, CUtensorMap_st, CUtensorMap_st)"
hbm,revisit,1,7,projection,kernel,model_auxiliary,compute_graph_projection_layer_1_q_128,compute_graph_projection_layer_1_q_128,2219470154,2219472394,0.160129,0.162369,0,kernel_cutlass_kernel_operatorsdeepseek_v32norm_plainLocalPlainRMSNorm_object_at__tensorptrbf16gmemalign128oi64153615361_tensorptrf32gmemalign16o15361_tensorptrbf16gmemalign128oi641536153_0
hbm,revisit,1,7,projection,kernel,model_auxiliary,compute_graph_projection_layer_1_q_128,compute_graph_projection_layer_1_q_128,2219472522,2219474026,0.162497,0.164001,0,"void at::native::elementwise_kernel<(int)128, (int)2, void at::native::gpu_kernel_impl_nocast<at::native::BinaryFunctor<float, float, float, at::native::binary_internal::MulFunctor<float>>>(at::TensorIteratorBase &, const T1 &)::[lambda(int) (instance 1)]>(int, T3)"
hbm,revisit,1,7,projection,kernel,model_auxiliary,compute_graph_projection_layer_1_q_128,compute_graph_projection_layer_1_q_128,2219474154,2219474986,0.164129,0.164961,0,"void <unnamed>::elementwise_kernel_with_index<int, at::native::arange_cuda_out(const c10::Scalar &, const c10::Scalar &, const c10::Scalar &, at::Tensor &)::[lambda() (instance 1)]::operator ()() const::[lambda() (instance 4)]::operator ()() const::[lambda(long) (instance 1)]>(T1, T2, function_traits<T2>::result_type *)"
hbm,revisit,1,7,projection,kernel,model_auxiliary,compute_graph_projection_layer_1_q_128,compute_graph_projection_layer_1_q_128,2219475114,2219476842,0.165089,0.166817,0,"void at::native::vectorized_elementwise_kernel<(int)4, at::native::cos_kernel_cuda(at::TensorIteratorBase &)::[lambda() (instance 2)]::operator ()() const::[lambda() (instance 2)]::operator ()() const::[lambda(float) (instance 1)], std::array<char *, (unsigned long)2>>(int, T2, T3)"
hbm,revisit,1,7,projection,kernel,model_auxiliary,compute_graph_projection_layer_1_q_128,compute_graph_projection_layer_1_q_128,2219476938,2219478698,0.166913,0.168673,0,"void at::native::vectorized_elementwise_kernel<(int)4, at::native::sin_kernel_cuda(at::TensorIteratorBase &)::[lambda() (instance 2)]::operator ()() const::[lambda() (instance 2)]::operator ()() const::[lambda(float) (instance 1)], std::array<char *, (unsigned long)2>>(int, T2, T3)"
hbm,revisit,1,7,projection,kernel,model_auxiliary,compute_graph_projection_layer_1_q_128,compute_graph_projection_layer_1_q_128,2219478826,2219480138,0.168801,0.170113,0,"void at::native::<unnamed>::CatArrayBatchedCopy_vectorized<at::native::<unnamed>::OpaqueType<(unsigned int)4>, unsigned int, (int)2, (int)128, (int)1, (int)16, (int)4>(char *, at::native::<unnamed>::CatArrInputTensorMetadata<T1, T2, T4, T5>, at::native::<unnamed>::TensorSizeStride<T2, (unsigned int)4>, int, T2)"
hbm,revisit,1,7,projection,kernel,model_auxiliary,q_b_proj,compute_graph_projection_layer_1_q_128,2219480266,2219482186,0.170241,0.172161,0,activation_quantization
hbm,revisit,1,7,projection,kernel,model_auxiliary,q_b_proj,compute_graph_projection_layer_1_q_128,2219482282,2219483818,0.172257,0.173793,0,"void deep_gemm::transpose_fp32<(unsigned int)512, (unsigned int)64, (unsigned int)12, (unsigned int)128, (unsigned int)13>(const float *, float *, unsigned int)"
hbm,revisit,1,7,projection,kernel,matrix_compute,q_b_proj,compute_graph_projection_layer_1_q_128,2219483914,2219501258,0.173889,0.191233,0,"void deep_gemm::sm90_fp8_gemm_1d2d_impl<(cute::UMMA::Major)0, (unsigned int)0, (unsigned int)24576, (unsigned int)1536, (unsigned int)1, (unsigned int)128, (unsigned int)192, (unsigned int)128, (unsigned int)128, (unsigned int)128, (unsigned int)128, (unsigned int)4, (unsigned int)128, (unsigned int)256, (unsigned int)1, (bool)0, (unsigned int)132, (deep_gemm::GemmType)0, cutlass::bfloat16_t>(float *, int *, unsigned int, unsigned int, unsigned int, CUtensorMap_st, CUtensorMap_st, CUtensorMap_st, CUtensorMap_st)"
hbm,revisit,1,7,projection,kernel,matrix_compute,q_absorb,compute_graph_projection_layer_1_q_128,2219501738,2219512522,0.191713,0.202497,0,nvjet_sm90_tst_256x128_64x4_2x1_v_bz_coopA_NNT
hbm,revisit,1,7,projection,kernel,model_auxiliary,kv_a_proj,compute_graph_projection_layer_1_q_128,2219512618,2219515594,0.202593,0.205569,0,activation_quantization
hbm,revisit,1,7,projection,kernel,model_auxiliary,kv_a_proj,compute_graph_projection_layer_1_q_128,2219515658,2219517738,0.205633,0.207713,0,"void deep_gemm::transpose_fp32<(unsigned int)512, (unsigned int)64, (unsigned int)56, (unsigned int)128, (unsigned int)57>(const float *, float *, unsigned int)"
hbm,revisit,1,7,projection,kernel,matrix_compute,kv_a_proj,compute_graph_projection_layer_1_q_128,2219517802,2219527562,0.207777,0.217537,0,"void deep_gemm::sm90_fp8_gemm_1d2d_impl<(cute::UMMA::Major)0, (unsigned int)0, (unsigned int)576, (unsigned int)7168, (unsigned int)1, (unsigned int)64, (unsigned int)16, (unsigned int)128, (unsigned int)128, (unsigned int)128, (unsigned int)32, (unsigned int)16, (unsigned int)128, (unsigned int)128, (unsigned int)1, (bool)0, (unsigned int)132, (deep_gemm::GemmType)0, cutlass::bfloat16_t>(float *, int *, unsigned int, unsigned int, unsigned int, CUtensorMap_st, CUtensorMap_st, CUtensorMap_st, CUtensorMap_st)"
hbm,revisit,1,7,projection,kernel,model_auxiliary,compute_graph_projection_layer_1_q_128,compute_graph_projection_layer_1_q_128,2219527690,2219530186,0.217665,0.220161,0,"void at::native::elementwise_kernel<(int)128, (int)4, void at::native::gpu_kernel_impl_nocast<at::native::direct_copy_kernel_cuda(at::TensorIteratorBase &)::[lambda() (instance 3)]::operator ()() const::[lambda() (instance 12)]::operator ()() const::[lambda(c10::BFloat16) (instance 1)]>(at::TensorIteratorBase &, const T1 &)::[lambda(int) (instance 1)]>(int, T3)"
hbm,revisit,1,7,projection,kernel,model_auxiliary,compute_graph_projection_layer_1_q_128,compute_graph_projection_layer_1_q_128,2219530474,2219531978,0.220449,0.221953,0,kernel_cutlass_kernel_operatorsdeepseek_v32norm_plainLocalPlainRMSNorm_object_at__tensorptrbf16gmemalign128oi645125121_tensorptrf32gmemalign16o5121_tensorptrbf16gmemalign128oi645125121____0
hbm,revisit,1,7,projection,kernel,model_auxiliary,compute_graph_projection_layer_1_q_128,compute_graph_projection_layer_1_q_128,2219532042,2219534794,0.222017,0.224769,0,"void flashinfer::BatchQKApplyRotaryPosIdsCosSinCacheHeadParallelismKernel<(bool)1, (unsigned int)64, (unsigned int)8, (unsigned int)8, __nv_bfloat16, long>(T5 *, T5 *, T5 *, T5 *, float *, T6 *, unsigned int, unsigned int, unsigned int, unsigned int, unsigned long, unsigned long, unsigned long, unsigned long, unsigned long, unsigned long, unsigned long, unsigned long)"
hbm,revisit,1,7,projection,kernel,model_auxiliary,index_q_proj,compute_graph_projection_layer_1_q_128,2219534890,2219537610,0.224865,0.227585,0,activation_quantization
hbm,revisit,1,7,projection,kernel,model_auxiliary,index_q_proj,compute_graph_projection_layer_1_q_128,2219537674,2219539210,0.227649,0.229185,0,"void deep_gemm::transpose_fp32<(unsigned int)512, (unsigned int)64, (unsigned int)12, (unsigned int)128, (unsigned int)13>(const float *, float *, unsigned int)"
hbm,revisit,1,7,projection,kernel,matrix_compute,index_q_proj,compute_graph_projection_layer_1_q_128,2219539274,2219547306,0.229249,0.237281,0,"void deep_gemm::sm90_fp8_gemm_1d2d_impl<(cute::UMMA::Major)0, (unsigned int)0, (unsigned int)8192, (unsigned int)1536, (unsigned int)1, (unsigned int)64, (unsigned int)128, (unsigned int)128, (unsigned int)128, (unsigned int)128, (unsigned int)128, (unsigned int)8, (unsigned int)128, (unsigned int)128, (unsigned int)1, (bool)0, (unsigned int)132, (deep_gemm::GemmType)0, cutlass::bfloat16_t>(float *, int *, unsigned int, unsigned int, unsigned int, CUtensorMap_st, CUtensorMap_st, CUtensorMap_st, CUtensorMap_st)"
hbm,revisit,1,7,projection,kernel,model_auxiliary,index_k_proj,compute_graph_projection_layer_1_q_128,2219547402,2219550378,0.237377,0.240353,0,activation_quantization
hbm,revisit,1,7,projection,kernel,model_auxiliary,index_k_proj,compute_graph_projection_layer_1_q_128,2219550442,2219552490,0.240417,0.242465,0,"void deep_gemm::transpose_fp32<(unsigned int)512, (unsigned int)64, (unsigned int)56, (unsigned int)128, (unsigned int)57>(const float *, float *, unsigned int)"
hbm,revisit,1,7,projection,kernel,matrix_compute,index_k_proj,compute_graph_projection_layer_1_q_128,2219552554,2219562314,0.242529,0.252289,0,"void deep_gemm::sm90_fp8_gemm_1d2d_impl<(cute::UMMA::Major)0, (unsigned int)0, (unsigned int)128, (unsigned int)7168, (unsigned int)1, (unsigned int)64, (unsigned int)16, (unsigned int)128, (unsigned int)128, (unsigned int)128, (unsigned int)32, (unsigned int)16, (unsigned int)128, (unsigned int)128, (unsigned int)1, (bool)0, (unsigned int)132, (deep_gemm::GemmType)0, cutlass::bfloat16_t>(float *, int *, unsigned int, unsigned int, unsigned int, CUtensorMap_st, CUtensorMap_st, CUtensorMap_st, CUtensorMap_st)"
hbm,revisit,1,7,projection,kernel,model_auxiliary,compute_graph_projection_layer_1_q_128,compute_graph_projection_layer_1_q_128,2219562410,2219565450,0.252385,0.255425,0,"void at::native::unrolled_elementwise_kernel<at::native::direct_copy_kernel_cuda(at::TensorIteratorBase &)::[lambda() (instance 3)]::operator ()() const::[lambda() (instance 7)]::operator ()() const::[lambda(float) (instance 1)], std::array<char *, (unsigned long)2>, (int)4, TrivialOffsetCalculator<(int)1, unsigned int>, TrivialOffsetCalculator<(int)1, unsigned int>, at::native::memory::LoadWithCast<(int)1>, at::native::memory::StoreWithCast<(int)1>>(int, T1, T2, T4, T5, T6, T7)"
hbm,revisit,1,7,projection,kernel,model_auxiliary,compute_graph_projection_layer_1_q_128,compute_graph_projection_layer_1_q_128,2219565578,2219568874,0.255553,0.258849,0,"void at::native::<unnamed>::vectorized_layer_norm_kernel<float, float, (bool)0>(int, T2, const T1 *, const T1 *, const T1 *, T2 *, T2 *, T1 *)"
hbm,revisit,1,7,projection,kernel,model_auxiliary,compute_graph_projection_layer_1_q_128,compute_graph_projection_layer_1_q_128,2219568970,2219570154,0.258945,0.260129,0,"void at::native::vectorized_elementwise_kernel<(int)8, at::native::bfloat16_copy_kernel_cuda(at::TensorIteratorBase &)::[lambda(float) (instance 1)], std::array<char *, (unsigned long)2>>(int, T2, T3)"
hbm,revisit,1,7,projection,kernel,model_auxiliary,compute_graph_projection_layer_1_q_128,compute_graph_projection_layer_1_q_128,2219570250,2219572842,0.260225,0.262817,0,"void flashinfer::BatchQKApplyRotaryPosIdsCosSinCacheHeadParallelismKernel<(bool)0, (unsigned int)128, (unsigned int)8, (unsigned int)16, __nv_bfloat16, long>(T5 *, T5 *, T5 *, T5 *, float *, T6 *, unsigned int, unsigned int, unsigned int, unsigned int, unsigned long, unsigned long, unsigned long, unsigned long, unsigned long, unsigned long, unsigned long, unsigned long)"
hbm,revisit,1,7,projection,kernel,model_auxiliary,compute_graph_projection_layer_1_q_128,compute_graph_projection_layer_1_q_128,2219572938,2219574762,0.262913,0.264737,0,quantize_kernel
hbm,revisit,1,7,projection,kernel,model_auxiliary,compute_graph_projection_layer_1_q_128,compute_graph_projection_layer_1_q_128,2219574890,2219576138,0.264865,0.266113,0,quantize_kernel
hbm,revisit,1,7,projection,kernel,model_auxiliary,compute_graph_projection_layer_1_q_128,compute_graph_projection_layer_1_q_128,2219576266,2219580010,0.266241,0.269985,0,"void at::native::unrolled_elementwise_kernel<at::native::direct_copy_kernel_cuda(at::TensorIteratorBase &)::[lambda() (instance 3)]::operator ()() const::[lambda() (instance 7)]::operator ()() const::[lambda(float) (instance 1)], std::array<char *, (unsigned long)2>, (int)4, TrivialOffsetCalculator<(int)1, unsigned int>, TrivialOffsetCalculator<(int)1, unsigned int>, at::native::memory::LoadWithCast<(int)1>, at::native::memory::StoreWithCast<(int)1>>(int, T1, T2, T4, T5, T6, T7)"
hbm,revisit,1,7,projection,kernel,matrix_compute,index_weights_proj,compute_graph_projection_layer_1_q_128,2219580170,2219592458,0.270145,0.282433,0,void cutlass::Kernel2<cutlass_80_simt_sgemm_64x64_8x5_tn_align1>(T1::Params)
hbm,revisit,1,7,projection,kernel,model_auxiliary,index_weights_proj,compute_graph_projection_layer_1_q_128,2219592554,2219596042,0.282529,0.286017,0,"void cublasLt::splitKreduce_kernel<(int)32, (int)16, int, float, float, float, float, (bool)0, float, float, float, (bool)1, (bool)0, (bool)0, (bool)0>(cublasLt::cublasSplitKParams<T6>, const T4 *, const T10 *, T9 *, T5 *, const T6 *, const T6 *, const T11 *, const T4 *, T11 *, void *, long, T6 *, int *, T6 *, T6 *, const T6 *, const T6 *, const T6 *, const T6 *, const T6 *)"
hbm,revisit,1,7,projection,kernel,model_auxiliary,compute_graph_projection_layer_1_q_128,compute_graph_projection_layer_1_q_128,2219596170,2219597290,0.286145,0.287265,0,"void at::native::vectorized_elementwise_kernel<(int)4, at::native::AUnaryFunctor<float, float, float, at::native::binary_internal::MulFunctor<float>>, std::array<char *, (unsigned long)2>>(int, T2, T3)"
hbm,revisit,1,7,projection,kernel,model_auxiliary,compute_graph_projection_layer_1_q_128,compute_graph_projection_layer_1_q_128,2219597418,2219598570,0.287393,0.288545,0,"void at::native::vectorized_elementwise_kernel<(int)4, at::native::BinaryFunctor<float, float, float, at::native::binary_internal::MulFunctor<float>>, std::array<char *, (unsigned long)3>>(int, T2, T3)"
hbm,revisit,1,7,projection,kernel,model_auxiliary,compute_graph_projection_layer_1_q_128,compute_graph_projection_layer_1_q_128,2219598698,2219599754,0.288673,0.289729,0,"void at::native::vectorized_elementwise_kernel<(int)4, at::native::AUnaryFunctor<float, float, float, at::native::binary_internal::MulFunctor<float>>, std::array<char *, (unsigned long)2>>(int, T2, T3)"
hbm,revisit,1,7,projection,kernel,model_auxiliary,compute_graph_projection_layer_1_q_128,compute_graph_projection_layer_1_q_128,2219599882,2219602058,0.289857,0.292033,0,"void at::native::<unnamed>::CatArrayBatchedCopy_vectorized<at::native::<unnamed>::OpaqueType<(unsigned int)2>, unsigned int, (int)2, (int)128, (int)1, (int)16, (int)8>(char *, at::native::<unnamed>::CatArrInputTensorMetadata<T1, T2, T4, T5>, at::native::<unnamed>::TensorSizeStride<T2, (unsigned int)4>, int, T2)"
hbm,revisit,1,7,aux,memcpy,other_copy,index_cache_write,index_cache_write,2219603434,2219604426,0.293409,0.294401,16384,Device-to-Device
hbm,revisit,1,7,aux,memcpy,other_copy,index_cache_write,index_cache_write,2219605450,2219606282,0.295425,0.296257,512,Device-to-Device
hbm,revisit,1,7,index,kernel,matrix_compute,indexer_qk,indexer_qk,2219648074,2219942442,0.338049,0.632417,0,"void deep_gemm::sm90_fp8_mqa_logits<(unsigned int)64, (unsigned int)128, (unsigned int)2, (unsigned int)256, (unsigned int)3, (unsigned int)3, (unsigned int)132, (unsigned int)128, (unsigned int)512, float>(unsigned int, unsigned int, unsigned int, unsigned int *, unsigned int *, T10 *, CUtensorMap_st, CUtensorMap_st, CUtensorMap_st, CUtensorMap_st)"
hbm,revisit,1,7,index,kernel,model_auxiliary,indexer_qk,indexer_qk,2219943530,2219944298,0.633505,0.634273,0,"void <unnamed>::elementwise_kernel_with_index<int, at::native::arange_cuda_out(const c10::Scalar &, const c10::Scalar &, const c10::Scalar &, at::Tensor &)::[lambda() (instance 1)]::operator ()() const::[lambda() (instance 4)]::operator ()() const::[lambda(long) (instance 1)]>(T1, T2, function_traits<T2>::result_type *)"
hbm,revisit,1,7,index,kernel,model_auxiliary,indexer_qk,indexer_qk,2219945226,2219948714,0.635201,0.638689,0,"void at::native::elementwise_kernel<(int)128, (int)4, void at::native::gpu_kernel_impl<at::native::<unnamed>::CompareFunctor<long>>(at::TensorIteratorBase &, const T1 &)::[lambda(int) (instance 1)]>(int, T3)"
hbm,revisit,1,7,index,kernel,model_auxiliary,indexer_qk,indexer_qk,2219949962,2219952330,0.639937,0.642305,0,"void at::native::elementwise_kernel<(int)128, (int)2, void at::native::gpu_kernel_impl_nocast<at::native::<unnamed>::masked_fill_kernel(at::TensorIterator &, const c10::Scalar &)::[lambda() (instance 1)]::operator ()() const::[lambda() (instance 7)]::operator ()() const::[lambda(float, bool) (instance 1)]>(at::TensorIteratorBase &, const T1 &)::[lambda(int) (instance 1)]>(int, T3)"
hbm,revisit,1,7,topk,kernel,model_auxiliary,exact_topk,exact_topk,2219953226,2219979114,0.643201,0.669089,0,"void at::native::elementwise_kernel<(int)128, (int)2, void at::native::gpu_kernel_impl_nocast<at::native::direct_copy_kernel_cuda(at::TensorIteratorBase &)::[lambda() (instance 3)]::operator ()() const::[lambda() (instance 7)]::operator ()() const::[lambda(float) (instance 1)]>(at::TensorIteratorBase &, const T1 &)::[lambda(int) (instance 1)]>(int, T3)"
hbm,revisit,1,7,topk,kernel,model_auxiliary,exact_topk,exact_topk,2219980298,2220015178,0.670273,0.705153,0,"void flashinfer::sampling::FilteredTopKUnifiedKernel<float, int, (int)4, (bool)1, (flashinfer::sampling::FilteredTopKMode)0, (flashinfer::sampling::TopKTieBreak)1, flashinfer::sampling::DirectPageTableKernelPolicy<int>, >(const T1 *, T2 *, T1 *, const T2 *, long, const T2 *, const T2 *, const T2 *, const T2 *, unsigned int, unsigned int, unsigned int, T8...)"
hbm,revisit,1,7,topk,kernel,model_auxiliary,exact_topk,exact_topk,2220016298,2220028266,0.706273,0.718241,0,"void flashinfer::sampling::FinalizeTopKIndicesKernel<(bool)1, (flashinfer::sampling::FilteredTopKMode)0, (unsigned int)256, (unsigned int)8, float, int, flashinfer::sampling::DirectPageTableKernelPolicy<int>, >(T6 *, T5 *, const T6 *, long, const T6 *, const T6 *, unsigned int, unsigned int, T8...)"
hbm,revisit,1,7,topk,kernel,model_auxiliary,exact_topk,exact_topk,2220030026,2220045002,0.720001,0.734977,0,"void flashinfer::sampling::StableSortTopKByValueKernel<(unsigned int)256, (unsigned int)8, int, float>(T3 *, T4 *, unsigned int, unsigned int)"
hbm,revisit,1,7,topk,kernel,model_auxiliary,exact_topk,exact_topk,2220045994,2220047274,0.735969,0.737249,0,mask_kernel
hbm,revisit,1,7,aux,memcpy,other_copy,cache_operation,cache_operation,2220048170,2220049866,0.738145,0.739841,147456,Device-to-Device
hbm,revisit,1,7,attention,kernel,matrix_compute,mla_qk_pv,mla_qk_pv,2220055722,2220186666,0.745697,0.876641,0,"void sm90::prefill::sparse_fwd::sparse_attn_fwd_kernel<sm90::prefill::sparse_fwd::KernelTemplate<(int)576, (bool)0>, sm90::prefill::sparse_fwd::KernelTemplate<(int)576, (bool)0>::TmaParams<cute::tuple<int, int, int>, cute::TiledCopy<cute::Copy_Atom<cute::Copy_Traits<cute::SM90_TMA_LOAD, cute::C<(int)65536>, cute::AuxTmaParams<cute::tuple<cute::ScaledBasis<cute::C<(int)1>, (int)1>, cute::ScaledBasis<cute::C<(int)1>, (int)0>, cute::ScaledBasis<cute::C<(int)1>, (int)2>>, const cute::Layout<cute::tuple<cute::C<(int)64>, cute::C<(int)64>, cute::C<(int)1>>, cute::tuple<cute::ScaledBasis<cute::C<(int)1>, (int)1>, cute::ScaledBasis<cute::C<(int)1>, (int)0>, cute::ScaledBasis<cute::C<(int)1>, (int)2>>> &, const cute::Swizzle<(int)3, (int)4, (int)3> &>>, cutlass::bfloat16_t>, cute::Layout<cute::tuple<cute::C<(int)1>, cute::tuple<cute::tuple<cute::tuple<cute::C<(int)64>, cute::C<(int)64>>, cute::C<(int)9>>>>, cute::tuple<cute::C<(int)0>, cute::tuple<cute::tuple<cute::tuple<cute::C<(int)64>, cute::C<(int)1>>, cute::C<(int)4096>>>>>, cute::tuple<cute::C<(int)64>, cute::C<(int)576>>>>>(SparseAttnFwdParams, T2)"
hbm,revisit,1,7,finish,kernel,matrix_compute,v_expand,v_expand,2220188042,2220198666,0.878017,0.888641,0,nvjet_sm90_tst_128x128_64x6_1x1_h_bz_NNT
hbm,revisit,1,7,finish,kernel,model_auxiliary,o_proj,compute_graph_finish_layer_1_q_128,2220231722,2220234474,0.921697,0.924449,0,activation_quantization
hbm,revisit,1,7,finish,kernel,model_auxiliary,o_proj,compute_graph_finish_layer_1_q_128,2220234538,2220238410,0.924513,0.928385,0,"void deep_gemm::transpose_fp32<(unsigned int)512, (unsigned int)64, (unsigned int)128, (unsigned int)128, (unsigned int)129>(const float *, float *, unsigned int)"
hbm,revisit,1,7,finish,kernel,matrix_compute,o_proj,compute_graph_finish_layer_1_q_128,2220238474,2220287498,0.928449,0.977473,0,"void deep_gemm::sm90_fp8_gemm_1d2d_impl<(cute::UMMA::Major)0, (unsigned int)0, (unsigned int)7168, (unsigned int)16384, (unsigned int)1, (unsigned int)64, (unsigned int)112, (unsigned int)128, (unsigned int)128, (unsigned int)128, (unsigned int)32, (unsigned int)9, (unsigned int)128, (unsigned int)128, (unsigned int)1, (bool)0, (unsigned int)132, (deep_gemm::GemmType)0, cutlass::bfloat16_t>(float *, int *, unsigned int, unsigned int, unsigned int, CUtensorMap_st, CUtensorMap_st, CUtensorMap_st, CUtensorMap_st)"
hbm,revisit,1,7,finish,kernel,model_auxiliary,compute_graph_finish_layer_1_q_128,compute_graph_finish_layer_1_q_128,2220287914,2220291370,0.977889,0.981345,0,kernel_cutlass_kernel_operatorsdeepseek_v32norm_fusedLocalFusedRMSNorm_object_at__tensorptrbf16gmemalign128oi64716871681_tensorptrbf16gmemalign128oi64716871681_tensorptrf32gmemalign16o716_0
hbm,revisit,1,7,finish,kernel,model_auxiliary,mlp_gate,compute_graph_finish_layer_1_q_128,2220291498,2220293578,0.981473,0.983553,0,activation_quantization
hbm,revisit,1,7,finish,kernel,model_auxiliary,mlp_gate,compute_graph_finish_layer_1_q_128,2220293706,2220295754,0.983681,0.985729,0,"void deep_gemm::transpose_fp32<(unsigned int)512, (unsigned int)64, (unsigned int)56, (unsigned int)128, (unsigned int)57>(const float *, float *, unsigned int)"
hbm,revisit,1,7,finish,kernel,matrix_compute,mlp_gate,compute_graph_finish_layer_1_q_128,2220295850,2220334633,0.985825,1.024608,0,"void deep_gemm::sm90_fp8_gemm_1d2d_impl<(cute::UMMA::Major)0, (unsigned int)0, (unsigned int)18432, (unsigned int)7168, (unsigned int)1, (unsigned int)128, (unsigned int)144, (unsigned int)128, (unsigned int)128, (unsigned int)128, (unsigned int)32, (unsigned int)5, (unsigned int)128, (unsigned int)256, (unsigned int)1, (bool)0, (unsigned int)132, (deep_gemm::GemmType)0, cutlass::bfloat16_t>(float *, int *, unsigned int, unsigned int, unsigned int, CUtensorMap_st, CUtensorMap_st, CUtensorMap_st, CUtensorMap_st)"
hbm,revisit,1,7,finish,kernel,model_auxiliary,mlp_up,compute_graph_finish_layer_1_q_128,2220334634,2220337097,1.024609,1.027072,0,"void deep_gemm::transpose_fp32<(unsigned int)512, (unsigned int)64, (unsigned int)56, (unsigned int)128, (unsigned int)57>(const float *, float *, unsigned int)"
hbm,revisit,1,7,finish,kernel,matrix_compute,mlp_up,compute_graph_finish_layer_1_q_128,2220337098,2220377994,1.027073,1.067969,0,"void deep_gemm::sm90_fp8_gemm_1d2d_impl<(cute::UMMA::Major)0, (unsigned int)0, (unsigned int)18432, (unsigned int)7168, (unsigned int)1, (unsigned int)128, (unsigned int)144, (unsigned int)128, (unsigned int)128, (unsigned int)128, (unsigned int)32, (unsigned int)5, (unsigned int)128, (unsigned int)256, (unsigned int)1, (bool)0, (unsigned int)132, (deep_gemm::GemmType)0, cutlass::bfloat16_t>(float *, int *, unsigned int, unsigned int, unsigned int, CUtensorMap_st, CUtensorMap_st, CUtensorMap_st, CUtensorMap_st)"
hbm,revisit,1,7,finish,kernel,model_auxiliary,compute_graph_finish_layer_1_q_128,compute_graph_finish_layer_1_q_128,2220377962,2220383146,1.067937,1.073121,0,"void flashinfer::activation::act_and_mul_kernel<__nv_bfloat16, &silu>(T1 *, const T1 *, int)"
hbm,revisit,1,7,finish,kernel,model_auxiliary,mlp_down,compute_graph_finish_layer_1_q_128,2220383210,2220385898,1.073185,1.075873,0,activation_quantization
hbm,revisit,1,7,finish,kernel,model_auxiliary,mlp_down,compute_graph_finish_layer_1_q_128,2220385962,2220390218,1.075937,1.080193,0,"void deep_gemm::transpose_fp32<(unsigned int)512, (unsigned int)64, (unsigned int)144, (unsigned int)128, (unsigned int)145>(const float *, float *, unsigned int)"
hbm,revisit,1,7,finish,kernel,matrix_compute,mlp_down,compute_graph_finish_layer_1_q_128,2220390282,2220444427,1.080257,1.134402,0,"void deep_gemm::sm90_fp8_gemm_1d2d_impl<(cute::UMMA::Major)0, (unsigned int)0, (unsigned int)7168, (unsigned int)18432, (unsigned int)1, (unsigned int)64, (unsigned int)112, (unsigned int)128, (unsigned int)128, (unsigned int)128, (unsigned int)32, (unsigned int)9, (unsigned int)128, (unsigned int)128, (unsigned int)1, (bool)0, (unsigned int)132, (deep_gemm::GemmType)0, cutlass::bfloat16_t>(float *, int *, unsigned int, unsigned int, unsigned int, CUtensorMap_st, CUtensorMap_st, CUtensorMap_st, CUtensorMap_st)"
echo,revisit,1,7,aux,memcpy,other_copy,pool_operation,pool_operation,35038924,35043852,0.00128,0.006208,8388608,Device-to-Device
echo,revisit,1,7,aux,memcpy,other_copy,pool_operation,pool_operation,35049164,35050636,0.01152,0.012992,262144,Device-to-Device
echo,revisit,1,7,aux,memcpy,other_copy,compute_graph_projection_inputs,compute_graph_projection_inputs,35172652,35174156,0.135008,0.136512,1835008,Device-to-Device
echo,revisit,1,7,aux,memcpy,other_copy,compute_graph_projection_inputs,compute_graph_projection_inputs,35184780,35186828,0.147136,0.149184,1835008,Device-to-Device
echo,revisit,1,7,aux,kernel,model_auxiliary,compute_graph_projection_inputs,compute_graph_projection_inputs,35201836,35202604,0.164192,0.16496,0,"void at::native::vectorized_elementwise_kernel<(int)2, at::native::FillFunctor<long>, std::array<char *, (unsigned long)1>>(int, T2, T3)"
echo,revisit,1,7,projection,kernel,model_auxiliary,compute_graph_projection_layer_1_q_128,compute_graph_projection_layer_1_q_128,35332716,35335852,0.295072,0.298208,0,kernel_cutlass_kernel_operatorsdeepseek_v32norm_fusedLocalFusedRMSNorm_object_at__tensorptrbf16gmemalign128oi64716871681_tensorptrbf16gmemalign128oi64716871681_tensorptrf32gmemalign16o716_0
echo,revisit,1,7,projection,kernel,model_auxiliary,compute_graph_projection_layer_1_q_128,compute_graph_projection_layer_1_q_128,35335980,35337324,0.298336,0.29968,0,"void at::native::elementwise_kernel<(int)128, (int)2, void at::native::gpu_kernel_impl_nocast<at::native::CUDAFunctor_add<long>>(at::TensorIteratorBase &, const T1 &)::[lambda(int) (instance 1)]>(int, T3)"
echo,revisit,1,7,projection,kernel,model_auxiliary,compute_graph_projection_layer_1_q_128,compute_graph_projection_layer_1_q_128,35337452,35338956,0.299808,0.301312,0,"void at::native::unrolled_elementwise_kernel<at::native::direct_copy_kernel_cuda(at::TensorIteratorBase &)::[lambda() (instance 3)]::operator ()() const::[lambda() (instance 7)]::operator ()() const::[lambda(float) (instance 1)], std::array<char *, (unsigned long)2>, (int)4, TrivialOffsetCalculator<(int)1, unsigned int>, TrivialOffsetCalculator<(int)1, unsigned int>, at::native::memory::LoadWithCast<(int)1>, at::native::memory::StoreWithCast<(int)1>>(int, T1, T2, T4, T5, T6, T7)"
echo,revisit,1,7,projection,kernel,model_auxiliary,compute_graph_projection_layer_1_q_128,compute_graph_projection_layer_1_q_128,35339052,35340076,0.301408,0.302432,0,"void at::native::vectorized_elementwise_kernel<(int)2, at::native::CUDAFunctorOnSelf_add<long>, std::array<char *, (unsigned long)2>>(int, T2, T3)"
echo,revisit,1,7,projection,kernel,model_auxiliary,compute_graph_projection_layer_1_q_128,compute_graph_projection_layer_1_q_128,35340172,35341324,0.302528,0.30368,0,"void at::native::unrolled_elementwise_kernel<at::native::direct_copy_kernel_cuda(at::TensorIteratorBase &)::[lambda() (instance 3)]::operator ()() const::[lambda() (instance 3)]::operator ()() const::[lambda(int) (instance 1)], std::array<char *, (unsigned long)2>, (int)4, TrivialOffsetCalculator<(int)1, unsigned int>, TrivialOffsetCalculator<(int)1, unsigned int>, at::native::memory::LoadWithCast<(int)1>, at::native::memory::StoreWithCast<(int)1>>(int, T1, T2, T4, T5, T6, T7)"
echo,revisit,1,7,projection,kernel,model_auxiliary,q_a_proj,compute_graph_projection_layer_1_q_128,35341420,35343372,0.303776,0.305728,0,activation_quantization
echo,revisit,1,7,projection,kernel,model_auxiliary,q_a_proj,compute_graph_projection_layer_1_q_128,35343500,35345356,0.305856,0.307712,0,"void deep_gemm::transpose_fp32<(unsigned int)512, (unsigned int)64, (unsigned int)56, (unsigned int)128, (unsigned int)57>(const float *, float *, unsigned int)"
echo,revisit,1,7,projection,kernel,matrix_compute,q_a_proj,compute_graph_projection_layer_1_q_128,35345452,35355724,0.307808,0.31808,0,"void deep_gemm::sm90_fp8_gemm_1d2d_impl<(cute::UMMA::Major)0, (unsigned int)0, (unsigned int)1536, (unsigned int)7168, (unsigned int)1, (unsigned int)64, (unsigned int)32, (unsigned int)128, (unsigned int)128, (unsigned int)128, (unsigned int)64, (unsigned int)16, (unsigned int)128, (unsigned int)128, (unsigned int)1, (bool)0, (unsigned int)132, (deep_gemm::GemmType)0, cutlass::bfloat16_t>(float *, int *, unsigned int, unsigned int, unsigned int, CUtensorMap_st, CUtensorMap_st, CUtensorMap_st, CUtensorMap_st)"
echo,revisit,1,7,projection,kernel,model_auxiliary,compute_graph_projection_layer_1_q_128,compute_graph_projection_layer_1_q_128,35355948,35357964,0.318304,0.32032,0,kernel_cutlass_kernel_operatorsdeepseek_v32norm_plainLocalPlainRMSNorm_object_at__tensorptrbf16gmemalign128oi64153615361_tensorptrf32gmemalign16o15361_tensorptrbf16gmemalign128oi641536153_0
echo,revisit,1,7,projection,kernel,model_auxiliary,compute_graph_projection_layer_1_q_128,compute_graph_projection_layer_1_q_128,35358092,35359500,0.320448,0.321856,0,"void at::native::elementwise_kernel<(int)128, (int)2, void at::native::gpu_kernel_impl_nocast<at::native::BinaryFunctor<float, float, float, at::native::binary_internal::MulFunctor<float>>>(at::TensorIteratorBase &, const T1 &)::[lambda(int) (instance 1)]>(int, T3)"
echo,revisit,1,7,projection,kernel,model_auxiliary,compute_graph_projection_layer_1_q_128,compute_graph_projection_layer_1_q_128,35359628,35360396,0.321984,0.322752,0,"void <unnamed>::elementwise_kernel_with_index<int, at::native::arange_cuda_out(const c10::Scalar &, const c10::Scalar &, const c10::Scalar &, at::Tensor &)::[lambda() (instance 1)]::operator ()() const::[lambda() (instance 4)]::operator ()() const::[lambda(long) (instance 1)]>(T1, T2, function_traits<T2>::result_type *)"
echo,revisit,1,7,projection,kernel,model_auxiliary,compute_graph_projection_layer_1_q_128,compute_graph_projection_layer_1_q_128,35360492,35362092,0.322848,0.324448,0,"void at::native::vectorized_elementwise_kernel<(int)4, at::native::cos_kernel_cuda(at::TensorIteratorBase &)::[lambda() (instance 2)]::operator ()() const::[lambda() (instance 2)]::operator ()() const::[lambda(float) (instance 1)], std::array<char *, (unsigned long)2>>(int, T2, T3)"
echo,revisit,1,7,projection,kernel,model_auxiliary,compute_graph_projection_layer_1_q_128,compute_graph_projection_layer_1_q_128,35362220,35363884,0.324576,0.32624,0,"void at::native::vectorized_elementwise_kernel<(int)4, at::native::sin_kernel_cuda(at::TensorIteratorBase &)::[lambda() (instance 2)]::operator ()() const::[lambda() (instance 2)]::operator ()() const::[lambda(float) (instance 1)], std::array<char *, (unsigned long)2>>(int, T2, T3)"
echo,revisit,1,7,projection,kernel,model_auxiliary,compute_graph_projection_layer_1_q_128,compute_graph_projection_layer_1_q_128,35363980,35365260,0.326336,0.327616,0,"void at::native::<unnamed>::CatArrayBatchedCopy_vectorized<at::native::<unnamed>::OpaqueType<(unsigned int)4>, unsigned int, (int)2, (int)128, (int)1, (int)16, (int)4>(char *, at::native::<unnamed>::CatArrInputTensorMetadata<T1, T2, T4, T5>, at::native::<unnamed>::TensorSizeStride<T2, (unsigned int)4>, int, T2)"
echo,revisit,1,7,projection,kernel,model_auxiliary,q_b_proj,compute_graph_projection_layer_1_q_128,35365356,35367212,0.327712,0.329568,0,activation_quantization
echo,revisit,1,7,projection,kernel,model_auxiliary,q_b_proj,compute_graph_projection_layer_1_q_128,35367276,35368748,0.329632,0.331104,0,"void deep_gemm::transpose_fp32<(unsigned int)512, (unsigned int)64, (unsigned int)12, (unsigned int)128, (unsigned int)13>(const float *, float *, unsigned int)"
echo,revisit,1,7,projection,kernel,matrix_compute,q_b_proj,compute_graph_projection_layer_1_q_128,35368812,35385324,0.331168,0.34768,0,"void deep_gemm::sm90_fp8_gemm_1d2d_impl<(cute::UMMA::Major)0, (unsigned int)0, (unsigned int)24576, (unsigned int)1536, (unsigned int)1, (unsigned int)128, (unsigned int)192, (unsigned int)128, (unsigned int)128, (unsigned int)128, (unsigned int)128, (unsigned int)4, (unsigned int)128, (unsigned int)256, (unsigned int)1, (bool)0, (unsigned int)132, (deep_gemm::GemmType)0, cutlass::bfloat16_t>(float *, int *, unsigned int, unsigned int, unsigned int, CUtensorMap_st, CUtensorMap_st, CUtensorMap_st, CUtensorMap_st)"
echo,revisit,1,7,projection,kernel,matrix_compute,q_absorb,compute_graph_projection_layer_1_q_128,35385772,35395884,0.348128,0.35824,0,nvjet_sm90_tst_256x128_64x4_2x1_v_bz_coopA_NNT
echo,revisit,1,7,projection,kernel,model_auxiliary,kv_a_proj,compute_graph_projection_layer_1_q_128,35395948,35399084,0.358304,0.36144,0,activation_quantization
echo,revisit,1,7,projection,kernel,model_auxiliary,kv_a_proj,compute_graph_projection_layer_1_q_128,35399148,35401068,0.361504,0.363424,0,"void deep_gemm::transpose_fp32<(unsigned int)512, (unsigned int)64, (unsigned int)56, (unsigned int)128, (unsigned int)57>(const float *, float *, unsigned int)"
echo,revisit,1,7,projection,kernel,matrix_compute,kv_a_proj,compute_graph_projection_layer_1_q_128,35401132,35410284,0.363488,0.37264,0,"void deep_gemm::sm90_fp8_gemm_1d2d_impl<(cute::UMMA::Major)0, (unsigned int)0, (unsigned int)576, (unsigned int)7168, (unsigned int)1, (unsigned int)64, (unsigned int)16, (unsigned int)128, (unsigned int)128, (unsigned int)128, (unsigned int)32, (unsigned int)16, (unsigned int)128, (unsigned int)128, (unsigned int)1, (bool)0, (unsigned int)132, (deep_gemm::GemmType)0, cutlass::bfloat16_t>(float *, int *, unsigned int, unsigned int, unsigned int, CUtensorMap_st, CUtensorMap_st, CUtensorMap_st, CUtensorMap_st)"
echo,revisit,1,7,projection,kernel,model_auxiliary,compute_graph_projection_layer_1_q_128,compute_graph_projection_layer_1_q_128,35410380,35412716,0.372736,0.375072,0,"void at::native::elementwise_kernel<(int)128, (int)4, void at::native::gpu_kernel_impl_nocast<at::native::direct_copy_kernel_cuda(at::TensorIteratorBase &)::[lambda() (instance 3)]::operator ()() const::[lambda() (instance 12)]::operator ()() const::[lambda(c10::BFloat16) (instance 1)]>(at::TensorIteratorBase &, const T1 &)::[lambda(int) (instance 1)]>(int, T3)"
echo,revisit,1,7,projection,kernel,model_auxiliary,compute_graph_projection_layer_1_q_128,compute_graph_projection_layer_1_q_128,35413164,35414604,0.37552,0.37696,0,kernel_cutlass_kernel_operatorsdeepseek_v32norm_plainLocalPlainRMSNorm_object_at__tensorptrbf16gmemalign128oi645125121_tensorptrf32gmemalign16o5121_tensorptrbf16gmemalign128oi645125121____0
echo,revisit,1,7,projection,kernel,model_auxiliary,compute_graph_projection_layer_1_q_128,compute_graph_projection_layer_1_q_128,35414668,35417356,0.377024,0.379712,0,"void flashinfer::BatchQKApplyRotaryPosIdsCosSinCacheHeadParallelismKernel<(bool)1, (unsigned int)64, (unsigned int)8, (unsigned int)8, __nv_bfloat16, long>(T5 *, T5 *, T5 *, T5 *, float *, T6 *, unsigned int, unsigned int, unsigned int, unsigned int, unsigned long, unsigned long, unsigned long, unsigned long, unsigned long, unsigned long, unsigned long, unsigned long)"
echo,revisit,1,7,projection,kernel,model_auxiliary,index_q_proj,compute_graph_projection_layer_1_q_128,35417452,35420236,0.379808,0.382592,0,activation_quantization
echo,revisit,1,7,projection,kernel,model_auxiliary,index_q_proj,compute_graph_projection_layer_1_q_128,35420268,35421708,0.382624,0.384064,0,"void deep_gemm::transpose_fp32<(unsigned int)512, (unsigned int)64, (unsigned int)12, (unsigned int)128, (unsigned int)13>(const float *, float *, unsigned int)"
echo,revisit,1,7,projection,kernel,matrix_compute,index_q_proj,compute_graph_projection_layer_1_q_128,35421772,35429356,0.384128,0.391712,0,"void deep_gemm::sm90_fp8_gemm_1d2d_impl<(cute::UMMA::Major)0, (unsigned int)0, (unsigned int)8192, (unsigned int)1536, (unsigned int)1, (unsigned int)64, (unsigned int)128, (unsigned int)128, (unsigned int)128, (unsigned int)128, (unsigned int)128, (unsigned int)8, (unsigned int)128, (unsigned int)128, (unsigned int)1, (bool)0, (unsigned int)132, (deep_gemm::GemmType)0, cutlass::bfloat16_t>(float *, int *, unsigned int, unsigned int, unsigned int, CUtensorMap_st, CUtensorMap_st, CUtensorMap_st, CUtensorMap_st)"
echo,revisit,1,7,projection,kernel,model_auxiliary,index_k_proj,compute_graph_projection_layer_1_q_128,35429420,35432460,0.391776,0.394816,0,activation_quantization
echo,revisit,1,7,projection,kernel,model_auxiliary,index_k_proj,compute_graph_projection_layer_1_q_128,35432524,35434412,0.39488,0.396768,0,"void deep_gemm::transpose_fp32<(unsigned int)512, (unsigned int)64, (unsigned int)56, (unsigned int)128, (unsigned int)57>(const float *, float *, unsigned int)"
echo,revisit,1,7,projection,kernel,matrix_compute,index_k_proj,compute_graph_projection_layer_1_q_128,35434540,35443436,0.396896,0.405792,0,"void deep_gemm::sm90_fp8_gemm_1d2d_impl<(cute::UMMA::Major)0, (unsigned int)0, (unsigned int)128, (unsigned int)7168, (unsigned int)1, (unsigned int)64, (unsigned int)16, (unsigned int)128, (unsigned int)128, (unsigned int)128, (unsigned int)32, (unsigned int)16, (unsigned int)128, (unsigned int)128, (unsigned int)1, (bool)0, (unsigned int)132, (deep_gemm::GemmType)0, cutlass::bfloat16_t>(float *, int *, unsigned int, unsigned int, unsigned int, CUtensorMap_st, CUtensorMap_st, CUtensorMap_st, CUtensorMap_st)"
echo,revisit,1,7,projection,kernel,model_auxiliary,compute_graph_projection_layer_1_q_128,compute_graph_projection_layer_1_q_128,35443596,35446380,0.405952,0.408736,0,"void at::native::unrolled_elementwise_kernel<at::native::direct_copy_kernel_cuda(at::TensorIteratorBase &)::[lambda() (instance 3)]::operator ()() const::[lambda() (instance 7)]::operator ()() const::[lambda(float) (instance 1)], std::array<char *, (unsigned long)2>, (int)4, TrivialOffsetCalculator<(int)1, unsigned int>, TrivialOffsetCalculator<(int)1, unsigned int>, at::native::memory::LoadWithCast<(int)1>, at::native::memory::StoreWithCast<(int)1>>(int, T1, T2, T4, T5, T6, T7)"
echo,revisit,1,7,projection,kernel,model_auxiliary,compute_graph_projection_layer_1_q_128,compute_graph_projection_layer_1_q_128,35446508,35449388,0.408864,0.411744,0,"void at::native::<unnamed>::vectorized_layer_norm_kernel<float, float, (bool)0>(int, T2, const T1 *, const T1 *, const T1 *, T2 *, T2 *, T1 *)"
echo,revisit,1,7,projection,kernel,model_auxiliary,compute_graph_projection_layer_1_q_128,compute_graph_projection_layer_1_q_128,35449484,35450604,0.41184,0.41296,0,"void at::native::vectorized_elementwise_kernel<(int)8, at::native::bfloat16_copy_kernel_cuda(at::TensorIteratorBase &)::[lambda(float) (instance 1)], std::array<char *, (unsigned long)2>>(int, T2, T3)"
echo,revisit,1,7,projection,kernel,model_auxiliary,compute_graph_projection_layer_1_q_128,compute_graph_projection_layer_1_q_128,35450700,35453100,0.413056,0.415456,0,"void flashinfer::BatchQKApplyRotaryPosIdsCosSinCacheHeadParallelismKernel<(bool)0, (unsigned int)128, (unsigned int)8, (unsigned int)16, __nv_bfloat16, long>(T5 *, T5 *, T5 *, T5 *, float *, T6 *, unsigned int, unsigned int, unsigned int, unsigned int, unsigned long, unsigned long, unsigned long, unsigned long, unsigned long, unsigned long, unsigned long, unsigned long)"
echo,revisit,1,7,projection,kernel,model_auxiliary,compute_graph_projection_layer_1_q_128,compute_graph_projection_layer_1_q_128,35453196,35454860,0.415552,0.417216,0,quantize_kernel
echo,revisit,1,7,projection,kernel,model_auxiliary,compute_graph_projection_layer_1_q_128,compute_graph_projection_layer_1_q_128,35454988,35456172,0.417344,0.418528,0,quantize_kernel
echo,revisit,1,7,projection,kernel,model_auxiliary,compute_graph_projection_layer_1_q_128,compute_graph_projection_layer_1_q_128,35456268,35459916,0.418624,0.422272,0,"void at::native::unrolled_elementwise_kernel<at::native::direct_copy_kernel_cuda(at::TensorIteratorBase &)::[lambda() (instance 3)]::operator ()() const::[lambda() (instance 7)]::operator ()() const::[lambda(float) (instance 1)], std::array<char *, (unsigned long)2>, (int)4, TrivialOffsetCalculator<(int)1, unsigned int>, TrivialOffsetCalculator<(int)1, unsigned int>, at::native::memory::LoadWithCast<(int)1>, at::native::memory::StoreWithCast<(int)1>>(int, T1, T2, T4, T5, T6, T7)"
echo,revisit,1,7,projection,kernel,matrix_compute,index_weights_proj,compute_graph_projection_layer_1_q_128,35460044,35471276,0.4224,0.433632,0,void cutlass::Kernel2<cutlass_80_simt_sgemm_64x64_8x5_tn_align1>(T1::Params)
echo,revisit,1,7,projection,kernel,model_auxiliary,index_weights_proj,compute_graph_projection_layer_1_q_128,35471372,35474636,0.433728,0.436992,0,"void cublasLt::splitKreduce_kernel<(int)32, (int)16, int, float, float, float, float, (bool)0, float, float, float, (bool)1, (bool)0, (bool)0, (bool)0>(cublasLt::cublasSplitKParams<T6>, const T4 *, const T10 *, T9 *, T5 *, const T6 *, const T6 *, const T11 *, const T4 *, T11 *, void *, long, T6 *, int *, T6 *, T6 *, const T6 *, const T6 *, const T6 *, const T6 *, const T6 *)"
echo,revisit,1,7,projection,kernel,model_auxiliary,compute_graph_projection_layer_1_q_128,compute_graph_projection_layer_1_q_128,35474764,35475820,0.43712,0.438176,0,"void at::native::vectorized_elementwise_kernel<(int)4, at::native::AUnaryFunctor<float, float, float, at::native::binary_internal::MulFunctor<float>>, std::array<char *, (unsigned long)2>>(int, T2, T3)"
echo,revisit,1,7,projection,kernel,model_auxiliary,compute_graph_projection_layer_1_q_128,compute_graph_projection_layer_1_q_128,35475916,35477036,0.438272,0.439392,0,"void at::native::vectorized_elementwise_kernel<(int)4, at::native::BinaryFunctor<float, float, float, at::native::binary_internal::MulFunctor<float>>, std::array<char *, (unsigned long)3>>(int, T2, T3)"
echo,revisit,1,7,projection,kernel,model_auxiliary,compute_graph_projection_layer_1_q_128,compute_graph_projection_layer_1_q_128,35477164,35478124,0.43952,0.44048,0,"void at::native::vectorized_elementwise_kernel<(int)4, at::native::AUnaryFunctor<float, float, float, at::native::binary_internal::MulFunctor<float>>, std::array<char *, (unsigned long)2>>(int, T2, T3)"
echo,revisit,1,7,projection,kernel,model_auxiliary,compute_graph_projection_layer_1_q_128,compute_graph_projection_layer_1_q_128,35478252,35480140,0.440608,0.442496,0,"void at::native::<unnamed>::CatArrayBatchedCopy_vectorized<at::native::<unnamed>::OpaqueType<(unsigned int)2>, unsigned int, (int)2, (int)128, (int)1, (int)16, (int)8>(char *, at::native::<unnamed>::CatArrInputTensorMetadata<T1, T2, T4, T5>, at::native::<unnamed>::TensorSizeStride<T2, (unsigned int)4>, int, T2)"
echo,revisit,1,7,aux,memcpy,other_copy,index_cache_write,index_cache_write,35481420,35482348,0.443776,0.444704,16384,Device-to-Device
echo,revisit,1,7,aux,memcpy,other_copy,index_cache_write,index_cache_write,35483308,35484044,0.445664,0.4464,512,Device-to-Device
echo,revisit,1,7,aux,memcpy,other_copy,cache_torch_argsort,cache_torch_argsort,35522412,35524044,0.484768,0.4864,524288,Device-to-Device
echo,revisit,1,7,aux,kernel,cache_metadata,cache_torch_argsort,cache_torch_argsort,35534348,35535660,0.496704,0.498016,0,"at::native::<unnamed>::fill_reverse_indices_kernel(long *, int, at::cuda::detail::IntDivider<unsigned int>)"
echo,revisit,1,7,aux,memset,cache_metadata,cache_torch_argsort,cache_torch_argsort,35547884,35548684,0.51024,0.51104,32,memset
echo,revisit,1,7,aux,memset,cache_metadata,cache_torch_argsort,cache_torch_argsort,35553580,35554444,0.515936,0.5168,16384,memset
echo,revisit,1,7,aux,kernel,cache_metadata,cache_torch_argsort,cache_torch_argsort,35565036,35568396,0.527392,0.530752,0,"void at_cuda_detail::cub::detail::radix_sort::DeviceRadixSortHistogramKernel<at_cuda_detail::cub::detail::radix::policy_hub<long, at::cuda::cub::detail::OpaqueType<(int)8>, unsigned long long>::Policy1000, (at_cuda_detail::cub::SortOrder)0, long, unsigned long long, at_cuda_detail::cub::detail::identity_decomposer_t>(T4 *, const T3 *, T4, int, int, T5)"
echo,revisit,1,7,aux,kernel,cache_metadata,cache_torch_argsort,cache_torch_argsort,35571788,35572972,0.534144,0.535328,0,"void at_cuda_detail::cub::detail::radix_sort::DeviceRadixSortExclusiveSumKernel<at_cuda_detail::cub::detail::radix::policy_hub<long, at::cuda::cub::detail::OpaqueType<(int)8>, unsigned long long>::Policy1000, unsigned long long>(T2 *)"
echo,revisit,1,7,aux,memset,cache_metadata,cache_torch_argsort,cache_torch_argsort,35575436,35576396,0.537792,0.538752,15360,memset
echo,revisit,1,7,aux,kernel,cache_metadata,cache_torch_argsort,cache_torch_argsort,35580652,35589388,0.543008,0.551744,0,"void at_cuda_detail::cub::detail::radix_sort::DeviceRadixSortOnesweepKernel<at_cuda_detail::cub::detail::radix::policy_hub<long, at::cuda::cub::detail::OpaqueType<(int)8>, unsigned long long>::Policy1000, (at_cuda_detail::cub::SortOrder)0, long, at::cuda::cub::detail::OpaqueType<(int)8>, unsigned long long, int, int, at_cuda_detail::cub::detail::identity_decomposer_t>(T7 *, T7 *, T5 *, const T5 *, T3 *, const T3 *, T4 *, const T4 *, T6, int, int, T8)"
echo,revisit,1,7,aux,memset,cache_metadata,cache_torch_argsort,cache_torch_argsort,35590476,35591468,0.552832,0.553824,15360,memset
echo,revisit,1,7,aux,kernel,cache_metadata,cache_torch_argsort,cache_torch_argsort,35592492,35598572,0.554848,0.560928,0,"void at_cuda_detail::cub::detail::radix_sort::DeviceRadixSortOnesweepKernel<at_cuda_detail::cub::detail::radix::policy_hub<long, at::cuda::cub::detail::OpaqueType<(int)8>, unsigned long long>::Policy1000, (at_cuda_detail::cub::SortOrder)0, long, at::cuda::cub::detail::OpaqueType<(int)8>, unsigned long long, int, int, at_cuda_detail::cub::detail::identity_decomposer_t>(T7 *, T7 *, T5 *, const T5 *, T3 *, const T3 *, T4 *, const T4 *, T6, int, int, T8)"
echo,revisit,1,7,aux,memset,cache_metadata,cache_torch_argsort,cache_torch_argsort,35599564,35600524,0.56192,0.56288,15360,memset
echo,revisit,1,7,aux,kernel,cache_metadata,cache_torch_argsort,cache_torch_argsort,35601580,35606988,0.563936,0.569344,0,"void at_cuda_detail::cub::detail::radix_sort::DeviceRadixSortOnesweepKernel<at_cuda_detail::cub::detail::radix::policy_hub<long, at::cuda::cub::detail::OpaqueType<(int)8>, unsigned long long>::Policy1000, (at_cuda_detail::cub::SortOrder)0, long, at::cuda::cub::detail::OpaqueType<(int)8>, unsigned long long, int, int, at_cuda_detail::cub::detail::identity_decomposer_t>(T7 *, T7 *, T5 *, const T5 *, T3 *, const T3 *, T4 *, const T4 *, T6, int, int, T8)"
echo,revisit,1,7,aux,memset,cache_metadata,cache_torch_argsort,cache_torch_argsort,35607884,35608876,0.57024,0.571232,15360,memset
echo,revisit,1,7,aux,kernel,cache_metadata,cache_torch_argsort,cache_torch_argsort,35609772,35615340,0.572128,0.577696,0,"void at_cuda_detail::cub::detail::radix_sort::DeviceRadixSortOnesweepKernel<at_cuda_detail::cub::detail::radix::policy_hub<long, at::cuda::cub::detail::OpaqueType<(int)8>, unsigned long long>::Policy1000, (at_cuda_detail::cub::SortOrder)0, long, at::cuda::cub::detail::OpaqueType<(int)8>, unsigned long long, int, int, at_cuda_detail::cub::detail::identity_decomposer_t>(T7 *, T7 *, T5 *, const T5 *, T3 *, const T3 *, T4 *, const T4 *, T6, int, int, T8)"
echo,revisit,1,7,aux,memset,cache_metadata,cache_torch_argsort,cache_torch_argsort,35616268,35617228,0.578624,0.579584,15360,memset
echo,revisit,1,7,aux,kernel,cache_metadata,cache_torch_argsort,cache_torch_argsort,35618252,35623724,0.580608,0.58608,0,"void at_cuda_detail::cub::detail::radix_sort::DeviceRadixSortOnesweepKernel<at_cuda_detail::cub::detail::radix::policy_hub<long, at::cuda::cub::detail::OpaqueType<(int)8>, unsigned long long>::Policy1000, (at_cuda_detail::cub::SortOrder)0, long, at::cuda::cub::detail::OpaqueType<(int)8>, unsigned long long, int, int, at_cuda_detail::cub::detail::identity_decomposer_t>(T7 *, T7 *, T5 *, const T5 *, T3 *, const T3 *, T4 *, const T4 *, T6, int, int, T8)"
echo,revisit,1,7,aux,memset,cache_metadata,cache_torch_argsort,cache_torch_argsort,35624748,35625708,0.587104,0.588064,15360,memset
echo,revisit,1,7,aux,kernel,cache_metadata,cache_torch_argsort,cache_torch_argsort,35626732,35632204,0.589088,0.59456,0,"void at_cuda_detail::cub::detail::radix_sort::DeviceRadixSortOnesweepKernel<at_cuda_detail::cub::detail::radix::policy_hub<long, at::cuda::cub::detail::OpaqueType<(int)8>, unsigned long long>::Policy1000, (at_cuda_detail::cub::SortOrder)0, long, at::cuda::cub::detail::OpaqueType<(int)8>, unsigned long long, int, int, at_cuda_detail::cub::detail::identity_decomposer_t>(T7 *, T7 *, T5 *, const T5 *, T3 *, const T3 *, T4 *, const T4 *, T6, int, int, T8)"
echo,revisit,1,7,aux,memset,cache_metadata,cache_torch_argsort,cache_torch_argsort,35633260,35634220,0.595616,0.596576,15360,memset
echo,revisit,1,7,aux,kernel,cache_metadata,cache_torch_argsort,cache_torch_argsort,35635180,35640684,0.597536,0.60304,0,"void at_cuda_detail::cub::detail::radix_sort::DeviceRadixSortOnesweepKernel<at_cuda_detail::cub::detail::radix::policy_hub<long, at::cuda::cub::detail::OpaqueType<(int)8>, unsigned long long>::Policy1000, (at_cuda_detail::cub::SortOrder)0, long, at::cuda::cub::detail::OpaqueType<(int)8>, unsigned long long, int, int, at_cuda_detail::cub::detail::identity_decomposer_t>(T7 *, T7 *, T5 *, const T5 *, T3 *, const T3 *, T4 *, const T4 *, T6, int, int, T8)"
echo,revisit,1,7,aux,memset,cache_metadata,cache_torch_argsort,cache_torch_argsort,35641644,35642636,0.604,0.604992,15360,memset
echo,revisit,1,7,aux,kernel,cache_metadata,cache_torch_argsort,cache_torch_argsort,35643532,35649005,0.605888,0.611361,0,"void at_cuda_detail::cub::detail::radix_sort::DeviceRadixSortOnesweepKernel<at_cuda_detail::cub::detail::radix::policy_hub<long, at::cuda::cub::detail::OpaqueType<(int)8>, unsigned long long>::Policy1000, (at_cuda_detail::cub::SortOrder)0, long, at::cuda::cub::detail::OpaqueType<(int)8>, unsigned long long, int, int, at_cuda_detail::cub::detail::identity_decomposer_t>(T7 *, T7 *, T5 *, const T5 *, T3 *, const T3 *, T4 *, const T4 *, T6, int, int, T8)"
echo,revisit,1,7,aux,kernel,cache_metadata,pool_operation,pool_operation,35664845,35666061,0.627201,0.628417,0,"void at::native::vectorized_elementwise_kernel<(int)2, at::native::CUDAFunctorOnSelf_add<long>, std::array<char *, (unsigned long)2>>(int, T2, T3)"
echo,revisit,1,7,aux,kernel,cache_metadata,pool_operation,pool_operation,35684429,35686253,0.646785,0.648609,0,"void at::native::unrolled_elementwise_kernel<at::native::direct_copy_kernel_cuda(at::TensorIteratorBase &)::[lambda() (instance 3)]::operator ()() const::[lambda() (instance 3)]::operator ()() const::[lambda(int) (instance 1)], std::array<char *, (unsigned long)2>, (int)4, TrivialOffsetCalculator<(int)1, unsigned int>, TrivialOffsetCalculator<(int)1, unsigned int>, at::native::memory::LoadWithCast<(int)1>, at::native::memory::StoreWithCast<(int)1>>(int, T1, T2, T4, T5, T6, T7)"
echo,revisit,1,7,aux,memcpy,other_copy,pool_operation,pool_operation,35695917,35697005,0.658273,0.659361,262144,Device-to-Device
echo,revisit,1,7,aux,kernel,cache_metadata,pool_operation,pool_operation,35709901,35710669,0.672257,0.673025,0,"void at::native::vectorized_elementwise_kernel<(int)4, at::native::FillFunctor<unsigned int>, std::array<char *, (unsigned long)1>>(int, T2, T3)"
echo,revisit,1,7,aux,kernel,cache_metadata,pool_operation,pool_operation,35720845,35721773,0.683201,0.684129,0,"void at::native::vectorized_elementwise_kernel<(int)2, at::native::FillFunctor<long>, std::array<char *, (unsigned long)1>>(int, T2, T3)"
echo,revisit,1,7,aux,kernel,cache_metadata,pool_operation,pool_operation,35728653,35729421,0.691009,0.691777,0,"void at::native::vectorized_elementwise_kernel<(int)2, at::native::FillFunctor<long>, std::array<char *, (unsigned long)1>>(int, T2, T3)"
echo,revisit,1,7,aux,kernel,model_auxiliary,indexer_fused,indexer_fused,35904557,35905293,0.866913,0.867649,0,"void at::native::vectorized_elementwise_kernel<(int)4, at::native::FillFunctor<unsigned int>, std::array<char *, (unsigned long)1>>(int, T2, T3)"
echo,revisit,1,7,aux,kernel,model_auxiliary,indexer_fused,indexer_fused,35914893,35915725,0.877249,0.878081,0,"void at::native::vectorized_elementwise_kernel<(int)2, at::native::FillFunctor<long>, std::array<char *, (unsigned long)1>>(int, T2, T3)"
echo,revisit,1,7,aux,kernel,model_auxiliary,indexer_fused,indexer_fused,35922221,35922957,0.884577,0.885313,0,"void at::native::vectorized_elementwise_kernel<(int)2, at::native::FillFunctor<long>, std::array<char *, (unsigned long)1>>(int, T2, T3)"
echo,revisit,1,7,aux,memcpy,H2D,indexer_fused,indexer_fused,35951405,35952141,0.913761,0.914497,4,Host-to-Device
echo,revisit,1,7,aux,kernel,model_auxiliary,indexer_fused,indexer_fused,35980621,35981357,0.942977,0.943713,0,"void at::native::vectorized_elementwise_kernel<(int)4, at::native::FillFunctor<int>, std::array<char *, (unsigned long)1>>(int, T2, T3)"
echo,revisit,1,7,fused,kernel,indexer_prefetch_fused,indexer_fused,indexer_fused,36047437,36823245,1.009793,1.785601,0,"void echo_native::sm90_fp8_mqa_logits_fuse_prefetch<(unsigned int)64, (unsigned int)128, (unsigned int)576, (unsigned int)2, (unsigned int)128, (unsigned int)3, (unsigned int)3, (unsigned int)96, (unsigned int)128, (unsigned int)256, (unsigned int)256, (unsigned int)16384>(unsigned int, unsigned int, unsigned long, unsigned long, unsigned int *, unsigned int *, float *, const int *, const int *, const int *, __nv_bfloat16 *, __nv_bfloat16 *, long *, const int *, long *, int *, unsigned int *, long *, float *, unsigned int, unsigned int, unsigned int, CUtensorMap_st, CUtensorMap_st, CUtensorMap_st, CUtensorMap_st)"
echo,revisit,1,7,aux,kernel,model_auxiliary,indexer_fused,indexer_fused,36824429,36838445,1.786785,1.800801,0,"echo_native::clean(float *, int, int, int, int)"
echo,revisit,1,7,aux,kernel,cache_metadata,pool_finalize_prefetch,pool_finalize_prefetch,36839437,36840173,1.801793,1.802529,0,"void at::native::vectorized_elementwise_kernel<(int)2, at::native::FillFunctor<long>, std::array<char *, (unsigned long)1>>(int, T2, T3)"
echo,revisit,1,7,aux,kernel,cache_metadata,pool_finalize_prefetch,pool_finalize_prefetch,36841261,36844045,1.803617,1.806401,0,"echo_native::finalize_kernel(long *, bool *, const long *, const long *, int)"
echo,revisit,1,7,aux,kernel,cache_metadata,pool_finalize_prefetch,pool_finalize_prefetch,36845005,36845773,1.807361,1.808129,0,"echo_native::advance_clock_kernel(long *, long *)"
echo,revisit,1,7,aux,kernel,cache_metadata,pool_operation,pool_operation,36846733,36848045,1.809089,1.810401,0,"void at::native::vectorized_elementwise_kernel<(int)2, at::native::CUDAFunctor_add<long>, std::array<char *, (unsigned long)3>>(int, T2, T3)"
echo,revisit,1,7,topk,kernel,model_auxiliary,exact_topk,exact_topk,36848941,36878509,1.811297,1.840865,0,"void flashinfer::sampling::FilteredTopKUnifiedKernel<float, int, (int)4, (bool)1, (flashinfer::sampling::FilteredTopKMode)0, (flashinfer::sampling::TopKTieBreak)1, flashinfer::sampling::DirectPageTableKernelPolicy<int>, >(const T1 *, T2 *, T1 *, const T2 *, long, const T2 *, const T2 *, const T2 *, const T2 *, unsigned int, unsigned int, unsigned int, T8...)"
echo,revisit,1,7,topk,kernel,model_auxiliary,exact_topk,exact_topk,36879533,36890669,1.841889,1.853025,0,"void flashinfer::sampling::FinalizeTopKIndicesKernel<(bool)1, (flashinfer::sampling::FilteredTopKMode)0, (unsigned int)256, (unsigned int)8, float, int, flashinfer::sampling::DirectPageTableKernelPolicy<int>, >(T6 *, T5 *, const T6 *, long, const T6 *, const T6 *, unsigned int, unsigned int, T8...)"
echo,revisit,1,7,topk,kernel,model_auxiliary,exact_topk,exact_topk,36891629,36905485,1.853985,1.867841,0,"void flashinfer::sampling::StableSortTopKByValueKernel<(unsigned int)256, (unsigned int)8, int, float>(T3 *, T4 *, unsigned int, unsigned int)"
echo,revisit,1,7,topk,kernel,model_auxiliary,exact_topk,exact_topk,36907405,36908749,1.869761,1.871105,0,mask_kernel
echo,revisit,1,7,topk,kernel,model_auxiliary,exact_topk,exact_topk,36909677,36911469,1.872033,1.873825,0,mask_count
echo,revisit,1,7,topk,memset,model_auxiliary,exact_topk,exact_topk,36912909,36913709,1.875265,1.876065,4,memset
echo,revisit,1,7,topk,kernel,model_auxiliary,exact_topk,exact_topk,36915629,36920525,1.877985,1.882881,0,"void at::native::reduce_kernel<(int)512, (int)1, at::native::ReduceOp<float, at::native::func_wrapper_t<float, at::native::sum_functor<float, float, float>::operator ()(at::TensorIterator &)::[lambda(float, float) (instance 1)]>, unsigned int, float, (int)4, (int)4>>(T3)"
echo,revisit,1,7,topk,kernel,model_auxiliary,exact_topk,exact_topk,36921453,36922893,1.883809,1.885249,0,publish
echo,revisit,1,7,aux,memcpy,other_copy,pool_operation,pool_operation,36923853,36925197,1.886209,1.887553,147456,Device-to-Device
echo,revisit,1,7,aux,kernel,cache_metadata,pool_operation,pool_operation,36926157,36927117,1.888513,1.889473,0,"echo_native::sparse_union_clear(unsigned int *, long, unsigned int *, unsigned int *)"
echo,revisit,1,7,aux,kernel,cache_metadata,pool_operation,pool_operation,36928077,36945645,1.890433,1.908001,0,"void echo_native::sparse_union_kernel<(bool)0>(const int *, long, unsigned int *, int, int)"
echo,revisit,1,7,aux,kernel,cache_metadata,pool_operation,pool_operation,36946605,36950893,1.908961,1.913249,0,"echo_native::sparse_classify_kernel(const unsigned int *, const int *, const int *, const long *, int, long *, long *, int *, unsigned int *, unsigned int *, unsigned long long *, int, int, int, long)"
echo,revisit,1,7,aux,memcpy,other_copy,cache_torch_argsort,cache_torch_argsort,36951917,36953645,1.914273,1.916001,524288,Device-to-Device
echo,revisit,1,7,aux,kernel,cache_metadata,cache_torch_argsort,cache_torch_argsort,36955629,36956909,1.917985,1.919265,0,"at::native::<unnamed>::fill_reverse_indices_kernel(long *, int, at::cuda::detail::IntDivider<unsigned int>)"
echo,revisit,1,7,aux,memset,cache_metadata,cache_torch_argsort,cache_torch_argsort,36958925,36959885,1.921281,1.922241,32,memset
echo,revisit,1,7,aux,memset,cache_metadata,cache_torch_argsort,cache_torch_argsort,36961357,36962221,1.923713,1.924577,16384,memset
echo,revisit,1,7,aux,kernel,cache_metadata,cache_torch_argsort,cache_torch_argsort,36963117,36966445,1.925473,1.928801,0,"void at_cuda_detail::cub::detail::radix_sort::DeviceRadixSortHistogramKernel<at_cuda_detail::cub::detail::radix::policy_hub<long, at::cuda::cub::detail::OpaqueType<(int)8>, unsigned long long>::Policy1000, (at_cuda_detail::cub::SortOrder)0, long, unsigned long long, at_cuda_detail::cub::detail::identity_decomposer_t>(T4 *, const T3 *, T4, int, int, T5)"
echo,revisit,1,7,aux,kernel,cache_metadata,cache_torch_argsort,cache_torch_argsort,36968301,36969421,1.930657,1.931777,0,"void at_cuda_detail::cub::detail::radix_sort::DeviceRadixSortExclusiveSumKernel<at_cuda_detail::cub::detail::radix::policy_hub<long, at::cuda::cub::detail::OpaqueType<(int)8>, unsigned long long>::Policy1000, unsigned long long>(T2 *)"
echo,revisit,1,7,aux,memset,cache_metadata,cache_torch_argsort,cache_torch_argsort,36970381,36971309,1.932737,1.933665,15360,memset
echo,revisit,1,7,aux,kernel,cache_metadata,cache_torch_argsort,cache_torch_argsort,36972269,36980749,1.934625,1.943105,0,"void at_cuda_detail::cub::detail::radix_sort::DeviceRadixSortOnesweepKernel<at_cuda_detail::cub::detail::radix::policy_hub<long, at::cuda::cub::detail::OpaqueType<(int)8>, unsigned long long>::Policy1000, (at_cuda_detail::cub::SortOrder)0, long, at::cuda::cub::detail::OpaqueType<(int)8>, unsigned long long, int, int, at_cuda_detail::cub::detail::identity_decomposer_t>(T7 *, T7 *, T5 *, const T5 *, T3 *, const T3 *, T4 *, const T4 *, T6, int, int, T8)"
echo,revisit,1,7,aux,memset,cache_metadata,cache_torch_argsort,cache_torch_argsort,36981709,36982669,1.944065,1.945025,15360,memset
echo,revisit,1,7,aux,kernel,cache_metadata,cache_torch_argsort,cache_torch_argsort,36984461,36990541,1.946817,1.952897,0,"void at_cuda_detail::cub::detail::radix_sort::DeviceRadixSortOnesweepKernel<at_cuda_detail::cub::detail::radix::policy_hub<long, at::cuda::cub::detail::OpaqueType<(int)8>, unsigned long long>::Policy1000, (at_cuda_detail::cub::SortOrder)0, long, at::cuda::cub::detail::OpaqueType<(int)8>, unsigned long long, int, int, at_cuda_detail::cub::detail::identity_decomposer_t>(T7 *, T7 *, T5 *, const T5 *, T3 *, const T3 *, T4 *, const T4 *, T6, int, int, T8)"
echo,revisit,1,7,aux,memset,cache_metadata,cache_torch_argsort,cache_torch_argsort,36991501,36992461,1.953857,1.954817,15360,memset
echo,revisit,1,7,aux,kernel,cache_metadata,cache_torch_argsort,cache_torch_argsort,36993389,36998894,1.955745,1.96125,0,"void at_cuda_detail::cub::detail::radix_sort::DeviceRadixSortOnesweepKernel<at_cuda_detail::cub::detail::radix::policy_hub<long, at::cuda::cub::detail::OpaqueType<(int)8>, unsigned long long>::Policy1000, (at_cuda_detail::cub::SortOrder)0, long, at::cuda::cub::detail::OpaqueType<(int)8>, unsigned long long, int, int, at_cuda_detail::cub::detail::identity_decomposer_t>(T7 *, T7 *, T5 *, const T5 *, T3 *, const T3 *, T4 *, const T4 *, T6, int, int, T8)"
echo,revisit,1,7,aux,memset,cache_metadata,cache_torch_argsort,cache_torch_argsort,36999950,37000942,1.962306,1.963298,15360,memset
echo,revisit,1,7,aux,kernel,cache_metadata,cache_torch_argsort,cache_torch_argsort,37001902,37007374,1.964258,1.96973,0,"void at_cuda_detail::cub::detail::radix_sort::DeviceRadixSortOnesweepKernel<at_cuda_detail::cub::detail::radix::policy_hub<long, at::cuda::cub::detail::OpaqueType<(int)8>, unsigned long long>::Policy1000, (at_cuda_detail::cub::SortOrder)0, long, at::cuda::cub::detail::OpaqueType<(int)8>, unsigned long long, int, int, at_cuda_detail::cub::detail::identity_decomposer_t>(T7 *, T7 *, T5 *, const T5 *, T3 *, const T3 *, T4 *, const T4 *, T6, int, int, T8)"
echo,revisit,1,7,aux,memset,cache_metadata,cache_torch_argsort,cache_torch_argsort,37008366,37009326,1.970722,1.971682,15360,memset
echo,revisit,1,7,aux,kernel,cache_metadata,cache_torch_argsort,cache_torch_argsort,37010254,37015822,1.97261,1.978178,0,"void at_cuda_detail::cub::detail::radix_sort::DeviceRadixSortOnesweepKernel<at_cuda_detail::cub::detail::radix::policy_hub<long, at::cuda::cub::detail::OpaqueType<(int)8>, unsigned long long>::Policy1000, (at_cuda_detail::cub::SortOrder)0, long, at::cuda::cub::detail::OpaqueType<(int)8>, unsigned long long, int, int, at_cuda_detail::cub::detail::identity_decomposer_t>(T7 *, T7 *, T5 *, const T5 *, T3 *, const T3 *, T4 *, const T4 *, T6, int, int, T8)"
echo,revisit,1,7,aux,memset,cache_metadata,cache_torch_argsort,cache_torch_argsort,37016846,37017806,1.979202,1.980162,15360,memset
echo,revisit,1,7,aux,kernel,cache_metadata,cache_torch_argsort,cache_torch_argsort,37018894,37024334,1.98125,1.98669,0,"void at_cuda_detail::cub::detail::radix_sort::DeviceRadixSortOnesweepKernel<at_cuda_detail::cub::detail::radix::policy_hub<long, at::cuda::cub::detail::OpaqueType<(int)8>, unsigned long long>::Policy1000, (at_cuda_detail::cub::SortOrder)0, long, at::cuda::cub::detail::OpaqueType<(int)8>, unsigned long long, int, int, at_cuda_detail::cub::detail::identity_decomposer_t>(T7 *, T7 *, T5 *, const T5 *, T3 *, const T3 *, T4 *, const T4 *, T6, int, int, T8)"
echo,revisit,1,7,aux,memset,cache_metadata,cache_torch_argsort,cache_torch_argsort,37025358,37026318,1.987714,1.988674,15360,memset
echo,revisit,1,7,aux,kernel,cache_metadata,cache_torch_argsort,cache_torch_argsort,37027246,37032718,1.989602,1.995074,0,"void at_cuda_detail::cub::detail::radix_sort::DeviceRadixSortOnesweepKernel<at_cuda_detail::cub::detail::radix::policy_hub<long, at::cuda::cub::detail::OpaqueType<(int)8>, unsigned long long>::Policy1000, (at_cuda_detail::cub::SortOrder)0, long, at::cuda::cub::detail::OpaqueType<(int)8>, unsigned long long, int, int, at_cuda_detail::cub::detail::identity_decomposer_t>(T7 *, T7 *, T5 *, const T5 *, T3 *, const T3 *, T4 *, const T4 *, T6, int, int, T8)"
echo,revisit,1,7,aux,memset,cache_metadata,cache_torch_argsort,cache_torch_argsort,37033710,37034670,1.996066,1.997026,15360,memset
echo,revisit,1,7,aux,kernel,cache_metadata,cache_torch_argsort,cache_torch_argsort,37035598,37041070,1.997954,2.003426,0,"void at_cuda_detail::cub::detail::radix_sort::DeviceRadixSortOnesweepKernel<at_cuda_detail::cub::detail::radix::policy_hub<long, at::cuda::cub::detail::OpaqueType<(int)8>, unsigned long long>::Policy1000, (at_cuda_detail::cub::SortOrder)0, long, at::cuda::cub::detail::OpaqueType<(int)8>, unsigned long long, int, int, at_cuda_detail::cub::detail::identity_decomposer_t>(T7 *, T7 *, T5 *, const T5 *, T3 *, const T3 *, T4 *, const T4 *, T6, int, int, T8)"
echo,revisit,1,7,aux,kernel,cache_metadata,pool_operation,pool_operation,37042094,37044814,2.00445,2.00717,0,"void at::native::unrolled_elementwise_kernel<at::native::direct_copy_kernel_cuda(at::TensorIteratorBase &)::[lambda() (instance 3)]::operator ()() const::[lambda() (instance 4)]::operator ()() const::[lambda(long) (instance 1)], std::array<char *, (unsigned long)2>, (int)4, TrivialOffsetCalculator<(int)1, unsigned int>, TrivialOffsetCalculator<(int)1, unsigned int>, at::native::memory::LoadWithCast<(int)1>, at::native::memory::StoreWithCast<(int)1>>(int, T1, T2, T4, T5, T6, T7)"
echo,revisit,1,7,aux,kernel,cache_metadata,pool_operation,pool_operation,37045806,37046702,2.008162,2.009058,0,"void at_cuda_detail::cub::detail::scan::DeviceScanInitKernel<at_cuda_detail::cub::ScanTileState<long, (bool)1>>(T1, int)"
echo,revisit,1,7,aux,kernel,cache_metadata,pool_operation,pool_operation,37047790,37050830,2.010146,2.013186,0,"void at_cuda_detail::cub::detail::scan::DeviceScanKernel<at_cuda_detail::cub::detail::scan::policy_hub<long, long, long, unsigned int, std::plus<long>>::Policy1000, const long *, long *, at_cuda_detail::cub::ScanTileState<long, (bool)1>, std::plus<long>, at_cuda_detail::cub::NullType, unsigned int, long, (bool)0, at_cuda_detail::cub::NullType>(T2, T3, T4, int, T5, T6, T7)"
echo,revisit,1,7,aux,kernel,cache_metadata,pool_operation,pool_operation,37051886,37055438,2.014242,2.017794,0,"echo_native::sparse_compact_kernel(const long *, const int *, int *, long *, long *, bool *, unsigned long long *, long *, long *, int, int, int, int, long)"
echo,revisit,1,7,transfer,kernel,host_gather,host_gather,host_gather,37066190,37076942,2.028546,2.039298,0,"void <unnamed>::gather_records<unsigned int>(const unsigned char *, unsigned char *, const long *, const long *, long, long, long, long, const T1 *)"
echo,revisit,1,7,aux,kernel,cache_metadata,pool_operation,pool_operation,37107278,37110382,2.069634,2.072738,0,"echo_native::sparse_publish_kernel(const long *, const long *, int, int *, long *, long *, bool *, long *, int, int, long, const unsigned int *, unsigned long long *)"
echo,revisit,1,7,aux,kernel,cache_metadata,pool_operation,pool_operation,37138318,37144814,2.100674,2.10717,0,"echo_native::sparse_map_kernel(const int *, int *, long, const int *, const int *, int, int, int, int)"
echo,revisit,1,7,attention,kernel,matrix_compute,mla_qk_pv,mla_qk_pv,37282702,37403694,2.245058,2.36605,0,"void sm90::prefill::sparse_fwd::sparse_attn_fwd_kernel<sm90::prefill::sparse_fwd::KernelTemplate<(int)576, (bool)0>, sm90::prefill::sparse_fwd::KernelTemplate<(int)576, (bool)0>::TmaParams<cute::tuple<int, int, int>, cute::TiledCopy<cute::Copy_Atom<cute::Copy_Traits<cute::SM90_TMA_LOAD, cute::C<(int)65536>, cute::AuxTmaParams<cute::tuple<cute::ScaledBasis<cute::C<(int)1>, (int)1>, cute::ScaledBasis<cute::C<(int)1>, (int)0>, cute::ScaledBasis<cute::C<(int)1>, (int)2>>, const cute::Layout<cute::tuple<cute::C<(int)64>, cute::C<(int)64>, cute::C<(int)1>>, cute::tuple<cute::ScaledBasis<cute::C<(int)1>, (int)1>, cute::ScaledBasis<cute::C<(int)1>, (int)0>, cute::ScaledBasis<cute::C<(int)1>, (int)2>>> &, const cute::Swizzle<(int)3, (int)4, (int)3> &>>, cutlass::bfloat16_t>, cute::Layout<cute::tuple<cute::C<(int)1>, cute::tuple<cute::tuple<cute::tuple<cute::C<(int)64>, cute::C<(int)64>>, cute::C<(int)9>>>>, cute::tuple<cute::C<(int)0>, cute::tuple<cute::tuple<cute::tuple<cute::C<(int)64>, cute::C<(int)1>>, cute::C<(int)4096>>>>>, cute::tuple<cute::C<(int)64>, cute::C<(int)576>>>>>(SparseAttnFwdParams, T2)"
echo,revisit,1,7,finish,kernel,matrix_compute,v_expand,v_expand,37404750,37414990,2.367106,2.377346,0,nvjet_sm90_tst_128x128_64x6_1x1_h_bz_NNT
echo,revisit,1,7,finish,kernel,model_auxiliary,o_proj,compute_graph_finish_layer_1_q_128,37472846,37475502,2.435202,2.437858,0,activation_quantization
echo,revisit,1,7,finish,kernel,model_auxiliary,o_proj,compute_graph_finish_layer_1_q_128,37475534,37479086,2.43789,2.441442,0,"void deep_gemm::transpose_fp32<(unsigned int)512, (unsigned int)64, (unsigned int)128, (unsigned int)128, (unsigned int)129>(const float *, float *, unsigned int)"
echo,revisit,1,7,finish,kernel,matrix_compute,o_proj,compute_graph_finish_layer_1_q_128,37479150,37522574,2.441506,2.48493,0,"void deep_gemm::sm90_fp8_gemm_1d2d_impl<(cute::UMMA::Major)0, (unsigned int)0, (unsigned int)7168, (unsigned int)16384, (unsigned int)1, (unsigned int)64, (unsigned int)112, (unsigned int)128, (unsigned int)128, (unsigned int)128, (unsigned int)32, (unsigned int)9, (unsigned int)128, (unsigned int)128, (unsigned int)1, (bool)0, (unsigned int)132, (deep_gemm::GemmType)0, cutlass::bfloat16_t>(float *, int *, unsigned int, unsigned int, unsigned int, CUtensorMap_st, CUtensorMap_st, CUtensorMap_st, CUtensorMap_st)"
echo,revisit,1,7,finish,kernel,model_auxiliary,compute_graph_finish_layer_1_q_128,compute_graph_finish_layer_1_q_128,37522766,37526126,2.485122,2.488482,0,kernel_cutlass_kernel_operatorsdeepseek_v32norm_fusedLocalFusedRMSNorm_object_at__tensorptrbf16gmemalign128oi64716871681_tensorptrbf16gmemalign128oi64716871681_tensorptrf32gmemalign16o716_0
echo,revisit,1,7,finish,kernel,model_auxiliary,mlp_gate,compute_graph_finish_layer_1_q_128,37526190,37528206,2.488546,2.490562,0,activation_quantization
echo,revisit,1,7,finish,kernel,model_auxiliary,mlp_gate,compute_graph_finish_layer_1_q_128,37528270,37530254,2.490626,2.49261,0,"void deep_gemm::transpose_fp32<(unsigned int)512, (unsigned int)64, (unsigned int)56, (unsigned int)128, (unsigned int)57>(const float *, float *, unsigned int)"
echo,revisit,1,7,finish,kernel,matrix_compute,mlp_gate,compute_graph_finish_layer_1_q_128,37530318,37568717,2.492674,2.531073,0,"void deep_gemm::sm90_fp8_gemm_1d2d_impl<(cute::UMMA::Major)0, (unsigned int)0, (unsigned int)18432, (unsigned int)7168, (unsigned int)1, (unsigned int)128, (unsigned int)144, (unsigned int)128, (unsigned int)128, (unsigned int)128, (unsigned int)32, (unsigned int)5, (unsigned int)128, (unsigned int)256, (unsigned int)1, (bool)0, (unsigned int)132, (deep_gemm::GemmType)0, cutlass::bfloat16_t>(float *, int *, unsigned int, unsigned int, unsigned int, CUtensorMap_st, CUtensorMap_st, CUtensorMap_st, CUtensorMap_st)"
echo,revisit,1,7,finish,kernel,model_auxiliary,mlp_up,compute_graph_finish_layer_1_q_128,37568718,37570893,2.531074,2.533249,0,"void deep_gemm::transpose_fp32<(unsigned int)512, (unsigned int)64, (unsigned int)56, (unsigned int)128, (unsigned int)57>(const float *, float *, unsigned int)"
echo,revisit,1,7,finish,kernel,matrix_compute,mlp_up,compute_graph_finish_layer_1_q_128,37570894,37609198,2.53325,2.571554,0,"void deep_gemm::sm90_fp8_gemm_1d2d_impl<(cute::UMMA::Major)0, (unsigned int)0, (unsigned int)18432, (unsigned int)7168, (unsigned int)1, (unsigned int)128, (unsigned int)144, (unsigned int)128, (unsigned int)128, (unsigned int)128, (unsigned int)32, (unsigned int)5, (unsigned int)128, (unsigned int)256, (unsigned int)1, (bool)0, (unsigned int)132, (deep_gemm::GemmType)0, cutlass::bfloat16_t>(float *, int *, unsigned int, unsigned int, unsigned int, CUtensorMap_st, CUtensorMap_st, CUtensorMap_st, CUtensorMap_st)"
echo,revisit,1,7,finish,kernel,model_auxiliary,compute_graph_finish_layer_1_q_128,compute_graph_finish_layer_1_q_128,37609262,37614094,2.571618,2.57645,0,"void flashinfer::activation::act_and_mul_kernel<__nv_bfloat16, &silu>(T1 *, const T1 *, int)"
echo,revisit,1,7,finish,kernel,model_auxiliary,mlp_down,compute_graph_finish_layer_1_q_128,37614222,37616654,2.576578,2.57901,0,activation_quantization
echo,revisit,1,7,finish,kernel,model_auxiliary,mlp_down,compute_graph_finish_layer_1_q_128,37616782,37620718,2.579138,2.583074,0,"void deep_gemm::transpose_fp32<(unsigned int)512, (unsigned int)64, (unsigned int)144, (unsigned int)128, (unsigned int)145>(const float *, float *, unsigned int)"
echo,revisit,1,7,finish,kernel,matrix_compute,mlp_down,compute_graph_finish_layer_1_q_128,37620814,37669774,2.58317,2.63213,0,"void deep_gemm::sm90_fp8_gemm_1d2d_impl<(cute::UMMA::Major)0, (unsigned int)0, (unsigned int)7168, (unsigned int)18432, (unsigned int)1, (unsigned int)64, (unsigned int)112, (unsigned int)128, (unsigned int)128, (unsigned int)128, (unsigned int)32, (unsigned int)9, (unsigned int)128, (unsigned int)128, (unsigned int)1, (bool)0, (unsigned int)132, (deep_gemm::GemmType)0, cutlass::bfloat16_t>(float *, int *, unsigned int, unsigned int, unsigned int, CUtensorMap_st, CUtensorMap_st, CUtensorMap_st, CUtensorMap_st)"
serial_sparse,revisit,1,7,aux,memcpy,other_copy,pool_operation,pool_operation,33740483,33745379,0.001856,0.006752,8388608,Device-to-Device
serial_sparse,revisit,1,7,aux,memcpy,other_copy,pool_operation,pool_operation,33746467,33748419,0.00784,0.009792,262144,Device-to-Device
serial_sparse,revisit,1,7,aux,memcpy,other_copy,compute_graph_projection_inputs,compute_graph_projection_inputs,33834595,33836163,0.095968,0.097536,1835008,Device-to-Device
serial_sparse,revisit,1,7,aux,memcpy,other_copy,compute_graph_projection_inputs,compute_graph_projection_inputs,33844835,33846915,0.106208,0.108288,1835008,Device-to-Device
serial_sparse,revisit,1,7,aux,kernel,model_auxiliary,compute_graph_projection_inputs,compute_graph_projection_inputs,33858915,33859651,0.120288,0.121024,0,"void at::native::vectorized_elementwise_kernel<(int)2, at::native::FillFunctor<long>, std::array<char *, (unsigned long)1>>(int, T2, T3)"
serial_sparse,revisit,1,7,projection,kernel,model_auxiliary,compute_graph_projection_layer_1_q_128,compute_graph_projection_layer_1_q_128,33986851,33989955,0.248224,0.251328,0,kernel_cutlass_kernel_operatorsdeepseek_v32norm_fusedLocalFusedRMSNorm_object_at__tensorptrbf16gmemalign128oi64716871681_tensorptrbf16gmemalign128oi64716871681_tensorptrf32gmemalign16o716_0
serial_sparse,revisit,1,7,projection,kernel,model_auxiliary,compute_graph_projection_layer_1_q_128,compute_graph_projection_layer_1_q_128,33990371,33991875,0.251744,0.253248,0,"void at::native::elementwise_kernel<(int)128, (int)2, void at::native::gpu_kernel_impl_nocast<at::native::CUDAFunctor_add<long>>(at::TensorIteratorBase &, const T1 &)::[lambda(int) (instance 1)]>(int, T3)"
serial_sparse,revisit,1,7,projection,kernel,model_auxiliary,compute_graph_projection_layer_1_q_128,compute_graph_projection_layer_1_q_128,33992291,33993539,0.253664,0.254912,0,"void at::native::unrolled_elementwise_kernel<at::native::direct_copy_kernel_cuda(at::TensorIteratorBase &)::[lambda() (instance 3)]::operator ()() const::[lambda() (instance 7)]::operator ()() const::[lambda(float) (instance 1)], std::array<char *, (unsigned long)2>, (int)4, TrivialOffsetCalculator<(int)1, unsigned int>, TrivialOffsetCalculator<(int)1, unsigned int>, at::native::memory::LoadWithCast<(int)1>, at::native::memory::StoreWithCast<(int)1>>(int, T1, T2, T4, T5, T6, T7)"
serial_sparse,revisit,1,7,projection,kernel,model_auxiliary,compute_graph_projection_layer_1_q_128,compute_graph_projection_layer_1_q_128,33993955,33994979,0.255328,0.256352,0,"void at::native::vectorized_elementwise_kernel<(int)2, at::native::CUDAFunctorOnSelf_add<long>, std::array<char *, (unsigned long)2>>(int, T2, T3)"
serial_sparse,revisit,1,7,projection,kernel,model_auxiliary,compute_graph_projection_layer_1_q_128,compute_graph_projection_layer_1_q_128,33995363,33996515,0.256736,0.257888,0,"void at::native::unrolled_elementwise_kernel<at::native::direct_copy_kernel_cuda(at::TensorIteratorBase &)::[lambda() (instance 3)]::operator ()() const::[lambda() (instance 3)]::operator ()() const::[lambda(int) (instance 1)], std::array<char *, (unsigned long)2>, (int)4, TrivialOffsetCalculator<(int)1, unsigned int>, TrivialOffsetCalculator<(int)1, unsigned int>, at::native::memory::LoadWithCast<(int)1>, at::native::memory::StoreWithCast<(int)1>>(int, T1, T2, T4, T5, T6, T7)"
serial_sparse,revisit,1,7,projection,kernel,model_auxiliary,q_a_proj,compute_graph_projection_layer_1_q_128,33996931,33998883,0.258304,0.260256,0,activation_quantization
serial_sparse,revisit,1,7,projection,kernel,model_auxiliary,q_a_proj,compute_graph_projection_layer_1_q_128,33999267,34001155,0.26064,0.262528,0,"void deep_gemm::transpose_fp32<(unsigned int)512, (unsigned int)64, (unsigned int)56, (unsigned int)128, (unsigned int)57>(const float *, float *, unsigned int)"
serial_sparse,revisit,1,7,projection,kernel,matrix_compute,q_a_proj,compute_graph_projection_layer_1_q_128,34001539,34012131,0.262912,0.273504,0,"void deep_gemm::sm90_fp8_gemm_1d2d_impl<(cute::UMMA::Major)0, (unsigned int)0, (unsigned int)1536, (unsigned int)7168, (unsigned int)1, (unsigned int)64, (unsigned int)32, (unsigned int)128, (unsigned int)128, (unsigned int)128, (unsigned int)64, (unsigned int)16, (unsigned int)128, (unsigned int)128, (unsigned int)1, (bool)0, (unsigned int)132, (deep_gemm::GemmType)0, cutlass::bfloat16_t>(float *, int *, unsigned int, unsigned int, unsigned int, CUtensorMap_st, CUtensorMap_st, CUtensorMap_st, CUtensorMap_st)"
serial_sparse,revisit,1,7,projection,kernel,model_auxiliary,compute_graph_projection_layer_1_q_128,compute_graph_projection_layer_1_q_128,34012771,34014819,0.274144,0.276192,0,kernel_cutlass_kernel_operatorsdeepseek_v32norm_plainLocalPlainRMSNorm_object_at__tensorptrbf16gmemalign128oi64153615361_tensorptrf32gmemalign16o15361_tensorptrbf16gmemalign128oi641536153_0
serial_sparse,revisit,1,7,projection,kernel,model_auxiliary,compute_graph_projection_layer_1_q_128,compute_graph_projection_layer_1_q_128,34015203,34016739,0.276576,0.278112,0,"void at::native::elementwise_kernel<(int)128, (int)2, void at::native::gpu_kernel_impl_nocast<at::native::BinaryFunctor<float, float, float, at::native::binary_internal::MulFunctor<float>>>(at::TensorIteratorBase &, const T1 &)::[lambda(int) (instance 1)]>(int, T3)"
serial_sparse,revisit,1,7,projection,kernel,model_auxiliary,compute_graph_projection_layer_1_q_128,compute_graph_projection_layer_1_q_128,34017155,34017923,0.278528,0.279296,0,"void <unnamed>::elementwise_kernel_with_index<int, at::native::arange_cuda_out(const c10::Scalar &, const c10::Scalar &, const c10::Scalar &, at::Tensor &)::[lambda() (instance 1)]::operator ()() const::[lambda() (instance 4)]::operator ()() const::[lambda(long) (instance 1)]>(T1, T2, function_traits<T2>::result_type *)"
serial_sparse,revisit,1,7,projection,kernel,model_auxiliary,compute_graph_projection_layer_1_q_128,compute_graph_projection_layer_1_q_128,34018499,34020099,0.279872,0.281472,0,"void at::native::vectorized_elementwise_kernel<(int)4, at::native::cos_kernel_cuda(at::TensorIteratorBase &)::[lambda() (instance 2)]::operator ()() const::[lambda() (instance 2)]::operator ()() const::[lambda(float) (instance 1)], std::array<char *, (unsigned long)2>>(int, T2, T3)"
serial_sparse,revisit,1,7,projection,kernel,model_auxiliary,compute_graph_projection_layer_1_q_128,compute_graph_projection_layer_1_q_128,34020483,34022083,0.281856,0.283456,0,"void at::native::vectorized_elementwise_kernel<(int)4, at::native::sin_kernel_cuda(at::TensorIteratorBase &)::[lambda() (instance 2)]::operator ()() const::[lambda() (instance 2)]::operator ()() const::[lambda(float) (instance 1)], std::array<char *, (unsigned long)2>>(int, T2, T3)"
serial_sparse,revisit,1,7,projection,kernel,model_auxiliary,compute_graph_projection_layer_1_q_128,compute_graph_projection_layer_1_q_128,34022563,34023811,0.283936,0.285184,0,"void at::native::<unnamed>::CatArrayBatchedCopy_vectorized<at::native::<unnamed>::OpaqueType<(unsigned int)4>, unsigned int, (int)2, (int)128, (int)1, (int)16, (int)4>(char *, at::native::<unnamed>::CatArrInputTensorMetadata<T1, T2, T4, T5>, at::native::<unnamed>::TensorSizeStride<T2, (unsigned int)4>, int, T2)"
serial_sparse,revisit,1,7,projection,kernel,model_auxiliary,q_b_proj,compute_graph_projection_layer_1_q_128,34024227,34026147,0.2856,0.28752,0,activation_quantization
serial_sparse,revisit,1,7,projection,kernel,model_auxiliary,q_b_proj,compute_graph_projection_layer_1_q_128,34026531,34028003,0.287904,0.289376,0,"void deep_gemm::transpose_fp32<(unsigned int)512, (unsigned int)64, (unsigned int)12, (unsigned int)128, (unsigned int)13>(const float *, float *, unsigned int)"
serial_sparse,revisit,1,7,projection,kernel,matrix_compute,q_b_proj,compute_graph_projection_layer_1_q_128,34028387,34044867,0.28976,0.30624,0,"void deep_gemm::sm90_fp8_gemm_1d2d_impl<(cute::UMMA::Major)0, (unsigned int)0, (unsigned int)24576, (unsigned int)1536, (unsigned int)1, (unsigned int)128, (unsigned int)192, (unsigned int)128, (unsigned int)128, (unsigned int)128, (unsigned int)128, (unsigned int)4, (unsigned int)128, (unsigned int)256, (unsigned int)1, (bool)0, (unsigned int)132, (deep_gemm::GemmType)0, cutlass::bfloat16_t>(float *, int *, unsigned int, unsigned int, unsigned int, CUtensorMap_st, CUtensorMap_st, CUtensorMap_st, CUtensorMap_st)"
serial_sparse,revisit,1,7,projection,kernel,matrix_compute,q_absorb,compute_graph_projection_layer_1_q_128,34045603,34057251,0.306976,0.318624,0,nvjet_sm90_tst_256x128_64x4_2x1_v_bz_coopA_NNT
serial_sparse,revisit,1,7,projection,kernel,model_auxiliary,kv_a_proj,compute_graph_projection_layer_1_q_128,34057539,34060643,0.318912,0.322016,0,activation_quantization
serial_sparse,revisit,1,7,projection,kernel,model_auxiliary,kv_a_proj,compute_graph_projection_layer_1_q_128,34061059,34063011,0.322432,0.324384,0,"void deep_gemm::transpose_fp32<(unsigned int)512, (unsigned int)64, (unsigned int)56, (unsigned int)128, (unsigned int)57>(const float *, float *, unsigned int)"
serial_sparse,revisit,1,7,projection,kernel,matrix_compute,kv_a_proj,compute_graph_projection_layer_1_q_128,34063395,34072419,0.324768,0.333792,0,"void deep_gemm::sm90_fp8_gemm_1d2d_impl<(cute::UMMA::Major)0, (unsigned int)0, (unsigned int)576, (unsigned int)7168, (unsigned int)1, (unsigned int)64, (unsigned int)16, (unsigned int)128, (unsigned int)128, (unsigned int)128, (unsigned int)32, (unsigned int)16, (unsigned int)128, (unsigned int)128, (unsigned int)1, (bool)0, (unsigned int)132, (deep_gemm::GemmType)0, cutlass::bfloat16_t>(float *, int *, unsigned int, unsigned int, unsigned int, CUtensorMap_st, CUtensorMap_st, CUtensorMap_st, CUtensorMap_st)"
serial_sparse,revisit,1,7,projection,kernel,model_auxiliary,compute_graph_projection_layer_1_q_128,compute_graph_projection_layer_1_q_128,34072835,34075171,0.334208,0.336544,0,"void at::native::elementwise_kernel<(int)128, (int)4, void at::native::gpu_kernel_impl_nocast<at::native::direct_copy_kernel_cuda(at::TensorIteratorBase &)::[lambda() (instance 3)]::operator ()() const::[lambda() (instance 12)]::operator ()() const::[lambda(c10::BFloat16) (instance 1)]>(at::TensorIteratorBase &, const T1 &)::[lambda(int) (instance 1)]>(int, T3)"
serial_sparse,revisit,1,7,projection,kernel,model_auxiliary,compute_graph_projection_layer_1_q_128,compute_graph_projection_layer_1_q_128,34075811,34077251,0.337184,0.338624,0,kernel_cutlass_kernel_operatorsdeepseek_v32norm_plainLocalPlainRMSNorm_object_at__tensorptrbf16gmemalign128oi645125121_tensorptrf32gmemalign16o5121_tensorptrbf16gmemalign128oi645125121____0
serial_sparse,revisit,1,7,projection,kernel,model_auxiliary,compute_graph_projection_layer_1_q_128,compute_graph_projection_layer_1_q_128,34077667,34080323,0.33904,0.341696,0,"void flashinfer::BatchQKApplyRotaryPosIdsCosSinCacheHeadParallelismKernel<(bool)1, (unsigned int)64, (unsigned int)8, (unsigned int)8, __nv_bfloat16, long>(T5 *, T5 *, T5 *, T5 *, float *, T6 *, unsigned int, unsigned int, unsigned int, unsigned int, unsigned long, unsigned long, unsigned long, unsigned long, unsigned long, unsigned long, unsigned long, unsigned long)"
serial_sparse,revisit,1,7,projection,kernel,model_auxiliary,index_q_proj,compute_graph_projection_layer_1_q_128,34080739,34083267,0.342112,0.34464,0,activation_quantization
serial_sparse,revisit,1,7,projection,kernel,model_auxiliary,index_q_proj,compute_graph_projection_layer_1_q_128,34083683,34085091,0.345056,0.346464,0,"void deep_gemm::transpose_fp32<(unsigned int)512, (unsigned int)64, (unsigned int)12, (unsigned int)128, (unsigned int)13>(const float *, float *, unsigned int)"
serial_sparse,revisit,1,7,projection,kernel,matrix_compute,index_q_proj,compute_graph_projection_layer_1_q_128,34085507,34093251,0.34688,0.354624,0,"void deep_gemm::sm90_fp8_gemm_1d2d_impl<(cute::UMMA::Major)0, (unsigned int)0, (unsigned int)8192, (unsigned int)1536, (unsigned int)1, (unsigned int)64, (unsigned int)128, (unsigned int)128, (unsigned int)128, (unsigned int)128, (unsigned int)128, (unsigned int)8, (unsigned int)128, (unsigned int)128, (unsigned int)1, (bool)0, (unsigned int)132, (deep_gemm::GemmType)0, cutlass::bfloat16_t>(float *, int *, unsigned int, unsigned int, unsigned int, CUtensorMap_st, CUtensorMap_st, CUtensorMap_st, CUtensorMap_st)"
serial_sparse,revisit,1,7,projection,kernel,model_auxiliary,index_k_proj,compute_graph_projection_layer_1_q_128,34093667,34096707,0.35504,0.35808,0,activation_quantization
serial_sparse,revisit,1,7,projection,kernel,model_auxiliary,index_k_proj,compute_graph_projection_layer_1_q_128,34097059,34098947,0.358432,0.36032,0,"void deep_gemm::transpose_fp32<(unsigned int)512, (unsigned int)64, (unsigned int)56, (unsigned int)128, (unsigned int)57>(const float *, float *, unsigned int)"
serial_sparse,revisit,1,7,projection,kernel,matrix_compute,index_k_proj,compute_graph_projection_layer_1_q_128,34099715,34108547,0.361088,0.36992,0,"void deep_gemm::sm90_fp8_gemm_1d2d_impl<(cute::UMMA::Major)0, (unsigned int)0, (unsigned int)128, (unsigned int)7168, (unsigned int)1, (unsigned int)64, (unsigned int)16, (unsigned int)128, (unsigned int)128, (unsigned int)128, (unsigned int)32, (unsigned int)16, (unsigned int)128, (unsigned int)128, (unsigned int)1, (bool)0, (unsigned int)132, (deep_gemm::GemmType)0, cutlass::bfloat16_t>(float *, int *, unsigned int, unsigned int, unsigned int, CUtensorMap_st, CUtensorMap_st, CUtensorMap_st, CUtensorMap_st)"
serial_sparse,revisit,1,7,projection,kernel,model_auxiliary,compute_graph_projection_layer_1_q_128,compute_graph_projection_layer_1_q_128,34108963,34111779,0.370336,0.373152,0,"void at::native::unrolled_elementwise_kernel<at::native::direct_copy_kernel_cuda(at::TensorIteratorBase &)::[lambda() (instance 3)]::operator ()() const::[lambda() (instance 7)]::operator ()() const::[lambda(float) (instance 1)], std::array<char *, (unsigned long)2>, (int)4, TrivialOffsetCalculator<(int)1, unsigned int>, TrivialOffsetCalculator<(int)1, unsigned int>, at::native::memory::LoadWithCast<(int)1>, at::native::memory::StoreWithCast<(int)1>>(int, T1, T2, T4, T5, T6, T7)"
serial_sparse,revisit,1,7,projection,kernel,model_auxiliary,compute_graph_projection_layer_1_q_128,compute_graph_projection_layer_1_q_128,34112195,34115107,0.373568,0.37648,0,"void at::native::<unnamed>::vectorized_layer_norm_kernel<float, float, (bool)0>(int, T2, const T1 *, const T1 *, const T1 *, T2 *, T2 *, T1 *)"
serial_sparse,revisit,1,7,projection,kernel,model_auxiliary,compute_graph_projection_layer_1_q_128,compute_graph_projection_layer_1_q_128,34115491,34116611,0.376864,0.377984,0,"void at::native::vectorized_elementwise_kernel<(int)8, at::native::bfloat16_copy_kernel_cuda(at::TensorIteratorBase &)::[lambda(float) (instance 1)], std::array<char *, (unsigned long)2>>(int, T2, T3)"
serial_sparse,revisit,1,7,projection,kernel,model_auxiliary,compute_graph_projection_layer_1_q_128,compute_graph_projection_layer_1_q_128,34116995,34119395,0.378368,0.380768,0,"void flashinfer::BatchQKApplyRotaryPosIdsCosSinCacheHeadParallelismKernel<(bool)0, (unsigned int)128, (unsigned int)8, (unsigned int)16, __nv_bfloat16, long>(T5 *, T5 *, T5 *, T5 *, float *, T6 *, unsigned int, unsigned int, unsigned int, unsigned int, unsigned long, unsigned long, unsigned long, unsigned long, unsigned long, unsigned long, unsigned long, unsigned long)"
serial_sparse,revisit,1,7,projection,kernel,model_auxiliary,compute_graph_projection_layer_1_q_128,compute_graph_projection_layer_1_q_128,34119779,34121507,0.381152,0.38288,0,quantize_kernel
serial_sparse,revisit,1,7,projection,kernel,model_auxiliary,compute_graph_projection_layer_1_q_128,compute_graph_projection_layer_1_q_128,34121923,34123107,0.383296,0.38448,0,quantize_kernel
serial_sparse,revisit,1,7,projection,kernel,model_auxiliary,compute_graph_projection_layer_1_q_128,compute_graph_projection_layer_1_q_128,34123491,34127395,0.384864,0.388768,0,"void at::native::unrolled_elementwise_kernel<at::native::direct_copy_kernel_cuda(at::TensorIteratorBase &)::[lambda() (instance 3)]::operator ()() const::[lambda() (instance 7)]::operator ()() const::[lambda(float) (instance 1)], std::array<char *, (unsigned long)2>, (int)4, TrivialOffsetCalculator<(int)1, unsigned int>, TrivialOffsetCalculator<(int)1, unsigned int>, at::native::memory::LoadWithCast<(int)1>, at::native::memory::StoreWithCast<(int)1>>(int, T1, T2, T4, T5, T6, T7)"
serial_sparse,revisit,1,7,projection,kernel,matrix_compute,index_weights_proj,compute_graph_projection_layer_1_q_128,34127811,34139011,0.389184,0.400384,0,void cutlass::Kernel2<cutlass_80_simt_sgemm_64x64_8x5_tn_align1>(T1::Params)
serial_sparse,revisit,1,7,projection,kernel,model_auxiliary,index_weights_proj,compute_graph_projection_layer_1_q_128,34139427,34142723,0.4008,0.404096,0,"void cublasLt::splitKreduce_kernel<(int)32, (int)16, int, float, float, float, float, (bool)0, float, float, float, (bool)1, (bool)0, (bool)0, (bool)0>(cublasLt::cublasSplitKParams<T6>, const T4 *, const T10 *, T9 *, T5 *, const T6 *, const T6 *, const T11 *, const T4 *, T11 *, void *, long, T6 *, int *, T6 *, T6 *, const T6 *, const T6 *, const T6 *, const T6 *, const T6 *)"
serial_sparse,revisit,1,7,projection,kernel,model_auxiliary,compute_graph_projection_layer_1_q_128,compute_graph_projection_layer_1_q_128,34143107,34144163,0.40448,0.405536,0,"void at::native::vectorized_elementwise_kernel<(int)4, at::native::AUnaryFunctor<float, float, float, at::native::binary_internal::MulFunctor<float>>, std::array<char *, (unsigned long)2>>(int, T2, T3)"
serial_sparse,revisit,1,7,projection,kernel,model_auxiliary,compute_graph_projection_layer_1_q_128,compute_graph_projection_layer_1_q_128,34144579,34145699,0.405952,0.407072,0,"void at::native::vectorized_elementwise_kernel<(int)4, at::native::BinaryFunctor<float, float, float, at::native::binary_internal::MulFunctor<float>>, std::array<char *, (unsigned long)3>>(int, T2, T3)"
serial_sparse,revisit,1,7,projection,kernel,model_auxiliary,compute_graph_projection_layer_1_q_128,compute_graph_projection_layer_1_q_128,34146179,34147139,0.407552,0.408512,0,"void at::native::vectorized_elementwise_kernel<(int)4, at::native::AUnaryFunctor<float, float, float, at::native::binary_internal::MulFunctor<float>>, std::array<char *, (unsigned long)2>>(int, T2, T3)"
serial_sparse,revisit,1,7,projection,kernel,model_auxiliary,compute_graph_projection_layer_1_q_128,compute_graph_projection_layer_1_q_128,34147683,34149539,0.409056,0.410912,0,"void at::native::<unnamed>::CatArrayBatchedCopy_vectorized<at::native::<unnamed>::OpaqueType<(unsigned int)2>, unsigned int, (int)2, (int)128, (int)1, (int)16, (int)8>(char *, at::native::<unnamed>::CatArrInputTensorMetadata<T1, T2, T4, T5>, at::native::<unnamed>::TensorSizeStride<T2, (unsigned int)4>, int, T2)"
serial_sparse,revisit,1,7,aux,memcpy,other_copy,index_cache_write,index_cache_write,34151107,34152067,0.41248,0.41344,16384,Device-to-Device
serial_sparse,revisit,1,7,aux,memcpy,other_copy,index_cache_write,index_cache_write,34153091,34153859,0.414464,0.415232,512,Device-to-Device
serial_sparse,revisit,1,7,index,kernel,matrix_compute,indexer_qk,indexer_qk,34191875,34458019,0.453248,0.719392,0,"void deep_gemm::sm90_fp8_mqa_logits<(unsigned int)64, (unsigned int)128, (unsigned int)2, (unsigned int)256, (unsigned int)3, (unsigned int)3, (unsigned int)132, (unsigned int)128, (unsigned int)512, float>(unsigned int, unsigned int, unsigned int, unsigned int *, unsigned int *, T10 *, CUtensorMap_st, CUtensorMap_st, CUtensorMap_st, CUtensorMap_st)"
serial_sparse,revisit,1,7,index,kernel,model_auxiliary,indexer_qk,indexer_qk,34459427,34460099,0.7208,0.721472,0,"void <unnamed>::elementwise_kernel_with_index<int, at::native::arange_cuda_out(const c10::Scalar &, const c10::Scalar &, const c10::Scalar &, at::Tensor &)::[lambda() (instance 1)]::operator ()() const::[lambda() (instance 4)]::operator ()() const::[lambda(long) (instance 1)]>(T1, T2, function_traits<T2>::result_type *)"
serial_sparse,revisit,1,7,index,kernel,model_auxiliary,indexer_qk,indexer_qk,34461251,34464387,0.722624,0.72576,0,"void at::native::elementwise_kernel<(int)128, (int)4, void at::native::gpu_kernel_impl<at::native::<unnamed>::CompareFunctor<long>>(at::TensorIteratorBase &, const T1 &)::[lambda(int) (instance 1)]>(int, T3)"
serial_sparse,revisit,1,7,index,kernel,model_auxiliary,indexer_qk,indexer_qk,34465859,34467971,0.727232,0.729344,0,"void at::native::elementwise_kernel<(int)128, (int)2, void at::native::gpu_kernel_impl_nocast<at::native::<unnamed>::masked_fill_kernel(at::TensorIterator &, const c10::Scalar &)::[lambda() (instance 1)]::operator ()() const::[lambda() (instance 7)]::operator ()() const::[lambda(float, bool) (instance 1)]>(at::TensorIteratorBase &, const T1 &)::[lambda(int) (instance 1)]>(int, T3)"
serial_sparse,revisit,1,7,topk,kernel,model_auxiliary,exact_topk,exact_topk,34469091,34493475,0.730464,0.754848,0,"void at::native::elementwise_kernel<(int)128, (int)2, void at::native::gpu_kernel_impl_nocast<at::native::direct_copy_kernel_cuda(at::TensorIteratorBase &)::[lambda() (instance 3)]::operator ()() const::[lambda() (instance 7)]::operator ()() const::[lambda(float) (instance 1)]>(at::TensorIteratorBase &, const T1 &)::[lambda(int) (instance 1)]>(int, T3)"
serial_sparse,revisit,1,7,topk,kernel,model_auxiliary,exact_topk,exact_topk,34494787,34527779,0.75616,0.789152,0,"void flashinfer::sampling::FilteredTopKUnifiedKernel<float, int, (int)4, (bool)1, (flashinfer::sampling::FilteredTopKMode)0, (flashinfer::sampling::TopKTieBreak)1, flashinfer::sampling::DirectPageTableKernelPolicy<int>, >(const T1 *, T2 *, T1 *, const T2 *, long, const T2 *, const T2 *, const T2 *, const T2 *, unsigned int, unsigned int, unsigned int, T8...)"
serial_sparse,revisit,1,7,topk,kernel,model_auxiliary,exact_topk,exact_topk,34528899,34540419,0.790272,0.801792,0,"void flashinfer::sampling::FinalizeTopKIndicesKernel<(bool)1, (flashinfer::sampling::FilteredTopKMode)0, (unsigned int)256, (unsigned int)8, float, int, flashinfer::sampling::DirectPageTableKernelPolicy<int>, >(T6 *, T5 *, const T6 *, long, const T6 *, const T6 *, unsigned int, unsigned int, T8...)"
serial_sparse,revisit,1,7,topk,kernel,model_auxiliary,exact_topk,exact_topk,34541443,34555427,0.802816,0.8168,0,"void flashinfer::sampling::StableSortTopKByValueKernel<(unsigned int)256, (unsigned int)8, int, float>(T3 *, T4 *, unsigned int, unsigned int)"
serial_sparse,revisit,1,7,topk,kernel,model_auxiliary,exact_topk,exact_topk,34556643,34557891,0.818016,0.819264,0,mask_kernel
serial_sparse,revisit,1,7,aux,memcpy,other_copy,pool_operation,pool_operation,34559043,34560515,0.820416,0.821888,147456,Device-to-Device
serial_sparse,revisit,1,7,aux,kernel,cache_metadata,pool_operation,pool_operation,34629027,34630019,0.8904,0.891392,0,"echo_native::sparse_union_clear(unsigned int *, long, unsigned int *, unsigned int *)"
serial_sparse,revisit,1,7,aux,kernel,cache_metadata,pool_operation,pool_operation,34635491,34653027,0.896864,0.9144,0,"void echo_native::sparse_union_kernel<(bool)0>(const int *, long, unsigned int *, int, int)"
serial_sparse,revisit,1,7,aux,kernel,cache_metadata,pool_operation,pool_operation,34654147,34658275,0.91552,0.919648,0,"echo_native::sparse_classify_kernel(const unsigned int *, const int *, const int *, const long *, int, long *, long *, int *, unsigned int *, unsigned int *, unsigned long long *, int, int, int, long)"
serial_sparse,revisit,1,7,aux,memcpy,other_copy,cache_torch_argsort,cache_torch_argsort,34719011,34720547,0.980384,0.98192,524288,Device-to-Device
serial_sparse,revisit,1,7,aux,kernel,cache_metadata,cache_torch_argsort,cache_torch_argsort,34730851,34732131,0.992224,0.993504,0,"at::native::<unnamed>::fill_reverse_indices_kernel(long *, int, at::cuda::detail::IntDivider<unsigned int>)"
serial_sparse,revisit,1,7,aux,memset,cache_metadata,cache_torch_argsort,cache_torch_argsort,34744227,34745027,1.0056,1.0064,32,memset
serial_sparse,revisit,1,7,aux,memset,cache_metadata,cache_torch_argsort,cache_torch_argsort,34749987,34750851,1.01136,1.012224,16384,memset
serial_sparse,revisit,1,7,aux,kernel,cache_metadata,cache_torch_argsort,cache_torch_argsort,34761507,34764771,1.02288,1.026144,0,"void at_cuda_detail::cub::detail::radix_sort::DeviceRadixSortHistogramKernel<at_cuda_detail::cub::detail::radix::policy_hub<long, at::cuda::cub::detail::OpaqueType<(int)8>, unsigned long long>::Policy1000, (at_cuda_detail::cub::SortOrder)0, long, unsigned long long, at_cuda_detail::cub::detail::identity_decomposer_t>(T4 *, const T3 *, T4, int, int, T5)"
serial_sparse,revisit,1,7,aux,kernel,cache_metadata,cache_torch_argsort,cache_torch_argsort,34767811,34768963,1.029184,1.030336,0,"void at_cuda_detail::cub::detail::radix_sort::DeviceRadixSortExclusiveSumKernel<at_cuda_detail::cub::detail::radix::policy_hub<long, at::cuda::cub::detail::OpaqueType<(int)8>, unsigned long long>::Policy1000, unsigned long long>(T2 *)"
serial_sparse,revisit,1,7,aux,memset,cache_metadata,cache_torch_argsort,cache_torch_argsort,34772259,34773251,1.033632,1.034624,15360,memset
serial_sparse,revisit,1,7,aux,kernel,cache_metadata,cache_torch_argsort,cache_torch_argsort,34777763,34786403,1.039136,1.047776,0,"void at_cuda_detail::cub::detail::radix_sort::DeviceRadixSortOnesweepKernel<at_cuda_detail::cub::detail::radix::policy_hub<long, at::cuda::cub::detail::OpaqueType<(int)8>, unsigned long long>::Policy1000, (at_cuda_detail::cub::SortOrder)0, long, at::cuda::cub::detail::OpaqueType<(int)8>, unsigned long long, int, int, at_cuda_detail::cub::detail::identity_decomposer_t>(T7 *, T7 *, T5 *, const T5 *, T3 *, const T3 *, T4 *, const T4 *, T6, int, int, T8)"
serial_sparse,revisit,1,7,aux,memset,cache_metadata,cache_torch_argsort,cache_torch_argsort,34787491,34788483,1.048864,1.049856,15360,memset
serial_sparse,revisit,1,7,aux,kernel,cache_metadata,cache_torch_argsort,cache_torch_argsort,34789475,34795747,1.050848,1.05712,0,"void at_cuda_detail::cub::detail::radix_sort::DeviceRadixSortOnesweepKernel<at_cuda_detail::cub::detail::radix::policy_hub<long, at::cuda::cub::detail::OpaqueType<(int)8>, unsigned long long>::Policy1000, (at_cuda_detail::cub::SortOrder)0, long, at::cuda::cub::detail::OpaqueType<(int)8>, unsigned long long, int, int, at_cuda_detail::cub::detail::identity_decomposer_t>(T7 *, T7 *, T5 *, const T5 *, T3 *, const T3 *, T4 *, const T4 *, T6, int, int, T8)"
serial_sparse,revisit,1,7,aux,memset,cache_metadata,cache_torch_argsort,cache_torch_argsort,34796835,34797795,1.058208,1.059168,15360,memset
serial_sparse,revisit,1,7,aux,kernel,cache_metadata,cache_torch_argsort,cache_torch_argsort,34798915,34804515,1.060288,1.065888,0,"void at_cuda_detail::cub::detail::radix_sort::DeviceRadixSortOnesweepKernel<at_cuda_detail::cub::detail::radix::policy_hub<long, at::cuda::cub::detail::OpaqueType<(int)8>, unsigned long long>::Policy1000, (at_cuda_detail::cub::SortOrder)0, long, at::cuda::cub::detail::OpaqueType<(int)8>, unsigned long long, int, int, at_cuda_detail::cub::detail::identity_decomposer_t>(T7 *, T7 *, T5 *, const T5 *, T3 *, const T3 *, T4 *, const T4 *, T6, int, int, T8)"
serial_sparse,revisit,1,7,aux,memset,cache_metadata,cache_torch_argsort,cache_torch_argsort,34805667,34806659,1.06704,1.068032,15360,memset
serial_sparse,revisit,1,7,aux,kernel,cache_metadata,cache_torch_argsort,cache_torch_argsort,34807875,34813411,1.069248,1.074784,0,"void at_cuda_detail::cub::detail::radix_sort::DeviceRadixSortOnesweepKernel<at_cuda_detail::cub::detail::radix::policy_hub<long, at::cuda::cub::detail::OpaqueType<(int)8>, unsigned long long>::Policy1000, (at_cuda_detail::cub::SortOrder)0, long, at::cuda::cub::detail::OpaqueType<(int)8>, unsigned long long, int, int, at_cuda_detail::cub::detail::identity_decomposer_t>(T7 *, T7 *, T5 *, const T5 *, T3 *, const T3 *, T4 *, const T4 *, T6, int, int, T8)"
serial_sparse,revisit,1,7,aux,memset,cache_metadata,cache_torch_argsort,cache_torch_argsort,34814563,34815555,1.075936,1.076928,15360,memset
serial_sparse,revisit,1,7,aux,kernel,cache_metadata,cache_torch_argsort,cache_torch_argsort,34816643,34822179,1.078016,1.083552,0,"void at_cuda_detail::cub::detail::radix_sort::DeviceRadixSortOnesweepKernel<at_cuda_detail::cub::detail::radix::policy_hub<long, at::cuda::cub::detail::OpaqueType<(int)8>, unsigned long long>::Policy1000, (at_cuda_detail::cub::SortOrder)0, long, at::cuda::cub::detail::OpaqueType<(int)8>, unsigned long long, int, int, at_cuda_detail::cub::detail::identity_decomposer_t>(T7 *, T7 *, T5 *, const T5 *, T3 *, const T3 *, T4 *, const T4 *, T6, int, int, T8)"
serial_sparse,revisit,1,7,aux,memset,cache_metadata,cache_torch_argsort,cache_torch_argsort,34823235,34824227,1.084608,1.0856,15360,memset
serial_sparse,revisit,1,7,aux,kernel,cache_metadata,cache_torch_argsort,cache_torch_argsort,34825283,34830883,1.086656,1.092256,0,"void at_cuda_detail::cub::detail::radix_sort::DeviceRadixSortOnesweepKernel<at_cuda_detail::cub::detail::radix::policy_hub<long, at::cuda::cub::detail::OpaqueType<(int)8>, unsigned long long>::Policy1000, (at_cuda_detail::cub::SortOrder)0, long, at::cuda::cub::detail::OpaqueType<(int)8>, unsigned long long, int, int, at_cuda_detail::cub::detail::identity_decomposer_t>(T7 *, T7 *, T5 *, const T5 *, T3 *, const T3 *, T4 *, const T4 *, T6, int, int, T8)"
serial_sparse,revisit,1,7,aux,memset,cache_metadata,cache_torch_argsort,cache_torch_argsort,34832003,34832963,1.093376,1.094336,15360,memset
serial_sparse,revisit,1,7,aux,kernel,cache_metadata,cache_torch_argsort,cache_torch_argsort,34834083,34839587,1.095456,1.10096,0,"void at_cuda_detail::cub::detail::radix_sort::DeviceRadixSortOnesweepKernel<at_cuda_detail::cub::detail::radix::policy_hub<long, at::cuda::cub::detail::OpaqueType<(int)8>, unsigned long long>::Policy1000, (at_cuda_detail::cub::SortOrder)0, long, at::cuda::cub::detail::OpaqueType<(int)8>, unsigned long long, int, int, at_cuda_detail::cub::detail::identity_decomposer_t>(T7 *, T7 *, T5 *, const T5 *, T3 *, const T3 *, T4 *, const T4 *, T6, int, int, T8)"
serial_sparse,revisit,1,7,aux,memset,cache_metadata,cache_torch_argsort,cache_torch_argsort,34840739,34841731,1.102112,1.103104,15360,memset
serial_sparse,revisit,1,7,aux,kernel,cache_metadata,cache_torch_argsort,cache_torch_argsort,34842915,34848451,1.104288,1.109824,0,"void at_cuda_detail::cub::detail::radix_sort::DeviceRadixSortOnesweepKernel<at_cuda_detail::cub::detail::radix::policy_hub<long, at::cuda::cub::detail::OpaqueType<(int)8>, unsigned long long>::Policy1000, (at_cuda_detail::cub::SortOrder)0, long, at::cuda::cub::detail::OpaqueType<(int)8>, unsigned long long, int, int, at_cuda_detail::cub::detail::identity_decomposer_t>(T7 *, T7 *, T5 *, const T5 *, T3 *, const T3 *, T4 *, const T4 *, T6, int, int, T8)"
serial_sparse,revisit,1,7,aux,kernel,cache_metadata,pool_operation,pool_operation,34863779,34866531,1.125152,1.127904,0,"void at::native::unrolled_elementwise_kernel<at::native::direct_copy_kernel_cuda(at::TensorIteratorBase &)::[lambda() (instance 3)]::operator ()() const::[lambda() (instance 4)]::operator ()() const::[lambda(long) (instance 1)], std::array<char *, (unsigned long)2>, (int)4, TrivialOffsetCalculator<(int)1, unsigned int>, TrivialOffsetCalculator<(int)1, unsigned int>, at::native::memory::LoadWithCast<(int)1>, at::native::memory::StoreWithCast<(int)1>>(int, T1, T2, T4, T5, T6, T7)"
serial_sparse,revisit,1,7,aux,kernel,cache_metadata,pool_operation,pool_operation,34877859,34878595,1.139232,1.139968,0,"void at_cuda_detail::cub::detail::scan::DeviceScanInitKernel<at_cuda_detail::cub::ScanTileState<long, (bool)1>>(T1, int)"
serial_sparse,revisit,1,7,aux,kernel,cache_metadata,pool_operation,pool_operation,34886660,34889892,1.148033,1.151265,0,"void at_cuda_detail::cub::detail::scan::DeviceScanKernel<at_cuda_detail::cub::detail::scan::policy_hub<long, long, long, unsigned int, std::plus<long>>::Policy1000, const long *, long *, at_cuda_detail::cub::ScanTileState<long, (bool)1>, std::plus<long>, at_cuda_detail::cub::NullType, unsigned int, long, (bool)0, at_cuda_detail::cub::NullType>(T2, T3, T4, int, T5, T6, T7)"
serial_sparse,revisit,1,7,aux,kernel,cache_metadata,pool_operation,pool_operation,34941284,34946628,1.202657,1.208001,0,"echo_native::sparse_compact_kernel(const long *, const int *, int *, long *, long *, bool *, unsigned long long *, long *, long *, int, int, int, int, long)"
serial_sparse,revisit,1,7,transfer,kernel,host_gather,host_gather,host_gather,35002468,35075428,1.263841,1.336801,0,"void <unnamed>::gather_records<unsigned int>(const unsigned char *, unsigned char *, const long *, const long *, long, long, long, long, const T1 *)"
serial_sparse,revisit,1,7,aux,kernel,cache_metadata,pool_operation,pool_operation,35076548,35079812,1.337921,1.341185,0,"echo_native::sparse_publish_kernel(const long *, const long *, int, int *, long *, long *, bool *, long *, int, int, long, const unsigned int *, unsigned long long *)"
serial_sparse,revisit,1,7,aux,kernel,cache_metadata,pool_operation,pool_operation,35080932,35086756,1.342305,1.348129,0,"echo_native::sparse_map_kernel(const int *, int *, long, const int *, const int *, int, int, int, int)"
serial_sparse,revisit,1,7,attention,kernel,matrix_compute,mla_qk_pv,mla_qk_pv,35219844,35341028,1.481217,1.602401,0,"void sm90::prefill::sparse_fwd::sparse_attn_fwd_kernel<sm90::prefill::sparse_fwd::KernelTemplate<(int)576, (bool)0>, sm90::prefill::sparse_fwd::KernelTemplate<(int)576, (bool)0>::TmaParams<cute::tuple<int, int, int>, cute::TiledCopy<cute::Copy_Atom<cute::Copy_Traits<cute::SM90_TMA_LOAD, cute::C<(int)65536>, cute::AuxTmaParams<cute::tuple<cute::ScaledBasis<cute::C<(int)1>, (int)1>, cute::ScaledBasis<cute::C<(int)1>, (int)0>, cute::ScaledBasis<cute::C<(int)1>, (int)2>>, const cute::Layout<cute::tuple<cute::C<(int)64>, cute::C<(int)64>, cute::C<(int)1>>, cute::tuple<cute::ScaledBasis<cute::C<(int)1>, (int)1>, cute::ScaledBasis<cute::C<(int)1>, (int)0>, cute::ScaledBasis<cute::C<(int)1>, (int)2>>> &, const cute::Swizzle<(int)3, (int)4, (int)3> &>>, cutlass::bfloat16_t>, cute::Layout<cute::tuple<cute::C<(int)1>, cute::tuple<cute::tuple<cute::tuple<cute::C<(int)64>, cute::C<(int)64>>, cute::C<(int)9>>>>, cute::tuple<cute::C<(int)0>, cute::tuple<cute::tuple<cute::tuple<cute::C<(int)64>, cute::C<(int)1>>, cute::C<(int)4096>>>>>, cute::tuple<cute::C<(int)64>, cute::C<(int)576>>>>>(SparseAttnFwdParams, T2)"
serial_sparse,revisit,1,7,finish,kernel,matrix_compute,v_expand,v_expand,35342436,35353700,1.603809,1.615073,0,nvjet_sm90_tst_128x128_64x6_1x1_h_bz_NNT
serial_sparse,revisit,1,7,finish,kernel,model_auxiliary,o_proj,compute_graph_finish_layer_1_q_128,35400036,35402788,1.661409,1.664161,0,activation_quantization
serial_sparse,revisit,1,7,finish,kernel,model_auxiliary,o_proj,compute_graph_finish_layer_1_q_128,35403172,35406788,1.664545,1.668161,0,"void deep_gemm::transpose_fp32<(unsigned int)512, (unsigned int)64, (unsigned int)128, (unsigned int)128, (unsigned int)129>(const float *, float *, unsigned int)"
serial_sparse,revisit,1,7,finish,kernel,matrix_compute,o_proj,compute_graph_finish_layer_1_q_128,35407204,35451204,1.668577,1.712577,0,"void deep_gemm::sm90_fp8_gemm_1d2d_impl<(cute::UMMA::Major)0, (unsigned int)0, (unsigned int)7168, (unsigned int)16384, (unsigned int)1, (unsigned int)64, (unsigned int)112, (unsigned int)128, (unsigned int)128, (unsigned int)128, (unsigned int)32, (unsigned int)9, (unsigned int)128, (unsigned int)128, (unsigned int)1, (bool)0, (unsigned int)132, (deep_gemm::GemmType)0, cutlass::bfloat16_t>(float *, int *, unsigned int, unsigned int, unsigned int, CUtensorMap_st, CUtensorMap_st, CUtensorMap_st, CUtensorMap_st)"
serial_sparse,revisit,1,7,finish,kernel,model_auxiliary,compute_graph_finish_layer_1_q_128,compute_graph_finish_layer_1_q_128,35451876,35455172,1.713249,1.716545,0,kernel_cutlass_kernel_operatorsdeepseek_v32norm_fusedLocalFusedRMSNorm_object_at__tensorptrbf16gmemalign128oi64716871681_tensorptrbf16gmemalign128oi64716871681_tensorptrf32gmemalign16o716_0
serial_sparse,revisit,1,7,finish,kernel,model_auxiliary,mlp_gate,compute_graph_finish_layer_1_q_128,35455620,35457636,1.716993,1.719009,0,activation_quantization
serial_sparse,revisit,1,7,finish,kernel,model_auxiliary,mlp_gate,compute_graph_finish_layer_1_q_128,35458052,35460036,1.719425,1.721409,0,"void deep_gemm::transpose_fp32<(unsigned int)512, (unsigned int)64, (unsigned int)56, (unsigned int)128, (unsigned int)57>(const float *, float *, unsigned int)"
serial_sparse,revisit,1,7,finish,kernel,matrix_compute,mlp_gate,compute_graph_finish_layer_1_q_128,35460452,35498884,1.721825,1.760257,0,"void deep_gemm::sm90_fp8_gemm_1d2d_impl<(cute::UMMA::Major)0, (unsigned int)0, (unsigned int)18432, (unsigned int)7168, (unsigned int)1, (unsigned int)128, (unsigned int)144, (unsigned int)128, (unsigned int)128, (unsigned int)128, (unsigned int)32, (unsigned int)5, (unsigned int)128, (unsigned int)256, (unsigned int)1, (bool)0, (unsigned int)132, (deep_gemm::GemmType)0, cutlass::bfloat16_t>(float *, int *, unsigned int, unsigned int, unsigned int, CUtensorMap_st, CUtensorMap_st, CUtensorMap_st, CUtensorMap_st)"
serial_sparse,revisit,1,7,finish,kernel,model_auxiliary,mlp_up,compute_graph_finish_layer_1_q_128,35499396,35501540,1.760769,1.762913,0,"void deep_gemm::transpose_fp32<(unsigned int)512, (unsigned int)64, (unsigned int)56, (unsigned int)128, (unsigned int)57>(const float *, float *, unsigned int)"
serial_sparse,revisit,1,7,finish,kernel,matrix_compute,mlp_up,compute_graph_finish_layer_1_q_128,35501924,35540036,1.763297,1.801409,0,"void deep_gemm::sm90_fp8_gemm_1d2d_impl<(cute::UMMA::Major)0, (unsigned int)0, (unsigned int)18432, (unsigned int)7168, (unsigned int)1, (unsigned int)128, (unsigned int)144, (unsigned int)128, (unsigned int)128, (unsigned int)128, (unsigned int)32, (unsigned int)5, (unsigned int)128, (unsigned int)256, (unsigned int)1, (bool)0, (unsigned int)132, (deep_gemm::GemmType)0, cutlass::bfloat16_t>(float *, int *, unsigned int, unsigned int, unsigned int, CUtensorMap_st, CUtensorMap_st, CUtensorMap_st, CUtensorMap_st)"
serial_sparse,revisit,1,7,finish,kernel,model_auxiliary,compute_graph_finish_layer_1_q_128,compute_graph_finish_layer_1_q_128,35540676,35545412,1.802049,1.806785,0,"void flashinfer::activation::act_and_mul_kernel<__nv_bfloat16, &silu>(T1 *, const T1 *, int)"
serial_sparse,revisit,1,7,finish,kernel,model_auxiliary,mlp_down,compute_graph_finish_layer_1_q_128,35545828,35548260,1.807201,1.809633,0,activation_quantization
serial_sparse,revisit,1,7,finish,kernel,model_auxiliary,mlp_down,compute_graph_finish_layer_1_q_128,35548644,35552580,1.810017,1.813953,0,"void deep_gemm::transpose_fp32<(unsigned int)512, (unsigned int)64, (unsigned int)144, (unsigned int)128, (unsigned int)145>(const float *, float *, unsigned int)"
serial_sparse,revisit,1,7,finish,kernel,matrix_compute,mlp_down,compute_graph_finish_layer_1_q_128,35552964,35602084,1.814337,1.863457,0,"void deep_gemm::sm90_fp8_gemm_1d2d_impl<(cute::UMMA::Major)0, (unsigned int)0, (unsigned int)7168, (unsigned int)18432, (unsigned int)1, (unsigned int)64, (unsigned int)112, (unsigned int)128, (unsigned int)128, (unsigned int)128, (unsigned int)32, (unsigned int)9, (unsigned int)128, (unsigned int)128, (unsigned int)1, (bool)0, (unsigned int)132, (deep_gemm::GemmType)0, cutlass::bfloat16_t>(float *, int *, unsigned int, unsigned int, unsigned int, CUtensorMap_st, CUtensorMap_st, CUtensorMap_st, CUtensorMap_st)"
dense_prefetch,revisit,1,69,transfer,kernel,host_gather,host_gather,host_gather,34487853,36330735,0.0,0.642144,0,"void <unnamed>::gather_records<unsigned int>(const unsigned char *, unsigned char *, const long *, const long *, long, long, long, long, const T1 *)"
dense_prefetch,revisit,2,7,aux,kernel,cache_metadata,pool_operation,pool_operation,36332111,36332783,0.64352,0.644192,0,echo_native::dense_miss_count_clear(unsigned int *)
dense_prefetch,revisit,2,7,aux,kernel,cache_metadata,pool_operation,pool_operation,36333679,36337487,0.645088,0.648896,0,"echo_native::dense_history_classify_kernel(const int *, const int *, const long *, int, long *, long *, int *, unsigned int *, int, int, long)"
dense_prefetch,revisit,2,7,aux,memcpy,other_copy,pool_operation,pool_operation,36338447,36339215,0.649856,0.650624,4,Device-to-Device
dense_prefetch,revisit,2,7,aux,memcpy,other_copy,cache_torch_argsort,cache_torch_argsort,36340175,36341679,0.651584,0.653088,524288,Device-to-Device
dense_prefetch,revisit,2,7,aux,kernel,cache_metadata,cache_torch_argsort,cache_torch_argsort,36342575,36343855,0.653984,0.655264,0,"at::native::<unnamed>::fill_reverse_indices_kernel(long *, int, at::cuda::detail::IntDivider<unsigned int>)"
dense_prefetch,revisit,2,7,aux,memset,cache_metadata,cache_torch_argsort,cache_torch_argsort,36345327,36346319,0.656736,0.657728,32,memset
dense_prefetch,revisit,2,7,aux,memset,cache_metadata,cache_torch_argsort,cache_torch_argsort,36347791,36348687,0.6592,0.660096,16384,memset
dense_prefetch,revisit,2,7,aux,kernel,cache_metadata,cache_torch_argsort,cache_torch_argsort,36349615,36352975,0.661024,0.664384,0,"void at_cuda_detail::cub::detail::radix_sort::DeviceRadixSortHistogramKernel<at_cuda_detail::cub::detail::radix::policy_hub<long, at::cuda::cub::detail::OpaqueType<(int)8>, unsigned long long>::Policy1000, (at_cuda_detail::cub::SortOrder)0, long, unsigned long long, at_cuda_detail::cub::detail::identity_decomposer_t>(T4 *, const T3 *, T4, int, int, T5)"
dense_prefetch,revisit,2,7,aux,kernel,cache_metadata,cache_torch_argsort,cache_torch_argsort,36353903,36355215,0.665312,0.666624,0,"void at_cuda_detail::cub::detail::radix_sort::DeviceRadixSortExclusiveSumKernel<at_cuda_detail::cub::detail::radix::policy_hub<long, at::cuda::cub::detail::OpaqueType<(int)8>, unsigned long long>::Policy1000, unsigned long long>(T2 *)"
dense_prefetch,revisit,2,7,aux,memset,cache_metadata,cache_torch_argsort,cache_torch_argsort,36356111,36357103,0.66752,0.668512,15360,memset
dense_prefetch,revisit,2,7,aux,kernel,cache_metadata,cache_torch_argsort,cache_torch_argsort,36357967,36365775,0.669376,0.677184,0,"void at_cuda_detail::cub::detail::radix_sort::DeviceRadixSortOnesweepKernel<at_cuda_detail::cub::detail::radix::policy_hub<long, at::cuda::cub::detail::OpaqueType<(int)8>, unsigned long long>::Policy1000, (at_cuda_detail::cub::SortOrder)0, long, at::cuda::cub::detail::OpaqueType<(int)8>, unsigned long long, int, int, at_cuda_detail::cub::detail::identity_decomposer_t>(T7 *, T7 *, T5 *, const T5 *, T3 *, const T3 *, T4 *, const T4 *, T6, int, int, T8)"
dense_prefetch,revisit,2,7,aux,memset,cache_metadata,cache_torch_argsort,cache_torch_argsort,36366671,36367631,0.67808,0.67904,15360,memset
dense_prefetch,revisit,2,7,aux,kernel,cache_metadata,cache_torch_argsort,cache_torch_argsort,36368559,36374095,0.679968,0.685504,0,"void at_cuda_detail::cub::detail::radix_sort::DeviceRadixSortOnesweepKernel<at_cuda_detail::cub::detail::radix::policy_hub<long, at::cuda::cub::detail::OpaqueType<(int)8>, unsigned long long>::Policy1000, (at_cuda_detail::cub::SortOrder)0, long, at::cuda::cub::detail::OpaqueType<(int)8>, unsigned long long, int, int, at_cuda_detail::cub::detail::identity_decomposer_t>(T7 *, T7 *, T5 *, const T5 *, T3 *, const T3 *, T4 *, const T4 *, T6, int, int, T8)"
dense_prefetch,revisit,2,7,aux,memset,cache_metadata,cache_torch_argsort,cache_torch_argsort,36375023,36375983,0.686432,0.687392,15360,memset
dense_prefetch,revisit,2,7,aux,kernel,cache_metadata,cache_torch_argsort,cache_torch_argsort,36377007,36382543,0.688416,0.693952,0,"void at_cuda_detail::cub::detail::radix_sort::DeviceRadixSortOnesweepKernel<at_cuda_detail::cub::detail::radix::policy_hub<long, at::cuda::cub::detail::OpaqueType<(int)8>, unsigned long long>::Policy1000, (at_cuda_detail::cub::SortOrder)0, long, at::cuda::cub::detail::OpaqueType<(int)8>, unsigned long long, int, int, at_cuda_detail::cub::detail::identity_decomposer_t>(T7 *, T7 *, T5 *, const T5 *, T3 *, const T3 *, T4 *, const T4 *, T6, int, int, T8)"
dense_prefetch,revisit,2,7,aux,memset,cache_metadata,cache_torch_argsort,cache_torch_argsort,36383471,36384463,0.69488,0.695872,15360,memset
dense_prefetch,revisit,2,7,aux,kernel,cache_metadata,cache_torch_argsort,cache_torch_argsort,36385391,36390895,0.6968,0.702304,0,"void at_cuda_detail::cub::detail::radix_sort::DeviceRadixSortOnesweepKernel<at_cuda_detail::cub::detail::radix::policy_hub<long, at::cuda::cub::detail::OpaqueType<(int)8>, unsigned long long>::Policy1000, (at_cuda_detail::cub::SortOrder)0, long, at::cuda::cub::detail::OpaqueType<(int)8>, unsigned long long, int, int, at_cuda_detail::cub::detail::identity_decomposer_t>(T7 *, T7 *, T5 *, const T5 *, T3 *, const T3 *, T4 *, const T4 *, T6, int, int, T8)"
dense_prefetch,revisit,2,7,aux,memset,cache_metadata,cache_torch_argsort,cache_torch_argsort,36391887,36392879,0.703296,0.704288,15360,memset
dense_prefetch,revisit,2,7,aux,kernel,cache_metadata,cache_torch_argsort,cache_torch_argsort,36393871,36399407,0.70528,0.710816,0,"void at_cuda_detail::cub::detail::radix_sort::DeviceRadixSortOnesweepKernel<at_cuda_detail::cub::detail::radix::policy_hub<long, at::cuda::cub::detail::OpaqueType<(int)8>, unsigned long long>::Policy1000, (at_cuda_detail::cub::SortOrder)0, long, at::cuda::cub::detail::OpaqueType<(int)8>, unsigned long long, int, int, at_cuda_detail::cub::detail::identity_decomposer_t>(T7 *, T7 *, T5 *, const T5 *, T3 *, const T3 *, T4 *, const T4 *, T6, int, int, T8)"
dense_prefetch,revisit,2,7,aux,memset,cache_metadata,cache_torch_argsort,cache_torch_argsort,36400367,36401327,0.711776,0.712736,15360,memset
dense_prefetch,revisit,2,7,aux,kernel,cache_metadata,cache_torch_argsort,cache_torch_argsort,36402255,36407823,0.713664,0.719232,0,"void at_cuda_detail::cub::detail::radix_sort::DeviceRadixSortOnesweepKernel<at_cuda_detail::cub::detail::radix::policy_hub<long, at::cuda::cub::detail::OpaqueType<(int)8>, unsigned long long>::Policy1000, (at_cuda_detail::cub::SortOrder)0, long, at::cuda::cub::detail::OpaqueType<(int)8>, unsigned long long, int, int, at_cuda_detail::cub::detail::identity_decomposer_t>(T7 *, T7 *, T5 *, const T5 *, T3 *, const T3 *, T4 *, const T4 *, T6, int, int, T8)"
dense_prefetch,revisit,2,7,aux,memset,cache_metadata,cache_torch_argsort,cache_torch_argsort,36408751,36409743,0.72016,0.721152,15360,memset
dense_prefetch,revisit,2,7,aux,kernel,cache_metadata,cache_torch_argsort,cache_torch_argsort,36410703,36416207,0.722112,0.727616,0,"void at_cuda_detail::cub::detail::radix_sort::DeviceRadixSortOnesweepKernel<at_cuda_detail::cub::detail::radix::policy_hub<long, at::cuda::cub::detail::OpaqueType<(int)8>, unsigned long long>::Policy1000, (at_cuda_detail::cub::SortOrder)0, long, at::cuda::cub::detail::OpaqueType<(int)8>, unsigned long long, int, int, at_cuda_detail::cub::detail::identity_decomposer_t>(T7 *, T7 *, T5 *, const T5 *, T3 *, const T3 *, T4 *, const T4 *, T6, int, int, T8)"
dense_prefetch,revisit,2,7,aux,memset,cache_metadata,cache_torch_argsort,cache_torch_argsort,36417167,36418127,0.728576,0.729536,15360,memset
dense_prefetch,revisit,2,7,aux,kernel,cache_metadata,cache_torch_argsort,cache_torch_argsort,36419087,36424527,0.730496,0.735936,0,"void at_cuda_detail::cub::detail::radix_sort::DeviceRadixSortOnesweepKernel<at_cuda_detail::cub::detail::radix::policy_hub<long, at::cuda::cub::detail::OpaqueType<(int)8>, unsigned long long>::Policy1000, (at_cuda_detail::cub::SortOrder)0, long, at::cuda::cub::detail::OpaqueType<(int)8>, unsigned long long, int, int, at_cuda_detail::cub::detail::identity_decomposer_t>(T7 *, T7 *, T5 *, const T5 *, T3 *, const T3 *, T4 *, const T4 *, T6, int, int, T8)"
dense_prefetch,revisit,2,7,aux,kernel,cache_metadata,pool_operation,pool_operation,36425583,36428303,0.736992,0.739712,0,"void at::native::unrolled_elementwise_kernel<at::native::direct_copy_kernel_cuda(at::TensorIteratorBase &)::[lambda() (instance 3)]::operator ()() const::[lambda() (instance 4)]::operator ()() const::[lambda(long) (instance 1)], std::array<char *, (unsigned long)2>, (int)4, TrivialOffsetCalculator<(int)1, unsigned int>, TrivialOffsetCalculator<(int)1, unsigned int>, at::native::memory::LoadWithCast<(int)1>, at::native::memory::StoreWithCast<(int)1>>(int, T1, T2, T4, T5, T6, T7)"
dense_prefetch,revisit,2,7,aux,kernel,cache_metadata,pool_operation,pool_operation,36429263,36430031,0.740672,0.74144,0,"void at_cuda_detail::cub::detail::scan::DeviceScanInitKernel<at_cuda_detail::cub::ScanTileState<long, (bool)1>>(T1, int)"
dense_prefetch,revisit,2,7,aux,kernel,cache_metadata,pool_operation,pool_operation,36431023,36434191,0.742432,0.7456,0,"void at_cuda_detail::cub::detail::scan::DeviceScanKernel<at_cuda_detail::cub::detail::scan::policy_hub<long, long, long, unsigned int, std::plus<long>>::Policy1000, const long *, long *, at_cuda_detail::cub::ScanTileState<long, (bool)1>, std::plus<long>, at_cuda_detail::cub::NullType, unsigned int, long, (bool)0, at_cuda_detail::cub::NullType>(T2, T3, T4, int, T5, T6, T7)"
dense_prefetch,revisit,2,7,aux,kernel,cache_metadata,pool_operation,pool_operation,36435119,36441519,0.746528,0.752928,0,"echo_native::dense_history_reserve_kernel(const long *, const long *, const int *, int *, long *, long *, bool *, long *, unsigned long long *, long *, long *, int, int, int, int, long, const unsigned int *)"
dense_prefetch,revisit,1,7,aux,memcpy,other_copy,pool_operation,pool_operation,36442447,36452911,0.753856,0.76432,8388608,Device-to-Device
dense_prefetch,revisit,2,69,transfer,kernel,host_gather,host_gather,host_gather,36446383,38283985,0.757792,2.317506,0,"void <unnamed>::gather_records<unsigned int>(const unsigned char *, unsigned char *, const long *, const long *, long, long, long, long, const T1 *)"
dense_prefetch,revisit,1,7,aux,memcpy,other_copy,pool_operation,pool_operation,36453967,36458639,0.765376,0.770048,262144,Device-to-Device
dense_prefetch,revisit,1,7,aux,memcpy,other_copy,compute_graph_projection_inputs,compute_graph_projection_inputs,36461039,36466799,0.772448,0.778208,1835008,Device-to-Device
dense_prefetch,revisit,1,7,aux,memcpy,other_copy,compute_graph_projection_inputs,compute_graph_projection_inputs,36467823,36473327,0.779232,0.784736,1835008,Device-to-Device
dense_prefetch,revisit,1,7,aux,kernel,model_auxiliary,compute_graph_projection_inputs,compute_graph_projection_inputs,36474319,36478031,0.785728,0.78944,0,"void at::native::vectorized_elementwise_kernel<(int)2, at::native::FillFunctor<long>, std::array<char *, (unsigned long)1>>(int, T2, T3)"
dense_prefetch,revisit,1,7,projection,kernel,model_auxiliary,compute_graph_projection_layer_1_q_128,compute_graph_projection_layer_1_q_128,36482351,36485711,0.79376,0.79712,0,kernel_cutlass_kernel_operatorsdeepseek_v32norm_fusedLocalFusedRMSNorm_object_at__tensorptrbf16gmemalign128oi64716871681_tensorptrbf16gmemalign128oi64716871681_tensorptrf32gmemalign16o716_0
dense_prefetch,revisit,1,7,projection,kernel,model_auxiliary,compute_graph_projection_layer_1_q_128,compute_graph_projection_layer_1_q_128,36485807,36487151,0.797216,0.79856,0,"void at::native::elementwise_kernel<(int)128, (int)2, void at::native::gpu_kernel_impl_nocast<at::native::CUDAFunctor_add<long>>(at::TensorIteratorBase &, const T1 &)::[lambda(int) (instance 1)]>(int, T3)"
dense_prefetch,revisit,1,7,projection,kernel,model_auxiliary,compute_graph_projection_layer_1_q_128,compute_graph_projection_layer_1_q_128,36487279,36488527,0.798688,0.799936,0,"void at::native::unrolled_elementwise_kernel<at::native::direct_copy_kernel_cuda(at::TensorIteratorBase &)::[lambda() (instance 3)]::operator ()() const::[lambda() (instance 7)]::operator ()() const::[lambda(float) (instance 1)], std::array<char *, (unsigned long)2>, (int)4, TrivialOffsetCalculator<(int)1, unsigned int>, TrivialOffsetCalculator<(int)1, unsigned int>, at::native::memory::LoadWithCast<(int)1>, at::native::memory::StoreWithCast<(int)1>>(int, T1, T2, T4, T5, T6, T7)"
dense_prefetch,revisit,1,7,projection,kernel,model_auxiliary,compute_graph_projection_layer_1_q_128,compute_graph_projection_layer_1_q_128,36488655,36489647,0.800064,0.801056,0,"void at::native::vectorized_elementwise_kernel<(int)2, at::native::CUDAFunctorOnSelf_add<long>, std::array<char *, (unsigned long)2>>(int, T2, T3)"
dense_prefetch,revisit,1,7,projection,kernel,model_auxiliary,compute_graph_projection_layer_1_q_128,compute_graph_projection_layer_1_q_128,36489775,36490895,0.801184,0.802304,0,"void at::native::unrolled_elementwise_kernel<at::native::direct_copy_kernel_cuda(at::TensorIteratorBase &)::[lambda() (instance 3)]::operator ()() const::[lambda() (instance 3)]::operator ()() const::[lambda(int) (instance 1)], std::array<char *, (unsigned long)2>, (int)4, TrivialOffsetCalculator<(int)1, unsigned int>, TrivialOffsetCalculator<(int)1, unsigned int>, at::native::memory::LoadWithCast<(int)1>, at::native::memory::StoreWithCast<(int)1>>(int, T1, T2, T4, T5, T6, T7)"
dense_prefetch,revisit,1,7,projection,kernel,model_auxiliary,q_a_proj,compute_graph_projection_layer_1_q_128,36490991,36492975,0.8024,0.804384,0,activation_quantization
dense_prefetch,revisit,1,7,projection,kernel,model_auxiliary,q_a_proj,compute_graph_projection_layer_1_q_128,36493071,36494991,0.80448,0.8064,0,"void deep_gemm::transpose_fp32<(unsigned int)512, (unsigned int)64, (unsigned int)56, (unsigned int)128, (unsigned int)57>(const float *, float *, unsigned int)"
dense_prefetch,revisit,1,7,projection,kernel,matrix_compute,q_a_proj,compute_graph_projection_layer_1_q_128,36495087,36506287,0.806496,0.817696,0,"void deep_gemm::sm90_fp8_gemm_1d2d_impl<(cute::UMMA::Major)0, (unsigned int)0, (unsigned int)1536, (unsigned int)7168, (unsigned int)1, (unsigned int)64, (unsigned int)32, (unsigned int)128, (unsigned int)128, (unsigned int)128, (unsigned int)64, (unsigned int)16, (unsigned int)128, (unsigned int)128, (unsigned int)1, (bool)0, (unsigned int)132, (deep_gemm::GemmType)0, cutlass::bfloat16_t>(float *, int *, unsigned int, unsigned int, unsigned int, CUtensorMap_st, CUtensorMap_st, CUtensorMap_st, CUtensorMap_st)"
dense_prefetch,revisit,1,7,projection,kernel,model_auxiliary,compute_graph_projection_layer_1_q_128,compute_graph_projection_layer_1_q_128,36506511,36508751,0.81792,0.82016,0,kernel_cutlass_kernel_operatorsdeepseek_v32norm_plainLocalPlainRMSNorm_object_at__tensorptrbf16gmemalign128oi64153615361_tensorptrf32gmemalign16o15361_tensorptrbf16gmemalign128oi641536153_0
dense_prefetch,revisit,1,7,projection,kernel,model_auxiliary,compute_graph_projection_layer_1_q_128,compute_graph_projection_layer_1_q_128,36508879,36510383,0.820288,0.821792,0,"void at::native::elementwise_kernel<(int)128, (int)2, void at::native::gpu_kernel_impl_nocast<at::native::BinaryFunctor<float, float, float, at::native::binary_internal::MulFunctor<float>>>(at::TensorIteratorBase &, const T1 &)::[lambda(int) (instance 1)]>(int, T3)"
dense_prefetch,revisit,1,7,projection,kernel,model_auxiliary,compute_graph_projection_layer_1_q_128,compute_graph_projection_layer_1_q_128,36510511,36511279,0.82192,0.822688,0,"void <unnamed>::elementwise_kernel_with_index<int, at::native::arange_cuda_out(const c10::Scalar &, const c10::Scalar &, const c10::Scalar &, at::Tensor &)::[lambda() (instance 1)]::operator ()() const::[lambda() (instance 4)]::operator ()() const::[lambda(long) (instance 1)]>(T1, T2, function_traits<T2>::result_type *)"
dense_prefetch,revisit,1,7,projection,kernel,model_auxiliary,compute_graph_projection_layer_1_q_128,compute_graph_projection_layer_1_q_128,36511375,36513007,0.822784,0.824416,0,"void at::native::vectorized_elementwise_kernel<(int)4, at::native::cos_kernel_cuda(at::TensorIteratorBase &)::[lambda() (instance 2)]::operator ()() const::[lambda() (instance 2)]::operator ()() const::[lambda(float) (instance 1)], std::array<char *, (unsigned long)2>>(int, T2, T3)"
dense_prefetch,revisit,1,7,projection,kernel,model_auxiliary,compute_graph_projection_layer_1_q_128,compute_graph_projection_layer_1_q_128,36513103,36514735,0.824512,0.826144,0,"void at::native::vectorized_elementwise_kernel<(int)4, at::native::sin_kernel_cuda(at::TensorIteratorBase &)::[lambda() (instance 2)]::operator ()() const::[lambda() (instance 2)]::operator ()() const::[lambda(float) (instance 1)], std::array<char *, (unsigned long)2>>(int, T2, T3)"
dense_prefetch,revisit,1,7,projection,kernel,model_auxiliary,compute_graph_projection_layer_1_q_128,compute_graph_projection_layer_1_q_128,36514831,36516111,0.82624,0.82752,0,"void at::native::<unnamed>::CatArrayBatchedCopy_vectorized<at::native::<unnamed>::OpaqueType<(unsigned int)4>, unsigned int, (int)2, (int)128, (int)1, (int)16, (int)4>(char *, at::native::<unnamed>::CatArrInputTensorMetadata<T1, T2, T4, T5>, at::native::<unnamed>::TensorSizeStride<T2, (unsigned int)4>, int, T2)"
dense_prefetch,revisit,1,7,projection,kernel,model_auxiliary,q_b_proj,compute_graph_projection_layer_1_q_128,36516207,36518063,0.827616,0.829472,0,activation_quantization
dense_prefetch,revisit,1,7,projection,kernel,model_auxiliary,q_b_proj,compute_graph_projection_layer_1_q_128,36518127,36519599,0.829536,0.831008,0,"void deep_gemm::transpose_fp32<(unsigned int)512, (unsigned int)64, (unsigned int)12, (unsigned int)128, (unsigned int)13>(const float *, float *, unsigned int)"
dense_prefetch,revisit,1,7,projection,kernel,matrix_compute,q_b_proj,compute_graph_projection_layer_1_q_128,36519695,36543183,0.831104,0.854592,0,"void deep_gemm::sm90_fp8_gemm_1d2d_impl<(cute::UMMA::Major)0, (unsigned int)0, (unsigned int)24576, (unsigned int)1536, (unsigned int)1, (unsigned int)128, (unsigned int)192, (unsigned int)128, (unsigned int)128, (unsigned int)128, (unsigned int)128, (unsigned int)4, (unsigned int)128, (unsigned int)256, (unsigned int)1, (bool)0, (unsigned int)132, (deep_gemm::GemmType)0, cutlass::bfloat16_t>(float *, int *, unsigned int, unsigned int, unsigned int, CUtensorMap_st, CUtensorMap_st, CUtensorMap_st, CUtensorMap_st)"
dense_prefetch,revisit,1,7,projection,kernel,matrix_compute,q_absorb,compute_graph_projection_layer_1_q_128,36543439,36558447,0.854848,0.869856,0,nvjet_sm90_tst_256x128_64x4_2x1_v_bz_coopA_NNT
dense_prefetch,revisit,1,7,projection,kernel,model_auxiliary,kv_a_proj,compute_graph_projection_layer_1_q_128,36558415,36561487,0.869824,0.872896,0,activation_quantization
dense_prefetch,revisit,1,7,projection,kernel,model_auxiliary,kv_a_proj,compute_graph_projection_layer_1_q_128,36561423,36563343,0.872832,0.874752,0,"void deep_gemm::transpose_fp32<(unsigned int)512, (unsigned int)64, (unsigned int)56, (unsigned int)128, (unsigned int)57>(const float *, float *, unsigned int)"
dense_prefetch,revisit,1,7,projection,kernel,matrix_compute,kv_a_proj,compute_graph_projection_layer_1_q_128,36563407,36572655,0.874816,0.884064,0,"void deep_gemm::sm90_fp8_gemm_1d2d_impl<(cute::UMMA::Major)0, (unsigned int)0, (unsigned int)576, (unsigned int)7168, (unsigned int)1, (unsigned int)64, (unsigned int)16, (unsigned int)128, (unsigned int)128, (unsigned int)128, (unsigned int)32, (unsigned int)16, (unsigned int)128, (unsigned int)128, (unsigned int)1, (bool)0, (unsigned int)132, (deep_gemm::GemmType)0, cutlass::bfloat16_t>(float *, int *, unsigned int, unsigned int, unsigned int, CUtensorMap_st, CUtensorMap_st, CUtensorMap_st, CUtensorMap_st)"
dense_prefetch,revisit,1,7,projection,kernel,model_auxiliary,compute_graph_projection_layer_1_q_128,compute_graph_projection_layer_1_q_128,36572719,36575247,0.884128,0.886656,0,"void at::native::elementwise_kernel<(int)128, (int)4, void at::native::gpu_kernel_impl_nocast<at::native::direct_copy_kernel_cuda(at::TensorIteratorBase &)::[lambda() (instance 3)]::operator ()() const::[lambda() (instance 12)]::operator ()() const::[lambda(c10::BFloat16) (instance 1)]>(at::TensorIteratorBase &, const T1 &)::[lambda(int) (instance 1)]>(int, T3)"
dense_prefetch,revisit,1,7,projection,kernel,model_auxiliary,compute_graph_projection_layer_1_q_128,compute_graph_projection_layer_1_q_128,36575535,36577039,0.886944,0.888448,0,kernel_cutlass_kernel_operatorsdeepseek_v32norm_plainLocalPlainRMSNorm_object_at__tensorptrbf16gmemalign128oi645125121_tensorptrf32gmemalign16o5121_tensorptrbf16gmemalign128oi645125121____0
dense_prefetch,revisit,1,7,projection,kernel,model_auxiliary,compute_graph_projection_layer_1_q_128,compute_graph_projection_layer_1_q_128,36577103,36579823,0.888512,0.891232,0,"void flashinfer::BatchQKApplyRotaryPosIdsCosSinCacheHeadParallelismKernel<(bool)1, (unsigned int)64, (unsigned int)8, (unsigned int)8, __nv_bfloat16, long>(T5 *, T5 *, T5 *, T5 *, float *, T6 *, unsigned int, unsigned int, unsigned int, unsigned int, unsigned long, unsigned long, unsigned long, unsigned long, unsigned long, unsigned long, unsigned long, unsigned long)"
dense_prefetch,revisit,1,7,projection,kernel,model_auxiliary,index_q_proj,compute_graph_projection_layer_1_q_128,36579919,36582543,0.891328,0.893952,0,activation_quantization
dense_prefetch,revisit,1,7,projection,kernel,model_auxiliary,index_q_proj,compute_graph_projection_layer_1_q_128,36582607,36584047,0.894016,0.895456,0,"void deep_gemm::transpose_fp32<(unsigned int)512, (unsigned int)64, (unsigned int)12, (unsigned int)128, (unsigned int)13>(const float *, float *, unsigned int)"
dense_prefetch,revisit,1,7,projection,kernel,matrix_compute,index_q_proj,compute_graph_projection_layer_1_q_128,36584111,36595823,0.89552,0.907232,0,"void deep_gemm::sm90_fp8_gemm_1d2d_impl<(cute::UMMA::Major)0, (unsigned int)0, (unsigned int)8192, (unsigned int)1536, (unsigned int)1, (unsigned int)64, (unsigned int)128, (unsigned int)128, (unsigned int)128, (unsigned int)128, (unsigned int)128, (unsigned int)8, (unsigned int)128, (unsigned int)128, (unsigned int)1, (bool)0, (unsigned int)132, (deep_gemm::GemmType)0, cutlass::bfloat16_t>(float *, int *, unsigned int, unsigned int, unsigned int, CUtensorMap_st, CUtensorMap_st, CUtensorMap_st, CUtensorMap_st)"
dense_prefetch,revisit,1,7,projection,kernel,model_auxiliary,index_k_proj,compute_graph_projection_layer_1_q_128,36595887,36599023,0.907296,0.910432,0,activation_quantization
dense_prefetch,revisit,1,7,projection,kernel,model_auxiliary,index_k_proj,compute_graph_projection_layer_1_q_128,36599087,36600943,0.910496,0.912352,0,"void deep_gemm::transpose_fp32<(unsigned int)512, (unsigned int)64, (unsigned int)56, (unsigned int)128, (unsigned int)57>(const float *, float *, unsigned int)"
dense_prefetch,revisit,1,7,projection,kernel,matrix_compute,index_k_proj,compute_graph_projection_layer_1_q_128,36601071,36610223,0.91248,0.921632,0,"void deep_gemm::sm90_fp8_gemm_1d2d_impl<(cute::UMMA::Major)0, (unsigned int)0, (unsigned int)128, (unsigned int)7168, (unsigned int)1, (unsigned int)64, (unsigned int)16, (unsigned int)128, (unsigned int)128, (unsigned int)128, (unsigned int)32, (unsigned int)16, (unsigned int)128, (unsigned int)128, (unsigned int)1, (bool)0, (unsigned int)132, (deep_gemm::GemmType)0, cutlass::bfloat16_t>(float *, int *, unsigned int, unsigned int, unsigned int, CUtensorMap_st, CUtensorMap_st, CUtensorMap_st, CUtensorMap_st)"
dense_prefetch,revisit,1,7,projection,kernel,model_auxiliary,compute_graph_projection_layer_1_q_128,compute_graph_projection_layer_1_q_128,36610351,36613135,0.92176,0.924544,0,"void at::native::unrolled_elementwise_kernel<at::native::direct_copy_kernel_cuda(at::TensorIteratorBase &)::[lambda() (instance 3)]::operator ()() const::[lambda() (instance 7)]::operator ()() const::[lambda(float) (instance 1)], std::array<char *, (unsigned long)2>, (int)4, TrivialOffsetCalculator<(int)1, unsigned int>, TrivialOffsetCalculator<(int)1, unsigned int>, at::native::memory::LoadWithCast<(int)1>, at::native::memory::StoreWithCast<(int)1>>(int, T1, T2, T4, T5, T6, T7)"
dense_prefetch,revisit,1,7,projection,kernel,model_auxiliary,compute_graph_projection_layer_1_q_128,compute_graph_projection_layer_1_q_128,36613263,36616111,0.924672,0.92752,0,"void at::native::<unnamed>::vectorized_layer_norm_kernel<float, float, (bool)0>(int, T2, const T1 *, const T1 *, const T1 *, T2 *, T2 *, T1 *)"
dense_prefetch,revisit,1,7,projection,kernel,model_auxiliary,compute_graph_projection_layer_1_q_128,compute_graph_projection_layer_1_q_128,36616239,36617295,0.927648,0.928704,0,"void at::native::vectorized_elementwise_kernel<(int)8, at::native::bfloat16_copy_kernel_cuda(at::TensorIteratorBase &)::[lambda(float) (instance 1)], std::array<char *, (unsigned long)2>>(int, T2, T3)"
dense_prefetch,revisit,1,7,projection,kernel,model_auxiliary,compute_graph_projection_layer_1_q_128,compute_graph_projection_layer_1_q_128,36617423,36619823,0.928832,0.931232,0,"void flashinfer::BatchQKApplyRotaryPosIdsCosSinCacheHeadParallelismKernel<(bool)0, (unsigned int)128, (unsigned int)8, (unsigned int)16, __nv_bfloat16, long>(T5 *, T5 *, T5 *, T5 *, float *, T6 *, unsigned int, unsigned int, unsigned int, unsigned int, unsigned long, unsigned long, unsigned long, unsigned long, unsigned long, unsigned long, unsigned long, unsigned long)"
dense_prefetch,revisit,1,7,projection,kernel,model_auxiliary,compute_graph_projection_layer_1_q_128,compute_graph_projection_layer_1_q_128,36619919,36621679,0.931328,0.933088,0,quantize_kernel
dense_prefetch,revisit,1,7,projection,kernel,model_auxiliary,compute_graph_projection_layer_1_q_128,compute_graph_projection_layer_1_q_128,36621775,36622959,0.933184,0.934368,0,quantize_kernel
dense_prefetch,revisit,1,7,projection,kernel,model_auxiliary,compute_graph_projection_layer_1_q_128,compute_graph_projection_layer_1_q_128,36623087,36626639,0.934496,0.938048,0,"void at::native::unrolled_elementwise_kernel<at::native::direct_copy_kernel_cuda(at::TensorIteratorBase &)::[lambda() (instance 3)]::operator ()() const::[lambda() (instance 7)]::operator ()() const::[lambda(float) (instance 1)], std::array<char *, (unsigned long)2>, (int)4, TrivialOffsetCalculator<(int)1, unsigned int>, TrivialOffsetCalculator<(int)1, unsigned int>, at::native::memory::LoadWithCast<(int)1>, at::native::memory::StoreWithCast<(int)1>>(int, T1, T2, T4, T5, T6, T7)"
dense_prefetch,revisit,1,7,projection,kernel,matrix_compute,index_weights_proj,compute_graph_projection_layer_1_q_128,36626767,36637935,0.938176,0.949344,0,void cutlass::Kernel2<cutlass_80_simt_sgemm_64x64_8x5_tn_align1>(T1::Params)
dense_prefetch,revisit,1,7,projection,kernel,model_auxiliary,index_weights_proj,compute_graph_projection_layer_1_q_128,36638031,36641967,0.94944,0.953376,0,"void cublasLt::splitKreduce_kernel<(int)32, (int)16, int, float, float, float, float, (bool)0, float, float, float, (bool)1, (bool)0, (bool)0, (bool)0>(cublasLt::cublasSplitKParams<T6>, const T4 *, const T10 *, T9 *, T5 *, const T6 *, const T6 *, const T11 *, const T4 *, T11 *, void *, long, T6 *, int *, T6 *, T6 *, const T6 *, const T6 *, const T6 *, const T6 *, const T6 *)"
dense_prefetch,revisit,1,7,projection,kernel,model_auxiliary,compute_graph_projection_layer_1_q_128,compute_graph_projection_layer_1_q_128,36642095,36643247,0.953504,0.954656,0,"void at::native::vectorized_elementwise_kernel<(int)4, at::native::AUnaryFunctor<float, float, float, at::native::binary_internal::MulFunctor<float>>, std::array<char *, (unsigned long)2>>(int, T2, T3)"
dense_prefetch,revisit,1,7,projection,kernel,model_auxiliary,compute_graph_projection_layer_1_q_128,compute_graph_projection_layer_1_q_128,36643343,36644463,0.954752,0.955872,0,"void at::native::vectorized_elementwise_kernel<(int)4, at::native::BinaryFunctor<float, float, float, at::native::binary_internal::MulFunctor<float>>, std::array<char *, (unsigned long)3>>(int, T2, T3)"
dense_prefetch,revisit,1,7,projection,kernel,model_auxiliary,compute_graph_projection_layer_1_q_128,compute_graph_projection_layer_1_q_128,36644591,36645551,0.956,0.95696,0,"void at::native::vectorized_elementwise_kernel<(int)4, at::native::AUnaryFunctor<float, float, float, at::native::binary_internal::MulFunctor<float>>, std::array<char *, (unsigned long)2>>(int, T2, T3)"
dense_prefetch,revisit,1,7,projection,kernel,model_auxiliary,compute_graph_projection_layer_1_q_128,compute_graph_projection_layer_1_q_128,36645679,36650543,0.957088,0.961952,0,"void at::native::<unnamed>::CatArrayBatchedCopy_vectorized<at::native::<unnamed>::OpaqueType<(unsigned int)2>, unsigned int, (int)2, (int)128, (int)1, (int)16, (int)8>(char *, at::native::<unnamed>::CatArrInputTensorMetadata<T1, T2, T4, T5>, at::native::<unnamed>::TensorSizeStride<T2, (unsigned int)4>, int, T2)"
dense_prefetch,revisit,1,7,aux,memcpy,other_copy,index_cache_write,index_cache_write,36653391,36657199,0.9648,0.968608,16384,Device-to-Device
dense_prefetch,revisit,1,7,aux,memcpy,other_copy,index_cache_write,index_cache_write,36658159,36661999,0.969568,0.973408,512,Device-to-Device
dense_prefetch,revisit,1,7,index,kernel,matrix_compute,indexer_qk,indexer_qk,36662991,36929584,0.9744,1.240993,0,"void deep_gemm::sm90_fp8_mqa_logits<(unsigned int)64, (unsigned int)128, (unsigned int)2, (unsigned int)256, (unsigned int)3, (unsigned int)3, (unsigned int)132, (unsigned int)128, (unsigned int)512, float>(unsigned int, unsigned int, unsigned int, unsigned int *, unsigned int *, T10 *, CUtensorMap_st, CUtensorMap_st, CUtensorMap_st, CUtensorMap_st)"
dense_prefetch,revisit,1,7,index,kernel,model_auxiliary,indexer_qk,indexer_qk,36930864,36934768,1.242273,1.246177,0,"void <unnamed>::elementwise_kernel_with_index<int, at::native::arange_cuda_out(const c10::Scalar &, const c10::Scalar &, const c10::Scalar &, at::Tensor &)::[lambda() (instance 1)]::operator ()() const::[lambda() (instance 4)]::operator ()() const::[lambda(long) (instance 1)]>(T1, T2, function_traits<T2>::result_type *)"
dense_prefetch,revisit,1,7,index,kernel,model_auxiliary,indexer_qk,indexer_qk,36935792,36942096,1.247201,1.253505,0,"void at::native::elementwise_kernel<(int)128, (int)4, void at::native::gpu_kernel_impl<at::native::<unnamed>::CompareFunctor<long>>(at::TensorIteratorBase &, const T1 &)::[lambda(int) (instance 1)]>(int, T3)"
dense_prefetch,revisit,1,7,index,kernel,model_auxiliary,indexer_qk,indexer_qk,36943408,36948752,1.254817,1.260161,0,"void at::native::elementwise_kernel<(int)128, (int)2, void at::native::gpu_kernel_impl_nocast<at::native::<unnamed>::masked_fill_kernel(at::TensorIterator &, const c10::Scalar &)::[lambda() (instance 1)]::operator ()() const::[lambda() (instance 7)]::operator ()() const::[lambda(float, bool) (instance 1)]>(at::TensorIteratorBase &, const T1 &)::[lambda(int) (instance 1)]>(int, T3)"
dense_prefetch,revisit,1,7,topk,kernel,model_auxiliary,exact_topk,exact_topk,36949776,36977840,1.261185,1.289249,0,"void at::native::elementwise_kernel<(int)128, (int)2, void at::native::gpu_kernel_impl_nocast<at::native::direct_copy_kernel_cuda(at::TensorIteratorBase &)::[lambda() (instance 3)]::operator ()() const::[lambda() (instance 7)]::operator ()() const::[lambda(float) (instance 1)]>(at::TensorIteratorBase &, const T1 &)::[lambda(int) (instance 1)]>(int, T3)"
dense_prefetch,revisit,1,7,topk,kernel,model_auxiliary,exact_topk,exact_topk,36997424,37051504,1.308833,1.362913,0,"void flashinfer::sampling::FilteredTopKUnifiedKernel<float, int, (int)4, (bool)1, (flashinfer::sampling::FilteredTopKMode)0, (flashinfer::sampling::TopKTieBreak)1, flashinfer::sampling::DirectPageTableKernelPolicy<int>, >(const T1 *, T2 *, T1 *, const T2 *, long, const T2 *, const T2 *, const T2 *, const T2 *, unsigned int, unsigned int, unsigned int, T8...)"
dense_prefetch,revisit,1,7,topk,kernel,model_auxiliary,exact_topk,exact_topk,37052400,37069584,1.363809,1.380993,0,"void flashinfer::sampling::FinalizeTopKIndicesKernel<(bool)1, (flashinfer::sampling::FilteredTopKMode)0, (unsigned int)256, (unsigned int)8, float, int, flashinfer::sampling::DirectPageTableKernelPolicy<int>, >(T6 *, T5 *, const T6 *, long, const T6 *, const T6 *, unsigned int, unsigned int, T8...)"
dense_prefetch,revisit,1,7,topk,kernel,model_auxiliary,exact_topk,exact_topk,37070512,37090800,1.381921,1.402209,0,"void flashinfer::sampling::StableSortTopKByValueKernel<(unsigned int)256, (unsigned int)8, int, float>(T3 *, T4 *, unsigned int, unsigned int)"
dense_prefetch,revisit,1,7,topk,kernel,model_auxiliary,exact_topk,exact_topk,37091824,37095472,1.403233,1.406881,0,mask_kernel
dense_prefetch,revisit,1,7,aux,memcpy,other_copy,pool_operation,pool_operation,37169200,37173584,1.480609,1.484993,147456,Device-to-Device
dense_prefetch,revisit,1,7,aux,kernel,cache_metadata,pool_operation,pool_operation,37324400,37328112,1.635809,1.639521,0,"echo_native::resident_union_clear(unsigned int *, long, unsigned int *)"
dense_prefetch,revisit,1,7,aux,kernel,cache_metadata,pool_operation,pool_operation,37333040,37357776,1.644449,1.669185,0,"void echo_native::resident_selection_kernel<(bool)0>(const int *, int *, long, const int *, const int *, int, long *, long *, unsigned int *, unsigned int *, unsigned long long *, int, int, bool, int, int, long)"
dense_prefetch,revisit,1,7,attention,kernel,matrix_compute,mla_qk_pv,mla_qk_pv,37472464,37648336,1.783873,1.959745,0,"void sm90::prefill::sparse_fwd::sparse_attn_fwd_kernel<sm90::prefill::sparse_fwd::KernelTemplate<(int)576, (bool)0>, sm90::prefill::sparse_fwd::KernelTemplate<(int)576, (bool)0>::TmaParams<cute::tuple<int, int, int>, cute::TiledCopy<cute::Copy_Atom<cute::Copy_Traits<cute::SM90_TMA_LOAD, cute::C<(int)65536>, cute::AuxTmaParams<cute::tuple<cute::ScaledBasis<cute::C<(int)1>, (int)1>, cute::ScaledBasis<cute::C<(int)1>, (int)0>, cute::ScaledBasis<cute::C<(int)1>, (int)2>>, const cute::Layout<cute::tuple<cute::C<(int)64>, cute::C<(int)64>, cute::C<(int)1>>, cute::tuple<cute::ScaledBasis<cute::C<(int)1>, (int)1>, cute::ScaledBasis<cute::C<(int)1>, (int)0>, cute::ScaledBasis<cute::C<(int)1>, (int)2>>> &, const cute::Swizzle<(int)3, (int)4, (int)3> &>>, cutlass::bfloat16_t>, cute::Layout<cute::tuple<cute::C<(int)1>, cute::tuple<cute::tuple<cute::tuple<cute::C<(int)64>, cute::C<(int)64>>, cute::C<(int)9>>>>, cute::tuple<cute::C<(int)0>, cute::tuple<cute::tuple<cute::tuple<cute::C<(int)64>, cute::C<(int)1>>, cute::C<(int)4096>>>>>, cute::tuple<cute::C<(int)64>, cute::C<(int)576>>>>>(SparseAttnFwdParams, T2)"
dense_prefetch,revisit,1,7,finish,kernel,matrix_compute,v_expand,v_expand,37649328,37665552,1.960737,1.976961,0,nvjet_sm90_tst_128x128_64x6_1x1_h_bz_NNT
dense_prefetch,revisit,1,7,finish,kernel,model_auxiliary,o_proj,compute_graph_finish_layer_1_q_128,37669008,37671728,1.980417,1.983137,0,activation_quantization
dense_prefetch,revisit,1,7,finish,kernel,model_auxiliary,o_proj,compute_graph_finish_layer_1_q_128,37671792,37675344,1.983201,1.986753,0,"void deep_gemm::transpose_fp32<(unsigned int)512, (unsigned int)64, (unsigned int)128, (unsigned int)128, (unsigned int)129>(const float *, float *, unsigned int)"
dense_prefetch,revisit,1,7,finish,kernel,matrix_compute,o_proj,compute_graph_finish_layer_1_q_128,37675408,37757265,1.986817,2.068674,0,"void deep_gemm::sm90_fp8_gemm_1d2d_impl<(cute::UMMA::Major)0, (unsigned int)0, (unsigned int)7168, (unsigned int)16384, (unsigned int)1, (unsigned int)64, (unsigned int)112, (unsigned int)128, (unsigned int)128, (unsigned int)128, (unsigned int)32, (unsigned int)9, (unsigned int)128, (unsigned int)128, (unsigned int)1, (bool)0, (unsigned int)132, (deep_gemm::GemmType)0, cutlass::bfloat16_t>(float *, int *, unsigned int, unsigned int, unsigned int, CUtensorMap_st, CUtensorMap_st, CUtensorMap_st, CUtensorMap_st)"
dense_prefetch,revisit,1,7,finish,kernel,model_auxiliary,compute_graph_finish_layer_1_q_128,compute_graph_finish_layer_1_q_128,37757393,37760817,2.068802,2.072226,0,kernel_cutlass_kernel_operatorsdeepseek_v32norm_fusedLocalFusedRMSNorm_object_at__tensorptrbf16gmemalign128oi64716871681_tensorptrbf16gmemalign128oi64716871681_tensorptrf32gmemalign16o716_0
dense_prefetch,revisit,1,7,finish,kernel,model_auxiliary,mlp_gate,compute_graph_finish_layer_1_q_128,37760881,37762833,2.07229,2.074242,0,activation_quantization
dense_prefetch,revisit,1,7,finish,kernel,model_auxiliary,mlp_gate,compute_graph_finish_layer_1_q_128,37762897,37764817,2.074306,2.076226,0,"void deep_gemm::transpose_fp32<(unsigned int)512, (unsigned int)64, (unsigned int)56, (unsigned int)128, (unsigned int)57>(const float *, float *, unsigned int)"
dense_prefetch,revisit,1,7,finish,kernel,matrix_compute,mlp_gate,compute_graph_finish_layer_1_q_128,37764881,37830833,2.07629,2.142242,0,"void deep_gemm::sm90_fp8_gemm_1d2d_impl<(cute::UMMA::Major)0, (unsigned int)0, (unsigned int)18432, (unsigned int)7168, (unsigned int)1, (unsigned int)128, (unsigned int)144, (unsigned int)128, (unsigned int)128, (unsigned int)128, (unsigned int)32, (unsigned int)5, (unsigned int)128, (unsigned int)256, (unsigned int)1, (bool)0, (unsigned int)132, (deep_gemm::GemmType)0, cutlass::bfloat16_t>(float *, int *, unsigned int, unsigned int, unsigned int, CUtensorMap_st, CUtensorMap_st, CUtensorMap_st, CUtensorMap_st)"
dense_prefetch,revisit,1,7,finish,kernel,model_auxiliary,mlp_up,compute_graph_finish_layer_1_q_128,37830801,37833265,2.14221,2.144674,0,"void deep_gemm::transpose_fp32<(unsigned int)512, (unsigned int)64, (unsigned int)56, (unsigned int)128, (unsigned int)57>(const float *, float *, unsigned int)"
dense_prefetch,revisit,1,7,finish,kernel,matrix_compute,mlp_up,compute_graph_finish_layer_1_q_128,37833233,37899505,2.144642,2.210914,0,"void deep_gemm::sm90_fp8_gemm_1d2d_impl<(cute::UMMA::Major)0, (unsigned int)0, (unsigned int)18432, (unsigned int)7168, (unsigned int)1, (unsigned int)128, (unsigned int)144, (unsigned int)128, (unsigned int)128, (unsigned int)128, (unsigned int)32, (unsigned int)5, (unsigned int)128, (unsigned int)256, (unsigned int)1, (bool)0, (unsigned int)132, (deep_gemm::GemmType)0, cutlass::bfloat16_t>(float *, int *, unsigned int, unsigned int, unsigned int, CUtensorMap_st, CUtensorMap_st, CUtensorMap_st, CUtensorMap_st)"
dense_prefetch,revisit,1,7,finish,kernel,model_auxiliary,compute_graph_finish_layer_1_q_128,compute_graph_finish_layer_1_q_128,37899857,37905777,2.211266,2.217186,0,"void flashinfer::activation::act_and_mul_kernel<__nv_bfloat16, &silu>(T1 *, const T1 *, int)"
dense_prefetch,revisit,1,7,finish,kernel,model_auxiliary,mlp_down,compute_graph_finish_layer_1_q_128,37905905,37908337,2.217314,2.219746,0,activation_quantization
dense_prefetch,revisit,1,7,finish,kernel,model_auxiliary,mlp_down,compute_graph_finish_layer_1_q_128,37908433,37912113,2.219842,2.223522,0,"void deep_gemm::transpose_fp32<(unsigned int)512, (unsigned int)64, (unsigned int)144, (unsigned int)128, (unsigned int)145>(const float *, float *, unsigned int)"
dense_prefetch,revisit,1,7,finish,kernel,matrix_compute,mlp_down,compute_graph_finish_layer_1_q_128,37912241,38006097,2.22365,2.317506,0,"void deep_gemm::sm90_fp8_gemm_1d2d_impl<(cute::UMMA::Major)0, (unsigned int)0, (unsigned int)7168, (unsigned int)18432, (unsigned int)1, (unsigned int)64, (unsigned int)112, (unsigned int)128, (unsigned int)128, (unsigned int)128, (unsigned int)32, (unsigned int)9, (unsigned int)128, (unsigned int)128, (unsigned int)1, (bool)0, (unsigned int)132, (deep_gemm::GemmType)0, cutlass::bfloat16_t>(float *, int *, unsigned int, unsigned int, unsigned int, CUtensorMap_st, CUtensorMap_st, CUtensorMap_st, CUtensorMap_st)"
