capture_index,scheme,phase,stage,kernel,primary_matrix_kernel,count,duration_sum_ms
2,hbm,cold,index_k_proj,activation_quantization,False,650,4.656778
2,hbm,cold,index_k_proj,"void deep_gemm::sm90_fp8_gemm_1d2d_impl<(cute::UMMA::Major)0, (unsigned int)0, (unsigned int)128, (unsigned int)7168, (unsigned int)1, (unsigned int)64, (unsigned int)16, (unsigned int)128, (unsigned int)128, (unsigned int)128, (unsigned int)32, (unsigned int)16, (unsigned int)128, (unsigned int)128, (unsigned int)1, (bool)0, (unsigned int)132, (deep_gemm::GemmType)0, cutlass::bfloat16_t>(float *, int *, unsigned int, unsigned int, unsigned int, CUtensorMap_st, CUtensorMap_st, CUtensorMap_st, CUtensorMap_st)",True,650,6.514824
2,hbm,cold,index_k_proj,"void deep_gemm::transpose_fp32<(unsigned int)512, (unsigned int)64, (unsigned int)56, (unsigned int)128, (unsigned int)57>(const float *, float *, unsigned int)",False,650,1.355618
2,hbm,cold,index_q_proj,activation_quantization,False,650,2.490095
2,hbm,cold,index_q_proj,"void deep_gemm::sm90_fp8_gemm_1d2d_impl<(cute::UMMA::Major)0, (unsigned int)0, (unsigned int)8192, (unsigned int)1536, (unsigned int)1, (unsigned int)256, (unsigned int)128, (unsigned int)128, (unsigned int)128, (unsigned int)128, (unsigned int)128, (unsigned int)3, (unsigned int)128, (unsigned int)256, (unsigned int)2, (bool)1, (unsigned int)132, (deep_gemm::GemmType)0, cutlass::bfloat16_t>(float *, int *, unsigned int, unsigned int, unsigned int, CUtensorMap_st, CUtensorMap_st, CUtensorMap_st, CUtensorMap_st)",True,640,15.548068
2,hbm,cold,index_q_proj,"void deep_gemm::sm90_fp8_gemm_1d2d_impl<(cute::UMMA::Major)0, (unsigned int)0, (unsigned int)8192, (unsigned int)1536, (unsigned int)1, (unsigned int)64, (unsigned int)128, (unsigned int)128, (unsigned int)128, (unsigned int)128, (unsigned int)128, (unsigned int)8, (unsigned int)128, (unsigned int)128, (unsigned int)1, (bool)0, (unsigned int)132, (deep_gemm::GemmType)0, cutlass::bfloat16_t>(float *, int *, unsigned int, unsigned int, unsigned int, CUtensorMap_st, CUtensorMap_st, CUtensorMap_st, CUtensorMap_st)",True,10,0.084192
2,hbm,cold,index_q_proj,"void deep_gemm::transpose_fp32<(unsigned int)512, (unsigned int)64, (unsigned int)12, (unsigned int)128, (unsigned int)13>(const float *, float *, unsigned int)",False,650,1.012547
2,hbm,cold,index_weights_proj,sm80_xmma_gemm_f32f32_f32f32_f32_tn_n_tilesize128x64x8_stage3_warpsize2x2x1_ffma_aligna4_alignc4_execute_kernel__5x_cublas,True,640,22.061667
2,hbm,cold,index_weights_proj,sm80_xmma_gemm_f32f32_f32f32_f32_tn_n_tilesize128x64x8_stage3_warpsize2x2x1_ffma_aligna4_alignc4_execute_split_k_kernel__5x_cublas,False,640,4.468045
2,hbm,cold,index_weights_proj,"void cublasLt::splitKreduce_kernel<(int)32, (int)16, int, float, float, float, float, (bool)0, float, float, float, (bool)1, (bool)0, (bool)0, (bool)0>(cublasLt::cublasSplitKParams<T6>, const T4 *, const T10 *, T9 *, T5 *, const T6 *, const T6 *, const T11 *, const T4 *, T11 *, void *, long, T6 *, int *, T6 *, T6 *, const T6 *, const T6 *, const T6 *, const T6 *, const T6 *)",False,10,0.036384
2,hbm,cold,index_weights_proj,void cutlass::Kernel2<cutlass_80_simt_sgemm_64x64_8x5_tn_align1>(T1::Params),True,10,0.129473
2,hbm,cold,indexer_qk,"void <unnamed>::elementwise_kernel_with_index<int, at::native::arange_cuda_out(const c10::Scalar &, const c10::Scalar &, const c10::Scalar &, at::Tensor &)::[lambda() (instance 1)]::operator ()() const::[lambda() (instance 3)]::operator ()() const::[lambda(long) (instance 1)]>(T1, T2, function_traits<T2>::result_type *)",False,650,0.507941
2,hbm,cold,indexer_qk,"void <unnamed>::elementwise_kernel_with_index<int, at::native::arange_cuda_out(const c10::Scalar &, const c10::Scalar &, const c10::Scalar &, at::Tensor &)::[lambda() (instance 1)]::operator ()() const::[lambda() (instance 4)]::operator ()() const::[lambda(long) (instance 1)]>(T1, T2, function_traits<T2>::result_type *)",False,650,0.568547
2,hbm,cold,indexer_qk,"void at::native::elementwise_kernel<(int)128, (int)2, void at::native::gpu_kernel_impl_nocast<at::native::<unnamed>::masked_fill_kernel(at::TensorIterator &, const c10::Scalar &)::[lambda() (instance 1)]::operator ()() const::[lambda() (instance 7)]::operator ()() const::[lambda(float, bool) (instance 1)]>(at::TensorIteratorBase &, const T1 &)::[lambda(int) (instance 1)]>(int, T3)",False,640,3.195075
2,hbm,cold,indexer_qk,"void at::native::elementwise_kernel<(int)128, (int)4, void at::native::gpu_kernel_impl<at::native::<unnamed>::CompareFunctor<long>>(at::TensorIteratorBase &, const T1 &)::[lambda(int) (instance 1)]>(int, T3)",False,650,3.922312
2,hbm,cold,indexer_qk,"void at::native::vectorized_elementwise_kernel<(int)4, at::native::<unnamed>::masked_fill_kernel(at::TensorIterator &, const c10::Scalar &)::[lambda() (instance 1)]::operator ()() const::[lambda() (instance 7)]::operator ()() const::[lambda(float, bool) (instance 1)], std::array<char *, (unsigned long)3>>(int, T2, T3)",False,10,0.027968
2,hbm,cold,indexer_qk,"void at::native::vectorized_elementwise_kernel<(int)4, at::native::FillFunctor<int>, std::array<char *, (unsigned long)1>>(int, T2, T3)",False,650,0.528355
2,hbm,cold,indexer_qk,"void deep_gemm::sm90_fp8_mqa_logits<(unsigned int)64, (unsigned int)128, (unsigned int)2, (unsigned int)256, (unsigned int)3, (unsigned int)3, (unsigned int)132, (unsigned int)128, (unsigned int)512, float>(unsigned int, unsigned int, unsigned int, unsigned int *, unsigned int *, T10 *, CUtensorMap_st, CUtensorMap_st, CUtensorMap_st, CUtensorMap_st)",True,650,379.257489
2,hbm,cold,kv_a_proj,activation_quantization,False,650,5.546122
2,hbm,cold,kv_a_proj,"void deep_gemm::sm90_fp8_gemm_1d2d_impl<(cute::UMMA::Major)0, (unsigned int)0, (unsigned int)576, (unsigned int)7168, (unsigned int)1, (unsigned int)64, (unsigned int)16, (unsigned int)128, (unsigned int)128, (unsigned int)128, (unsigned int)32, (unsigned int)16, (unsigned int)128, (unsigned int)128, (unsigned int)1, (bool)0, (unsigned int)132, (deep_gemm::GemmType)0, cutlass::bfloat16_t>(float *, int *, unsigned int, unsigned int, unsigned int, CUtensorMap_st, CUtensorMap_st, CUtensorMap_st, CUtensorMap_st)",True,10,0.103776
2,hbm,cold,kv_a_proj,"void deep_gemm::sm90_fp8_gemm_1d2d_impl<(cute::UMMA::Major)0, (unsigned int)0, (unsigned int)576, (unsigned int)7168, (unsigned int)1, (unsigned int)64, (unsigned int)80, (unsigned int)128, (unsigned int)128, (unsigned int)128, (unsigned int)32, (unsigned int)11, (unsigned int)128, (unsigned int)128, (unsigned int)1, (bool)0, (unsigned int)132, (deep_gemm::GemmType)0, cutlass::bfloat16_t>(float *, int *, unsigned int, unsigned int, unsigned int, CUtensorMap_st, CUtensorMap_st, CUtensorMap_st, CUtensorMap_st)",True,640,11.286134
2,hbm,cold,kv_a_proj,"void deep_gemm::transpose_fp32<(unsigned int)512, (unsigned int)64, (unsigned int)56, (unsigned int)128, (unsigned int)57>(const float *, float *, unsigned int)",False,650,1.363331
2,hbm,cold,lm_head,nvjet_sm90_tst_128x8_64x12_2x1_v_bz_TNT,True,2,0.848962
2,hbm,cold,mla_qk_pv,"void sm90::prefill::sparse_fwd::sparse_attn_fwd_kernel<sm90::prefill::sparse_fwd::KernelTemplate<(int)576, (bool)0>, sm90::prefill::sparse_fwd::KernelTemplate<(int)576, (bool)0>::TmaParams<cute::tuple<int, int, int>, cute::TiledCopy<cute::Copy_Atom<cute::Copy_Traits<cute::SM90_TMA_LOAD, cute::C<(int)65536>, cute::AuxTmaParams<cute::tuple<cute::ScaledBasis<cute::C<(int)1>, (int)1>, cute::ScaledBasis<cute::C<(int)1>, (int)0>, cute::ScaledBasis<cute::C<(int)1>, (int)2>>, const cute::Layout<cute::tuple<cute::C<(int)64>, cute::C<(int)64>, cute::C<(int)1>>, cute::tuple<cute::ScaledBasis<cute::C<(int)1>, (int)1>, cute::ScaledBasis<cute::C<(int)1>, (int)0>, cute::ScaledBasis<cute::C<(int)1>, (int)2>>> &, const cute::Swizzle<(int)3, (int)4, (int)3> &>>, cutlass::bfloat16_t>, cute::Layout<cute::tuple<cute::C<(int)1>, cute::tuple<cute::tuple<cute::tuple<cute::C<(int)64>, cute::C<(int)64>>, cute::C<(int)9>>>>, cute::tuple<cute::C<(int)0>, cute::tuple<cute::tuple<cute::tuple<cute::C<(int)64>, cute::C<(int)1>>, cute::C<(int)4096>>>>>, cute::tuple<cute::C<(int)64>, cute::C<(int)576>>>>>(SparseAttnFwdParams, T2)",True,650,620.713699
2,hbm,cold,mlp_down,activation_quantization,False,650,9.235344
2,hbm,cold,mlp_down,"void deep_gemm::sm90_fp8_gemm_1d2d_impl<(cute::UMMA::Major)0, (unsigned int)0, (unsigned int)7168, (unsigned int)18432, (unsigned int)1, (unsigned int)256, (unsigned int)112, (unsigned int)128, (unsigned int)128, (unsigned int)128, (unsigned int)32, (unsigned int)3, (unsigned int)128, (unsigned int)256, (unsigned int)2, (bool)1, (unsigned int)132, (deep_gemm::GemmType)0, cutlass::bfloat16_t>(float *, int *, unsigned int, unsigned int, unsigned int, CUtensorMap_st, CUtensorMap_st, CUtensorMap_st, CUtensorMap_st)",True,640,144.101631
2,hbm,cold,mlp_down,"void deep_gemm::sm90_fp8_gemm_1d2d_impl<(cute::UMMA::Major)0, (unsigned int)0, (unsigned int)7168, (unsigned int)18432, (unsigned int)1, (unsigned int)64, (unsigned int)112, (unsigned int)128, (unsigned int)128, (unsigned int)128, (unsigned int)32, (unsigned int)9, (unsigned int)128, (unsigned int)128, (unsigned int)1, (bool)0, (unsigned int)132, (deep_gemm::GemmType)0, cutlass::bfloat16_t>(float *, int *, unsigned int, unsigned int, unsigned int, CUtensorMap_st, CUtensorMap_st, CUtensorMap_st, CUtensorMap_st)",True,10,0.55789
2,hbm,cold,mlp_down,"void deep_gemm::transpose_fp32<(unsigned int)512, (unsigned int)64, (unsigned int)144, (unsigned int)128, (unsigned int)145>(const float *, float *, unsigned int)",False,650,3.011902
2,hbm,cold,mlp_gate,activation_quantization,False,650,3.315416
2,hbm,cold,mlp_gate,"void deep_gemm::sm90_fp8_gemm_1d2d_impl<(cute::UMMA::Major)0, (unsigned int)0, (unsigned int)18432, (unsigned int)7168, (unsigned int)1, (unsigned int)128, (unsigned int)144, (unsigned int)128, (unsigned int)128, (unsigned int)128, (unsigned int)32, (unsigned int)5, (unsigned int)128, (unsigned int)256, (unsigned int)1, (bool)0, (unsigned int)132, (deep_gemm::GemmType)0, cutlass::bfloat16_t>(float *, int *, unsigned int, unsigned int, unsigned int, CUtensorMap_st, CUtensorMap_st, CUtensorMap_st, CUtensorMap_st)",True,10,0.40144
2,hbm,cold,mlp_gate,"void deep_gemm::sm90_fp8_gemm_1d2d_impl<(cute::UMMA::Major)0, (unsigned int)0, (unsigned int)18432, (unsigned int)7168, (unsigned int)1, (unsigned int)256, (unsigned int)112, (unsigned int)128, (unsigned int)128, (unsigned int)128, (unsigned int)32, (unsigned int)3, (unsigned int)128, (unsigned int)256, (unsigned int)2, (bool)1, (unsigned int)132, (deep_gemm::GemmType)0, cutlass::bfloat16_t>(float *, int *, unsigned int, unsigned int, unsigned int, CUtensorMap_st, CUtensorMap_st, CUtensorMap_st, CUtensorMap_st)",True,640,144.965664
2,hbm,cold,mlp_gate,"void deep_gemm::transpose_fp32<(unsigned int)512, (unsigned int)64, (unsigned int)56, (unsigned int)128, (unsigned int)57>(const float *, float *, unsigned int)",False,650,1.345792
2,hbm,cold,mlp_up,"void deep_gemm::sm90_fp8_gemm_1d2d_impl<(cute::UMMA::Major)0, (unsigned int)0, (unsigned int)18432, (unsigned int)7168, (unsigned int)1, (unsigned int)128, (unsigned int)144, (unsigned int)128, (unsigned int)128, (unsigned int)128, (unsigned int)32, (unsigned int)5, (unsigned int)128, (unsigned int)256, (unsigned int)1, (bool)0, (unsigned int)132, (deep_gemm::GemmType)0, cutlass::bfloat16_t>(float *, int *, unsigned int, unsigned int, unsigned int, CUtensorMap_st, CUtensorMap_st, CUtensorMap_st, CUtensorMap_st)",True,10,0.404545
2,hbm,cold,mlp_up,"void deep_gemm::sm90_fp8_gemm_1d2d_impl<(cute::UMMA::Major)0, (unsigned int)0, (unsigned int)18432, (unsigned int)7168, (unsigned int)1, (unsigned int)256, (unsigned int)112, (unsigned int)128, (unsigned int)128, (unsigned int)128, (unsigned int)32, (unsigned int)3, (unsigned int)128, (unsigned int)256, (unsigned int)2, (bool)1, (unsigned int)132, (deep_gemm::GemmType)0, cutlass::bfloat16_t>(float *, int *, unsigned int, unsigned int, unsigned int, CUtensorMap_st, CUtensorMap_st, CUtensorMap_st, CUtensorMap_st)",True,640,144.049265
2,hbm,cold,mlp_up,"void deep_gemm::transpose_fp32<(unsigned int)512, (unsigned int)64, (unsigned int)56, (unsigned int)128, (unsigned int)57>(const float *, float *, unsigned int)",False,650,1.636664
2,hbm,cold,o_proj,activation_quantization,False,650,7.735542
2,hbm,cold,o_proj,"void deep_gemm::sm90_fp8_gemm_1d2d_impl<(cute::UMMA::Major)0, (unsigned int)0, (unsigned int)7168, (unsigned int)16384, (unsigned int)1, (unsigned int)256, (unsigned int)112, (unsigned int)128, (unsigned int)128, (unsigned int)128, (unsigned int)32, (unsigned int)3, (unsigned int)128, (unsigned int)256, (unsigned int)2, (bool)1, (unsigned int)132, (deep_gemm::GemmType)0, cutlass::bfloat16_t>(float *, int *, unsigned int, unsigned int, unsigned int, CUtensorMap_st, CUtensorMap_st, CUtensorMap_st, CUtensorMap_st)",True,640,129.381189
2,hbm,cold,o_proj,"void deep_gemm::sm90_fp8_gemm_1d2d_impl<(cute::UMMA::Major)0, (unsigned int)0, (unsigned int)7168, (unsigned int)16384, (unsigned int)1, (unsigned int)64, (unsigned int)112, (unsigned int)128, (unsigned int)128, (unsigned int)128, (unsigned int)32, (unsigned int)9, (unsigned int)128, (unsigned int)128, (unsigned int)1, (bool)0, (unsigned int)132, (deep_gemm::GemmType)0, cutlass::bfloat16_t>(float *, int *, unsigned int, unsigned int, unsigned int, CUtensorMap_st, CUtensorMap_st, CUtensorMap_st, CUtensorMap_st)",True,10,0.501664
2,hbm,cold,o_proj,"void deep_gemm::transpose_fp32<(unsigned int)512, (unsigned int)64, (unsigned int)128, (unsigned int)128, (unsigned int)129>(const float *, float *, unsigned int)",False,650,2.725645
2,hbm,cold,q_a_proj,activation_quantization,False,650,3.060132
2,hbm,cold,q_a_proj,"void deep_gemm::sm90_fp8_gemm_1d2d_impl<(cute::UMMA::Major)0, (unsigned int)0, (unsigned int)1536, (unsigned int)7168, (unsigned int)1, (unsigned int)128, (unsigned int)96, (unsigned int)128, (unsigned int)128, (unsigned int)128, (unsigned int)64, (unsigned int)7, (unsigned int)128, (unsigned int)256, (unsigned int)1, (bool)0, (unsigned int)132, (deep_gemm::GemmType)0, cutlass::bfloat16_t>(float *, int *, unsigned int, unsigned int, unsigned int, CUtensorMap_st, CUtensorMap_st, CUtensorMap_st, CUtensorMap_st)",True,640,13.539299
2,hbm,cold,q_a_proj,"void deep_gemm::sm90_fp8_gemm_1d2d_impl<(cute::UMMA::Major)0, (unsigned int)0, (unsigned int)1536, (unsigned int)7168, (unsigned int)1, (unsigned int)64, (unsigned int)32, (unsigned int)128, (unsigned int)128, (unsigned int)128, (unsigned int)64, (unsigned int)16, (unsigned int)128, (unsigned int)128, (unsigned int)1, (bool)0, (unsigned int)132, (deep_gemm::GemmType)0, cutlass::bfloat16_t>(float *, int *, unsigned int, unsigned int, unsigned int, CUtensorMap_st, CUtensorMap_st, CUtensorMap_st, CUtensorMap_st)",True,10,0.1192
2,hbm,cold,q_a_proj,"void deep_gemm::transpose_fp32<(unsigned int)512, (unsigned int)64, (unsigned int)56, (unsigned int)128, (unsigned int)57>(const float *, float *, unsigned int)",False,650,1.345798
2,hbm,cold,q_absorb,nvjet_sm90_tst_256x128_64x4_1x2_h_bz_coopA_NNT,True,640,36.955988
2,hbm,cold,q_absorb,nvjet_sm90_tst_256x128_64x4_2x1_v_bz_coopA_NNT,True,10,0.115709
2,hbm,cold,q_b_proj,activation_quantization,False,650,1.481475
2,hbm,cold,q_b_proj,"void deep_gemm::sm90_fp8_gemm_1d2d_impl<(cute::UMMA::Major)0, (unsigned int)0, (unsigned int)24576, (unsigned int)1536, (unsigned int)1, (unsigned int)128, (unsigned int)192, (unsigned int)128, (unsigned int)128, (unsigned int)128, (unsigned int)128, (unsigned int)4, (unsigned int)128, (unsigned int)256, (unsigned int)1, (bool)0, (unsigned int)132, (deep_gemm::GemmType)0, cutlass::bfloat16_t>(float *, int *, unsigned int, unsigned int, unsigned int, CUtensorMap_st, CUtensorMap_st, CUtensorMap_st, CUtensorMap_st)",True,10,0.177792
2,hbm,cold,q_b_proj,"void deep_gemm::sm90_fp8_gemm_1d2d_impl<(cute::UMMA::Major)0, (unsigned int)0, (unsigned int)24576, (unsigned int)1536, (unsigned int)1, (unsigned int)256, (unsigned int)128, (unsigned int)128, (unsigned int)128, (unsigned int)128, (unsigned int)128, (unsigned int)3, (unsigned int)128, (unsigned int)256, (unsigned int)2, (bool)1, (unsigned int)132, (deep_gemm::GemmType)0, cutlass::bfloat16_t>(float *, int *, unsigned int, unsigned int, unsigned int, CUtensorMap_st, CUtensorMap_st, CUtensorMap_st, CUtensorMap_st)",True,640,40.671529
2,hbm,cold,q_b_proj,"void deep_gemm::transpose_fp32<(unsigned int)512, (unsigned int)64, (unsigned int)12, (unsigned int)128, (unsigned int)13>(const float *, float *, unsigned int)",False,650,1.005541
2,hbm,cold,v_expand,nvjet_sm90_tst_128x128_64x6_1x1_h_bz_NNT,True,10,0.106976
2,hbm,cold,v_expand,nvjet_sm90_tst_128x256_64x4_1x2_h_bz_coopA_NNN,True,640,33.048798
3,hbm,revisit,index_k_proj,activation_quantization,False,650,4.658241
3,hbm,revisit,index_k_proj,"void deep_gemm::sm90_fp8_gemm_1d2d_impl<(cute::UMMA::Major)0, (unsigned int)0, (unsigned int)128, (unsigned int)7168, (unsigned int)1, (unsigned int)64, (unsigned int)16, (unsigned int)128, (unsigned int)128, (unsigned int)128, (unsigned int)32, (unsigned int)16, (unsigned int)128, (unsigned int)128, (unsigned int)1, (bool)0, (unsigned int)132, (deep_gemm::GemmType)0, cutlass::bfloat16_t>(float *, int *, unsigned int, unsigned int, unsigned int, CUtensorMap_st, CUtensorMap_st, CUtensorMap_st, CUtensorMap_st)",True,650,6.590308
3,hbm,revisit,index_k_proj,"void deep_gemm::transpose_fp32<(unsigned int)512, (unsigned int)64, (unsigned int)56, (unsigned int)128, (unsigned int)57>(const float *, float *, unsigned int)",False,650,1.364902
3,hbm,revisit,index_q_proj,activation_quantization,False,650,2.503272
3,hbm,revisit,index_q_proj,"void deep_gemm::sm90_fp8_gemm_1d2d_impl<(cute::UMMA::Major)0, (unsigned int)0, (unsigned int)8192, (unsigned int)1536, (unsigned int)1, (unsigned int)256, (unsigned int)128, (unsigned int)128, (unsigned int)128, (unsigned int)128, (unsigned int)128, (unsigned int)3, (unsigned int)128, (unsigned int)256, (unsigned int)2, (bool)1, (unsigned int)132, (deep_gemm::GemmType)0, cutlass::bfloat16_t>(float *, int *, unsigned int, unsigned int, unsigned int, CUtensorMap_st, CUtensorMap_st, CUtensorMap_st, CUtensorMap_st)",True,640,15.709534
3,hbm,revisit,index_q_proj,"void deep_gemm::sm90_fp8_gemm_1d2d_impl<(cute::UMMA::Major)0, (unsigned int)0, (unsigned int)8192, (unsigned int)1536, (unsigned int)1, (unsigned int)64, (unsigned int)128, (unsigned int)128, (unsigned int)128, (unsigned int)128, (unsigned int)128, (unsigned int)8, (unsigned int)128, (unsigned int)128, (unsigned int)1, (bool)0, (unsigned int)132, (deep_gemm::GemmType)0, cutlass::bfloat16_t>(float *, int *, unsigned int, unsigned int, unsigned int, CUtensorMap_st, CUtensorMap_st, CUtensorMap_st, CUtensorMap_st)",True,10,0.081216
3,hbm,revisit,index_q_proj,"void deep_gemm::transpose_fp32<(unsigned int)512, (unsigned int)64, (unsigned int)12, (unsigned int)128, (unsigned int)13>(const float *, float *, unsigned int)",False,650,1.018663
3,hbm,revisit,index_weights_proj,sm80_xmma_gemm_f32f32_f32f32_f32_tn_n_tilesize128x64x8_stage3_warpsize2x2x1_ffma_aligna4_alignc4_execute_kernel__5x_cublas,True,640,22.174985
3,hbm,revisit,index_weights_proj,sm80_xmma_gemm_f32f32_f32f32_f32_tn_n_tilesize128x64x8_stage3_warpsize2x2x1_ffma_aligna4_alignc4_execute_split_k_kernel__5x_cublas,False,640,4.496288
3,hbm,revisit,index_weights_proj,"void cublasLt::splitKreduce_kernel<(int)32, (int)16, int, float, float, float, float, (bool)0, float, float, float, (bool)1, (bool)0, (bool)0, (bool)0>(cublasLt::cublasSplitKParams<T6>, const T4 *, const T10 *, T9 *, T5 *, const T6 *, const T6 *, const T11 *, const T4 *, T11 *, void *, long, T6 *, int *, T6 *, T6 *, const T6 *, const T6 *, const T6 *, const T6 *, const T6 *)",False,10,0.035232
3,hbm,revisit,index_weights_proj,void cutlass::Kernel2<cutlass_80_simt_sgemm_64x64_8x5_tn_align1>(T1::Params),True,10,0.124192
3,hbm,revisit,indexer_qk,"void <unnamed>::elementwise_kernel_with_index<int, at::native::arange_cuda_out(const c10::Scalar &, const c10::Scalar &, const c10::Scalar &, at::Tensor &)::[lambda() (instance 1)]::operator ()() const::[lambda() (instance 3)]::operator ()() const::[lambda(long) (instance 1)]>(T1, T2, function_traits<T2>::result_type *)",False,650,0.526977
3,hbm,revisit,indexer_qk,"void <unnamed>::elementwise_kernel_with_index<int, at::native::arange_cuda_out(const c10::Scalar &, const c10::Scalar &, const c10::Scalar &, at::Tensor &)::[lambda() (instance 1)]::operator ()() const::[lambda() (instance 4)]::operator ()() const::[lambda(long) (instance 1)]>(T1, T2, function_traits<T2>::result_type *)",False,650,0.540802
3,hbm,revisit,indexer_qk,"void at::native::elementwise_kernel<(int)128, (int)2, void at::native::gpu_kernel_impl_nocast<at::native::<unnamed>::masked_fill_kernel(at::TensorIterator &, const c10::Scalar &)::[lambda() (instance 1)]::operator ()() const::[lambda() (instance 7)]::operator ()() const::[lambda(float, bool) (instance 1)]>(at::TensorIteratorBase &, const T1 &)::[lambda(int) (instance 1)]>(int, T3)",False,640,3.210773
3,hbm,revisit,indexer_qk,"void at::native::elementwise_kernel<(int)128, (int)4, void at::native::gpu_kernel_impl<at::native::<unnamed>::CompareFunctor<long>>(at::TensorIteratorBase &, const T1 &)::[lambda(int) (instance 1)]>(int, T3)",False,650,3.962741
3,hbm,revisit,indexer_qk,"void at::native::vectorized_elementwise_kernel<(int)4, at::native::<unnamed>::masked_fill_kernel(at::TensorIterator &, const c10::Scalar &)::[lambda() (instance 1)]::operator ()() const::[lambda() (instance 7)]::operator ()() const::[lambda(float, bool) (instance 1)], std::array<char *, (unsigned long)3>>(int, T2, T3)",False,10,0.027872
3,hbm,revisit,indexer_qk,"void at::native::vectorized_elementwise_kernel<(int)4, at::native::FillFunctor<int>, std::array<char *, (unsigned long)1>>(int, T2, T3)",False,650,0.532353
3,hbm,revisit,indexer_qk,"void deep_gemm::sm90_fp8_mqa_logits<(unsigned int)64, (unsigned int)128, (unsigned int)2, (unsigned int)256, (unsigned int)3, (unsigned int)3, (unsigned int)132, (unsigned int)128, (unsigned int)512, float>(unsigned int, unsigned int, unsigned int, unsigned int *, unsigned int *, T10 *, CUtensorMap_st, CUtensorMap_st, CUtensorMap_st, CUtensorMap_st)",True,650,384.289269
3,hbm,revisit,kv_a_proj,activation_quantization,False,650,5.544746
3,hbm,revisit,kv_a_proj,"void deep_gemm::sm90_fp8_gemm_1d2d_impl<(cute::UMMA::Major)0, (unsigned int)0, (unsigned int)576, (unsigned int)7168, (unsigned int)1, (unsigned int)64, (unsigned int)16, (unsigned int)128, (unsigned int)128, (unsigned int)128, (unsigned int)32, (unsigned int)16, (unsigned int)128, (unsigned int)128, (unsigned int)1, (bool)0, (unsigned int)132, (deep_gemm::GemmType)0, cutlass::bfloat16_t>(float *, int *, unsigned int, unsigned int, unsigned int, CUtensorMap_st, CUtensorMap_st, CUtensorMap_st, CUtensorMap_st)",True,10,0.099905
3,hbm,revisit,kv_a_proj,"void deep_gemm::sm90_fp8_gemm_1d2d_impl<(cute::UMMA::Major)0, (unsigned int)0, (unsigned int)576, (unsigned int)7168, (unsigned int)1, (unsigned int)64, (unsigned int)80, (unsigned int)128, (unsigned int)128, (unsigned int)128, (unsigned int)32, (unsigned int)11, (unsigned int)128, (unsigned int)128, (unsigned int)1, (bool)0, (unsigned int)132, (deep_gemm::GemmType)0, cutlass::bfloat16_t>(float *, int *, unsigned int, unsigned int, unsigned int, CUtensorMap_st, CUtensorMap_st, CUtensorMap_st, CUtensorMap_st)",True,640,11.43124
3,hbm,revisit,kv_a_proj,"void deep_gemm::transpose_fp32<(unsigned int)512, (unsigned int)64, (unsigned int)56, (unsigned int)128, (unsigned int)57>(const float *, float *, unsigned int)",False,650,1.369735
3,hbm,revisit,lm_head,nvjet_sm90_tst_128x8_64x12_2x1_v_bz_TNT,True,2,0.846628
3,hbm,revisit,mla_qk_pv,"void sm90::prefill::sparse_fwd::sparse_attn_fwd_kernel<sm90::prefill::sparse_fwd::KernelTemplate<(int)576, (bool)0>, sm90::prefill::sparse_fwd::KernelTemplate<(int)576, (bool)0>::TmaParams<cute::tuple<int, int, int>, cute::TiledCopy<cute::Copy_Atom<cute::Copy_Traits<cute::SM90_TMA_LOAD, cute::C<(int)65536>, cute::AuxTmaParams<cute::tuple<cute::ScaledBasis<cute::C<(int)1>, (int)1>, cute::ScaledBasis<cute::C<(int)1>, (int)0>, cute::ScaledBasis<cute::C<(int)1>, (int)2>>, const cute::Layout<cute::tuple<cute::C<(int)64>, cute::C<(int)64>, cute::C<(int)1>>, cute::tuple<cute::ScaledBasis<cute::C<(int)1>, (int)1>, cute::ScaledBasis<cute::C<(int)1>, (int)0>, cute::ScaledBasis<cute::C<(int)1>, (int)2>>> &, const cute::Swizzle<(int)3, (int)4, (int)3> &>>, cutlass::bfloat16_t>, cute::Layout<cute::tuple<cute::C<(int)1>, cute::tuple<cute::tuple<cute::tuple<cute::C<(int)64>, cute::C<(int)64>>, cute::C<(int)9>>>>, cute::tuple<cute::C<(int)0>, cute::tuple<cute::tuple<cute::tuple<cute::C<(int)64>, cute::C<(int)1>>, cute::C<(int)4096>>>>>, cute::tuple<cute::C<(int)64>, cute::C<(int)576>>>>>(SparseAttnFwdParams, T2)",True,650,629.946608
3,hbm,revisit,mlp_down,activation_quantization,False,650,9.196981
3,hbm,revisit,mlp_down,"void deep_gemm::sm90_fp8_gemm_1d2d_impl<(cute::UMMA::Major)0, (unsigned int)0, (unsigned int)7168, (unsigned int)18432, (unsigned int)1, (unsigned int)256, (unsigned int)112, (unsigned int)128, (unsigned int)128, (unsigned int)128, (unsigned int)32, (unsigned int)3, (unsigned int)128, (unsigned int)256, (unsigned int)2, (bool)1, (unsigned int)132, (deep_gemm::GemmType)0, cutlass::bfloat16_t>(float *, int *, unsigned int, unsigned int, unsigned int, CUtensorMap_st, CUtensorMap_st, CUtensorMap_st, CUtensorMap_st)",True,640,145.964928
3,hbm,revisit,mlp_down,"void deep_gemm::sm90_fp8_gemm_1d2d_impl<(cute::UMMA::Major)0, (unsigned int)0, (unsigned int)7168, (unsigned int)18432, (unsigned int)1, (unsigned int)64, (unsigned int)112, (unsigned int)128, (unsigned int)128, (unsigned int)128, (unsigned int)32, (unsigned int)9, (unsigned int)128, (unsigned int)128, (unsigned int)1, (bool)0, (unsigned int)132, (deep_gemm::GemmType)0, cutlass::bfloat16_t>(float *, int *, unsigned int, unsigned int, unsigned int, CUtensorMap_st, CUtensorMap_st, CUtensorMap_st, CUtensorMap_st)",True,10,0.539556
3,hbm,revisit,mlp_down,"void deep_gemm::transpose_fp32<(unsigned int)512, (unsigned int)64, (unsigned int)144, (unsigned int)128, (unsigned int)145>(const float *, float *, unsigned int)",False,650,3.041139
3,hbm,revisit,mlp_gate,activation_quantization,False,650,3.342497
3,hbm,revisit,mlp_gate,"void deep_gemm::sm90_fp8_gemm_1d2d_impl<(cute::UMMA::Major)0, (unsigned int)0, (unsigned int)18432, (unsigned int)7168, (unsigned int)1, (unsigned int)128, (unsigned int)144, (unsigned int)128, (unsigned int)128, (unsigned int)128, (unsigned int)32, (unsigned int)5, (unsigned int)128, (unsigned int)256, (unsigned int)1, (bool)0, (unsigned int)132, (deep_gemm::GemmType)0, cutlass::bfloat16_t>(float *, int *, unsigned int, unsigned int, unsigned int, CUtensorMap_st, CUtensorMap_st, CUtensorMap_st, CUtensorMap_st)",True,10,0.391167
3,hbm,revisit,mlp_gate,"void deep_gemm::sm90_fp8_gemm_1d2d_impl<(cute::UMMA::Major)0, (unsigned int)0, (unsigned int)18432, (unsigned int)7168, (unsigned int)1, (unsigned int)256, (unsigned int)112, (unsigned int)128, (unsigned int)128, (unsigned int)128, (unsigned int)32, (unsigned int)3, (unsigned int)128, (unsigned int)256, (unsigned int)2, (bool)1, (unsigned int)132, (deep_gemm::GemmType)0, cutlass::bfloat16_t>(float *, int *, unsigned int, unsigned int, unsigned int, CUtensorMap_st, CUtensorMap_st, CUtensorMap_st, CUtensorMap_st)",True,640,146.813075
3,hbm,revisit,mlp_gate,"void deep_gemm::transpose_fp32<(unsigned int)512, (unsigned int)64, (unsigned int)56, (unsigned int)128, (unsigned int)57>(const float *, float *, unsigned int)",False,650,1.356486
3,hbm,revisit,mlp_up,"void deep_gemm::sm90_fp8_gemm_1d2d_impl<(cute::UMMA::Major)0, (unsigned int)0, (unsigned int)18432, (unsigned int)7168, (unsigned int)1, (unsigned int)128, (unsigned int)144, (unsigned int)128, (unsigned int)128, (unsigned int)128, (unsigned int)32, (unsigned int)5, (unsigned int)128, (unsigned int)256, (unsigned int)1, (bool)0, (unsigned int)132, (deep_gemm::GemmType)0, cutlass::bfloat16_t>(float *, int *, unsigned int, unsigned int, unsigned int, CUtensorMap_st, CUtensorMap_st, CUtensorMap_st, CUtensorMap_st)",True,10,0.38864
3,hbm,revisit,mlp_up,"void deep_gemm::sm90_fp8_gemm_1d2d_impl<(cute::UMMA::Major)0, (unsigned int)0, (unsigned int)18432, (unsigned int)7168, (unsigned int)1, (unsigned int)256, (unsigned int)112, (unsigned int)128, (unsigned int)128, (unsigned int)128, (unsigned int)32, (unsigned int)3, (unsigned int)128, (unsigned int)256, (unsigned int)2, (bool)1, (unsigned int)132, (deep_gemm::GemmType)0, cutlass::bfloat16_t>(float *, int *, unsigned int, unsigned int, unsigned int, CUtensorMap_st, CUtensorMap_st, CUtensorMap_st, CUtensorMap_st)",True,640,146.14439
3,hbm,revisit,mlp_up,"void deep_gemm::transpose_fp32<(unsigned int)512, (unsigned int)64, (unsigned int)56, (unsigned int)128, (unsigned int)57>(const float *, float *, unsigned int)",False,650,1.644799
3,hbm,revisit,o_proj,activation_quantization,False,650,7.75528
3,hbm,revisit,o_proj,"void deep_gemm::sm90_fp8_gemm_1d2d_impl<(cute::UMMA::Major)0, (unsigned int)0, (unsigned int)7168, (unsigned int)16384, (unsigned int)1, (unsigned int)256, (unsigned int)112, (unsigned int)128, (unsigned int)128, (unsigned int)128, (unsigned int)32, (unsigned int)3, (unsigned int)128, (unsigned int)256, (unsigned int)2, (bool)1, (unsigned int)132, (deep_gemm::GemmType)0, cutlass::bfloat16_t>(float *, int *, unsigned int, unsigned int, unsigned int, CUtensorMap_st, CUtensorMap_st, CUtensorMap_st, CUtensorMap_st)",True,640,130.99503
3,hbm,revisit,o_proj,"void deep_gemm::sm90_fp8_gemm_1d2d_impl<(cute::UMMA::Major)0, (unsigned int)0, (unsigned int)7168, (unsigned int)16384, (unsigned int)1, (unsigned int)64, (unsigned int)112, (unsigned int)128, (unsigned int)128, (unsigned int)128, (unsigned int)32, (unsigned int)9, (unsigned int)128, (unsigned int)128, (unsigned int)1, (bool)0, (unsigned int)132, (deep_gemm::GemmType)0, cutlass::bfloat16_t>(float *, int *, unsigned int, unsigned int, unsigned int, CUtensorMap_st, CUtensorMap_st, CUtensorMap_st, CUtensorMap_st)",True,10,0.487298
3,hbm,revisit,o_proj,"void deep_gemm::transpose_fp32<(unsigned int)512, (unsigned int)64, (unsigned int)128, (unsigned int)128, (unsigned int)129>(const float *, float *, unsigned int)",False,650,2.754645
3,hbm,revisit,q_a_proj,activation_quantization,False,650,3.068755
3,hbm,revisit,q_a_proj,"void deep_gemm::sm90_fp8_gemm_1d2d_impl<(cute::UMMA::Major)0, (unsigned int)0, (unsigned int)1536, (unsigned int)7168, (unsigned int)1, (unsigned int)128, (unsigned int)96, (unsigned int)128, (unsigned int)128, (unsigned int)128, (unsigned int)64, (unsigned int)7, (unsigned int)128, (unsigned int)256, (unsigned int)1, (bool)0, (unsigned int)132, (deep_gemm::GemmType)0, cutlass::bfloat16_t>(float *, int *, unsigned int, unsigned int, unsigned int, CUtensorMap_st, CUtensorMap_st, CUtensorMap_st, CUtensorMap_st)",True,640,13.63341
3,hbm,revisit,q_a_proj,"void deep_gemm::sm90_fp8_gemm_1d2d_impl<(cute::UMMA::Major)0, (unsigned int)0, (unsigned int)1536, (unsigned int)7168, (unsigned int)1, (unsigned int)64, (unsigned int)32, (unsigned int)128, (unsigned int)128, (unsigned int)128, (unsigned int)64, (unsigned int)16, (unsigned int)128, (unsigned int)128, (unsigned int)1, (bool)0, (unsigned int)132, (deep_gemm::GemmType)0, cutlass::bfloat16_t>(float *, int *, unsigned int, unsigned int, unsigned int, CUtensorMap_st, CUtensorMap_st, CUtensorMap_st, CUtensorMap_st)",True,10,0.116193
3,hbm,revisit,q_a_proj,"void deep_gemm::transpose_fp32<(unsigned int)512, (unsigned int)64, (unsigned int)56, (unsigned int)128, (unsigned int)57>(const float *, float *, unsigned int)",False,650,1.355078
3,hbm,revisit,q_absorb,nvjet_sm90_tst_256x128_64x4_1x2_h_bz_coopA_NNT,True,640,36.969119
3,hbm,revisit,q_absorb,nvjet_sm90_tst_256x128_64x4_2x1_v_bz_coopA_NNT,True,10,0.114172
3,hbm,revisit,q_b_proj,activation_quantization,False,650,1.491113
3,hbm,revisit,q_b_proj,"void deep_gemm::sm90_fp8_gemm_1d2d_impl<(cute::UMMA::Major)0, (unsigned int)0, (unsigned int)24576, (unsigned int)1536, (unsigned int)1, (unsigned int)128, (unsigned int)192, (unsigned int)128, (unsigned int)128, (unsigned int)128, (unsigned int)128, (unsigned int)4, (unsigned int)128, (unsigned int)256, (unsigned int)1, (bool)0, (unsigned int)132, (deep_gemm::GemmType)0, cutlass::bfloat16_t>(float *, int *, unsigned int, unsigned int, unsigned int, CUtensorMap_st, CUtensorMap_st, CUtensorMap_st, CUtensorMap_st)",True,10,0.176355
3,hbm,revisit,q_b_proj,"void deep_gemm::sm90_fp8_gemm_1d2d_impl<(cute::UMMA::Major)0, (unsigned int)0, (unsigned int)24576, (unsigned int)1536, (unsigned int)1, (unsigned int)256, (unsigned int)128, (unsigned int)128, (unsigned int)128, (unsigned int)128, (unsigned int)128, (unsigned int)3, (unsigned int)128, (unsigned int)256, (unsigned int)2, (bool)1, (unsigned int)132, (deep_gemm::GemmType)0, cutlass::bfloat16_t>(float *, int *, unsigned int, unsigned int, unsigned int, CUtensorMap_st, CUtensorMap_st, CUtensorMap_st, CUtensorMap_st)",True,640,41.023687
3,hbm,revisit,q_b_proj,"void deep_gemm::transpose_fp32<(unsigned int)512, (unsigned int)64, (unsigned int)12, (unsigned int)128, (unsigned int)13>(const float *, float *, unsigned int)",False,650,1.011331
3,hbm,revisit,v_expand,nvjet_sm90_tst_128x128_64x6_1x1_h_bz_NNT,True,10,0.10496
3,hbm,revisit,v_expand,nvjet_sm90_tst_128x256_64x4_1x2_h_bz_coopA_NNN,True,640,33.060676
5,echo,cold,index_k_proj,activation_quantization,False,650,4.515837
5,echo,cold,index_k_proj,"void deep_gemm::sm90_fp8_gemm_1d2d_impl<(cute::UMMA::Major)0, (unsigned int)0, (unsigned int)128, (unsigned int)7168, (unsigned int)1, (unsigned int)64, (unsigned int)16, (unsigned int)128, (unsigned int)128, (unsigned int)128, (unsigned int)32, (unsigned int)16, (unsigned int)128, (unsigned int)128, (unsigned int)1, (bool)0, (unsigned int)132, (deep_gemm::GemmType)0, cutlass::bfloat16_t>(float *, int *, unsigned int, unsigned int, unsigned int, CUtensorMap_st, CUtensorMap_st, CUtensorMap_st, CUtensorMap_st)",True,650,6.124333
5,echo,cold,index_k_proj,"void deep_gemm::transpose_fp32<(unsigned int)512, (unsigned int)64, (unsigned int)56, (unsigned int)128, (unsigned int)57>(const float *, float *, unsigned int)",False,650,1.280356
5,echo,cold,index_q_proj,activation_quantization,False,650,2.397203
5,echo,cold,index_q_proj,"void deep_gemm::sm90_fp8_gemm_1d2d_impl<(cute::UMMA::Major)0, (unsigned int)0, (unsigned int)8192, (unsigned int)1536, (unsigned int)1, (unsigned int)256, (unsigned int)128, (unsigned int)128, (unsigned int)128, (unsigned int)128, (unsigned int)128, (unsigned int)3, (unsigned int)128, (unsigned int)256, (unsigned int)2, (bool)1, (unsigned int)132, (deep_gemm::GemmType)0, cutlass::bfloat16_t>(float *, int *, unsigned int, unsigned int, unsigned int, CUtensorMap_st, CUtensorMap_st, CUtensorMap_st, CUtensorMap_st)",True,640,14.760735
5,echo,cold,index_q_proj,"void deep_gemm::sm90_fp8_gemm_1d2d_impl<(cute::UMMA::Major)0, (unsigned int)0, (unsigned int)8192, (unsigned int)1536, (unsigned int)1, (unsigned int)64, (unsigned int)128, (unsigned int)128, (unsigned int)128, (unsigned int)128, (unsigned int)128, (unsigned int)8, (unsigned int)128, (unsigned int)128, (unsigned int)1, (bool)0, (unsigned int)132, (deep_gemm::GemmType)0, cutlass::bfloat16_t>(float *, int *, unsigned int, unsigned int, unsigned int, CUtensorMap_st, CUtensorMap_st, CUtensorMap_st, CUtensorMap_st)",True,10,0.079136
5,echo,cold,index_q_proj,"void deep_gemm::transpose_fp32<(unsigned int)512, (unsigned int)64, (unsigned int)12, (unsigned int)128, (unsigned int)13>(const float *, float *, unsigned int)",False,650,0.956032
5,echo,cold,index_weights_proj,sm80_xmma_gemm_f32f32_f32f32_f32_tn_n_tilesize128x64x8_stage3_warpsize2x2x1_ffma_aligna4_alignc4_execute_kernel__5x_cublas,True,640,21.289345
5,echo,cold,index_weights_proj,sm80_xmma_gemm_f32f32_f32f32_f32_tn_n_tilesize128x64x8_stage3_warpsize2x2x1_ffma_aligna4_alignc4_execute_split_k_kernel__5x_cublas,False,640,4.225709
5,echo,cold,index_weights_proj,"void cublasLt::splitKreduce_kernel<(int)32, (int)16, int, float, float, float, float, (bool)0, float, float, float, (bool)1, (bool)0, (bool)0, (bool)0>(cublasLt::cublasSplitKParams<T6>, const T4 *, const T10 *, T9 *, T5 *, const T6 *, const T6 *, const T11 *, const T4 *, T11 *, void *, long, T6 *, int *, T6 *, T6 *, const T6 *, const T6 *, const T6 *, const T6 *, const T6 *)",False,10,0.034144
5,echo,cold,index_weights_proj,void cutlass::Kernel2<cutlass_80_simt_sgemm_64x64_8x5_tn_align1>(T1::Params),True,10,0.1192
5,echo,cold,indexer_qk,"void <unnamed>::elementwise_kernel_with_index<int, at::native::arange_cuda_out(const c10::Scalar &, const c10::Scalar &, const c10::Scalar &, at::Tensor &)::[lambda() (instance 1)]::operator ()() const::[lambda() (instance 3)]::operator ()() const::[lambda(long) (instance 1)]>(T1, T2, function_traits<T2>::result_type *)",False,650,0.506528
5,echo,cold,indexer_qk,"void <unnamed>::elementwise_kernel_with_index<int, at::native::arange_cuda_out(const c10::Scalar &, const c10::Scalar &, const c10::Scalar &, at::Tensor &)::[lambda() (instance 1)]::operator ()() const::[lambda() (instance 4)]::operator ()() const::[lambda(long) (instance 1)]>(T1, T2, function_traits<T2>::result_type *)",False,650,0.526114
5,echo,cold,indexer_qk,"void at::native::elementwise_kernel<(int)128, (int)2, void at::native::gpu_kernel_impl_nocast<at::native::<unnamed>::masked_fill_kernel(at::TensorIterator &, const c10::Scalar &)::[lambda() (instance 1)]::operator ()() const::[lambda() (instance 7)]::operator ()() const::[lambda(float, bool) (instance 1)]>(at::TensorIteratorBase &, const T1 &)::[lambda(int) (instance 1)]>(int, T3)",False,640,3.088424
5,echo,cold,indexer_qk,"void at::native::elementwise_kernel<(int)128, (int)4, void at::native::gpu_kernel_impl<at::native::<unnamed>::CompareFunctor<long>>(at::TensorIteratorBase &, const T1 &)::[lambda(int) (instance 1)]>(int, T3)",False,650,3.683503
5,echo,cold,indexer_qk,"void at::native::vectorized_elementwise_kernel<(int)4, at::native::<unnamed>::masked_fill_kernel(at::TensorIterator &, const c10::Scalar &)::[lambda() (instance 1)]::operator ()() const::[lambda() (instance 7)]::operator ()() const::[lambda(float, bool) (instance 1)], std::array<char *, (unsigned long)3>>(int, T2, T3)",False,10,0.028416
5,echo,cold,indexer_qk,"void at::native::vectorized_elementwise_kernel<(int)4, at::native::FillFunctor<int>, std::array<char *, (unsigned long)1>>(int, T2, T3)",False,650,0.510434
5,echo,cold,indexer_qk,"void deep_gemm::sm90_fp8_mqa_logits<(unsigned int)64, (unsigned int)128, (unsigned int)2, (unsigned int)256, (unsigned int)3, (unsigned int)3, (unsigned int)132, (unsigned int)128, (unsigned int)512, float>(unsigned int, unsigned int, unsigned int, unsigned int *, unsigned int *, T10 *, CUtensorMap_st, CUtensorMap_st, CUtensorMap_st, CUtensorMap_st)",True,650,356.884342
5,echo,cold,kv_a_proj,activation_quantization,False,650,5.444503
5,echo,cold,kv_a_proj,"void deep_gemm::sm90_fp8_gemm_1d2d_impl<(cute::UMMA::Major)0, (unsigned int)0, (unsigned int)576, (unsigned int)7168, (unsigned int)1, (unsigned int)64, (unsigned int)16, (unsigned int)128, (unsigned int)128, (unsigned int)128, (unsigned int)32, (unsigned int)16, (unsigned int)128, (unsigned int)128, (unsigned int)1, (bool)0, (unsigned int)132, (deep_gemm::GemmType)0, cutlass::bfloat16_t>(float *, int *, unsigned int, unsigned int, unsigned int, CUtensorMap_st, CUtensorMap_st, CUtensorMap_st, CUtensorMap_st)",True,10,0.096288
5,echo,cold,kv_a_proj,"void deep_gemm::sm90_fp8_gemm_1d2d_impl<(cute::UMMA::Major)0, (unsigned int)0, (unsigned int)576, (unsigned int)7168, (unsigned int)1, (unsigned int)64, (unsigned int)80, (unsigned int)128, (unsigned int)128, (unsigned int)128, (unsigned int)32, (unsigned int)11, (unsigned int)128, (unsigned int)128, (unsigned int)1, (bool)0, (unsigned int)132, (deep_gemm::GemmType)0, cutlass::bfloat16_t>(float *, int *, unsigned int, unsigned int, unsigned int, CUtensorMap_st, CUtensorMap_st, CUtensorMap_st, CUtensorMap_st)",True,640,10.686077
5,echo,cold,kv_a_proj,"void deep_gemm::transpose_fp32<(unsigned int)512, (unsigned int)64, (unsigned int)56, (unsigned int)128, (unsigned int)57>(const float *, float *, unsigned int)",False,650,1.284939
5,echo,cold,lm_head,nvjet_sm90_tst_128x8_64x12_2x1_v_bz_TNT,True,2,0.848738
5,echo,cold,mla_qk_pv,"void sm90::prefill::sparse_fwd::sparse_attn_fwd_kernel<sm90::prefill::sparse_fwd::KernelTemplate<(int)576, (bool)0>, sm90::prefill::sparse_fwd::KernelTemplate<(int)576, (bool)0>::TmaParams<cute::tuple<int, int, int>, cute::TiledCopy<cute::Copy_Atom<cute::Copy_Traits<cute::SM90_TMA_LOAD, cute::C<(int)65536>, cute::AuxTmaParams<cute::tuple<cute::ScaledBasis<cute::C<(int)1>, (int)1>, cute::ScaledBasis<cute::C<(int)1>, (int)0>, cute::ScaledBasis<cute::C<(int)1>, (int)2>>, const cute::Layout<cute::tuple<cute::C<(int)64>, cute::C<(int)64>, cute::C<(int)1>>, cute::tuple<cute::ScaledBasis<cute::C<(int)1>, (int)1>, cute::ScaledBasis<cute::C<(int)1>, (int)0>, cute::ScaledBasis<cute::C<(int)1>, (int)2>>> &, const cute::Swizzle<(int)3, (int)4, (int)3> &>>, cutlass::bfloat16_t>, cute::Layout<cute::tuple<cute::C<(int)1>, cute::tuple<cute::tuple<cute::tuple<cute::C<(int)64>, cute::C<(int)64>>, cute::C<(int)9>>>>, cute::tuple<cute::C<(int)0>, cute::tuple<cute::tuple<cute::tuple<cute::C<(int)64>, cute::C<(int)1>>, cute::C<(int)4096>>>>>, cute::tuple<cute::C<(int)64>, cute::C<(int)576>>>>>(SparseAttnFwdParams, T2)",True,650,581.755928
5,echo,cold,mlp_down,activation_quantization,False,650,9.138128
5,echo,cold,mlp_down,"void deep_gemm::sm90_fp8_gemm_1d2d_impl<(cute::UMMA::Major)0, (unsigned int)0, (unsigned int)7168, (unsigned int)18432, (unsigned int)1, (unsigned int)256, (unsigned int)112, (unsigned int)128, (unsigned int)128, (unsigned int)128, (unsigned int)32, (unsigned int)3, (unsigned int)128, (unsigned int)256, (unsigned int)2, (bool)1, (unsigned int)132, (deep_gemm::GemmType)0, cutlass::bfloat16_t>(float *, int *, unsigned int, unsigned int, unsigned int, CUtensorMap_st, CUtensorMap_st, CUtensorMap_st, CUtensorMap_st)",True,640,138.579158
5,echo,cold,mlp_down,"void deep_gemm::sm90_fp8_gemm_1d2d_impl<(cute::UMMA::Major)0, (unsigned int)0, (unsigned int)7168, (unsigned int)18432, (unsigned int)1, (unsigned int)64, (unsigned int)112, (unsigned int)128, (unsigned int)128, (unsigned int)128, (unsigned int)32, (unsigned int)9, (unsigned int)128, (unsigned int)128, (unsigned int)1, (bool)0, (unsigned int)132, (deep_gemm::GemmType)0, cutlass::bfloat16_t>(float *, int *, unsigned int, unsigned int, unsigned int, CUtensorMap_st, CUtensorMap_st, CUtensorMap_st, CUtensorMap_st)",True,10,0.519201
5,echo,cold,mlp_down,"void deep_gemm::transpose_fp32<(unsigned int)512, (unsigned int)64, (unsigned int)144, (unsigned int)128, (unsigned int)145>(const float *, float *, unsigned int)",False,650,2.76186
5,echo,cold,mlp_gate,activation_quantization,False,650,3.236519
5,echo,cold,mlp_gate,"void deep_gemm::sm90_fp8_gemm_1d2d_impl<(cute::UMMA::Major)0, (unsigned int)0, (unsigned int)18432, (unsigned int)7168, (unsigned int)1, (unsigned int)128, (unsigned int)144, (unsigned int)128, (unsigned int)128, (unsigned int)128, (unsigned int)32, (unsigned int)5, (unsigned int)128, (unsigned int)256, (unsigned int)1, (bool)0, (unsigned int)132, (deep_gemm::GemmType)0, cutlass::bfloat16_t>(float *, int *, unsigned int, unsigned int, unsigned int, CUtensorMap_st, CUtensorMap_st, CUtensorMap_st, CUtensorMap_st)",True,10,0.392064
5,echo,cold,mlp_gate,"void deep_gemm::sm90_fp8_gemm_1d2d_impl<(cute::UMMA::Major)0, (unsigned int)0, (unsigned int)18432, (unsigned int)7168, (unsigned int)1, (unsigned int)256, (unsigned int)112, (unsigned int)128, (unsigned int)128, (unsigned int)128, (unsigned int)32, (unsigned int)3, (unsigned int)128, (unsigned int)256, (unsigned int)2, (bool)1, (unsigned int)132, (deep_gemm::GemmType)0, cutlass::bfloat16_t>(float *, int *, unsigned int, unsigned int, unsigned int, CUtensorMap_st, CUtensorMap_st, CUtensorMap_st, CUtensorMap_st)",True,640,139.19151
5,echo,cold,mlp_gate,"void deep_gemm::transpose_fp32<(unsigned int)512, (unsigned int)64, (unsigned int)56, (unsigned int)128, (unsigned int)57>(const float *, float *, unsigned int)",False,650,1.282403
5,echo,cold,mlp_up,"void deep_gemm::sm90_fp8_gemm_1d2d_impl<(cute::UMMA::Major)0, (unsigned int)0, (unsigned int)18432, (unsigned int)7168, (unsigned int)1, (unsigned int)128, (unsigned int)144, (unsigned int)128, (unsigned int)128, (unsigned int)128, (unsigned int)32, (unsigned int)5, (unsigned int)128, (unsigned int)256, (unsigned int)1, (bool)0, (unsigned int)132, (deep_gemm::GemmType)0, cutlass::bfloat16_t>(float *, int *, unsigned int, unsigned int, unsigned int, CUtensorMap_st, CUtensorMap_st, CUtensorMap_st, CUtensorMap_st)",True,10,0.397377
5,echo,cold,mlp_up,"void deep_gemm::sm90_fp8_gemm_1d2d_impl<(cute::UMMA::Major)0, (unsigned int)0, (unsigned int)18432, (unsigned int)7168, (unsigned int)1, (unsigned int)256, (unsigned int)112, (unsigned int)128, (unsigned int)128, (unsigned int)128, (unsigned int)32, (unsigned int)3, (unsigned int)128, (unsigned int)256, (unsigned int)2, (bool)1, (unsigned int)132, (deep_gemm::GemmType)0, cutlass::bfloat16_t>(float *, int *, unsigned int, unsigned int, unsigned int, CUtensorMap_st, CUtensorMap_st, CUtensorMap_st, CUtensorMap_st)",True,640,139.915124
5,echo,cold,mlp_up,"void deep_gemm::transpose_fp32<(unsigned int)512, (unsigned int)64, (unsigned int)56, (unsigned int)128, (unsigned int)57>(const float *, float *, unsigned int)",False,650,1.476867
5,echo,cold,o_proj,activation_quantization,False,650,7.719153
5,echo,cold,o_proj,"void deep_gemm::sm90_fp8_gemm_1d2d_impl<(cute::UMMA::Major)0, (unsigned int)0, (unsigned int)7168, (unsigned int)16384, (unsigned int)1, (unsigned int)256, (unsigned int)112, (unsigned int)128, (unsigned int)128, (unsigned int)128, (unsigned int)32, (unsigned int)3, (unsigned int)128, (unsigned int)256, (unsigned int)2, (bool)1, (unsigned int)132, (deep_gemm::GemmType)0, cutlass::bfloat16_t>(float *, int *, unsigned int, unsigned int, unsigned int, CUtensorMap_st, CUtensorMap_st, CUtensorMap_st, CUtensorMap_st)",True,640,124.001596
5,echo,cold,o_proj,"void deep_gemm::sm90_fp8_gemm_1d2d_impl<(cute::UMMA::Major)0, (unsigned int)0, (unsigned int)7168, (unsigned int)16384, (unsigned int)1, (unsigned int)64, (unsigned int)112, (unsigned int)128, (unsigned int)128, (unsigned int)128, (unsigned int)32, (unsigned int)9, (unsigned int)128, (unsigned int)128, (unsigned int)1, (bool)0, (unsigned int)132, (deep_gemm::GemmType)0, cutlass::bfloat16_t>(float *, int *, unsigned int, unsigned int, unsigned int, CUtensorMap_st, CUtensorMap_st, CUtensorMap_st, CUtensorMap_st)",True,10,0.465762
5,echo,cold,o_proj,"void deep_gemm::transpose_fp32<(unsigned int)512, (unsigned int)64, (unsigned int)128, (unsigned int)128, (unsigned int)129>(const float *, float *, unsigned int)",False,650,2.508548
5,echo,cold,q_a_proj,activation_quantization,False,650,3.032453
5,echo,cold,q_a_proj,"void deep_gemm::sm90_fp8_gemm_1d2d_impl<(cute::UMMA::Major)0, (unsigned int)0, (unsigned int)1536, (unsigned int)7168, (unsigned int)1, (unsigned int)128, (unsigned int)96, (unsigned int)128, (unsigned int)128, (unsigned int)128, (unsigned int)64, (unsigned int)7, (unsigned int)128, (unsigned int)256, (unsigned int)1, (bool)0, (unsigned int)132, (deep_gemm::GemmType)0, cutlass::bfloat16_t>(float *, int *, unsigned int, unsigned int, unsigned int, CUtensorMap_st, CUtensorMap_st, CUtensorMap_st, CUtensorMap_st)",True,640,12.70547
5,echo,cold,q_a_proj,"void deep_gemm::sm90_fp8_gemm_1d2d_impl<(cute::UMMA::Major)0, (unsigned int)0, (unsigned int)1536, (unsigned int)7168, (unsigned int)1, (unsigned int)64, (unsigned int)32, (unsigned int)128, (unsigned int)128, (unsigned int)128, (unsigned int)64, (unsigned int)16, (unsigned int)128, (unsigned int)128, (unsigned int)1, (bool)0, (unsigned int)132, (deep_gemm::GemmType)0, cutlass::bfloat16_t>(float *, int *, unsigned int, unsigned int, unsigned int, CUtensorMap_st, CUtensorMap_st, CUtensorMap_st, CUtensorMap_st)",True,10,0.112096
5,echo,cold,q_a_proj,"void deep_gemm::transpose_fp32<(unsigned int)512, (unsigned int)64, (unsigned int)56, (unsigned int)128, (unsigned int)57>(const float *, float *, unsigned int)",False,650,1.27629
5,echo,cold,q_absorb,nvjet_sm90_tst_256x128_64x4_1x2_h_bz_coopA_NNT,True,640,36.456077
5,echo,cold,q_absorb,nvjet_sm90_tst_256x128_64x4_2x1_v_bz_coopA_NNT,True,10,0.111136
5,echo,cold,q_b_proj,activation_quantization,False,650,1.42784
5,echo,cold,q_b_proj,"void deep_gemm::sm90_fp8_gemm_1d2d_impl<(cute::UMMA::Major)0, (unsigned int)0, (unsigned int)24576, (unsigned int)1536, (unsigned int)1, (unsigned int)128, (unsigned int)192, (unsigned int)128, (unsigned int)128, (unsigned int)128, (unsigned int)128, (unsigned int)4, (unsigned int)128, (unsigned int)256, (unsigned int)1, (bool)0, (unsigned int)132, (deep_gemm::GemmType)0, cutlass::bfloat16_t>(float *, int *, unsigned int, unsigned int, unsigned int, CUtensorMap_st, CUtensorMap_st, CUtensorMap_st, CUtensorMap_st)",True,10,0.173472
5,echo,cold,q_b_proj,"void deep_gemm::sm90_fp8_gemm_1d2d_impl<(cute::UMMA::Major)0, (unsigned int)0, (unsigned int)24576, (unsigned int)1536, (unsigned int)1, (unsigned int)256, (unsigned int)128, (unsigned int)128, (unsigned int)128, (unsigned int)128, (unsigned int)128, (unsigned int)3, (unsigned int)128, (unsigned int)256, (unsigned int)2, (bool)1, (unsigned int)132, (deep_gemm::GemmType)0, cutlass::bfloat16_t>(float *, int *, unsigned int, unsigned int, unsigned int, CUtensorMap_st, CUtensorMap_st, CUtensorMap_st, CUtensorMap_st)",True,640,38.987009
5,echo,cold,q_b_proj,"void deep_gemm::transpose_fp32<(unsigned int)512, (unsigned int)64, (unsigned int)12, (unsigned int)128, (unsigned int)13>(const float *, float *, unsigned int)",False,650,0.958466
5,echo,cold,v_expand,nvjet_sm90_tst_128x128_64x6_1x1_h_bz_NNT,True,10,0.10672
5,echo,cold,v_expand,nvjet_sm90_tst_128x256_64x4_1x2_h_bz_coopA_NNN,True,640,32.732861
6,echo,revisit,index_k_proj,activation_quantization,False,10,0.0288
6,echo,revisit,index_k_proj,"void deep_gemm::sm90_fp8_gemm_1d2d_impl<(cute::UMMA::Major)0, (unsigned int)0, (unsigned int)128, (unsigned int)7168, (unsigned int)1, (unsigned int)64, (unsigned int)16, (unsigned int)128, (unsigned int)128, (unsigned int)128, (unsigned int)32, (unsigned int)16, (unsigned int)128, (unsigned int)128, (unsigned int)1, (bool)0, (unsigned int)132, (deep_gemm::GemmType)0, cutlass::bfloat16_t>(float *, int *, unsigned int, unsigned int, unsigned int, CUtensorMap_st, CUtensorMap_st, CUtensorMap_st, CUtensorMap_st)",True,10,0.089058
6,echo,revisit,index_k_proj,"void deep_gemm::transpose_fp32<(unsigned int)512, (unsigned int)64, (unsigned int)56, (unsigned int)128, (unsigned int)57>(const float *, float *, unsigned int)",False,10,0.019168
6,echo,revisit,index_q_proj,activation_quantization,False,10,0.026432
6,echo,revisit,index_q_proj,"void deep_gemm::sm90_fp8_gemm_1d2d_impl<(cute::UMMA::Major)0, (unsigned int)0, (unsigned int)8192, (unsigned int)1536, (unsigned int)1, (unsigned int)64, (unsigned int)128, (unsigned int)128, (unsigned int)128, (unsigned int)128, (unsigned int)128, (unsigned int)8, (unsigned int)128, (unsigned int)128, (unsigned int)1, (bool)0, (unsigned int)132, (deep_gemm::GemmType)0, cutlass::bfloat16_t>(float *, int *, unsigned int, unsigned int, unsigned int, CUtensorMap_st, CUtensorMap_st, CUtensorMap_st, CUtensorMap_st)",True,10,0.076161
6,echo,revisit,index_q_proj,"void deep_gemm::transpose_fp32<(unsigned int)512, (unsigned int)64, (unsigned int)12, (unsigned int)128, (unsigned int)13>(const float *, float *, unsigned int)",False,10,0.014464
6,echo,revisit,index_weights_proj,"void cublasLt::splitKreduce_kernel<(int)32, (int)16, int, float, float, float, float, (bool)0, float, float, float, (bool)1, (bool)0, (bool)0, (bool)0>(cublasLt::cublasSplitKParams<T6>, const T4 *, const T10 *, T9 *, T5 *, const T6 *, const T6 *, const T11 *, const T4 *, T11 *, void *, long, T6 *, int *, T6 *, T6 *, const T6 *, const T6 *, const T6 *, const T6 *, const T6 *)",False,10,0.032992
6,echo,revisit,index_weights_proj,void cutlass::Kernel2<cutlass_80_simt_sgemm_64x64_8x5_tn_align1>(T1::Params),True,10,0.111521
6,echo,revisit,indexer_fused,"echo_native::clean(float *, int, int, int, int)",False,10,0.138305
6,echo,revisit,indexer_fused,"void <unnamed>::elementwise_kernel_with_index<int, at::native::arange_cuda_out(const c10::Scalar &, const c10::Scalar &, const c10::Scalar &, at::Tensor &)::[lambda() (instance 1)]::operator ()() const::[lambda() (instance 3)]::operator ()() const::[lambda(long) (instance 1)]>(T1, T2, function_traits<T2>::result_type *)",False,10,0.00704
6,echo,revisit,indexer_fused,"void at::native::vectorized_elementwise_kernel<(int)2, at::native::FillFunctor<long>, std::array<char *, (unsigned long)1>>(int, T2, T3)",False,20,0.015296
6,echo,revisit,indexer_fused,"void at::native::vectorized_elementwise_kernel<(int)4, at::native::FillFunctor<int>, std::array<char *, (unsigned long)1>>(int, T2, T3)",False,20,0.015008
6,echo,revisit,indexer_fused,"void at::native::vectorized_elementwise_kernel<(int)4, at::native::FillFunctor<unsigned int>, std::array<char *, (unsigned long)1>>(int, T2, T3)",False,10,0.0072
6,echo,revisit,indexer_fused,"void echo_native::sm90_fp8_mqa_logits_fuse_prefetch<(unsigned int)64, (unsigned int)128, (unsigned int)576, (unsigned int)2, (unsigned int)128, (unsigned int)3, (unsigned int)3, (unsigned int)96, (unsigned int)128, (unsigned int)256, (unsigned int)256, (unsigned int)16384>(unsigned int, unsigned int, unsigned long, unsigned long, unsigned int *, unsigned int *, float *, const int *, const int *, const int *, __nv_bfloat16 *, __nv_bfloat16 *, long *, const int *, long *, int *, unsigned int *, long *, float *, unsigned int, unsigned int, unsigned int, CUtensorMap_st, CUtensorMap_st, CUtensorMap_st, CUtensorMap_st)",True,10,8.028906
6,echo,revisit,kv_a_proj,activation_quantization,False,10,0.029952
6,echo,revisit,kv_a_proj,"void deep_gemm::sm90_fp8_gemm_1d2d_impl<(cute::UMMA::Major)0, (unsigned int)0, (unsigned int)576, (unsigned int)7168, (unsigned int)1, (unsigned int)64, (unsigned int)16, (unsigned int)128, (unsigned int)128, (unsigned int)128, (unsigned int)32, (unsigned int)16, (unsigned int)128, (unsigned int)128, (unsigned int)1, (bool)0, (unsigned int)132, (deep_gemm::GemmType)0, cutlass::bfloat16_t>(float *, int *, unsigned int, unsigned int, unsigned int, CUtensorMap_st, CUtensorMap_st, CUtensorMap_st, CUtensorMap_st)",True,10,0.089857
6,echo,revisit,kv_a_proj,"void deep_gemm::transpose_fp32<(unsigned int)512, (unsigned int)64, (unsigned int)56, (unsigned int)128, (unsigned int)57>(const float *, float *, unsigned int)",False,10,0.018944
6,echo,revisit,lm_head,nvjet_sm90_tst_128x8_64x12_2x1_v_bz_TNT,True,1,0.42749
6,echo,revisit,mla_qk_pv,"void sm90::prefill::sparse_fwd::sparse_attn_fwd_kernel<sm90::prefill::sparse_fwd::KernelTemplate<(int)576, (bool)0>, sm90::prefill::sparse_fwd::KernelTemplate<(int)576, (bool)0>::TmaParams<cute::tuple<int, int, int>, cute::TiledCopy<cute::Copy_Atom<cute::Copy_Traits<cute::SM90_TMA_LOAD, cute::C<(int)65536>, cute::AuxTmaParams<cute::tuple<cute::ScaledBasis<cute::C<(int)1>, (int)1>, cute::ScaledBasis<cute::C<(int)1>, (int)0>, cute::ScaledBasis<cute::C<(int)1>, (int)2>>, const cute::Layout<cute::tuple<cute::C<(int)64>, cute::C<(int)64>, cute::C<(int)1>>, cute::tuple<cute::ScaledBasis<cute::C<(int)1>, (int)1>, cute::ScaledBasis<cute::C<(int)1>, (int)0>, cute::ScaledBasis<cute::C<(int)1>, (int)2>>> &, const cute::Swizzle<(int)3, (int)4, (int)3> &>>, cutlass::bfloat16_t>, cute::Layout<cute::tuple<cute::C<(int)1>, cute::tuple<cute::tuple<cute::tuple<cute::C<(int)64>, cute::C<(int)64>>, cute::C<(int)9>>>>, cute::tuple<cute::C<(int)0>, cute::tuple<cute::tuple<cute::tuple<cute::C<(int)64>, cute::C<(int)1>>, cute::C<(int)4096>>>>>, cute::tuple<cute::C<(int)64>, cute::C<(int)576>>>>>(SparseAttnFwdParams, T2)",True,10,1.217224
6,echo,revisit,mlp_down,activation_quantization,False,10,0.024608
6,echo,revisit,mlp_down,"void deep_gemm::sm90_fp8_gemm_1d2d_impl<(cute::UMMA::Major)0, (unsigned int)0, (unsigned int)7168, (unsigned int)18432, (unsigned int)1, (unsigned int)64, (unsigned int)112, (unsigned int)128, (unsigned int)128, (unsigned int)128, (unsigned int)32, (unsigned int)9, (unsigned int)128, (unsigned int)128, (unsigned int)1, (bool)0, (unsigned int)132, (deep_gemm::GemmType)0, cutlass::bfloat16_t>(float *, int *, unsigned int, unsigned int, unsigned int, CUtensorMap_st, CUtensorMap_st, CUtensorMap_st, CUtensorMap_st)",True,10,0.490788
6,echo,revisit,mlp_down,"void deep_gemm::transpose_fp32<(unsigned int)512, (unsigned int)64, (unsigned int)144, (unsigned int)128, (unsigned int)145>(const float *, float *, unsigned int)",False,10,0.038944
6,echo,revisit,mlp_gate,activation_quantization,False,10,0.020032
6,echo,revisit,mlp_gate,"void deep_gemm::sm90_fp8_gemm_1d2d_impl<(cute::UMMA::Major)0, (unsigned int)0, (unsigned int)18432, (unsigned int)7168, (unsigned int)1, (unsigned int)128, (unsigned int)144, (unsigned int)128, (unsigned int)128, (unsigned int)128, (unsigned int)32, (unsigned int)5, (unsigned int)128, (unsigned int)256, (unsigned int)1, (bool)0, (unsigned int)132, (deep_gemm::GemmType)0, cutlass::bfloat16_t>(float *, int *, unsigned int, unsigned int, unsigned int, CUtensorMap_st, CUtensorMap_st, CUtensorMap_st, CUtensorMap_st)",True,10,0.388802
6,echo,revisit,mlp_gate,"void deep_gemm::transpose_fp32<(unsigned int)512, (unsigned int)64, (unsigned int)56, (unsigned int)128, (unsigned int)57>(const float *, float *, unsigned int)",False,10,0.01984
6,echo,revisit,mlp_up,"void deep_gemm::sm90_fp8_gemm_1d2d_impl<(cute::UMMA::Major)0, (unsigned int)0, (unsigned int)18432, (unsigned int)7168, (unsigned int)1, (unsigned int)128, (unsigned int)144, (unsigned int)128, (unsigned int)128, (unsigned int)128, (unsigned int)32, (unsigned int)5, (unsigned int)128, (unsigned int)256, (unsigned int)1, (bool)0, (unsigned int)132, (deep_gemm::GemmType)0, cutlass::bfloat16_t>(float *, int *, unsigned int, unsigned int, unsigned int, CUtensorMap_st, CUtensorMap_st, CUtensorMap_st, CUtensorMap_st)",True,10,0.382337
6,echo,revisit,mlp_up,"void deep_gemm::transpose_fp32<(unsigned int)512, (unsigned int)64, (unsigned int)56, (unsigned int)128, (unsigned int)57>(const float *, float *, unsigned int)",False,10,0.022048
6,echo,revisit,o_proj,activation_quantization,False,10,0.027136
6,echo,revisit,o_proj,"void deep_gemm::sm90_fp8_gemm_1d2d_impl<(cute::UMMA::Major)0, (unsigned int)0, (unsigned int)7168, (unsigned int)16384, (unsigned int)1, (unsigned int)64, (unsigned int)112, (unsigned int)128, (unsigned int)128, (unsigned int)128, (unsigned int)32, (unsigned int)9, (unsigned int)128, (unsigned int)128, (unsigned int)1, (bool)0, (unsigned int)132, (deep_gemm::GemmType)0, cutlass::bfloat16_t>(float *, int *, unsigned int, unsigned int, unsigned int, CUtensorMap_st, CUtensorMap_st, CUtensorMap_st, CUtensorMap_st)",True,10,0.438308
6,echo,revisit,o_proj,"void deep_gemm::transpose_fp32<(unsigned int)512, (unsigned int)64, (unsigned int)128, (unsigned int)128, (unsigned int)129>(const float *, float *, unsigned int)",False,10,0.035456
6,echo,revisit,q_a_proj,activation_quantization,False,10,0.019616
6,echo,revisit,q_a_proj,"void deep_gemm::sm90_fp8_gemm_1d2d_impl<(cute::UMMA::Major)0, (unsigned int)0, (unsigned int)1536, (unsigned int)7168, (unsigned int)1, (unsigned int)64, (unsigned int)32, (unsigned int)128, (unsigned int)128, (unsigned int)128, (unsigned int)64, (unsigned int)16, (unsigned int)128, (unsigned int)128, (unsigned int)1, (bool)0, (unsigned int)132, (deep_gemm::GemmType)0, cutlass::bfloat16_t>(float *, int *, unsigned int, unsigned int, unsigned int, CUtensorMap_st, CUtensorMap_st, CUtensorMap_st, CUtensorMap_st)",True,10,0.103552
6,echo,revisit,q_a_proj,"void deep_gemm::transpose_fp32<(unsigned int)512, (unsigned int)64, (unsigned int)56, (unsigned int)128, (unsigned int)57>(const float *, float *, unsigned int)",False,10,0.018976
6,echo,revisit,q_absorb,nvjet_sm90_tst_256x128_64x4_2x1_v_bz_coopA_NNT,True,10,0.106784
6,echo,revisit,q_b_proj,activation_quantization,False,10,0.018848
6,echo,revisit,q_b_proj,"void deep_gemm::sm90_fp8_gemm_1d2d_impl<(cute::UMMA::Major)0, (unsigned int)0, (unsigned int)24576, (unsigned int)1536, (unsigned int)1, (unsigned int)128, (unsigned int)192, (unsigned int)128, (unsigned int)128, (unsigned int)128, (unsigned int)128, (unsigned int)4, (unsigned int)128, (unsigned int)256, (unsigned int)1, (bool)0, (unsigned int)132, (deep_gemm::GemmType)0, cutlass::bfloat16_t>(float *, int *, unsigned int, unsigned int, unsigned int, CUtensorMap_st, CUtensorMap_st, CUtensorMap_st, CUtensorMap_st)",True,10,0.165858
6,echo,revisit,q_b_proj,"void deep_gemm::transpose_fp32<(unsigned int)512, (unsigned int)64, (unsigned int)12, (unsigned int)128, (unsigned int)13>(const float *, float *, unsigned int)",False,10,0.014112
6,echo,revisit,v_expand,nvjet_sm90_tst_128x128_64x6_1x1_h_bz_NNT,True,10,0.10704
8,serial_sparse,cold,index_k_proj,activation_quantization,False,650,4.542275
8,serial_sparse,cold,index_k_proj,"void deep_gemm::sm90_fp8_gemm_1d2d_impl<(cute::UMMA::Major)0, (unsigned int)0, (unsigned int)128, (unsigned int)7168, (unsigned int)1, (unsigned int)64, (unsigned int)16, (unsigned int)128, (unsigned int)128, (unsigned int)128, (unsigned int)32, (unsigned int)16, (unsigned int)128, (unsigned int)128, (unsigned int)1, (bool)0, (unsigned int)132, (deep_gemm::GemmType)0, cutlass::bfloat16_t>(float *, int *, unsigned int, unsigned int, unsigned int, CUtensorMap_st, CUtensorMap_st, CUtensorMap_st, CUtensorMap_st)",True,650,6.449366
8,serial_sparse,cold,index_k_proj,"void deep_gemm::transpose_fp32<(unsigned int)512, (unsigned int)64, (unsigned int)56, (unsigned int)128, (unsigned int)57>(const float *, float *, unsigned int)",False,650,1.344641
8,serial_sparse,cold,index_q_proj,activation_quantization,False,650,2.430231
8,serial_sparse,cold,index_q_proj,"void deep_gemm::sm90_fp8_gemm_1d2d_impl<(cute::UMMA::Major)0, (unsigned int)0, (unsigned int)8192, (unsigned int)1536, (unsigned int)1, (unsigned int)256, (unsigned int)128, (unsigned int)128, (unsigned int)128, (unsigned int)128, (unsigned int)128, (unsigned int)3, (unsigned int)128, (unsigned int)256, (unsigned int)2, (bool)1, (unsigned int)132, (deep_gemm::GemmType)0, cutlass::bfloat16_t>(float *, int *, unsigned int, unsigned int, unsigned int, CUtensorMap_st, CUtensorMap_st, CUtensorMap_st, CUtensorMap_st)",True,640,15.381401
8,serial_sparse,cold,index_q_proj,"void deep_gemm::sm90_fp8_gemm_1d2d_impl<(cute::UMMA::Major)0, (unsigned int)0, (unsigned int)8192, (unsigned int)1536, (unsigned int)1, (unsigned int)64, (unsigned int)128, (unsigned int)128, (unsigned int)128, (unsigned int)128, (unsigned int)128, (unsigned int)8, (unsigned int)128, (unsigned int)128, (unsigned int)1, (bool)0, (unsigned int)132, (deep_gemm::GemmType)0, cutlass::bfloat16_t>(float *, int *, unsigned int, unsigned int, unsigned int, CUtensorMap_st, CUtensorMap_st, CUtensorMap_st, CUtensorMap_st)",True,10,0.081504
8,serial_sparse,cold,index_q_proj,"void deep_gemm::transpose_fp32<(unsigned int)512, (unsigned int)64, (unsigned int)12, (unsigned int)128, (unsigned int)13>(const float *, float *, unsigned int)",False,650,0.998849
8,serial_sparse,cold,index_weights_proj,sm80_xmma_gemm_f32f32_f32f32_f32_tn_n_tilesize128x64x8_stage3_warpsize2x2x1_ffma_aligna4_alignc4_execute_kernel__5x_cublas,True,640,21.852518
8,serial_sparse,cold,index_weights_proj,sm80_xmma_gemm_f32f32_f32f32_f32_tn_n_tilesize128x64x8_stage3_warpsize2x2x1_ffma_aligna4_alignc4_execute_split_k_kernel__5x_cublas,False,640,4.345191
8,serial_sparse,cold,index_weights_proj,"void cublasLt::splitKreduce_kernel<(int)32, (int)16, int, float, float, float, float, (bool)0, float, float, float, (bool)1, (bool)0, (bool)0, (bool)0>(cublasLt::cublasSplitKParams<T6>, const T4 *, const T10 *, T9 *, T5 *, const T6 *, const T6 *, const T11 *, const T4 *, T11 *, void *, long, T6 *, int *, T6 *, T6 *, const T6 *, const T6 *, const T6 *, const T6 *, const T6 *)",False,10,0.03469
8,serial_sparse,cold,index_weights_proj,void cutlass::Kernel2<cutlass_80_simt_sgemm_64x64_8x5_tn_align1>(T1::Params),True,10,0.119905
8,serial_sparse,cold,indexer_qk,"void <unnamed>::elementwise_kernel_with_index<int, at::native::arange_cuda_out(const c10::Scalar &, const c10::Scalar &, const c10::Scalar &, at::Tensor &)::[lambda() (instance 1)]::operator ()() const::[lambda() (instance 3)]::operator ()() const::[lambda(long) (instance 1)]>(T1, T2, function_traits<T2>::result_type *)",False,650,0.522978
8,serial_sparse,cold,indexer_qk,"void <unnamed>::elementwise_kernel_with_index<int, at::native::arange_cuda_out(const c10::Scalar &, const c10::Scalar &, const c10::Scalar &, at::Tensor &)::[lambda() (instance 1)]::operator ()() const::[lambda() (instance 4)]::operator ()() const::[lambda(long) (instance 1)]>(T1, T2, function_traits<T2>::result_type *)",False,650,0.540418
8,serial_sparse,cold,indexer_qk,"void at::native::elementwise_kernel<(int)128, (int)2, void at::native::gpu_kernel_impl_nocast<at::native::<unnamed>::masked_fill_kernel(at::TensorIterator &, const c10::Scalar &)::[lambda() (instance 1)]::operator ()() const::[lambda() (instance 7)]::operator ()() const::[lambda(float, bool) (instance 1)]>(at::TensorIteratorBase &, const T1 &)::[lambda(int) (instance 1)]>(int, T3)",False,640,3.170792
8,serial_sparse,cold,indexer_qk,"void at::native::elementwise_kernel<(int)128, (int)4, void at::native::gpu_kernel_impl<at::native::<unnamed>::CompareFunctor<long>>(at::TensorIteratorBase &, const T1 &)::[lambda(int) (instance 1)]>(int, T3)",False,650,3.864046
8,serial_sparse,cold,indexer_qk,"void at::native::vectorized_elementwise_kernel<(int)4, at::native::<unnamed>::masked_fill_kernel(at::TensorIterator &, const c10::Scalar &)::[lambda() (instance 1)]::operator ()() const::[lambda() (instance 7)]::operator ()() const::[lambda(float, bool) (instance 1)], std::array<char *, (unsigned long)3>>(int, T2, T3)",False,10,0.0288
8,serial_sparse,cold,indexer_qk,"void at::native::vectorized_elementwise_kernel<(int)4, at::native::FillFunctor<int>, std::array<char *, (unsigned long)1>>(int, T2, T3)",False,650,0.528199
8,serial_sparse,cold,indexer_qk,"void deep_gemm::sm90_fp8_mqa_logits<(unsigned int)64, (unsigned int)128, (unsigned int)2, (unsigned int)256, (unsigned int)3, (unsigned int)3, (unsigned int)132, (unsigned int)128, (unsigned int)512, float>(unsigned int, unsigned int, unsigned int, unsigned int *, unsigned int *, T10 *, CUtensorMap_st, CUtensorMap_st, CUtensorMap_st, CUtensorMap_st)",True,650,374.896353
8,serial_sparse,cold,kv_a_proj,activation_quantization,False,650,5.489714
8,serial_sparse,cold,kv_a_proj,"void deep_gemm::sm90_fp8_gemm_1d2d_impl<(cute::UMMA::Major)0, (unsigned int)0, (unsigned int)576, (unsigned int)7168, (unsigned int)1, (unsigned int)64, (unsigned int)16, (unsigned int)128, (unsigned int)128, (unsigned int)128, (unsigned int)32, (unsigned int)16, (unsigned int)128, (unsigned int)128, (unsigned int)1, (bool)0, (unsigned int)132, (deep_gemm::GemmType)0, cutlass::bfloat16_t>(float *, int *, unsigned int, unsigned int, unsigned int, CUtensorMap_st, CUtensorMap_st, CUtensorMap_st, CUtensorMap_st)",True,10,0.096768
8,serial_sparse,cold,kv_a_proj,"void deep_gemm::sm90_fp8_gemm_1d2d_impl<(cute::UMMA::Major)0, (unsigned int)0, (unsigned int)576, (unsigned int)7168, (unsigned int)1, (unsigned int)64, (unsigned int)80, (unsigned int)128, (unsigned int)128, (unsigned int)128, (unsigned int)32, (unsigned int)11, (unsigned int)128, (unsigned int)128, (unsigned int)1, (bool)0, (unsigned int)132, (deep_gemm::GemmType)0, cutlass::bfloat16_t>(float *, int *, unsigned int, unsigned int, unsigned int, CUtensorMap_st, CUtensorMap_st, CUtensorMap_st, CUtensorMap_st)",True,640,11.195916
8,serial_sparse,cold,kv_a_proj,"void deep_gemm::transpose_fp32<(unsigned int)512, (unsigned int)64, (unsigned int)56, (unsigned int)128, (unsigned int)57>(const float *, float *, unsigned int)",False,650,1.334598
8,serial_sparse,cold,lm_head,nvjet_sm90_tst_128x8_64x12_2x1_v_bz_TNT,True,2,0.84989
8,serial_sparse,cold,mla_qk_pv,"void sm90::prefill::sparse_fwd::sparse_attn_fwd_kernel<sm90::prefill::sparse_fwd::KernelTemplate<(int)576, (bool)0>, sm90::prefill::sparse_fwd::KernelTemplate<(int)576, (bool)0>::TmaParams<cute::tuple<int, int, int>, cute::TiledCopy<cute::Copy_Atom<cute::Copy_Traits<cute::SM90_TMA_LOAD, cute::C<(int)65536>, cute::AuxTmaParams<cute::tuple<cute::ScaledBasis<cute::C<(int)1>, (int)1>, cute::ScaledBasis<cute::C<(int)1>, (int)0>, cute::ScaledBasis<cute::C<(int)1>, (int)2>>, const cute::Layout<cute::tuple<cute::C<(int)64>, cute::C<(int)64>, cute::C<(int)1>>, cute::tuple<cute::ScaledBasis<cute::C<(int)1>, (int)1>, cute::ScaledBasis<cute::C<(int)1>, (int)0>, cute::ScaledBasis<cute::C<(int)1>, (int)2>>> &, const cute::Swizzle<(int)3, (int)4, (int)3> &>>, cutlass::bfloat16_t>, cute::Layout<cute::tuple<cute::C<(int)1>, cute::tuple<cute::tuple<cute::tuple<cute::C<(int)64>, cute::C<(int)64>>, cute::C<(int)9>>>>, cute::tuple<cute::C<(int)0>, cute::tuple<cute::tuple<cute::tuple<cute::C<(int)64>, cute::C<(int)1>>, cute::C<(int)4096>>>>>, cute::tuple<cute::C<(int)64>, cute::C<(int)576>>>>>(SparseAttnFwdParams, T2)",True,650,615.251958
8,serial_sparse,cold,mlp_down,activation_quantization,False,650,9.17167
8,serial_sparse,cold,mlp_down,"void deep_gemm::sm90_fp8_gemm_1d2d_impl<(cute::UMMA::Major)0, (unsigned int)0, (unsigned int)7168, (unsigned int)18432, (unsigned int)1, (unsigned int)256, (unsigned int)112, (unsigned int)128, (unsigned int)128, (unsigned int)128, (unsigned int)32, (unsigned int)3, (unsigned int)128, (unsigned int)256, (unsigned int)2, (bool)1, (unsigned int)132, (deep_gemm::GemmType)0, cutlass::bfloat16_t>(float *, int *, unsigned int, unsigned int, unsigned int, CUtensorMap_st, CUtensorMap_st, CUtensorMap_st, CUtensorMap_st)",True,640,142.846145
8,serial_sparse,cold,mlp_down,"void deep_gemm::sm90_fp8_gemm_1d2d_impl<(cute::UMMA::Major)0, (unsigned int)0, (unsigned int)7168, (unsigned int)18432, (unsigned int)1, (unsigned int)64, (unsigned int)112, (unsigned int)128, (unsigned int)128, (unsigned int)128, (unsigned int)32, (unsigned int)9, (unsigned int)128, (unsigned int)128, (unsigned int)1, (bool)0, (unsigned int)132, (deep_gemm::GemmType)0, cutlass::bfloat16_t>(float *, int *, unsigned int, unsigned int, unsigned int, CUtensorMap_st, CUtensorMap_st, CUtensorMap_st, CUtensorMap_st)",True,10,0.524866
8,serial_sparse,cold,mlp_down,"void deep_gemm::transpose_fp32<(unsigned int)512, (unsigned int)64, (unsigned int)144, (unsigned int)128, (unsigned int)145>(const float *, float *, unsigned int)",False,650,2.879499
8,serial_sparse,cold,mlp_gate,activation_quantization,False,650,3.235372
8,serial_sparse,cold,mlp_gate,"void deep_gemm::sm90_fp8_gemm_1d2d_impl<(cute::UMMA::Major)0, (unsigned int)0, (unsigned int)18432, (unsigned int)7168, (unsigned int)1, (unsigned int)128, (unsigned int)144, (unsigned int)128, (unsigned int)128, (unsigned int)128, (unsigned int)32, (unsigned int)5, (unsigned int)128, (unsigned int)256, (unsigned int)1, (bool)0, (unsigned int)132, (deep_gemm::GemmType)0, cutlass::bfloat16_t>(float *, int *, unsigned int, unsigned int, unsigned int, CUtensorMap_st, CUtensorMap_st, CUtensorMap_st, CUtensorMap_st)",True,10,0.396576
8,serial_sparse,cold,mlp_gate,"void deep_gemm::sm90_fp8_gemm_1d2d_impl<(cute::UMMA::Major)0, (unsigned int)0, (unsigned int)18432, (unsigned int)7168, (unsigned int)1, (unsigned int)256, (unsigned int)112, (unsigned int)128, (unsigned int)128, (unsigned int)128, (unsigned int)32, (unsigned int)3, (unsigned int)128, (unsigned int)256, (unsigned int)2, (bool)1, (unsigned int)132, (deep_gemm::GemmType)0, cutlass::bfloat16_t>(float *, int *, unsigned int, unsigned int, unsigned int, CUtensorMap_st, CUtensorMap_st, CUtensorMap_st, CUtensorMap_st)",True,640,143.570585
8,serial_sparse,cold,mlp_gate,"void deep_gemm::transpose_fp32<(unsigned int)512, (unsigned int)64, (unsigned int)56, (unsigned int)128, (unsigned int)57>(const float *, float *, unsigned int)",False,650,1.328743
8,serial_sparse,cold,mlp_up,"void deep_gemm::sm90_fp8_gemm_1d2d_impl<(cute::UMMA::Major)0, (unsigned int)0, (unsigned int)18432, (unsigned int)7168, (unsigned int)1, (unsigned int)128, (unsigned int)144, (unsigned int)128, (unsigned int)128, (unsigned int)128, (unsigned int)32, (unsigned int)5, (unsigned int)128, (unsigned int)256, (unsigned int)1, (bool)0, (unsigned int)132, (deep_gemm::GemmType)0, cutlass::bfloat16_t>(float *, int *, unsigned int, unsigned int, unsigned int, CUtensorMap_st, CUtensorMap_st, CUtensorMap_st, CUtensorMap_st)",True,10,0.396161
8,serial_sparse,cold,mlp_up,"void deep_gemm::sm90_fp8_gemm_1d2d_impl<(cute::UMMA::Major)0, (unsigned int)0, (unsigned int)18432, (unsigned int)7168, (unsigned int)1, (unsigned int)256, (unsigned int)112, (unsigned int)128, (unsigned int)128, (unsigned int)128, (unsigned int)32, (unsigned int)3, (unsigned int)128, (unsigned int)256, (unsigned int)2, (bool)1, (unsigned int)132, (deep_gemm::GemmType)0, cutlass::bfloat16_t>(float *, int *, unsigned int, unsigned int, unsigned int, CUtensorMap_st, CUtensorMap_st, CUtensorMap_st, CUtensorMap_st)",True,640,142.964757
8,serial_sparse,cold,mlp_up,"void deep_gemm::transpose_fp32<(unsigned int)512, (unsigned int)64, (unsigned int)56, (unsigned int)128, (unsigned int)57>(const float *, float *, unsigned int)",False,650,1.525733
8,serial_sparse,cold,o_proj,activation_quantization,False,650,7.767604
8,serial_sparse,cold,o_proj,"void deep_gemm::sm90_fp8_gemm_1d2d_impl<(cute::UMMA::Major)0, (unsigned int)0, (unsigned int)7168, (unsigned int)16384, (unsigned int)1, (unsigned int)256, (unsigned int)112, (unsigned int)128, (unsigned int)128, (unsigned int)128, (unsigned int)32, (unsigned int)3, (unsigned int)128, (unsigned int)256, (unsigned int)2, (bool)1, (unsigned int)132, (deep_gemm::GemmType)0, cutlass::bfloat16_t>(float *, int *, unsigned int, unsigned int, unsigned int, CUtensorMap_st, CUtensorMap_st, CUtensorMap_st, CUtensorMap_st)",True,640,128.121379
8,serial_sparse,cold,o_proj,"void deep_gemm::sm90_fp8_gemm_1d2d_impl<(cute::UMMA::Major)0, (unsigned int)0, (unsigned int)7168, (unsigned int)16384, (unsigned int)1, (unsigned int)64, (unsigned int)112, (unsigned int)128, (unsigned int)128, (unsigned int)128, (unsigned int)32, (unsigned int)9, (unsigned int)128, (unsigned int)128, (unsigned int)1, (bool)0, (unsigned int)132, (deep_gemm::GemmType)0, cutlass::bfloat16_t>(float *, int *, unsigned int, unsigned int, unsigned int, CUtensorMap_st, CUtensorMap_st, CUtensorMap_st, CUtensorMap_st)",True,10,0.469345
8,serial_sparse,cold,o_proj,"void deep_gemm::transpose_fp32<(unsigned int)512, (unsigned int)64, (unsigned int)128, (unsigned int)128, (unsigned int)129>(const float *, float *, unsigned int)",False,650,2.600077
8,serial_sparse,cold,q_a_proj,activation_quantization,False,650,3.067946
8,serial_sparse,cold,q_a_proj,"void deep_gemm::sm90_fp8_gemm_1d2d_impl<(cute::UMMA::Major)0, (unsigned int)0, (unsigned int)1536, (unsigned int)7168, (unsigned int)1, (unsigned int)128, (unsigned int)96, (unsigned int)128, (unsigned int)128, (unsigned int)128, (unsigned int)64, (unsigned int)7, (unsigned int)128, (unsigned int)256, (unsigned int)1, (bool)0, (unsigned int)132, (deep_gemm::GemmType)0, cutlass::bfloat16_t>(float *, int *, unsigned int, unsigned int, unsigned int, CUtensorMap_st, CUtensorMap_st, CUtensorMap_st, CUtensorMap_st)",True,640,13.230738
8,serial_sparse,cold,q_a_proj,"void deep_gemm::sm90_fp8_gemm_1d2d_impl<(cute::UMMA::Major)0, (unsigned int)0, (unsigned int)1536, (unsigned int)7168, (unsigned int)1, (unsigned int)64, (unsigned int)32, (unsigned int)128, (unsigned int)128, (unsigned int)128, (unsigned int)64, (unsigned int)16, (unsigned int)128, (unsigned int)128, (unsigned int)1, (bool)0, (unsigned int)132, (deep_gemm::GemmType)0, cutlass::bfloat16_t>(float *, int *, unsigned int, unsigned int, unsigned int, CUtensorMap_st, CUtensorMap_st, CUtensorMap_st, CUtensorMap_st)",True,10,0.112512
8,serial_sparse,cold,q_a_proj,"void deep_gemm::transpose_fp32<(unsigned int)512, (unsigned int)64, (unsigned int)56, (unsigned int)128, (unsigned int)57>(const float *, float *, unsigned int)",False,650,1.332645
8,serial_sparse,cold,q_absorb,nvjet_sm90_tst_256x128_64x4_1x2_h_bz_coopA_NNT,True,640,36.847427
8,serial_sparse,cold,q_absorb,nvjet_sm90_tst_256x128_64x4_2x1_v_bz_coopA_NNT,True,10,0.11168
8,serial_sparse,cold,q_b_proj,activation_quantization,False,650,1.472326
8,serial_sparse,cold,q_b_proj,"void deep_gemm::sm90_fp8_gemm_1d2d_impl<(cute::UMMA::Major)0, (unsigned int)0, (unsigned int)24576, (unsigned int)1536, (unsigned int)1, (unsigned int)128, (unsigned int)192, (unsigned int)128, (unsigned int)128, (unsigned int)128, (unsigned int)128, (unsigned int)4, (unsigned int)128, (unsigned int)256, (unsigned int)1, (bool)0, (unsigned int)132, (deep_gemm::GemmType)0, cutlass::bfloat16_t>(float *, int *, unsigned int, unsigned int, unsigned int, CUtensorMap_st, CUtensorMap_st, CUtensorMap_st, CUtensorMap_st)",True,10,0.173441
8,serial_sparse,cold,q_b_proj,"void deep_gemm::sm90_fp8_gemm_1d2d_impl<(cute::UMMA::Major)0, (unsigned int)0, (unsigned int)24576, (unsigned int)1536, (unsigned int)1, (unsigned int)256, (unsigned int)128, (unsigned int)128, (unsigned int)128, (unsigned int)128, (unsigned int)128, (unsigned int)3, (unsigned int)128, (unsigned int)256, (unsigned int)2, (bool)1, (unsigned int)132, (deep_gemm::GemmType)0, cutlass::bfloat16_t>(float *, int *, unsigned int, unsigned int, unsigned int, CUtensorMap_st, CUtensorMap_st, CUtensorMap_st, CUtensorMap_st)",True,640,40.2983
8,serial_sparse,cold,q_b_proj,"void deep_gemm::transpose_fp32<(unsigned int)512, (unsigned int)64, (unsigned int)12, (unsigned int)128, (unsigned int)13>(const float *, float *, unsigned int)",False,650,0.990568
8,serial_sparse,cold,v_expand,nvjet_sm90_tst_128x128_64x6_1x1_h_bz_NNT,True,10,0.109024
8,serial_sparse,cold,v_expand,nvjet_sm90_tst_128x256_64x4_1x2_h_bz_coopA_NNN,True,640,32.996815
9,serial_sparse,revisit,index_k_proj,activation_quantization,False,10,0.028832
9,serial_sparse,revisit,index_k_proj,"void deep_gemm::sm90_fp8_gemm_1d2d_impl<(cute::UMMA::Major)0, (unsigned int)0, (unsigned int)128, (unsigned int)7168, (unsigned int)1, (unsigned int)64, (unsigned int)16, (unsigned int)128, (unsigned int)128, (unsigned int)128, (unsigned int)32, (unsigned int)16, (unsigned int)128, (unsigned int)128, (unsigned int)1, (bool)0, (unsigned int)132, (deep_gemm::GemmType)0, cutlass::bfloat16_t>(float *, int *, unsigned int, unsigned int, unsigned int, CUtensorMap_st, CUtensorMap_st, CUtensorMap_st, CUtensorMap_st)",True,10,0.088352
9,serial_sparse,revisit,index_k_proj,"void deep_gemm::transpose_fp32<(unsigned int)512, (unsigned int)64, (unsigned int)56, (unsigned int)128, (unsigned int)57>(const float *, float *, unsigned int)",False,10,0.018912
9,serial_sparse,revisit,index_q_proj,activation_quantization,False,10,0.026592
9,serial_sparse,revisit,index_q_proj,"void deep_gemm::sm90_fp8_gemm_1d2d_impl<(cute::UMMA::Major)0, (unsigned int)0, (unsigned int)8192, (unsigned int)1536, (unsigned int)1, (unsigned int)64, (unsigned int)128, (unsigned int)128, (unsigned int)128, (unsigned int)128, (unsigned int)128, (unsigned int)8, (unsigned int)128, (unsigned int)128, (unsigned int)1, (bool)0, (unsigned int)132, (deep_gemm::GemmType)0, cutlass::bfloat16_t>(float *, int *, unsigned int, unsigned int, unsigned int, CUtensorMap_st, CUtensorMap_st, CUtensorMap_st, CUtensorMap_st)",True,10,0.075424
9,serial_sparse,revisit,index_q_proj,"void deep_gemm::transpose_fp32<(unsigned int)512, (unsigned int)64, (unsigned int)12, (unsigned int)128, (unsigned int)13>(const float *, float *, unsigned int)",False,10,0.014496
9,serial_sparse,revisit,index_weights_proj,"void cublasLt::splitKreduce_kernel<(int)32, (int)16, int, float, float, float, float, (bool)0, float, float, float, (bool)1, (bool)0, (bool)0, (bool)0>(cublasLt::cublasSplitKParams<T6>, const T4 *, const T10 *, T9 *, T5 *, const T6 *, const T6 *, const T11 *, const T4 *, T11 *, void *, long, T6 *, int *, T6 *, T6 *, const T6 *, const T6 *, const T6 *, const T6 *, const T6 *)",False,10,0.033152
9,serial_sparse,revisit,index_weights_proj,void cutlass::Kernel2<cutlass_80_simt_sgemm_64x64_8x5_tn_align1>(T1::Params),True,10,0.112416
9,serial_sparse,revisit,indexer_qk,"void <unnamed>::elementwise_kernel_with_index<int, at::native::arange_cuda_out(const c10::Scalar &, const c10::Scalar &, const c10::Scalar &, at::Tensor &)::[lambda() (instance 1)]::operator ()() const::[lambda() (instance 3)]::operator ()() const::[lambda(long) (instance 1)]>(T1, T2, function_traits<T2>::result_type *)",False,10,0.007264
9,serial_sparse,revisit,indexer_qk,"void <unnamed>::elementwise_kernel_with_index<int, at::native::arange_cuda_out(const c10::Scalar &, const c10::Scalar &, const c10::Scalar &, at::Tensor &)::[lambda() (instance 1)]::operator ()() const::[lambda() (instance 4)]::operator ()() const::[lambda(long) (instance 1)]>(T1, T2, function_traits<T2>::result_type *)",False,10,0.007488
9,serial_sparse,revisit,indexer_qk,"void at::native::elementwise_kernel<(int)128, (int)2, void at::native::gpu_kernel_impl_nocast<at::native::<unnamed>::masked_fill_kernel(at::TensorIterator &, const c10::Scalar &)::[lambda() (instance 1)]::operator ()() const::[lambda() (instance 7)]::operator ()() const::[lambda(float, bool) (instance 1)]>(at::TensorIteratorBase &, const T1 &)::[lambda(int) (instance 1)]>(int, T3)",False,10,0.02192
9,serial_sparse,revisit,indexer_qk,"void at::native::elementwise_kernel<(int)128, (int)4, void at::native::gpu_kernel_impl<at::native::<unnamed>::CompareFunctor<long>>(at::TensorIteratorBase &, const T1 &)::[lambda(int) (instance 1)]>(int, T3)",False,10,0.032384
9,serial_sparse,revisit,indexer_qk,"void at::native::vectorized_elementwise_kernel<(int)4, at::native::FillFunctor<int>, std::array<char *, (unsigned long)1>>(int, T2, T3)",False,10,0.007712
9,serial_sparse,revisit,indexer_qk,"void deep_gemm::sm90_fp8_mqa_logits<(unsigned int)64, (unsigned int)128, (unsigned int)2, (unsigned int)256, (unsigned int)3, (unsigned int)3, (unsigned int)132, (unsigned int)128, (unsigned int)512, float>(unsigned int, unsigned int, unsigned int, unsigned int *, unsigned int *, T10 *, CUtensorMap_st, CUtensorMap_st, CUtensorMap_st, CUtensorMap_st)",True,10,2.669516
9,serial_sparse,revisit,kv_a_proj,activation_quantization,False,10,0.030688
9,serial_sparse,revisit,kv_a_proj,"void deep_gemm::sm90_fp8_gemm_1d2d_impl<(cute::UMMA::Major)0, (unsigned int)0, (unsigned int)576, (unsigned int)7168, (unsigned int)1, (unsigned int)64, (unsigned int)16, (unsigned int)128, (unsigned int)128, (unsigned int)128, (unsigned int)32, (unsigned int)16, (unsigned int)128, (unsigned int)128, (unsigned int)1, (bool)0, (unsigned int)132, (deep_gemm::GemmType)0, cutlass::bfloat16_t>(float *, int *, unsigned int, unsigned int, unsigned int, CUtensorMap_st, CUtensorMap_st, CUtensorMap_st, CUtensorMap_st)",True,10,0.090592
9,serial_sparse,revisit,kv_a_proj,"void deep_gemm::transpose_fp32<(unsigned int)512, (unsigned int)64, (unsigned int)56, (unsigned int)128, (unsigned int)57>(const float *, float *, unsigned int)",False,10,0.019008
9,serial_sparse,revisit,lm_head,nvjet_sm90_tst_128x8_64x12_2x1_v_bz_TNT,True,1,0.437667
9,serial_sparse,revisit,mla_qk_pv,"void sm90::prefill::sparse_fwd::sparse_attn_fwd_kernel<sm90::prefill::sparse_fwd::KernelTemplate<(int)576, (bool)0>, sm90::prefill::sparse_fwd::KernelTemplate<(int)576, (bool)0>::TmaParams<cute::tuple<int, int, int>, cute::TiledCopy<cute::Copy_Atom<cute::Copy_Traits<cute::SM90_TMA_LOAD, cute::C<(int)65536>, cute::AuxTmaParams<cute::tuple<cute::ScaledBasis<cute::C<(int)1>, (int)1>, cute::ScaledBasis<cute::C<(int)1>, (int)0>, cute::ScaledBasis<cute::C<(int)1>, (int)2>>, const cute::Layout<cute::tuple<cute::C<(int)64>, cute::C<(int)64>, cute::C<(int)1>>, cute::tuple<cute::ScaledBasis<cute::C<(int)1>, (int)1>, cute::ScaledBasis<cute::C<(int)1>, (int)0>, cute::ScaledBasis<cute::C<(int)1>, (int)2>>> &, const cute::Swizzle<(int)3, (int)4, (int)3> &>>, cutlass::bfloat16_t>, cute::Layout<cute::tuple<cute::C<(int)1>, cute::tuple<cute::tuple<cute::tuple<cute::C<(int)64>, cute::C<(int)64>>, cute::C<(int)9>>>>, cute::tuple<cute::C<(int)0>, cute::tuple<cute::tuple<cute::tuple<cute::C<(int)64>, cute::C<(int)1>>, cute::C<(int)4096>>>>>, cute::tuple<cute::C<(int)64>, cute::C<(int)576>>>>>(SparseAttnFwdParams, T2)",True,10,1.218341
9,serial_sparse,revisit,mlp_down,activation_quantization,False,10,0.024833
9,serial_sparse,revisit,mlp_down,"void deep_gemm::sm90_fp8_gemm_1d2d_impl<(cute::UMMA::Major)0, (unsigned int)0, (unsigned int)7168, (unsigned int)18432, (unsigned int)1, (unsigned int)64, (unsigned int)112, (unsigned int)128, (unsigned int)128, (unsigned int)128, (unsigned int)32, (unsigned int)9, (unsigned int)128, (unsigned int)128, (unsigned int)1, (bool)0, (unsigned int)132, (deep_gemm::GemmType)0, cutlass::bfloat16_t>(float *, int *, unsigned int, unsigned int, unsigned int, CUtensorMap_st, CUtensorMap_st, CUtensorMap_st, CUtensorMap_st)",True,10,0.491938
9,serial_sparse,revisit,mlp_down,"void deep_gemm::transpose_fp32<(unsigned int)512, (unsigned int)64, (unsigned int)144, (unsigned int)128, (unsigned int)145>(const float *, float *, unsigned int)",False,10,0.0392
9,serial_sparse,revisit,mlp_gate,activation_quantization,False,10,0.020224
9,serial_sparse,revisit,mlp_gate,"void deep_gemm::sm90_fp8_gemm_1d2d_impl<(cute::UMMA::Major)0, (unsigned int)0, (unsigned int)18432, (unsigned int)7168, (unsigned int)1, (unsigned int)128, (unsigned int)144, (unsigned int)128, (unsigned int)128, (unsigned int)128, (unsigned int)32, (unsigned int)5, (unsigned int)128, (unsigned int)256, (unsigned int)1, (bool)0, (unsigned int)132, (deep_gemm::GemmType)0, cutlass::bfloat16_t>(float *, int *, unsigned int, unsigned int, unsigned int, CUtensorMap_st, CUtensorMap_st, CUtensorMap_st, CUtensorMap_st)",True,10,0.38909
9,serial_sparse,revisit,mlp_gate,"void deep_gemm::transpose_fp32<(unsigned int)512, (unsigned int)64, (unsigned int)56, (unsigned int)128, (unsigned int)57>(const float *, float *, unsigned int)",False,10,0.019904
9,serial_sparse,revisit,mlp_up,"void deep_gemm::sm90_fp8_gemm_1d2d_impl<(cute::UMMA::Major)0, (unsigned int)0, (unsigned int)18432, (unsigned int)7168, (unsigned int)1, (unsigned int)128, (unsigned int)144, (unsigned int)128, (unsigned int)128, (unsigned int)128, (unsigned int)32, (unsigned int)5, (unsigned int)128, (unsigned int)256, (unsigned int)1, (bool)0, (unsigned int)132, (deep_gemm::GemmType)0, cutlass::bfloat16_t>(float *, int *, unsigned int, unsigned int, unsigned int, CUtensorMap_st, CUtensorMap_st, CUtensorMap_st, CUtensorMap_st)",True,10,0.384738
9,serial_sparse,revisit,mlp_up,"void deep_gemm::transpose_fp32<(unsigned int)512, (unsigned int)64, (unsigned int)56, (unsigned int)128, (unsigned int)57>(const float *, float *, unsigned int)",False,10,0.022848
9,serial_sparse,revisit,o_proj,activation_quantization,False,10,0.026912
9,serial_sparse,revisit,o_proj,"void deep_gemm::sm90_fp8_gemm_1d2d_impl<(cute::UMMA::Major)0, (unsigned int)0, (unsigned int)7168, (unsigned int)16384, (unsigned int)1, (unsigned int)64, (unsigned int)112, (unsigned int)128, (unsigned int)128, (unsigned int)128, (unsigned int)32, (unsigned int)9, (unsigned int)128, (unsigned int)128, (unsigned int)1, (bool)0, (unsigned int)132, (deep_gemm::GemmType)0, cutlass::bfloat16_t>(float *, int *, unsigned int, unsigned int, unsigned int, CUtensorMap_st, CUtensorMap_st, CUtensorMap_st, CUtensorMap_st)",True,10,0.439043
9,serial_sparse,revisit,o_proj,"void deep_gemm::transpose_fp32<(unsigned int)512, (unsigned int)64, (unsigned int)128, (unsigned int)128, (unsigned int)129>(const float *, float *, unsigned int)",False,10,0.035488
9,serial_sparse,revisit,q_a_proj,activation_quantization,False,10,0.019648
9,serial_sparse,revisit,q_a_proj,"void deep_gemm::sm90_fp8_gemm_1d2d_impl<(cute::UMMA::Major)0, (unsigned int)0, (unsigned int)1536, (unsigned int)7168, (unsigned int)1, (unsigned int)64, (unsigned int)32, (unsigned int)128, (unsigned int)128, (unsigned int)128, (unsigned int)64, (unsigned int)16, (unsigned int)128, (unsigned int)128, (unsigned int)1, (bool)0, (unsigned int)132, (deep_gemm::GemmType)0, cutlass::bfloat16_t>(float *, int *, unsigned int, unsigned int, unsigned int, CUtensorMap_st, CUtensorMap_st, CUtensorMap_st, CUtensorMap_st)",True,10,0.10416
9,serial_sparse,revisit,q_a_proj,"void deep_gemm::transpose_fp32<(unsigned int)512, (unsigned int)64, (unsigned int)56, (unsigned int)128, (unsigned int)57>(const float *, float *, unsigned int)",False,10,0.018817
9,serial_sparse,revisit,q_absorb,nvjet_sm90_tst_256x128_64x4_2x1_v_bz_coopA_NNT,True,10,0.106496
9,serial_sparse,revisit,q_b_proj,activation_quantization,False,10,0.019072
9,serial_sparse,revisit,q_b_proj,"void deep_gemm::sm90_fp8_gemm_1d2d_impl<(cute::UMMA::Major)0, (unsigned int)0, (unsigned int)24576, (unsigned int)1536, (unsigned int)1, (unsigned int)128, (unsigned int)192, (unsigned int)128, (unsigned int)128, (unsigned int)128, (unsigned int)128, (unsigned int)4, (unsigned int)128, (unsigned int)256, (unsigned int)1, (bool)0, (unsigned int)132, (deep_gemm::GemmType)0, cutlass::bfloat16_t>(float *, int *, unsigned int, unsigned int, unsigned int, CUtensorMap_st, CUtensorMap_st, CUtensorMap_st, CUtensorMap_st)",True,10,0.164929
9,serial_sparse,revisit,q_b_proj,"void deep_gemm::transpose_fp32<(unsigned int)512, (unsigned int)64, (unsigned int)12, (unsigned int)128, (unsigned int)13>(const float *, float *, unsigned int)",False,10,0.014112
9,serial_sparse,revisit,v_expand,nvjet_sm90_tst_128x128_64x6_1x1_h_bz_NNT,True,10,0.108737
11,dense_prefetch,cold,index_k_proj,activation_quantization,False,650,4.561542
11,dense_prefetch,cold,index_k_proj,"void deep_gemm::sm90_fp8_gemm_1d2d_impl<(cute::UMMA::Major)0, (unsigned int)0, (unsigned int)128, (unsigned int)7168, (unsigned int)1, (unsigned int)64, (unsigned int)16, (unsigned int)128, (unsigned int)128, (unsigned int)128, (unsigned int)32, (unsigned int)16, (unsigned int)128, (unsigned int)128, (unsigned int)1, (bool)0, (unsigned int)132, (deep_gemm::GemmType)0, cutlass::bfloat16_t>(float *, int *, unsigned int, unsigned int, unsigned int, CUtensorMap_st, CUtensorMap_st, CUtensorMap_st, CUtensorMap_st)",True,650,6.443892
11,dense_prefetch,cold,index_k_proj,"void deep_gemm::transpose_fp32<(unsigned int)512, (unsigned int)64, (unsigned int)56, (unsigned int)128, (unsigned int)57>(const float *, float *, unsigned int)",False,650,1.343176
11,dense_prefetch,cold,index_q_proj,activation_quantization,False,650,2.421599
11,dense_prefetch,cold,index_q_proj,"void deep_gemm::sm90_fp8_gemm_1d2d_impl<(cute::UMMA::Major)0, (unsigned int)0, (unsigned int)8192, (unsigned int)1536, (unsigned int)1, (unsigned int)256, (unsigned int)128, (unsigned int)128, (unsigned int)128, (unsigned int)128, (unsigned int)128, (unsigned int)3, (unsigned int)128, (unsigned int)256, (unsigned int)2, (bool)1, (unsigned int)132, (deep_gemm::GemmType)0, cutlass::bfloat16_t>(float *, int *, unsigned int, unsigned int, unsigned int, CUtensorMap_st, CUtensorMap_st, CUtensorMap_st, CUtensorMap_st)",True,640,15.376238
11,dense_prefetch,cold,index_q_proj,"void deep_gemm::sm90_fp8_gemm_1d2d_impl<(cute::UMMA::Major)0, (unsigned int)0, (unsigned int)8192, (unsigned int)1536, (unsigned int)1, (unsigned int)64, (unsigned int)128, (unsigned int)128, (unsigned int)128, (unsigned int)128, (unsigned int)128, (unsigned int)8, (unsigned int)128, (unsigned int)128, (unsigned int)1, (bool)0, (unsigned int)132, (deep_gemm::GemmType)0, cutlass::bfloat16_t>(float *, int *, unsigned int, unsigned int, unsigned int, CUtensorMap_st, CUtensorMap_st, CUtensorMap_st, CUtensorMap_st)",True,10,0.080064
11,dense_prefetch,cold,index_q_proj,"void deep_gemm::transpose_fp32<(unsigned int)512, (unsigned int)64, (unsigned int)12, (unsigned int)128, (unsigned int)13>(const float *, float *, unsigned int)",False,650,0.999076
11,dense_prefetch,cold,index_weights_proj,sm80_xmma_gemm_f32f32_f32f32_f32_tn_n_tilesize128x64x8_stage3_warpsize2x2x1_ffma_aligna4_alignc4_execute_kernel__5x_cublas,True,640,21.870867
11,dense_prefetch,cold,index_weights_proj,sm80_xmma_gemm_f32f32_f32f32_f32_tn_n_tilesize128x64x8_stage3_warpsize2x2x1_ffma_aligna4_alignc4_execute_split_k_kernel__5x_cublas,False,640,4.34817
11,dense_prefetch,cold,index_weights_proj,"void cublasLt::splitKreduce_kernel<(int)32, (int)16, int, float, float, float, float, (bool)0, float, float, float, (bool)1, (bool)0, (bool)0, (bool)0>(cublasLt::cublasSplitKParams<T6>, const T4 *, const T10 *, T9 *, T5 *, const T6 *, const T6 *, const T11 *, const T4 *, T11 *, void *, long, T6 *, int *, T6 *, T6 *, const T6 *, const T6 *, const T6 *, const T6 *, const T6 *)",False,10,0.034272
11,dense_prefetch,cold,index_weights_proj,void cutlass::Kernel2<cutlass_80_simt_sgemm_64x64_8x5_tn_align1>(T1::Params),True,10,0.11808
11,dense_prefetch,cold,indexer_qk,"void <unnamed>::elementwise_kernel_with_index<int, at::native::arange_cuda_out(const c10::Scalar &, const c10::Scalar &, const c10::Scalar &, at::Tensor &)::[lambda() (instance 1)]::operator ()() const::[lambda() (instance 3)]::operator ()() const::[lambda(long) (instance 1)]>(T1, T2, function_traits<T2>::result_type *)",False,650,0.523394
11,dense_prefetch,cold,indexer_qk,"void <unnamed>::elementwise_kernel_with_index<int, at::native::arange_cuda_out(const c10::Scalar &, const c10::Scalar &, const c10::Scalar &, at::Tensor &)::[lambda() (instance 1)]::operator ()() const::[lambda() (instance 4)]::operator ()() const::[lambda(long) (instance 1)]>(T1, T2, function_traits<T2>::result_type *)",False,650,0.548165
11,dense_prefetch,cold,indexer_qk,"void at::native::elementwise_kernel<(int)128, (int)2, void at::native::gpu_kernel_impl_nocast<at::native::<unnamed>::masked_fill_kernel(at::TensorIterator &, const c10::Scalar &)::[lambda() (instance 1)]::operator ()() const::[lambda() (instance 7)]::operator ()() const::[lambda(float, bool) (instance 1)]>(at::TensorIteratorBase &, const T1 &)::[lambda(int) (instance 1)]>(int, T3)",False,640,3.168682
11,dense_prefetch,cold,indexer_qk,"void at::native::elementwise_kernel<(int)128, (int)4, void at::native::gpu_kernel_impl<at::native::<unnamed>::CompareFunctor<long>>(at::TensorIteratorBase &, const T1 &)::[lambda(int) (instance 1)]>(int, T3)",False,650,3.861749
11,dense_prefetch,cold,indexer_qk,"void at::native::vectorized_elementwise_kernel<(int)4, at::native::<unnamed>::masked_fill_kernel(at::TensorIterator &, const c10::Scalar &)::[lambda() (instance 1)]::operator ()() const::[lambda() (instance 7)]::operator ()() const::[lambda(float, bool) (instance 1)], std::array<char *, (unsigned long)3>>(int, T2, T3)",False,10,0.027744
11,dense_prefetch,cold,indexer_qk,"void at::native::vectorized_elementwise_kernel<(int)4, at::native::FillFunctor<int>, std::array<char *, (unsigned long)1>>(int, T2, T3)",False,650,0.528869
11,dense_prefetch,cold,indexer_qk,"void deep_gemm::sm90_fp8_mqa_logits<(unsigned int)64, (unsigned int)128, (unsigned int)2, (unsigned int)256, (unsigned int)3, (unsigned int)3, (unsigned int)132, (unsigned int)128, (unsigned int)512, float>(unsigned int, unsigned int, unsigned int, unsigned int *, unsigned int *, T10 *, CUtensorMap_st, CUtensorMap_st, CUtensorMap_st, CUtensorMap_st)",True,650,374.796951
11,dense_prefetch,cold,kv_a_proj,activation_quantization,False,650,5.476536
11,dense_prefetch,cold,kv_a_proj,"void deep_gemm::sm90_fp8_gemm_1d2d_impl<(cute::UMMA::Major)0, (unsigned int)0, (unsigned int)576, (unsigned int)7168, (unsigned int)1, (unsigned int)64, (unsigned int)16, (unsigned int)128, (unsigned int)128, (unsigned int)128, (unsigned int)32, (unsigned int)16, (unsigned int)128, (unsigned int)128, (unsigned int)1, (bool)0, (unsigned int)132, (deep_gemm::GemmType)0, cutlass::bfloat16_t>(float *, int *, unsigned int, unsigned int, unsigned int, CUtensorMap_st, CUtensorMap_st, CUtensorMap_st, CUtensorMap_st)",True,10,0.095456
11,dense_prefetch,cold,kv_a_proj,"void deep_gemm::sm90_fp8_gemm_1d2d_impl<(cute::UMMA::Major)0, (unsigned int)0, (unsigned int)576, (unsigned int)7168, (unsigned int)1, (unsigned int)64, (unsigned int)80, (unsigned int)128, (unsigned int)128, (unsigned int)128, (unsigned int)32, (unsigned int)11, (unsigned int)128, (unsigned int)128, (unsigned int)1, (bool)0, (unsigned int)132, (deep_gemm::GemmType)0, cutlass::bfloat16_t>(float *, int *, unsigned int, unsigned int, unsigned int, CUtensorMap_st, CUtensorMap_st, CUtensorMap_st, CUtensorMap_st)",True,640,11.201673
11,dense_prefetch,cold,kv_a_proj,"void deep_gemm::transpose_fp32<(unsigned int)512, (unsigned int)64, (unsigned int)56, (unsigned int)128, (unsigned int)57>(const float *, float *, unsigned int)",False,650,1.333571
11,dense_prefetch,cold,lm_head,nvjet_sm90_tst_128x8_64x12_2x1_v_bz_TNT,True,2,0.848996
11,dense_prefetch,cold,mla_qk_pv,"void sm90::prefill::sparse_fwd::sparse_attn_fwd_kernel<sm90::prefill::sparse_fwd::KernelTemplate<(int)576, (bool)0>, sm90::prefill::sparse_fwd::KernelTemplate<(int)576, (bool)0>::TmaParams<cute::tuple<int, int, int>, cute::TiledCopy<cute::Copy_Atom<cute::Copy_Traits<cute::SM90_TMA_LOAD, cute::C<(int)65536>, cute::AuxTmaParams<cute::tuple<cute::ScaledBasis<cute::C<(int)1>, (int)1>, cute::ScaledBasis<cute::C<(int)1>, (int)0>, cute::ScaledBasis<cute::C<(int)1>, (int)2>>, const cute::Layout<cute::tuple<cute::C<(int)64>, cute::C<(int)64>, cute::C<(int)1>>, cute::tuple<cute::ScaledBasis<cute::C<(int)1>, (int)1>, cute::ScaledBasis<cute::C<(int)1>, (int)0>, cute::ScaledBasis<cute::C<(int)1>, (int)2>>> &, const cute::Swizzle<(int)3, (int)4, (int)3> &>>, cutlass::bfloat16_t>, cute::Layout<cute::tuple<cute::C<(int)1>, cute::tuple<cute::tuple<cute::tuple<cute::C<(int)64>, cute::C<(int)64>>, cute::C<(int)9>>>>, cute::tuple<cute::C<(int)0>, cute::tuple<cute::tuple<cute::tuple<cute::C<(int)64>, cute::C<(int)1>>, cute::C<(int)4096>>>>>, cute::tuple<cute::C<(int)64>, cute::C<(int)576>>>>>(SparseAttnFwdParams, T2)",True,650,615.324612
11,dense_prefetch,cold,mlp_down,activation_quantization,False,650,9.187727
11,dense_prefetch,cold,mlp_down,"void deep_gemm::sm90_fp8_gemm_1d2d_impl<(cute::UMMA::Major)0, (unsigned int)0, (unsigned int)7168, (unsigned int)18432, (unsigned int)1, (unsigned int)256, (unsigned int)112, (unsigned int)128, (unsigned int)128, (unsigned int)128, (unsigned int)32, (unsigned int)3, (unsigned int)128, (unsigned int)256, (unsigned int)2, (bool)1, (unsigned int)132, (deep_gemm::GemmType)0, cutlass::bfloat16_t>(float *, int *, unsigned int, unsigned int, unsigned int, CUtensorMap_st, CUtensorMap_st, CUtensorMap_st, CUtensorMap_st)",True,640,142.758467
11,dense_prefetch,cold,mlp_down,"void deep_gemm::sm90_fp8_gemm_1d2d_impl<(cute::UMMA::Major)0, (unsigned int)0, (unsigned int)7168, (unsigned int)18432, (unsigned int)1, (unsigned int)64, (unsigned int)112, (unsigned int)128, (unsigned int)128, (unsigned int)128, (unsigned int)32, (unsigned int)9, (unsigned int)128, (unsigned int)128, (unsigned int)1, (bool)0, (unsigned int)132, (deep_gemm::GemmType)0, cutlass::bfloat16_t>(float *, int *, unsigned int, unsigned int, unsigned int, CUtensorMap_st, CUtensorMap_st, CUtensorMap_st, CUtensorMap_st)",True,10,0.514401
11,dense_prefetch,cold,mlp_down,"void deep_gemm::transpose_fp32<(unsigned int)512, (unsigned int)64, (unsigned int)144, (unsigned int)128, (unsigned int)145>(const float *, float *, unsigned int)",False,650,2.877002
11,dense_prefetch,cold,mlp_gate,activation_quantization,False,650,3.251302
11,dense_prefetch,cold,mlp_gate,"void deep_gemm::sm90_fp8_gemm_1d2d_impl<(cute::UMMA::Major)0, (unsigned int)0, (unsigned int)18432, (unsigned int)7168, (unsigned int)1, (unsigned int)128, (unsigned int)144, (unsigned int)128, (unsigned int)128, (unsigned int)128, (unsigned int)32, (unsigned int)5, (unsigned int)128, (unsigned int)256, (unsigned int)1, (bool)0, (unsigned int)132, (deep_gemm::GemmType)0, cutlass::bfloat16_t>(float *, int *, unsigned int, unsigned int, unsigned int, CUtensorMap_st, CUtensorMap_st, CUtensorMap_st, CUtensorMap_st)",True,10,0.393568
11,dense_prefetch,cold,mlp_gate,"void deep_gemm::sm90_fp8_gemm_1d2d_impl<(cute::UMMA::Major)0, (unsigned int)0, (unsigned int)18432, (unsigned int)7168, (unsigned int)1, (unsigned int)256, (unsigned int)112, (unsigned int)128, (unsigned int)128, (unsigned int)128, (unsigned int)32, (unsigned int)3, (unsigned int)128, (unsigned int)256, (unsigned int)2, (bool)1, (unsigned int)132, (deep_gemm::GemmType)0, cutlass::bfloat16_t>(float *, int *, unsigned int, unsigned int, unsigned int, CUtensorMap_st, CUtensorMap_st, CUtensorMap_st, CUtensorMap_st)",True,640,143.532343
11,dense_prefetch,cold,mlp_gate,"void deep_gemm::transpose_fp32<(unsigned int)512, (unsigned int)64, (unsigned int)56, (unsigned int)128, (unsigned int)57>(const float *, float *, unsigned int)",False,650,1.328231
11,dense_prefetch,cold,mlp_up,"void deep_gemm::sm90_fp8_gemm_1d2d_impl<(cute::UMMA::Major)0, (unsigned int)0, (unsigned int)18432, (unsigned int)7168, (unsigned int)1, (unsigned int)128, (unsigned int)144, (unsigned int)128, (unsigned int)128, (unsigned int)128, (unsigned int)32, (unsigned int)5, (unsigned int)128, (unsigned int)256, (unsigned int)1, (bool)0, (unsigned int)132, (deep_gemm::GemmType)0, cutlass::bfloat16_t>(float *, int *, unsigned int, unsigned int, unsigned int, CUtensorMap_st, CUtensorMap_st, CUtensorMap_st, CUtensorMap_st)",True,10,0.394049
11,dense_prefetch,cold,mlp_up,"void deep_gemm::sm90_fp8_gemm_1d2d_impl<(cute::UMMA::Major)0, (unsigned int)0, (unsigned int)18432, (unsigned int)7168, (unsigned int)1, (unsigned int)256, (unsigned int)112, (unsigned int)128, (unsigned int)128, (unsigned int)128, (unsigned int)32, (unsigned int)3, (unsigned int)128, (unsigned int)256, (unsigned int)2, (bool)1, (unsigned int)132, (deep_gemm::GemmType)0, cutlass::bfloat16_t>(float *, int *, unsigned int, unsigned int, unsigned int, CUtensorMap_st, CUtensorMap_st, CUtensorMap_st, CUtensorMap_st)",True,640,142.873039
11,dense_prefetch,cold,mlp_up,"void deep_gemm::transpose_fp32<(unsigned int)512, (unsigned int)64, (unsigned int)56, (unsigned int)128, (unsigned int)57>(const float *, float *, unsigned int)",False,650,1.528933
11,dense_prefetch,cold,o_proj,activation_quantization,False,650,7.772768
11,dense_prefetch,cold,o_proj,"void deep_gemm::sm90_fp8_gemm_1d2d_impl<(cute::UMMA::Major)0, (unsigned int)0, (unsigned int)7168, (unsigned int)16384, (unsigned int)1, (unsigned int)256, (unsigned int)112, (unsigned int)128, (unsigned int)128, (unsigned int)128, (unsigned int)32, (unsigned int)3, (unsigned int)128, (unsigned int)256, (unsigned int)2, (bool)1, (unsigned int)132, (deep_gemm::GemmType)0, cutlass::bfloat16_t>(float *, int *, unsigned int, unsigned int, unsigned int, CUtensorMap_st, CUtensorMap_st, CUtensorMap_st, CUtensorMap_st)",True,640,128.066053
11,dense_prefetch,cold,o_proj,"void deep_gemm::sm90_fp8_gemm_1d2d_impl<(cute::UMMA::Major)0, (unsigned int)0, (unsigned int)7168, (unsigned int)16384, (unsigned int)1, (unsigned int)64, (unsigned int)112, (unsigned int)128, (unsigned int)128, (unsigned int)128, (unsigned int)32, (unsigned int)9, (unsigned int)128, (unsigned int)128, (unsigned int)1, (bool)0, (unsigned int)132, (deep_gemm::GemmType)0, cutlass::bfloat16_t>(float *, int *, unsigned int, unsigned int, unsigned int, CUtensorMap_st, CUtensorMap_st, CUtensorMap_st, CUtensorMap_st)",True,10,0.460898
11,dense_prefetch,cold,o_proj,"void deep_gemm::transpose_fp32<(unsigned int)512, (unsigned int)64, (unsigned int)128, (unsigned int)128, (unsigned int)129>(const float *, float *, unsigned int)",False,650,2.601351
11,dense_prefetch,cold,q_a_proj,activation_quantization,False,650,3.066535
11,dense_prefetch,cold,q_a_proj,"void deep_gemm::sm90_fp8_gemm_1d2d_impl<(cute::UMMA::Major)0, (unsigned int)0, (unsigned int)1536, (unsigned int)7168, (unsigned int)1, (unsigned int)128, (unsigned int)96, (unsigned int)128, (unsigned int)128, (unsigned int)128, (unsigned int)64, (unsigned int)7, (unsigned int)128, (unsigned int)256, (unsigned int)1, (bool)0, (unsigned int)132, (deep_gemm::GemmType)0, cutlass::bfloat16_t>(float *, int *, unsigned int, unsigned int, unsigned int, CUtensorMap_st, CUtensorMap_st, CUtensorMap_st, CUtensorMap_st)",True,640,13.23754
11,dense_prefetch,cold,q_a_proj,"void deep_gemm::sm90_fp8_gemm_1d2d_impl<(cute::UMMA::Major)0, (unsigned int)0, (unsigned int)1536, (unsigned int)7168, (unsigned int)1, (unsigned int)64, (unsigned int)32, (unsigned int)128, (unsigned int)128, (unsigned int)128, (unsigned int)64, (unsigned int)16, (unsigned int)128, (unsigned int)128, (unsigned int)1, (bool)0, (unsigned int)132, (deep_gemm::GemmType)0, cutlass::bfloat16_t>(float *, int *, unsigned int, unsigned int, unsigned int, CUtensorMap_st, CUtensorMap_st, CUtensorMap_st, CUtensorMap_st)",True,10,0.110913
11,dense_prefetch,cold,q_a_proj,"void deep_gemm::transpose_fp32<(unsigned int)512, (unsigned int)64, (unsigned int)56, (unsigned int)128, (unsigned int)57>(const float *, float *, unsigned int)",False,650,1.331394
11,dense_prefetch,cold,q_absorb,nvjet_sm90_tst_256x128_64x4_1x2_h_bz_coopA_NNT,True,640,36.848251
11,dense_prefetch,cold,q_absorb,nvjet_sm90_tst_256x128_64x4_2x1_v_bz_coopA_NNT,True,10,0.109472
11,dense_prefetch,cold,q_b_proj,activation_quantization,False,650,1.472521
11,dense_prefetch,cold,q_b_proj,"void deep_gemm::sm90_fp8_gemm_1d2d_impl<(cute::UMMA::Major)0, (unsigned int)0, (unsigned int)24576, (unsigned int)1536, (unsigned int)1, (unsigned int)128, (unsigned int)192, (unsigned int)128, (unsigned int)128, (unsigned int)128, (unsigned int)128, (unsigned int)4, (unsigned int)128, (unsigned int)256, (unsigned int)1, (bool)0, (unsigned int)132, (deep_gemm::GemmType)0, cutlass::bfloat16_t>(float *, int *, unsigned int, unsigned int, unsigned int, CUtensorMap_st, CUtensorMap_st, CUtensorMap_st, CUtensorMap_st)",True,10,0.172929
11,dense_prefetch,cold,q_b_proj,"void deep_gemm::sm90_fp8_gemm_1d2d_impl<(cute::UMMA::Major)0, (unsigned int)0, (unsigned int)24576, (unsigned int)1536, (unsigned int)1, (unsigned int)256, (unsigned int)128, (unsigned int)128, (unsigned int)128, (unsigned int)128, (unsigned int)128, (unsigned int)3, (unsigned int)128, (unsigned int)256, (unsigned int)2, (bool)1, (unsigned int)132, (deep_gemm::GemmType)0, cutlass::bfloat16_t>(float *, int *, unsigned int, unsigned int, unsigned int, CUtensorMap_st, CUtensorMap_st, CUtensorMap_st, CUtensorMap_st)",True,640,40.294628
11,dense_prefetch,cold,q_b_proj,"void deep_gemm::transpose_fp32<(unsigned int)512, (unsigned int)64, (unsigned int)12, (unsigned int)128, (unsigned int)13>(const float *, float *, unsigned int)",False,650,0.99079
11,dense_prefetch,cold,v_expand,nvjet_sm90_tst_128x128_64x6_1x1_h_bz_NNT,True,10,0.105728
11,dense_prefetch,cold,v_expand,nvjet_sm90_tst_128x256_64x4_1x2_h_bz_coopA_NNN,True,640,32.951563
12,dense_prefetch,revisit,index_k_proj,activation_quantization,False,10,0.028224
12,dense_prefetch,revisit,index_k_proj,"void deep_gemm::sm90_fp8_gemm_1d2d_impl<(cute::UMMA::Major)0, (unsigned int)0, (unsigned int)128, (unsigned int)7168, (unsigned int)1, (unsigned int)64, (unsigned int)16, (unsigned int)128, (unsigned int)128, (unsigned int)128, (unsigned int)32, (unsigned int)16, (unsigned int)128, (unsigned int)128, (unsigned int)1, (bool)0, (unsigned int)132, (deep_gemm::GemmType)0, cutlass::bfloat16_t>(float *, int *, unsigned int, unsigned int, unsigned int, CUtensorMap_st, CUtensorMap_st, CUtensorMap_st, CUtensorMap_st)",True,10,0.089378
12,dense_prefetch,revisit,index_k_proj,"void deep_gemm::transpose_fp32<(unsigned int)512, (unsigned int)64, (unsigned int)56, (unsigned int)128, (unsigned int)57>(const float *, float *, unsigned int)",False,10,0.018816
12,dense_prefetch,revisit,index_q_proj,activation_quantization,False,10,0.026784
12,dense_prefetch,revisit,index_q_proj,"void deep_gemm::sm90_fp8_gemm_1d2d_impl<(cute::UMMA::Major)0, (unsigned int)0, (unsigned int)8192, (unsigned int)1536, (unsigned int)1, (unsigned int)64, (unsigned int)128, (unsigned int)128, (unsigned int)128, (unsigned int)128, (unsigned int)128, (unsigned int)8, (unsigned int)128, (unsigned int)128, (unsigned int)1, (bool)0, (unsigned int)132, (deep_gemm::GemmType)0, cutlass::bfloat16_t>(float *, int *, unsigned int, unsigned int, unsigned int, CUtensorMap_st, CUtensorMap_st, CUtensorMap_st, CUtensorMap_st)",True,10,0.075232
12,dense_prefetch,revisit,index_q_proj,"void deep_gemm::transpose_fp32<(unsigned int)512, (unsigned int)64, (unsigned int)12, (unsigned int)128, (unsigned int)13>(const float *, float *, unsigned int)",False,10,0.014464
12,dense_prefetch,revisit,index_weights_proj,"void cublasLt::splitKreduce_kernel<(int)32, (int)16, int, float, float, float, float, (bool)0, float, float, float, (bool)1, (bool)0, (bool)0, (bool)0>(cublasLt::cublasSplitKParams<T6>, const T4 *, const T10 *, T9 *, T5 *, const T6 *, const T6 *, const T11 *, const T4 *, T11 *, void *, long, T6 *, int *, T6 *, T6 *, const T6 *, const T6 *, const T6 *, const T6 *, const T6 *)",False,10,0.033216
12,dense_prefetch,revisit,index_weights_proj,void cutlass::Kernel2<cutlass_80_simt_sgemm_64x64_8x5_tn_align1>(T1::Params),True,10,0.112065
12,dense_prefetch,revisit,indexer_qk,"void <unnamed>::elementwise_kernel_with_index<int, at::native::arange_cuda_out(const c10::Scalar &, const c10::Scalar &, const c10::Scalar &, at::Tensor &)::[lambda() (instance 1)]::operator ()() const::[lambda() (instance 3)]::operator ()() const::[lambda(long) (instance 1)]>(T1, T2, function_traits<T2>::result_type *)",False,10,0.007232
12,dense_prefetch,revisit,indexer_qk,"void <unnamed>::elementwise_kernel_with_index<int, at::native::arange_cuda_out(const c10::Scalar &, const c10::Scalar &, const c10::Scalar &, at::Tensor &)::[lambda() (instance 1)]::operator ()() const::[lambda() (instance 4)]::operator ()() const::[lambda(long) (instance 1)]>(T1, T2, function_traits<T2>::result_type *)",False,10,0.007456
12,dense_prefetch,revisit,indexer_qk,"void at::native::elementwise_kernel<(int)128, (int)2, void at::native::gpu_kernel_impl_nocast<at::native::<unnamed>::masked_fill_kernel(at::TensorIterator &, const c10::Scalar &)::[lambda() (instance 1)]::operator ()() const::[lambda() (instance 7)]::operator ()() const::[lambda(float, bool) (instance 1)]>(at::TensorIteratorBase &, const T1 &)::[lambda(int) (instance 1)]>(int, T3)",False,10,0.022144
12,dense_prefetch,revisit,indexer_qk,"void at::native::elementwise_kernel<(int)128, (int)4, void at::native::gpu_kernel_impl<at::native::<unnamed>::CompareFunctor<long>>(at::TensorIteratorBase &, const T1 &)::[lambda(int) (instance 1)]>(int, T3)",False,10,0.03184
12,dense_prefetch,revisit,indexer_qk,"void at::native::vectorized_elementwise_kernel<(int)4, at::native::FillFunctor<int>, std::array<char *, (unsigned long)1>>(int, T2, T3)",False,10,0.007872
12,dense_prefetch,revisit,indexer_qk,"void deep_gemm::sm90_fp8_mqa_logits<(unsigned int)64, (unsigned int)128, (unsigned int)2, (unsigned int)256, (unsigned int)3, (unsigned int)3, (unsigned int)132, (unsigned int)128, (unsigned int)512, float>(unsigned int, unsigned int, unsigned int, unsigned int *, unsigned int *, T10 *, CUtensorMap_st, CUtensorMap_st, CUtensorMap_st, CUtensorMap_st)",True,10,2.63662
12,dense_prefetch,revisit,kv_a_proj,activation_quantization,False,10,0.030016
12,dense_prefetch,revisit,kv_a_proj,"void deep_gemm::sm90_fp8_gemm_1d2d_impl<(cute::UMMA::Major)0, (unsigned int)0, (unsigned int)576, (unsigned int)7168, (unsigned int)1, (unsigned int)64, (unsigned int)16, (unsigned int)128, (unsigned int)128, (unsigned int)128, (unsigned int)32, (unsigned int)16, (unsigned int)128, (unsigned int)128, (unsigned int)1, (bool)0, (unsigned int)132, (deep_gemm::GemmType)0, cutlass::bfloat16_t>(float *, int *, unsigned int, unsigned int, unsigned int, CUtensorMap_st, CUtensorMap_st, CUtensorMap_st, CUtensorMap_st)",True,10,0.090146
12,dense_prefetch,revisit,kv_a_proj,"void deep_gemm::transpose_fp32<(unsigned int)512, (unsigned int)64, (unsigned int)56, (unsigned int)128, (unsigned int)57>(const float *, float *, unsigned int)",False,10,0.019009
12,dense_prefetch,revisit,lm_head,nvjet_sm90_tst_128x8_64x12_2x1_v_bz_TNT,True,1,0.423778
12,dense_prefetch,revisit,mla_qk_pv,"void sm90::prefill::sparse_fwd::sparse_attn_fwd_kernel<sm90::prefill::sparse_fwd::KernelTemplate<(int)576, (bool)0>, sm90::prefill::sparse_fwd::KernelTemplate<(int)576, (bool)0>::TmaParams<cute::tuple<int, int, int>, cute::TiledCopy<cute::Copy_Atom<cute::Copy_Traits<cute::SM90_TMA_LOAD, cute::C<(int)65536>, cute::AuxTmaParams<cute::tuple<cute::ScaledBasis<cute::C<(int)1>, (int)1>, cute::ScaledBasis<cute::C<(int)1>, (int)0>, cute::ScaledBasis<cute::C<(int)1>, (int)2>>, const cute::Layout<cute::tuple<cute::C<(int)64>, cute::C<(int)64>, cute::C<(int)1>>, cute::tuple<cute::ScaledBasis<cute::C<(int)1>, (int)1>, cute::ScaledBasis<cute::C<(int)1>, (int)0>, cute::ScaledBasis<cute::C<(int)1>, (int)2>>> &, const cute::Swizzle<(int)3, (int)4, (int)3> &>>, cutlass::bfloat16_t>, cute::Layout<cute::tuple<cute::C<(int)1>, cute::tuple<cute::tuple<cute::tuple<cute::C<(int)64>, cute::C<(int)64>>, cute::C<(int)9>>>>, cute::tuple<cute::C<(int)0>, cute::tuple<cute::tuple<cute::tuple<cute::C<(int)64>, cute::C<(int)1>>, cute::C<(int)4096>>>>>, cute::tuple<cute::C<(int)64>, cute::C<(int)576>>>>>(SparseAttnFwdParams, T2)",True,10,1.211109
12,dense_prefetch,revisit,mlp_down,activation_quantization,False,10,0.024448
12,dense_prefetch,revisit,mlp_down,"void deep_gemm::sm90_fp8_gemm_1d2d_impl<(cute::UMMA::Major)0, (unsigned int)0, (unsigned int)7168, (unsigned int)18432, (unsigned int)1, (unsigned int)64, (unsigned int)112, (unsigned int)128, (unsigned int)128, (unsigned int)128, (unsigned int)32, (unsigned int)9, (unsigned int)128, (unsigned int)128, (unsigned int)1, (bool)0, (unsigned int)132, (deep_gemm::GemmType)0, cutlass::bfloat16_t>(float *, int *, unsigned int, unsigned int, unsigned int, CUtensorMap_st, CUtensorMap_st, CUtensorMap_st, CUtensorMap_st)",True,10,0.487044
12,dense_prefetch,revisit,mlp_down,"void deep_gemm::transpose_fp32<(unsigned int)512, (unsigned int)64, (unsigned int)144, (unsigned int)128, (unsigned int)145>(const float *, float *, unsigned int)",False,10,0.038208
12,dense_prefetch,revisit,mlp_gate,activation_quantization,False,10,0.019936
12,dense_prefetch,revisit,mlp_gate,"void deep_gemm::sm90_fp8_gemm_1d2d_impl<(cute::UMMA::Major)0, (unsigned int)0, (unsigned int)18432, (unsigned int)7168, (unsigned int)1, (unsigned int)128, (unsigned int)144, (unsigned int)128, (unsigned int)128, (unsigned int)128, (unsigned int)32, (unsigned int)5, (unsigned int)128, (unsigned int)256, (unsigned int)1, (bool)0, (unsigned int)132, (deep_gemm::GemmType)0, cutlass::bfloat16_t>(float *, int *, unsigned int, unsigned int, unsigned int, CUtensorMap_st, CUtensorMap_st, CUtensorMap_st, CUtensorMap_st)",True,10,0.384548
12,dense_prefetch,revisit,mlp_gate,"void deep_gemm::transpose_fp32<(unsigned int)512, (unsigned int)64, (unsigned int)56, (unsigned int)128, (unsigned int)57>(const float *, float *, unsigned int)",False,10,0.019296
12,dense_prefetch,revisit,mlp_up,"void deep_gemm::sm90_fp8_gemm_1d2d_impl<(cute::UMMA::Major)0, (unsigned int)0, (unsigned int)18432, (unsigned int)7168, (unsigned int)1, (unsigned int)128, (unsigned int)144, (unsigned int)128, (unsigned int)128, (unsigned int)128, (unsigned int)32, (unsigned int)5, (unsigned int)128, (unsigned int)256, (unsigned int)1, (bool)0, (unsigned int)132, (deep_gemm::GemmType)0, cutlass::bfloat16_t>(float *, int *, unsigned int, unsigned int, unsigned int, CUtensorMap_st, CUtensorMap_st, CUtensorMap_st, CUtensorMap_st)",True,10,0.381505
12,dense_prefetch,revisit,mlp_up,"void deep_gemm::transpose_fp32<(unsigned int)512, (unsigned int)64, (unsigned int)56, (unsigned int)128, (unsigned int)57>(const float *, float *, unsigned int)",False,10,0.022176
12,dense_prefetch,revisit,o_proj,activation_quantization,False,10,0.027392
12,dense_prefetch,revisit,o_proj,"void deep_gemm::sm90_fp8_gemm_1d2d_impl<(cute::UMMA::Major)0, (unsigned int)0, (unsigned int)7168, (unsigned int)16384, (unsigned int)1, (unsigned int)64, (unsigned int)112, (unsigned int)128, (unsigned int)128, (unsigned int)128, (unsigned int)32, (unsigned int)9, (unsigned int)128, (unsigned int)128, (unsigned int)1, (bool)0, (unsigned int)132, (deep_gemm::GemmType)0, cutlass::bfloat16_t>(float *, int *, unsigned int, unsigned int, unsigned int, CUtensorMap_st, CUtensorMap_st, CUtensorMap_st, CUtensorMap_st)",True,10,0.43197
12,dense_prefetch,revisit,o_proj,"void deep_gemm::transpose_fp32<(unsigned int)512, (unsigned int)64, (unsigned int)128, (unsigned int)128, (unsigned int)129>(const float *, float *, unsigned int)",False,10,0.035584
12,dense_prefetch,revisit,q_a_proj,activation_quantization,False,10,0.019552
12,dense_prefetch,revisit,q_a_proj,"void deep_gemm::sm90_fp8_gemm_1d2d_impl<(cute::UMMA::Major)0, (unsigned int)0, (unsigned int)1536, (unsigned int)7168, (unsigned int)1, (unsigned int)64, (unsigned int)32, (unsigned int)128, (unsigned int)128, (unsigned int)128, (unsigned int)64, (unsigned int)16, (unsigned int)128, (unsigned int)128, (unsigned int)1, (bool)0, (unsigned int)132, (deep_gemm::GemmType)0, cutlass::bfloat16_t>(float *, int *, unsigned int, unsigned int, unsigned int, CUtensorMap_st, CUtensorMap_st, CUtensorMap_st, CUtensorMap_st)",True,10,0.108416
12,dense_prefetch,revisit,q_a_proj,"void deep_gemm::transpose_fp32<(unsigned int)512, (unsigned int)64, (unsigned int)56, (unsigned int)128, (unsigned int)57>(const float *, float *, unsigned int)",False,10,0.018752
12,dense_prefetch,revisit,q_absorb,nvjet_sm90_tst_256x128_64x4_2x1_v_bz_coopA_NNT,True,10,0.110368
12,dense_prefetch,revisit,q_b_proj,activation_quantization,False,10,0.019008
12,dense_prefetch,revisit,q_b_proj,"void deep_gemm::sm90_fp8_gemm_1d2d_impl<(cute::UMMA::Major)0, (unsigned int)0, (unsigned int)24576, (unsigned int)1536, (unsigned int)1, (unsigned int)128, (unsigned int)192, (unsigned int)128, (unsigned int)128, (unsigned int)128, (unsigned int)128, (unsigned int)4, (unsigned int)128, (unsigned int)256, (unsigned int)1, (bool)0, (unsigned int)132, (deep_gemm::GemmType)0, cutlass::bfloat16_t>(float *, int *, unsigned int, unsigned int, unsigned int, CUtensorMap_st, CUtensorMap_st, CUtensorMap_st, CUtensorMap_st)",True,10,0.169856
12,dense_prefetch,revisit,q_b_proj,"void deep_gemm::transpose_fp32<(unsigned int)512, (unsigned int)64, (unsigned int)12, (unsigned int)128, (unsigned int)13>(const float *, float *, unsigned int)",False,10,0.014144
12,dense_prefetch,revisit,v_expand,nvjet_sm90_tst_128x128_64x6_1x1_h_bz_NNT,True,10,0.10461
