capture_index,scheme,phase,segment,stage,name,count,duration_sum_ms
2,hbm,cold,admission,prefix_pool_acquire,"void at::native::vectorized_elementwise_kernel<(int)4, at::native::FillFunctor<int>, std::array<char *, (unsigned long)1>>(int, T2, T3)",10,0.009632
2,hbm,cold,admission,prefix_pool_acquire,"void at::native::vectorized_elementwise_kernel<(int)2, at::native::FillFunctor<long>, std::array<char *, (unsigned long)1>>(int, T2, T3)",20,0.017696
2,hbm,cold,admission,prefix_pool_acquire,"void at::native::vectorized_elementwise_kernel<(int)4, at::native::FillFunctor<float>, std::array<char *, (unsigned long)1>>(int, T2, T3)",10,0.007648
2,hbm,cold,history,forward,"void at::native::reduce_kernel<(int)512, (int)1, at::native::ReduceOp<long, at::native::func_wrapper_t<long, at::native::MinNanFunctor<long>>, unsigned int, long, (int)4, (int)4>>(T3)",1,0.016704
2,hbm,cold,history,forward,"void at::native::reduce_kernel<(int)512, (int)1, at::native::ReduceOp<long, at::native::func_wrapper_t<long, at::native::MaxNanFunctor<long>>, unsigned int, long, (int)4, (int)4>>(T3)",1,0.00896
2,hbm,cold,history,embedding,"void at::native::vectorized_gather_kernel<(int)16, long>(char *, char *, T2 *, int, long, long, long, long, bool)",64,0.469505
2,hbm,cold,history,compute_graph_projection_inputs,"void at::native::vectorized_elementwise_kernel<(int)2, at::native::FillFunctor<long>, std::array<char *, (unsigned long)1>>(int, T2, T3)",640,0.523105
2,hbm,cold,history,compute_graph_projection_layer_0_q_1024,kernel_cutlass_kernel_operatorsdeepseek_v32norm_plainLocalPlainRMSNorm_object_at__tensorptrbf16gmemalign128oi64716871681_tensorptrf32gmemalign16o71681_tensorptrbf16gmemalign128oi647168716_0,64,0.556768
2,hbm,cold,history,compute_graph_projection_layer_0_q_1024,"void at::native::elementwise_kernel<(int)128, (int)2, void at::native::gpu_kernel_impl_nocast<at::native::CUDAFunctor_add<long>>(at::TensorIteratorBase &, const T1 &)::[lambda(int) (instance 1)]>(int, T3)",64,0.136097
2,hbm,cold,history,compute_graph_projection_layer_0_q_1024,"void at::native::unrolled_elementwise_kernel<at::native::direct_copy_kernel_cuda(at::TensorIteratorBase &)::[lambda() (instance 3)]::operator ()() const::[lambda() (instance 7)]::operator ()() const::[lambda(float) (instance 1)], std::array<char *, (unsigned long)2>, (int)4, TrivialOffsetCalculator<(int)1, unsigned int>, TrivialOffsetCalculator<(int)1, unsigned int>, at::native::memory::LoadWithCast<(int)1>, at::native::memory::StoreWithCast<(int)1>>(int, T1, T2, T4, T5, T6, T7)",192,1.893581
2,hbm,cold,history,compute_graph_projection_layer_0_q_1024,kernel_cutlass_kernel_operatorsdeepseek_v32norm_plainLocalPlainRMSNorm_object_at__tensorptrbf16gmemalign128oi64153615361_tensorptrf32gmemalign16o15361_tensorptrbf16gmemalign128oi641536153_0,64,0.197697
2,hbm,cold,history,compute_graph_projection_layer_0_q_1024,"void at::native::elementwise_kernel<(int)128, (int)2, void at::native::gpu_kernel_impl_nocast<at::native::BinaryFunctor<float, float, float, at::native::binary_internal::MulFunctor<float>>>(at::TensorIteratorBase &, const T1 &)::[lambda(int) (instance 1)]>(int, T3)",64,0.11408
2,hbm,cold,history,compute_graph_projection_layer_0_q_1024,"void <unnamed>::elementwise_kernel_with_index<int, at::native::arange_cuda_out(const c10::Scalar &, const c10::Scalar &, const c10::Scalar &, at::Tensor &)::[lambda() (instance 1)]::operator ()() const::[lambda() (instance 4)]::operator ()() const::[lambda(long) (instance 1)]>(T1, T2, function_traits<T2>::result_type *)",64,0.05296
2,hbm,cold,history,compute_graph_projection_layer_0_q_1024,"void at::native::vectorized_elementwise_kernel<(int)4, at::native::cos_kernel_cuda(at::TensorIteratorBase &)::[lambda() (instance 2)]::operator ()() const::[lambda() (instance 2)]::operator ()() const::[lambda(float) (instance 1)], std::array<char *, (unsigned long)2>>(int, T2, T3)",64,0.125473
2,hbm,cold,history,compute_graph_projection_layer_0_q_1024,"void at::native::vectorized_elementwise_kernel<(int)4, at::native::sin_kernel_cuda(at::TensorIteratorBase &)::[lambda() (instance 2)]::operator ()() const::[lambda() (instance 2)]::operator ()() const::[lambda(float) (instance 1)], std::array<char *, (unsigned long)2>>(int, T2, T3)",64,0.120992
2,hbm,cold,history,compute_graph_projection_layer_0_q_1024,"void at::native::<unnamed>::CatArrayBatchedCopy_vectorized<at::native::<unnamed>::OpaqueType<(unsigned int)4>, unsigned int, (int)2, (int)128, (int)1, (int)16, (int)4>(char *, at::native::<unnamed>::CatArrInputTensorMetadata<T1, T2, T4, T5>, at::native::<unnamed>::TensorSizeStride<T2, (unsigned int)4>, int, T2)",64,0.098688
2,hbm,cold,history,compute_graph_projection_layer_0_q_1024,"void at::native::elementwise_kernel<(int)128, (int)4, void at::native::gpu_kernel_impl_nocast<at::native::direct_copy_kernel_cuda(at::TensorIteratorBase &)::[lambda() (instance 3)]::operator ()() const::[lambda() (instance 12)]::operator ()() const::[lambda(c10::BFloat16) (instance 1)]>(at::TensorIteratorBase &, const T1 &)::[lambda(int) (instance 1)]>(int, T3)",64,0.168
2,hbm,cold,history,compute_graph_projection_layer_0_q_1024,kernel_cutlass_kernel_operatorsdeepseek_v32norm_plainLocalPlainRMSNorm_object_at__tensorptrbf16gmemalign128oi645125121_tensorptrf32gmemalign16o5121_tensorptrbf16gmemalign128oi645125121____0,64,0.117792
2,hbm,cold,history,compute_graph_projection_layer_0_q_1024,"void flashinfer::BatchQKApplyRotaryPosIdsCosSinCacheHeadParallelismKernel<(bool)1, (unsigned int)64, (unsigned int)8, (unsigned int)8, __nv_bfloat16, long>(T5 *, T5 *, T5 *, T5 *, float *, T6 *, unsigned int, unsigned int, unsigned int, unsigned int, unsigned long, unsigned long, unsigned long, unsigned long, unsigned long, unsigned long, unsigned long, unsigned long)",64,0.707486
2,hbm,cold,history,compute_graph_projection_layer_0_q_1024,"void at::native::<unnamed>::vectorized_layer_norm_kernel<float, float, (bool)0>(int, T2, const T1 *, const T1 *, const T1 *, T2 *, T2 *, T1 *)",64,0.230498
2,hbm,cold,history,compute_graph_projection_layer_0_q_1024,"void at::native::vectorized_elementwise_kernel<(int)8, at::native::bfloat16_copy_kernel_cuda(at::TensorIteratorBase &)::[lambda(float) (instance 1)], std::array<char *, (unsigned long)2>>(int, T2, T3)",64,0.089568
2,hbm,cold,history,compute_graph_projection_layer_0_q_1024,"void flashinfer::BatchQKApplyRotaryPosIdsCosSinCacheHeadParallelismKernel<(bool)0, (unsigned int)128, (unsigned int)8, (unsigned int)16, __nv_bfloat16, long>(T5 *, T5 *, T5 *, T5 *, float *, T6 *, unsigned int, unsigned int, unsigned int, unsigned int, unsigned long, unsigned long, unsigned long, unsigned long, unsigned long, unsigned long, unsigned long, unsigned long)",64,0.708324
2,hbm,cold,history,compute_graph_projection_layer_0_q_1024,quantize_kernel,128,0.446975
2,hbm,cold,history,compute_graph_projection_layer_0_q_1024,"void at::native::vectorized_elementwise_kernel<(int)4, at::native::AUnaryFunctor<float, float, float, at::native::binary_internal::MulFunctor<float>>, std::array<char *, (unsigned long)2>>(int, T2, T3)",128,0.149952
2,hbm,cold,history,compute_graph_projection_layer_0_q_1024,"void at::native::vectorized_elementwise_kernel<(int)4, at::native::BinaryFunctor<float, float, float, at::native::binary_internal::MulFunctor<float>>, std::array<char *, (unsigned long)3>>(int, T2, T3)",64,0.11024
2,hbm,cold,history,compute_graph_projection_layer_0_q_1024,"void at::native::<unnamed>::CatArrayBatchedCopy_vectorized<at::native::<unnamed>::OpaqueType<(unsigned int)2>, unsigned int, (int)2, (int)128, (int)1, (int)16, (int)8>(char *, at::native::<unnamed>::CatArrInputTensorMetadata<T1, T2, T4, T5>, at::native::<unnamed>::TensorSizeStride<T2, (unsigned int)4>, int, T2)",64,0.171456
2,hbm,cold,history,exact_topk,"void flashinfer::sampling::FilteredTopKUnifiedKernel<float, int, (int)4, (bool)1, (flashinfer::sampling::FilteredTopKMode)0, (flashinfer::sampling::TopKTieBreak)1, flashinfer::sampling::DirectPageTableKernelPolicy<int>, >(const T1 *, T2 *, T1 *, const T2 *, long, const T2 *, const T2 *, const T2 *, const T2 *, unsigned int, unsigned int, unsigned int, T8...)",640,108.208635
2,hbm,cold,history,exact_topk,"void flashinfer::sampling::FinalizeTopKIndicesKernel<(bool)1, (flashinfer::sampling::FilteredTopKMode)0, (unsigned int)128, (unsigned int)8, float, int, flashinfer::sampling::DirectPageTableKernelPolicy<int>, >(T6 *, T5 *, const T6 *, long, const T6 *, const T6 *, unsigned int, unsigned int, T8...)",10,0.252737
2,hbm,cold,history,exact_topk,"void flashinfer::sampling::StableSortTopKByValueKernel<(unsigned int)128, (unsigned int)8, int, float>(T3 *, T4 *, unsigned int, unsigned int)",10,0.328608
2,hbm,cold,history,exact_topk,mask_kernel,640,1.650531
2,hbm,cold,history,cache_append,"void <unnamed>::elementwise_kernel_with_index<int, at::native::arange_cuda_out(const c10::Scalar &, const c10::Scalar &, const c10::Scalar &, at::Tensor &)::[lambda() (instance 1)]::operator ()() const::[lambda() (instance 4)]::operator ()() const::[lambda(long) (instance 1)]>(T1, T2, function_traits<T2>::result_type *)",640,0.507073
2,hbm,cold,history,cache_append,"void at::native::unrolled_elementwise_kernel<at::native::direct_copy_kernel_cuda(at::TensorIteratorBase &)::[lambda() (instance 3)]::operator ()() const::[lambda() (instance 3)]::operator ()() const::[lambda(int) (instance 1)], std::array<char *, (unsigned long)2>, (int)4, TrivialOffsetCalculator<(int)1, unsigned int>, TrivialOffsetCalculator<(int)1, unsigned int>, at::native::memory::LoadWithCast<(int)1>, at::native::memory::StoreWithCast<(int)1>>(int, T1, T2, T4, T5, T6, T7)",640,1.125028
2,hbm,cold,history,compute_graph_finish_layer_0_q_1024,kernel_cutlass_kernel_operatorsdeepseek_v32norm_fusedLocalFusedRMSNorm_object_at__tensorptrbf16gmemalign128oi64716871681_tensorptrbf16gmemalign128oi64716871681_tensorptrf32gmemalign16o716_0,64,0.924474
2,hbm,cold,history,compute_graph_finish_layer_0_q_1024,"void flashinfer::activation::act_and_mul_kernel<__nv_bfloat16, &silu>(T1 *, const T1 *, int)",64,1.867611
2,hbm,cold,history,compute_graph_projection_layer_1_q_1024,kernel_cutlass_kernel_operatorsdeepseek_v32norm_fusedLocalFusedRMSNorm_object_at__tensorptrbf16gmemalign128oi64716871681_tensorptrbf16gmemalign128oi64716871681_tensorptrf32gmemalign16o716_0,64,0.949045
2,hbm,cold,history,compute_graph_projection_layer_1_q_1024,"void at::native::elementwise_kernel<(int)128, (int)2, void at::native::gpu_kernel_impl_nocast<at::native::CUDAFunctor_add<long>>(at::TensorIteratorBase &, const T1 &)::[lambda(int) (instance 1)]>(int, T3)",64,0.136089
2,hbm,cold,history,compute_graph_projection_layer_1_q_1024,"void at::native::unrolled_elementwise_kernel<at::native::direct_copy_kernel_cuda(at::TensorIteratorBase &)::[lambda() (instance 3)]::operator ()() const::[lambda() (instance 7)]::operator ()() const::[lambda(float) (instance 1)], std::array<char *, (unsigned long)2>, (int)4, TrivialOffsetCalculator<(int)1, unsigned int>, TrivialOffsetCalculator<(int)1, unsigned int>, at::native::memory::LoadWithCast<(int)1>, at::native::memory::StoreWithCast<(int)1>>(int, T1, T2, T4, T5, T6, T7)",192,1.873942
2,hbm,cold,history,compute_graph_projection_layer_1_q_1024,kernel_cutlass_kernel_operatorsdeepseek_v32norm_plainLocalPlainRMSNorm_object_at__tensorptrbf16gmemalign128oi64153615361_tensorptrf32gmemalign16o15361_tensorptrbf16gmemalign128oi641536153_0,64,0.193409
2,hbm,cold,history,compute_graph_projection_layer_1_q_1024,"void at::native::elementwise_kernel<(int)128, (int)2, void at::native::gpu_kernel_impl_nocast<at::native::BinaryFunctor<float, float, float, at::native::binary_internal::MulFunctor<float>>>(at::TensorIteratorBase &, const T1 &)::[lambda(int) (instance 1)]>(int, T3)",64,0.121472
2,hbm,cold,history,compute_graph_projection_layer_1_q_1024,"void <unnamed>::elementwise_kernel_with_index<int, at::native::arange_cuda_out(const c10::Scalar &, const c10::Scalar &, const c10::Scalar &, at::Tensor &)::[lambda() (instance 1)]::operator ()() const::[lambda() (instance 4)]::operator ()() const::[lambda(long) (instance 1)]>(T1, T2, function_traits<T2>::result_type *)",64,0.053216
2,hbm,cold,history,compute_graph_projection_layer_1_q_1024,"void at::native::vectorized_elementwise_kernel<(int)4, at::native::cos_kernel_cuda(at::TensorIteratorBase &)::[lambda() (instance 2)]::operator ()() const::[lambda() (instance 2)]::operator ()() const::[lambda(float) (instance 1)], std::array<char *, (unsigned long)2>>(int, T2, T3)",64,0.125536
2,hbm,cold,history,compute_graph_projection_layer_1_q_1024,"void at::native::vectorized_elementwise_kernel<(int)4, at::native::sin_kernel_cuda(at::TensorIteratorBase &)::[lambda() (instance 2)]::operator ()() const::[lambda() (instance 2)]::operator ()() const::[lambda(float) (instance 1)], std::array<char *, (unsigned long)2>>(int, T2, T3)",64,0.120224
2,hbm,cold,history,compute_graph_projection_layer_1_q_1024,"void at::native::<unnamed>::CatArrayBatchedCopy_vectorized<at::native::<unnamed>::OpaqueType<(unsigned int)4>, unsigned int, (int)2, (int)128, (int)1, (int)16, (int)4>(char *, at::native::<unnamed>::CatArrInputTensorMetadata<T1, T2, T4, T5>, at::native::<unnamed>::TensorSizeStride<T2, (unsigned int)4>, int, T2)",64,0.097984
2,hbm,cold,history,compute_graph_projection_layer_1_q_1024,"void at::native::elementwise_kernel<(int)128, (int)4, void at::native::gpu_kernel_impl_nocast<at::native::direct_copy_kernel_cuda(at::TensorIteratorBase &)::[lambda() (instance 3)]::operator ()() const::[lambda() (instance 12)]::operator ()() const::[lambda(c10::BFloat16) (instance 1)]>(at::TensorIteratorBase &, const T1 &)::[lambda(int) (instance 1)]>(int, T3)",64,0.171905
2,hbm,cold,history,compute_graph_projection_layer_1_q_1024,kernel_cutlass_kernel_operatorsdeepseek_v32norm_plainLocalPlainRMSNorm_object_at__tensorptrbf16gmemalign128oi645125121_tensorptrf32gmemalign16o5121_tensorptrbf16gmemalign128oi645125121____0,64,0.119617
2,hbm,cold,history,compute_graph_projection_layer_1_q_1024,"void flashinfer::BatchQKApplyRotaryPosIdsCosSinCacheHeadParallelismKernel<(bool)1, (unsigned int)64, (unsigned int)8, (unsigned int)8, __nv_bfloat16, long>(T5 *, T5 *, T5 *, T5 *, float *, T6 *, unsigned int, unsigned int, unsigned int, unsigned int, unsigned long, unsigned long, unsigned long, unsigned long, unsigned long, unsigned long, unsigned long, unsigned long)",64,0.705305
2,hbm,cold,history,compute_graph_projection_layer_1_q_1024,"void at::native::<unnamed>::vectorized_layer_norm_kernel<float, float, (bool)0>(int, T2, const T1 *, const T1 *, const T1 *, T2 *, T2 *, T1 *)",64,0.234592
2,hbm,cold,history,compute_graph_projection_layer_1_q_1024,"void at::native::vectorized_elementwise_kernel<(int)8, at::native::bfloat16_copy_kernel_cuda(at::TensorIteratorBase &)::[lambda(float) (instance 1)], std::array<char *, (unsigned long)2>>(int, T2, T3)",64,0.090176
2,hbm,cold,history,compute_graph_projection_layer_1_q_1024,"void flashinfer::BatchQKApplyRotaryPosIdsCosSinCacheHeadParallelismKernel<(bool)0, (unsigned int)128, (unsigned int)8, (unsigned int)16, __nv_bfloat16, long>(T5 *, T5 *, T5 *, T5 *, float *, T6 *, unsigned int, unsigned int, unsigned int, unsigned int, unsigned long, unsigned long, unsigned long, unsigned long, unsigned long, unsigned long, unsigned long, unsigned long)",64,0.712896
2,hbm,cold,history,compute_graph_projection_layer_1_q_1024,quantize_kernel,128,0.463832
2,hbm,cold,history,compute_graph_projection_layer_1_q_1024,"void at::native::vectorized_elementwise_kernel<(int)4, at::native::AUnaryFunctor<float, float, float, at::native::binary_internal::MulFunctor<float>>, std::array<char *, (unsigned long)2>>(int, T2, T3)",128,0.153697
2,hbm,cold,history,compute_graph_projection_layer_1_q_1024,"void at::native::vectorized_elementwise_kernel<(int)4, at::native::BinaryFunctor<float, float, float, at::native::binary_internal::MulFunctor<float>>, std::array<char *, (unsigned long)3>>(int, T2, T3)",64,0.115169
2,hbm,cold,history,compute_graph_projection_layer_1_q_1024,"void at::native::<unnamed>::CatArrayBatchedCopy_vectorized<at::native::<unnamed>::OpaqueType<(unsigned int)2>, unsigned int, (int)2, (int)128, (int)1, (int)16, (int)8>(char *, at::native::<unnamed>::CatArrInputTensorMetadata<T1, T2, T4, T5>, at::native::<unnamed>::TensorSizeStride<T2, (unsigned int)4>, int, T2)",64,0.173794
2,hbm,cold,history,compute_graph_finish_layer_1_q_1024,kernel_cutlass_kernel_operatorsdeepseek_v32norm_fusedLocalFusedRMSNorm_object_at__tensorptrbf16gmemalign128oi64716871681_tensorptrbf16gmemalign128oi64716871681_tensorptrf32gmemalign16o716_0,64,0.926104
2,hbm,cold,history,compute_graph_finish_layer_1_q_1024,"void flashinfer::activation::act_and_mul_kernel<__nv_bfloat16, &silu>(T1 *, const T1 *, int)",64,1.868099
2,hbm,cold,history,compute_graph_projection_layer_2_q_1024,kernel_cutlass_kernel_operatorsdeepseek_v32norm_fusedLocalFusedRMSNorm_object_at__tensorptrbf16gmemalign128oi64716871681_tensorptrbf16gmemalign128oi64716871681_tensorptrf32gmemalign16o716_0,64,0.954832
2,hbm,cold,history,compute_graph_projection_layer_2_q_1024,"void at::native::elementwise_kernel<(int)128, (int)2, void at::native::gpu_kernel_impl_nocast<at::native::CUDAFunctor_add<long>>(at::TensorIteratorBase &, const T1 &)::[lambda(int) (instance 1)]>(int, T3)",64,0.137626
2,hbm,cold,history,compute_graph_projection_layer_2_q_1024,"void at::native::unrolled_elementwise_kernel<at::native::direct_copy_kernel_cuda(at::TensorIteratorBase &)::[lambda() (instance 3)]::operator ()() const::[lambda() (instance 7)]::operator ()() const::[lambda(float) (instance 1)], std::array<char *, (unsigned long)2>, (int)4, TrivialOffsetCalculator<(int)1, unsigned int>, TrivialOffsetCalculator<(int)1, unsigned int>, at::native::memory::LoadWithCast<(int)1>, at::native::memory::StoreWithCast<(int)1>>(int, T1, T2, T4, T5, T6, T7)",192,1.881405
2,hbm,cold,history,compute_graph_projection_layer_2_q_1024,kernel_cutlass_kernel_operatorsdeepseek_v32norm_plainLocalPlainRMSNorm_object_at__tensorptrbf16gmemalign128oi64153615361_tensorptrf32gmemalign16o15361_tensorptrbf16gmemalign128oi641536153_0,64,0.197152
2,hbm,cold,history,compute_graph_projection_layer_2_q_1024,"void at::native::elementwise_kernel<(int)128, (int)2, void at::native::gpu_kernel_impl_nocast<at::native::BinaryFunctor<float, float, float, at::native::binary_internal::MulFunctor<float>>>(at::TensorIteratorBase &, const T1 &)::[lambda(int) (instance 1)]>(int, T3)",64,0.11248
2,hbm,cold,history,compute_graph_projection_layer_2_q_1024,"void <unnamed>::elementwise_kernel_with_index<int, at::native::arange_cuda_out(const c10::Scalar &, const c10::Scalar &, const c10::Scalar &, at::Tensor &)::[lambda() (instance 1)]::operator ()() const::[lambda() (instance 4)]::operator ()() const::[lambda(long) (instance 1)]>(T1, T2, function_traits<T2>::result_type *)",64,0.055424
2,hbm,cold,history,compute_graph_projection_layer_2_q_1024,"void at::native::vectorized_elementwise_kernel<(int)4, at::native::cos_kernel_cuda(at::TensorIteratorBase &)::[lambda() (instance 2)]::operator ()() const::[lambda() (instance 2)]::operator ()() const::[lambda(float) (instance 1)], std::array<char *, (unsigned long)2>>(int, T2, T3)",64,0.127424
2,hbm,cold,history,compute_graph_projection_layer_2_q_1024,"void at::native::vectorized_elementwise_kernel<(int)4, at::native::sin_kernel_cuda(at::TensorIteratorBase &)::[lambda() (instance 2)]::operator ()() const::[lambda() (instance 2)]::operator ()() const::[lambda(float) (instance 1)], std::array<char *, (unsigned long)2>>(int, T2, T3)",64,0.124064
2,hbm,cold,history,compute_graph_projection_layer_2_q_1024,"void at::native::<unnamed>::CatArrayBatchedCopy_vectorized<at::native::<unnamed>::OpaqueType<(unsigned int)4>, unsigned int, (int)2, (int)128, (int)1, (int)16, (int)4>(char *, at::native::<unnamed>::CatArrInputTensorMetadata<T1, T2, T4, T5>, at::native::<unnamed>::TensorSizeStride<T2, (unsigned int)4>, int, T2)",64,0.100896
2,hbm,cold,history,compute_graph_projection_layer_2_q_1024,"void at::native::elementwise_kernel<(int)128, (int)4, void at::native::gpu_kernel_impl_nocast<at::native::direct_copy_kernel_cuda(at::TensorIteratorBase &)::[lambda() (instance 3)]::operator ()() const::[lambda() (instance 12)]::operator ()() const::[lambda(c10::BFloat16) (instance 1)]>(at::TensorIteratorBase &, const T1 &)::[lambda(int) (instance 1)]>(int, T3)",64,0.171713
2,hbm,cold,history,compute_graph_projection_layer_2_q_1024,kernel_cutlass_kernel_operatorsdeepseek_v32norm_plainLocalPlainRMSNorm_object_at__tensorptrbf16gmemalign128oi645125121_tensorptrf32gmemalign16o5121_tensorptrbf16gmemalign128oi645125121____0,64,0.117824
2,hbm,cold,history,compute_graph_projection_layer_2_q_1024,"void flashinfer::BatchQKApplyRotaryPosIdsCosSinCacheHeadParallelismKernel<(bool)1, (unsigned int)64, (unsigned int)8, (unsigned int)8, __nv_bfloat16, long>(T5 *, T5 *, T5 *, T5 *, float *, T6 *, unsigned int, unsigned int, unsigned int, unsigned int, unsigned long, unsigned long, unsigned long, unsigned long, unsigned long, unsigned long, unsigned long, unsigned long)",64,0.697791
2,hbm,cold,history,compute_graph_projection_layer_2_q_1024,"void at::native::<unnamed>::vectorized_layer_norm_kernel<float, float, (bool)0>(int, T2, const T1 *, const T1 *, const T1 *, T2 *, T2 *, T1 *)",64,0.228992
2,hbm,cold,history,compute_graph_projection_layer_2_q_1024,"void at::native::vectorized_elementwise_kernel<(int)8, at::native::bfloat16_copy_kernel_cuda(at::TensorIteratorBase &)::[lambda(float) (instance 1)], std::array<char *, (unsigned long)2>>(int, T2, T3)",64,0.086688
2,hbm,cold,history,compute_graph_projection_layer_2_q_1024,"void flashinfer::BatchQKApplyRotaryPosIdsCosSinCacheHeadParallelismKernel<(bool)0, (unsigned int)128, (unsigned int)8, (unsigned int)16, __nv_bfloat16, long>(T5 *, T5 *, T5 *, T5 *, float *, T6 *, unsigned int, unsigned int, unsigned int, unsigned int, unsigned long, unsigned long, unsigned long, unsigned long, unsigned long, unsigned long, unsigned long, unsigned long)",64,0.705206
2,hbm,cold,history,compute_graph_projection_layer_2_q_1024,quantize_kernel,128,0.434719
2,hbm,cold,history,compute_graph_projection_layer_2_q_1024,"void at::native::vectorized_elementwise_kernel<(int)4, at::native::AUnaryFunctor<float, float, float, at::native::binary_internal::MulFunctor<float>>, std::array<char *, (unsigned long)2>>(int, T2, T3)",128,0.154272
2,hbm,cold,history,compute_graph_projection_layer_2_q_1024,"void at::native::vectorized_elementwise_kernel<(int)4, at::native::BinaryFunctor<float, float, float, at::native::binary_internal::MulFunctor<float>>, std::array<char *, (unsigned long)3>>(int, T2, T3)",64,0.11376
2,hbm,cold,history,compute_graph_projection_layer_2_q_1024,"void at::native::<unnamed>::CatArrayBatchedCopy_vectorized<at::native::<unnamed>::OpaqueType<(unsigned int)2>, unsigned int, (int)2, (int)128, (int)1, (int)16, (int)8>(char *, at::native::<unnamed>::CatArrInputTensorMetadata<T1, T2, T4, T5>, at::native::<unnamed>::TensorSizeStride<T2, (unsigned int)4>, int, T2)",64,0.172416
2,hbm,cold,history,compute_graph_finish_layer_2_q_1024,kernel_cutlass_kernel_operatorsdeepseek_v32norm_fusedLocalFusedRMSNorm_object_at__tensorptrbf16gmemalign128oi64716871681_tensorptrbf16gmemalign128oi64716871681_tensorptrf32gmemalign16o716_0,64,0.935128
2,hbm,cold,history,compute_graph_finish_layer_2_q_1024,"void flashinfer::activation::act_and_mul_kernel<__nv_bfloat16, &silu>(T1 *, const T1 *, int)",64,1.869283
2,hbm,cold,history,compute_graph_projection_layer_3_q_1024,kernel_cutlass_kernel_operatorsdeepseek_v32norm_plainLocalPlainRMSNorm_object_at__tensorptrbf16gmemalign128oi64716871681_tensorptrf32gmemalign16o71681_tensorptrbf16gmemalign128oi647168716_0,64,0.548025
2,hbm,cold,history,compute_graph_projection_layer_3_q_1024,"void at::native::elementwise_kernel<(int)128, (int)2, void at::native::gpu_kernel_impl_nocast<at::native::CUDAFunctor_add<long>>(at::TensorIteratorBase &, const T1 &)::[lambda(int) (instance 1)]>(int, T3)",64,0.132921
2,hbm,cold,history,compute_graph_projection_layer_3_q_1024,"void at::native::unrolled_elementwise_kernel<at::native::direct_copy_kernel_cuda(at::TensorIteratorBase &)::[lambda() (instance 3)]::operator ()() const::[lambda() (instance 7)]::operator ()() const::[lambda(float) (instance 1)], std::array<char *, (unsigned long)2>, (int)4, TrivialOffsetCalculator<(int)1, unsigned int>, TrivialOffsetCalculator<(int)1, unsigned int>, at::native::memory::LoadWithCast<(int)1>, at::native::memory::StoreWithCast<(int)1>>(int, T1, T2, T4, T5, T6, T7)",192,1.8839
2,hbm,cold,history,compute_graph_projection_layer_3_q_1024,kernel_cutlass_kernel_operatorsdeepseek_v32norm_plainLocalPlainRMSNorm_object_at__tensorptrbf16gmemalign128oi64153615361_tensorptrf32gmemalign16o15361_tensorptrbf16gmemalign128oi641536153_0,64,0.193825
2,hbm,cold,history,compute_graph_projection_layer_3_q_1024,"void at::native::elementwise_kernel<(int)128, (int)2, void at::native::gpu_kernel_impl_nocast<at::native::BinaryFunctor<float, float, float, at::native::binary_internal::MulFunctor<float>>>(at::TensorIteratorBase &, const T1 &)::[lambda(int) (instance 1)]>(int, T3)",64,0.119072
2,hbm,cold,history,compute_graph_projection_layer_3_q_1024,"void <unnamed>::elementwise_kernel_with_index<int, at::native::arange_cuda_out(const c10::Scalar &, const c10::Scalar &, const c10::Scalar &, at::Tensor &)::[lambda() (instance 1)]::operator ()() const::[lambda() (instance 4)]::operator ()() const::[lambda(long) (instance 1)]>(T1, T2, function_traits<T2>::result_type *)",64,0.051936
2,hbm,cold,history,compute_graph_projection_layer_3_q_1024,"void at::native::vectorized_elementwise_kernel<(int)4, at::native::cos_kernel_cuda(at::TensorIteratorBase &)::[lambda() (instance 2)]::operator ()() const::[lambda() (instance 2)]::operator ()() const::[lambda(float) (instance 1)], std::array<char *, (unsigned long)2>>(int, T2, T3)",64,0.126784
2,hbm,cold,history,compute_graph_projection_layer_3_q_1024,"void at::native::vectorized_elementwise_kernel<(int)4, at::native::sin_kernel_cuda(at::TensorIteratorBase &)::[lambda() (instance 2)]::operator ()() const::[lambda() (instance 2)]::operator ()() const::[lambda(float) (instance 1)], std::array<char *, (unsigned long)2>>(int, T2, T3)",64,0.120704
2,hbm,cold,history,compute_graph_projection_layer_3_q_1024,"void at::native::<unnamed>::CatArrayBatchedCopy_vectorized<at::native::<unnamed>::OpaqueType<(unsigned int)4>, unsigned int, (int)2, (int)128, (int)1, (int)16, (int)4>(char *, at::native::<unnamed>::CatArrInputTensorMetadata<T1, T2, T4, T5>, at::native::<unnamed>::TensorSizeStride<T2, (unsigned int)4>, int, T2)",64,0.098592
2,hbm,cold,history,compute_graph_projection_layer_3_q_1024,"void at::native::elementwise_kernel<(int)128, (int)4, void at::native::gpu_kernel_impl_nocast<at::native::direct_copy_kernel_cuda(at::TensorIteratorBase &)::[lambda() (instance 3)]::operator ()() const::[lambda() (instance 12)]::operator ()() const::[lambda(c10::BFloat16) (instance 1)]>(at::TensorIteratorBase &, const T1 &)::[lambda(int) (instance 1)]>(int, T3)",64,0.173216
2,hbm,cold,history,compute_graph_projection_layer_3_q_1024,kernel_cutlass_kernel_operatorsdeepseek_v32norm_plainLocalPlainRMSNorm_object_at__tensorptrbf16gmemalign128oi645125121_tensorptrf32gmemalign16o5121_tensorptrbf16gmemalign128oi645125121____0,64,0.119714
2,hbm,cold,history,compute_graph_projection_layer_3_q_1024,"void flashinfer::BatchQKApplyRotaryPosIdsCosSinCacheHeadParallelismKernel<(bool)1, (unsigned int)64, (unsigned int)8, (unsigned int)8, __nv_bfloat16, long>(T5 *, T5 *, T5 *, T5 *, float *, T6 *, unsigned int, unsigned int, unsigned int, unsigned int, unsigned long, unsigned long, unsigned long, unsigned long, unsigned long, unsigned long, unsigned long, unsigned long)",64,0.699393
2,hbm,cold,history,compute_graph_projection_layer_3_q_1024,"void at::native::<unnamed>::vectorized_layer_norm_kernel<float, float, (bool)0>(int, T2, const T1 *, const T1 *, const T1 *, T2 *, T2 *, T1 *)",64,0.227232
2,hbm,cold,history,compute_graph_projection_layer_3_q_1024,"void at::native::vectorized_elementwise_kernel<(int)8, at::native::bfloat16_copy_kernel_cuda(at::TensorIteratorBase &)::[lambda(float) (instance 1)], std::array<char *, (unsigned long)2>>(int, T2, T3)",64,0.087168
2,hbm,cold,history,compute_graph_projection_layer_3_q_1024,"void flashinfer::BatchQKApplyRotaryPosIdsCosSinCacheHeadParallelismKernel<(bool)0, (unsigned int)128, (unsigned int)8, (unsigned int)16, __nv_bfloat16, long>(T5 *, T5 *, T5 *, T5 *, float *, T6 *, unsigned int, unsigned int, unsigned int, unsigned int, unsigned long, unsigned long, unsigned long, unsigned long, unsigned long, unsigned long, unsigned long, unsigned long)",64,0.715311
2,hbm,cold,history,compute_graph_projection_layer_3_q_1024,quantize_kernel,128,0.436886
2,hbm,cold,history,compute_graph_projection_layer_3_q_1024,"void at::native::vectorized_elementwise_kernel<(int)4, at::native::AUnaryFunctor<float, float, float, at::native::binary_internal::MulFunctor<float>>, std::array<char *, (unsigned long)2>>(int, T2, T3)",128,0.153472
2,hbm,cold,history,compute_graph_projection_layer_3_q_1024,"void at::native::vectorized_elementwise_kernel<(int)4, at::native::BinaryFunctor<float, float, float, at::native::binary_internal::MulFunctor<float>>, std::array<char *, (unsigned long)3>>(int, T2, T3)",64,0.113793
2,hbm,cold,history,compute_graph_projection_layer_3_q_1024,"void at::native::<unnamed>::CatArrayBatchedCopy_vectorized<at::native::<unnamed>::OpaqueType<(unsigned int)2>, unsigned int, (int)2, (int)128, (int)1, (int)16, (int)8>(char *, at::native::<unnamed>::CatArrInputTensorMetadata<T1, T2, T4, T5>, at::native::<unnamed>::TensorSizeStride<T2, (unsigned int)4>, int, T2)",64,0.173826
2,hbm,cold,history,compute_graph_finish_layer_3_q_1024,kernel_cutlass_kernel_operatorsdeepseek_v32norm_fusedLocalFusedRMSNorm_object_at__tensorptrbf16gmemalign128oi64716871681_tensorptrbf16gmemalign128oi64716871681_tensorptrf32gmemalign16o716_0,64,0.928697
2,hbm,cold,history,compute_graph_finish_layer_3_q_1024,"void flashinfer::activation::act_and_mul_kernel<__nv_bfloat16, &silu>(T1 *, const T1 *, int)",64,1.874373
2,hbm,cold,history,compute_graph_projection_layer_4_q_1024,kernel_cutlass_kernel_operatorsdeepseek_v32norm_fusedLocalFusedRMSNorm_object_at__tensorptrbf16gmemalign128oi64716871681_tensorptrbf16gmemalign128oi64716871681_tensorptrf32gmemalign16o716_0,64,0.942146
2,hbm,cold,history,compute_graph_projection_layer_4_q_1024,"void at::native::elementwise_kernel<(int)128, (int)2, void at::native::gpu_kernel_impl_nocast<at::native::CUDAFunctor_add<long>>(at::TensorIteratorBase &, const T1 &)::[lambda(int) (instance 1)]>(int, T3)",64,0.139264
2,hbm,cold,history,compute_graph_projection_layer_4_q_1024,"void at::native::unrolled_elementwise_kernel<at::native::direct_copy_kernel_cuda(at::TensorIteratorBase &)::[lambda() (instance 3)]::operator ()() const::[lambda() (instance 7)]::operator ()() const::[lambda(float) (instance 1)], std::array<char *, (unsigned long)2>, (int)4, TrivialOffsetCalculator<(int)1, unsigned int>, TrivialOffsetCalculator<(int)1, unsigned int>, at::native::memory::LoadWithCast<(int)1>, at::native::memory::StoreWithCast<(int)1>>(int, T1, T2, T4, T5, T6, T7)",192,1.887277
2,hbm,cold,history,compute_graph_projection_layer_4_q_1024,kernel_cutlass_kernel_operatorsdeepseek_v32norm_plainLocalPlainRMSNorm_object_at__tensorptrbf16gmemalign128oi64153615361_tensorptrf32gmemalign16o15361_tensorptrbf16gmemalign128oi641536153_0,64,0.193152
2,hbm,cold,history,compute_graph_projection_layer_4_q_1024,"void at::native::elementwise_kernel<(int)128, (int)2, void at::native::gpu_kernel_impl_nocast<at::native::BinaryFunctor<float, float, float, at::native::binary_internal::MulFunctor<float>>>(at::TensorIteratorBase &, const T1 &)::[lambda(int) (instance 1)]>(int, T3)",64,0.117985
2,hbm,cold,history,compute_graph_projection_layer_4_q_1024,"void <unnamed>::elementwise_kernel_with_index<int, at::native::arange_cuda_out(const c10::Scalar &, const c10::Scalar &, const c10::Scalar &, at::Tensor &)::[lambda() (instance 1)]::operator ()() const::[lambda() (instance 4)]::operator ()() const::[lambda(long) (instance 1)]>(T1, T2, function_traits<T2>::result_type *)",64,0.05488
2,hbm,cold,history,compute_graph_projection_layer_4_q_1024,"void at::native::vectorized_elementwise_kernel<(int)4, at::native::cos_kernel_cuda(at::TensorIteratorBase &)::[lambda() (instance 2)]::operator ()() const::[lambda() (instance 2)]::operator ()() const::[lambda(float) (instance 1)], std::array<char *, (unsigned long)2>>(int, T2, T3)",64,0.124864
2,hbm,cold,history,compute_graph_projection_layer_4_q_1024,"void at::native::vectorized_elementwise_kernel<(int)4, at::native::sin_kernel_cuda(at::TensorIteratorBase &)::[lambda() (instance 2)]::operator ()() const::[lambda() (instance 2)]::operator ()() const::[lambda(float) (instance 1)], std::array<char *, (unsigned long)2>>(int, T2, T3)",64,0.120608
2,hbm,cold,history,compute_graph_projection_layer_4_q_1024,"void at::native::<unnamed>::CatArrayBatchedCopy_vectorized<at::native::<unnamed>::OpaqueType<(unsigned int)4>, unsigned int, (int)2, (int)128, (int)1, (int)16, (int)4>(char *, at::native::<unnamed>::CatArrInputTensorMetadata<T1, T2, T4, T5>, at::native::<unnamed>::TensorSizeStride<T2, (unsigned int)4>, int, T2)",64,0.09904
2,hbm,cold,history,compute_graph_projection_layer_4_q_1024,"void at::native::elementwise_kernel<(int)128, (int)4, void at::native::gpu_kernel_impl_nocast<at::native::direct_copy_kernel_cuda(at::TensorIteratorBase &)::[lambda() (instance 3)]::operator ()() const::[lambda() (instance 12)]::operator ()() const::[lambda(c10::BFloat16) (instance 1)]>(at::TensorIteratorBase &, const T1 &)::[lambda(int) (instance 1)]>(int, T3)",64,0.17392
2,hbm,cold,history,compute_graph_projection_layer_4_q_1024,kernel_cutlass_kernel_operatorsdeepseek_v32norm_plainLocalPlainRMSNorm_object_at__tensorptrbf16gmemalign128oi645125121_tensorptrf32gmemalign16o5121_tensorptrbf16gmemalign128oi645125121____0,64,0.117088
2,hbm,cold,history,compute_graph_projection_layer_4_q_1024,"void flashinfer::BatchQKApplyRotaryPosIdsCosSinCacheHeadParallelismKernel<(bool)1, (unsigned int)64, (unsigned int)8, (unsigned int)8, __nv_bfloat16, long>(T5 *, T5 *, T5 *, T5 *, float *, T6 *, unsigned int, unsigned int, unsigned int, unsigned int, unsigned long, unsigned long, unsigned long, unsigned long, unsigned long, unsigned long, unsigned long, unsigned long)",64,0.702244
2,hbm,cold,history,compute_graph_projection_layer_4_q_1024,"void at::native::<unnamed>::vectorized_layer_norm_kernel<float, float, (bool)0>(int, T2, const T1 *, const T1 *, const T1 *, T2 *, T2 *, T1 *)",64,0.236385
2,hbm,cold,history,compute_graph_projection_layer_4_q_1024,"void at::native::vectorized_elementwise_kernel<(int)8, at::native::bfloat16_copy_kernel_cuda(at::TensorIteratorBase &)::[lambda(float) (instance 1)], std::array<char *, (unsigned long)2>>(int, T2, T3)",64,0.089313
2,hbm,cold,history,compute_graph_projection_layer_4_q_1024,"void flashinfer::BatchQKApplyRotaryPosIdsCosSinCacheHeadParallelismKernel<(bool)0, (unsigned int)128, (unsigned int)8, (unsigned int)16, __nv_bfloat16, long>(T5 *, T5 *, T5 *, T5 *, float *, T6 *, unsigned int, unsigned int, unsigned int, unsigned int, unsigned long, unsigned long, unsigned long, unsigned long, unsigned long, unsigned long, unsigned long, unsigned long)",64,0.698657
2,hbm,cold,history,compute_graph_projection_layer_4_q_1024,quantize_kernel,128,0.443745
2,hbm,cold,history,compute_graph_projection_layer_4_q_1024,"void at::native::vectorized_elementwise_kernel<(int)4, at::native::AUnaryFunctor<float, float, float, at::native::binary_internal::MulFunctor<float>>, std::array<char *, (unsigned long)2>>(int, T2, T3)",128,0.148064
2,hbm,cold,history,compute_graph_projection_layer_4_q_1024,"void at::native::vectorized_elementwise_kernel<(int)4, at::native::BinaryFunctor<float, float, float, at::native::binary_internal::MulFunctor<float>>, std::array<char *, (unsigned long)3>>(int, T2, T3)",64,0.111777
2,hbm,cold,history,compute_graph_projection_layer_4_q_1024,"void at::native::<unnamed>::CatArrayBatchedCopy_vectorized<at::native::<unnamed>::OpaqueType<(unsigned int)2>, unsigned int, (int)2, (int)128, (int)1, (int)16, (int)8>(char *, at::native::<unnamed>::CatArrInputTensorMetadata<T1, T2, T4, T5>, at::native::<unnamed>::TensorSizeStride<T2, (unsigned int)4>, int, T2)",64,0.16992
2,hbm,cold,history,compute_graph_finish_layer_4_q_1024,kernel_cutlass_kernel_operatorsdeepseek_v32norm_fusedLocalFusedRMSNorm_object_at__tensorptrbf16gmemalign128oi64716871681_tensorptrbf16gmemalign128oi64716871681_tensorptrf32gmemalign16o716_0,64,0.937442
2,hbm,cold,history,compute_graph_finish_layer_4_q_1024,"void flashinfer::activation::act_and_mul_kernel<__nv_bfloat16, &silu>(T1 *, const T1 *, int)",64,1.867205
2,hbm,cold,history,compute_graph_projection_layer_5_q_1024,kernel_cutlass_kernel_operatorsdeepseek_v32norm_fusedLocalFusedRMSNorm_object_at__tensorptrbf16gmemalign128oi64716871681_tensorptrbf16gmemalign128oi64716871681_tensorptrf32gmemalign16o716_0,64,0.938976
2,hbm,cold,history,compute_graph_projection_layer_5_q_1024,"void at::native::elementwise_kernel<(int)128, (int)2, void at::native::gpu_kernel_impl_nocast<at::native::CUDAFunctor_add<long>>(at::TensorIteratorBase &, const T1 &)::[lambda(int) (instance 1)]>(int, T3)",64,0.142816
2,hbm,cold,history,compute_graph_projection_layer_5_q_1024,"void at::native::unrolled_elementwise_kernel<at::native::direct_copy_kernel_cuda(at::TensorIteratorBase &)::[lambda() (instance 3)]::operator ()() const::[lambda() (instance 7)]::operator ()() const::[lambda(float) (instance 1)], std::array<char *, (unsigned long)2>, (int)4, TrivialOffsetCalculator<(int)1, unsigned int>, TrivialOffsetCalculator<(int)1, unsigned int>, at::native::memory::LoadWithCast<(int)1>, at::native::memory::StoreWithCast<(int)1>>(int, T1, T2, T4, T5, T6, T7)",192,1.881761
2,hbm,cold,history,compute_graph_projection_layer_5_q_1024,kernel_cutlass_kernel_operatorsdeepseek_v32norm_plainLocalPlainRMSNorm_object_at__tensorptrbf16gmemalign128oi64153615361_tensorptrf32gmemalign16o15361_tensorptrbf16gmemalign128oi641536153_0,64,0.198113
2,hbm,cold,history,compute_graph_projection_layer_5_q_1024,"void at::native::elementwise_kernel<(int)128, (int)2, void at::native::gpu_kernel_impl_nocast<at::native::BinaryFunctor<float, float, float, at::native::binary_internal::MulFunctor<float>>>(at::TensorIteratorBase &, const T1 &)::[lambda(int) (instance 1)]>(int, T3)",64,0.120768
2,hbm,cold,history,compute_graph_projection_layer_5_q_1024,"void <unnamed>::elementwise_kernel_with_index<int, at::native::arange_cuda_out(const c10::Scalar &, const c10::Scalar &, const c10::Scalar &, at::Tensor &)::[lambda() (instance 1)]::operator ()() const::[lambda() (instance 4)]::operator ()() const::[lambda(long) (instance 1)]>(T1, T2, function_traits<T2>::result_type *)",64,0.059905
2,hbm,cold,history,compute_graph_projection_layer_5_q_1024,"void at::native::vectorized_elementwise_kernel<(int)4, at::native::cos_kernel_cuda(at::TensorIteratorBase &)::[lambda() (instance 2)]::operator ()() const::[lambda() (instance 2)]::operator ()() const::[lambda(float) (instance 1)], std::array<char *, (unsigned long)2>>(int, T2, T3)",64,0.127232
2,hbm,cold,history,compute_graph_projection_layer_5_q_1024,"void at::native::vectorized_elementwise_kernel<(int)4, at::native::sin_kernel_cuda(at::TensorIteratorBase &)::[lambda() (instance 2)]::operator ()() const::[lambda() (instance 2)]::operator ()() const::[lambda(float) (instance 1)], std::array<char *, (unsigned long)2>>(int, T2, T3)",64,0.123808
2,hbm,cold,history,compute_graph_projection_layer_5_q_1024,"void at::native::<unnamed>::CatArrayBatchedCopy_vectorized<at::native::<unnamed>::OpaqueType<(unsigned int)4>, unsigned int, (int)2, (int)128, (int)1, (int)16, (int)4>(char *, at::native::<unnamed>::CatArrInputTensorMetadata<T1, T2, T4, T5>, at::native::<unnamed>::TensorSizeStride<T2, (unsigned int)4>, int, T2)",64,0.098048
2,hbm,cold,history,compute_graph_projection_layer_5_q_1024,"void at::native::elementwise_kernel<(int)128, (int)4, void at::native::gpu_kernel_impl_nocast<at::native::direct_copy_kernel_cuda(at::TensorIteratorBase &)::[lambda() (instance 3)]::operator ()() const::[lambda() (instance 12)]::operator ()() const::[lambda(c10::BFloat16) (instance 1)]>(at::TensorIteratorBase &, const T1 &)::[lambda(int) (instance 1)]>(int, T3)",64,0.168705
2,hbm,cold,history,compute_graph_projection_layer_5_q_1024,kernel_cutlass_kernel_operatorsdeepseek_v32norm_plainLocalPlainRMSNorm_object_at__tensorptrbf16gmemalign128oi645125121_tensorptrf32gmemalign16o5121_tensorptrbf16gmemalign128oi645125121____0,64,0.115008
2,hbm,cold,history,compute_graph_projection_layer_5_q_1024,"void flashinfer::BatchQKApplyRotaryPosIdsCosSinCacheHeadParallelismKernel<(bool)1, (unsigned int)64, (unsigned int)8, (unsigned int)8, __nv_bfloat16, long>(T5 *, T5 *, T5 *, T5 *, float *, T6 *, unsigned int, unsigned int, unsigned int, unsigned int, unsigned long, unsigned long, unsigned long, unsigned long, unsigned long, unsigned long, unsigned long, unsigned long)",64,0.718521
2,hbm,cold,history,compute_graph_projection_layer_5_q_1024,"void at::native::<unnamed>::vectorized_layer_norm_kernel<float, float, (bool)0>(int, T2, const T1 *, const T1 *, const T1 *, T2 *, T2 *, T1 *)",64,0.234656
2,hbm,cold,history,compute_graph_projection_layer_5_q_1024,"void at::native::vectorized_elementwise_kernel<(int)8, at::native::bfloat16_copy_kernel_cuda(at::TensorIteratorBase &)::[lambda(float) (instance 1)], std::array<char *, (unsigned long)2>>(int, T2, T3)",64,0.088192
2,hbm,cold,history,compute_graph_projection_layer_5_q_1024,"void flashinfer::BatchQKApplyRotaryPosIdsCosSinCacheHeadParallelismKernel<(bool)0, (unsigned int)128, (unsigned int)8, (unsigned int)16, __nv_bfloat16, long>(T5 *, T5 *, T5 *, T5 *, float *, T6 *, unsigned int, unsigned int, unsigned int, unsigned int, unsigned long, unsigned long, unsigned long, unsigned long, unsigned long, unsigned long, unsigned long, unsigned long)",64,0.700482
2,hbm,cold,history,compute_graph_projection_layer_5_q_1024,quantize_kernel,128,0.438112
2,hbm,cold,history,compute_graph_projection_layer_5_q_1024,"void at::native::vectorized_elementwise_kernel<(int)4, at::native::AUnaryFunctor<float, float, float, at::native::binary_internal::MulFunctor<float>>, std::array<char *, (unsigned long)2>>(int, T2, T3)",128,0.154049
2,hbm,cold,history,compute_graph_projection_layer_5_q_1024,"void at::native::vectorized_elementwise_kernel<(int)4, at::native::BinaryFunctor<float, float, float, at::native::binary_internal::MulFunctor<float>>, std::array<char *, (unsigned long)3>>(int, T2, T3)",64,0.113153
2,hbm,cold,history,compute_graph_projection_layer_5_q_1024,"void at::native::<unnamed>::CatArrayBatchedCopy_vectorized<at::native::<unnamed>::OpaqueType<(unsigned int)2>, unsigned int, (int)2, (int)128, (int)1, (int)16, (int)8>(char *, at::native::<unnamed>::CatArrInputTensorMetadata<T1, T2, T4, T5>, at::native::<unnamed>::TensorSizeStride<T2, (unsigned int)4>, int, T2)",64,0.175232
2,hbm,cold,history,compute_graph_finish_layer_5_q_1024,kernel_cutlass_kernel_operatorsdeepseek_v32norm_fusedLocalFusedRMSNorm_object_at__tensorptrbf16gmemalign128oi64716871681_tensorptrbf16gmemalign128oi64716871681_tensorptrf32gmemalign16o716_0,64,0.937189
2,hbm,cold,history,compute_graph_finish_layer_5_q_1024,"void flashinfer::activation::act_and_mul_kernel<__nv_bfloat16, &silu>(T1 *, const T1 *, int)",64,1.864027
2,hbm,cold,history,compute_graph_projection_layer_6_q_1024,kernel_cutlass_kernel_operatorsdeepseek_v32norm_plainLocalPlainRMSNorm_object_at__tensorptrbf16gmemalign128oi64716871681_tensorptrf32gmemalign16o71681_tensorptrbf16gmemalign128oi647168716_0,64,0.54976
2,hbm,cold,history,compute_graph_projection_layer_6_q_1024,"void at::native::elementwise_kernel<(int)128, (int)2, void at::native::gpu_kernel_impl_nocast<at::native::CUDAFunctor_add<long>>(at::TensorIteratorBase &, const T1 &)::[lambda(int) (instance 1)]>(int, T3)",64,0.132736
2,hbm,cold,history,compute_graph_projection_layer_6_q_1024,"void at::native::unrolled_elementwise_kernel<at::native::direct_copy_kernel_cuda(at::TensorIteratorBase &)::[lambda() (instance 3)]::operator ()() const::[lambda() (instance 7)]::operator ()() const::[lambda(float) (instance 1)], std::array<char *, (unsigned long)2>, (int)4, TrivialOffsetCalculator<(int)1, unsigned int>, TrivialOffsetCalculator<(int)1, unsigned int>, at::native::memory::LoadWithCast<(int)1>, at::native::memory::StoreWithCast<(int)1>>(int, T1, T2, T4, T5, T6, T7)",192,1.877821
2,hbm,cold,history,compute_graph_projection_layer_6_q_1024,kernel_cutlass_kernel_operatorsdeepseek_v32norm_plainLocalPlainRMSNorm_object_at__tensorptrbf16gmemalign128oi64153615361_tensorptrf32gmemalign16o15361_tensorptrbf16gmemalign128oi641536153_0,64,0.193154
2,hbm,cold,history,compute_graph_projection_layer_6_q_1024,"void at::native::elementwise_kernel<(int)128, (int)2, void at::native::gpu_kernel_impl_nocast<at::native::BinaryFunctor<float, float, float, at::native::binary_internal::MulFunctor<float>>>(at::TensorIteratorBase &, const T1 &)::[lambda(int) (instance 1)]>(int, T3)",64,0.111425
2,hbm,cold,history,compute_graph_projection_layer_6_q_1024,"void <unnamed>::elementwise_kernel_with_index<int, at::native::arange_cuda_out(const c10::Scalar &, const c10::Scalar &, const c10::Scalar &, at::Tensor &)::[lambda() (instance 1)]::operator ()() const::[lambda() (instance 4)]::operator ()() const::[lambda(long) (instance 1)]>(T1, T2, function_traits<T2>::result_type *)",64,0.05664
2,hbm,cold,history,compute_graph_projection_layer_6_q_1024,"void at::native::vectorized_elementwise_kernel<(int)4, at::native::cos_kernel_cuda(at::TensorIteratorBase &)::[lambda() (instance 2)]::operator ()() const::[lambda() (instance 2)]::operator ()() const::[lambda(float) (instance 1)], std::array<char *, (unsigned long)2>>(int, T2, T3)",64,0.124705
2,hbm,cold,history,compute_graph_projection_layer_6_q_1024,"void at::native::vectorized_elementwise_kernel<(int)4, at::native::sin_kernel_cuda(at::TensorIteratorBase &)::[lambda() (instance 2)]::operator ()() const::[lambda() (instance 2)]::operator ()() const::[lambda(float) (instance 1)], std::array<char *, (unsigned long)2>>(int, T2, T3)",64,0.120034
2,hbm,cold,history,compute_graph_projection_layer_6_q_1024,"void at::native::<unnamed>::CatArrayBatchedCopy_vectorized<at::native::<unnamed>::OpaqueType<(unsigned int)4>, unsigned int, (int)2, (int)128, (int)1, (int)16, (int)4>(char *, at::native::<unnamed>::CatArrInputTensorMetadata<T1, T2, T4, T5>, at::native::<unnamed>::TensorSizeStride<T2, (unsigned int)4>, int, T2)",64,0.09792
2,hbm,cold,history,compute_graph_projection_layer_6_q_1024,"void at::native::elementwise_kernel<(int)128, (int)4, void at::native::gpu_kernel_impl_nocast<at::native::direct_copy_kernel_cuda(at::TensorIteratorBase &)::[lambda() (instance 3)]::operator ()() const::[lambda() (instance 12)]::operator ()() const::[lambda(c10::BFloat16) (instance 1)]>(at::TensorIteratorBase &, const T1 &)::[lambda(int) (instance 1)]>(int, T3)",64,0.17152
2,hbm,cold,history,compute_graph_projection_layer_6_q_1024,kernel_cutlass_kernel_operatorsdeepseek_v32norm_plainLocalPlainRMSNorm_object_at__tensorptrbf16gmemalign128oi645125121_tensorptrf32gmemalign16o5121_tensorptrbf16gmemalign128oi645125121____0,64,0.121184
2,hbm,cold,history,compute_graph_projection_layer_6_q_1024,"void flashinfer::BatchQKApplyRotaryPosIdsCosSinCacheHeadParallelismKernel<(bool)1, (unsigned int)64, (unsigned int)8, (unsigned int)8, __nv_bfloat16, long>(T5 *, T5 *, T5 *, T5 *, float *, T6 *, unsigned int, unsigned int, unsigned int, unsigned int, unsigned long, unsigned long, unsigned long, unsigned long, unsigned long, unsigned long, unsigned long, unsigned long)",64,0.700224
2,hbm,cold,history,compute_graph_projection_layer_6_q_1024,"void at::native::<unnamed>::vectorized_layer_norm_kernel<float, float, (bool)0>(int, T2, const T1 *, const T1 *, const T1 *, T2 *, T2 *, T1 *)",64,0.22896
2,hbm,cold,history,compute_graph_projection_layer_6_q_1024,"void at::native::vectorized_elementwise_kernel<(int)8, at::native::bfloat16_copy_kernel_cuda(at::TensorIteratorBase &)::[lambda(float) (instance 1)], std::array<char *, (unsigned long)2>>(int, T2, T3)",64,0.086016
2,hbm,cold,history,compute_graph_projection_layer_6_q_1024,"void flashinfer::BatchQKApplyRotaryPosIdsCosSinCacheHeadParallelismKernel<(bool)0, (unsigned int)128, (unsigned int)8, (unsigned int)16, __nv_bfloat16, long>(T5 *, T5 *, T5 *, T5 *, float *, T6 *, unsigned int, unsigned int, unsigned int, unsigned int, unsigned long, unsigned long, unsigned long, unsigned long, unsigned long, unsigned long, unsigned long, unsigned long)",64,0.710811
2,hbm,cold,history,compute_graph_projection_layer_6_q_1024,quantize_kernel,128,0.442399
2,hbm,cold,history,compute_graph_projection_layer_6_q_1024,"void at::native::vectorized_elementwise_kernel<(int)4, at::native::AUnaryFunctor<float, float, float, at::native::binary_internal::MulFunctor<float>>, std::array<char *, (unsigned long)2>>(int, T2, T3)",128,0.154657
2,hbm,cold,history,compute_graph_projection_layer_6_q_1024,"void at::native::vectorized_elementwise_kernel<(int)4, at::native::BinaryFunctor<float, float, float, at::native::binary_internal::MulFunctor<float>>, std::array<char *, (unsigned long)3>>(int, T2, T3)",64,0.115328
2,hbm,cold,history,compute_graph_projection_layer_6_q_1024,"void at::native::<unnamed>::CatArrayBatchedCopy_vectorized<at::native::<unnamed>::OpaqueType<(unsigned int)2>, unsigned int, (int)2, (int)128, (int)1, (int)16, (int)8>(char *, at::native::<unnamed>::CatArrInputTensorMetadata<T1, T2, T4, T5>, at::native::<unnamed>::TensorSizeStride<T2, (unsigned int)4>, int, T2)",64,0.174048
2,hbm,cold,history,compute_graph_finish_layer_6_q_1024,kernel_cutlass_kernel_operatorsdeepseek_v32norm_fusedLocalFusedRMSNorm_object_at__tensorptrbf16gmemalign128oi64716871681_tensorptrbf16gmemalign128oi64716871681_tensorptrf32gmemalign16o716_0,64,0.928278
2,hbm,cold,history,compute_graph_finish_layer_6_q_1024,"void flashinfer::activation::act_and_mul_kernel<__nv_bfloat16, &silu>(T1 *, const T1 *, int)",64,1.86831
2,hbm,cold,history,compute_graph_projection_layer_7_q_1024,kernel_cutlass_kernel_operatorsdeepseek_v32norm_fusedLocalFusedRMSNorm_object_at__tensorptrbf16gmemalign128oi64716871681_tensorptrbf16gmemalign128oi64716871681_tensorptrf32gmemalign16o716_0,64,0.951363
2,hbm,cold,history,compute_graph_projection_layer_7_q_1024,"void at::native::elementwise_kernel<(int)128, (int)2, void at::native::gpu_kernel_impl_nocast<at::native::CUDAFunctor_add<long>>(at::TensorIteratorBase &, const T1 &)::[lambda(int) (instance 1)]>(int, T3)",64,0.146848
2,hbm,cold,history,compute_graph_projection_layer_7_q_1024,"void at::native::unrolled_elementwise_kernel<at::native::direct_copy_kernel_cuda(at::TensorIteratorBase &)::[lambda() (instance 3)]::operator ()() const::[lambda() (instance 7)]::operator ()() const::[lambda(float) (instance 1)], std::array<char *, (unsigned long)2>, (int)4, TrivialOffsetCalculator<(int)1, unsigned int>, TrivialOffsetCalculator<(int)1, unsigned int>, at::native::memory::LoadWithCast<(int)1>, at::native::memory::StoreWithCast<(int)1>>(int, T1, T2, T4, T5, T6, T7)",192,1.883041
2,hbm,cold,history,compute_graph_projection_layer_7_q_1024,kernel_cutlass_kernel_operatorsdeepseek_v32norm_plainLocalPlainRMSNorm_object_at__tensorptrbf16gmemalign128oi64153615361_tensorptrf32gmemalign16o15361_tensorptrbf16gmemalign128oi641536153_0,64,0.193056
2,hbm,cold,history,compute_graph_projection_layer_7_q_1024,"void at::native::elementwise_kernel<(int)128, (int)2, void at::native::gpu_kernel_impl_nocast<at::native::BinaryFunctor<float, float, float, at::native::binary_internal::MulFunctor<float>>>(at::TensorIteratorBase &, const T1 &)::[lambda(int) (instance 1)]>(int, T3)",64,0.118081
2,hbm,cold,history,compute_graph_projection_layer_7_q_1024,"void <unnamed>::elementwise_kernel_with_index<int, at::native::arange_cuda_out(const c10::Scalar &, const c10::Scalar &, const c10::Scalar &, at::Tensor &)::[lambda() (instance 1)]::operator ()() const::[lambda() (instance 4)]::operator ()() const::[lambda(long) (instance 1)]>(T1, T2, function_traits<T2>::result_type *)",64,0.055552
2,hbm,cold,history,compute_graph_projection_layer_7_q_1024,"void at::native::vectorized_elementwise_kernel<(int)4, at::native::cos_kernel_cuda(at::TensorIteratorBase &)::[lambda() (instance 2)]::operator ()() const::[lambda() (instance 2)]::operator ()() const::[lambda(float) (instance 1)], std::array<char *, (unsigned long)2>>(int, T2, T3)",64,0.127744
2,hbm,cold,history,compute_graph_projection_layer_7_q_1024,"void at::native::vectorized_elementwise_kernel<(int)4, at::native::sin_kernel_cuda(at::TensorIteratorBase &)::[lambda() (instance 2)]::operator ()() const::[lambda() (instance 2)]::operator ()() const::[lambda(float) (instance 1)], std::array<char *, (unsigned long)2>>(int, T2, T3)",64,0.12512
2,hbm,cold,history,compute_graph_projection_layer_7_q_1024,"void at::native::<unnamed>::CatArrayBatchedCopy_vectorized<at::native::<unnamed>::OpaqueType<(unsigned int)4>, unsigned int, (int)2, (int)128, (int)1, (int)16, (int)4>(char *, at::native::<unnamed>::CatArrInputTensorMetadata<T1, T2, T4, T5>, at::native::<unnamed>::TensorSizeStride<T2, (unsigned int)4>, int, T2)",64,0.101792
2,hbm,cold,history,compute_graph_projection_layer_7_q_1024,"void at::native::elementwise_kernel<(int)128, (int)4, void at::native::gpu_kernel_impl_nocast<at::native::direct_copy_kernel_cuda(at::TensorIteratorBase &)::[lambda() (instance 3)]::operator ()() const::[lambda() (instance 12)]::operator ()() const::[lambda(c10::BFloat16) (instance 1)]>(at::TensorIteratorBase &, const T1 &)::[lambda(int) (instance 1)]>(int, T3)",64,0.171776
2,hbm,cold,history,compute_graph_projection_layer_7_q_1024,kernel_cutlass_kernel_operatorsdeepseek_v32norm_plainLocalPlainRMSNorm_object_at__tensorptrbf16gmemalign128oi645125121_tensorptrf32gmemalign16o5121_tensorptrbf16gmemalign128oi645125121____0,64,0.118432
2,hbm,cold,history,compute_graph_projection_layer_7_q_1024,"void flashinfer::BatchQKApplyRotaryPosIdsCosSinCacheHeadParallelismKernel<(bool)1, (unsigned int)64, (unsigned int)8, (unsigned int)8, __nv_bfloat16, long>(T5 *, T5 *, T5 *, T5 *, float *, T6 *, unsigned int, unsigned int, unsigned int, unsigned int, unsigned long, unsigned long, unsigned long, unsigned long, unsigned long, unsigned long, unsigned long, unsigned long)",64,0.697056
2,hbm,cold,history,compute_graph_projection_layer_7_q_1024,"void at::native::<unnamed>::vectorized_layer_norm_kernel<float, float, (bool)0>(int, T2, const T1 *, const T1 *, const T1 *, T2 *, T2 *, T1 *)",64,0.233409
2,hbm,cold,history,compute_graph_projection_layer_7_q_1024,"void at::native::vectorized_elementwise_kernel<(int)8, at::native::bfloat16_copy_kernel_cuda(at::TensorIteratorBase &)::[lambda(float) (instance 1)], std::array<char *, (unsigned long)2>>(int, T2, T3)",64,0.085728
2,hbm,cold,history,compute_graph_projection_layer_7_q_1024,"void flashinfer::BatchQKApplyRotaryPosIdsCosSinCacheHeadParallelismKernel<(bool)0, (unsigned int)128, (unsigned int)8, (unsigned int)16, __nv_bfloat16, long>(T5 *, T5 *, T5 *, T5 *, float *, T6 *, unsigned int, unsigned int, unsigned int, unsigned int, unsigned long, unsigned long, unsigned long, unsigned long, unsigned long, unsigned long, unsigned long, unsigned long)",64,0.720105
2,hbm,cold,history,compute_graph_projection_layer_7_q_1024,quantize_kernel,128,0.436382
2,hbm,cold,history,compute_graph_projection_layer_7_q_1024,"void at::native::vectorized_elementwise_kernel<(int)4, at::native::AUnaryFunctor<float, float, float, at::native::binary_internal::MulFunctor<float>>, std::array<char *, (unsigned long)2>>(int, T2, T3)",128,0.150976
2,hbm,cold,history,compute_graph_projection_layer_7_q_1024,"void at::native::vectorized_elementwise_kernel<(int)4, at::native::BinaryFunctor<float, float, float, at::native::binary_internal::MulFunctor<float>>, std::array<char *, (unsigned long)3>>(int, T2, T3)",64,0.11216
2,hbm,cold,history,compute_graph_projection_layer_7_q_1024,"void at::native::<unnamed>::CatArrayBatchedCopy_vectorized<at::native::<unnamed>::OpaqueType<(unsigned int)2>, unsigned int, (int)2, (int)128, (int)1, (int)16, (int)8>(char *, at::native::<unnamed>::CatArrInputTensorMetadata<T1, T2, T4, T5>, at::native::<unnamed>::TensorSizeStride<T2, (unsigned int)4>, int, T2)",64,0.175232
2,hbm,cold,history,compute_graph_finish_layer_7_q_1024,kernel_cutlass_kernel_operatorsdeepseek_v32norm_fusedLocalFusedRMSNorm_object_at__tensorptrbf16gmemalign128oi64716871681_tensorptrbf16gmemalign128oi64716871681_tensorptrf32gmemalign16o716_0,64,0.928162
2,hbm,cold,history,compute_graph_finish_layer_7_q_1024,"void flashinfer::activation::act_and_mul_kernel<__nv_bfloat16, &silu>(T1 *, const T1 *, int)",64,1.867288
2,hbm,cold,history,compute_graph_projection_layer_8_q_1024,kernel_cutlass_kernel_operatorsdeepseek_v32norm_fusedLocalFusedRMSNorm_object_at__tensorptrbf16gmemalign128oi64716871681_tensorptrbf16gmemalign128oi64716871681_tensorptrf32gmemalign16o716_0,64,0.939217
2,hbm,cold,history,compute_graph_projection_layer_8_q_1024,"void at::native::elementwise_kernel<(int)128, (int)2, void at::native::gpu_kernel_impl_nocast<at::native::CUDAFunctor_add<long>>(at::TensorIteratorBase &, const T1 &)::[lambda(int) (instance 1)]>(int, T3)",64,0.140992
2,hbm,cold,history,compute_graph_projection_layer_8_q_1024,"void at::native::unrolled_elementwise_kernel<at::native::direct_copy_kernel_cuda(at::TensorIteratorBase &)::[lambda() (instance 3)]::operator ()() const::[lambda() (instance 7)]::operator ()() const::[lambda(float) (instance 1)], std::array<char *, (unsigned long)2>, (int)4, TrivialOffsetCalculator<(int)1, unsigned int>, TrivialOffsetCalculator<(int)1, unsigned int>, at::native::memory::LoadWithCast<(int)1>, at::native::memory::StoreWithCast<(int)1>>(int, T1, T2, T4, T5, T6, T7)",192,1.875395
2,hbm,cold,history,compute_graph_projection_layer_8_q_1024,kernel_cutlass_kernel_operatorsdeepseek_v32norm_plainLocalPlainRMSNorm_object_at__tensorptrbf16gmemalign128oi64153615361_tensorptrf32gmemalign16o15361_tensorptrbf16gmemalign128oi641536153_0,64,0.196864
2,hbm,cold,history,compute_graph_projection_layer_8_q_1024,"void at::native::elementwise_kernel<(int)128, (int)2, void at::native::gpu_kernel_impl_nocast<at::native::BinaryFunctor<float, float, float, at::native::binary_internal::MulFunctor<float>>>(at::TensorIteratorBase &, const T1 &)::[lambda(int) (instance 1)]>(int, T3)",64,0.11248
2,hbm,cold,history,compute_graph_projection_layer_8_q_1024,"void <unnamed>::elementwise_kernel_with_index<int, at::native::arange_cuda_out(const c10::Scalar &, const c10::Scalar &, const c10::Scalar &, at::Tensor &)::[lambda() (instance 1)]::operator ()() const::[lambda() (instance 4)]::operator ()() const::[lambda(long) (instance 1)]>(T1, T2, function_traits<T2>::result_type *)",64,0.056992
2,hbm,cold,history,compute_graph_projection_layer_8_q_1024,"void at::native::vectorized_elementwise_kernel<(int)4, at::native::cos_kernel_cuda(at::TensorIteratorBase &)::[lambda() (instance 2)]::operator ()() const::[lambda() (instance 2)]::operator ()() const::[lambda(float) (instance 1)], std::array<char *, (unsigned long)2>>(int, T2, T3)",64,0.128544
2,hbm,cold,history,compute_graph_projection_layer_8_q_1024,"void at::native::vectorized_elementwise_kernel<(int)4, at::native::sin_kernel_cuda(at::TensorIteratorBase &)::[lambda() (instance 2)]::operator ()() const::[lambda() (instance 2)]::operator ()() const::[lambda(float) (instance 1)], std::array<char *, (unsigned long)2>>(int, T2, T3)",64,0.124384
2,hbm,cold,history,compute_graph_projection_layer_8_q_1024,"void at::native::<unnamed>::CatArrayBatchedCopy_vectorized<at::native::<unnamed>::OpaqueType<(unsigned int)4>, unsigned int, (int)2, (int)128, (int)1, (int)16, (int)4>(char *, at::native::<unnamed>::CatArrInputTensorMetadata<T1, T2, T4, T5>, at::native::<unnamed>::TensorSizeStride<T2, (unsigned int)4>, int, T2)",64,0.101729
2,hbm,cold,history,compute_graph_projection_layer_8_q_1024,"void at::native::elementwise_kernel<(int)128, (int)4, void at::native::gpu_kernel_impl_nocast<at::native::direct_copy_kernel_cuda(at::TensorIteratorBase &)::[lambda() (instance 3)]::operator ()() const::[lambda() (instance 12)]::operator ()() const::[lambda(c10::BFloat16) (instance 1)]>(at::TensorIteratorBase &, const T1 &)::[lambda(int) (instance 1)]>(int, T3)",64,0.16864
2,hbm,cold,history,compute_graph_projection_layer_8_q_1024,kernel_cutlass_kernel_operatorsdeepseek_v32norm_plainLocalPlainRMSNorm_object_at__tensorptrbf16gmemalign128oi645125121_tensorptrf32gmemalign16o5121_tensorptrbf16gmemalign128oi645125121____0,64,0.1176
2,hbm,cold,history,compute_graph_projection_layer_8_q_1024,"void flashinfer::BatchQKApplyRotaryPosIdsCosSinCacheHeadParallelismKernel<(bool)1, (unsigned int)64, (unsigned int)8, (unsigned int)8, __nv_bfloat16, long>(T5 *, T5 *, T5 *, T5 *, float *, T6 *, unsigned int, unsigned int, unsigned int, unsigned int, unsigned long, unsigned long, unsigned long, unsigned long, unsigned long, unsigned long, unsigned long, unsigned long)",64,0.693398
2,hbm,cold,history,compute_graph_projection_layer_8_q_1024,"void at::native::<unnamed>::vectorized_layer_norm_kernel<float, float, (bool)0>(int, T2, const T1 *, const T1 *, const T1 *, T2 *, T2 *, T1 *)",64,0.232576
2,hbm,cold,history,compute_graph_projection_layer_8_q_1024,"void at::native::vectorized_elementwise_kernel<(int)8, at::native::bfloat16_copy_kernel_cuda(at::TensorIteratorBase &)::[lambda(float) (instance 1)], std::array<char *, (unsigned long)2>>(int, T2, T3)",64,0.089024
2,hbm,cold,history,compute_graph_projection_layer_8_q_1024,"void flashinfer::BatchQKApplyRotaryPosIdsCosSinCacheHeadParallelismKernel<(bool)0, (unsigned int)128, (unsigned int)8, (unsigned int)16, __nv_bfloat16, long>(T5 *, T5 *, T5 *, T5 *, float *, T6 *, unsigned int, unsigned int, unsigned int, unsigned int, unsigned long, unsigned long, unsigned long, unsigned long, unsigned long, unsigned long, unsigned long, unsigned long)",64,0.710659
2,hbm,cold,history,compute_graph_projection_layer_8_q_1024,quantize_kernel,128,0.456543
2,hbm,cold,history,compute_graph_projection_layer_8_q_1024,"void at::native::vectorized_elementwise_kernel<(int)4, at::native::AUnaryFunctor<float, float, float, at::native::binary_internal::MulFunctor<float>>, std::array<char *, (unsigned long)2>>(int, T2, T3)",128,0.15072
2,hbm,cold,history,compute_graph_projection_layer_8_q_1024,"void at::native::vectorized_elementwise_kernel<(int)4, at::native::BinaryFunctor<float, float, float, at::native::binary_internal::MulFunctor<float>>, std::array<char *, (unsigned long)3>>(int, T2, T3)",64,0.110752
2,hbm,cold,history,compute_graph_projection_layer_8_q_1024,"void at::native::<unnamed>::CatArrayBatchedCopy_vectorized<at::native::<unnamed>::OpaqueType<(unsigned int)2>, unsigned int, (int)2, (int)128, (int)1, (int)16, (int)8>(char *, at::native::<unnamed>::CatArrInputTensorMetadata<T1, T2, T4, T5>, at::native::<unnamed>::TensorSizeStride<T2, (unsigned int)4>, int, T2)",64,0.172544
2,hbm,cold,history,compute_graph_finish_layer_8_q_1024,kernel_cutlass_kernel_operatorsdeepseek_v32norm_fusedLocalFusedRMSNorm_object_at__tensorptrbf16gmemalign128oi64716871681_tensorptrbf16gmemalign128oi64716871681_tensorptrf32gmemalign16o716_0,64,0.935841
2,hbm,cold,history,compute_graph_finish_layer_8_q_1024,"void flashinfer::activation::act_and_mul_kernel<__nv_bfloat16, &silu>(T1 *, const T1 *, int)",64,1.87293
2,hbm,cold,history,compute_graph_projection_layer_9_q_1024,kernel_cutlass_kernel_operatorsdeepseek_v32norm_plainLocalPlainRMSNorm_object_at__tensorptrbf16gmemalign128oi64716871681_tensorptrf32gmemalign16o71681_tensorptrbf16gmemalign128oi647168716_0,64,0.55165
2,hbm,cold,history,compute_graph_projection_layer_9_q_1024,"void at::native::elementwise_kernel<(int)128, (int)2, void at::native::gpu_kernel_impl_nocast<at::native::CUDAFunctor_add<long>>(at::TensorIteratorBase &, const T1 &)::[lambda(int) (instance 1)]>(int, T3)",64,0.127232
2,hbm,cold,history,compute_graph_projection_layer_9_q_1024,"void at::native::unrolled_elementwise_kernel<at::native::direct_copy_kernel_cuda(at::TensorIteratorBase &)::[lambda() (instance 3)]::operator ()() const::[lambda() (instance 7)]::operator ()() const::[lambda(float) (instance 1)], std::array<char *, (unsigned long)2>, (int)4, TrivialOffsetCalculator<(int)1, unsigned int>, TrivialOffsetCalculator<(int)1, unsigned int>, at::native::memory::LoadWithCast<(int)1>, at::native::memory::StoreWithCast<(int)1>>(int, T1, T2, T4, T5, T6, T7)",192,1.880347
2,hbm,cold,history,compute_graph_projection_layer_9_q_1024,kernel_cutlass_kernel_operatorsdeepseek_v32norm_plainLocalPlainRMSNorm_object_at__tensorptrbf16gmemalign128oi64153615361_tensorptrf32gmemalign16o15361_tensorptrbf16gmemalign128oi641536153_0,64,0.193696
2,hbm,cold,history,compute_graph_projection_layer_9_q_1024,"void at::native::elementwise_kernel<(int)128, (int)2, void at::native::gpu_kernel_impl_nocast<at::native::BinaryFunctor<float, float, float, at::native::binary_internal::MulFunctor<float>>>(at::TensorIteratorBase &, const T1 &)::[lambda(int) (instance 1)]>(int, T3)",64,0.118305
2,hbm,cold,history,compute_graph_projection_layer_9_q_1024,"void <unnamed>::elementwise_kernel_with_index<int, at::native::arange_cuda_out(const c10::Scalar &, const c10::Scalar &, const c10::Scalar &, at::Tensor &)::[lambda() (instance 1)]::operator ()() const::[lambda() (instance 4)]::operator ()() const::[lambda(long) (instance 1)]>(T1, T2, function_traits<T2>::result_type *)",64,0.056993
2,hbm,cold,history,compute_graph_projection_layer_9_q_1024,"void at::native::vectorized_elementwise_kernel<(int)4, at::native::cos_kernel_cuda(at::TensorIteratorBase &)::[lambda() (instance 2)]::operator ()() const::[lambda() (instance 2)]::operator ()() const::[lambda(float) (instance 1)], std::array<char *, (unsigned long)2>>(int, T2, T3)",64,0.128736
2,hbm,cold,history,compute_graph_projection_layer_9_q_1024,"void at::native::vectorized_elementwise_kernel<(int)4, at::native::sin_kernel_cuda(at::TensorIteratorBase &)::[lambda() (instance 2)]::operator ()() const::[lambda() (instance 2)]::operator ()() const::[lambda(float) (instance 1)], std::array<char *, (unsigned long)2>>(int, T2, T3)",64,0.124576
2,hbm,cold,history,compute_graph_projection_layer_9_q_1024,"void at::native::<unnamed>::CatArrayBatchedCopy_vectorized<at::native::<unnamed>::OpaqueType<(unsigned int)4>, unsigned int, (int)2, (int)128, (int)1, (int)16, (int)4>(char *, at::native::<unnamed>::CatArrInputTensorMetadata<T1, T2, T4, T5>, at::native::<unnamed>::TensorSizeStride<T2, (unsigned int)4>, int, T2)",64,0.101824
2,hbm,cold,history,compute_graph_projection_layer_9_q_1024,"void at::native::elementwise_kernel<(int)128, (int)4, void at::native::gpu_kernel_impl_nocast<at::native::direct_copy_kernel_cuda(at::TensorIteratorBase &)::[lambda() (instance 3)]::operator ()() const::[lambda() (instance 12)]::operator ()() const::[lambda(c10::BFloat16) (instance 1)]>(at::TensorIteratorBase &, const T1 &)::[lambda(int) (instance 1)]>(int, T3)",64,0.170753
2,hbm,cold,history,compute_graph_projection_layer_9_q_1024,kernel_cutlass_kernel_operatorsdeepseek_v32norm_plainLocalPlainRMSNorm_object_at__tensorptrbf16gmemalign128oi645125121_tensorptrf32gmemalign16o5121_tensorptrbf16gmemalign128oi645125121____0,64,0.121345
2,hbm,cold,history,compute_graph_projection_layer_9_q_1024,"void flashinfer::BatchQKApplyRotaryPosIdsCosSinCacheHeadParallelismKernel<(bool)1, (unsigned int)64, (unsigned int)8, (unsigned int)8, __nv_bfloat16, long>(T5 *, T5 *, T5 *, T5 *, float *, T6 *, unsigned int, unsigned int, unsigned int, unsigned int, unsigned long, unsigned long, unsigned long, unsigned long, unsigned long, unsigned long, unsigned long, unsigned long)",64,0.715139
2,hbm,cold,history,compute_graph_projection_layer_9_q_1024,"void at::native::<unnamed>::vectorized_layer_norm_kernel<float, float, (bool)0>(int, T2, const T1 *, const T1 *, const T1 *, T2 *, T2 *, T1 *)",64,0.231745
2,hbm,cold,history,compute_graph_projection_layer_9_q_1024,"void at::native::vectorized_elementwise_kernel<(int)8, at::native::bfloat16_copy_kernel_cuda(at::TensorIteratorBase &)::[lambda(float) (instance 1)], std::array<char *, (unsigned long)2>>(int, T2, T3)",64,0.087072
2,hbm,cold,history,compute_graph_projection_layer_9_q_1024,"void flashinfer::BatchQKApplyRotaryPosIdsCosSinCacheHeadParallelismKernel<(bool)0, (unsigned int)128, (unsigned int)8, (unsigned int)16, __nv_bfloat16, long>(T5 *, T5 *, T5 *, T5 *, float *, T6 *, unsigned int, unsigned int, unsigned int, unsigned int, unsigned long, unsigned long, unsigned long, unsigned long, unsigned long, unsigned long, unsigned long, unsigned long)",64,0.707864
2,hbm,cold,history,compute_graph_projection_layer_9_q_1024,quantize_kernel,128,0.451487
2,hbm,cold,history,compute_graph_projection_layer_9_q_1024,"void at::native::vectorized_elementwise_kernel<(int)4, at::native::AUnaryFunctor<float, float, float, at::native::binary_internal::MulFunctor<float>>, std::array<char *, (unsigned long)2>>(int, T2, T3)",128,0.151872
2,hbm,cold,history,compute_graph_projection_layer_9_q_1024,"void at::native::vectorized_elementwise_kernel<(int)4, at::native::BinaryFunctor<float, float, float, at::native::binary_internal::MulFunctor<float>>, std::array<char *, (unsigned long)3>>(int, T2, T3)",64,0.112544
2,hbm,cold,history,compute_graph_projection_layer_9_q_1024,"void at::native::<unnamed>::CatArrayBatchedCopy_vectorized<at::native::<unnamed>::OpaqueType<(unsigned int)2>, unsigned int, (int)2, (int)128, (int)1, (int)16, (int)8>(char *, at::native::<unnamed>::CatArrInputTensorMetadata<T1, T2, T4, T5>, at::native::<unnamed>::TensorSizeStride<T2, (unsigned int)4>, int, T2)",64,0.17328
2,hbm,cold,history,compute_graph_finish_layer_9_q_1024,kernel_cutlass_kernel_operatorsdeepseek_v32norm_fusedLocalFusedRMSNorm_object_at__tensorptrbf16gmemalign128oi64716871681_tensorptrbf16gmemalign128oi64716871681_tensorptrf32gmemalign16o716_0,64,0.938626
2,hbm,cold,history,compute_graph_finish_layer_9_q_1024,"void flashinfer::activation::act_and_mul_kernel<__nv_bfloat16, &silu>(T1 *, const T1 *, int)",64,1.878097
2,hbm,cold,history,final_norm_lm_head,"void at::native::unrolled_elementwise_kernel<at::native::direct_copy_kernel_cuda(at::TensorIteratorBase &)::[lambda() (instance 3)]::operator ()() const::[lambda() (instance 7)]::operator ()() const::[lambda(float) (instance 1)], std::array<char *, (unsigned long)2>, (int)4, TrivialOffsetCalculator<(int)1, unsigned int>, TrivialOffsetCalculator<(int)1, unsigned int>, at::native::memory::LoadWithCast<(int)1>, at::native::memory::StoreWithCast<(int)1>>(int, T1, T2, T4, T5, T6, T7)",129,2.889415
2,hbm,cold,history,final_norm_lm_head,"void at::native::vectorized_elementwise_kernel<(int)4, at::native::CUDAFunctor_add<float>, std::array<char *, (unsigned long)3>>(int, T2, T3)",64,1.341794
2,hbm,cold,history,final_norm_lm_head,kernel_cutlass_kernel_flashinfernormkernelsrmsnormRMSNormKernel_object_at__tensorptrf32gmemalign128oi64716871681_tensorptrf32gmemalign16o71681_tensorptrf32gmemalign128oi64716871681___True_0,64,1.00013
2,hbm,cold,history,final_norm_lm_head,"void at::native::vectorized_elementwise_kernel<(int)8, at::native::bfloat16_copy_kernel_cuda(at::TensorIteratorBase &)::[lambda(float) (instance 1)], std::array<char *, (unsigned long)2>>(int, T2, T3)",64,0.529474
2,hbm,cold,history,exact_topk,"void flashinfer::sampling::FinalizeTopKIndicesKernel<(bool)1, (flashinfer::sampling::FilteredTopKMode)0, (unsigned int)256, (unsigned int)8, float, int, flashinfer::sampling::DirectPageTableKernelPolicy<int>, >(T6 *, T5 *, const T6 *, long, const T6 *, const T6 *, unsigned int, unsigned int, T8...)",630,35.591864
2,hbm,cold,history,exact_topk,"void flashinfer::sampling::StableSortTopKByValueKernel<(unsigned int)256, (unsigned int)8, int, float>(T3 *, T4 *, unsigned int, unsigned int)",630,45.839057
2,hbm,cold,history,chunk,"void at::native::<unnamed>::CatArrayBatchedCopy_vectorized<at::native::<unnamed>::OpaqueType<(unsigned int)2>, unsigned int, (int)1, (int)128, (int)1, (int)16, (int)8>(char *, at::native::<unnamed>::CatArrInputTensorMetadata<T1, T2, T4, T5>, at::native::<unnamed>::TensorSizeStride<T2, (unsigned int)4>, int, T2)",1,0.436417
2,hbm,cold,candidate,forward,"void at::native::reduce_kernel<(int)512, (int)1, at::native::ReduceOp<long, at::native::func_wrapper_t<long, at::native::MinNanFunctor<long>>, unsigned int, long, (int)4, (int)4>>(T3)",1,0.002304
2,hbm,cold,candidate,forward,"void at::native::reduce_kernel<(int)512, (int)1, at::native::ReduceOp<long, at::native::func_wrapper_t<long, at::native::MaxNanFunctor<long>>, unsigned int, long, (int)4, (int)4>>(T3)",1,0.002048
2,hbm,cold,candidate,embedding,"void at::native::vectorized_gather_kernel<(int)16, long>(char *, char *, T2 *, int, long, long, long, long, bool)",1,0.002848
2,hbm,cold,candidate,compute_graph_projection_inputs,"void at::native::vectorized_elementwise_kernel<(int)2, at::native::FillFunctor<long>, std::array<char *, (unsigned long)1>>(int, T2, T3)",10,0.008416
2,hbm,cold,candidate,compute_graph_projection_layer_0_q_128,kernel_cutlass_kernel_operatorsdeepseek_v32norm_plainLocalPlainRMSNorm_object_at__tensorptrbf16gmemalign128oi64716871681_tensorptrf32gmemalign16o71681_tensorptrbf16gmemalign128oi647168716_0,1,0.003392
2,hbm,cold,candidate,compute_graph_projection_layer_0_q_128,"void at::native::elementwise_kernel<(int)128, (int)2, void at::native::gpu_kernel_impl_nocast<at::native::CUDAFunctor_add<long>>(at::TensorIteratorBase &, const T1 &)::[lambda(int) (instance 1)]>(int, T3)",1,0.001984
2,hbm,cold,candidate,compute_graph_projection_layer_0_q_128,"void at::native::unrolled_elementwise_kernel<at::native::direct_copy_kernel_cuda(at::TensorIteratorBase &)::[lambda() (instance 3)]::operator ()() const::[lambda() (instance 7)]::operator ()() const::[lambda(float) (instance 1)], std::array<char *, (unsigned long)2>, (int)4, TrivialOffsetCalculator<(int)1, unsigned int>, TrivialOffsetCalculator<(int)1, unsigned int>, at::native::memory::LoadWithCast<(int)1>, at::native::memory::StoreWithCast<(int)1>>(int, T1, T2, T4, T5, T6, T7)",3,0.008864
2,hbm,cold,candidate,compute_graph_projection_layer_0_q_128,kernel_cutlass_kernel_operatorsdeepseek_v32norm_plainLocalPlainRMSNorm_object_at__tensorptrbf16gmemalign128oi64153615361_tensorptrf32gmemalign16o15361_tensorptrbf16gmemalign128oi641536153_0,1,0.002304
2,hbm,cold,candidate,compute_graph_projection_layer_0_q_128,"void at::native::elementwise_kernel<(int)128, (int)2, void at::native::gpu_kernel_impl_nocast<at::native::BinaryFunctor<float, float, float, at::native::binary_internal::MulFunctor<float>>>(at::TensorIteratorBase &, const T1 &)::[lambda(int) (instance 1)]>(int, T3)",1,0.001504
2,hbm,cold,candidate,compute_graph_projection_layer_0_q_128,"void <unnamed>::elementwise_kernel_with_index<int, at::native::arange_cuda_out(const c10::Scalar &, const c10::Scalar &, const c10::Scalar &, at::Tensor &)::[lambda() (instance 1)]::operator ()() const::[lambda() (instance 4)]::operator ()() const::[lambda(long) (instance 1)]>(T1, T2, function_traits<T2>::result_type *)",1,0.000864
2,hbm,cold,candidate,compute_graph_projection_layer_0_q_128,"void at::native::vectorized_elementwise_kernel<(int)4, at::native::cos_kernel_cuda(at::TensorIteratorBase &)::[lambda() (instance 2)]::operator ()() const::[lambda() (instance 2)]::operator ()() const::[lambda(float) (instance 1)], std::array<char *, (unsigned long)2>>(int, T2, T3)",1,0.001824
2,hbm,cold,candidate,compute_graph_projection_layer_0_q_128,"void at::native::vectorized_elementwise_kernel<(int)4, at::native::sin_kernel_cuda(at::TensorIteratorBase &)::[lambda() (instance 2)]::operator ()() const::[lambda() (instance 2)]::operator ()() const::[lambda(float) (instance 1)], std::array<char *, (unsigned long)2>>(int, T2, T3)",1,0.001792
2,hbm,cold,candidate,compute_graph_projection_layer_0_q_128,"void at::native::<unnamed>::CatArrayBatchedCopy_vectorized<at::native::<unnamed>::OpaqueType<(unsigned int)4>, unsigned int, (int)2, (int)128, (int)1, (int)16, (int)4>(char *, at::native::<unnamed>::CatArrInputTensorMetadata<T1, T2, T4, T5>, at::native::<unnamed>::TensorSizeStride<T2, (unsigned int)4>, int, T2)",1,0.001344
2,hbm,cold,candidate,compute_graph_projection_layer_0_q_128,"void at::native::elementwise_kernel<(int)128, (int)4, void at::native::gpu_kernel_impl_nocast<at::native::direct_copy_kernel_cuda(at::TensorIteratorBase &)::[lambda() (instance 3)]::operator ()() const::[lambda() (instance 12)]::operator ()() const::[lambda(c10::BFloat16) (instance 1)]>(at::TensorIteratorBase &, const T1 &)::[lambda(int) (instance 1)]>(int, T3)",1,0.002528
2,hbm,cold,candidate,compute_graph_projection_layer_0_q_128,kernel_cutlass_kernel_operatorsdeepseek_v32norm_plainLocalPlainRMSNorm_object_at__tensorptrbf16gmemalign128oi645125121_tensorptrf32gmemalign16o5121_tensorptrbf16gmemalign128oi645125121____0,1,0.0016
2,hbm,cold,candidate,compute_graph_projection_layer_0_q_128,"void flashinfer::BatchQKApplyRotaryPosIdsCosSinCacheHeadParallelismKernel<(bool)1, (unsigned int)64, (unsigned int)8, (unsigned int)8, __nv_bfloat16, long>(T5 *, T5 *, T5 *, T5 *, float *, T6 *, unsigned int, unsigned int, unsigned int, unsigned int, unsigned long, unsigned long, unsigned long, unsigned long, unsigned long, unsigned long, unsigned long, unsigned long)",1,0.002976
2,hbm,cold,candidate,compute_graph_projection_layer_0_q_128,"void at::native::<unnamed>::vectorized_layer_norm_kernel<float, float, (bool)0>(int, T2, const T1 *, const T1 *, const T1 *, T2 *, T2 *, T1 *)",1,0.0032
2,hbm,cold,candidate,compute_graph_projection_layer_0_q_128,"void at::native::vectorized_elementwise_kernel<(int)8, at::native::bfloat16_copy_kernel_cuda(at::TensorIteratorBase &)::[lambda(float) (instance 1)], std::array<char *, (unsigned long)2>>(int, T2, T3)",1,0.001248
2,hbm,cold,candidate,compute_graph_projection_layer_0_q_128,"void flashinfer::BatchQKApplyRotaryPosIdsCosSinCacheHeadParallelismKernel<(bool)0, (unsigned int)128, (unsigned int)8, (unsigned int)16, __nv_bfloat16, long>(T5 *, T5 *, T5 *, T5 *, float *, T6 *, unsigned int, unsigned int, unsigned int, unsigned int, unsigned long, unsigned long, unsigned long, unsigned long, unsigned long, unsigned long, unsigned long, unsigned long)",1,0.002528
2,hbm,cold,candidate,compute_graph_projection_layer_0_q_128,quantize_kernel,2,0.0032
2,hbm,cold,candidate,compute_graph_projection_layer_0_q_128,"void at::native::vectorized_elementwise_kernel<(int)4, at::native::AUnaryFunctor<float, float, float, at::native::binary_internal::MulFunctor<float>>, std::array<char *, (unsigned long)2>>(int, T2, T3)",2,0.002208
2,hbm,cold,candidate,compute_graph_projection_layer_0_q_128,"void at::native::vectorized_elementwise_kernel<(int)4, at::native::BinaryFunctor<float, float, float, at::native::binary_internal::MulFunctor<float>>, std::array<char *, (unsigned long)3>>(int, T2, T3)",1,0.001216
2,hbm,cold,candidate,compute_graph_projection_layer_0_q_128,"void at::native::<unnamed>::CatArrayBatchedCopy_vectorized<at::native::<unnamed>::OpaqueType<(unsigned int)2>, unsigned int, (int)2, (int)128, (int)1, (int)16, (int)8>(char *, at::native::<unnamed>::CatArrInputTensorMetadata<T1, T2, T4, T5>, at::native::<unnamed>::TensorSizeStride<T2, (unsigned int)4>, int, T2)",1,0.00224
2,hbm,cold,candidate,exact_topk,"void at::native::elementwise_kernel<(int)128, (int)2, void at::native::gpu_kernel_impl_nocast<at::native::direct_copy_kernel_cuda(at::TensorIteratorBase &)::[lambda() (instance 3)]::operator ()() const::[lambda() (instance 7)]::operator ()() const::[lambda(float) (instance 1)]>(at::TensorIteratorBase &, const T1 &)::[lambda(int) (instance 1)]>(int, T3)",10,0.258689
2,hbm,cold,candidate,exact_topk,"void flashinfer::sampling::FilteredTopKUnifiedKernel<float, int, (int)4, (bool)1, (flashinfer::sampling::FilteredTopKMode)0, (flashinfer::sampling::TopKTieBreak)1, flashinfer::sampling::DirectPageTableKernelPolicy<int>, >(const T1 *, T2 *, T1 *, const T2 *, long, const T2 *, const T2 *, const T2 *, const T2 *, unsigned int, unsigned int, unsigned int, T8...)",10,0.37776
2,hbm,cold,candidate,exact_topk,"void flashinfer::sampling::FinalizeTopKIndicesKernel<(bool)1, (flashinfer::sampling::FilteredTopKMode)0, (unsigned int)256, (unsigned int)8, float, int, flashinfer::sampling::DirectPageTableKernelPolicy<int>, >(T6 *, T5 *, const T6 *, long, const T6 *, const T6 *, unsigned int, unsigned int, T8...)",10,0.121792
2,hbm,cold,candidate,exact_topk,"void flashinfer::sampling::StableSortTopKByValueKernel<(unsigned int)256, (unsigned int)8, int, float>(T3 *, T4 *, unsigned int, unsigned int)",10,0.154849
2,hbm,cold,candidate,exact_topk,mask_kernel,10,0.01376
2,hbm,cold,candidate,compute_graph_finish_layer_0_q_128,kernel_cutlass_kernel_operatorsdeepseek_v32norm_fusedLocalFusedRMSNorm_object_at__tensorptrbf16gmemalign128oi64716871681_tensorptrbf16gmemalign128oi64716871681_tensorptrf32gmemalign16o716_0,1,0.003584
2,hbm,cold,candidate,compute_graph_finish_layer_0_q_128,"void flashinfer::activation::act_and_mul_kernel<__nv_bfloat16, &silu>(T1 *, const T1 *, int)",1,0.005056
2,hbm,cold,candidate,compute_graph_projection_layer_1_q_128,kernel_cutlass_kernel_operatorsdeepseek_v32norm_fusedLocalFusedRMSNorm_object_at__tensorptrbf16gmemalign128oi64716871681_tensorptrbf16gmemalign128oi64716871681_tensorptrf32gmemalign16o716_0,1,0.003392
2,hbm,cold,candidate,compute_graph_projection_layer_1_q_128,"void at::native::elementwise_kernel<(int)128, (int)2, void at::native::gpu_kernel_impl_nocast<at::native::CUDAFunctor_add<long>>(at::TensorIteratorBase &, const T1 &)::[lambda(int) (instance 1)]>(int, T3)",1,0.001344
2,hbm,cold,candidate,compute_graph_projection_layer_1_q_128,"void at::native::unrolled_elementwise_kernel<at::native::direct_copy_kernel_cuda(at::TensorIteratorBase &)::[lambda() (instance 3)]::operator ()() const::[lambda() (instance 7)]::operator ()() const::[lambda(float) (instance 1)], std::array<char *, (unsigned long)2>, (int)4, TrivialOffsetCalculator<(int)1, unsigned int>, TrivialOffsetCalculator<(int)1, unsigned int>, at::native::memory::LoadWithCast<(int)1>, at::native::memory::StoreWithCast<(int)1>>(int, T1, T2, T4, T5, T6, T7)",3,0.008448
2,hbm,cold,candidate,compute_graph_projection_layer_1_q_128,kernel_cutlass_kernel_operatorsdeepseek_v32norm_plainLocalPlainRMSNorm_object_at__tensorptrbf16gmemalign128oi64153615361_tensorptrf32gmemalign16o15361_tensorptrbf16gmemalign128oi641536153_0,1,0.002304
2,hbm,cold,candidate,compute_graph_projection_layer_1_q_128,"void at::native::elementwise_kernel<(int)128, (int)2, void at::native::gpu_kernel_impl_nocast<at::native::BinaryFunctor<float, float, float, at::native::binary_internal::MulFunctor<float>>>(at::TensorIteratorBase &, const T1 &)::[lambda(int) (instance 1)]>(int, T3)",1,0.001632
2,hbm,cold,candidate,compute_graph_projection_layer_1_q_128,"void <unnamed>::elementwise_kernel_with_index<int, at::native::arange_cuda_out(const c10::Scalar &, const c10::Scalar &, const c10::Scalar &, at::Tensor &)::[lambda() (instance 1)]::operator ()() const::[lambda() (instance 4)]::operator ()() const::[lambda(long) (instance 1)]>(T1, T2, function_traits<T2>::result_type *)",1,0.000832
2,hbm,cold,candidate,compute_graph_projection_layer_1_q_128,"void at::native::vectorized_elementwise_kernel<(int)4, at::native::cos_kernel_cuda(at::TensorIteratorBase &)::[lambda() (instance 2)]::operator ()() const::[lambda() (instance 2)]::operator ()() const::[lambda(float) (instance 1)], std::array<char *, (unsigned long)2>>(int, T2, T3)",1,0.00192
2,hbm,cold,candidate,compute_graph_projection_layer_1_q_128,"void at::native::vectorized_elementwise_kernel<(int)4, at::native::sin_kernel_cuda(at::TensorIteratorBase &)::[lambda() (instance 2)]::operator ()() const::[lambda() (instance 2)]::operator ()() const::[lambda(float) (instance 1)], std::array<char *, (unsigned long)2>>(int, T2, T3)",1,0.001888
2,hbm,cold,candidate,compute_graph_projection_layer_1_q_128,"void at::native::<unnamed>::CatArrayBatchedCopy_vectorized<at::native::<unnamed>::OpaqueType<(unsigned int)4>, unsigned int, (int)2, (int)128, (int)1, (int)16, (int)4>(char *, at::native::<unnamed>::CatArrInputTensorMetadata<T1, T2, T4, T5>, at::native::<unnamed>::TensorSizeStride<T2, (unsigned int)4>, int, T2)",1,0.001376
2,hbm,cold,candidate,compute_graph_projection_layer_1_q_128,"void at::native::elementwise_kernel<(int)128, (int)4, void at::native::gpu_kernel_impl_nocast<at::native::direct_copy_kernel_cuda(at::TensorIteratorBase &)::[lambda() (instance 3)]::operator ()() const::[lambda() (instance 12)]::operator ()() const::[lambda(c10::BFloat16) (instance 1)]>(at::TensorIteratorBase &, const T1 &)::[lambda(int) (instance 1)]>(int, T3)",1,0.002528
2,hbm,cold,candidate,compute_graph_projection_layer_1_q_128,kernel_cutlass_kernel_operatorsdeepseek_v32norm_plainLocalPlainRMSNorm_object_at__tensorptrbf16gmemalign128oi645125121_tensorptrf32gmemalign16o5121_tensorptrbf16gmemalign128oi645125121____0,1,0.0016
2,hbm,cold,candidate,compute_graph_projection_layer_1_q_128,"void flashinfer::BatchQKApplyRotaryPosIdsCosSinCacheHeadParallelismKernel<(bool)1, (unsigned int)64, (unsigned int)8, (unsigned int)8, __nv_bfloat16, long>(T5 *, T5 *, T5 *, T5 *, float *, T6 *, unsigned int, unsigned int, unsigned int, unsigned int, unsigned long, unsigned long, unsigned long, unsigned long, unsigned long, unsigned long, unsigned long, unsigned long)",1,0.002944
2,hbm,cold,candidate,compute_graph_projection_layer_1_q_128,"void at::native::<unnamed>::vectorized_layer_norm_kernel<float, float, (bool)0>(int, T2, const T1 *, const T1 *, const T1 *, T2 *, T2 *, T1 *)",1,0.003264
2,hbm,cold,candidate,compute_graph_projection_layer_1_q_128,"void at::native::vectorized_elementwise_kernel<(int)8, at::native::bfloat16_copy_kernel_cuda(at::TensorIteratorBase &)::[lambda(float) (instance 1)], std::array<char *, (unsigned long)2>>(int, T2, T3)",1,0.00128
2,hbm,cold,candidate,compute_graph_projection_layer_1_q_128,"void flashinfer::BatchQKApplyRotaryPosIdsCosSinCacheHeadParallelismKernel<(bool)0, (unsigned int)128, (unsigned int)8, (unsigned int)16, __nv_bfloat16, long>(T5 *, T5 *, T5 *, T5 *, float *, T6 *, unsigned int, unsigned int, unsigned int, unsigned int, unsigned long, unsigned long, unsigned long, unsigned long, unsigned long, unsigned long, unsigned long, unsigned long)",1,0.002528
2,hbm,cold,candidate,compute_graph_projection_layer_1_q_128,quantize_kernel,2,0.003264
2,hbm,cold,candidate,compute_graph_projection_layer_1_q_128,"void at::native::vectorized_elementwise_kernel<(int)4, at::native::AUnaryFunctor<float, float, float, at::native::binary_internal::MulFunctor<float>>, std::array<char *, (unsigned long)2>>(int, T2, T3)",2,0.002304
2,hbm,cold,candidate,compute_graph_projection_layer_1_q_128,"void at::native::vectorized_elementwise_kernel<(int)4, at::native::BinaryFunctor<float, float, float, at::native::binary_internal::MulFunctor<float>>, std::array<char *, (unsigned long)3>>(int, T2, T3)",1,0.001248
2,hbm,cold,candidate,compute_graph_projection_layer_1_q_128,"void at::native::<unnamed>::CatArrayBatchedCopy_vectorized<at::native::<unnamed>::OpaqueType<(unsigned int)2>, unsigned int, (int)2, (int)128, (int)1, (int)16, (int)8>(char *, at::native::<unnamed>::CatArrInputTensorMetadata<T1, T2, T4, T5>, at::native::<unnamed>::TensorSizeStride<T2, (unsigned int)4>, int, T2)",1,0.002336
2,hbm,cold,candidate,compute_graph_finish_layer_1_q_128,kernel_cutlass_kernel_operatorsdeepseek_v32norm_fusedLocalFusedRMSNorm_object_at__tensorptrbf16gmemalign128oi64716871681_tensorptrbf16gmemalign128oi64716871681_tensorptrf32gmemalign16o716_0,1,0.003552
2,hbm,cold,candidate,compute_graph_finish_layer_1_q_128,"void flashinfer::activation::act_and_mul_kernel<__nv_bfloat16, &silu>(T1 *, const T1 *, int)",1,0.005152
2,hbm,cold,candidate,compute_graph_projection_layer_2_q_128,kernel_cutlass_kernel_operatorsdeepseek_v32norm_fusedLocalFusedRMSNorm_object_at__tensorptrbf16gmemalign128oi64716871681_tensorptrbf16gmemalign128oi64716871681_tensorptrf32gmemalign16o716_0,1,0.003584
2,hbm,cold,candidate,compute_graph_projection_layer_2_q_128,"void at::native::elementwise_kernel<(int)128, (int)2, void at::native::gpu_kernel_impl_nocast<at::native::CUDAFunctor_add<long>>(at::TensorIteratorBase &, const T1 &)::[lambda(int) (instance 1)]>(int, T3)",1,0.001952
2,hbm,cold,candidate,compute_graph_projection_layer_2_q_128,"void at::native::unrolled_elementwise_kernel<at::native::direct_copy_kernel_cuda(at::TensorIteratorBase &)::[lambda() (instance 3)]::operator ()() const::[lambda() (instance 7)]::operator ()() const::[lambda(float) (instance 1)], std::array<char *, (unsigned long)2>, (int)4, TrivialOffsetCalculator<(int)1, unsigned int>, TrivialOffsetCalculator<(int)1, unsigned int>, at::native::memory::LoadWithCast<(int)1>, at::native::memory::StoreWithCast<(int)1>>(int, T1, T2, T4, T5, T6, T7)",3,0.008576
2,hbm,cold,candidate,compute_graph_projection_layer_2_q_128,kernel_cutlass_kernel_operatorsdeepseek_v32norm_plainLocalPlainRMSNorm_object_at__tensorptrbf16gmemalign128oi64153615361_tensorptrf32gmemalign16o15361_tensorptrbf16gmemalign128oi641536153_0,1,0.00224
2,hbm,cold,candidate,compute_graph_projection_layer_2_q_128,"void at::native::elementwise_kernel<(int)128, (int)2, void at::native::gpu_kernel_impl_nocast<at::native::BinaryFunctor<float, float, float, at::native::binary_internal::MulFunctor<float>>>(at::TensorIteratorBase &, const T1 &)::[lambda(int) (instance 1)]>(int, T3)",1,0.001536
2,hbm,cold,candidate,compute_graph_projection_layer_2_q_128,"void <unnamed>::elementwise_kernel_with_index<int, at::native::arange_cuda_out(const c10::Scalar &, const c10::Scalar &, const c10::Scalar &, at::Tensor &)::[lambda() (instance 1)]::operator ()() const::[lambda() (instance 4)]::operator ()() const::[lambda(long) (instance 1)]>(T1, T2, function_traits<T2>::result_type *)",1,0.000864
2,hbm,cold,candidate,compute_graph_projection_layer_2_q_128,"void at::native::vectorized_elementwise_kernel<(int)4, at::native::cos_kernel_cuda(at::TensorIteratorBase &)::[lambda() (instance 2)]::operator ()() const::[lambda() (instance 2)]::operator ()() const::[lambda(float) (instance 1)], std::array<char *, (unsigned long)2>>(int, T2, T3)",1,0.001824
2,hbm,cold,candidate,compute_graph_projection_layer_2_q_128,"void at::native::vectorized_elementwise_kernel<(int)4, at::native::sin_kernel_cuda(at::TensorIteratorBase &)::[lambda() (instance 2)]::operator ()() const::[lambda() (instance 2)]::operator ()() const::[lambda(float) (instance 1)], std::array<char *, (unsigned long)2>>(int, T2, T3)",1,0.001824
2,hbm,cold,candidate,compute_graph_projection_layer_2_q_128,"void at::native::<unnamed>::CatArrayBatchedCopy_vectorized<at::native::<unnamed>::OpaqueType<(unsigned int)4>, unsigned int, (int)2, (int)128, (int)1, (int)16, (int)4>(char *, at::native::<unnamed>::CatArrInputTensorMetadata<T1, T2, T4, T5>, at::native::<unnamed>::TensorSizeStride<T2, (unsigned int)4>, int, T2)",1,0.001408
2,hbm,cold,candidate,compute_graph_projection_layer_2_q_128,"void at::native::elementwise_kernel<(int)128, (int)4, void at::native::gpu_kernel_impl_nocast<at::native::direct_copy_kernel_cuda(at::TensorIteratorBase &)::[lambda() (instance 3)]::operator ()() const::[lambda() (instance 12)]::operator ()() const::[lambda(c10::BFloat16) (instance 1)]>(at::TensorIteratorBase &, const T1 &)::[lambda(int) (instance 1)]>(int, T3)",1,0.002592
2,hbm,cold,candidate,compute_graph_projection_layer_2_q_128,kernel_cutlass_kernel_operatorsdeepseek_v32norm_plainLocalPlainRMSNorm_object_at__tensorptrbf16gmemalign128oi645125121_tensorptrf32gmemalign16o5121_tensorptrbf16gmemalign128oi645125121____0,1,0.001504
2,hbm,cold,candidate,compute_graph_projection_layer_2_q_128,"void flashinfer::BatchQKApplyRotaryPosIdsCosSinCacheHeadParallelismKernel<(bool)1, (unsigned int)64, (unsigned int)8, (unsigned int)8, __nv_bfloat16, long>(T5 *, T5 *, T5 *, T5 *, float *, T6 *, unsigned int, unsigned int, unsigned int, unsigned int, unsigned long, unsigned long, unsigned long, unsigned long, unsigned long, unsigned long, unsigned long, unsigned long)",1,0.002752
2,hbm,cold,candidate,compute_graph_projection_layer_2_q_128,"void at::native::<unnamed>::vectorized_layer_norm_kernel<float, float, (bool)0>(int, T2, const T1 *, const T1 *, const T1 *, T2 *, T2 *, T1 *)",1,0.003233
2,hbm,cold,candidate,compute_graph_projection_layer_2_q_128,"void at::native::vectorized_elementwise_kernel<(int)8, at::native::bfloat16_copy_kernel_cuda(at::TensorIteratorBase &)::[lambda(float) (instance 1)], std::array<char *, (unsigned long)2>>(int, T2, T3)",1,0.001216
2,hbm,cold,candidate,compute_graph_projection_layer_2_q_128,"void flashinfer::BatchQKApplyRotaryPosIdsCosSinCacheHeadParallelismKernel<(bool)0, (unsigned int)128, (unsigned int)8, (unsigned int)16, __nv_bfloat16, long>(T5 *, T5 *, T5 *, T5 *, float *, T6 *, unsigned int, unsigned int, unsigned int, unsigned int, unsigned long, unsigned long, unsigned long, unsigned long, unsigned long, unsigned long, unsigned long, unsigned long)",1,0.002464
2,hbm,cold,candidate,compute_graph_projection_layer_2_q_128,quantize_kernel,2,0.0032
2,hbm,cold,candidate,compute_graph_projection_layer_2_q_128,"void at::native::vectorized_elementwise_kernel<(int)4, at::native::AUnaryFunctor<float, float, float, at::native::binary_internal::MulFunctor<float>>, std::array<char *, (unsigned long)2>>(int, T2, T3)",2,0.002272
2,hbm,cold,candidate,compute_graph_projection_layer_2_q_128,"void at::native::vectorized_elementwise_kernel<(int)4, at::native::BinaryFunctor<float, float, float, at::native::binary_internal::MulFunctor<float>>, std::array<char *, (unsigned long)3>>(int, T2, T3)",1,0.001248
2,hbm,cold,candidate,compute_graph_projection_layer_2_q_128,"void at::native::<unnamed>::CatArrayBatchedCopy_vectorized<at::native::<unnamed>::OpaqueType<(unsigned int)2>, unsigned int, (int)2, (int)128, (int)1, (int)16, (int)8>(char *, at::native::<unnamed>::CatArrInputTensorMetadata<T1, T2, T4, T5>, at::native::<unnamed>::TensorSizeStride<T2, (unsigned int)4>, int, T2)",1,0.00208
2,hbm,cold,candidate,compute_graph_finish_layer_2_q_128,kernel_cutlass_kernel_operatorsdeepseek_v32norm_fusedLocalFusedRMSNorm_object_at__tensorptrbf16gmemalign128oi64716871681_tensorptrbf16gmemalign128oi64716871681_tensorptrf32gmemalign16o716_0,1,0.003584
2,hbm,cold,candidate,compute_graph_finish_layer_2_q_128,"void flashinfer::activation::act_and_mul_kernel<__nv_bfloat16, &silu>(T1 *, const T1 *, int)",1,0.005024
2,hbm,cold,candidate,compute_graph_projection_layer_3_q_128,kernel_cutlass_kernel_operatorsdeepseek_v32norm_plainLocalPlainRMSNorm_object_at__tensorptrbf16gmemalign128oi64716871681_tensorptrf32gmemalign16o71681_tensorptrbf16gmemalign128oi647168716_0,1,0.00336
2,hbm,cold,candidate,compute_graph_projection_layer_3_q_128,"void at::native::elementwise_kernel<(int)128, (int)2, void at::native::gpu_kernel_impl_nocast<at::native::CUDAFunctor_add<long>>(at::TensorIteratorBase &, const T1 &)::[lambda(int) (instance 1)]>(int, T3)",1,0.001632
2,hbm,cold,candidate,compute_graph_projection_layer_3_q_128,"void at::native::unrolled_elementwise_kernel<at::native::direct_copy_kernel_cuda(at::TensorIteratorBase &)::[lambda() (instance 3)]::operator ()() const::[lambda() (instance 7)]::operator ()() const::[lambda(float) (instance 1)], std::array<char *, (unsigned long)2>, (int)4, TrivialOffsetCalculator<(int)1, unsigned int>, TrivialOffsetCalculator<(int)1, unsigned int>, at::native::memory::LoadWithCast<(int)1>, at::native::memory::StoreWithCast<(int)1>>(int, T1, T2, T4, T5, T6, T7)",3,0.008352
2,hbm,cold,candidate,compute_graph_projection_layer_3_q_128,kernel_cutlass_kernel_operatorsdeepseek_v32norm_plainLocalPlainRMSNorm_object_at__tensorptrbf16gmemalign128oi64153615361_tensorptrf32gmemalign16o15361_tensorptrbf16gmemalign128oi641536153_0,1,0.002208
2,hbm,cold,candidate,compute_graph_projection_layer_3_q_128,"void at::native::elementwise_kernel<(int)128, (int)2, void at::native::gpu_kernel_impl_nocast<at::native::BinaryFunctor<float, float, float, at::native::binary_internal::MulFunctor<float>>>(at::TensorIteratorBase &, const T1 &)::[lambda(int) (instance 1)]>(int, T3)",1,0.001536
2,hbm,cold,candidate,compute_graph_projection_layer_3_q_128,"void <unnamed>::elementwise_kernel_with_index<int, at::native::arange_cuda_out(const c10::Scalar &, const c10::Scalar &, const c10::Scalar &, at::Tensor &)::[lambda() (instance 1)]::operator ()() const::[lambda() (instance 4)]::operator ()() const::[lambda(long) (instance 1)]>(T1, T2, function_traits<T2>::result_type *)",1,0.000864
2,hbm,cold,candidate,compute_graph_projection_layer_3_q_128,"void at::native::vectorized_elementwise_kernel<(int)4, at::native::cos_kernel_cuda(at::TensorIteratorBase &)::[lambda() (instance 2)]::operator ()() const::[lambda() (instance 2)]::operator ()() const::[lambda(float) (instance 1)], std::array<char *, (unsigned long)2>>(int, T2, T3)",1,0.001856
2,hbm,cold,candidate,compute_graph_projection_layer_3_q_128,"void at::native::vectorized_elementwise_kernel<(int)4, at::native::sin_kernel_cuda(at::TensorIteratorBase &)::[lambda() (instance 2)]::operator ()() const::[lambda() (instance 2)]::operator ()() const::[lambda(float) (instance 1)], std::array<char *, (unsigned long)2>>(int, T2, T3)",1,0.001888
2,hbm,cold,candidate,compute_graph_projection_layer_3_q_128,"void at::native::<unnamed>::CatArrayBatchedCopy_vectorized<at::native::<unnamed>::OpaqueType<(unsigned int)4>, unsigned int, (int)2, (int)128, (int)1, (int)16, (int)4>(char *, at::native::<unnamed>::CatArrInputTensorMetadata<T1, T2, T4, T5>, at::native::<unnamed>::TensorSizeStride<T2, (unsigned int)4>, int, T2)",1,0.001408
2,hbm,cold,candidate,compute_graph_projection_layer_3_q_128,"void at::native::elementwise_kernel<(int)128, (int)4, void at::native::gpu_kernel_impl_nocast<at::native::direct_copy_kernel_cuda(at::TensorIteratorBase &)::[lambda() (instance 3)]::operator ()() const::[lambda() (instance 12)]::operator ()() const::[lambda(c10::BFloat16) (instance 1)]>(at::TensorIteratorBase &, const T1 &)::[lambda(int) (instance 1)]>(int, T3)",1,0.002624
2,hbm,cold,candidate,compute_graph_projection_layer_3_q_128,kernel_cutlass_kernel_operatorsdeepseek_v32norm_plainLocalPlainRMSNorm_object_at__tensorptrbf16gmemalign128oi645125121_tensorptrf32gmemalign16o5121_tensorptrbf16gmemalign128oi645125121____0,1,0.001568
2,hbm,cold,candidate,compute_graph_projection_layer_3_q_128,"void flashinfer::BatchQKApplyRotaryPosIdsCosSinCacheHeadParallelismKernel<(bool)1, (unsigned int)64, (unsigned int)8, (unsigned int)8, __nv_bfloat16, long>(T5 *, T5 *, T5 *, T5 *, float *, T6 *, unsigned int, unsigned int, unsigned int, unsigned int, unsigned long, unsigned long, unsigned long, unsigned long, unsigned long, unsigned long, unsigned long, unsigned long)",1,0.003072
2,hbm,cold,candidate,compute_graph_projection_layer_3_q_128,"void at::native::<unnamed>::vectorized_layer_norm_kernel<float, float, (bool)0>(int, T2, const T1 *, const T1 *, const T1 *, T2 *, T2 *, T1 *)",1,0.0032
2,hbm,cold,candidate,compute_graph_projection_layer_3_q_128,"void at::native::vectorized_elementwise_kernel<(int)8, at::native::bfloat16_copy_kernel_cuda(at::TensorIteratorBase &)::[lambda(float) (instance 1)], std::array<char *, (unsigned long)2>>(int, T2, T3)",1,0.001248
2,hbm,cold,candidate,compute_graph_projection_layer_3_q_128,"void flashinfer::BatchQKApplyRotaryPosIdsCosSinCacheHeadParallelismKernel<(bool)0, (unsigned int)128, (unsigned int)8, (unsigned int)16, __nv_bfloat16, long>(T5 *, T5 *, T5 *, T5 *, float *, T6 *, unsigned int, unsigned int, unsigned int, unsigned int, unsigned long, unsigned long, unsigned long, unsigned long, unsigned long, unsigned long, unsigned long, unsigned long)",1,0.002528
2,hbm,cold,candidate,compute_graph_projection_layer_3_q_128,quantize_kernel,2,0.003104
2,hbm,cold,candidate,compute_graph_projection_layer_3_q_128,"void at::native::vectorized_elementwise_kernel<(int)4, at::native::AUnaryFunctor<float, float, float, at::native::binary_internal::MulFunctor<float>>, std::array<char *, (unsigned long)2>>(int, T2, T3)",2,0.002176
2,hbm,cold,candidate,compute_graph_projection_layer_3_q_128,"void at::native::vectorized_elementwise_kernel<(int)4, at::native::BinaryFunctor<float, float, float, at::native::binary_internal::MulFunctor<float>>, std::array<char *, (unsigned long)3>>(int, T2, T3)",1,0.001216
2,hbm,cold,candidate,compute_graph_projection_layer_3_q_128,"void at::native::<unnamed>::CatArrayBatchedCopy_vectorized<at::native::<unnamed>::OpaqueType<(unsigned int)2>, unsigned int, (int)2, (int)128, (int)1, (int)16, (int)8>(char *, at::native::<unnamed>::CatArrInputTensorMetadata<T1, T2, T4, T5>, at::native::<unnamed>::TensorSizeStride<T2, (unsigned int)4>, int, T2)",1,0.001952
2,hbm,cold,candidate,compute_graph_finish_layer_3_q_128,kernel_cutlass_kernel_operatorsdeepseek_v32norm_fusedLocalFusedRMSNorm_object_at__tensorptrbf16gmemalign128oi64716871681_tensorptrbf16gmemalign128oi64716871681_tensorptrf32gmemalign16o716_0,1,0.003584
2,hbm,cold,candidate,compute_graph_finish_layer_3_q_128,"void flashinfer::activation::act_and_mul_kernel<__nv_bfloat16, &silu>(T1 *, const T1 *, int)",1,0.005217
2,hbm,cold,candidate,compute_graph_projection_layer_4_q_128,kernel_cutlass_kernel_operatorsdeepseek_v32norm_fusedLocalFusedRMSNorm_object_at__tensorptrbf16gmemalign128oi64716871681_tensorptrbf16gmemalign128oi64716871681_tensorptrf32gmemalign16o716_0,1,0.003488
2,hbm,cold,candidate,compute_graph_projection_layer_4_q_128,"void at::native::elementwise_kernel<(int)128, (int)2, void at::native::gpu_kernel_impl_nocast<at::native::CUDAFunctor_add<long>>(at::TensorIteratorBase &, const T1 &)::[lambda(int) (instance 1)]>(int, T3)",1,0.001312
2,hbm,cold,candidate,compute_graph_projection_layer_4_q_128,"void at::native::unrolled_elementwise_kernel<at::native::direct_copy_kernel_cuda(at::TensorIteratorBase &)::[lambda() (instance 3)]::operator ()() const::[lambda() (instance 7)]::operator ()() const::[lambda(float) (instance 1)], std::array<char *, (unsigned long)2>, (int)4, TrivialOffsetCalculator<(int)1, unsigned int>, TrivialOffsetCalculator<(int)1, unsigned int>, at::native::memory::LoadWithCast<(int)1>, at::native::memory::StoreWithCast<(int)1>>(int, T1, T2, T4, T5, T6, T7)",3,0.008416
2,hbm,cold,candidate,compute_graph_projection_layer_4_q_128,kernel_cutlass_kernel_operatorsdeepseek_v32norm_plainLocalPlainRMSNorm_object_at__tensorptrbf16gmemalign128oi64153615361_tensorptrf32gmemalign16o15361_tensorptrbf16gmemalign128oi641536153_0,1,0.002432
2,hbm,cold,candidate,compute_graph_projection_layer_4_q_128,"void at::native::elementwise_kernel<(int)128, (int)2, void at::native::gpu_kernel_impl_nocast<at::native::BinaryFunctor<float, float, float, at::native::binary_internal::MulFunctor<float>>>(at::TensorIteratorBase &, const T1 &)::[lambda(int) (instance 1)]>(int, T3)",1,0.0016
2,hbm,cold,candidate,compute_graph_projection_layer_4_q_128,"void <unnamed>::elementwise_kernel_with_index<int, at::native::arange_cuda_out(const c10::Scalar &, const c10::Scalar &, const c10::Scalar &, at::Tensor &)::[lambda() (instance 1)]::operator ()() const::[lambda() (instance 4)]::operator ()() const::[lambda(long) (instance 1)]>(T1, T2, function_traits<T2>::result_type *)",1,0.000864
2,hbm,cold,candidate,compute_graph_projection_layer_4_q_128,"void at::native::vectorized_elementwise_kernel<(int)4, at::native::cos_kernel_cuda(at::TensorIteratorBase &)::[lambda() (instance 2)]::operator ()() const::[lambda() (instance 2)]::operator ()() const::[lambda(float) (instance 1)], std::array<char *, (unsigned long)2>>(int, T2, T3)",1,0.001824
2,hbm,cold,candidate,compute_graph_projection_layer_4_q_128,"void at::native::vectorized_elementwise_kernel<(int)4, at::native::sin_kernel_cuda(at::TensorIteratorBase &)::[lambda() (instance 2)]::operator ()() const::[lambda() (instance 2)]::operator ()() const::[lambda(float) (instance 1)], std::array<char *, (unsigned long)2>>(int, T2, T3)",1,0.001792
2,hbm,cold,candidate,compute_graph_projection_layer_4_q_128,"void at::native::<unnamed>::CatArrayBatchedCopy_vectorized<at::native::<unnamed>::OpaqueType<(unsigned int)4>, unsigned int, (int)2, (int)128, (int)1, (int)16, (int)4>(char *, at::native::<unnamed>::CatArrInputTensorMetadata<T1, T2, T4, T5>, at::native::<unnamed>::TensorSizeStride<T2, (unsigned int)4>, int, T2)",1,0.001376
2,hbm,cold,candidate,compute_graph_projection_layer_4_q_128,"void at::native::elementwise_kernel<(int)128, (int)4, void at::native::gpu_kernel_impl_nocast<at::native::direct_copy_kernel_cuda(at::TensorIteratorBase &)::[lambda() (instance 3)]::operator ()() const::[lambda() (instance 12)]::operator ()() const::[lambda(c10::BFloat16) (instance 1)]>(at::TensorIteratorBase &, const T1 &)::[lambda(int) (instance 1)]>(int, T3)",1,0.002592
2,hbm,cold,candidate,compute_graph_projection_layer_4_q_128,kernel_cutlass_kernel_operatorsdeepseek_v32norm_plainLocalPlainRMSNorm_object_at__tensorptrbf16gmemalign128oi645125121_tensorptrf32gmemalign16o5121_tensorptrbf16gmemalign128oi645125121____0,1,0.001632
2,hbm,cold,candidate,compute_graph_projection_layer_4_q_128,"void flashinfer::BatchQKApplyRotaryPosIdsCosSinCacheHeadParallelismKernel<(bool)1, (unsigned int)64, (unsigned int)8, (unsigned int)8, __nv_bfloat16, long>(T5 *, T5 *, T5 *, T5 *, float *, T6 *, unsigned int, unsigned int, unsigned int, unsigned int, unsigned long, unsigned long, unsigned long, unsigned long, unsigned long, unsigned long, unsigned long, unsigned long)",1,0.002816
2,hbm,cold,candidate,compute_graph_projection_layer_4_q_128,"void at::native::<unnamed>::vectorized_layer_norm_kernel<float, float, (bool)0>(int, T2, const T1 *, const T1 *, const T1 *, T2 *, T2 *, T1 *)",1,0.003232
2,hbm,cold,candidate,compute_graph_projection_layer_4_q_128,"void at::native::vectorized_elementwise_kernel<(int)8, at::native::bfloat16_copy_kernel_cuda(at::TensorIteratorBase &)::[lambda(float) (instance 1)], std::array<char *, (unsigned long)2>>(int, T2, T3)",1,0.001216
2,hbm,cold,candidate,compute_graph_projection_layer_4_q_128,"void flashinfer::BatchQKApplyRotaryPosIdsCosSinCacheHeadParallelismKernel<(bool)0, (unsigned int)128, (unsigned int)8, (unsigned int)16, __nv_bfloat16, long>(T5 *, T5 *, T5 *, T5 *, float *, T6 *, unsigned int, unsigned int, unsigned int, unsigned int, unsigned long, unsigned long, unsigned long, unsigned long, unsigned long, unsigned long, unsigned long, unsigned long)",1,0.002528
2,hbm,cold,candidate,compute_graph_projection_layer_4_q_128,quantize_kernel,2,0.003232
2,hbm,cold,candidate,compute_graph_projection_layer_4_q_128,"void at::native::vectorized_elementwise_kernel<(int)4, at::native::AUnaryFunctor<float, float, float, at::native::binary_internal::MulFunctor<float>>, std::array<char *, (unsigned long)2>>(int, T2, T3)",2,0.002304
2,hbm,cold,candidate,compute_graph_projection_layer_4_q_128,"void at::native::vectorized_elementwise_kernel<(int)4, at::native::BinaryFunctor<float, float, float, at::native::binary_internal::MulFunctor<float>>, std::array<char *, (unsigned long)3>>(int, T2, T3)",1,0.00128
2,hbm,cold,candidate,compute_graph_projection_layer_4_q_128,"void at::native::<unnamed>::CatArrayBatchedCopy_vectorized<at::native::<unnamed>::OpaqueType<(unsigned int)2>, unsigned int, (int)2, (int)128, (int)1, (int)16, (int)8>(char *, at::native::<unnamed>::CatArrInputTensorMetadata<T1, T2, T4, T5>, at::native::<unnamed>::TensorSizeStride<T2, (unsigned int)4>, int, T2)",1,0.002273
2,hbm,cold,candidate,compute_graph_finish_layer_4_q_128,kernel_cutlass_kernel_operatorsdeepseek_v32norm_fusedLocalFusedRMSNorm_object_at__tensorptrbf16gmemalign128oi64716871681_tensorptrbf16gmemalign128oi64716871681_tensorptrf32gmemalign16o716_0,1,0.00352
2,hbm,cold,candidate,compute_graph_finish_layer_4_q_128,"void flashinfer::activation::act_and_mul_kernel<__nv_bfloat16, &silu>(T1 *, const T1 *, int)",1,0.005376
2,hbm,cold,candidate,compute_graph_projection_layer_5_q_128,kernel_cutlass_kernel_operatorsdeepseek_v32norm_fusedLocalFusedRMSNorm_object_at__tensorptrbf16gmemalign128oi64716871681_tensorptrbf16gmemalign128oi64716871681_tensorptrf32gmemalign16o716_0,1,0.003456
2,hbm,cold,candidate,compute_graph_projection_layer_5_q_128,"void at::native::elementwise_kernel<(int)128, (int)2, void at::native::gpu_kernel_impl_nocast<at::native::CUDAFunctor_add<long>>(at::TensorIteratorBase &, const T1 &)::[lambda(int) (instance 1)]>(int, T3)",1,0.0016
2,hbm,cold,candidate,compute_graph_projection_layer_5_q_128,"void at::native::unrolled_elementwise_kernel<at::native::direct_copy_kernel_cuda(at::TensorIteratorBase &)::[lambda() (instance 3)]::operator ()() const::[lambda() (instance 7)]::operator ()() const::[lambda(float) (instance 1)], std::array<char *, (unsigned long)2>, (int)4, TrivialOffsetCalculator<(int)1, unsigned int>, TrivialOffsetCalculator<(int)1, unsigned int>, at::native::memory::LoadWithCast<(int)1>, at::native::memory::StoreWithCast<(int)1>>(int, T1, T2, T4, T5, T6, T7)",3,0.0088
2,hbm,cold,candidate,compute_graph_projection_layer_5_q_128,kernel_cutlass_kernel_operatorsdeepseek_v32norm_plainLocalPlainRMSNorm_object_at__tensorptrbf16gmemalign128oi64153615361_tensorptrf32gmemalign16o15361_tensorptrbf16gmemalign128oi641536153_0,1,0.003136
2,hbm,cold,candidate,compute_graph_projection_layer_5_q_128,"void at::native::elementwise_kernel<(int)128, (int)2, void at::native::gpu_kernel_impl_nocast<at::native::BinaryFunctor<float, float, float, at::native::binary_internal::MulFunctor<float>>>(at::TensorIteratorBase &, const T1 &)::[lambda(int) (instance 1)]>(int, T3)",1,0.0016
2,hbm,cold,candidate,compute_graph_projection_layer_5_q_128,"void <unnamed>::elementwise_kernel_with_index<int, at::native::arange_cuda_out(const c10::Scalar &, const c10::Scalar &, const c10::Scalar &, at::Tensor &)::[lambda() (instance 1)]::operator ()() const::[lambda() (instance 4)]::operator ()() const::[lambda(long) (instance 1)]>(T1, T2, function_traits<T2>::result_type *)",1,0.000768
2,hbm,cold,candidate,compute_graph_projection_layer_5_q_128,"void at::native::vectorized_elementwise_kernel<(int)4, at::native::cos_kernel_cuda(at::TensorIteratorBase &)::[lambda() (instance 2)]::operator ()() const::[lambda() (instance 2)]::operator ()() const::[lambda(float) (instance 1)], std::array<char *, (unsigned long)2>>(int, T2, T3)",1,0.001952
2,hbm,cold,candidate,compute_graph_projection_layer_5_q_128,"void at::native::vectorized_elementwise_kernel<(int)4, at::native::sin_kernel_cuda(at::TensorIteratorBase &)::[lambda() (instance 2)]::operator ()() const::[lambda() (instance 2)]::operator ()() const::[lambda(float) (instance 1)], std::array<char *, (unsigned long)2>>(int, T2, T3)",1,0.001856
2,hbm,cold,candidate,compute_graph_projection_layer_5_q_128,"void at::native::<unnamed>::CatArrayBatchedCopy_vectorized<at::native::<unnamed>::OpaqueType<(unsigned int)4>, unsigned int, (int)2, (int)128, (int)1, (int)16, (int)4>(char *, at::native::<unnamed>::CatArrInputTensorMetadata<T1, T2, T4, T5>, at::native::<unnamed>::TensorSizeStride<T2, (unsigned int)4>, int, T2)",1,0.001376
2,hbm,cold,candidate,compute_graph_projection_layer_5_q_128,"void at::native::elementwise_kernel<(int)128, (int)4, void at::native::gpu_kernel_impl_nocast<at::native::direct_copy_kernel_cuda(at::TensorIteratorBase &)::[lambda() (instance 3)]::operator ()() const::[lambda() (instance 12)]::operator ()() const::[lambda(c10::BFloat16) (instance 1)]>(at::TensorIteratorBase &, const T1 &)::[lambda(int) (instance 1)]>(int, T3)",1,0.002592
2,hbm,cold,candidate,compute_graph_projection_layer_5_q_128,kernel_cutlass_kernel_operatorsdeepseek_v32norm_plainLocalPlainRMSNorm_object_at__tensorptrbf16gmemalign128oi645125121_tensorptrf32gmemalign16o5121_tensorptrbf16gmemalign128oi645125121____0,1,0.001728
2,hbm,cold,candidate,compute_graph_projection_layer_5_q_128,"void flashinfer::BatchQKApplyRotaryPosIdsCosSinCacheHeadParallelismKernel<(bool)1, (unsigned int)64, (unsigned int)8, (unsigned int)8, __nv_bfloat16, long>(T5 *, T5 *, T5 *, T5 *, float *, T6 *, unsigned int, unsigned int, unsigned int, unsigned int, unsigned long, unsigned long, unsigned long, unsigned long, unsigned long, unsigned long, unsigned long, unsigned long)",1,0.002784
2,hbm,cold,candidate,compute_graph_projection_layer_5_q_128,"void at::native::<unnamed>::vectorized_layer_norm_kernel<float, float, (bool)0>(int, T2, const T1 *, const T1 *, const T1 *, T2 *, T2 *, T1 *)",1,0.003744
2,hbm,cold,candidate,compute_graph_projection_layer_5_q_128,"void at::native::vectorized_elementwise_kernel<(int)8, at::native::bfloat16_copy_kernel_cuda(at::TensorIteratorBase &)::[lambda(float) (instance 1)], std::array<char *, (unsigned long)2>>(int, T2, T3)",1,0.001248
2,hbm,cold,candidate,compute_graph_projection_layer_5_q_128,"void flashinfer::BatchQKApplyRotaryPosIdsCosSinCacheHeadParallelismKernel<(bool)0, (unsigned int)128, (unsigned int)8, (unsigned int)16, __nv_bfloat16, long>(T5 *, T5 *, T5 *, T5 *, float *, T6 *, unsigned int, unsigned int, unsigned int, unsigned int, unsigned long, unsigned long, unsigned long, unsigned long, unsigned long, unsigned long, unsigned long, unsigned long)",1,0.00256
2,hbm,cold,candidate,compute_graph_projection_layer_5_q_128,quantize_kernel,2,0.003104
2,hbm,cold,candidate,compute_graph_projection_layer_5_q_128,"void at::native::vectorized_elementwise_kernel<(int)4, at::native::AUnaryFunctor<float, float, float, at::native::binary_internal::MulFunctor<float>>, std::array<char *, (unsigned long)2>>(int, T2, T3)",2,0.00224
2,hbm,cold,candidate,compute_graph_projection_layer_5_q_128,"void at::native::vectorized_elementwise_kernel<(int)4, at::native::BinaryFunctor<float, float, float, at::native::binary_internal::MulFunctor<float>>, std::array<char *, (unsigned long)3>>(int, T2, T3)",1,0.001248
2,hbm,cold,candidate,compute_graph_projection_layer_5_q_128,"void at::native::<unnamed>::CatArrayBatchedCopy_vectorized<at::native::<unnamed>::OpaqueType<(unsigned int)2>, unsigned int, (int)2, (int)128, (int)1, (int)16, (int)8>(char *, at::native::<unnamed>::CatArrInputTensorMetadata<T1, T2, T4, T5>, at::native::<unnamed>::TensorSizeStride<T2, (unsigned int)4>, int, T2)",1,0.002112
2,hbm,cold,candidate,compute_graph_finish_layer_5_q_128,kernel_cutlass_kernel_operatorsdeepseek_v32norm_fusedLocalFusedRMSNorm_object_at__tensorptrbf16gmemalign128oi64716871681_tensorptrbf16gmemalign128oi64716871681_tensorptrf32gmemalign16o716_0,1,0.003552
2,hbm,cold,candidate,compute_graph_finish_layer_5_q_128,"void flashinfer::activation::act_and_mul_kernel<__nv_bfloat16, &silu>(T1 *, const T1 *, int)",1,0.005184
2,hbm,cold,candidate,compute_graph_projection_layer_6_q_128,kernel_cutlass_kernel_operatorsdeepseek_v32norm_plainLocalPlainRMSNorm_object_at__tensorptrbf16gmemalign128oi64716871681_tensorptrf32gmemalign16o71681_tensorptrbf16gmemalign128oi647168716_0,1,0.003264
2,hbm,cold,candidate,compute_graph_projection_layer_6_q_128,"void at::native::elementwise_kernel<(int)128, (int)2, void at::native::gpu_kernel_impl_nocast<at::native::CUDAFunctor_add<long>>(at::TensorIteratorBase &, const T1 &)::[lambda(int) (instance 1)]>(int, T3)",1,0.001344
2,hbm,cold,candidate,compute_graph_projection_layer_6_q_128,"void at::native::unrolled_elementwise_kernel<at::native::direct_copy_kernel_cuda(at::TensorIteratorBase &)::[lambda() (instance 3)]::operator ()() const::[lambda() (instance 7)]::operator ()() const::[lambda(float) (instance 1)], std::array<char *, (unsigned long)2>, (int)4, TrivialOffsetCalculator<(int)1, unsigned int>, TrivialOffsetCalculator<(int)1, unsigned int>, at::native::memory::LoadWithCast<(int)1>, at::native::memory::StoreWithCast<(int)1>>(int, T1, T2, T4, T5, T6, T7)",3,0.00848
2,hbm,cold,candidate,compute_graph_projection_layer_6_q_128,kernel_cutlass_kernel_operatorsdeepseek_v32norm_plainLocalPlainRMSNorm_object_at__tensorptrbf16gmemalign128oi64153615361_tensorptrf32gmemalign16o15361_tensorptrbf16gmemalign128oi641536153_0,1,0.002272
2,hbm,cold,candidate,compute_graph_projection_layer_6_q_128,"void at::native::elementwise_kernel<(int)128, (int)2, void at::native::gpu_kernel_impl_nocast<at::native::BinaryFunctor<float, float, float, at::native::binary_internal::MulFunctor<float>>>(at::TensorIteratorBase &, const T1 &)::[lambda(int) (instance 1)]>(int, T3)",1,0.0016
2,hbm,cold,candidate,compute_graph_projection_layer_6_q_128,"void <unnamed>::elementwise_kernel_with_index<int, at::native::arange_cuda_out(const c10::Scalar &, const c10::Scalar &, const c10::Scalar &, at::Tensor &)::[lambda() (instance 1)]::operator ()() const::[lambda() (instance 4)]::operator ()() const::[lambda(long) (instance 1)]>(T1, T2, function_traits<T2>::result_type *)",1,0.000864
2,hbm,cold,candidate,compute_graph_projection_layer_6_q_128,"void at::native::vectorized_elementwise_kernel<(int)4, at::native::cos_kernel_cuda(at::TensorIteratorBase &)::[lambda() (instance 2)]::operator ()() const::[lambda() (instance 2)]::operator ()() const::[lambda(float) (instance 1)], std::array<char *, (unsigned long)2>>(int, T2, T3)",1,0.001856
2,hbm,cold,candidate,compute_graph_projection_layer_6_q_128,"void at::native::vectorized_elementwise_kernel<(int)4, at::native::sin_kernel_cuda(at::TensorIteratorBase &)::[lambda() (instance 2)]::operator ()() const::[lambda() (instance 2)]::operator ()() const::[lambda(float) (instance 1)], std::array<char *, (unsigned long)2>>(int, T2, T3)",1,0.001856
2,hbm,cold,candidate,compute_graph_projection_layer_6_q_128,"void at::native::<unnamed>::CatArrayBatchedCopy_vectorized<at::native::<unnamed>::OpaqueType<(unsigned int)4>, unsigned int, (int)2, (int)128, (int)1, (int)16, (int)4>(char *, at::native::<unnamed>::CatArrInputTensorMetadata<T1, T2, T4, T5>, at::native::<unnamed>::TensorSizeStride<T2, (unsigned int)4>, int, T2)",1,0.001408
2,hbm,cold,candidate,compute_graph_projection_layer_6_q_128,"void at::native::elementwise_kernel<(int)128, (int)4, void at::native::gpu_kernel_impl_nocast<at::native::direct_copy_kernel_cuda(at::TensorIteratorBase &)::[lambda() (instance 3)]::operator ()() const::[lambda() (instance 12)]::operator ()() const::[lambda(c10::BFloat16) (instance 1)]>(at::TensorIteratorBase &, const T1 &)::[lambda(int) (instance 1)]>(int, T3)",1,0.002528
2,hbm,cold,candidate,compute_graph_projection_layer_6_q_128,kernel_cutlass_kernel_operatorsdeepseek_v32norm_plainLocalPlainRMSNorm_object_at__tensorptrbf16gmemalign128oi645125121_tensorptrf32gmemalign16o5121_tensorptrbf16gmemalign128oi645125121____0,1,0.001472
2,hbm,cold,candidate,compute_graph_projection_layer_6_q_128,"void flashinfer::BatchQKApplyRotaryPosIdsCosSinCacheHeadParallelismKernel<(bool)1, (unsigned int)64, (unsigned int)8, (unsigned int)8, __nv_bfloat16, long>(T5 *, T5 *, T5 *, T5 *, float *, T6 *, unsigned int, unsigned int, unsigned int, unsigned int, unsigned long, unsigned long, unsigned long, unsigned long, unsigned long, unsigned long, unsigned long, unsigned long)",1,0.002784
2,hbm,cold,candidate,compute_graph_projection_layer_6_q_128,"void at::native::<unnamed>::vectorized_layer_norm_kernel<float, float, (bool)0>(int, T2, const T1 *, const T1 *, const T1 *, T2 *, T2 *, T1 *)",1,0.003232
2,hbm,cold,candidate,compute_graph_projection_layer_6_q_128,"void at::native::vectorized_elementwise_kernel<(int)8, at::native::bfloat16_copy_kernel_cuda(at::TensorIteratorBase &)::[lambda(float) (instance 1)], std::array<char *, (unsigned long)2>>(int, T2, T3)",1,0.001248
2,hbm,cold,candidate,compute_graph_projection_layer_6_q_128,"void flashinfer::BatchQKApplyRotaryPosIdsCosSinCacheHeadParallelismKernel<(bool)0, (unsigned int)128, (unsigned int)8, (unsigned int)16, __nv_bfloat16, long>(T5 *, T5 *, T5 *, T5 *, float *, T6 *, unsigned int, unsigned int, unsigned int, unsigned int, unsigned long, unsigned long, unsigned long, unsigned long, unsigned long, unsigned long, unsigned long, unsigned long)",1,0.002592
2,hbm,cold,candidate,compute_graph_projection_layer_6_q_128,quantize_kernel,2,0.003232
2,hbm,cold,candidate,compute_graph_projection_layer_6_q_128,"void at::native::vectorized_elementwise_kernel<(int)4, at::native::AUnaryFunctor<float, float, float, at::native::binary_internal::MulFunctor<float>>, std::array<char *, (unsigned long)2>>(int, T2, T3)",2,0.002272
2,hbm,cold,candidate,compute_graph_projection_layer_6_q_128,"void at::native::vectorized_elementwise_kernel<(int)4, at::native::BinaryFunctor<float, float, float, at::native::binary_internal::MulFunctor<float>>, std::array<char *, (unsigned long)3>>(int, T2, T3)",1,0.001248
2,hbm,cold,candidate,compute_graph_projection_layer_6_q_128,"void at::native::<unnamed>::CatArrayBatchedCopy_vectorized<at::native::<unnamed>::OpaqueType<(unsigned int)2>, unsigned int, (int)2, (int)128, (int)1, (int)16, (int)8>(char *, at::native::<unnamed>::CatArrInputTensorMetadata<T1, T2, T4, T5>, at::native::<unnamed>::TensorSizeStride<T2, (unsigned int)4>, int, T2)",1,0.002272
2,hbm,cold,candidate,compute_graph_finish_layer_6_q_128,kernel_cutlass_kernel_operatorsdeepseek_v32norm_fusedLocalFusedRMSNorm_object_at__tensorptrbf16gmemalign128oi64716871681_tensorptrbf16gmemalign128oi64716871681_tensorptrf32gmemalign16o716_0,1,0.003648
2,hbm,cold,candidate,compute_graph_finish_layer_6_q_128,"void flashinfer::activation::act_and_mul_kernel<__nv_bfloat16, &silu>(T1 *, const T1 *, int)",1,0.005056
2,hbm,cold,candidate,compute_graph_projection_layer_7_q_128,kernel_cutlass_kernel_operatorsdeepseek_v32norm_fusedLocalFusedRMSNorm_object_at__tensorptrbf16gmemalign128oi64716871681_tensorptrbf16gmemalign128oi64716871681_tensorptrf32gmemalign16o716_0,1,0.003744
2,hbm,cold,candidate,compute_graph_projection_layer_7_q_128,"void at::native::elementwise_kernel<(int)128, (int)2, void at::native::gpu_kernel_impl_nocast<at::native::CUDAFunctor_add<long>>(at::TensorIteratorBase &, const T1 &)::[lambda(int) (instance 1)]>(int, T3)",1,0.001824
2,hbm,cold,candidate,compute_graph_projection_layer_7_q_128,"void at::native::unrolled_elementwise_kernel<at::native::direct_copy_kernel_cuda(at::TensorIteratorBase &)::[lambda() (instance 3)]::operator ()() const::[lambda() (instance 7)]::operator ()() const::[lambda(float) (instance 1)], std::array<char *, (unsigned long)2>, (int)4, TrivialOffsetCalculator<(int)1, unsigned int>, TrivialOffsetCalculator<(int)1, unsigned int>, at::native::memory::LoadWithCast<(int)1>, at::native::memory::StoreWithCast<(int)1>>(int, T1, T2, T4, T5, T6, T7)",3,0.008512
2,hbm,cold,candidate,compute_graph_projection_layer_7_q_128,kernel_cutlass_kernel_operatorsdeepseek_v32norm_plainLocalPlainRMSNorm_object_at__tensorptrbf16gmemalign128oi64153615361_tensorptrf32gmemalign16o15361_tensorptrbf16gmemalign128oi641536153_0,1,0.00224
2,hbm,cold,candidate,compute_graph_projection_layer_7_q_128,"void at::native::elementwise_kernel<(int)128, (int)2, void at::native::gpu_kernel_impl_nocast<at::native::BinaryFunctor<float, float, float, at::native::binary_internal::MulFunctor<float>>>(at::TensorIteratorBase &, const T1 &)::[lambda(int) (instance 1)]>(int, T3)",1,0.001728
2,hbm,cold,candidate,compute_graph_projection_layer_7_q_128,"void <unnamed>::elementwise_kernel_with_index<int, at::native::arange_cuda_out(const c10::Scalar &, const c10::Scalar &, const c10::Scalar &, at::Tensor &)::[lambda() (instance 1)]::operator ()() const::[lambda() (instance 4)]::operator ()() const::[lambda(long) (instance 1)]>(T1, T2, function_traits<T2>::result_type *)",1,0.000864
2,hbm,cold,candidate,compute_graph_projection_layer_7_q_128,"void at::native::vectorized_elementwise_kernel<(int)4, at::native::cos_kernel_cuda(at::TensorIteratorBase &)::[lambda() (instance 2)]::operator ()() const::[lambda() (instance 2)]::operator ()() const::[lambda(float) (instance 1)], std::array<char *, (unsigned long)2>>(int, T2, T3)",1,0.001824
2,hbm,cold,candidate,compute_graph_projection_layer_7_q_128,"void at::native::vectorized_elementwise_kernel<(int)4, at::native::sin_kernel_cuda(at::TensorIteratorBase &)::[lambda() (instance 2)]::operator ()() const::[lambda() (instance 2)]::operator ()() const::[lambda(float) (instance 1)], std::array<char *, (unsigned long)2>>(int, T2, T3)",1,0.001824
2,hbm,cold,candidate,compute_graph_projection_layer_7_q_128,"void at::native::<unnamed>::CatArrayBatchedCopy_vectorized<at::native::<unnamed>::OpaqueType<(unsigned int)4>, unsigned int, (int)2, (int)128, (int)1, (int)16, (int)4>(char *, at::native::<unnamed>::CatArrInputTensorMetadata<T1, T2, T4, T5>, at::native::<unnamed>::TensorSizeStride<T2, (unsigned int)4>, int, T2)",1,0.001376
2,hbm,cold,candidate,compute_graph_projection_layer_7_q_128,"void at::native::elementwise_kernel<(int)128, (int)4, void at::native::gpu_kernel_impl_nocast<at::native::direct_copy_kernel_cuda(at::TensorIteratorBase &)::[lambda() (instance 3)]::operator ()() const::[lambda() (instance 12)]::operator ()() const::[lambda(c10::BFloat16) (instance 1)]>(at::TensorIteratorBase &, const T1 &)::[lambda(int) (instance 1)]>(int, T3)",1,0.00256
2,hbm,cold,candidate,compute_graph_projection_layer_7_q_128,kernel_cutlass_kernel_operatorsdeepseek_v32norm_plainLocalPlainRMSNorm_object_at__tensorptrbf16gmemalign128oi645125121_tensorptrf32gmemalign16o5121_tensorptrbf16gmemalign128oi645125121____0,1,0.001504
2,hbm,cold,candidate,compute_graph_projection_layer_7_q_128,"void flashinfer::BatchQKApplyRotaryPosIdsCosSinCacheHeadParallelismKernel<(bool)1, (unsigned int)64, (unsigned int)8, (unsigned int)8, __nv_bfloat16, long>(T5 *, T5 *, T5 *, T5 *, float *, T6 *, unsigned int, unsigned int, unsigned int, unsigned int, unsigned long, unsigned long, unsigned long, unsigned long, unsigned long, unsigned long, unsigned long, unsigned long)",1,0.00304
2,hbm,cold,candidate,compute_graph_projection_layer_7_q_128,"void at::native::<unnamed>::vectorized_layer_norm_kernel<float, float, (bool)0>(int, T2, const T1 *, const T1 *, const T1 *, T2 *, T2 *, T1 *)",1,0.0032
2,hbm,cold,candidate,compute_graph_projection_layer_7_q_128,"void at::native::vectorized_elementwise_kernel<(int)8, at::native::bfloat16_copy_kernel_cuda(at::TensorIteratorBase &)::[lambda(float) (instance 1)], std::array<char *, (unsigned long)2>>(int, T2, T3)",1,0.001216
2,hbm,cold,candidate,compute_graph_projection_layer_7_q_128,"void flashinfer::BatchQKApplyRotaryPosIdsCosSinCacheHeadParallelismKernel<(bool)0, (unsigned int)128, (unsigned int)8, (unsigned int)16, __nv_bfloat16, long>(T5 *, T5 *, T5 *, T5 *, float *, T6 *, unsigned int, unsigned int, unsigned int, unsigned int, unsigned long, unsigned long, unsigned long, unsigned long, unsigned long, unsigned long, unsigned long, unsigned long)",1,0.002496
2,hbm,cold,candidate,compute_graph_projection_layer_7_q_128,quantize_kernel,2,0.003136
2,hbm,cold,candidate,compute_graph_projection_layer_7_q_128,"void at::native::vectorized_elementwise_kernel<(int)4, at::native::AUnaryFunctor<float, float, float, at::native::binary_internal::MulFunctor<float>>, std::array<char *, (unsigned long)2>>(int, T2, T3)",2,0.002304
2,hbm,cold,candidate,compute_graph_projection_layer_7_q_128,"void at::native::vectorized_elementwise_kernel<(int)4, at::native::BinaryFunctor<float, float, float, at::native::binary_internal::MulFunctor<float>>, std::array<char *, (unsigned long)3>>(int, T2, T3)",1,0.001248
2,hbm,cold,candidate,compute_graph_projection_layer_7_q_128,"void at::native::<unnamed>::CatArrayBatchedCopy_vectorized<at::native::<unnamed>::OpaqueType<(unsigned int)2>, unsigned int, (int)2, (int)128, (int)1, (int)16, (int)8>(char *, at::native::<unnamed>::CatArrInputTensorMetadata<T1, T2, T4, T5>, at::native::<unnamed>::TensorSizeStride<T2, (unsigned int)4>, int, T2)",1,0.002176
2,hbm,cold,candidate,compute_graph_finish_layer_7_q_128,kernel_cutlass_kernel_operatorsdeepseek_v32norm_fusedLocalFusedRMSNorm_object_at__tensorptrbf16gmemalign128oi64716871681_tensorptrbf16gmemalign128oi64716871681_tensorptrf32gmemalign16o716_0,1,0.00368
2,hbm,cold,candidate,compute_graph_finish_layer_7_q_128,"void flashinfer::activation::act_and_mul_kernel<__nv_bfloat16, &silu>(T1 *, const T1 *, int)",1,0.00512
2,hbm,cold,candidate,compute_graph_projection_layer_8_q_128,kernel_cutlass_kernel_operatorsdeepseek_v32norm_fusedLocalFusedRMSNorm_object_at__tensorptrbf16gmemalign128oi64716871681_tensorptrbf16gmemalign128oi64716871681_tensorptrf32gmemalign16o716_0,1,0.003712
2,hbm,cold,candidate,compute_graph_projection_layer_8_q_128,"void at::native::elementwise_kernel<(int)128, (int)2, void at::native::gpu_kernel_impl_nocast<at::native::CUDAFunctor_add<long>>(at::TensorIteratorBase &, const T1 &)::[lambda(int) (instance 1)]>(int, T3)",1,0.001824
2,hbm,cold,candidate,compute_graph_projection_layer_8_q_128,"void at::native::unrolled_elementwise_kernel<at::native::direct_copy_kernel_cuda(at::TensorIteratorBase &)::[lambda() (instance 3)]::operator ()() const::[lambda() (instance 7)]::operator ()() const::[lambda(float) (instance 1)], std::array<char *, (unsigned long)2>, (int)4, TrivialOffsetCalculator<(int)1, unsigned int>, TrivialOffsetCalculator<(int)1, unsigned int>, at::native::memory::LoadWithCast<(int)1>, at::native::memory::StoreWithCast<(int)1>>(int, T1, T2, T4, T5, T6, T7)",3,0.008736
2,hbm,cold,candidate,compute_graph_projection_layer_8_q_128,kernel_cutlass_kernel_operatorsdeepseek_v32norm_plainLocalPlainRMSNorm_object_at__tensorptrbf16gmemalign128oi64153615361_tensorptrf32gmemalign16o15361_tensorptrbf16gmemalign128oi641536153_0,1,0.002272
2,hbm,cold,candidate,compute_graph_projection_layer_8_q_128,"void at::native::elementwise_kernel<(int)128, (int)2, void at::native::gpu_kernel_impl_nocast<at::native::BinaryFunctor<float, float, float, at::native::binary_internal::MulFunctor<float>>>(at::TensorIteratorBase &, const T1 &)::[lambda(int) (instance 1)]>(int, T3)",1,0.0016
2,hbm,cold,candidate,compute_graph_projection_layer_8_q_128,"void <unnamed>::elementwise_kernel_with_index<int, at::native::arange_cuda_out(const c10::Scalar &, const c10::Scalar &, const c10::Scalar &, at::Tensor &)::[lambda() (instance 1)]::operator ()() const::[lambda() (instance 4)]::operator ()() const::[lambda(long) (instance 1)]>(T1, T2, function_traits<T2>::result_type *)",1,0.000896
2,hbm,cold,candidate,compute_graph_projection_layer_8_q_128,"void at::native::vectorized_elementwise_kernel<(int)4, at::native::cos_kernel_cuda(at::TensorIteratorBase &)::[lambda() (instance 2)]::operator ()() const::[lambda() (instance 2)]::operator ()() const::[lambda(float) (instance 1)], std::array<char *, (unsigned long)2>>(int, T2, T3)",1,0.001856
2,hbm,cold,candidate,compute_graph_projection_layer_8_q_128,"void at::native::vectorized_elementwise_kernel<(int)4, at::native::sin_kernel_cuda(at::TensorIteratorBase &)::[lambda() (instance 2)]::operator ()() const::[lambda() (instance 2)]::operator ()() const::[lambda(float) (instance 1)], std::array<char *, (unsigned long)2>>(int, T2, T3)",1,0.001856
2,hbm,cold,candidate,compute_graph_projection_layer_8_q_128,"void at::native::<unnamed>::CatArrayBatchedCopy_vectorized<at::native::<unnamed>::OpaqueType<(unsigned int)4>, unsigned int, (int)2, (int)128, (int)1, (int)16, (int)4>(char *, at::native::<unnamed>::CatArrInputTensorMetadata<T1, T2, T4, T5>, at::native::<unnamed>::TensorSizeStride<T2, (unsigned int)4>, int, T2)",1,0.001376
2,hbm,cold,candidate,compute_graph_projection_layer_8_q_128,"void at::native::elementwise_kernel<(int)128, (int)4, void at::native::gpu_kernel_impl_nocast<at::native::direct_copy_kernel_cuda(at::TensorIteratorBase &)::[lambda() (instance 3)]::operator ()() const::[lambda() (instance 12)]::operator ()() const::[lambda(c10::BFloat16) (instance 1)]>(at::TensorIteratorBase &, const T1 &)::[lambda(int) (instance 1)]>(int, T3)",1,0.002656
2,hbm,cold,candidate,compute_graph_projection_layer_8_q_128,kernel_cutlass_kernel_operatorsdeepseek_v32norm_plainLocalPlainRMSNorm_object_at__tensorptrbf16gmemalign128oi645125121_tensorptrf32gmemalign16o5121_tensorptrbf16gmemalign128oi645125121____0,1,0.001504
2,hbm,cold,candidate,compute_graph_projection_layer_8_q_128,"void flashinfer::BatchQKApplyRotaryPosIdsCosSinCacheHeadParallelismKernel<(bool)1, (unsigned int)64, (unsigned int)8, (unsigned int)8, __nv_bfloat16, long>(T5 *, T5 *, T5 *, T5 *, float *, T6 *, unsigned int, unsigned int, unsigned int, unsigned int, unsigned long, unsigned long, unsigned long, unsigned long, unsigned long, unsigned long, unsigned long, unsigned long)",1,0.002784
2,hbm,cold,candidate,compute_graph_projection_layer_8_q_128,"void at::native::<unnamed>::vectorized_layer_norm_kernel<float, float, (bool)0>(int, T2, const T1 *, const T1 *, const T1 *, T2 *, T2 *, T1 *)",1,0.003424
2,hbm,cold,candidate,compute_graph_projection_layer_8_q_128,"void at::native::vectorized_elementwise_kernel<(int)8, at::native::bfloat16_copy_kernel_cuda(at::TensorIteratorBase &)::[lambda(float) (instance 1)], std::array<char *, (unsigned long)2>>(int, T2, T3)",1,0.00128
2,hbm,cold,candidate,compute_graph_projection_layer_8_q_128,"void flashinfer::BatchQKApplyRotaryPosIdsCosSinCacheHeadParallelismKernel<(bool)0, (unsigned int)128, (unsigned int)8, (unsigned int)16, __nv_bfloat16, long>(T5 *, T5 *, T5 *, T5 *, float *, T6 *, unsigned int, unsigned int, unsigned int, unsigned int, unsigned long, unsigned long, unsigned long, unsigned long, unsigned long, unsigned long, unsigned long, unsigned long)",1,0.002528
2,hbm,cold,candidate,compute_graph_projection_layer_8_q_128,quantize_kernel,2,0.0032
2,hbm,cold,candidate,compute_graph_projection_layer_8_q_128,"void at::native::vectorized_elementwise_kernel<(int)4, at::native::AUnaryFunctor<float, float, float, at::native::binary_internal::MulFunctor<float>>, std::array<char *, (unsigned long)2>>(int, T2, T3)",2,0.002336
2,hbm,cold,candidate,compute_graph_projection_layer_8_q_128,"void at::native::vectorized_elementwise_kernel<(int)4, at::native::BinaryFunctor<float, float, float, at::native::binary_internal::MulFunctor<float>>, std::array<char *, (unsigned long)3>>(int, T2, T3)",1,0.001248
2,hbm,cold,candidate,compute_graph_projection_layer_8_q_128,"void at::native::<unnamed>::CatArrayBatchedCopy_vectorized<at::native::<unnamed>::OpaqueType<(unsigned int)2>, unsigned int, (int)2, (int)128, (int)1, (int)16, (int)8>(char *, at::native::<unnamed>::CatArrInputTensorMetadata<T1, T2, T4, T5>, at::native::<unnamed>::TensorSizeStride<T2, (unsigned int)4>, int, T2)",1,0.002048
2,hbm,cold,candidate,compute_graph_finish_layer_8_q_128,kernel_cutlass_kernel_operatorsdeepseek_v32norm_fusedLocalFusedRMSNorm_object_at__tensorptrbf16gmemalign128oi64716871681_tensorptrbf16gmemalign128oi64716871681_tensorptrf32gmemalign16o716_0,1,0.003616
2,hbm,cold,candidate,compute_graph_finish_layer_8_q_128,"void flashinfer::activation::act_and_mul_kernel<__nv_bfloat16, &silu>(T1 *, const T1 *, int)",1,0.00496
2,hbm,cold,candidate,compute_graph_projection_layer_9_q_128,kernel_cutlass_kernel_operatorsdeepseek_v32norm_plainLocalPlainRMSNorm_object_at__tensorptrbf16gmemalign128oi64716871681_tensorptrf32gmemalign16o71681_tensorptrbf16gmemalign128oi647168716_0,1,0.003264
2,hbm,cold,candidate,compute_graph_projection_layer_9_q_128,"void at::native::elementwise_kernel<(int)128, (int)2, void at::native::gpu_kernel_impl_nocast<at::native::CUDAFunctor_add<long>>(at::TensorIteratorBase &, const T1 &)::[lambda(int) (instance 1)]>(int, T3)",1,0.001664
2,hbm,cold,candidate,compute_graph_projection_layer_9_q_128,"void at::native::unrolled_elementwise_kernel<at::native::direct_copy_kernel_cuda(at::TensorIteratorBase &)::[lambda() (instance 3)]::operator ()() const::[lambda() (instance 7)]::operator ()() const::[lambda(float) (instance 1)], std::array<char *, (unsigned long)2>, (int)4, TrivialOffsetCalculator<(int)1, unsigned int>, TrivialOffsetCalculator<(int)1, unsigned int>, at::native::memory::LoadWithCast<(int)1>, at::native::memory::StoreWithCast<(int)1>>(int, T1, T2, T4, T5, T6, T7)",3,0.008416
2,hbm,cold,candidate,compute_graph_projection_layer_9_q_128,kernel_cutlass_kernel_operatorsdeepseek_v32norm_plainLocalPlainRMSNorm_object_at__tensorptrbf16gmemalign128oi64153615361_tensorptrf32gmemalign16o15361_tensorptrbf16gmemalign128oi641536153_0,1,0.002304
2,hbm,cold,candidate,compute_graph_projection_layer_9_q_128,"void at::native::elementwise_kernel<(int)128, (int)2, void at::native::gpu_kernel_impl_nocast<at::native::BinaryFunctor<float, float, float, at::native::binary_internal::MulFunctor<float>>>(at::TensorIteratorBase &, const T1 &)::[lambda(int) (instance 1)]>(int, T3)",1,0.001568
2,hbm,cold,candidate,compute_graph_projection_layer_9_q_128,"void <unnamed>::elementwise_kernel_with_index<int, at::native::arange_cuda_out(const c10::Scalar &, const c10::Scalar &, const c10::Scalar &, at::Tensor &)::[lambda() (instance 1)]::operator ()() const::[lambda() (instance 4)]::operator ()() const::[lambda(long) (instance 1)]>(T1, T2, function_traits<T2>::result_type *)",1,0.000928
2,hbm,cold,candidate,compute_graph_projection_layer_9_q_128,"void at::native::vectorized_elementwise_kernel<(int)4, at::native::cos_kernel_cuda(at::TensorIteratorBase &)::[lambda() (instance 2)]::operator ()() const::[lambda() (instance 2)]::operator ()() const::[lambda(float) (instance 1)], std::array<char *, (unsigned long)2>>(int, T2, T3)",1,0.001856
2,hbm,cold,candidate,compute_graph_projection_layer_9_q_128,"void at::native::vectorized_elementwise_kernel<(int)4, at::native::sin_kernel_cuda(at::TensorIteratorBase &)::[lambda() (instance 2)]::operator ()() const::[lambda() (instance 2)]::operator ()() const::[lambda(float) (instance 1)], std::array<char *, (unsigned long)2>>(int, T2, T3)",1,0.001856
2,hbm,cold,candidate,compute_graph_projection_layer_9_q_128,"void at::native::<unnamed>::CatArrayBatchedCopy_vectorized<at::native::<unnamed>::OpaqueType<(unsigned int)4>, unsigned int, (int)2, (int)128, (int)1, (int)16, (int)4>(char *, at::native::<unnamed>::CatArrInputTensorMetadata<T1, T2, T4, T5>, at::native::<unnamed>::TensorSizeStride<T2, (unsigned int)4>, int, T2)",1,0.001408
2,hbm,cold,candidate,compute_graph_projection_layer_9_q_128,"void at::native::elementwise_kernel<(int)128, (int)4, void at::native::gpu_kernel_impl_nocast<at::native::direct_copy_kernel_cuda(at::TensorIteratorBase &)::[lambda() (instance 3)]::operator ()() const::[lambda() (instance 12)]::operator ()() const::[lambda(c10::BFloat16) (instance 1)]>(at::TensorIteratorBase &, const T1 &)::[lambda(int) (instance 1)]>(int, T3)",1,0.00256
2,hbm,cold,candidate,compute_graph_projection_layer_9_q_128,kernel_cutlass_kernel_operatorsdeepseek_v32norm_plainLocalPlainRMSNorm_object_at__tensorptrbf16gmemalign128oi645125121_tensorptrf32gmemalign16o5121_tensorptrbf16gmemalign128oi645125121____0,1,0.001632
2,hbm,cold,candidate,compute_graph_projection_layer_9_q_128,"void flashinfer::BatchQKApplyRotaryPosIdsCosSinCacheHeadParallelismKernel<(bool)1, (unsigned int)64, (unsigned int)8, (unsigned int)8, __nv_bfloat16, long>(T5 *, T5 *, T5 *, T5 *, float *, T6 *, unsigned int, unsigned int, unsigned int, unsigned int, unsigned long, unsigned long, unsigned long, unsigned long, unsigned long, unsigned long, unsigned long, unsigned long)",1,0.003296
2,hbm,cold,candidate,compute_graph_projection_layer_9_q_128,"void at::native::<unnamed>::vectorized_layer_norm_kernel<float, float, (bool)0>(int, T2, const T1 *, const T1 *, const T1 *, T2 *, T2 *, T1 *)",1,0.003232
2,hbm,cold,candidate,compute_graph_projection_layer_9_q_128,"void at::native::vectorized_elementwise_kernel<(int)8, at::native::bfloat16_copy_kernel_cuda(at::TensorIteratorBase &)::[lambda(float) (instance 1)], std::array<char *, (unsigned long)2>>(int, T2, T3)",1,0.001248
2,hbm,cold,candidate,compute_graph_projection_layer_9_q_128,"void flashinfer::BatchQKApplyRotaryPosIdsCosSinCacheHeadParallelismKernel<(bool)0, (unsigned int)128, (unsigned int)8, (unsigned int)16, __nv_bfloat16, long>(T5 *, T5 *, T5 *, T5 *, float *, T6 *, unsigned int, unsigned int, unsigned int, unsigned int, unsigned long, unsigned long, unsigned long, unsigned long, unsigned long, unsigned long, unsigned long, unsigned long)",1,0.002592
2,hbm,cold,candidate,compute_graph_projection_layer_9_q_128,quantize_kernel,2,0.003264
2,hbm,cold,candidate,compute_graph_projection_layer_9_q_128,"void at::native::vectorized_elementwise_kernel<(int)4, at::native::AUnaryFunctor<float, float, float, at::native::binary_internal::MulFunctor<float>>, std::array<char *, (unsigned long)2>>(int, T2, T3)",2,0.002208
2,hbm,cold,candidate,compute_graph_projection_layer_9_q_128,"void at::native::vectorized_elementwise_kernel<(int)4, at::native::BinaryFunctor<float, float, float, at::native::binary_internal::MulFunctor<float>>, std::array<char *, (unsigned long)3>>(int, T2, T3)",1,0.001184
2,hbm,cold,candidate,compute_graph_projection_layer_9_q_128,"void at::native::<unnamed>::CatArrayBatchedCopy_vectorized<at::native::<unnamed>::OpaqueType<(unsigned int)2>, unsigned int, (int)2, (int)128, (int)1, (int)16, (int)8>(char *, at::native::<unnamed>::CatArrInputTensorMetadata<T1, T2, T4, T5>, at::native::<unnamed>::TensorSizeStride<T2, (unsigned int)4>, int, T2)",1,0.002176
2,hbm,cold,candidate,compute_graph_finish_layer_9_q_128,kernel_cutlass_kernel_operatorsdeepseek_v32norm_fusedLocalFusedRMSNorm_object_at__tensorptrbf16gmemalign128oi64716871681_tensorptrbf16gmemalign128oi64716871681_tensorptrf32gmemalign16o716_0,1,0.00368
2,hbm,cold,candidate,compute_graph_finish_layer_9_q_128,"void flashinfer::activation::act_and_mul_kernel<__nv_bfloat16, &silu>(T1 *, const T1 *, int)",1,0.005216
2,hbm,cold,candidate,final_norm_lm_head,"void at::native::unrolled_elementwise_kernel<at::native::direct_copy_kernel_cuda(at::TensorIteratorBase &)::[lambda() (instance 3)]::operator ()() const::[lambda() (instance 7)]::operator ()() const::[lambda(float) (instance 1)], std::array<char *, (unsigned long)2>, (int)4, TrivialOffsetCalculator<(int)1, unsigned int>, TrivialOffsetCalculator<(int)1, unsigned int>, at::native::memory::LoadWithCast<(int)1>, at::native::memory::StoreWithCast<(int)1>>(int, T1, T2, T4, T5, T6, T7)",3,0.012384
2,hbm,cold,candidate,final_norm_lm_head,"void at::native::vectorized_elementwise_kernel<(int)4, at::native::CUDAFunctor_add<float>, std::array<char *, (unsigned long)3>>(int, T2, T3)",1,0.002976
2,hbm,cold,candidate,final_norm_lm_head,kernel_cutlass_kernel_flashinfernormkernelsrmsnormRMSNormKernel_object_at__tensorptrf32gmemalign128oi64716871681_tensorptrf32gmemalign16o71681_tensorptrf32gmemalign128oi64716871681___True_0,1,0.002976
2,hbm,cold,candidate,final_norm_lm_head,"void at::native::vectorized_elementwise_kernel<(int)8, at::native::bfloat16_copy_kernel_cuda(at::TensorIteratorBase &)::[lambda(float) (instance 1)], std::array<char *, (unsigned long)2>>(int, T2, T3)",1,0.00208
2,hbm,cold,request,request,MEMCPY,1,0.012352
2,hbm,cold,history,forward,MEMCPY,12,0.013152
2,hbm,cold,history,compute_graph_projection_inputs,MEMCPY,1024,7.609552
2,hbm,cold,history,index_cache_write,MEMCPY,1280,1.726244
2,hbm,cold,history,cache_append,MEMCPY,1920,2.236651
2,hbm,cold,history,replay_input_copy,MEMCPY,704,5.594793
2,hbm,cold,history,chunk,MEMCPY,10,0.010272
2,hbm,cold,candidate,forward,MEMCPY,12,0.013888
2,hbm,cold,candidate,cache_operation,MEMCPY,30,0.08368
2,hbm,cold,candidate,compute_graph_projection_inputs,MEMCPY,16,0.02656
2,hbm,cold,candidate,index_cache_write,MEMCPY,20,0.01904
2,hbm,cold,candidate,replay_input_copy,MEMCPY,11,0.023392
2,hbm,cold,candidate,chunk,MEMCPY,11,0.012096
3,hbm,revisit,admission,prefix_pool_acquire,"void at::native::vectorized_elementwise_kernel<(int)4, at::native::FillFunctor<int>, std::array<char *, (unsigned long)1>>(int, T2, T3)",10,0.007744
3,hbm,revisit,admission,prefix_pool_acquire,"void at::native::vectorized_elementwise_kernel<(int)2, at::native::FillFunctor<long>, std::array<char *, (unsigned long)1>>(int, T2, T3)",20,0.016512
3,hbm,revisit,admission,prefix_pool_acquire,"void at::native::vectorized_elementwise_kernel<(int)4, at::native::FillFunctor<float>, std::array<char *, (unsigned long)1>>(int, T2, T3)",10,0.007232
3,hbm,revisit,history,forward,"void at::native::reduce_kernel<(int)512, (int)1, at::native::ReduceOp<long, at::native::func_wrapper_t<long, at::native::MinNanFunctor<long>>, unsigned int, long, (int)4, (int)4>>(T3)",1,0.015872
3,hbm,revisit,history,forward,"void at::native::reduce_kernel<(int)512, (int)1, at::native::ReduceOp<long, at::native::func_wrapper_t<long, at::native::MaxNanFunctor<long>>, unsigned int, long, (int)4, (int)4>>(T3)",1,0.008576
3,hbm,revisit,history,embedding,"void at::native::vectorized_gather_kernel<(int)16, long>(char *, char *, T2 *, int, long, long, long, long, bool)",64,0.455778
3,hbm,revisit,history,compute_graph_projection_inputs,"void at::native::vectorized_elementwise_kernel<(int)2, at::native::FillFunctor<long>, std::array<char *, (unsigned long)1>>(int, T2, T3)",640,0.515847
3,hbm,revisit,history,compute_graph_projection_layer_0_q_1024,kernel_cutlass_kernel_operatorsdeepseek_v32norm_plainLocalPlainRMSNorm_object_at__tensorptrbf16gmemalign128oi64716871681_tensorptrf32gmemalign16o71681_tensorptrbf16gmemalign128oi647168716_0,64,0.559363
3,hbm,revisit,history,compute_graph_projection_layer_0_q_1024,"void at::native::elementwise_kernel<(int)128, (int)2, void at::native::gpu_kernel_impl_nocast<at::native::CUDAFunctor_add<long>>(at::TensorIteratorBase &, const T1 &)::[lambda(int) (instance 1)]>(int, T3)",64,0.134145
3,hbm,revisit,history,compute_graph_projection_layer_0_q_1024,"void at::native::unrolled_elementwise_kernel<at::native::direct_copy_kernel_cuda(at::TensorIteratorBase &)::[lambda() (instance 3)]::operator ()() const::[lambda() (instance 7)]::operator ()() const::[lambda(float) (instance 1)], std::array<char *, (unsigned long)2>, (int)4, TrivialOffsetCalculator<(int)1, unsigned int>, TrivialOffsetCalculator<(int)1, unsigned int>, at::native::memory::LoadWithCast<(int)1>, at::native::memory::StoreWithCast<(int)1>>(int, T1, T2, T4, T5, T6, T7)",192,1.900117
3,hbm,revisit,history,compute_graph_projection_layer_0_q_1024,kernel_cutlass_kernel_operatorsdeepseek_v32norm_plainLocalPlainRMSNorm_object_at__tensorptrbf16gmemalign128oi64153615361_tensorptrf32gmemalign16o15361_tensorptrbf16gmemalign128oi641536153_0,64,0.198306
3,hbm,revisit,history,compute_graph_projection_layer_0_q_1024,"void at::native::elementwise_kernel<(int)128, (int)2, void at::native::gpu_kernel_impl_nocast<at::native::BinaryFunctor<float, float, float, at::native::binary_internal::MulFunctor<float>>>(at::TensorIteratorBase &, const T1 &)::[lambda(int) (instance 1)]>(int, T3)",64,0.114561
3,hbm,revisit,history,compute_graph_projection_layer_0_q_1024,"void <unnamed>::elementwise_kernel_with_index<int, at::native::arange_cuda_out(const c10::Scalar &, const c10::Scalar &, const c10::Scalar &, at::Tensor &)::[lambda() (instance 1)]::operator ()() const::[lambda() (instance 4)]::operator ()() const::[lambda(long) (instance 1)]>(T1, T2, function_traits<T2>::result_type *)",64,0.053632
3,hbm,revisit,history,compute_graph_projection_layer_0_q_1024,"void at::native::vectorized_elementwise_kernel<(int)4, at::native::cos_kernel_cuda(at::TensorIteratorBase &)::[lambda() (instance 2)]::operator ()() const::[lambda() (instance 2)]::operator ()() const::[lambda(float) (instance 1)], std::array<char *, (unsigned long)2>>(int, T2, T3)",64,0.126433
3,hbm,revisit,history,compute_graph_projection_layer_0_q_1024,"void at::native::vectorized_elementwise_kernel<(int)4, at::native::sin_kernel_cuda(at::TensorIteratorBase &)::[lambda() (instance 2)]::operator ()() const::[lambda() (instance 2)]::operator ()() const::[lambda(float) (instance 1)], std::array<char *, (unsigned long)2>>(int, T2, T3)",64,0.12256
3,hbm,revisit,history,compute_graph_projection_layer_0_q_1024,"void at::native::<unnamed>::CatArrayBatchedCopy_vectorized<at::native::<unnamed>::OpaqueType<(unsigned int)4>, unsigned int, (int)2, (int)128, (int)1, (int)16, (int)4>(char *, at::native::<unnamed>::CatArrInputTensorMetadata<T1, T2, T4, T5>, at::native::<unnamed>::TensorSizeStride<T2, (unsigned int)4>, int, T2)",64,0.099392
3,hbm,revisit,history,compute_graph_projection_layer_0_q_1024,"void at::native::elementwise_kernel<(int)128, (int)4, void at::native::gpu_kernel_impl_nocast<at::native::direct_copy_kernel_cuda(at::TensorIteratorBase &)::[lambda() (instance 3)]::operator ()() const::[lambda() (instance 12)]::operator ()() const::[lambda(c10::BFloat16) (instance 1)]>(at::TensorIteratorBase &, const T1 &)::[lambda(int) (instance 1)]>(int, T3)",64,0.168769
3,hbm,revisit,history,compute_graph_projection_layer_0_q_1024,kernel_cutlass_kernel_operatorsdeepseek_v32norm_plainLocalPlainRMSNorm_object_at__tensorptrbf16gmemalign128oi645125121_tensorptrf32gmemalign16o5121_tensorptrbf16gmemalign128oi645125121____0,64,0.116865
3,hbm,revisit,history,compute_graph_projection_layer_0_q_1024,"void flashinfer::BatchQKApplyRotaryPosIdsCosSinCacheHeadParallelismKernel<(bool)1, (unsigned int)64, (unsigned int)8, (unsigned int)8, __nv_bfloat16, long>(T5 *, T5 *, T5 *, T5 *, float *, T6 *, unsigned int, unsigned int, unsigned int, unsigned int, unsigned long, unsigned long, unsigned long, unsigned long, unsigned long, unsigned long, unsigned long, unsigned long)",64,0.705661
3,hbm,revisit,history,compute_graph_projection_layer_0_q_1024,"void at::native::<unnamed>::vectorized_layer_norm_kernel<float, float, (bool)0>(int, T2, const T1 *, const T1 *, const T1 *, T2 *, T2 *, T1 *)",64,0.231235
3,hbm,revisit,history,compute_graph_projection_layer_0_q_1024,"void at::native::vectorized_elementwise_kernel<(int)8, at::native::bfloat16_copy_kernel_cuda(at::TensorIteratorBase &)::[lambda(float) (instance 1)], std::array<char *, (unsigned long)2>>(int, T2, T3)",64,0.089633
3,hbm,revisit,history,compute_graph_projection_layer_0_q_1024,"void flashinfer::BatchQKApplyRotaryPosIdsCosSinCacheHeadParallelismKernel<(bool)0, (unsigned int)128, (unsigned int)8, (unsigned int)16, __nv_bfloat16, long>(T5 *, T5 *, T5 *, T5 *, float *, T6 *, unsigned int, unsigned int, unsigned int, unsigned int, unsigned long, unsigned long, unsigned long, unsigned long, unsigned long, unsigned long, unsigned long, unsigned long)",64,0.712997
3,hbm,revisit,history,compute_graph_projection_layer_0_q_1024,quantize_kernel,128,0.446945
3,hbm,revisit,history,compute_graph_projection_layer_0_q_1024,"void at::native::vectorized_elementwise_kernel<(int)4, at::native::AUnaryFunctor<float, float, float, at::native::binary_internal::MulFunctor<float>>, std::array<char *, (unsigned long)2>>(int, T2, T3)",128,0.150529
3,hbm,revisit,history,compute_graph_projection_layer_0_q_1024,"void at::native::vectorized_elementwise_kernel<(int)4, at::native::BinaryFunctor<float, float, float, at::native::binary_internal::MulFunctor<float>>, std::array<char *, (unsigned long)3>>(int, T2, T3)",64,0.110496
3,hbm,revisit,history,compute_graph_projection_layer_0_q_1024,"void at::native::<unnamed>::CatArrayBatchedCopy_vectorized<at::native::<unnamed>::OpaqueType<(unsigned int)2>, unsigned int, (int)2, (int)128, (int)1, (int)16, (int)8>(char *, at::native::<unnamed>::CatArrInputTensorMetadata<T1, T2, T4, T5>, at::native::<unnamed>::TensorSizeStride<T2, (unsigned int)4>, int, T2)",64,0.172673
3,hbm,revisit,history,exact_topk,"void flashinfer::sampling::FilteredTopKUnifiedKernel<float, int, (int)4, (bool)1, (flashinfer::sampling::FilteredTopKMode)0, (flashinfer::sampling::TopKTieBreak)1, flashinfer::sampling::DirectPageTableKernelPolicy<int>, >(const T1 *, T2 *, T1 *, const T2 *, long, const T2 *, const T2 *, const T2 *, const T2 *, unsigned int, unsigned int, unsigned int, T8...)",640,109.182924
3,hbm,revisit,history,exact_topk,"void flashinfer::sampling::FinalizeTopKIndicesKernel<(bool)1, (flashinfer::sampling::FilteredTopKMode)0, (unsigned int)128, (unsigned int)8, float, int, flashinfer::sampling::DirectPageTableKernelPolicy<int>, >(T6 *, T5 *, const T6 *, long, const T6 *, const T6 *, unsigned int, unsigned int, T8...)",10,0.252387
3,hbm,revisit,history,exact_topk,"void flashinfer::sampling::StableSortTopKByValueKernel<(unsigned int)128, (unsigned int)8, int, float>(T3 *, T4 *, unsigned int, unsigned int)",10,0.329122
3,hbm,revisit,history,exact_topk,mask_kernel,640,1.657507
3,hbm,revisit,history,cache_append,"void <unnamed>::elementwise_kernel_with_index<int, at::native::arange_cuda_out(const c10::Scalar &, const c10::Scalar &, const c10::Scalar &, at::Tensor &)::[lambda() (instance 1)]::operator ()() const::[lambda() (instance 4)]::operator ()() const::[lambda(long) (instance 1)]>(T1, T2, function_traits<T2>::result_type *)",640,0.529923
3,hbm,revisit,history,cache_append,"void at::native::unrolled_elementwise_kernel<at::native::direct_copy_kernel_cuda(at::TensorIteratorBase &)::[lambda() (instance 3)]::operator ()() const::[lambda() (instance 3)]::operator ()() const::[lambda(int) (instance 1)], std::array<char *, (unsigned long)2>, (int)4, TrivialOffsetCalculator<(int)1, unsigned int>, TrivialOffsetCalculator<(int)1, unsigned int>, at::native::memory::LoadWithCast<(int)1>, at::native::memory::StoreWithCast<(int)1>>(int, T1, T2, T4, T5, T6, T7)",640,1.090665
3,hbm,revisit,history,compute_graph_finish_layer_0_q_1024,kernel_cutlass_kernel_operatorsdeepseek_v32norm_fusedLocalFusedRMSNorm_object_at__tensorptrbf16gmemalign128oi64716871681_tensorptrbf16gmemalign128oi64716871681_tensorptrf32gmemalign16o716_0,64,0.928793
3,hbm,revisit,history,compute_graph_finish_layer_0_q_1024,"void flashinfer::activation::act_and_mul_kernel<__nv_bfloat16, &silu>(T1 *, const T1 *, int)",64,1.869022
3,hbm,revisit,history,compute_graph_projection_layer_1_q_1024,kernel_cutlass_kernel_operatorsdeepseek_v32norm_fusedLocalFusedRMSNorm_object_at__tensorptrbf16gmemalign128oi64716871681_tensorptrbf16gmemalign128oi64716871681_tensorptrf32gmemalign16o716_0,64,0.945693
3,hbm,revisit,history,compute_graph_projection_layer_1_q_1024,"void at::native::elementwise_kernel<(int)128, (int)2, void at::native::gpu_kernel_impl_nocast<at::native::CUDAFunctor_add<long>>(at::TensorIteratorBase &, const T1 &)::[lambda(int) (instance 1)]>(int, T3)",64,0.135152
3,hbm,revisit,history,compute_graph_projection_layer_1_q_1024,"void at::native::unrolled_elementwise_kernel<at::native::direct_copy_kernel_cuda(at::TensorIteratorBase &)::[lambda() (instance 3)]::operator ()() const::[lambda() (instance 7)]::operator ()() const::[lambda(float) (instance 1)], std::array<char *, (unsigned long)2>, (int)4, TrivialOffsetCalculator<(int)1, unsigned int>, TrivialOffsetCalculator<(int)1, unsigned int>, at::native::memory::LoadWithCast<(int)1>, at::native::memory::StoreWithCast<(int)1>>(int, T1, T2, T4, T5, T6, T7)",192,1.884468
3,hbm,revisit,history,compute_graph_projection_layer_1_q_1024,kernel_cutlass_kernel_operatorsdeepseek_v32norm_plainLocalPlainRMSNorm_object_at__tensorptrbf16gmemalign128oi64153615361_tensorptrf32gmemalign16o15361_tensorptrbf16gmemalign128oi641536153_0,64,0.195201
3,hbm,revisit,history,compute_graph_projection_layer_1_q_1024,"void at::native::elementwise_kernel<(int)128, (int)2, void at::native::gpu_kernel_impl_nocast<at::native::BinaryFunctor<float, float, float, at::native::binary_internal::MulFunctor<float>>>(at::TensorIteratorBase &, const T1 &)::[lambda(int) (instance 1)]>(int, T3)",64,0.121858
3,hbm,revisit,history,compute_graph_projection_layer_1_q_1024,"void <unnamed>::elementwise_kernel_with_index<int, at::native::arange_cuda_out(const c10::Scalar &, const c10::Scalar &, const c10::Scalar &, at::Tensor &)::[lambda() (instance 1)]::operator ()() const::[lambda() (instance 4)]::operator ()() const::[lambda(long) (instance 1)]>(T1, T2, function_traits<T2>::result_type *)",64,0.053281
3,hbm,revisit,history,compute_graph_projection_layer_1_q_1024,"void at::native::vectorized_elementwise_kernel<(int)4, at::native::cos_kernel_cuda(at::TensorIteratorBase &)::[lambda() (instance 2)]::operator ()() const::[lambda() (instance 2)]::operator ()() const::[lambda(float) (instance 1)], std::array<char *, (unsigned long)2>>(int, T2, T3)",64,0.125152
3,hbm,revisit,history,compute_graph_projection_layer_1_q_1024,"void at::native::vectorized_elementwise_kernel<(int)4, at::native::sin_kernel_cuda(at::TensorIteratorBase &)::[lambda() (instance 2)]::operator ()() const::[lambda() (instance 2)]::operator ()() const::[lambda(float) (instance 1)], std::array<char *, (unsigned long)2>>(int, T2, T3)",64,0.121249
3,hbm,revisit,history,compute_graph_projection_layer_1_q_1024,"void at::native::<unnamed>::CatArrayBatchedCopy_vectorized<at::native::<unnamed>::OpaqueType<(unsigned int)4>, unsigned int, (int)2, (int)128, (int)1, (int)16, (int)4>(char *, at::native::<unnamed>::CatArrInputTensorMetadata<T1, T2, T4, T5>, at::native::<unnamed>::TensorSizeStride<T2, (unsigned int)4>, int, T2)",64,0.09888
3,hbm,revisit,history,compute_graph_projection_layer_1_q_1024,"void at::native::elementwise_kernel<(int)128, (int)4, void at::native::gpu_kernel_impl_nocast<at::native::direct_copy_kernel_cuda(at::TensorIteratorBase &)::[lambda() (instance 3)]::operator ()() const::[lambda() (instance 12)]::operator ()() const::[lambda(c10::BFloat16) (instance 1)]>(at::TensorIteratorBase &, const T1 &)::[lambda(int) (instance 1)]>(int, T3)",64,0.172706
3,hbm,revisit,history,compute_graph_projection_layer_1_q_1024,kernel_cutlass_kernel_operatorsdeepseek_v32norm_plainLocalPlainRMSNorm_object_at__tensorptrbf16gmemalign128oi645125121_tensorptrf32gmemalign16o5121_tensorptrbf16gmemalign128oi645125121____0,64,0.120672
3,hbm,revisit,history,compute_graph_projection_layer_1_q_1024,"void flashinfer::BatchQKApplyRotaryPosIdsCosSinCacheHeadParallelismKernel<(bool)1, (unsigned int)64, (unsigned int)8, (unsigned int)8, __nv_bfloat16, long>(T5 *, T5 *, T5 *, T5 *, float *, T6 *, unsigned int, unsigned int, unsigned int, unsigned int, unsigned long, unsigned long, unsigned long, unsigned long, unsigned long, unsigned long, unsigned long, unsigned long)",64,0.70857
3,hbm,revisit,history,compute_graph_projection_layer_1_q_1024,"void at::native::<unnamed>::vectorized_layer_norm_kernel<float, float, (bool)0>(int, T2, const T1 *, const T1 *, const T1 *, T2 *, T2 *, T1 *)",64,0.23504
3,hbm,revisit,history,compute_graph_projection_layer_1_q_1024,"void at::native::vectorized_elementwise_kernel<(int)8, at::native::bfloat16_copy_kernel_cuda(at::TensorIteratorBase &)::[lambda(float) (instance 1)], std::array<char *, (unsigned long)2>>(int, T2, T3)",64,0.091328
3,hbm,revisit,history,compute_graph_projection_layer_1_q_1024,"void flashinfer::BatchQKApplyRotaryPosIdsCosSinCacheHeadParallelismKernel<(bool)0, (unsigned int)128, (unsigned int)8, (unsigned int)16, __nv_bfloat16, long>(T5 *, T5 *, T5 *, T5 *, float *, T6 *, unsigned int, unsigned int, unsigned int, unsigned int, unsigned long, unsigned long, unsigned long, unsigned long, unsigned long, unsigned long, unsigned long, unsigned long)",64,0.719657
3,hbm,revisit,history,compute_graph_projection_layer_1_q_1024,quantize_kernel,128,0.467414
3,hbm,revisit,history,compute_graph_projection_layer_1_q_1024,"void at::native::vectorized_elementwise_kernel<(int)4, at::native::AUnaryFunctor<float, float, float, at::native::binary_internal::MulFunctor<float>>, std::array<char *, (unsigned long)2>>(int, T2, T3)",128,0.154659
3,hbm,revisit,history,compute_graph_projection_layer_1_q_1024,"void at::native::vectorized_elementwise_kernel<(int)4, at::native::BinaryFunctor<float, float, float, at::native::binary_internal::MulFunctor<float>>, std::array<char *, (unsigned long)3>>(int, T2, T3)",64,0.116385
3,hbm,revisit,history,compute_graph_projection_layer_1_q_1024,"void at::native::<unnamed>::CatArrayBatchedCopy_vectorized<at::native::<unnamed>::OpaqueType<(unsigned int)2>, unsigned int, (int)2, (int)128, (int)1, (int)16, (int)8>(char *, at::native::<unnamed>::CatArrInputTensorMetadata<T1, T2, T4, T5>, at::native::<unnamed>::TensorSizeStride<T2, (unsigned int)4>, int, T2)",64,0.173152
3,hbm,revisit,history,compute_graph_finish_layer_1_q_1024,kernel_cutlass_kernel_operatorsdeepseek_v32norm_fusedLocalFusedRMSNorm_object_at__tensorptrbf16gmemalign128oi64716871681_tensorptrbf16gmemalign128oi64716871681_tensorptrf32gmemalign16o716_0,64,0.926232
3,hbm,revisit,history,compute_graph_finish_layer_1_q_1024,"void flashinfer::activation::act_and_mul_kernel<__nv_bfloat16, &silu>(T1 *, const T1 *, int)",64,1.876809
3,hbm,revisit,history,compute_graph_projection_layer_2_q_1024,kernel_cutlass_kernel_operatorsdeepseek_v32norm_fusedLocalFusedRMSNorm_object_at__tensorptrbf16gmemalign128oi64716871681_tensorptrbf16gmemalign128oi64716871681_tensorptrf32gmemalign16o716_0,64,0.955417
3,hbm,revisit,history,compute_graph_projection_layer_2_q_1024,"void at::native::elementwise_kernel<(int)128, (int)2, void at::native::gpu_kernel_impl_nocast<at::native::CUDAFunctor_add<long>>(at::TensorIteratorBase &, const T1 &)::[lambda(int) (instance 1)]>(int, T3)",64,0.136883
3,hbm,revisit,history,compute_graph_projection_layer_2_q_1024,"void at::native::unrolled_elementwise_kernel<at::native::direct_copy_kernel_cuda(at::TensorIteratorBase &)::[lambda() (instance 3)]::operator ()() const::[lambda() (instance 7)]::operator ()() const::[lambda(float) (instance 1)], std::array<char *, (unsigned long)2>, (int)4, TrivialOffsetCalculator<(int)1, unsigned int>, TrivialOffsetCalculator<(int)1, unsigned int>, at::native::memory::LoadWithCast<(int)1>, at::native::memory::StoreWithCast<(int)1>>(int, T1, T2, T4, T5, T6, T7)",192,1.888612
3,hbm,revisit,history,compute_graph_projection_layer_2_q_1024,kernel_cutlass_kernel_operatorsdeepseek_v32norm_plainLocalPlainRMSNorm_object_at__tensorptrbf16gmemalign128oi64153615361_tensorptrf32gmemalign16o15361_tensorptrbf16gmemalign128oi641536153_0,64,0.196833
3,hbm,revisit,history,compute_graph_projection_layer_2_q_1024,"void at::native::elementwise_kernel<(int)128, (int)2, void at::native::gpu_kernel_impl_nocast<at::native::BinaryFunctor<float, float, float, at::native::binary_internal::MulFunctor<float>>>(at::TensorIteratorBase &, const T1 &)::[lambda(int) (instance 1)]>(int, T3)",64,0.113376
3,hbm,revisit,history,compute_graph_projection_layer_2_q_1024,"void <unnamed>::elementwise_kernel_with_index<int, at::native::arange_cuda_out(const c10::Scalar &, const c10::Scalar &, const c10::Scalar &, at::Tensor &)::[lambda() (instance 1)]::operator ()() const::[lambda() (instance 4)]::operator ()() const::[lambda(long) (instance 1)]>(T1, T2, function_traits<T2>::result_type *)",64,0.055776
3,hbm,revisit,history,compute_graph_projection_layer_2_q_1024,"void at::native::vectorized_elementwise_kernel<(int)4, at::native::cos_kernel_cuda(at::TensorIteratorBase &)::[lambda() (instance 2)]::operator ()() const::[lambda() (instance 2)]::operator ()() const::[lambda(float) (instance 1)], std::array<char *, (unsigned long)2>>(int, T2, T3)",64,0.129057
3,hbm,revisit,history,compute_graph_projection_layer_2_q_1024,"void at::native::vectorized_elementwise_kernel<(int)4, at::native::sin_kernel_cuda(at::TensorIteratorBase &)::[lambda() (instance 2)]::operator ()() const::[lambda() (instance 2)]::operator ()() const::[lambda(float) (instance 1)], std::array<char *, (unsigned long)2>>(int, T2, T3)",64,0.124128
3,hbm,revisit,history,compute_graph_projection_layer_2_q_1024,"void at::native::<unnamed>::CatArrayBatchedCopy_vectorized<at::native::<unnamed>::OpaqueType<(unsigned int)4>, unsigned int, (int)2, (int)128, (int)1, (int)16, (int)4>(char *, at::native::<unnamed>::CatArrInputTensorMetadata<T1, T2, T4, T5>, at::native::<unnamed>::TensorSizeStride<T2, (unsigned int)4>, int, T2)",64,0.101376
3,hbm,revisit,history,compute_graph_projection_layer_2_q_1024,"void at::native::elementwise_kernel<(int)128, (int)4, void at::native::gpu_kernel_impl_nocast<at::native::direct_copy_kernel_cuda(at::TensorIteratorBase &)::[lambda() (instance 3)]::operator ()() const::[lambda() (instance 12)]::operator ()() const::[lambda(c10::BFloat16) (instance 1)]>(at::TensorIteratorBase &, const T1 &)::[lambda(int) (instance 1)]>(int, T3)",64,0.173025
3,hbm,revisit,history,compute_graph_projection_layer_2_q_1024,kernel_cutlass_kernel_operatorsdeepseek_v32norm_plainLocalPlainRMSNorm_object_at__tensorptrbf16gmemalign128oi645125121_tensorptrf32gmemalign16o5121_tensorptrbf16gmemalign128oi645125121____0,64,0.118144
3,hbm,revisit,history,compute_graph_projection_layer_2_q_1024,"void flashinfer::BatchQKApplyRotaryPosIdsCosSinCacheHeadParallelismKernel<(bool)1, (unsigned int)64, (unsigned int)8, (unsigned int)8, __nv_bfloat16, long>(T5 *, T5 *, T5 *, T5 *, float *, T6 *, unsigned int, unsigned int, unsigned int, unsigned int, unsigned long, unsigned long, unsigned long, unsigned long, unsigned long, unsigned long, unsigned long, unsigned long)",64,0.697219
3,hbm,revisit,history,compute_graph_projection_layer_2_q_1024,"void at::native::<unnamed>::vectorized_layer_norm_kernel<float, float, (bool)0>(int, T2, const T1 *, const T1 *, const T1 *, T2 *, T2 *, T1 *)",64,0.231425
3,hbm,revisit,history,compute_graph_projection_layer_2_q_1024,"void at::native::vectorized_elementwise_kernel<(int)8, at::native::bfloat16_copy_kernel_cuda(at::TensorIteratorBase &)::[lambda(float) (instance 1)], std::array<char *, (unsigned long)2>>(int, T2, T3)",64,0.0872
3,hbm,revisit,history,compute_graph_projection_layer_2_q_1024,"void flashinfer::BatchQKApplyRotaryPosIdsCosSinCacheHeadParallelismKernel<(bool)0, (unsigned int)128, (unsigned int)8, (unsigned int)16, __nv_bfloat16, long>(T5 *, T5 *, T5 *, T5 *, float *, T6 *, unsigned int, unsigned int, unsigned int, unsigned int, unsigned long, unsigned long, unsigned long, unsigned long, unsigned long, unsigned long, unsigned long, unsigned long)",64,0.708631
3,hbm,revisit,history,compute_graph_projection_layer_2_q_1024,quantize_kernel,128,0.439579
3,hbm,revisit,history,compute_graph_projection_layer_2_q_1024,"void at::native::vectorized_elementwise_kernel<(int)4, at::native::AUnaryFunctor<float, float, float, at::native::binary_internal::MulFunctor<float>>, std::array<char *, (unsigned long)2>>(int, T2, T3)",128,0.154113
3,hbm,revisit,history,compute_graph_projection_layer_2_q_1024,"void at::native::vectorized_elementwise_kernel<(int)4, at::native::BinaryFunctor<float, float, float, at::native::binary_internal::MulFunctor<float>>, std::array<char *, (unsigned long)3>>(int, T2, T3)",64,0.114433
3,hbm,revisit,history,compute_graph_projection_layer_2_q_1024,"void at::native::<unnamed>::CatArrayBatchedCopy_vectorized<at::native::<unnamed>::OpaqueType<(unsigned int)2>, unsigned int, (int)2, (int)128, (int)1, (int)16, (int)8>(char *, at::native::<unnamed>::CatArrInputTensorMetadata<T1, T2, T4, T5>, at::native::<unnamed>::TensorSizeStride<T2, (unsigned int)4>, int, T2)",64,0.173793
3,hbm,revisit,history,compute_graph_finish_layer_2_q_1024,kernel_cutlass_kernel_operatorsdeepseek_v32norm_fusedLocalFusedRMSNorm_object_at__tensorptrbf16gmemalign128oi64716871681_tensorptrbf16gmemalign128oi64716871681_tensorptrf32gmemalign16o716_0,64,0.937439
3,hbm,revisit,history,compute_graph_finish_layer_2_q_1024,"void flashinfer::activation::act_and_mul_kernel<__nv_bfloat16, &silu>(T1 *, const T1 *, int)",64,1.877289
3,hbm,revisit,history,compute_graph_projection_layer_3_q_1024,kernel_cutlass_kernel_operatorsdeepseek_v32norm_plainLocalPlainRMSNorm_object_at__tensorptrbf16gmemalign128oi64716871681_tensorptrf32gmemalign16o71681_tensorptrbf16gmemalign128oi647168716_0,64,0.554807
3,hbm,revisit,history,compute_graph_projection_layer_3_q_1024,"void at::native::elementwise_kernel<(int)128, (int)2, void at::native::gpu_kernel_impl_nocast<at::native::CUDAFunctor_add<long>>(at::TensorIteratorBase &, const T1 &)::[lambda(int) (instance 1)]>(int, T3)",64,0.133562
3,hbm,revisit,history,compute_graph_projection_layer_3_q_1024,"void at::native::unrolled_elementwise_kernel<at::native::direct_copy_kernel_cuda(at::TensorIteratorBase &)::[lambda() (instance 3)]::operator ()() const::[lambda() (instance 7)]::operator ()() const::[lambda(float) (instance 1)], std::array<char *, (unsigned long)2>, (int)4, TrivialOffsetCalculator<(int)1, unsigned int>, TrivialOffsetCalculator<(int)1, unsigned int>, at::native::memory::LoadWithCast<(int)1>, at::native::memory::StoreWithCast<(int)1>>(int, T1, T2, T4, T5, T6, T7)",192,1.897858
3,hbm,revisit,history,compute_graph_projection_layer_3_q_1024,kernel_cutlass_kernel_operatorsdeepseek_v32norm_plainLocalPlainRMSNorm_object_at__tensorptrbf16gmemalign128oi64153615361_tensorptrf32gmemalign16o15361_tensorptrbf16gmemalign128oi641536153_0,64,0.194976
3,hbm,revisit,history,compute_graph_projection_layer_3_q_1024,"void at::native::elementwise_kernel<(int)128, (int)2, void at::native::gpu_kernel_impl_nocast<at::native::BinaryFunctor<float, float, float, at::native::binary_internal::MulFunctor<float>>>(at::TensorIteratorBase &, const T1 &)::[lambda(int) (instance 1)]>(int, T3)",64,0.117666
3,hbm,revisit,history,compute_graph_projection_layer_3_q_1024,"void <unnamed>::elementwise_kernel_with_index<int, at::native::arange_cuda_out(const c10::Scalar &, const c10::Scalar &, const c10::Scalar &, at::Tensor &)::[lambda() (instance 1)]::operator ()() const::[lambda() (instance 4)]::operator ()() const::[lambda(long) (instance 1)]>(T1, T2, function_traits<T2>::result_type *)",64,0.052194
3,hbm,revisit,history,compute_graph_projection_layer_3_q_1024,"void at::native::vectorized_elementwise_kernel<(int)4, at::native::cos_kernel_cuda(at::TensorIteratorBase &)::[lambda() (instance 2)]::operator ()() const::[lambda() (instance 2)]::operator ()() const::[lambda(float) (instance 1)], std::array<char *, (unsigned long)2>>(int, T2, T3)",64,0.127809
3,hbm,revisit,history,compute_graph_projection_layer_3_q_1024,"void at::native::vectorized_elementwise_kernel<(int)4, at::native::sin_kernel_cuda(at::TensorIteratorBase &)::[lambda() (instance 2)]::operator ()() const::[lambda() (instance 2)]::operator ()() const::[lambda(float) (instance 1)], std::array<char *, (unsigned long)2>>(int, T2, T3)",64,0.121699
3,hbm,revisit,history,compute_graph_projection_layer_3_q_1024,"void at::native::<unnamed>::CatArrayBatchedCopy_vectorized<at::native::<unnamed>::OpaqueType<(unsigned int)4>, unsigned int, (int)2, (int)128, (int)1, (int)16, (int)4>(char *, at::native::<unnamed>::CatArrInputTensorMetadata<T1, T2, T4, T5>, at::native::<unnamed>::TensorSizeStride<T2, (unsigned int)4>, int, T2)",64,0.09984
3,hbm,revisit,history,compute_graph_projection_layer_3_q_1024,"void at::native::elementwise_kernel<(int)128, (int)4, void at::native::gpu_kernel_impl_nocast<at::native::direct_copy_kernel_cuda(at::TensorIteratorBase &)::[lambda() (instance 3)]::operator ()() const::[lambda() (instance 12)]::operator ()() const::[lambda(c10::BFloat16) (instance 1)]>(at::TensorIteratorBase &, const T1 &)::[lambda(int) (instance 1)]>(int, T3)",64,0.174657
3,hbm,revisit,history,compute_graph_projection_layer_3_q_1024,kernel_cutlass_kernel_operatorsdeepseek_v32norm_plainLocalPlainRMSNorm_object_at__tensorptrbf16gmemalign128oi645125121_tensorptrf32gmemalign16o5121_tensorptrbf16gmemalign128oi645125121____0,64,0.121088
3,hbm,revisit,history,compute_graph_projection_layer_3_q_1024,"void flashinfer::BatchQKApplyRotaryPosIdsCosSinCacheHeadParallelismKernel<(bool)1, (unsigned int)64, (unsigned int)8, (unsigned int)8, __nv_bfloat16, long>(T5 *, T5 *, T5 *, T5 *, float *, T6 *, unsigned int, unsigned int, unsigned int, unsigned int, unsigned long, unsigned long, unsigned long, unsigned long, unsigned long, unsigned long, unsigned long, unsigned long)",64,0.702467
3,hbm,revisit,history,compute_graph_projection_layer_3_q_1024,"void at::native::<unnamed>::vectorized_layer_norm_kernel<float, float, (bool)0>(int, T2, const T1 *, const T1 *, const T1 *, T2 *, T2 *, T1 *)",64,0.229953
3,hbm,revisit,history,compute_graph_projection_layer_3_q_1024,"void at::native::vectorized_elementwise_kernel<(int)8, at::native::bfloat16_copy_kernel_cuda(at::TensorIteratorBase &)::[lambda(float) (instance 1)], std::array<char *, (unsigned long)2>>(int, T2, T3)",64,0.087937
3,hbm,revisit,history,compute_graph_projection_layer_3_q_1024,"void flashinfer::BatchQKApplyRotaryPosIdsCosSinCacheHeadParallelismKernel<(bool)0, (unsigned int)128, (unsigned int)8, (unsigned int)16, __nv_bfloat16, long>(T5 *, T5 *, T5 *, T5 *, float *, T6 *, unsigned int, unsigned int, unsigned int, unsigned int, unsigned long, unsigned long, unsigned long, unsigned long, unsigned long, unsigned long, unsigned long, unsigned long)",64,0.714068
3,hbm,revisit,history,compute_graph_projection_layer_3_q_1024,quantize_kernel,128,0.438586
3,hbm,revisit,history,compute_graph_projection_layer_3_q_1024,"void at::native::vectorized_elementwise_kernel<(int)4, at::native::AUnaryFunctor<float, float, float, at::native::binary_internal::MulFunctor<float>>, std::array<char *, (unsigned long)2>>(int, T2, T3)",128,0.154656
3,hbm,revisit,history,compute_graph_projection_layer_3_q_1024,"void at::native::vectorized_elementwise_kernel<(int)4, at::native::BinaryFunctor<float, float, float, at::native::binary_internal::MulFunctor<float>>, std::array<char *, (unsigned long)3>>(int, T2, T3)",64,0.112896
3,hbm,revisit,history,compute_graph_projection_layer_3_q_1024,"void at::native::<unnamed>::CatArrayBatchedCopy_vectorized<at::native::<unnamed>::OpaqueType<(unsigned int)2>, unsigned int, (int)2, (int)128, (int)1, (int)16, (int)8>(char *, at::native::<unnamed>::CatArrInputTensorMetadata<T1, T2, T4, T5>, at::native::<unnamed>::TensorSizeStride<T2, (unsigned int)4>, int, T2)",64,0.176321
3,hbm,revisit,history,compute_graph_finish_layer_3_q_1024,kernel_cutlass_kernel_operatorsdeepseek_v32norm_fusedLocalFusedRMSNorm_object_at__tensorptrbf16gmemalign128oi64716871681_tensorptrbf16gmemalign128oi64716871681_tensorptrf32gmemalign16o716_0,64,0.928536
3,hbm,revisit,history,compute_graph_finish_layer_3_q_1024,"void flashinfer::activation::act_and_mul_kernel<__nv_bfloat16, &silu>(T1 *, const T1 *, int)",64,1.873959
3,hbm,revisit,history,compute_graph_projection_layer_4_q_1024,kernel_cutlass_kernel_operatorsdeepseek_v32norm_fusedLocalFusedRMSNorm_object_at__tensorptrbf16gmemalign128oi64716871681_tensorptrbf16gmemalign128oi64716871681_tensorptrf32gmemalign16o716_0,64,0.947907
3,hbm,revisit,history,compute_graph_projection_layer_4_q_1024,"void at::native::elementwise_kernel<(int)128, (int)2, void at::native::gpu_kernel_impl_nocast<at::native::CUDAFunctor_add<long>>(at::TensorIteratorBase &, const T1 &)::[lambda(int) (instance 1)]>(int, T3)",64,0.139553
3,hbm,revisit,history,compute_graph_projection_layer_4_q_1024,"void at::native::unrolled_elementwise_kernel<at::native::direct_copy_kernel_cuda(at::TensorIteratorBase &)::[lambda() (instance 3)]::operator ()() const::[lambda() (instance 7)]::operator ()() const::[lambda(float) (instance 1)], std::array<char *, (unsigned long)2>, (int)4, TrivialOffsetCalculator<(int)1, unsigned int>, TrivialOffsetCalculator<(int)1, unsigned int>, at::native::memory::LoadWithCast<(int)1>, at::native::memory::StoreWithCast<(int)1>>(int, T1, T2, T4, T5, T6, T7)",192,1.897598
3,hbm,revisit,history,compute_graph_projection_layer_4_q_1024,kernel_cutlass_kernel_operatorsdeepseek_v32norm_plainLocalPlainRMSNorm_object_at__tensorptrbf16gmemalign128oi64153615361_tensorptrf32gmemalign16o15361_tensorptrbf16gmemalign128oi641536153_0,64,0.194592
3,hbm,revisit,history,compute_graph_projection_layer_4_q_1024,"void at::native::elementwise_kernel<(int)128, (int)2, void at::native::gpu_kernel_impl_nocast<at::native::BinaryFunctor<float, float, float, at::native::binary_internal::MulFunctor<float>>>(at::TensorIteratorBase &, const T1 &)::[lambda(int) (instance 1)]>(int, T3)",64,0.118624
3,hbm,revisit,history,compute_graph_projection_layer_4_q_1024,"void <unnamed>::elementwise_kernel_with_index<int, at::native::arange_cuda_out(const c10::Scalar &, const c10::Scalar &, const c10::Scalar &, at::Tensor &)::[lambda() (instance 1)]::operator ()() const::[lambda() (instance 4)]::operator ()() const::[lambda(long) (instance 1)]>(T1, T2, function_traits<T2>::result_type *)",64,0.055169
3,hbm,revisit,history,compute_graph_projection_layer_4_q_1024,"void at::native::vectorized_elementwise_kernel<(int)4, at::native::cos_kernel_cuda(at::TensorIteratorBase &)::[lambda() (instance 2)]::operator ()() const::[lambda() (instance 2)]::operator ()() const::[lambda(float) (instance 1)], std::array<char *, (unsigned long)2>>(int, T2, T3)",64,0.124384
3,hbm,revisit,history,compute_graph_projection_layer_4_q_1024,"void at::native::vectorized_elementwise_kernel<(int)4, at::native::sin_kernel_cuda(at::TensorIteratorBase &)::[lambda() (instance 2)]::operator ()() const::[lambda() (instance 2)]::operator ()() const::[lambda(float) (instance 1)], std::array<char *, (unsigned long)2>>(int, T2, T3)",64,0.120928
3,hbm,revisit,history,compute_graph_projection_layer_4_q_1024,"void at::native::<unnamed>::CatArrayBatchedCopy_vectorized<at::native::<unnamed>::OpaqueType<(unsigned int)4>, unsigned int, (int)2, (int)128, (int)1, (int)16, (int)4>(char *, at::native::<unnamed>::CatArrInputTensorMetadata<T1, T2, T4, T5>, at::native::<unnamed>::TensorSizeStride<T2, (unsigned int)4>, int, T2)",64,0.098976
3,hbm,revisit,history,compute_graph_projection_layer_4_q_1024,"void at::native::elementwise_kernel<(int)128, (int)4, void at::native::gpu_kernel_impl_nocast<at::native::direct_copy_kernel_cuda(at::TensorIteratorBase &)::[lambda() (instance 3)]::operator ()() const::[lambda() (instance 12)]::operator ()() const::[lambda(c10::BFloat16) (instance 1)]>(at::TensorIteratorBase &, const T1 &)::[lambda(int) (instance 1)]>(int, T3)",64,0.17264
3,hbm,revisit,history,compute_graph_projection_layer_4_q_1024,kernel_cutlass_kernel_operatorsdeepseek_v32norm_plainLocalPlainRMSNorm_object_at__tensorptrbf16gmemalign128oi645125121_tensorptrf32gmemalign16o5121_tensorptrbf16gmemalign128oi645125121____0,64,0.118784
3,hbm,revisit,history,compute_graph_projection_layer_4_q_1024,"void flashinfer::BatchQKApplyRotaryPosIdsCosSinCacheHeadParallelismKernel<(bool)1, (unsigned int)64, (unsigned int)8, (unsigned int)8, __nv_bfloat16, long>(T5 *, T5 *, T5 *, T5 *, float *, T6 *, unsigned int, unsigned int, unsigned int, unsigned int, unsigned long, unsigned long, unsigned long, unsigned long, unsigned long, unsigned long, unsigned long, unsigned long)",64,0.706466
3,hbm,revisit,history,compute_graph_projection_layer_4_q_1024,"void at::native::<unnamed>::vectorized_layer_norm_kernel<float, float, (bool)0>(int, T2, const T1 *, const T1 *, const T1 *, T2 *, T2 *, T1 *)",64,0.239041
3,hbm,revisit,history,compute_graph_projection_layer_4_q_1024,"void at::native::vectorized_elementwise_kernel<(int)8, at::native::bfloat16_copy_kernel_cuda(at::TensorIteratorBase &)::[lambda(float) (instance 1)], std::array<char *, (unsigned long)2>>(int, T2, T3)",64,0.088896
3,hbm,revisit,history,compute_graph_projection_layer_4_q_1024,"void flashinfer::BatchQKApplyRotaryPosIdsCosSinCacheHeadParallelismKernel<(bool)0, (unsigned int)128, (unsigned int)8, (unsigned int)16, __nv_bfloat16, long>(T5 *, T5 *, T5 *, T5 *, float *, T6 *, unsigned int, unsigned int, unsigned int, unsigned int, unsigned long, unsigned long, unsigned long, unsigned long, unsigned long, unsigned long, unsigned long, unsigned long)",64,0.703234
3,hbm,revisit,history,compute_graph_projection_layer_4_q_1024,quantize_kernel,128,0.447132
3,hbm,revisit,history,compute_graph_projection_layer_4_q_1024,"void at::native::vectorized_elementwise_kernel<(int)4, at::native::AUnaryFunctor<float, float, float, at::native::binary_internal::MulFunctor<float>>, std::array<char *, (unsigned long)2>>(int, T2, T3)",128,0.148546
3,hbm,revisit,history,compute_graph_projection_layer_4_q_1024,"void at::native::vectorized_elementwise_kernel<(int)4, at::native::BinaryFunctor<float, float, float, at::native::binary_internal::MulFunctor<float>>, std::array<char *, (unsigned long)3>>(int, T2, T3)",64,0.1112
3,hbm,revisit,history,compute_graph_projection_layer_4_q_1024,"void at::native::<unnamed>::CatArrayBatchedCopy_vectorized<at::native::<unnamed>::OpaqueType<(unsigned int)2>, unsigned int, (int)2, (int)128, (int)1, (int)16, (int)8>(char *, at::native::<unnamed>::CatArrInputTensorMetadata<T1, T2, T4, T5>, at::native::<unnamed>::TensorSizeStride<T2, (unsigned int)4>, int, T2)",64,0.170466
3,hbm,revisit,history,compute_graph_finish_layer_4_q_1024,kernel_cutlass_kernel_operatorsdeepseek_v32norm_fusedLocalFusedRMSNorm_object_at__tensorptrbf16gmemalign128oi64716871681_tensorptrbf16gmemalign128oi64716871681_tensorptrf32gmemalign16o716_0,64,0.939173
3,hbm,revisit,history,compute_graph_finish_layer_4_q_1024,"void flashinfer::activation::act_and_mul_kernel<__nv_bfloat16, &silu>(T1 *, const T1 *, int)",64,1.866279
3,hbm,revisit,history,compute_graph_projection_layer_5_q_1024,kernel_cutlass_kernel_operatorsdeepseek_v32norm_fusedLocalFusedRMSNorm_object_at__tensorptrbf16gmemalign128oi64716871681_tensorptrbf16gmemalign128oi64716871681_tensorptrf32gmemalign16o716_0,64,0.938405
3,hbm,revisit,history,compute_graph_projection_layer_5_q_1024,"void at::native::elementwise_kernel<(int)128, (int)2, void at::native::gpu_kernel_impl_nocast<at::native::CUDAFunctor_add<long>>(at::TensorIteratorBase &, const T1 &)::[lambda(int) (instance 1)]>(int, T3)",64,0.14413
3,hbm,revisit,history,compute_graph_projection_layer_5_q_1024,"void at::native::unrolled_elementwise_kernel<at::native::direct_copy_kernel_cuda(at::TensorIteratorBase &)::[lambda() (instance 3)]::operator ()() const::[lambda() (instance 7)]::operator ()() const::[lambda(float) (instance 1)], std::array<char *, (unsigned long)2>, (int)4, TrivialOffsetCalculator<(int)1, unsigned int>, TrivialOffsetCalculator<(int)1, unsigned int>, at::native::memory::LoadWithCast<(int)1>, at::native::memory::StoreWithCast<(int)1>>(int, T1, T2, T4, T5, T6, T7)",192,1.895365
3,hbm,revisit,history,compute_graph_projection_layer_5_q_1024,kernel_cutlass_kernel_operatorsdeepseek_v32norm_plainLocalPlainRMSNorm_object_at__tensorptrbf16gmemalign128oi64153615361_tensorptrf32gmemalign16o15361_tensorptrbf16gmemalign128oi641536153_0,64,0.1992
3,hbm,revisit,history,compute_graph_projection_layer_5_q_1024,"void at::native::elementwise_kernel<(int)128, (int)2, void at::native::gpu_kernel_impl_nocast<at::native::BinaryFunctor<float, float, float, at::native::binary_internal::MulFunctor<float>>>(at::TensorIteratorBase &, const T1 &)::[lambda(int) (instance 1)]>(int, T3)",64,0.120387
3,hbm,revisit,history,compute_graph_projection_layer_5_q_1024,"void <unnamed>::elementwise_kernel_with_index<int, at::native::arange_cuda_out(const c10::Scalar &, const c10::Scalar &, const c10::Scalar &, at::Tensor &)::[lambda() (instance 1)]::operator ()() const::[lambda() (instance 4)]::operator ()() const::[lambda(long) (instance 1)]>(T1, T2, function_traits<T2>::result_type *)",64,0.059424
3,hbm,revisit,history,compute_graph_projection_layer_5_q_1024,"void at::native::vectorized_elementwise_kernel<(int)4, at::native::cos_kernel_cuda(at::TensorIteratorBase &)::[lambda() (instance 2)]::operator ()() const::[lambda() (instance 2)]::operator ()() const::[lambda(float) (instance 1)], std::array<char *, (unsigned long)2>>(int, T2, T3)",64,0.128064
3,hbm,revisit,history,compute_graph_projection_layer_5_q_1024,"void at::native::vectorized_elementwise_kernel<(int)4, at::native::sin_kernel_cuda(at::TensorIteratorBase &)::[lambda() (instance 2)]::operator ()() const::[lambda() (instance 2)]::operator ()() const::[lambda(float) (instance 1)], std::array<char *, (unsigned long)2>>(int, T2, T3)",64,0.125633
3,hbm,revisit,history,compute_graph_projection_layer_5_q_1024,"void at::native::<unnamed>::CatArrayBatchedCopy_vectorized<at::native::<unnamed>::OpaqueType<(unsigned int)4>, unsigned int, (int)2, (int)128, (int)1, (int)16, (int)4>(char *, at::native::<unnamed>::CatArrInputTensorMetadata<T1, T2, T4, T5>, at::native::<unnamed>::TensorSizeStride<T2, (unsigned int)4>, int, T2)",64,0.09869
3,hbm,revisit,history,compute_graph_projection_layer_5_q_1024,"void at::native::elementwise_kernel<(int)128, (int)4, void at::native::gpu_kernel_impl_nocast<at::native::direct_copy_kernel_cuda(at::TensorIteratorBase &)::[lambda() (instance 3)]::operator ()() const::[lambda() (instance 12)]::operator ()() const::[lambda(c10::BFloat16) (instance 1)]>(at::TensorIteratorBase &, const T1 &)::[lambda(int) (instance 1)]>(int, T3)",64,0.169056
3,hbm,revisit,history,compute_graph_projection_layer_5_q_1024,kernel_cutlass_kernel_operatorsdeepseek_v32norm_plainLocalPlainRMSNorm_object_at__tensorptrbf16gmemalign128oi645125121_tensorptrf32gmemalign16o5121_tensorptrbf16gmemalign128oi645125121____0,64,0.116642
3,hbm,revisit,history,compute_graph_projection_layer_5_q_1024,"void flashinfer::BatchQKApplyRotaryPosIdsCosSinCacheHeadParallelismKernel<(bool)1, (unsigned int)64, (unsigned int)8, (unsigned int)8, __nv_bfloat16, long>(T5 *, T5 *, T5 *, T5 *, float *, T6 *, unsigned int, unsigned int, unsigned int, unsigned int, unsigned long, unsigned long, unsigned long, unsigned long, unsigned long, unsigned long, unsigned long, unsigned long)",64,0.720827
3,hbm,revisit,history,compute_graph_projection_layer_5_q_1024,"void at::native::<unnamed>::vectorized_layer_norm_kernel<float, float, (bool)0>(int, T2, const T1 *, const T1 *, const T1 *, T2 *, T2 *, T1 *)",64,0.23552
3,hbm,revisit,history,compute_graph_projection_layer_5_q_1024,"void at::native::vectorized_elementwise_kernel<(int)8, at::native::bfloat16_copy_kernel_cuda(at::TensorIteratorBase &)::[lambda(float) (instance 1)], std::array<char *, (unsigned long)2>>(int, T2, T3)",64,0.088897
3,hbm,revisit,history,compute_graph_projection_layer_5_q_1024,"void flashinfer::BatchQKApplyRotaryPosIdsCosSinCacheHeadParallelismKernel<(bool)0, (unsigned int)128, (unsigned int)8, (unsigned int)16, __nv_bfloat16, long>(T5 *, T5 *, T5 *, T5 *, float *, T6 *, unsigned int, unsigned int, unsigned int, unsigned int, unsigned long, unsigned long, unsigned long, unsigned long, unsigned long, unsigned long, unsigned long, unsigned long)",64,0.705921
3,hbm,revisit,history,compute_graph_projection_layer_5_q_1024,quantize_kernel,128,0.440673
3,hbm,revisit,history,compute_graph_projection_layer_5_q_1024,"void at::native::vectorized_elementwise_kernel<(int)4, at::native::AUnaryFunctor<float, float, float, at::native::binary_internal::MulFunctor<float>>, std::array<char *, (unsigned long)2>>(int, T2, T3)",128,0.154564
3,hbm,revisit,history,compute_graph_projection_layer_5_q_1024,"void at::native::vectorized_elementwise_kernel<(int)4, at::native::BinaryFunctor<float, float, float, at::native::binary_internal::MulFunctor<float>>, std::array<char *, (unsigned long)3>>(int, T2, T3)",64,0.116416
3,hbm,revisit,history,compute_graph_projection_layer_5_q_1024,"void at::native::<unnamed>::CatArrayBatchedCopy_vectorized<at::native::<unnamed>::OpaqueType<(unsigned int)2>, unsigned int, (int)2, (int)128, (int)1, (int)16, (int)8>(char *, at::native::<unnamed>::CatArrInputTensorMetadata<T1, T2, T4, T5>, at::native::<unnamed>::TensorSizeStride<T2, (unsigned int)4>, int, T2)",64,0.176385
3,hbm,revisit,history,compute_graph_finish_layer_5_q_1024,kernel_cutlass_kernel_operatorsdeepseek_v32norm_fusedLocalFusedRMSNorm_object_at__tensorptrbf16gmemalign128oi64716871681_tensorptrbf16gmemalign128oi64716871681_tensorptrf32gmemalign16o716_0,64,0.941892
3,hbm,revisit,history,compute_graph_finish_layer_5_q_1024,"void flashinfer::activation::act_and_mul_kernel<__nv_bfloat16, &silu>(T1 *, const T1 *, int)",64,1.872637
3,hbm,revisit,history,compute_graph_projection_layer_6_q_1024,kernel_cutlass_kernel_operatorsdeepseek_v32norm_plainLocalPlainRMSNorm_object_at__tensorptrbf16gmemalign128oi64716871681_tensorptrf32gmemalign16o71681_tensorptrbf16gmemalign128oi647168716_0,64,0.554179
3,hbm,revisit,history,compute_graph_projection_layer_6_q_1024,"void at::native::elementwise_kernel<(int)128, (int)2, void at::native::gpu_kernel_impl_nocast<at::native::CUDAFunctor_add<long>>(at::TensorIteratorBase &, const T1 &)::[lambda(int) (instance 1)]>(int, T3)",64,0.131521
3,hbm,revisit,history,compute_graph_projection_layer_6_q_1024,"void at::native::unrolled_elementwise_kernel<at::native::direct_copy_kernel_cuda(at::TensorIteratorBase &)::[lambda() (instance 3)]::operator ()() const::[lambda() (instance 7)]::operator ()() const::[lambda(float) (instance 1)], std::array<char *, (unsigned long)2>, (int)4, TrivialOffsetCalculator<(int)1, unsigned int>, TrivialOffsetCalculator<(int)1, unsigned int>, at::native::memory::LoadWithCast<(int)1>, at::native::memory::StoreWithCast<(int)1>>(int, T1, T2, T4, T5, T6, T7)",192,1.890629
3,hbm,revisit,history,compute_graph_projection_layer_6_q_1024,kernel_cutlass_kernel_operatorsdeepseek_v32norm_plainLocalPlainRMSNorm_object_at__tensorptrbf16gmemalign128oi64153615361_tensorptrf32gmemalign16o15361_tensorptrbf16gmemalign128oi641536153_0,64,0.194176
3,hbm,revisit,history,compute_graph_projection_layer_6_q_1024,"void at::native::elementwise_kernel<(int)128, (int)2, void at::native::gpu_kernel_impl_nocast<at::native::BinaryFunctor<float, float, float, at::native::binary_internal::MulFunctor<float>>>(at::TensorIteratorBase &, const T1 &)::[lambda(int) (instance 1)]>(int, T3)",64,0.11328
3,hbm,revisit,history,compute_graph_projection_layer_6_q_1024,"void <unnamed>::elementwise_kernel_with_index<int, at::native::arange_cuda_out(const c10::Scalar &, const c10::Scalar &, const c10::Scalar &, at::Tensor &)::[lambda() (instance 1)]::operator ()() const::[lambda() (instance 4)]::operator ()() const::[lambda(long) (instance 1)]>(T1, T2, function_traits<T2>::result_type *)",64,0.056128
3,hbm,revisit,history,compute_graph_projection_layer_6_q_1024,"void at::native::vectorized_elementwise_kernel<(int)4, at::native::cos_kernel_cuda(at::TensorIteratorBase &)::[lambda() (instance 2)]::operator ()() const::[lambda() (instance 2)]::operator ()() const::[lambda(float) (instance 1)], std::array<char *, (unsigned long)2>>(int, T2, T3)",64,0.126049
3,hbm,revisit,history,compute_graph_projection_layer_6_q_1024,"void at::native::vectorized_elementwise_kernel<(int)4, at::native::sin_kernel_cuda(at::TensorIteratorBase &)::[lambda() (instance 2)]::operator ()() const::[lambda() (instance 2)]::operator ()() const::[lambda(float) (instance 1)], std::array<char *, (unsigned long)2>>(int, T2, T3)",64,0.122177
3,hbm,revisit,history,compute_graph_projection_layer_6_q_1024,"void at::native::<unnamed>::CatArrayBatchedCopy_vectorized<at::native::<unnamed>::OpaqueType<(unsigned int)4>, unsigned int, (int)2, (int)128, (int)1, (int)16, (int)4>(char *, at::native::<unnamed>::CatArrInputTensorMetadata<T1, T2, T4, T5>, at::native::<unnamed>::TensorSizeStride<T2, (unsigned int)4>, int, T2)",64,0.098465
3,hbm,revisit,history,compute_graph_projection_layer_6_q_1024,"void at::native::elementwise_kernel<(int)128, (int)4, void at::native::gpu_kernel_impl_nocast<at::native::direct_copy_kernel_cuda(at::TensorIteratorBase &)::[lambda() (instance 3)]::operator ()() const::[lambda() (instance 12)]::operator ()() const::[lambda(c10::BFloat16) (instance 1)]>(at::TensorIteratorBase &, const T1 &)::[lambda(int) (instance 1)]>(int, T3)",64,0.172738
3,hbm,revisit,history,compute_graph_projection_layer_6_q_1024,kernel_cutlass_kernel_operatorsdeepseek_v32norm_plainLocalPlainRMSNorm_object_at__tensorptrbf16gmemalign128oi645125121_tensorptrf32gmemalign16o5121_tensorptrbf16gmemalign128oi645125121____0,64,0.120833
3,hbm,revisit,history,compute_graph_projection_layer_6_q_1024,"void flashinfer::BatchQKApplyRotaryPosIdsCosSinCacheHeadParallelismKernel<(bool)1, (unsigned int)64, (unsigned int)8, (unsigned int)8, __nv_bfloat16, long>(T5 *, T5 *, T5 *, T5 *, float *, T6 *, unsigned int, unsigned int, unsigned int, unsigned int, unsigned long, unsigned long, unsigned long, unsigned long, unsigned long, unsigned long, unsigned long, unsigned long)",64,0.703781
3,hbm,revisit,history,compute_graph_projection_layer_6_q_1024,"void at::native::<unnamed>::vectorized_layer_norm_kernel<float, float, (bool)0>(int, T2, const T1 *, const T1 *, const T1 *, T2 *, T2 *, T1 *)",64,0.229697
3,hbm,revisit,history,compute_graph_projection_layer_6_q_1024,"void at::native::vectorized_elementwise_kernel<(int)8, at::native::bfloat16_copy_kernel_cuda(at::TensorIteratorBase &)::[lambda(float) (instance 1)], std::array<char *, (unsigned long)2>>(int, T2, T3)",64,0.086368
3,hbm,revisit,history,compute_graph_projection_layer_6_q_1024,"void flashinfer::BatchQKApplyRotaryPosIdsCosSinCacheHeadParallelismKernel<(bool)0, (unsigned int)128, (unsigned int)8, (unsigned int)16, __nv_bfloat16, long>(T5 *, T5 *, T5 *, T5 *, float *, T6 *, unsigned int, unsigned int, unsigned int, unsigned int, unsigned long, unsigned long, unsigned long, unsigned long, unsigned long, unsigned long, unsigned long, unsigned long)",64,0.71452
3,hbm,revisit,history,compute_graph_projection_layer_6_q_1024,quantize_kernel,128,0.445792
3,hbm,revisit,history,compute_graph_projection_layer_6_q_1024,"void at::native::vectorized_elementwise_kernel<(int)4, at::native::AUnaryFunctor<float, float, float, at::native::binary_internal::MulFunctor<float>>, std::array<char *, (unsigned long)2>>(int, T2, T3)",128,0.155425
3,hbm,revisit,history,compute_graph_projection_layer_6_q_1024,"void at::native::vectorized_elementwise_kernel<(int)4, at::native::BinaryFunctor<float, float, float, at::native::binary_internal::MulFunctor<float>>, std::array<char *, (unsigned long)3>>(int, T2, T3)",64,0.114369
3,hbm,revisit,history,compute_graph_projection_layer_6_q_1024,"void at::native::<unnamed>::CatArrayBatchedCopy_vectorized<at::native::<unnamed>::OpaqueType<(unsigned int)2>, unsigned int, (int)2, (int)128, (int)1, (int)16, (int)8>(char *, at::native::<unnamed>::CatArrInputTensorMetadata<T1, T2, T4, T5>, at::native::<unnamed>::TensorSizeStride<T2, (unsigned int)4>, int, T2)",64,0.175713
3,hbm,revisit,history,compute_graph_finish_layer_6_q_1024,kernel_cutlass_kernel_operatorsdeepseek_v32norm_fusedLocalFusedRMSNorm_object_at__tensorptrbf16gmemalign128oi64716871681_tensorptrbf16gmemalign128oi64716871681_tensorptrf32gmemalign16o716_0,64,0.932862
3,hbm,revisit,history,compute_graph_finish_layer_6_q_1024,"void flashinfer::activation::act_and_mul_kernel<__nv_bfloat16, &silu>(T1 *, const T1 *, int)",64,1.872474
3,hbm,revisit,history,compute_graph_projection_layer_7_q_1024,kernel_cutlass_kernel_operatorsdeepseek_v32norm_fusedLocalFusedRMSNorm_object_at__tensorptrbf16gmemalign128oi64716871681_tensorptrbf16gmemalign128oi64716871681_tensorptrf32gmemalign16o716_0,64,0.95031
3,hbm,revisit,history,compute_graph_projection_layer_7_q_1024,"void at::native::elementwise_kernel<(int)128, (int)2, void at::native::gpu_kernel_impl_nocast<at::native::CUDAFunctor_add<long>>(at::TensorIteratorBase &, const T1 &)::[lambda(int) (instance 1)]>(int, T3)",64,0.144992
3,hbm,revisit,history,compute_graph_projection_layer_7_q_1024,"void at::native::unrolled_elementwise_kernel<at::native::direct_copy_kernel_cuda(at::TensorIteratorBase &)::[lambda() (instance 3)]::operator ()() const::[lambda() (instance 7)]::operator ()() const::[lambda(float) (instance 1)], std::array<char *, (unsigned long)2>, (int)4, TrivialOffsetCalculator<(int)1, unsigned int>, TrivialOffsetCalculator<(int)1, unsigned int>, at::native::memory::LoadWithCast<(int)1>, at::native::memory::StoreWithCast<(int)1>>(int, T1, T2, T4, T5, T6, T7)",192,1.894402
3,hbm,revisit,history,compute_graph_projection_layer_7_q_1024,kernel_cutlass_kernel_operatorsdeepseek_v32norm_plainLocalPlainRMSNorm_object_at__tensorptrbf16gmemalign128oi64153615361_tensorptrf32gmemalign16o15361_tensorptrbf16gmemalign128oi641536153_0,64,0.194689
3,hbm,revisit,history,compute_graph_projection_layer_7_q_1024,"void at::native::elementwise_kernel<(int)128, (int)2, void at::native::gpu_kernel_impl_nocast<at::native::BinaryFunctor<float, float, float, at::native::binary_internal::MulFunctor<float>>>(at::TensorIteratorBase &, const T1 &)::[lambda(int) (instance 1)]>(int, T3)",64,0.121954
3,hbm,revisit,history,compute_graph_projection_layer_7_q_1024,"void <unnamed>::elementwise_kernel_with_index<int, at::native::arange_cuda_out(const c10::Scalar &, const c10::Scalar &, const c10::Scalar &, at::Tensor &)::[lambda() (instance 1)]::operator ()() const::[lambda() (instance 4)]::operator ()() const::[lambda(long) (instance 1)]>(T1, T2, function_traits<T2>::result_type *)",64,0.056032
3,hbm,revisit,history,compute_graph_projection_layer_7_q_1024,"void at::native::vectorized_elementwise_kernel<(int)4, at::native::cos_kernel_cuda(at::TensorIteratorBase &)::[lambda() (instance 2)]::operator ()() const::[lambda() (instance 2)]::operator ()() const::[lambda(float) (instance 1)], std::array<char *, (unsigned long)2>>(int, T2, T3)",64,0.127552
3,hbm,revisit,history,compute_graph_projection_layer_7_q_1024,"void at::native::vectorized_elementwise_kernel<(int)4, at::native::sin_kernel_cuda(at::TensorIteratorBase &)::[lambda() (instance 2)]::operator ()() const::[lambda() (instance 2)]::operator ()() const::[lambda(float) (instance 1)], std::array<char *, (unsigned long)2>>(int, T2, T3)",64,0.125186
3,hbm,revisit,history,compute_graph_projection_layer_7_q_1024,"void at::native::<unnamed>::CatArrayBatchedCopy_vectorized<at::native::<unnamed>::OpaqueType<(unsigned int)4>, unsigned int, (int)2, (int)128, (int)1, (int)16, (int)4>(char *, at::native::<unnamed>::CatArrInputTensorMetadata<T1, T2, T4, T5>, at::native::<unnamed>::TensorSizeStride<T2, (unsigned int)4>, int, T2)",64,0.102529
3,hbm,revisit,history,compute_graph_projection_layer_7_q_1024,"void at::native::elementwise_kernel<(int)128, (int)4, void at::native::gpu_kernel_impl_nocast<at::native::direct_copy_kernel_cuda(at::TensorIteratorBase &)::[lambda() (instance 3)]::operator ()() const::[lambda() (instance 12)]::operator ()() const::[lambda(c10::BFloat16) (instance 1)]>(at::TensorIteratorBase &, const T1 &)::[lambda(int) (instance 1)]>(int, T3)",64,0.17248
3,hbm,revisit,history,compute_graph_projection_layer_7_q_1024,kernel_cutlass_kernel_operatorsdeepseek_v32norm_plainLocalPlainRMSNorm_object_at__tensorptrbf16gmemalign128oi645125121_tensorptrf32gmemalign16o5121_tensorptrbf16gmemalign128oi645125121____0,64,0.119106
3,hbm,revisit,history,compute_graph_projection_layer_7_q_1024,"void flashinfer::BatchQKApplyRotaryPosIdsCosSinCacheHeadParallelismKernel<(bool)1, (unsigned int)64, (unsigned int)8, (unsigned int)8, __nv_bfloat16, long>(T5 *, T5 *, T5 *, T5 *, float *, T6 *, unsigned int, unsigned int, unsigned int, unsigned int, unsigned long, unsigned long, unsigned long, unsigned long, unsigned long, unsigned long, unsigned long, unsigned long)",64,0.707524
3,hbm,revisit,history,compute_graph_projection_layer_7_q_1024,"void at::native::<unnamed>::vectorized_layer_norm_kernel<float, float, (bool)0>(int, T2, const T1 *, const T1 *, const T1 *, T2 *, T2 *, T1 *)",64,0.236131
3,hbm,revisit,history,compute_graph_projection_layer_7_q_1024,"void at::native::vectorized_elementwise_kernel<(int)8, at::native::bfloat16_copy_kernel_cuda(at::TensorIteratorBase &)::[lambda(float) (instance 1)], std::array<char *, (unsigned long)2>>(int, T2, T3)",64,0.086176
3,hbm,revisit,history,compute_graph_projection_layer_7_q_1024,"void flashinfer::BatchQKApplyRotaryPosIdsCosSinCacheHeadParallelismKernel<(bool)0, (unsigned int)128, (unsigned int)8, (unsigned int)16, __nv_bfloat16, long>(T5 *, T5 *, T5 *, T5 *, float *, T6 *, unsigned int, unsigned int, unsigned int, unsigned int, unsigned long, unsigned long, unsigned long, unsigned long, unsigned long, unsigned long, unsigned long, unsigned long)",64,0.720579
3,hbm,revisit,history,compute_graph_projection_layer_7_q_1024,quantize_kernel,128,0.437853
3,hbm,revisit,history,compute_graph_projection_layer_7_q_1024,"void at::native::vectorized_elementwise_kernel<(int)4, at::native::AUnaryFunctor<float, float, float, at::native::binary_internal::MulFunctor<float>>, std::array<char *, (unsigned long)2>>(int, T2, T3)",128,0.152002
3,hbm,revisit,history,compute_graph_projection_layer_7_q_1024,"void at::native::vectorized_elementwise_kernel<(int)4, at::native::BinaryFunctor<float, float, float, at::native::binary_internal::MulFunctor<float>>, std::array<char *, (unsigned long)3>>(int, T2, T3)",64,0.111553
3,hbm,revisit,history,compute_graph_projection_layer_7_q_1024,"void at::native::<unnamed>::CatArrayBatchedCopy_vectorized<at::native::<unnamed>::OpaqueType<(unsigned int)2>, unsigned int, (int)2, (int)128, (int)1, (int)16, (int)8>(char *, at::native::<unnamed>::CatArrInputTensorMetadata<T1, T2, T4, T5>, at::native::<unnamed>::TensorSizeStride<T2, (unsigned int)4>, int, T2)",64,0.173889
3,hbm,revisit,history,compute_graph_finish_layer_7_q_1024,kernel_cutlass_kernel_operatorsdeepseek_v32norm_fusedLocalFusedRMSNorm_object_at__tensorptrbf16gmemalign128oi64716871681_tensorptrbf16gmemalign128oi64716871681_tensorptrf32gmemalign16o716_0,64,0.931173
3,hbm,revisit,history,compute_graph_finish_layer_7_q_1024,"void flashinfer::activation::act_and_mul_kernel<__nv_bfloat16, &silu>(T1 *, const T1 *, int)",64,1.866776
3,hbm,revisit,history,compute_graph_projection_layer_8_q_1024,kernel_cutlass_kernel_operatorsdeepseek_v32norm_fusedLocalFusedRMSNorm_object_at__tensorptrbf16gmemalign128oi64716871681_tensorptrbf16gmemalign128oi64716871681_tensorptrf32gmemalign16o716_0,64,0.937533
3,hbm,revisit,history,compute_graph_projection_layer_8_q_1024,"void at::native::elementwise_kernel<(int)128, (int)2, void at::native::gpu_kernel_impl_nocast<at::native::CUDAFunctor_add<long>>(at::TensorIteratorBase &, const T1 &)::[lambda(int) (instance 1)]>(int, T3)",64,0.140225
3,hbm,revisit,history,compute_graph_projection_layer_8_q_1024,"void at::native::unrolled_elementwise_kernel<at::native::direct_copy_kernel_cuda(at::TensorIteratorBase &)::[lambda() (instance 3)]::operator ()() const::[lambda() (instance 7)]::operator ()() const::[lambda(float) (instance 1)], std::array<char *, (unsigned long)2>, (int)4, TrivialOffsetCalculator<(int)1, unsigned int>, TrivialOffsetCalculator<(int)1, unsigned int>, at::native::memory::LoadWithCast<(int)1>, at::native::memory::StoreWithCast<(int)1>>(int, T1, T2, T4, T5, T6, T7)",192,1.887082
3,hbm,revisit,history,compute_graph_projection_layer_8_q_1024,kernel_cutlass_kernel_operatorsdeepseek_v32norm_plainLocalPlainRMSNorm_object_at__tensorptrbf16gmemalign128oi64153615361_tensorptrf32gmemalign16o15361_tensorptrbf16gmemalign128oi641536153_0,64,0.197792
3,hbm,revisit,history,compute_graph_projection_layer_8_q_1024,"void at::native::elementwise_kernel<(int)128, (int)2, void at::native::gpu_kernel_impl_nocast<at::native::BinaryFunctor<float, float, float, at::native::binary_internal::MulFunctor<float>>>(at::TensorIteratorBase &, const T1 &)::[lambda(int) (instance 1)]>(int, T3)",64,0.113345
3,hbm,revisit,history,compute_graph_projection_layer_8_q_1024,"void <unnamed>::elementwise_kernel_with_index<int, at::native::arange_cuda_out(const c10::Scalar &, const c10::Scalar &, const c10::Scalar &, at::Tensor &)::[lambda() (instance 1)]::operator ()() const::[lambda() (instance 4)]::operator ()() const::[lambda(long) (instance 1)]>(T1, T2, function_traits<T2>::result_type *)",64,0.057152
3,hbm,revisit,history,compute_graph_projection_layer_8_q_1024,"void at::native::vectorized_elementwise_kernel<(int)4, at::native::cos_kernel_cuda(at::TensorIteratorBase &)::[lambda() (instance 2)]::operator ()() const::[lambda() (instance 2)]::operator ()() const::[lambda(float) (instance 1)], std::array<char *, (unsigned long)2>>(int, T2, T3)",64,0.128416
3,hbm,revisit,history,compute_graph_projection_layer_8_q_1024,"void at::native::vectorized_elementwise_kernel<(int)4, at::native::sin_kernel_cuda(at::TensorIteratorBase &)::[lambda() (instance 2)]::operator ()() const::[lambda() (instance 2)]::operator ()() const::[lambda(float) (instance 1)], std::array<char *, (unsigned long)2>>(int, T2, T3)",64,0.12592
3,hbm,revisit,history,compute_graph_projection_layer_8_q_1024,"void at::native::<unnamed>::CatArrayBatchedCopy_vectorized<at::native::<unnamed>::OpaqueType<(unsigned int)4>, unsigned int, (int)2, (int)128, (int)1, (int)16, (int)4>(char *, at::native::<unnamed>::CatArrInputTensorMetadata<T1, T2, T4, T5>, at::native::<unnamed>::TensorSizeStride<T2, (unsigned int)4>, int, T2)",64,0.102241
3,hbm,revisit,history,compute_graph_projection_layer_8_q_1024,"void at::native::elementwise_kernel<(int)128, (int)4, void at::native::gpu_kernel_impl_nocast<at::native::direct_copy_kernel_cuda(at::TensorIteratorBase &)::[lambda() (instance 3)]::operator ()() const::[lambda() (instance 12)]::operator ()() const::[lambda(c10::BFloat16) (instance 1)]>(at::TensorIteratorBase &, const T1 &)::[lambda(int) (instance 1)]>(int, T3)",64,0.169378
3,hbm,revisit,history,compute_graph_projection_layer_8_q_1024,kernel_cutlass_kernel_operatorsdeepseek_v32norm_plainLocalPlainRMSNorm_object_at__tensorptrbf16gmemalign128oi645125121_tensorptrf32gmemalign16o5121_tensorptrbf16gmemalign128oi645125121____0,64,0.11792
3,hbm,revisit,history,compute_graph_projection_layer_8_q_1024,"void flashinfer::BatchQKApplyRotaryPosIdsCosSinCacheHeadParallelismKernel<(bool)1, (unsigned int)64, (unsigned int)8, (unsigned int)8, __nv_bfloat16, long>(T5 *, T5 *, T5 *, T5 *, float *, T6 *, unsigned int, unsigned int, unsigned int, unsigned int, unsigned long, unsigned long, unsigned long, unsigned long, unsigned long, unsigned long, unsigned long, unsigned long)",64,0.700759
3,hbm,revisit,history,compute_graph_projection_layer_8_q_1024,"void at::native::<unnamed>::vectorized_layer_norm_kernel<float, float, (bool)0>(int, T2, const T1 *, const T1 *, const T1 *, T2 *, T2 *, T1 *)",64,0.234048
3,hbm,revisit,history,compute_graph_projection_layer_8_q_1024,"void at::native::vectorized_elementwise_kernel<(int)8, at::native::bfloat16_copy_kernel_cuda(at::TensorIteratorBase &)::[lambda(float) (instance 1)], std::array<char *, (unsigned long)2>>(int, T2, T3)",64,0.089666
3,hbm,revisit,history,compute_graph_projection_layer_8_q_1024,"void flashinfer::BatchQKApplyRotaryPosIdsCosSinCacheHeadParallelismKernel<(bool)0, (unsigned int)128, (unsigned int)8, (unsigned int)16, __nv_bfloat16, long>(T5 *, T5 *, T5 *, T5 *, float *, T6 *, unsigned int, unsigned int, unsigned int, unsigned int, unsigned long, unsigned long, unsigned long, unsigned long, unsigned long, unsigned long, unsigned long, unsigned long)",64,0.712387
3,hbm,revisit,history,compute_graph_projection_layer_8_q_1024,quantize_kernel,128,0.459517
3,hbm,revisit,history,compute_graph_projection_layer_8_q_1024,"void at::native::vectorized_elementwise_kernel<(int)4, at::native::AUnaryFunctor<float, float, float, at::native::binary_internal::MulFunctor<float>>, std::array<char *, (unsigned long)2>>(int, T2, T3)",128,0.152226
3,hbm,revisit,history,compute_graph_projection_layer_8_q_1024,"void at::native::vectorized_elementwise_kernel<(int)4, at::native::BinaryFunctor<float, float, float, at::native::binary_internal::MulFunctor<float>>, std::array<char *, (unsigned long)3>>(int, T2, T3)",64,0.110944
3,hbm,revisit,history,compute_graph_projection_layer_8_q_1024,"void at::native::<unnamed>::CatArrayBatchedCopy_vectorized<at::native::<unnamed>::OpaqueType<(unsigned int)2>, unsigned int, (int)2, (int)128, (int)1, (int)16, (int)8>(char *, at::native::<unnamed>::CatArrInputTensorMetadata<T1, T2, T4, T5>, at::native::<unnamed>::TensorSizeStride<T2, (unsigned int)4>, int, T2)",64,0.171073
3,hbm,revisit,history,compute_graph_finish_layer_8_q_1024,kernel_cutlass_kernel_operatorsdeepseek_v32norm_fusedLocalFusedRMSNorm_object_at__tensorptrbf16gmemalign128oi64716871681_tensorptrbf16gmemalign128oi64716871681_tensorptrf32gmemalign16o716_0,64,0.939557
3,hbm,revisit,history,compute_graph_finish_layer_8_q_1024,"void flashinfer::activation::act_and_mul_kernel<__nv_bfloat16, &silu>(T1 *, const T1 *, int)",64,1.874312
3,hbm,revisit,history,compute_graph_projection_layer_9_q_1024,kernel_cutlass_kernel_operatorsdeepseek_v32norm_plainLocalPlainRMSNorm_object_at__tensorptrbf16gmemalign128oi64716871681_tensorptrf32gmemalign16o71681_tensorptrbf16gmemalign128oi647168716_0,64,0.554883
3,hbm,revisit,history,compute_graph_projection_layer_9_q_1024,"void at::native::elementwise_kernel<(int)128, (int)2, void at::native::gpu_kernel_impl_nocast<at::native::CUDAFunctor_add<long>>(at::TensorIteratorBase &, const T1 &)::[lambda(int) (instance 1)]>(int, T3)",64,0.128353
3,hbm,revisit,history,compute_graph_projection_layer_9_q_1024,"void at::native::unrolled_elementwise_kernel<at::native::direct_copy_kernel_cuda(at::TensorIteratorBase &)::[lambda() (instance 3)]::operator ()() const::[lambda() (instance 7)]::operator ()() const::[lambda(float) (instance 1)], std::array<char *, (unsigned long)2>, (int)4, TrivialOffsetCalculator<(int)1, unsigned int>, TrivialOffsetCalculator<(int)1, unsigned int>, at::native::memory::LoadWithCast<(int)1>, at::native::memory::StoreWithCast<(int)1>>(int, T1, T2, T4, T5, T6, T7)",192,1.888157
3,hbm,revisit,history,compute_graph_projection_layer_9_q_1024,kernel_cutlass_kernel_operatorsdeepseek_v32norm_plainLocalPlainRMSNorm_object_at__tensorptrbf16gmemalign128oi64153615361_tensorptrf32gmemalign16o15361_tensorptrbf16gmemalign128oi641536153_0,64,0.197025
3,hbm,revisit,history,compute_graph_projection_layer_9_q_1024,"void at::native::elementwise_kernel<(int)128, (int)2, void at::native::gpu_kernel_impl_nocast<at::native::BinaryFunctor<float, float, float, at::native::binary_internal::MulFunctor<float>>>(at::TensorIteratorBase &, const T1 &)::[lambda(int) (instance 1)]>(int, T3)",64,0.12048
3,hbm,revisit,history,compute_graph_projection_layer_9_q_1024,"void <unnamed>::elementwise_kernel_with_index<int, at::native::arange_cuda_out(const c10::Scalar &, const c10::Scalar &, const c10::Scalar &, at::Tensor &)::[lambda() (instance 1)]::operator ()() const::[lambda() (instance 4)]::operator ()() const::[lambda(long) (instance 1)]>(T1, T2, function_traits<T2>::result_type *)",64,0.056992
3,hbm,revisit,history,compute_graph_projection_layer_9_q_1024,"void at::native::vectorized_elementwise_kernel<(int)4, at::native::cos_kernel_cuda(at::TensorIteratorBase &)::[lambda() (instance 2)]::operator ()() const::[lambda() (instance 2)]::operator ()() const::[lambda(float) (instance 1)], std::array<char *, (unsigned long)2>>(int, T2, T3)",64,0.129824
3,hbm,revisit,history,compute_graph_projection_layer_9_q_1024,"void at::native::vectorized_elementwise_kernel<(int)4, at::native::sin_kernel_cuda(at::TensorIteratorBase &)::[lambda() (instance 2)]::operator ()() const::[lambda() (instance 2)]::operator ()() const::[lambda(float) (instance 1)], std::array<char *, (unsigned long)2>>(int, T2, T3)",64,0.125184
3,hbm,revisit,history,compute_graph_projection_layer_9_q_1024,"void at::native::<unnamed>::CatArrayBatchedCopy_vectorized<at::native::<unnamed>::OpaqueType<(unsigned int)4>, unsigned int, (int)2, (int)128, (int)1, (int)16, (int)4>(char *, at::native::<unnamed>::CatArrInputTensorMetadata<T1, T2, T4, T5>, at::native::<unnamed>::TensorSizeStride<T2, (unsigned int)4>, int, T2)",64,0.101825
3,hbm,revisit,history,compute_graph_projection_layer_9_q_1024,"void at::native::elementwise_kernel<(int)128, (int)4, void at::native::gpu_kernel_impl_nocast<at::native::direct_copy_kernel_cuda(at::TensorIteratorBase &)::[lambda() (instance 3)]::operator ()() const::[lambda() (instance 12)]::operator ()() const::[lambda(c10::BFloat16) (instance 1)]>(at::TensorIteratorBase &, const T1 &)::[lambda(int) (instance 1)]>(int, T3)",64,0.171937
3,hbm,revisit,history,compute_graph_projection_layer_9_q_1024,kernel_cutlass_kernel_operatorsdeepseek_v32norm_plainLocalPlainRMSNorm_object_at__tensorptrbf16gmemalign128oi645125121_tensorptrf32gmemalign16o5121_tensorptrbf16gmemalign128oi645125121____0,64,0.121632
3,hbm,revisit,history,compute_graph_projection_layer_9_q_1024,"void flashinfer::BatchQKApplyRotaryPosIdsCosSinCacheHeadParallelismKernel<(bool)1, (unsigned int)64, (unsigned int)8, (unsigned int)8, __nv_bfloat16, long>(T5 *, T5 *, T5 *, T5 *, float *, T6 *, unsigned int, unsigned int, unsigned int, unsigned int, unsigned long, unsigned long, unsigned long, unsigned long, unsigned long, unsigned long, unsigned long, unsigned long)",64,0.712227
3,hbm,revisit,history,compute_graph_projection_layer_9_q_1024,"void at::native::<unnamed>::vectorized_layer_norm_kernel<float, float, (bool)0>(int, T2, const T1 *, const T1 *, const T1 *, T2 *, T2 *, T1 *)",64,0.234308
3,hbm,revisit,history,compute_graph_projection_layer_9_q_1024,"void at::native::vectorized_elementwise_kernel<(int)8, at::native::bfloat16_copy_kernel_cuda(at::TensorIteratorBase &)::[lambda(float) (instance 1)], std::array<char *, (unsigned long)2>>(int, T2, T3)",64,0.087009
3,hbm,revisit,history,compute_graph_projection_layer_9_q_1024,"void flashinfer::BatchQKApplyRotaryPosIdsCosSinCacheHeadParallelismKernel<(bool)0, (unsigned int)128, (unsigned int)8, (unsigned int)16, __nv_bfloat16, long>(T5 *, T5 *, T5 *, T5 *, float *, T6 *, unsigned int, unsigned int, unsigned int, unsigned int, unsigned long, unsigned long, unsigned long, unsigned long, unsigned long, unsigned long, unsigned long, unsigned long)",64,0.707606
3,hbm,revisit,history,compute_graph_projection_layer_9_q_1024,quantize_kernel,128,0.456188
3,hbm,revisit,history,compute_graph_projection_layer_9_q_1024,"void at::native::vectorized_elementwise_kernel<(int)4, at::native::AUnaryFunctor<float, float, float, at::native::binary_internal::MulFunctor<float>>, std::array<char *, (unsigned long)2>>(int, T2, T3)",128,0.151937
3,hbm,revisit,history,compute_graph_projection_layer_9_q_1024,"void at::native::vectorized_elementwise_kernel<(int)4, at::native::BinaryFunctor<float, float, float, at::native::binary_internal::MulFunctor<float>>, std::array<char *, (unsigned long)3>>(int, T2, T3)",64,0.11248
3,hbm,revisit,history,compute_graph_projection_layer_9_q_1024,"void at::native::<unnamed>::CatArrayBatchedCopy_vectorized<at::native::<unnamed>::OpaqueType<(unsigned int)2>, unsigned int, (int)2, (int)128, (int)1, (int)16, (int)8>(char *, at::native::<unnamed>::CatArrInputTensorMetadata<T1, T2, T4, T5>, at::native::<unnamed>::TensorSizeStride<T2, (unsigned int)4>, int, T2)",64,0.173857
3,hbm,revisit,history,compute_graph_finish_layer_9_q_1024,kernel_cutlass_kernel_operatorsdeepseek_v32norm_fusedLocalFusedRMSNorm_object_at__tensorptrbf16gmemalign128oi64716871681_tensorptrbf16gmemalign128oi64716871681_tensorptrf32gmemalign16o716_0,64,0.940233
3,hbm,revisit,history,compute_graph_finish_layer_9_q_1024,"void flashinfer::activation::act_and_mul_kernel<__nv_bfloat16, &silu>(T1 *, const T1 *, int)",64,1.879899
3,hbm,revisit,history,final_norm_lm_head,"void at::native::unrolled_elementwise_kernel<at::native::direct_copy_kernel_cuda(at::TensorIteratorBase &)::[lambda() (instance 3)]::operator ()() const::[lambda() (instance 7)]::operator ()() const::[lambda(float) (instance 1)], std::array<char *, (unsigned long)2>, (int)4, TrivialOffsetCalculator<(int)1, unsigned int>, TrivialOffsetCalculator<(int)1, unsigned int>, at::native::memory::LoadWithCast<(int)1>, at::native::memory::StoreWithCast<(int)1>>(int, T1, T2, T4, T5, T6, T7)",129,2.902674
3,hbm,revisit,history,final_norm_lm_head,"void at::native::vectorized_elementwise_kernel<(int)4, at::native::CUDAFunctor_add<float>, std::array<char *, (unsigned long)3>>(int, T2, T3)",64,1.337412
3,hbm,revisit,history,final_norm_lm_head,kernel_cutlass_kernel_flashinfernormkernelsrmsnormRMSNormKernel_object_at__tensorptrf32gmemalign128oi64716871681_tensorptrf32gmemalign16o71681_tensorptrf32gmemalign128oi64716871681___True_0,64,1.003362
3,hbm,revisit,history,final_norm_lm_head,"void at::native::vectorized_elementwise_kernel<(int)8, at::native::bfloat16_copy_kernel_cuda(at::TensorIteratorBase &)::[lambda(float) (instance 1)], std::array<char *, (unsigned long)2>>(int, T2, T3)",64,0.533763
3,hbm,revisit,history,exact_topk,"void flashinfer::sampling::FinalizeTopKIndicesKernel<(bool)1, (flashinfer::sampling::FilteredTopKMode)0, (unsigned int)256, (unsigned int)8, float, int, flashinfer::sampling::DirectPageTableKernelPolicy<int>, >(T6 *, T5 *, const T6 *, long, const T6 *, const T6 *, unsigned int, unsigned int, T8...)",630,35.63462
3,hbm,revisit,history,exact_topk,"void flashinfer::sampling::StableSortTopKByValueKernel<(unsigned int)256, (unsigned int)8, int, float>(T3 *, T4 *, unsigned int, unsigned int)",630,46.078061
3,hbm,revisit,history,chunk,"void at::native::<unnamed>::CatArrayBatchedCopy_vectorized<at::native::<unnamed>::OpaqueType<(unsigned int)2>, unsigned int, (int)1, (int)128, (int)1, (int)16, (int)8>(char *, at::native::<unnamed>::CatArrInputTensorMetadata<T1, T2, T4, T5>, at::native::<unnamed>::TensorSizeStride<T2, (unsigned int)4>, int, T2)",1,0.436066
3,hbm,revisit,candidate,forward,"void at::native::reduce_kernel<(int)512, (int)1, at::native::ReduceOp<long, at::native::func_wrapper_t<long, at::native::MinNanFunctor<long>>, unsigned int, long, (int)4, (int)4>>(T3)",1,0.002208
3,hbm,revisit,candidate,forward,"void at::native::reduce_kernel<(int)512, (int)1, at::native::ReduceOp<long, at::native::func_wrapper_t<long, at::native::MaxNanFunctor<long>>, unsigned int, long, (int)4, (int)4>>(T3)",1,0.00208
3,hbm,revisit,candidate,embedding,"void at::native::vectorized_gather_kernel<(int)16, long>(char *, char *, T2 *, int, long, long, long, long, bool)",1,0.002784
3,hbm,revisit,candidate,compute_graph_projection_inputs,"void at::native::vectorized_elementwise_kernel<(int)2, at::native::FillFunctor<long>, std::array<char *, (unsigned long)1>>(int, T2, T3)",10,0.008097
3,hbm,revisit,candidate,compute_graph_projection_layer_0_q_128,kernel_cutlass_kernel_operatorsdeepseek_v32norm_plainLocalPlainRMSNorm_object_at__tensorptrbf16gmemalign128oi64716871681_tensorptrf32gmemalign16o71681_tensorptrbf16gmemalign128oi647168716_0,1,0.002912
3,hbm,revisit,candidate,compute_graph_projection_layer_0_q_128,"void at::native::elementwise_kernel<(int)128, (int)2, void at::native::gpu_kernel_impl_nocast<at::native::CUDAFunctor_add<long>>(at::TensorIteratorBase &, const T1 &)::[lambda(int) (instance 1)]>(int, T3)",1,0.001792
3,hbm,revisit,candidate,compute_graph_projection_layer_0_q_128,"void at::native::unrolled_elementwise_kernel<at::native::direct_copy_kernel_cuda(at::TensorIteratorBase &)::[lambda() (instance 3)]::operator ()() const::[lambda() (instance 7)]::operator ()() const::[lambda(float) (instance 1)], std::array<char *, (unsigned long)2>, (int)4, TrivialOffsetCalculator<(int)1, unsigned int>, TrivialOffsetCalculator<(int)1, unsigned int>, at::native::memory::LoadWithCast<(int)1>, at::native::memory::StoreWithCast<(int)1>>(int, T1, T2, T4, T5, T6, T7)",3,0.008352
3,hbm,revisit,candidate,compute_graph_projection_layer_0_q_128,kernel_cutlass_kernel_operatorsdeepseek_v32norm_plainLocalPlainRMSNorm_object_at__tensorptrbf16gmemalign128oi64153615361_tensorptrf32gmemalign16o15361_tensorptrbf16gmemalign128oi641536153_0,1,0.002272
3,hbm,revisit,candidate,compute_graph_projection_layer_0_q_128,"void at::native::elementwise_kernel<(int)128, (int)2, void at::native::gpu_kernel_impl_nocast<at::native::BinaryFunctor<float, float, float, at::native::binary_internal::MulFunctor<float>>>(at::TensorIteratorBase &, const T1 &)::[lambda(int) (instance 1)]>(int, T3)",1,0.001472
3,hbm,revisit,candidate,compute_graph_projection_layer_0_q_128,"void <unnamed>::elementwise_kernel_with_index<int, at::native::arange_cuda_out(const c10::Scalar &, const c10::Scalar &, const c10::Scalar &, at::Tensor &)::[lambda() (instance 1)]::operator ()() const::[lambda() (instance 4)]::operator ()() const::[lambda(long) (instance 1)]>(T1, T2, function_traits<T2>::result_type *)",1,0.000864
3,hbm,revisit,candidate,compute_graph_projection_layer_0_q_128,"void at::native::vectorized_elementwise_kernel<(int)4, at::native::cos_kernel_cuda(at::TensorIteratorBase &)::[lambda() (instance 2)]::operator ()() const::[lambda() (instance 2)]::operator ()() const::[lambda(float) (instance 1)], std::array<char *, (unsigned long)2>>(int, T2, T3)",1,0.001792
3,hbm,revisit,candidate,compute_graph_projection_layer_0_q_128,"void at::native::vectorized_elementwise_kernel<(int)4, at::native::sin_kernel_cuda(at::TensorIteratorBase &)::[lambda() (instance 2)]::operator ()() const::[lambda() (instance 2)]::operator ()() const::[lambda(float) (instance 1)], std::array<char *, (unsigned long)2>>(int, T2, T3)",1,0.001728
3,hbm,revisit,candidate,compute_graph_projection_layer_0_q_128,"void at::native::<unnamed>::CatArrayBatchedCopy_vectorized<at::native::<unnamed>::OpaqueType<(unsigned int)4>, unsigned int, (int)2, (int)128, (int)1, (int)16, (int)4>(char *, at::native::<unnamed>::CatArrInputTensorMetadata<T1, T2, T4, T5>, at::native::<unnamed>::TensorSizeStride<T2, (unsigned int)4>, int, T2)",1,0.001312
3,hbm,revisit,candidate,compute_graph_projection_layer_0_q_128,"void at::native::elementwise_kernel<(int)128, (int)4, void at::native::gpu_kernel_impl_nocast<at::native::direct_copy_kernel_cuda(at::TensorIteratorBase &)::[lambda() (instance 3)]::operator ()() const::[lambda() (instance 12)]::operator ()() const::[lambda(c10::BFloat16) (instance 1)]>(at::TensorIteratorBase &, const T1 &)::[lambda(int) (instance 1)]>(int, T3)",1,0.002529
3,hbm,revisit,candidate,compute_graph_projection_layer_0_q_128,kernel_cutlass_kernel_operatorsdeepseek_v32norm_plainLocalPlainRMSNorm_object_at__tensorptrbf16gmemalign128oi645125121_tensorptrf32gmemalign16o5121_tensorptrbf16gmemalign128oi645125121____0,1,0.001504
3,hbm,revisit,candidate,compute_graph_projection_layer_0_q_128,"void flashinfer::BatchQKApplyRotaryPosIdsCosSinCacheHeadParallelismKernel<(bool)1, (unsigned int)64, (unsigned int)8, (unsigned int)8, __nv_bfloat16, long>(T5 *, T5 *, T5 *, T5 *, float *, T6 *, unsigned int, unsigned int, unsigned int, unsigned int, unsigned long, unsigned long, unsigned long, unsigned long, unsigned long, unsigned long, unsigned long, unsigned long)",1,0.002752
3,hbm,revisit,candidate,compute_graph_projection_layer_0_q_128,"void at::native::<unnamed>::vectorized_layer_norm_kernel<float, float, (bool)0>(int, T2, const T1 *, const T1 *, const T1 *, T2 *, T2 *, T1 *)",1,0.003104
3,hbm,revisit,candidate,compute_graph_projection_layer_0_q_128,"void at::native::vectorized_elementwise_kernel<(int)8, at::native::bfloat16_copy_kernel_cuda(at::TensorIteratorBase &)::[lambda(float) (instance 1)], std::array<char *, (unsigned long)2>>(int, T2, T3)",1,0.001248
3,hbm,revisit,candidate,compute_graph_projection_layer_0_q_128,"void flashinfer::BatchQKApplyRotaryPosIdsCosSinCacheHeadParallelismKernel<(bool)0, (unsigned int)128, (unsigned int)8, (unsigned int)16, __nv_bfloat16, long>(T5 *, T5 *, T5 *, T5 *, float *, T6 *, unsigned int, unsigned int, unsigned int, unsigned int, unsigned long, unsigned long, unsigned long, unsigned long, unsigned long, unsigned long, unsigned long, unsigned long)",1,0.002464
3,hbm,revisit,candidate,compute_graph_projection_layer_0_q_128,quantize_kernel,2,0.00304
3,hbm,revisit,candidate,compute_graph_projection_layer_0_q_128,"void at::native::vectorized_elementwise_kernel<(int)4, at::native::AUnaryFunctor<float, float, float, at::native::binary_internal::MulFunctor<float>>, std::array<char *, (unsigned long)2>>(int, T2, T3)",2,0.002144
3,hbm,revisit,candidate,compute_graph_projection_layer_0_q_128,"void at::native::vectorized_elementwise_kernel<(int)4, at::native::BinaryFunctor<float, float, float, at::native::binary_internal::MulFunctor<float>>, std::array<char *, (unsigned long)3>>(int, T2, T3)",1,0.001152
3,hbm,revisit,candidate,compute_graph_projection_layer_0_q_128,"void at::native::<unnamed>::CatArrayBatchedCopy_vectorized<at::native::<unnamed>::OpaqueType<(unsigned int)2>, unsigned int, (int)2, (int)128, (int)1, (int)16, (int)8>(char *, at::native::<unnamed>::CatArrInputTensorMetadata<T1, T2, T4, T5>, at::native::<unnamed>::TensorSizeStride<T2, (unsigned int)4>, int, T2)",1,0.00208
3,hbm,revisit,candidate,exact_topk,"void at::native::elementwise_kernel<(int)128, (int)2, void at::native::gpu_kernel_impl_nocast<at::native::direct_copy_kernel_cuda(at::TensorIteratorBase &)::[lambda() (instance 3)]::operator ()() const::[lambda() (instance 7)]::operator ()() const::[lambda(float) (instance 1)]>(at::TensorIteratorBase &, const T1 &)::[lambda(int) (instance 1)]>(int, T3)",10,0.253729
3,hbm,revisit,candidate,exact_topk,"void flashinfer::sampling::FilteredTopKUnifiedKernel<float, int, (int)4, (bool)1, (flashinfer::sampling::FilteredTopKMode)0, (flashinfer::sampling::TopKTieBreak)1, flashinfer::sampling::DirectPageTableKernelPolicy<int>, >(const T1 *, T2 *, T1 *, const T2 *, long, const T2 *, const T2 *, const T2 *, const T2 *, unsigned int, unsigned int, unsigned int, T8...)",10,0.363009
3,hbm,revisit,candidate,exact_topk,"void flashinfer::sampling::FinalizeTopKIndicesKernel<(bool)1, (flashinfer::sampling::FilteredTopKMode)0, (unsigned int)256, (unsigned int)8, float, int, flashinfer::sampling::DirectPageTableKernelPolicy<int>, >(T6 *, T5 *, const T6 *, long, const T6 *, const T6 *, unsigned int, unsigned int, T8...)",10,0.119459
3,hbm,revisit,candidate,exact_topk,"void flashinfer::sampling::StableSortTopKByValueKernel<(unsigned int)256, (unsigned int)8, int, float>(T3 *, T4 *, unsigned int, unsigned int)",10,0.151329
3,hbm,revisit,candidate,exact_topk,mask_kernel,10,0.013184
3,hbm,revisit,candidate,compute_graph_finish_layer_0_q_128,kernel_cutlass_kernel_operatorsdeepseek_v32norm_fusedLocalFusedRMSNorm_object_at__tensorptrbf16gmemalign128oi64716871681_tensorptrbf16gmemalign128oi64716871681_tensorptrf32gmemalign16o716_0,1,0.00352
3,hbm,revisit,candidate,compute_graph_finish_layer_0_q_128,"void flashinfer::activation::act_and_mul_kernel<__nv_bfloat16, &silu>(T1 *, const T1 *, int)",1,0.005088
3,hbm,revisit,candidate,compute_graph_projection_layer_1_q_128,kernel_cutlass_kernel_operatorsdeepseek_v32norm_fusedLocalFusedRMSNorm_object_at__tensorptrbf16gmemalign128oi64716871681_tensorptrbf16gmemalign128oi64716871681_tensorptrf32gmemalign16o716_0,1,0.003392
3,hbm,revisit,candidate,compute_graph_projection_layer_1_q_128,"void at::native::elementwise_kernel<(int)128, (int)2, void at::native::gpu_kernel_impl_nocast<at::native::CUDAFunctor_add<long>>(at::TensorIteratorBase &, const T1 &)::[lambda(int) (instance 1)]>(int, T3)",1,0.001568
3,hbm,revisit,candidate,compute_graph_projection_layer_1_q_128,"void at::native::unrolled_elementwise_kernel<at::native::direct_copy_kernel_cuda(at::TensorIteratorBase &)::[lambda() (instance 3)]::operator ()() const::[lambda() (instance 7)]::operator ()() const::[lambda(float) (instance 1)], std::array<char *, (unsigned long)2>, (int)4, TrivialOffsetCalculator<(int)1, unsigned int>, TrivialOffsetCalculator<(int)1, unsigned int>, at::native::memory::LoadWithCast<(int)1>, at::native::memory::StoreWithCast<(int)1>>(int, T1, T2, T4, T5, T6, T7)",3,0.008288
3,hbm,revisit,candidate,compute_graph_projection_layer_1_q_128,kernel_cutlass_kernel_operatorsdeepseek_v32norm_plainLocalPlainRMSNorm_object_at__tensorptrbf16gmemalign128oi64153615361_tensorptrf32gmemalign16o15361_tensorptrbf16gmemalign128oi641536153_0,1,0.002176
3,hbm,revisit,candidate,compute_graph_projection_layer_1_q_128,"void at::native::elementwise_kernel<(int)128, (int)2, void at::native::gpu_kernel_impl_nocast<at::native::BinaryFunctor<float, float, float, at::native::binary_internal::MulFunctor<float>>>(at::TensorIteratorBase &, const T1 &)::[lambda(int) (instance 1)]>(int, T3)",1,0.001568
3,hbm,revisit,candidate,compute_graph_projection_layer_1_q_128,"void <unnamed>::elementwise_kernel_with_index<int, at::native::arange_cuda_out(const c10::Scalar &, const c10::Scalar &, const c10::Scalar &, at::Tensor &)::[lambda() (instance 1)]::operator ()() const::[lambda() (instance 4)]::operator ()() const::[lambda(long) (instance 1)]>(T1, T2, function_traits<T2>::result_type *)",1,0.000896
3,hbm,revisit,candidate,compute_graph_projection_layer_1_q_128,"void at::native::vectorized_elementwise_kernel<(int)4, at::native::cos_kernel_cuda(at::TensorIteratorBase &)::[lambda() (instance 2)]::operator ()() const::[lambda() (instance 2)]::operator ()() const::[lambda(float) (instance 1)], std::array<char *, (unsigned long)2>>(int, T2, T3)",1,0.001824
3,hbm,revisit,candidate,compute_graph_projection_layer_1_q_128,"void at::native::vectorized_elementwise_kernel<(int)4, at::native::sin_kernel_cuda(at::TensorIteratorBase &)::[lambda() (instance 2)]::operator ()() const::[lambda() (instance 2)]::operator ()() const::[lambda(float) (instance 1)], std::array<char *, (unsigned long)2>>(int, T2, T3)",1,0.001824
3,hbm,revisit,candidate,compute_graph_projection_layer_1_q_128,"void at::native::<unnamed>::CatArrayBatchedCopy_vectorized<at::native::<unnamed>::OpaqueType<(unsigned int)4>, unsigned int, (int)2, (int)128, (int)1, (int)16, (int)4>(char *, at::native::<unnamed>::CatArrInputTensorMetadata<T1, T2, T4, T5>, at::native::<unnamed>::TensorSizeStride<T2, (unsigned int)4>, int, T2)",1,0.001312
3,hbm,revisit,candidate,compute_graph_projection_layer_1_q_128,"void at::native::elementwise_kernel<(int)128, (int)4, void at::native::gpu_kernel_impl_nocast<at::native::direct_copy_kernel_cuda(at::TensorIteratorBase &)::[lambda() (instance 3)]::operator ()() const::[lambda() (instance 12)]::operator ()() const::[lambda(c10::BFloat16) (instance 1)]>(at::TensorIteratorBase &, const T1 &)::[lambda(int) (instance 1)]>(int, T3)",1,0.002432
3,hbm,revisit,candidate,compute_graph_projection_layer_1_q_128,kernel_cutlass_kernel_operatorsdeepseek_v32norm_plainLocalPlainRMSNorm_object_at__tensorptrbf16gmemalign128oi645125121_tensorptrf32gmemalign16o5121_tensorptrbf16gmemalign128oi645125121____0,1,0.001504
3,hbm,revisit,candidate,compute_graph_projection_layer_1_q_128,"void flashinfer::BatchQKApplyRotaryPosIdsCosSinCacheHeadParallelismKernel<(bool)1, (unsigned int)64, (unsigned int)8, (unsigned int)8, __nv_bfloat16, long>(T5 *, T5 *, T5 *, T5 *, float *, T6 *, unsigned int, unsigned int, unsigned int, unsigned int, unsigned long, unsigned long, unsigned long, unsigned long, unsigned long, unsigned long, unsigned long, unsigned long)",1,0.002752
3,hbm,revisit,candidate,compute_graph_projection_layer_1_q_128,"void at::native::<unnamed>::vectorized_layer_norm_kernel<float, float, (bool)0>(int, T2, const T1 *, const T1 *, const T1 *, T2 *, T2 *, T1 *)",1,0.003328
3,hbm,revisit,candidate,compute_graph_projection_layer_1_q_128,"void at::native::vectorized_elementwise_kernel<(int)8, at::native::bfloat16_copy_kernel_cuda(at::TensorIteratorBase &)::[lambda(float) (instance 1)], std::array<char *, (unsigned long)2>>(int, T2, T3)",1,0.001216
3,hbm,revisit,candidate,compute_graph_projection_layer_1_q_128,"void flashinfer::BatchQKApplyRotaryPosIdsCosSinCacheHeadParallelismKernel<(bool)0, (unsigned int)128, (unsigned int)8, (unsigned int)16, __nv_bfloat16, long>(T5 *, T5 *, T5 *, T5 *, float *, T6 *, unsigned int, unsigned int, unsigned int, unsigned int, unsigned long, unsigned long, unsigned long, unsigned long, unsigned long, unsigned long, unsigned long, unsigned long)",1,0.002784
3,hbm,revisit,candidate,compute_graph_projection_layer_1_q_128,quantize_kernel,2,0.0032
3,hbm,revisit,candidate,compute_graph_projection_layer_1_q_128,"void at::native::vectorized_elementwise_kernel<(int)4, at::native::AUnaryFunctor<float, float, float, at::native::binary_internal::MulFunctor<float>>, std::array<char *, (unsigned long)2>>(int, T2, T3)",2,0.00224
3,hbm,revisit,candidate,compute_graph_projection_layer_1_q_128,"void at::native::vectorized_elementwise_kernel<(int)4, at::native::BinaryFunctor<float, float, float, at::native::binary_internal::MulFunctor<float>>, std::array<char *, (unsigned long)3>>(int, T2, T3)",1,0.001248
3,hbm,revisit,candidate,compute_graph_projection_layer_1_q_128,"void at::native::<unnamed>::CatArrayBatchedCopy_vectorized<at::native::<unnamed>::OpaqueType<(unsigned int)2>, unsigned int, (int)2, (int)128, (int)1, (int)16, (int)8>(char *, at::native::<unnamed>::CatArrInputTensorMetadata<T1, T2, T4, T5>, at::native::<unnamed>::TensorSizeStride<T2, (unsigned int)4>, int, T2)",1,0.002304
3,hbm,revisit,candidate,compute_graph_finish_layer_1_q_128,kernel_cutlass_kernel_operatorsdeepseek_v32norm_fusedLocalFusedRMSNorm_object_at__tensorptrbf16gmemalign128oi64716871681_tensorptrbf16gmemalign128oi64716871681_tensorptrf32gmemalign16o716_0,1,0.003488
3,hbm,revisit,candidate,compute_graph_finish_layer_1_q_128,"void flashinfer::activation::act_and_mul_kernel<__nv_bfloat16, &silu>(T1 *, const T1 *, int)",1,0.005088
3,hbm,revisit,candidate,compute_graph_projection_layer_2_q_128,kernel_cutlass_kernel_operatorsdeepseek_v32norm_fusedLocalFusedRMSNorm_object_at__tensorptrbf16gmemalign128oi64716871681_tensorptrbf16gmemalign128oi64716871681_tensorptrf32gmemalign16o716_0,1,0.003456
3,hbm,revisit,candidate,compute_graph_projection_layer_2_q_128,"void at::native::elementwise_kernel<(int)128, (int)2, void at::native::gpu_kernel_impl_nocast<at::native::CUDAFunctor_add<long>>(at::TensorIteratorBase &, const T1 &)::[lambda(int) (instance 1)]>(int, T3)",1,0.001952
3,hbm,revisit,candidate,compute_graph_projection_layer_2_q_128,"void at::native::unrolled_elementwise_kernel<at::native::direct_copy_kernel_cuda(at::TensorIteratorBase &)::[lambda() (instance 3)]::operator ()() const::[lambda() (instance 7)]::operator ()() const::[lambda(float) (instance 1)], std::array<char *, (unsigned long)2>, (int)4, TrivialOffsetCalculator<(int)1, unsigned int>, TrivialOffsetCalculator<(int)1, unsigned int>, at::native::memory::LoadWithCast<(int)1>, at::native::memory::StoreWithCast<(int)1>>(int, T1, T2, T4, T5, T6, T7)",3,0.008288
3,hbm,revisit,candidate,compute_graph_projection_layer_2_q_128,kernel_cutlass_kernel_operatorsdeepseek_v32norm_plainLocalPlainRMSNorm_object_at__tensorptrbf16gmemalign128oi64153615361_tensorptrf32gmemalign16o15361_tensorptrbf16gmemalign128oi641536153_0,1,0.002304
3,hbm,revisit,candidate,compute_graph_projection_layer_2_q_128,"void at::native::elementwise_kernel<(int)128, (int)2, void at::native::gpu_kernel_impl_nocast<at::native::BinaryFunctor<float, float, float, at::native::binary_internal::MulFunctor<float>>>(at::TensorIteratorBase &, const T1 &)::[lambda(int) (instance 1)]>(int, T3)",1,0.001504
3,hbm,revisit,candidate,compute_graph_projection_layer_2_q_128,"void <unnamed>::elementwise_kernel_with_index<int, at::native::arange_cuda_out(const c10::Scalar &, const c10::Scalar &, const c10::Scalar &, at::Tensor &)::[lambda() (instance 1)]::operator ()() const::[lambda() (instance 4)]::operator ()() const::[lambda(long) (instance 1)]>(T1, T2, function_traits<T2>::result_type *)",1,0.000864
3,hbm,revisit,candidate,compute_graph_projection_layer_2_q_128,"void at::native::vectorized_elementwise_kernel<(int)4, at::native::cos_kernel_cuda(at::TensorIteratorBase &)::[lambda() (instance 2)]::operator ()() const::[lambda() (instance 2)]::operator ()() const::[lambda(float) (instance 1)], std::array<char *, (unsigned long)2>>(int, T2, T3)",1,0.00176
3,hbm,revisit,candidate,compute_graph_projection_layer_2_q_128,"void at::native::vectorized_elementwise_kernel<(int)4, at::native::sin_kernel_cuda(at::TensorIteratorBase &)::[lambda() (instance 2)]::operator ()() const::[lambda() (instance 2)]::operator ()() const::[lambda(float) (instance 1)], std::array<char *, (unsigned long)2>>(int, T2, T3)",1,0.001888
3,hbm,revisit,candidate,compute_graph_projection_layer_2_q_128,"void at::native::<unnamed>::CatArrayBatchedCopy_vectorized<at::native::<unnamed>::OpaqueType<(unsigned int)4>, unsigned int, (int)2, (int)128, (int)1, (int)16, (int)4>(char *, at::native::<unnamed>::CatArrInputTensorMetadata<T1, T2, T4, T5>, at::native::<unnamed>::TensorSizeStride<T2, (unsigned int)4>, int, T2)",1,0.001344
3,hbm,revisit,candidate,compute_graph_projection_layer_2_q_128,"void at::native::elementwise_kernel<(int)128, (int)4, void at::native::gpu_kernel_impl_nocast<at::native::direct_copy_kernel_cuda(at::TensorIteratorBase &)::[lambda() (instance 3)]::operator ()() const::[lambda() (instance 12)]::operator ()() const::[lambda(c10::BFloat16) (instance 1)]>(at::TensorIteratorBase &, const T1 &)::[lambda(int) (instance 1)]>(int, T3)",1,0.002464
3,hbm,revisit,candidate,compute_graph_projection_layer_2_q_128,kernel_cutlass_kernel_operatorsdeepseek_v32norm_plainLocalPlainRMSNorm_object_at__tensorptrbf16gmemalign128oi645125121_tensorptrf32gmemalign16o5121_tensorptrbf16gmemalign128oi645125121____0,1,0.00144
3,hbm,revisit,candidate,compute_graph_projection_layer_2_q_128,"void flashinfer::BatchQKApplyRotaryPosIdsCosSinCacheHeadParallelismKernel<(bool)1, (unsigned int)64, (unsigned int)8, (unsigned int)8, __nv_bfloat16, long>(T5 *, T5 *, T5 *, T5 *, float *, T6 *, unsigned int, unsigned int, unsigned int, unsigned int, unsigned long, unsigned long, unsigned long, unsigned long, unsigned long, unsigned long, unsigned long, unsigned long)",1,0.002816
3,hbm,revisit,candidate,compute_graph_projection_layer_2_q_128,"void at::native::<unnamed>::vectorized_layer_norm_kernel<float, float, (bool)0>(int, T2, const T1 *, const T1 *, const T1 *, T2 *, T2 *, T1 *)",1,0.003072
3,hbm,revisit,candidate,compute_graph_projection_layer_2_q_128,"void at::native::vectorized_elementwise_kernel<(int)8, at::native::bfloat16_copy_kernel_cuda(at::TensorIteratorBase &)::[lambda(float) (instance 1)], std::array<char *, (unsigned long)2>>(int, T2, T3)",1,0.001184
3,hbm,revisit,candidate,compute_graph_projection_layer_2_q_128,"void flashinfer::BatchQKApplyRotaryPosIdsCosSinCacheHeadParallelismKernel<(bool)0, (unsigned int)128, (unsigned int)8, (unsigned int)16, __nv_bfloat16, long>(T5 *, T5 *, T5 *, T5 *, float *, T6 *, unsigned int, unsigned int, unsigned int, unsigned int, unsigned long, unsigned long, unsigned long, unsigned long, unsigned long, unsigned long, unsigned long, unsigned long)",1,0.0024
3,hbm,revisit,candidate,compute_graph_projection_layer_2_q_128,quantize_kernel,2,0.003072
3,hbm,revisit,candidate,compute_graph_projection_layer_2_q_128,"void at::native::vectorized_elementwise_kernel<(int)4, at::native::AUnaryFunctor<float, float, float, at::native::binary_internal::MulFunctor<float>>, std::array<char *, (unsigned long)2>>(int, T2, T3)",2,0.002272
3,hbm,revisit,candidate,compute_graph_projection_layer_2_q_128,"void at::native::vectorized_elementwise_kernel<(int)4, at::native::BinaryFunctor<float, float, float, at::native::binary_internal::MulFunctor<float>>, std::array<char *, (unsigned long)3>>(int, T2, T3)",1,0.001216
3,hbm,revisit,candidate,compute_graph_projection_layer_2_q_128,"void at::native::<unnamed>::CatArrayBatchedCopy_vectorized<at::native::<unnamed>::OpaqueType<(unsigned int)2>, unsigned int, (int)2, (int)128, (int)1, (int)16, (int)8>(char *, at::native::<unnamed>::CatArrInputTensorMetadata<T1, T2, T4, T5>, at::native::<unnamed>::TensorSizeStride<T2, (unsigned int)4>, int, T2)",1,0.002144
3,hbm,revisit,candidate,compute_graph_finish_layer_2_q_128,kernel_cutlass_kernel_operatorsdeepseek_v32norm_fusedLocalFusedRMSNorm_object_at__tensorptrbf16gmemalign128oi64716871681_tensorptrbf16gmemalign128oi64716871681_tensorptrf32gmemalign16o716_0,1,0.003424
3,hbm,revisit,candidate,compute_graph_finish_layer_2_q_128,"void flashinfer::activation::act_and_mul_kernel<__nv_bfloat16, &silu>(T1 *, const T1 *, int)",1,0.00496
3,hbm,revisit,candidate,compute_graph_projection_layer_3_q_128,kernel_cutlass_kernel_operatorsdeepseek_v32norm_plainLocalPlainRMSNorm_object_at__tensorptrbf16gmemalign128oi64716871681_tensorptrf32gmemalign16o71681_tensorptrbf16gmemalign128oi647168716_0,1,0.00288
3,hbm,revisit,candidate,compute_graph_projection_layer_3_q_128,"void at::native::elementwise_kernel<(int)128, (int)2, void at::native::gpu_kernel_impl_nocast<at::native::CUDAFunctor_add<long>>(at::TensorIteratorBase &, const T1 &)::[lambda(int) (instance 1)]>(int, T3)",1,0.001664
3,hbm,revisit,candidate,compute_graph_projection_layer_3_q_128,"void at::native::unrolled_elementwise_kernel<at::native::direct_copy_kernel_cuda(at::TensorIteratorBase &)::[lambda() (instance 3)]::operator ()() const::[lambda() (instance 7)]::operator ()() const::[lambda(float) (instance 1)], std::array<char *, (unsigned long)2>, (int)4, TrivialOffsetCalculator<(int)1, unsigned int>, TrivialOffsetCalculator<(int)1, unsigned int>, at::native::memory::LoadWithCast<(int)1>, at::native::memory::StoreWithCast<(int)1>>(int, T1, T2, T4, T5, T6, T7)",3,0.008448
3,hbm,revisit,candidate,compute_graph_projection_layer_3_q_128,kernel_cutlass_kernel_operatorsdeepseek_v32norm_plainLocalPlainRMSNorm_object_at__tensorptrbf16gmemalign128oi64153615361_tensorptrf32gmemalign16o15361_tensorptrbf16gmemalign128oi641536153_0,1,0.002368
3,hbm,revisit,candidate,compute_graph_projection_layer_3_q_128,"void at::native::elementwise_kernel<(int)128, (int)2, void at::native::gpu_kernel_impl_nocast<at::native::BinaryFunctor<float, float, float, at::native::binary_internal::MulFunctor<float>>>(at::TensorIteratorBase &, const T1 &)::[lambda(int) (instance 1)]>(int, T3)",1,0.001472
3,hbm,revisit,candidate,compute_graph_projection_layer_3_q_128,"void <unnamed>::elementwise_kernel_with_index<int, at::native::arange_cuda_out(const c10::Scalar &, const c10::Scalar &, const c10::Scalar &, at::Tensor &)::[lambda() (instance 1)]::operator ()() const::[lambda() (instance 4)]::operator ()() const::[lambda(long) (instance 1)]>(T1, T2, function_traits<T2>::result_type *)",1,0.000768
3,hbm,revisit,candidate,compute_graph_projection_layer_3_q_128,"void at::native::vectorized_elementwise_kernel<(int)4, at::native::cos_kernel_cuda(at::TensorIteratorBase &)::[lambda() (instance 2)]::operator ()() const::[lambda() (instance 2)]::operator ()() const::[lambda(float) (instance 1)], std::array<char *, (unsigned long)2>>(int, T2, T3)",1,0.001888
3,hbm,revisit,candidate,compute_graph_projection_layer_3_q_128,"void at::native::vectorized_elementwise_kernel<(int)4, at::native::sin_kernel_cuda(at::TensorIteratorBase &)::[lambda() (instance 2)]::operator ()() const::[lambda() (instance 2)]::operator ()() const::[lambda(float) (instance 1)], std::array<char *, (unsigned long)2>>(int, T2, T3)",1,0.001824
3,hbm,revisit,candidate,compute_graph_projection_layer_3_q_128,"void at::native::<unnamed>::CatArrayBatchedCopy_vectorized<at::native::<unnamed>::OpaqueType<(unsigned int)4>, unsigned int, (int)2, (int)128, (int)1, (int)16, (int)4>(char *, at::native::<unnamed>::CatArrInputTensorMetadata<T1, T2, T4, T5>, at::native::<unnamed>::TensorSizeStride<T2, (unsigned int)4>, int, T2)",1,0.001376
3,hbm,revisit,candidate,compute_graph_projection_layer_3_q_128,"void at::native::elementwise_kernel<(int)128, (int)4, void at::native::gpu_kernel_impl_nocast<at::native::direct_copy_kernel_cuda(at::TensorIteratorBase &)::[lambda() (instance 3)]::operator ()() const::[lambda() (instance 12)]::operator ()() const::[lambda(c10::BFloat16) (instance 1)]>(at::TensorIteratorBase &, const T1 &)::[lambda(int) (instance 1)]>(int, T3)",1,0.00256
3,hbm,revisit,candidate,compute_graph_projection_layer_3_q_128,kernel_cutlass_kernel_operatorsdeepseek_v32norm_plainLocalPlainRMSNorm_object_at__tensorptrbf16gmemalign128oi645125121_tensorptrf32gmemalign16o5121_tensorptrbf16gmemalign128oi645125121____0,1,0.001504
3,hbm,revisit,candidate,compute_graph_projection_layer_3_q_128,"void flashinfer::BatchQKApplyRotaryPosIdsCosSinCacheHeadParallelismKernel<(bool)1, (unsigned int)64, (unsigned int)8, (unsigned int)8, __nv_bfloat16, long>(T5 *, T5 *, T5 *, T5 *, float *, T6 *, unsigned int, unsigned int, unsigned int, unsigned int, unsigned long, unsigned long, unsigned long, unsigned long, unsigned long, unsigned long, unsigned long, unsigned long)",1,0.00288
3,hbm,revisit,candidate,compute_graph_projection_layer_3_q_128,"void at::native::<unnamed>::vectorized_layer_norm_kernel<float, float, (bool)0>(int, T2, const T1 *, const T1 *, const T1 *, T2 *, T2 *, T1 *)",1,0.003072
3,hbm,revisit,candidate,compute_graph_projection_layer_3_q_128,"void at::native::vectorized_elementwise_kernel<(int)8, at::native::bfloat16_copy_kernel_cuda(at::TensorIteratorBase &)::[lambda(float) (instance 1)], std::array<char *, (unsigned long)2>>(int, T2, T3)",1,0.001184
3,hbm,revisit,candidate,compute_graph_projection_layer_3_q_128,"void flashinfer::BatchQKApplyRotaryPosIdsCosSinCacheHeadParallelismKernel<(bool)0, (unsigned int)128, (unsigned int)8, (unsigned int)16, __nv_bfloat16, long>(T5 *, T5 *, T5 *, T5 *, float *, T6 *, unsigned int, unsigned int, unsigned int, unsigned int, unsigned long, unsigned long, unsigned long, unsigned long, unsigned long, unsigned long, unsigned long, unsigned long)",1,0.002432
3,hbm,revisit,candidate,compute_graph_projection_layer_3_q_128,quantize_kernel,2,0.002912
3,hbm,revisit,candidate,compute_graph_projection_layer_3_q_128,"void at::native::vectorized_elementwise_kernel<(int)4, at::native::AUnaryFunctor<float, float, float, at::native::binary_internal::MulFunctor<float>>, std::array<char *, (unsigned long)2>>(int, T2, T3)",2,0.002144
3,hbm,revisit,candidate,compute_graph_projection_layer_3_q_128,"void at::native::vectorized_elementwise_kernel<(int)4, at::native::BinaryFunctor<float, float, float, at::native::binary_internal::MulFunctor<float>>, std::array<char *, (unsigned long)3>>(int, T2, T3)",1,0.001216
3,hbm,revisit,candidate,compute_graph_projection_layer_3_q_128,"void at::native::<unnamed>::CatArrayBatchedCopy_vectorized<at::native::<unnamed>::OpaqueType<(unsigned int)2>, unsigned int, (int)2, (int)128, (int)1, (int)16, (int)8>(char *, at::native::<unnamed>::CatArrInputTensorMetadata<T1, T2, T4, T5>, at::native::<unnamed>::TensorSizeStride<T2, (unsigned int)4>, int, T2)",1,0.001952
3,hbm,revisit,candidate,compute_graph_finish_layer_3_q_128,kernel_cutlass_kernel_operatorsdeepseek_v32norm_fusedLocalFusedRMSNorm_object_at__tensorptrbf16gmemalign128oi64716871681_tensorptrbf16gmemalign128oi64716871681_tensorptrf32gmemalign16o716_0,1,0.003489
3,hbm,revisit,candidate,compute_graph_finish_layer_3_q_128,"void flashinfer::activation::act_and_mul_kernel<__nv_bfloat16, &silu>(T1 *, const T1 *, int)",1,0.00496
3,hbm,revisit,candidate,compute_graph_projection_layer_4_q_128,kernel_cutlass_kernel_operatorsdeepseek_v32norm_fusedLocalFusedRMSNorm_object_at__tensorptrbf16gmemalign128oi64716871681_tensorptrbf16gmemalign128oi64716871681_tensorptrf32gmemalign16o716_0,1,0.003328
3,hbm,revisit,candidate,compute_graph_projection_layer_4_q_128,"void at::native::elementwise_kernel<(int)128, (int)2, void at::native::gpu_kernel_impl_nocast<at::native::CUDAFunctor_add<long>>(at::TensorIteratorBase &, const T1 &)::[lambda(int) (instance 1)]>(int, T3)",1,0.001248
3,hbm,revisit,candidate,compute_graph_projection_layer_4_q_128,"void at::native::unrolled_elementwise_kernel<at::native::direct_copy_kernel_cuda(at::TensorIteratorBase &)::[lambda() (instance 3)]::operator ()() const::[lambda() (instance 7)]::operator ()() const::[lambda(float) (instance 1)], std::array<char *, (unsigned long)2>, (int)4, TrivialOffsetCalculator<(int)1, unsigned int>, TrivialOffsetCalculator<(int)1, unsigned int>, at::native::memory::LoadWithCast<(int)1>, at::native::memory::StoreWithCast<(int)1>>(int, T1, T2, T4, T5, T6, T7)",3,0.008
3,hbm,revisit,candidate,compute_graph_projection_layer_4_q_128,kernel_cutlass_kernel_operatorsdeepseek_v32norm_plainLocalPlainRMSNorm_object_at__tensorptrbf16gmemalign128oi64153615361_tensorptrf32gmemalign16o15361_tensorptrbf16gmemalign128oi641536153_0,1,0.002144
3,hbm,revisit,candidate,compute_graph_projection_layer_4_q_128,"void at::native::elementwise_kernel<(int)128, (int)2, void at::native::gpu_kernel_impl_nocast<at::native::BinaryFunctor<float, float, float, at::native::binary_internal::MulFunctor<float>>>(at::TensorIteratorBase &, const T1 &)::[lambda(int) (instance 1)]>(int, T3)",1,0.001536
3,hbm,revisit,candidate,compute_graph_projection_layer_4_q_128,"void <unnamed>::elementwise_kernel_with_index<int, at::native::arange_cuda_out(const c10::Scalar &, const c10::Scalar &, const c10::Scalar &, at::Tensor &)::[lambda() (instance 1)]::operator ()() const::[lambda() (instance 4)]::operator ()() const::[lambda(long) (instance 1)]>(T1, T2, function_traits<T2>::result_type *)",1,0.000768
3,hbm,revisit,candidate,compute_graph_projection_layer_4_q_128,"void at::native::vectorized_elementwise_kernel<(int)4, at::native::cos_kernel_cuda(at::TensorIteratorBase &)::[lambda() (instance 2)]::operator ()() const::[lambda() (instance 2)]::operator ()() const::[lambda(float) (instance 1)], std::array<char *, (unsigned long)2>>(int, T2, T3)",1,0.001952
3,hbm,revisit,candidate,compute_graph_projection_layer_4_q_128,"void at::native::vectorized_elementwise_kernel<(int)4, at::native::sin_kernel_cuda(at::TensorIteratorBase &)::[lambda() (instance 2)]::operator ()() const::[lambda() (instance 2)]::operator ()() const::[lambda(float) (instance 1)], std::array<char *, (unsigned long)2>>(int, T2, T3)",1,0.001792
3,hbm,revisit,candidate,compute_graph_projection_layer_4_q_128,"void at::native::<unnamed>::CatArrayBatchedCopy_vectorized<at::native::<unnamed>::OpaqueType<(unsigned int)4>, unsigned int, (int)2, (int)128, (int)1, (int)16, (int)4>(char *, at::native::<unnamed>::CatArrInputTensorMetadata<T1, T2, T4, T5>, at::native::<unnamed>::TensorSizeStride<T2, (unsigned int)4>, int, T2)",1,0.001312
3,hbm,revisit,candidate,compute_graph_projection_layer_4_q_128,"void at::native::elementwise_kernel<(int)128, (int)4, void at::native::gpu_kernel_impl_nocast<at::native::direct_copy_kernel_cuda(at::TensorIteratorBase &)::[lambda() (instance 3)]::operator ()() const::[lambda() (instance 12)]::operator ()() const::[lambda(c10::BFloat16) (instance 1)]>(at::TensorIteratorBase &, const T1 &)::[lambda(int) (instance 1)]>(int, T3)",1,0.002528
3,hbm,revisit,candidate,compute_graph_projection_layer_4_q_128,kernel_cutlass_kernel_operatorsdeepseek_v32norm_plainLocalPlainRMSNorm_object_at__tensorptrbf16gmemalign128oi645125121_tensorptrf32gmemalign16o5121_tensorptrbf16gmemalign128oi645125121____0,1,0.001536
3,hbm,revisit,candidate,compute_graph_projection_layer_4_q_128,"void flashinfer::BatchQKApplyRotaryPosIdsCosSinCacheHeadParallelismKernel<(bool)1, (unsigned int)64, (unsigned int)8, (unsigned int)8, __nv_bfloat16, long>(T5 *, T5 *, T5 *, T5 *, float *, T6 *, unsigned int, unsigned int, unsigned int, unsigned int, unsigned long, unsigned long, unsigned long, unsigned long, unsigned long, unsigned long, unsigned long, unsigned long)",1,0.002816
3,hbm,revisit,candidate,compute_graph_projection_layer_4_q_128,"void at::native::<unnamed>::vectorized_layer_norm_kernel<float, float, (bool)0>(int, T2, const T1 *, const T1 *, const T1 *, T2 *, T2 *, T1 *)",1,0.003072
3,hbm,revisit,candidate,compute_graph_projection_layer_4_q_128,"void at::native::vectorized_elementwise_kernel<(int)8, at::native::bfloat16_copy_kernel_cuda(at::TensorIteratorBase &)::[lambda(float) (instance 1)], std::array<char *, (unsigned long)2>>(int, T2, T3)",1,0.001184
3,hbm,revisit,candidate,compute_graph_projection_layer_4_q_128,"void flashinfer::BatchQKApplyRotaryPosIdsCosSinCacheHeadParallelismKernel<(bool)0, (unsigned int)128, (unsigned int)8, (unsigned int)16, __nv_bfloat16, long>(T5 *, T5 *, T5 *, T5 *, float *, T6 *, unsigned int, unsigned int, unsigned int, unsigned int, unsigned long, unsigned long, unsigned long, unsigned long, unsigned long, unsigned long, unsigned long, unsigned long)",1,0.002496
3,hbm,revisit,candidate,compute_graph_projection_layer_4_q_128,quantize_kernel,2,0.003136
3,hbm,revisit,candidate,compute_graph_projection_layer_4_q_128,"void at::native::vectorized_elementwise_kernel<(int)4, at::native::AUnaryFunctor<float, float, float, at::native::binary_internal::MulFunctor<float>>, std::array<char *, (unsigned long)2>>(int, T2, T3)",2,0.00224
3,hbm,revisit,candidate,compute_graph_projection_layer_4_q_128,"void at::native::vectorized_elementwise_kernel<(int)4, at::native::BinaryFunctor<float, float, float, at::native::binary_internal::MulFunctor<float>>, std::array<char *, (unsigned long)3>>(int, T2, T3)",1,0.001248
3,hbm,revisit,candidate,compute_graph_projection_layer_4_q_128,"void at::native::<unnamed>::CatArrayBatchedCopy_vectorized<at::native::<unnamed>::OpaqueType<(unsigned int)2>, unsigned int, (int)2, (int)128, (int)1, (int)16, (int)8>(char *, at::native::<unnamed>::CatArrInputTensorMetadata<T1, T2, T4, T5>, at::native::<unnamed>::TensorSizeStride<T2, (unsigned int)4>, int, T2)",1,0.002048
3,hbm,revisit,candidate,compute_graph_finish_layer_4_q_128,kernel_cutlass_kernel_operatorsdeepseek_v32norm_fusedLocalFusedRMSNorm_object_at__tensorptrbf16gmemalign128oi64716871681_tensorptrbf16gmemalign128oi64716871681_tensorptrf32gmemalign16o716_0,1,0.003424
3,hbm,revisit,candidate,compute_graph_finish_layer_4_q_128,"void flashinfer::activation::act_and_mul_kernel<__nv_bfloat16, &silu>(T1 *, const T1 *, int)",1,0.004992
3,hbm,revisit,candidate,compute_graph_projection_layer_5_q_128,kernel_cutlass_kernel_operatorsdeepseek_v32norm_fusedLocalFusedRMSNorm_object_at__tensorptrbf16gmemalign128oi64716871681_tensorptrbf16gmemalign128oi64716871681_tensorptrf32gmemalign16o716_0,1,0.00336
3,hbm,revisit,candidate,compute_graph_projection_layer_5_q_128,"void at::native::elementwise_kernel<(int)128, (int)2, void at::native::gpu_kernel_impl_nocast<at::native::CUDAFunctor_add<long>>(at::TensorIteratorBase &, const T1 &)::[lambda(int) (instance 1)]>(int, T3)",1,0.001472
3,hbm,revisit,candidate,compute_graph_projection_layer_5_q_128,"void at::native::unrolled_elementwise_kernel<at::native::direct_copy_kernel_cuda(at::TensorIteratorBase &)::[lambda() (instance 3)]::operator ()() const::[lambda() (instance 7)]::operator ()() const::[lambda(float) (instance 1)], std::array<char *, (unsigned long)2>, (int)4, TrivialOffsetCalculator<(int)1, unsigned int>, TrivialOffsetCalculator<(int)1, unsigned int>, at::native::memory::LoadWithCast<(int)1>, at::native::memory::StoreWithCast<(int)1>>(int, T1, T2, T4, T5, T6, T7)",3,0.008384
3,hbm,revisit,candidate,compute_graph_projection_layer_5_q_128,kernel_cutlass_kernel_operatorsdeepseek_v32norm_plainLocalPlainRMSNorm_object_at__tensorptrbf16gmemalign128oi64153615361_tensorptrf32gmemalign16o15361_tensorptrbf16gmemalign128oi641536153_0,1,0.002272
3,hbm,revisit,candidate,compute_graph_projection_layer_5_q_128,"void at::native::elementwise_kernel<(int)128, (int)2, void at::native::gpu_kernel_impl_nocast<at::native::BinaryFunctor<float, float, float, at::native::binary_internal::MulFunctor<float>>>(at::TensorIteratorBase &, const T1 &)::[lambda(int) (instance 1)]>(int, T3)",1,0.001504
3,hbm,revisit,candidate,compute_graph_projection_layer_5_q_128,"void <unnamed>::elementwise_kernel_with_index<int, at::native::arange_cuda_out(const c10::Scalar &, const c10::Scalar &, const c10::Scalar &, at::Tensor &)::[lambda() (instance 1)]::operator ()() const::[lambda() (instance 4)]::operator ()() const::[lambda(long) (instance 1)]>(T1, T2, function_traits<T2>::result_type *)",1,0.000864
3,hbm,revisit,candidate,compute_graph_projection_layer_5_q_128,"void at::native::vectorized_elementwise_kernel<(int)4, at::native::cos_kernel_cuda(at::TensorIteratorBase &)::[lambda() (instance 2)]::operator ()() const::[lambda() (instance 2)]::operator ()() const::[lambda(float) (instance 1)], std::array<char *, (unsigned long)2>>(int, T2, T3)",1,0.00176
3,hbm,revisit,candidate,compute_graph_projection_layer_5_q_128,"void at::native::vectorized_elementwise_kernel<(int)4, at::native::sin_kernel_cuda(at::TensorIteratorBase &)::[lambda() (instance 2)]::operator ()() const::[lambda() (instance 2)]::operator ()() const::[lambda(float) (instance 1)], std::array<char *, (unsigned long)2>>(int, T2, T3)",1,0.00176
3,hbm,revisit,candidate,compute_graph_projection_layer_5_q_128,"void at::native::<unnamed>::CatArrayBatchedCopy_vectorized<at::native::<unnamed>::OpaqueType<(unsigned int)4>, unsigned int, (int)2, (int)128, (int)1, (int)16, (int)4>(char *, at::native::<unnamed>::CatArrInputTensorMetadata<T1, T2, T4, T5>, at::native::<unnamed>::TensorSizeStride<T2, (unsigned int)4>, int, T2)",1,0.001312
3,hbm,revisit,candidate,compute_graph_projection_layer_5_q_128,"void at::native::elementwise_kernel<(int)128, (int)4, void at::native::gpu_kernel_impl_nocast<at::native::direct_copy_kernel_cuda(at::TensorIteratorBase &)::[lambda() (instance 3)]::operator ()() const::[lambda() (instance 12)]::operator ()() const::[lambda(c10::BFloat16) (instance 1)]>(at::TensorIteratorBase &, const T1 &)::[lambda(int) (instance 1)]>(int, T3)",1,0.002496
3,hbm,revisit,candidate,compute_graph_projection_layer_5_q_128,kernel_cutlass_kernel_operatorsdeepseek_v32norm_plainLocalPlainRMSNorm_object_at__tensorptrbf16gmemalign128oi645125121_tensorptrf32gmemalign16o5121_tensorptrbf16gmemalign128oi645125121____0,1,0.001472
3,hbm,revisit,candidate,compute_graph_projection_layer_5_q_128,"void flashinfer::BatchQKApplyRotaryPosIdsCosSinCacheHeadParallelismKernel<(bool)1, (unsigned int)64, (unsigned int)8, (unsigned int)8, __nv_bfloat16, long>(T5 *, T5 *, T5 *, T5 *, float *, T6 *, unsigned int, unsigned int, unsigned int, unsigned int, unsigned long, unsigned long, unsigned long, unsigned long, unsigned long, unsigned long, unsigned long, unsigned long)",1,0.003168
3,hbm,revisit,candidate,compute_graph_projection_layer_5_q_128,"void at::native::<unnamed>::vectorized_layer_norm_kernel<float, float, (bool)0>(int, T2, const T1 *, const T1 *, const T1 *, T2 *, T2 *, T1 *)",1,0.00336
3,hbm,revisit,candidate,compute_graph_projection_layer_5_q_128,"void at::native::vectorized_elementwise_kernel<(int)8, at::native::bfloat16_copy_kernel_cuda(at::TensorIteratorBase &)::[lambda(float) (instance 1)], std::array<char *, (unsigned long)2>>(int, T2, T3)",1,0.001248
3,hbm,revisit,candidate,compute_graph_projection_layer_5_q_128,"void flashinfer::BatchQKApplyRotaryPosIdsCosSinCacheHeadParallelismKernel<(bool)0, (unsigned int)128, (unsigned int)8, (unsigned int)16, __nv_bfloat16, long>(T5 *, T5 *, T5 *, T5 *, float *, T6 *, unsigned int, unsigned int, unsigned int, unsigned int, unsigned long, unsigned long, unsigned long, unsigned long, unsigned long, unsigned long, unsigned long, unsigned long)",1,0.002496
3,hbm,revisit,candidate,compute_graph_projection_layer_5_q_128,quantize_kernel,2,0.003136
3,hbm,revisit,candidate,compute_graph_projection_layer_5_q_128,"void at::native::vectorized_elementwise_kernel<(int)4, at::native::AUnaryFunctor<float, float, float, at::native::binary_internal::MulFunctor<float>>, std::array<char *, (unsigned long)2>>(int, T2, T3)",2,0.002208
3,hbm,revisit,candidate,compute_graph_projection_layer_5_q_128,"void at::native::vectorized_elementwise_kernel<(int)4, at::native::BinaryFunctor<float, float, float, at::native::binary_internal::MulFunctor<float>>, std::array<char *, (unsigned long)3>>(int, T2, T3)",1,0.001184
3,hbm,revisit,candidate,compute_graph_projection_layer_5_q_128,"void at::native::<unnamed>::CatArrayBatchedCopy_vectorized<at::native::<unnamed>::OpaqueType<(unsigned int)2>, unsigned int, (int)2, (int)128, (int)1, (int)16, (int)8>(char *, at::native::<unnamed>::CatArrInputTensorMetadata<T1, T2, T4, T5>, at::native::<unnamed>::TensorSizeStride<T2, (unsigned int)4>, int, T2)",1,0.00192
3,hbm,revisit,candidate,compute_graph_finish_layer_5_q_128,kernel_cutlass_kernel_operatorsdeepseek_v32norm_fusedLocalFusedRMSNorm_object_at__tensorptrbf16gmemalign128oi64716871681_tensorptrbf16gmemalign128oi64716871681_tensorptrf32gmemalign16o716_0,1,0.003456
3,hbm,revisit,candidate,compute_graph_finish_layer_5_q_128,"void flashinfer::activation::act_and_mul_kernel<__nv_bfloat16, &silu>(T1 *, const T1 *, int)",1,0.005056
3,hbm,revisit,candidate,compute_graph_projection_layer_6_q_128,kernel_cutlass_kernel_operatorsdeepseek_v32norm_plainLocalPlainRMSNorm_object_at__tensorptrbf16gmemalign128oi64716871681_tensorptrf32gmemalign16o71681_tensorptrbf16gmemalign128oi647168716_0,1,0.002944
3,hbm,revisit,candidate,compute_graph_projection_layer_6_q_128,"void at::native::elementwise_kernel<(int)128, (int)2, void at::native::gpu_kernel_impl_nocast<at::native::CUDAFunctor_add<long>>(at::TensorIteratorBase &, const T1 &)::[lambda(int) (instance 1)]>(int, T3)",1,0.001376
3,hbm,revisit,candidate,compute_graph_projection_layer_6_q_128,"void at::native::unrolled_elementwise_kernel<at::native::direct_copy_kernel_cuda(at::TensorIteratorBase &)::[lambda() (instance 3)]::operator ()() const::[lambda() (instance 7)]::operator ()() const::[lambda(float) (instance 1)], std::array<char *, (unsigned long)2>, (int)4, TrivialOffsetCalculator<(int)1, unsigned int>, TrivialOffsetCalculator<(int)1, unsigned int>, at::native::memory::LoadWithCast<(int)1>, at::native::memory::StoreWithCast<(int)1>>(int, T1, T2, T4, T5, T6, T7)",3,0.008288
3,hbm,revisit,candidate,compute_graph_projection_layer_6_q_128,kernel_cutlass_kernel_operatorsdeepseek_v32norm_plainLocalPlainRMSNorm_object_at__tensorptrbf16gmemalign128oi64153615361_tensorptrf32gmemalign16o15361_tensorptrbf16gmemalign128oi641536153_0,1,0.002464
3,hbm,revisit,candidate,compute_graph_projection_layer_6_q_128,"void at::native::elementwise_kernel<(int)128, (int)2, void at::native::gpu_kernel_impl_nocast<at::native::BinaryFunctor<float, float, float, at::native::binary_internal::MulFunctor<float>>>(at::TensorIteratorBase &, const T1 &)::[lambda(int) (instance 1)]>(int, T3)",1,0.001568
3,hbm,revisit,candidate,compute_graph_projection_layer_6_q_128,"void <unnamed>::elementwise_kernel_with_index<int, at::native::arange_cuda_out(const c10::Scalar &, const c10::Scalar &, const c10::Scalar &, at::Tensor &)::[lambda() (instance 1)]::operator ()() const::[lambda() (instance 4)]::operator ()() const::[lambda(long) (instance 1)]>(T1, T2, function_traits<T2>::result_type *)",1,0.000896
3,hbm,revisit,candidate,compute_graph_projection_layer_6_q_128,"void at::native::vectorized_elementwise_kernel<(int)4, at::native::cos_kernel_cuda(at::TensorIteratorBase &)::[lambda() (instance 2)]::operator ()() const::[lambda() (instance 2)]::operator ()() const::[lambda(float) (instance 1)], std::array<char *, (unsigned long)2>>(int, T2, T3)",1,0.001792
3,hbm,revisit,candidate,compute_graph_projection_layer_6_q_128,"void at::native::vectorized_elementwise_kernel<(int)4, at::native::sin_kernel_cuda(at::TensorIteratorBase &)::[lambda() (instance 2)]::operator ()() const::[lambda() (instance 2)]::operator ()() const::[lambda(float) (instance 1)], std::array<char *, (unsigned long)2>>(int, T2, T3)",1,0.001888
3,hbm,revisit,candidate,compute_graph_projection_layer_6_q_128,"void at::native::<unnamed>::CatArrayBatchedCopy_vectorized<at::native::<unnamed>::OpaqueType<(unsigned int)4>, unsigned int, (int)2, (int)128, (int)1, (int)16, (int)4>(char *, at::native::<unnamed>::CatArrInputTensorMetadata<T1, T2, T4, T5>, at::native::<unnamed>::TensorSizeStride<T2, (unsigned int)4>, int, T2)",1,0.001376
3,hbm,revisit,candidate,compute_graph_projection_layer_6_q_128,"void at::native::elementwise_kernel<(int)128, (int)4, void at::native::gpu_kernel_impl_nocast<at::native::direct_copy_kernel_cuda(at::TensorIteratorBase &)::[lambda() (instance 3)]::operator ()() const::[lambda() (instance 12)]::operator ()() const::[lambda(c10::BFloat16) (instance 1)]>(at::TensorIteratorBase &, const T1 &)::[lambda(int) (instance 1)]>(int, T3)",1,0.002464
3,hbm,revisit,candidate,compute_graph_projection_layer_6_q_128,kernel_cutlass_kernel_operatorsdeepseek_v32norm_plainLocalPlainRMSNorm_object_at__tensorptrbf16gmemalign128oi645125121_tensorptrf32gmemalign16o5121_tensorptrbf16gmemalign128oi645125121____0,1,0.00144
3,hbm,revisit,candidate,compute_graph_projection_layer_6_q_128,"void flashinfer::BatchQKApplyRotaryPosIdsCosSinCacheHeadParallelismKernel<(bool)1, (unsigned int)64, (unsigned int)8, (unsigned int)8, __nv_bfloat16, long>(T5 *, T5 *, T5 *, T5 *, float *, T6 *, unsigned int, unsigned int, unsigned int, unsigned int, unsigned long, unsigned long, unsigned long, unsigned long, unsigned long, unsigned long, unsigned long, unsigned long)",1,0.002848
3,hbm,revisit,candidate,compute_graph_projection_layer_6_q_128,"void at::native::<unnamed>::vectorized_layer_norm_kernel<float, float, (bool)0>(int, T2, const T1 *, const T1 *, const T1 *, T2 *, T2 *, T1 *)",1,0.003136
3,hbm,revisit,candidate,compute_graph_projection_layer_6_q_128,"void at::native::vectorized_elementwise_kernel<(int)8, at::native::bfloat16_copy_kernel_cuda(at::TensorIteratorBase &)::[lambda(float) (instance 1)], std::array<char *, (unsigned long)2>>(int, T2, T3)",1,0.001248
3,hbm,revisit,candidate,compute_graph_projection_layer_6_q_128,"void flashinfer::BatchQKApplyRotaryPosIdsCosSinCacheHeadParallelismKernel<(bool)0, (unsigned int)128, (unsigned int)8, (unsigned int)16, __nv_bfloat16, long>(T5 *, T5 *, T5 *, T5 *, float *, T6 *, unsigned int, unsigned int, unsigned int, unsigned int, unsigned long, unsigned long, unsigned long, unsigned long, unsigned long, unsigned long, unsigned long, unsigned long)",1,0.002496
3,hbm,revisit,candidate,compute_graph_projection_layer_6_q_128,quantize_kernel,2,0.003136
3,hbm,revisit,candidate,compute_graph_projection_layer_6_q_128,"void at::native::vectorized_elementwise_kernel<(int)4, at::native::AUnaryFunctor<float, float, float, at::native::binary_internal::MulFunctor<float>>, std::array<char *, (unsigned long)2>>(int, T2, T3)",2,0.00224
3,hbm,revisit,candidate,compute_graph_projection_layer_6_q_128,"void at::native::vectorized_elementwise_kernel<(int)4, at::native::BinaryFunctor<float, float, float, at::native::binary_internal::MulFunctor<float>>, std::array<char *, (unsigned long)3>>(int, T2, T3)",1,0.001216
3,hbm,revisit,candidate,compute_graph_projection_layer_6_q_128,"void at::native::<unnamed>::CatArrayBatchedCopy_vectorized<at::native::<unnamed>::OpaqueType<(unsigned int)2>, unsigned int, (int)2, (int)128, (int)1, (int)16, (int)8>(char *, at::native::<unnamed>::CatArrInputTensorMetadata<T1, T2, T4, T5>, at::native::<unnamed>::TensorSizeStride<T2, (unsigned int)4>, int, T2)",1,0.00208
3,hbm,revisit,candidate,compute_graph_finish_layer_6_q_128,kernel_cutlass_kernel_operatorsdeepseek_v32norm_fusedLocalFusedRMSNorm_object_at__tensorptrbf16gmemalign128oi64716871681_tensorptrbf16gmemalign128oi64716871681_tensorptrf32gmemalign16o716_0,1,0.003456
3,hbm,revisit,candidate,compute_graph_finish_layer_6_q_128,"void flashinfer::activation::act_and_mul_kernel<__nv_bfloat16, &silu>(T1 *, const T1 *, int)",1,0.004992
3,hbm,revisit,candidate,compute_graph_projection_layer_7_q_128,kernel_cutlass_kernel_operatorsdeepseek_v32norm_fusedLocalFusedRMSNorm_object_at__tensorptrbf16gmemalign128oi64716871681_tensorptrbf16gmemalign128oi64716871681_tensorptrf32gmemalign16o716_0,1,0.003616
3,hbm,revisit,candidate,compute_graph_projection_layer_7_q_128,"void at::native::elementwise_kernel<(int)128, (int)2, void at::native::gpu_kernel_impl_nocast<at::native::CUDAFunctor_add<long>>(at::TensorIteratorBase &, const T1 &)::[lambda(int) (instance 1)]>(int, T3)",1,0.001696
3,hbm,revisit,candidate,compute_graph_projection_layer_7_q_128,"void at::native::unrolled_elementwise_kernel<at::native::direct_copy_kernel_cuda(at::TensorIteratorBase &)::[lambda() (instance 3)]::operator ()() const::[lambda() (instance 7)]::operator ()() const::[lambda(float) (instance 1)], std::array<char *, (unsigned long)2>, (int)4, TrivialOffsetCalculator<(int)1, unsigned int>, TrivialOffsetCalculator<(int)1, unsigned int>, at::native::memory::LoadWithCast<(int)1>, at::native::memory::StoreWithCast<(int)1>>(int, T1, T2, T4, T5, T6, T7)",3,0.008416
3,hbm,revisit,candidate,compute_graph_projection_layer_7_q_128,kernel_cutlass_kernel_operatorsdeepseek_v32norm_plainLocalPlainRMSNorm_object_at__tensorptrbf16gmemalign128oi64153615361_tensorptrf32gmemalign16o15361_tensorptrbf16gmemalign128oi641536153_0,1,0.002432
3,hbm,revisit,candidate,compute_graph_projection_layer_7_q_128,"void at::native::elementwise_kernel<(int)128, (int)2, void at::native::gpu_kernel_impl_nocast<at::native::BinaryFunctor<float, float, float, at::native::binary_internal::MulFunctor<float>>>(at::TensorIteratorBase &, const T1 &)::[lambda(int) (instance 1)]>(int, T3)",1,0.001504
3,hbm,revisit,candidate,compute_graph_projection_layer_7_q_128,"void <unnamed>::elementwise_kernel_with_index<int, at::native::arange_cuda_out(const c10::Scalar &, const c10::Scalar &, const c10::Scalar &, at::Tensor &)::[lambda() (instance 1)]::operator ()() const::[lambda() (instance 4)]::operator ()() const::[lambda(long) (instance 1)]>(T1, T2, function_traits<T2>::result_type *)",1,0.000864
3,hbm,revisit,candidate,compute_graph_projection_layer_7_q_128,"void at::native::vectorized_elementwise_kernel<(int)4, at::native::cos_kernel_cuda(at::TensorIteratorBase &)::[lambda() (instance 2)]::operator ()() const::[lambda() (instance 2)]::operator ()() const::[lambda(float) (instance 1)], std::array<char *, (unsigned long)2>>(int, T2, T3)",1,0.00176
3,hbm,revisit,candidate,compute_graph_projection_layer_7_q_128,"void at::native::vectorized_elementwise_kernel<(int)4, at::native::sin_kernel_cuda(at::TensorIteratorBase &)::[lambda() (instance 2)]::operator ()() const::[lambda() (instance 2)]::operator ()() const::[lambda(float) (instance 1)], std::array<char *, (unsigned long)2>>(int, T2, T3)",1,0.001888
3,hbm,revisit,candidate,compute_graph_projection_layer_7_q_128,"void at::native::<unnamed>::CatArrayBatchedCopy_vectorized<at::native::<unnamed>::OpaqueType<(unsigned int)4>, unsigned int, (int)2, (int)128, (int)1, (int)16, (int)4>(char *, at::native::<unnamed>::CatArrInputTensorMetadata<T1, T2, T4, T5>, at::native::<unnamed>::TensorSizeStride<T2, (unsigned int)4>, int, T2)",1,0.001312
3,hbm,revisit,candidate,compute_graph_projection_layer_7_q_128,"void at::native::elementwise_kernel<(int)128, (int)4, void at::native::gpu_kernel_impl_nocast<at::native::direct_copy_kernel_cuda(at::TensorIteratorBase &)::[lambda() (instance 3)]::operator ()() const::[lambda() (instance 12)]::operator ()() const::[lambda(c10::BFloat16) (instance 1)]>(at::TensorIteratorBase &, const T1 &)::[lambda(int) (instance 1)]>(int, T3)",1,0.002464
3,hbm,revisit,candidate,compute_graph_projection_layer_7_q_128,kernel_cutlass_kernel_operatorsdeepseek_v32norm_plainLocalPlainRMSNorm_object_at__tensorptrbf16gmemalign128oi645125121_tensorptrf32gmemalign16o5121_tensorptrbf16gmemalign128oi645125121____0,1,0.001472
3,hbm,revisit,candidate,compute_graph_projection_layer_7_q_128,"void flashinfer::BatchQKApplyRotaryPosIdsCosSinCacheHeadParallelismKernel<(bool)1, (unsigned int)64, (unsigned int)8, (unsigned int)8, __nv_bfloat16, long>(T5 *, T5 *, T5 *, T5 *, float *, T6 *, unsigned int, unsigned int, unsigned int, unsigned int, unsigned long, unsigned long, unsigned long, unsigned long, unsigned long, unsigned long, unsigned long, unsigned long)",1,0.002848
3,hbm,revisit,candidate,compute_graph_projection_layer_7_q_128,"void at::native::<unnamed>::vectorized_layer_norm_kernel<float, float, (bool)0>(int, T2, const T1 *, const T1 *, const T1 *, T2 *, T2 *, T1 *)",1,0.003168
3,hbm,revisit,candidate,compute_graph_projection_layer_7_q_128,"void at::native::vectorized_elementwise_kernel<(int)8, at::native::bfloat16_copy_kernel_cuda(at::TensorIteratorBase &)::[lambda(float) (instance 1)], std::array<char *, (unsigned long)2>>(int, T2, T3)",1,0.001184
3,hbm,revisit,candidate,compute_graph_projection_layer_7_q_128,"void flashinfer::BatchQKApplyRotaryPosIdsCosSinCacheHeadParallelismKernel<(bool)0, (unsigned int)128, (unsigned int)8, (unsigned int)16, __nv_bfloat16, long>(T5 *, T5 *, T5 *, T5 *, float *, T6 *, unsigned int, unsigned int, unsigned int, unsigned int, unsigned long, unsigned long, unsigned long, unsigned long, unsigned long, unsigned long, unsigned long, unsigned long)",1,0.002432
3,hbm,revisit,candidate,compute_graph_projection_layer_7_q_128,quantize_kernel,2,0.003008
3,hbm,revisit,candidate,compute_graph_projection_layer_7_q_128,"void at::native::vectorized_elementwise_kernel<(int)4, at::native::AUnaryFunctor<float, float, float, at::native::binary_internal::MulFunctor<float>>, std::array<char *, (unsigned long)2>>(int, T2, T3)",2,0.00224
3,hbm,revisit,candidate,compute_graph_projection_layer_7_q_128,"void at::native::vectorized_elementwise_kernel<(int)4, at::native::BinaryFunctor<float, float, float, at::native::binary_internal::MulFunctor<float>>, std::array<char *, (unsigned long)3>>(int, T2, T3)",1,0.001216
3,hbm,revisit,candidate,compute_graph_projection_layer_7_q_128,"void at::native::<unnamed>::CatArrayBatchedCopy_vectorized<at::native::<unnamed>::OpaqueType<(unsigned int)2>, unsigned int, (int)2, (int)128, (int)1, (int)16, (int)8>(char *, at::native::<unnamed>::CatArrInputTensorMetadata<T1, T2, T4, T5>, at::native::<unnamed>::TensorSizeStride<T2, (unsigned int)4>, int, T2)",1,0.002048
3,hbm,revisit,candidate,compute_graph_finish_layer_7_q_128,kernel_cutlass_kernel_operatorsdeepseek_v32norm_fusedLocalFusedRMSNorm_object_at__tensorptrbf16gmemalign128oi64716871681_tensorptrbf16gmemalign128oi64716871681_tensorptrf32gmemalign16o716_0,1,0.00352
3,hbm,revisit,candidate,compute_graph_finish_layer_7_q_128,"void flashinfer::activation::act_and_mul_kernel<__nv_bfloat16, &silu>(T1 *, const T1 *, int)",1,0.005024
3,hbm,revisit,candidate,compute_graph_projection_layer_8_q_128,kernel_cutlass_kernel_operatorsdeepseek_v32norm_fusedLocalFusedRMSNorm_object_at__tensorptrbf16gmemalign128oi64716871681_tensorptrbf16gmemalign128oi64716871681_tensorptrf32gmemalign16o716_0,1,0.003424
3,hbm,revisit,candidate,compute_graph_projection_layer_8_q_128,"void at::native::elementwise_kernel<(int)128, (int)2, void at::native::gpu_kernel_impl_nocast<at::native::CUDAFunctor_add<long>>(at::TensorIteratorBase &, const T1 &)::[lambda(int) (instance 1)]>(int, T3)",1,0.001953
3,hbm,revisit,candidate,compute_graph_projection_layer_8_q_128,"void at::native::unrolled_elementwise_kernel<at::native::direct_copy_kernel_cuda(at::TensorIteratorBase &)::[lambda() (instance 3)]::operator ()() const::[lambda() (instance 7)]::operator ()() const::[lambda(float) (instance 1)], std::array<char *, (unsigned long)2>, (int)4, TrivialOffsetCalculator<(int)1, unsigned int>, TrivialOffsetCalculator<(int)1, unsigned int>, at::native::memory::LoadWithCast<(int)1>, at::native::memory::StoreWithCast<(int)1>>(int, T1, T2, T4, T5, T6, T7)",3,0.008384
3,hbm,revisit,candidate,compute_graph_projection_layer_8_q_128,kernel_cutlass_kernel_operatorsdeepseek_v32norm_plainLocalPlainRMSNorm_object_at__tensorptrbf16gmemalign128oi64153615361_tensorptrf32gmemalign16o15361_tensorptrbf16gmemalign128oi641536153_0,1,0.002272
3,hbm,revisit,candidate,compute_graph_projection_layer_8_q_128,"void at::native::elementwise_kernel<(int)128, (int)2, void at::native::gpu_kernel_impl_nocast<at::native::BinaryFunctor<float, float, float, at::native::binary_internal::MulFunctor<float>>>(at::TensorIteratorBase &, const T1 &)::[lambda(int) (instance 1)]>(int, T3)",1,0.0016
3,hbm,revisit,candidate,compute_graph_projection_layer_8_q_128,"void <unnamed>::elementwise_kernel_with_index<int, at::native::arange_cuda_out(const c10::Scalar &, const c10::Scalar &, const c10::Scalar &, at::Tensor &)::[lambda() (instance 1)]::operator ()() const::[lambda() (instance 4)]::operator ()() const::[lambda(long) (instance 1)]>(T1, T2, function_traits<T2>::result_type *)",1,0.000864
3,hbm,revisit,candidate,compute_graph_projection_layer_8_q_128,"void at::native::vectorized_elementwise_kernel<(int)4, at::native::cos_kernel_cuda(at::TensorIteratorBase &)::[lambda() (instance 2)]::operator ()() const::[lambda() (instance 2)]::operator ()() const::[lambda(float) (instance 1)], std::array<char *, (unsigned long)2>>(int, T2, T3)",1,0.001824
3,hbm,revisit,candidate,compute_graph_projection_layer_8_q_128,"void at::native::vectorized_elementwise_kernel<(int)4, at::native::sin_kernel_cuda(at::TensorIteratorBase &)::[lambda() (instance 2)]::operator ()() const::[lambda() (instance 2)]::operator ()() const::[lambda(float) (instance 1)], std::array<char *, (unsigned long)2>>(int, T2, T3)",1,0.001792
3,hbm,revisit,candidate,compute_graph_projection_layer_8_q_128,"void at::native::<unnamed>::CatArrayBatchedCopy_vectorized<at::native::<unnamed>::OpaqueType<(unsigned int)4>, unsigned int, (int)2, (int)128, (int)1, (int)16, (int)4>(char *, at::native::<unnamed>::CatArrInputTensorMetadata<T1, T2, T4, T5>, at::native::<unnamed>::TensorSizeStride<T2, (unsigned int)4>, int, T2)",1,0.001344
3,hbm,revisit,candidate,compute_graph_projection_layer_8_q_128,"void at::native::elementwise_kernel<(int)128, (int)4, void at::native::gpu_kernel_impl_nocast<at::native::direct_copy_kernel_cuda(at::TensorIteratorBase &)::[lambda() (instance 3)]::operator ()() const::[lambda() (instance 12)]::operator ()() const::[lambda(c10::BFloat16) (instance 1)]>(at::TensorIteratorBase &, const T1 &)::[lambda(int) (instance 1)]>(int, T3)",1,0.002432
3,hbm,revisit,candidate,compute_graph_projection_layer_8_q_128,kernel_cutlass_kernel_operatorsdeepseek_v32norm_plainLocalPlainRMSNorm_object_at__tensorptrbf16gmemalign128oi645125121_tensorptrf32gmemalign16o5121_tensorptrbf16gmemalign128oi645125121____0,1,0.001632
3,hbm,revisit,candidate,compute_graph_projection_layer_8_q_128,"void flashinfer::BatchQKApplyRotaryPosIdsCosSinCacheHeadParallelismKernel<(bool)1, (unsigned int)64, (unsigned int)8, (unsigned int)8, __nv_bfloat16, long>(T5 *, T5 *, T5 *, T5 *, float *, T6 *, unsigned int, unsigned int, unsigned int, unsigned int, unsigned long, unsigned long, unsigned long, unsigned long, unsigned long, unsigned long, unsigned long, unsigned long)",1,0.00272
3,hbm,revisit,candidate,compute_graph_projection_layer_8_q_128,"void at::native::<unnamed>::vectorized_layer_norm_kernel<float, float, (bool)0>(int, T2, const T1 *, const T1 *, const T1 *, T2 *, T2 *, T1 *)",1,0.003104
3,hbm,revisit,candidate,compute_graph_projection_layer_8_q_128,"void at::native::vectorized_elementwise_kernel<(int)8, at::native::bfloat16_copy_kernel_cuda(at::TensorIteratorBase &)::[lambda(float) (instance 1)], std::array<char *, (unsigned long)2>>(int, T2, T3)",1,0.001248
3,hbm,revisit,candidate,compute_graph_projection_layer_8_q_128,"void flashinfer::BatchQKApplyRotaryPosIdsCosSinCacheHeadParallelismKernel<(bool)0, (unsigned int)128, (unsigned int)8, (unsigned int)16, __nv_bfloat16, long>(T5 *, T5 *, T5 *, T5 *, float *, T6 *, unsigned int, unsigned int, unsigned int, unsigned int, unsigned long, unsigned long, unsigned long, unsigned long, unsigned long, unsigned long, unsigned long, unsigned long)",1,0.002464
3,hbm,revisit,candidate,compute_graph_projection_layer_8_q_128,quantize_kernel,2,0.003136
3,hbm,revisit,candidate,compute_graph_projection_layer_8_q_128,"void at::native::vectorized_elementwise_kernel<(int)4, at::native::AUnaryFunctor<float, float, float, at::native::binary_internal::MulFunctor<float>>, std::array<char *, (unsigned long)2>>(int, T2, T3)",2,0.00224
3,hbm,revisit,candidate,compute_graph_projection_layer_8_q_128,"void at::native::vectorized_elementwise_kernel<(int)4, at::native::BinaryFunctor<float, float, float, at::native::binary_internal::MulFunctor<float>>, std::array<char *, (unsigned long)3>>(int, T2, T3)",1,0.001216
3,hbm,revisit,candidate,compute_graph_projection_layer_8_q_128,"void at::native::<unnamed>::CatArrayBatchedCopy_vectorized<at::native::<unnamed>::OpaqueType<(unsigned int)2>, unsigned int, (int)2, (int)128, (int)1, (int)16, (int)8>(char *, at::native::<unnamed>::CatArrInputTensorMetadata<T1, T2, T4, T5>, at::native::<unnamed>::TensorSizeStride<T2, (unsigned int)4>, int, T2)",1,0.00192
3,hbm,revisit,candidate,compute_graph_finish_layer_8_q_128,kernel_cutlass_kernel_operatorsdeepseek_v32norm_fusedLocalFusedRMSNorm_object_at__tensorptrbf16gmemalign128oi64716871681_tensorptrbf16gmemalign128oi64716871681_tensorptrf32gmemalign16o716_0,1,0.003456
3,hbm,revisit,candidate,compute_graph_finish_layer_8_q_128,"void flashinfer::activation::act_and_mul_kernel<__nv_bfloat16, &silu>(T1 *, const T1 *, int)",1,0.004992
3,hbm,revisit,candidate,compute_graph_projection_layer_9_q_128,kernel_cutlass_kernel_operatorsdeepseek_v32norm_plainLocalPlainRMSNorm_object_at__tensorptrbf16gmemalign128oi64716871681_tensorptrf32gmemalign16o71681_tensorptrbf16gmemalign128oi647168716_0,1,0.00288
3,hbm,revisit,candidate,compute_graph_projection_layer_9_q_128,"void at::native::elementwise_kernel<(int)128, (int)2, void at::native::gpu_kernel_impl_nocast<at::native::CUDAFunctor_add<long>>(at::TensorIteratorBase &, const T1 &)::[lambda(int) (instance 1)]>(int, T3)",1,0.001792
3,hbm,revisit,candidate,compute_graph_projection_layer_9_q_128,"void at::native::unrolled_elementwise_kernel<at::native::direct_copy_kernel_cuda(at::TensorIteratorBase &)::[lambda() (instance 3)]::operator ()() const::[lambda() (instance 7)]::operator ()() const::[lambda(float) (instance 1)], std::array<char *, (unsigned long)2>, (int)4, TrivialOffsetCalculator<(int)1, unsigned int>, TrivialOffsetCalculator<(int)1, unsigned int>, at::native::memory::LoadWithCast<(int)1>, at::native::memory::StoreWithCast<(int)1>>(int, T1, T2, T4, T5, T6, T7)",3,0.008352
3,hbm,revisit,candidate,compute_graph_projection_layer_9_q_128,kernel_cutlass_kernel_operatorsdeepseek_v32norm_plainLocalPlainRMSNorm_object_at__tensorptrbf16gmemalign128oi64153615361_tensorptrf32gmemalign16o15361_tensorptrbf16gmemalign128oi641536153_0,1,0.002304
3,hbm,revisit,candidate,compute_graph_projection_layer_9_q_128,"void at::native::elementwise_kernel<(int)128, (int)2, void at::native::gpu_kernel_impl_nocast<at::native::BinaryFunctor<float, float, float, at::native::binary_internal::MulFunctor<float>>>(at::TensorIteratorBase &, const T1 &)::[lambda(int) (instance 1)]>(int, T3)",1,0.00176
3,hbm,revisit,candidate,compute_graph_projection_layer_9_q_128,"void <unnamed>::elementwise_kernel_with_index<int, at::native::arange_cuda_out(const c10::Scalar &, const c10::Scalar &, const c10::Scalar &, at::Tensor &)::[lambda() (instance 1)]::operator ()() const::[lambda() (instance 4)]::operator ()() const::[lambda(long) (instance 1)]>(T1, T2, function_traits<T2>::result_type *)",1,0.000896
3,hbm,revisit,candidate,compute_graph_projection_layer_9_q_128,"void at::native::vectorized_elementwise_kernel<(int)4, at::native::cos_kernel_cuda(at::TensorIteratorBase &)::[lambda() (instance 2)]::operator ()() const::[lambda() (instance 2)]::operator ()() const::[lambda(float) (instance 1)], std::array<char *, (unsigned long)2>>(int, T2, T3)",1,0.001856
3,hbm,revisit,candidate,compute_graph_projection_layer_9_q_128,"void at::native::vectorized_elementwise_kernel<(int)4, at::native::sin_kernel_cuda(at::TensorIteratorBase &)::[lambda() (instance 2)]::operator ()() const::[lambda() (instance 2)]::operator ()() const::[lambda(float) (instance 1)], std::array<char *, (unsigned long)2>>(int, T2, T3)",1,0.001888
3,hbm,revisit,candidate,compute_graph_projection_layer_9_q_128,"void at::native::<unnamed>::CatArrayBatchedCopy_vectorized<at::native::<unnamed>::OpaqueType<(unsigned int)4>, unsigned int, (int)2, (int)128, (int)1, (int)16, (int)4>(char *, at::native::<unnamed>::CatArrInputTensorMetadata<T1, T2, T4, T5>, at::native::<unnamed>::TensorSizeStride<T2, (unsigned int)4>, int, T2)",1,0.001376
3,hbm,revisit,candidate,compute_graph_projection_layer_9_q_128,"void at::native::elementwise_kernel<(int)128, (int)4, void at::native::gpu_kernel_impl_nocast<at::native::direct_copy_kernel_cuda(at::TensorIteratorBase &)::[lambda() (instance 3)]::operator ()() const::[lambda() (instance 12)]::operator ()() const::[lambda(c10::BFloat16) (instance 1)]>(at::TensorIteratorBase &, const T1 &)::[lambda(int) (instance 1)]>(int, T3)",1,0.002464
3,hbm,revisit,candidate,compute_graph_projection_layer_9_q_128,kernel_cutlass_kernel_operatorsdeepseek_v32norm_plainLocalPlainRMSNorm_object_at__tensorptrbf16gmemalign128oi645125121_tensorptrf32gmemalign16o5121_tensorptrbf16gmemalign128oi645125121____0,1,0.001632
3,hbm,revisit,candidate,compute_graph_projection_layer_9_q_128,"void flashinfer::BatchQKApplyRotaryPosIdsCosSinCacheHeadParallelismKernel<(bool)1, (unsigned int)64, (unsigned int)8, (unsigned int)8, __nv_bfloat16, long>(T5 *, T5 *, T5 *, T5 *, float *, T6 *, unsigned int, unsigned int, unsigned int, unsigned int, unsigned long, unsigned long, unsigned long, unsigned long, unsigned long, unsigned long, unsigned long, unsigned long)",1,0.002784
3,hbm,revisit,candidate,compute_graph_projection_layer_9_q_128,"void at::native::<unnamed>::vectorized_layer_norm_kernel<float, float, (bool)0>(int, T2, const T1 *, const T1 *, const T1 *, T2 *, T2 *, T1 *)",1,0.003328
3,hbm,revisit,candidate,compute_graph_projection_layer_9_q_128,"void at::native::vectorized_elementwise_kernel<(int)8, at::native::bfloat16_copy_kernel_cuda(at::TensorIteratorBase &)::[lambda(float) (instance 1)], std::array<char *, (unsigned long)2>>(int, T2, T3)",1,0.001248
3,hbm,revisit,candidate,compute_graph_projection_layer_9_q_128,"void flashinfer::BatchQKApplyRotaryPosIdsCosSinCacheHeadParallelismKernel<(bool)0, (unsigned int)128, (unsigned int)8, (unsigned int)16, __nv_bfloat16, long>(T5 *, T5 *, T5 *, T5 *, float *, T6 *, unsigned int, unsigned int, unsigned int, unsigned int, unsigned long, unsigned long, unsigned long, unsigned long, unsigned long, unsigned long, unsigned long, unsigned long)",1,0.002528
3,hbm,revisit,candidate,compute_graph_projection_layer_9_q_128,quantize_kernel,2,0.003136
3,hbm,revisit,candidate,compute_graph_projection_layer_9_q_128,"void at::native::vectorized_elementwise_kernel<(int)4, at::native::AUnaryFunctor<float, float, float, at::native::binary_internal::MulFunctor<float>>, std::array<char *, (unsigned long)2>>(int, T2, T3)",2,0.002144
3,hbm,revisit,candidate,compute_graph_projection_layer_9_q_128,"void at::native::vectorized_elementwise_kernel<(int)4, at::native::BinaryFunctor<float, float, float, at::native::binary_internal::MulFunctor<float>>, std::array<char *, (unsigned long)3>>(int, T2, T3)",1,0.001152
3,hbm,revisit,candidate,compute_graph_projection_layer_9_q_128,"void at::native::<unnamed>::CatArrayBatchedCopy_vectorized<at::native::<unnamed>::OpaqueType<(unsigned int)2>, unsigned int, (int)2, (int)128, (int)1, (int)16, (int)8>(char *, at::native::<unnamed>::CatArrInputTensorMetadata<T1, T2, T4, T5>, at::native::<unnamed>::TensorSizeStride<T2, (unsigned int)4>, int, T2)",1,0.001984
3,hbm,revisit,candidate,compute_graph_finish_layer_9_q_128,kernel_cutlass_kernel_operatorsdeepseek_v32norm_fusedLocalFusedRMSNorm_object_at__tensorptrbf16gmemalign128oi64716871681_tensorptrbf16gmemalign128oi64716871681_tensorptrf32gmemalign16o716_0,1,0.003552
3,hbm,revisit,candidate,compute_graph_finish_layer_9_q_128,"void flashinfer::activation::act_and_mul_kernel<__nv_bfloat16, &silu>(T1 *, const T1 *, int)",1,0.005056
3,hbm,revisit,candidate,final_norm_lm_head,"void at::native::unrolled_elementwise_kernel<at::native::direct_copy_kernel_cuda(at::TensorIteratorBase &)::[lambda() (instance 3)]::operator ()() const::[lambda() (instance 7)]::operator ()() const::[lambda(float) (instance 1)], std::array<char *, (unsigned long)2>, (int)4, TrivialOffsetCalculator<(int)1, unsigned int>, TrivialOffsetCalculator<(int)1, unsigned int>, at::native::memory::LoadWithCast<(int)1>, at::native::memory::StoreWithCast<(int)1>>(int, T1, T2, T4, T5, T6, T7)",3,0.012096
3,hbm,revisit,candidate,final_norm_lm_head,"void at::native::vectorized_elementwise_kernel<(int)4, at::native::CUDAFunctor_add<float>, std::array<char *, (unsigned long)3>>(int, T2, T3)",1,0.002912
3,hbm,revisit,candidate,final_norm_lm_head,kernel_cutlass_kernel_flashinfernormkernelsrmsnormRMSNormKernel_object_at__tensorptrf32gmemalign128oi64716871681_tensorptrf32gmemalign16o71681_tensorptrf32gmemalign128oi64716871681___True_0,1,0.002848
3,hbm,revisit,candidate,final_norm_lm_head,"void at::native::vectorized_elementwise_kernel<(int)8, at::native::bfloat16_copy_kernel_cuda(at::TensorIteratorBase &)::[lambda(float) (instance 1)], std::array<char *, (unsigned long)2>>(int, T2, T3)",1,0.001952
3,hbm,revisit,request,request,MEMCPY,1,0.012352
3,hbm,revisit,history,forward,MEMCPY,12,0.012833
3,hbm,revisit,history,compute_graph_projection_inputs,MEMCPY,1024,7.591399
3,hbm,revisit,history,index_cache_write,MEMCPY,1280,1.728877
3,hbm,revisit,history,cache_append,MEMCPY,1920,2.219207
3,hbm,revisit,history,replay_input_copy,MEMCPY,704,5.576953
3,hbm,revisit,history,chunk,MEMCPY,10,0.010176
3,hbm,revisit,candidate,forward,MEMCPY,12,0.013312
3,hbm,revisit,candidate,cache_operation,MEMCPY,30,0.082594
3,hbm,revisit,candidate,compute_graph_projection_inputs,MEMCPY,16,0.026496
3,hbm,revisit,candidate,index_cache_write,MEMCPY,20,0.019104
3,hbm,revisit,candidate,replay_input_copy,MEMCPY,11,0.023552
3,hbm,revisit,candidate,chunk,MEMCPY,11,0.01184
5,echo,cold,admission,pool_allocate_session,"void at::native::vectorized_elementwise_kernel<(int)2, at::native::FillFunctor<long>, std::array<char *, (unsigned long)1>>(int, T2, T3)",1,0.000864
5,echo,cold,admission,prefix_pool_acquire,"void at::native::vectorized_elementwise_kernel<(int)4, at::native::FillFunctor<float>, std::array<char *, (unsigned long)1>>(int, T2, T3)",10,0.006944
5,echo,cold,history,forward,"void at::native::reduce_kernel<(int)512, (int)1, at::native::ReduceOp<long, at::native::func_wrapper_t<long, at::native::MinNanFunctor<long>>, unsigned int, long, (int)4, (int)4>>(T3)",1,0.011616
5,echo,cold,history,forward,"void at::native::reduce_kernel<(int)512, (int)1, at::native::ReduceOp<long, at::native::func_wrapper_t<long, at::native::MaxNanFunctor<long>>, unsigned int, long, (int)4, (int)4>>(T3)",1,0.009088
5,echo,cold,history,forward,"void at::native::vectorized_elementwise_kernel<(int)2, at::native::FillFunctor<long>, std::array<char *, (unsigned long)1>>(int, T2, T3)",5,0.00384
5,echo,cold,history,forward,"void at::native::unrolled_elementwise_kernel<at::native::FillFunctor<long>, std::array<char *, (unsigned long)1>, (int)4, TrivialOffsetCalculator<(int)0, unsigned int>, TrivialOffsetCalculator<(int)1, unsigned int>, at::native::memory::LoadWithoutCast, at::native::memory::StoreWithoutCast>(int, T1, T2, T4, T5, T6, T7)",5,0.003392
5,echo,cold,history,embedding,"void at::native::vectorized_gather_kernel<(int)16, long>(char *, char *, T2 *, int, long, long, long, long, bool)",64,0.45261
5,echo,cold,history,compute_graph_projection_inputs,"void at::native::vectorized_elementwise_kernel<(int)2, at::native::FillFunctor<long>, std::array<char *, (unsigned long)1>>(int, T2, T3)",640,0.499649
5,echo,cold,history,compute_graph_projection_layer_0_q_1024,kernel_cutlass_kernel_operatorsdeepseek_v32norm_plainLocalPlainRMSNorm_object_at__tensorptrbf16gmemalign128oi64716871681_tensorptrf32gmemalign16o71681_tensorptrbf16gmemalign128oi647168716_0,64,0.53712
5,echo,cold,history,compute_graph_projection_layer_0_q_1024,"void at::native::elementwise_kernel<(int)128, (int)2, void at::native::gpu_kernel_impl_nocast<at::native::CUDAFunctor_add<long>>(at::TensorIteratorBase &, const T1 &)::[lambda(int) (instance 1)]>(int, T3)",64,0.12144
5,echo,cold,history,compute_graph_projection_layer_0_q_1024,"void at::native::unrolled_elementwise_kernel<at::native::direct_copy_kernel_cuda(at::TensorIteratorBase &)::[lambda() (instance 3)]::operator ()() const::[lambda() (instance 7)]::operator ()() const::[lambda(float) (instance 1)], std::array<char *, (unsigned long)2>, (int)4, TrivialOffsetCalculator<(int)1, unsigned int>, TrivialOffsetCalculator<(int)1, unsigned int>, at::native::memory::LoadWithCast<(int)1>, at::native::memory::StoreWithCast<(int)1>>(int, T1, T2, T4, T5, T6, T7)",192,1.823321
5,echo,cold,history,compute_graph_projection_layer_0_q_1024,kernel_cutlass_kernel_operatorsdeepseek_v32norm_plainLocalPlainRMSNorm_object_at__tensorptrbf16gmemalign128oi64153615361_tensorptrf32gmemalign16o15361_tensorptrbf16gmemalign128oi641536153_0,64,0.192065
5,echo,cold,history,compute_graph_projection_layer_0_q_1024,"void at::native::elementwise_kernel<(int)128, (int)2, void at::native::gpu_kernel_impl_nocast<at::native::BinaryFunctor<float, float, float, at::native::binary_internal::MulFunctor<float>>>(at::TensorIteratorBase &, const T1 &)::[lambda(int) (instance 1)]>(int, T3)",64,0.115232
5,echo,cold,history,compute_graph_projection_layer_0_q_1024,"void <unnamed>::elementwise_kernel_with_index<int, at::native::arange_cuda_out(const c10::Scalar &, const c10::Scalar &, const c10::Scalar &, at::Tensor &)::[lambda() (instance 1)]::operator ()() const::[lambda() (instance 4)]::operator ()() const::[lambda(long) (instance 1)]>(T1, T2, function_traits<T2>::result_type *)",64,0.055968
5,echo,cold,history,compute_graph_projection_layer_0_q_1024,"void at::native::vectorized_elementwise_kernel<(int)4, at::native::cos_kernel_cuda(at::TensorIteratorBase &)::[lambda() (instance 2)]::operator ()() const::[lambda() (instance 2)]::operator ()() const::[lambda(float) (instance 1)], std::array<char *, (unsigned long)2>>(int, T2, T3)",64,0.120736
5,echo,cold,history,compute_graph_projection_layer_0_q_1024,"void at::native::vectorized_elementwise_kernel<(int)4, at::native::sin_kernel_cuda(at::TensorIteratorBase &)::[lambda() (instance 2)]::operator ()() const::[lambda() (instance 2)]::operator ()() const::[lambda(float) (instance 1)], std::array<char *, (unsigned long)2>>(int, T2, T3)",64,0.118528
5,echo,cold,history,compute_graph_projection_layer_0_q_1024,"void at::native::<unnamed>::CatArrayBatchedCopy_vectorized<at::native::<unnamed>::OpaqueType<(unsigned int)4>, unsigned int, (int)2, (int)128, (int)1, (int)16, (int)4>(char *, at::native::<unnamed>::CatArrInputTensorMetadata<T1, T2, T4, T5>, at::native::<unnamed>::TensorSizeStride<T2, (unsigned int)4>, int, T2)",64,0.097728
5,echo,cold,history,compute_graph_projection_layer_0_q_1024,"void at::native::elementwise_kernel<(int)128, (int)4, void at::native::gpu_kernel_impl_nocast<at::native::direct_copy_kernel_cuda(at::TensorIteratorBase &)::[lambda() (instance 3)]::operator ()() const::[lambda() (instance 12)]::operator ()() const::[lambda(c10::BFloat16) (instance 1)]>(at::TensorIteratorBase &, const T1 &)::[lambda(int) (instance 1)]>(int, T3)",64,0.16189
5,echo,cold,history,compute_graph_projection_layer_0_q_1024,kernel_cutlass_kernel_operatorsdeepseek_v32norm_plainLocalPlainRMSNorm_object_at__tensorptrbf16gmemalign128oi645125121_tensorptrf32gmemalign16o5121_tensorptrbf16gmemalign128oi645125121____0,64,0.113312
5,echo,cold,history,compute_graph_projection_layer_0_q_1024,"void flashinfer::BatchQKApplyRotaryPosIdsCosSinCacheHeadParallelismKernel<(bool)1, (unsigned int)64, (unsigned int)8, (unsigned int)8, __nv_bfloat16, long>(T5 *, T5 *, T5 *, T5 *, float *, T6 *, unsigned int, unsigned int, unsigned int, unsigned int, unsigned long, unsigned long, unsigned long, unsigned long, unsigned long, unsigned long, unsigned long, unsigned long)",64,0.691958
5,echo,cold,history,compute_graph_projection_layer_0_q_1024,"void at::native::<unnamed>::vectorized_layer_norm_kernel<float, float, (bool)0>(int, T2, const T1 *, const T1 *, const T1 *, T2 *, T2 *, T1 *)",64,0.225344
5,echo,cold,history,compute_graph_projection_layer_0_q_1024,"void at::native::vectorized_elementwise_kernel<(int)8, at::native::bfloat16_copy_kernel_cuda(at::TensorIteratorBase &)::[lambda(float) (instance 1)], std::array<char *, (unsigned long)2>>(int, T2, T3)",64,0.086208
5,echo,cold,history,compute_graph_projection_layer_0_q_1024,"void flashinfer::BatchQKApplyRotaryPosIdsCosSinCacheHeadParallelismKernel<(bool)0, (unsigned int)128, (unsigned int)8, (unsigned int)16, __nv_bfloat16, long>(T5 *, T5 *, T5 *, T5 *, float *, T6 *, unsigned int, unsigned int, unsigned int, unsigned int, unsigned long, unsigned long, unsigned long, unsigned long, unsigned long, unsigned long, unsigned long, unsigned long)",64,0.686945
5,echo,cold,history,compute_graph_projection_layer_0_q_1024,quantize_kernel,128,0.430146
5,echo,cold,history,compute_graph_projection_layer_0_q_1024,"void at::native::vectorized_elementwise_kernel<(int)4, at::native::AUnaryFunctor<float, float, float, at::native::binary_internal::MulFunctor<float>>, std::array<char *, (unsigned long)2>>(int, T2, T3)",128,0.149312
5,echo,cold,history,compute_graph_projection_layer_0_q_1024,"void at::native::vectorized_elementwise_kernel<(int)4, at::native::BinaryFunctor<float, float, float, at::native::binary_internal::MulFunctor<float>>, std::array<char *, (unsigned long)3>>(int, T2, T3)",64,0.111425
5,echo,cold,history,compute_graph_projection_layer_0_q_1024,"void at::native::<unnamed>::CatArrayBatchedCopy_vectorized<at::native::<unnamed>::OpaqueType<(unsigned int)2>, unsigned int, (int)2, (int)128, (int)1, (int)16, (int)8>(char *, at::native::<unnamed>::CatArrInputTensorMetadata<T1, T2, T4, T5>, at::native::<unnamed>::TensorSizeStride<T2, (unsigned int)4>, int, T2)",64,0.168832
5,echo,cold,history,pool_stamp,"void at::native::vectorized_elementwise_kernel<(int)2, at::native::FillFunctor<long>, std::array<char *, (unsigned long)1>>(int, T2, T3)",640,0.484417
5,echo,cold,history,exact_topk,"void flashinfer::sampling::FilteredTopKUnifiedKernel<float, int, (int)4, (bool)1, (flashinfer::sampling::FilteredTopKMode)0, (flashinfer::sampling::TopKTieBreak)1, flashinfer::sampling::DirectPageTableKernelPolicy<int>, >(const T1 *, T2 *, T1 *, const T2 *, long, const T2 *, const T2 *, const T2 *, const T2 *, unsigned int, unsigned int, unsigned int, T8...)",640,102.655826
5,echo,cold,history,exact_topk,"void flashinfer::sampling::FinalizeTopKIndicesKernel<(bool)1, (flashinfer::sampling::FilteredTopKMode)0, (unsigned int)128, (unsigned int)8, float, int, flashinfer::sampling::DirectPageTableKernelPolicy<int>, >(T6 *, T5 *, const T6 *, long, const T6 *, const T6 *, unsigned int, unsigned int, T8...)",10,0.256288
5,echo,cold,history,exact_topk,"void flashinfer::sampling::StableSortTopKByValueKernel<(unsigned int)128, (unsigned int)8, int, float>(T3 *, T4 *, unsigned int, unsigned int)",10,0.332673
5,echo,cold,history,exact_topk,mask_kernel,640,1.624933
5,echo,cold,history,exact_topk,mask_count,640,0.978178
5,echo,cold,history,exact_topk,"void at::native::reduce_kernel<(int)512, (int)1, at::native::ReduceOp<float, at::native::func_wrapper_t<float, at::native::sum_functor<float, float, float>::operator ()(at::TensorIterator &)::[lambda(float, float) (instance 1)]>, unsigned int, float, (int)4, (int)4>>(T3)",640,4.247367
5,echo,cold,history,exact_topk,publish,640,0.938979
5,echo,cold,history,cache_torch_argsort,"at::native::<unnamed>::fill_reverse_indices_kernel(long *, int, at::cuda::detail::IntDivider<unsigned int>)",10,0.013408
5,echo,cold,history,cache_torch_argsort,"void at_cuda_detail::cub::detail::radix_sort::DeviceRadixSortHistogramKernel<at_cuda_detail::cub::detail::radix::policy_hub<long, at::cuda::cub::detail::OpaqueType<(int)8>, unsigned long long>::Policy1000, (at_cuda_detail::cub::SortOrder)0, long, unsigned long long, at_cuda_detail::cub::detail::identity_decomposer_t>(T4 *, const T3 *, T4, int, int, T5)",10,0.032288
5,echo,cold,history,cache_torch_argsort,"void at_cuda_detail::cub::detail::radix_sort::DeviceRadixSortExclusiveSumKernel<at_cuda_detail::cub::detail::radix::policy_hub<long, at::cuda::cub::detail::OpaqueType<(int)8>, unsigned long long>::Policy1000, unsigned long long>(T2 *)",10,0.01136
5,echo,cold,history,cache_torch_argsort,"void at_cuda_detail::cub::detail::radix_sort::DeviceRadixSortOnesweepKernel<at_cuda_detail::cub::detail::radix::policy_hub<long, at::cuda::cub::detail::OpaqueType<(int)8>, unsigned long long>::Policy1000, (at_cuda_detail::cub::SortOrder)0, long, at::cuda::cub::detail::OpaqueType<(int)8>, unsigned long long, int, int, at_cuda_detail::cub::detail::identity_decomposer_t>(T7 *, T7 *, T5 *, const T5 *, T3 *, const T3 *, T4 *, const T4 *, T6, int, int, T8)",80,0.4168
5,echo,cold,history,pool_operation,"void at::native::vectorized_elementwise_kernel<(int)2, at::native::CUDAFunctorOnSelf_add<long>, std::array<char *, (unsigned long)2>>(int, T2, T3)",10,0.013952
5,echo,cold,history,pool_operation,"void echo_native::planned_append_kernel<uint4>(const char *, char *, int, long, const int *, const long *, int *, long *, int, int, long *, bool *, long *, unsigned long long *, int, long)",640,3.02167
5,echo,cold,history,pool_operation,"echo_native::resident_union_clear(unsigned int *, long, unsigned int *)",640,0.640928
5,echo,cold,history,pool_operation,"void echo_native::resident_selection_kernel<(bool)1>(const int *, int *, long, const int *, const int *, int, long *, long *, unsigned int *, unsigned int *, unsigned long long *, int, int, bool, int, int, long)",640,61.264335
5,echo,cold,history,compute_graph_finish_layer_0_q_1024,kernel_cutlass_kernel_operatorsdeepseek_v32norm_fusedLocalFusedRMSNorm_object_at__tensorptrbf16gmemalign128oi64716871681_tensorptrbf16gmemalign128oi64716871681_tensorptrf32gmemalign16o716_0,64,0.925378
5,echo,cold,history,compute_graph_finish_layer_0_q_1024,"void flashinfer::activation::act_and_mul_kernel<__nv_bfloat16, &silu>(T1 *, const T1 *, int)",64,1.855782
5,echo,cold,history,compute_graph_projection_layer_1_q_1024,kernel_cutlass_kernel_operatorsdeepseek_v32norm_fusedLocalFusedRMSNorm_object_at__tensorptrbf16gmemalign128oi64716871681_tensorptrbf16gmemalign128oi64716871681_tensorptrf32gmemalign16o716_0,64,0.933473
5,echo,cold,history,compute_graph_projection_layer_1_q_1024,"void at::native::elementwise_kernel<(int)128, (int)2, void at::native::gpu_kernel_impl_nocast<at::native::CUDAFunctor_add<long>>(at::TensorIteratorBase &, const T1 &)::[lambda(int) (instance 1)]>(int, T3)",64,0.122624
5,echo,cold,history,compute_graph_projection_layer_1_q_1024,"void at::native::unrolled_elementwise_kernel<at::native::direct_copy_kernel_cuda(at::TensorIteratorBase &)::[lambda() (instance 3)]::operator ()() const::[lambda() (instance 7)]::operator ()() const::[lambda(float) (instance 1)], std::array<char *, (unsigned long)2>, (int)4, TrivialOffsetCalculator<(int)1, unsigned int>, TrivialOffsetCalculator<(int)1, unsigned int>, at::native::memory::LoadWithCast<(int)1>, at::native::memory::StoreWithCast<(int)1>>(int, T1, T2, T4, T5, T6, T7)",192,1.815335
5,echo,cold,history,compute_graph_projection_layer_1_q_1024,kernel_cutlass_kernel_operatorsdeepseek_v32norm_plainLocalPlainRMSNorm_object_at__tensorptrbf16gmemalign128oi64153615361_tensorptrf32gmemalign16o15361_tensorptrbf16gmemalign128oi641536153_0,64,0.191168
5,echo,cold,history,compute_graph_projection_layer_1_q_1024,"void at::native::elementwise_kernel<(int)128, (int)2, void at::native::gpu_kernel_impl_nocast<at::native::BinaryFunctor<float, float, float, at::native::binary_internal::MulFunctor<float>>>(at::TensorIteratorBase &, const T1 &)::[lambda(int) (instance 1)]>(int, T3)",64,0.119136
5,echo,cold,history,compute_graph_projection_layer_1_q_1024,"void <unnamed>::elementwise_kernel_with_index<int, at::native::arange_cuda_out(const c10::Scalar &, const c10::Scalar &, const c10::Scalar &, at::Tensor &)::[lambda() (instance 1)]::operator ()() const::[lambda() (instance 4)]::operator ()() const::[lambda(long) (instance 1)]>(T1, T2, function_traits<T2>::result_type *)",64,0.05536
5,echo,cold,history,compute_graph_projection_layer_1_q_1024,"void at::native::vectorized_elementwise_kernel<(int)4, at::native::cos_kernel_cuda(at::TensorIteratorBase &)::[lambda() (instance 2)]::operator ()() const::[lambda() (instance 2)]::operator ()() const::[lambda(float) (instance 1)], std::array<char *, (unsigned long)2>>(int, T2, T3)",64,0.119168
5,echo,cold,history,compute_graph_projection_layer_1_q_1024,"void at::native::vectorized_elementwise_kernel<(int)4, at::native::sin_kernel_cuda(at::TensorIteratorBase &)::[lambda() (instance 2)]::operator ()() const::[lambda() (instance 2)]::operator ()() const::[lambda(float) (instance 1)], std::array<char *, (unsigned long)2>>(int, T2, T3)",64,0.115136
5,echo,cold,history,compute_graph_projection_layer_1_q_1024,"void at::native::<unnamed>::CatArrayBatchedCopy_vectorized<at::native::<unnamed>::OpaqueType<(unsigned int)4>, unsigned int, (int)2, (int)128, (int)1, (int)16, (int)4>(char *, at::native::<unnamed>::CatArrInputTensorMetadata<T1, T2, T4, T5>, at::native::<unnamed>::TensorSizeStride<T2, (unsigned int)4>, int, T2)",64,0.097824
5,echo,cold,history,compute_graph_projection_layer_1_q_1024,"void at::native::elementwise_kernel<(int)128, (int)4, void at::native::gpu_kernel_impl_nocast<at::native::direct_copy_kernel_cuda(at::TensorIteratorBase &)::[lambda() (instance 3)]::operator ()() const::[lambda() (instance 12)]::operator ()() const::[lambda(c10::BFloat16) (instance 1)]>(at::TensorIteratorBase &, const T1 &)::[lambda(int) (instance 1)]>(int, T3)",64,0.162433
5,echo,cold,history,compute_graph_projection_layer_1_q_1024,kernel_cutlass_kernel_operatorsdeepseek_v32norm_plainLocalPlainRMSNorm_object_at__tensorptrbf16gmemalign128oi645125121_tensorptrf32gmemalign16o5121_tensorptrbf16gmemalign128oi645125121____0,64,0.111904
5,echo,cold,history,compute_graph_projection_layer_1_q_1024,"void flashinfer::BatchQKApplyRotaryPosIdsCosSinCacheHeadParallelismKernel<(bool)1, (unsigned int)64, (unsigned int)8, (unsigned int)8, __nv_bfloat16, long>(T5 *, T5 *, T5 *, T5 *, float *, T6 *, unsigned int, unsigned int, unsigned int, unsigned int, unsigned long, unsigned long, unsigned long, unsigned long, unsigned long, unsigned long, unsigned long, unsigned long)",64,0.693217
5,echo,cold,history,compute_graph_projection_layer_1_q_1024,"void at::native::<unnamed>::vectorized_layer_norm_kernel<float, float, (bool)0>(int, T2, const T1 *, const T1 *, const T1 *, T2 *, T2 *, T1 *)",64,0.220385
5,echo,cold,history,compute_graph_projection_layer_1_q_1024,"void at::native::vectorized_elementwise_kernel<(int)8, at::native::bfloat16_copy_kernel_cuda(at::TensorIteratorBase &)::[lambda(float) (instance 1)], std::array<char *, (unsigned long)2>>(int, T2, T3)",64,0.082624
5,echo,cold,history,compute_graph_projection_layer_1_q_1024,"void flashinfer::BatchQKApplyRotaryPosIdsCosSinCacheHeadParallelismKernel<(bool)0, (unsigned int)128, (unsigned int)8, (unsigned int)16, __nv_bfloat16, long>(T5 *, T5 *, T5 *, T5 *, float *, T6 *, unsigned int, unsigned int, unsigned int, unsigned int, unsigned long, unsigned long, unsigned long, unsigned long, unsigned long, unsigned long, unsigned long, unsigned long)",64,0.694561
5,echo,cold,history,compute_graph_projection_layer_1_q_1024,quantize_kernel,128,0.41453
5,echo,cold,history,compute_graph_projection_layer_1_q_1024,"void at::native::vectorized_elementwise_kernel<(int)4, at::native::AUnaryFunctor<float, float, float, at::native::binary_internal::MulFunctor<float>>, std::array<char *, (unsigned long)2>>(int, T2, T3)",128,0.149057
5,echo,cold,history,compute_graph_projection_layer_1_q_1024,"void at::native::vectorized_elementwise_kernel<(int)4, at::native::BinaryFunctor<float, float, float, at::native::binary_internal::MulFunctor<float>>, std::array<char *, (unsigned long)3>>(int, T2, T3)",64,0.112449
5,echo,cold,history,compute_graph_projection_layer_1_q_1024,"void at::native::<unnamed>::CatArrayBatchedCopy_vectorized<at::native::<unnamed>::OpaqueType<(unsigned int)2>, unsigned int, (int)2, (int)128, (int)1, (int)16, (int)8>(char *, at::native::<unnamed>::CatArrInputTensorMetadata<T1, T2, T4, T5>, at::native::<unnamed>::TensorSizeStride<T2, (unsigned int)4>, int, T2)",64,0.170784
5,echo,cold,history,compute_graph_finish_layer_1_q_1024,kernel_cutlass_kernel_operatorsdeepseek_v32norm_fusedLocalFusedRMSNorm_object_at__tensorptrbf16gmemalign128oi64716871681_tensorptrbf16gmemalign128oi64716871681_tensorptrf32gmemalign16o716_0,64,0.907138
5,echo,cold,history,compute_graph_finish_layer_1_q_1024,"void flashinfer::activation::act_and_mul_kernel<__nv_bfloat16, &silu>(T1 *, const T1 *, int)",64,1.852419
5,echo,cold,history,compute_graph_projection_layer_2_q_1024,kernel_cutlass_kernel_operatorsdeepseek_v32norm_fusedLocalFusedRMSNorm_object_at__tensorptrbf16gmemalign128oi64716871681_tensorptrbf16gmemalign128oi64716871681_tensorptrf32gmemalign16o716_0,64,0.921664
5,echo,cold,history,compute_graph_projection_layer_2_q_1024,"void at::native::elementwise_kernel<(int)128, (int)2, void at::native::gpu_kernel_impl_nocast<at::native::CUDAFunctor_add<long>>(at::TensorIteratorBase &, const T1 &)::[lambda(int) (instance 1)]>(int, T3)",64,0.131427
5,echo,cold,history,compute_graph_projection_layer_2_q_1024,"void at::native::unrolled_elementwise_kernel<at::native::direct_copy_kernel_cuda(at::TensorIteratorBase &)::[lambda() (instance 3)]::operator ()() const::[lambda() (instance 7)]::operator ()() const::[lambda(float) (instance 1)], std::array<char *, (unsigned long)2>, (int)4, TrivialOffsetCalculator<(int)1, unsigned int>, TrivialOffsetCalculator<(int)1, unsigned int>, at::native::memory::LoadWithCast<(int)1>, at::native::memory::StoreWithCast<(int)1>>(int, T1, T2, T4, T5, T6, T7)",192,1.825319
5,echo,cold,history,compute_graph_projection_layer_2_q_1024,kernel_cutlass_kernel_operatorsdeepseek_v32norm_plainLocalPlainRMSNorm_object_at__tensorptrbf16gmemalign128oi64153615361_tensorptrf32gmemalign16o15361_tensorptrbf16gmemalign128oi641536153_0,64,0.190945
5,echo,cold,history,compute_graph_projection_layer_2_q_1024,"void at::native::elementwise_kernel<(int)128, (int)2, void at::native::gpu_kernel_impl_nocast<at::native::BinaryFunctor<float, float, float, at::native::binary_internal::MulFunctor<float>>>(at::TensorIteratorBase &, const T1 &)::[lambda(int) (instance 1)]>(int, T3)",64,0.123648
5,echo,cold,history,compute_graph_projection_layer_2_q_1024,"void <unnamed>::elementwise_kernel_with_index<int, at::native::arange_cuda_out(const c10::Scalar &, const c10::Scalar &, const c10::Scalar &, at::Tensor &)::[lambda() (instance 1)]::operator ()() const::[lambda() (instance 4)]::operator ()() const::[lambda(long) (instance 1)]>(T1, T2, function_traits<T2>::result_type *)",64,0.055648
5,echo,cold,history,compute_graph_projection_layer_2_q_1024,"void at::native::vectorized_elementwise_kernel<(int)4, at::native::cos_kernel_cuda(at::TensorIteratorBase &)::[lambda() (instance 2)]::operator ()() const::[lambda() (instance 2)]::operator ()() const::[lambda(float) (instance 1)], std::array<char *, (unsigned long)2>>(int, T2, T3)",64,0.118369
5,echo,cold,history,compute_graph_projection_layer_2_q_1024,"void at::native::vectorized_elementwise_kernel<(int)4, at::native::sin_kernel_cuda(at::TensorIteratorBase &)::[lambda() (instance 2)]::operator ()() const::[lambda() (instance 2)]::operator ()() const::[lambda(float) (instance 1)], std::array<char *, (unsigned long)2>>(int, T2, T3)",64,0.114593
5,echo,cold,history,compute_graph_projection_layer_2_q_1024,"void at::native::<unnamed>::CatArrayBatchedCopy_vectorized<at::native::<unnamed>::OpaqueType<(unsigned int)4>, unsigned int, (int)2, (int)128, (int)1, (int)16, (int)4>(char *, at::native::<unnamed>::CatArrInputTensorMetadata<T1, T2, T4, T5>, at::native::<unnamed>::TensorSizeStride<T2, (unsigned int)4>, int, T2)",64,0.097249
5,echo,cold,history,compute_graph_projection_layer_2_q_1024,"void at::native::elementwise_kernel<(int)128, (int)4, void at::native::gpu_kernel_impl_nocast<at::native::direct_copy_kernel_cuda(at::TensorIteratorBase &)::[lambda() (instance 3)]::operator ()() const::[lambda() (instance 12)]::operator ()() const::[lambda(c10::BFloat16) (instance 1)]>(at::TensorIteratorBase &, const T1 &)::[lambda(int) (instance 1)]>(int, T3)",64,0.162784
5,echo,cold,history,compute_graph_projection_layer_2_q_1024,kernel_cutlass_kernel_operatorsdeepseek_v32norm_plainLocalPlainRMSNorm_object_at__tensorptrbf16gmemalign128oi645125121_tensorptrf32gmemalign16o5121_tensorptrbf16gmemalign128oi645125121____0,64,0.115361
5,echo,cold,history,compute_graph_projection_layer_2_q_1024,"void flashinfer::BatchQKApplyRotaryPosIdsCosSinCacheHeadParallelismKernel<(bool)1, (unsigned int)64, (unsigned int)8, (unsigned int)8, __nv_bfloat16, long>(T5 *, T5 *, T5 *, T5 *, float *, T6 *, unsigned int, unsigned int, unsigned int, unsigned int, unsigned long, unsigned long, unsigned long, unsigned long, unsigned long, unsigned long, unsigned long, unsigned long)",64,0.697024
5,echo,cold,history,compute_graph_projection_layer_2_q_1024,"void at::native::<unnamed>::vectorized_layer_norm_kernel<float, float, (bool)0>(int, T2, const T1 *, const T1 *, const T1 *, T2 *, T2 *, T1 *)",64,0.213536
5,echo,cold,history,compute_graph_projection_layer_2_q_1024,"void at::native::vectorized_elementwise_kernel<(int)8, at::native::bfloat16_copy_kernel_cuda(at::TensorIteratorBase &)::[lambda(float) (instance 1)], std::array<char *, (unsigned long)2>>(int, T2, T3)",64,0.081569
5,echo,cold,history,compute_graph_projection_layer_2_q_1024,"void flashinfer::BatchQKApplyRotaryPosIdsCosSinCacheHeadParallelismKernel<(bool)0, (unsigned int)128, (unsigned int)8, (unsigned int)16, __nv_bfloat16, long>(T5 *, T5 *, T5 *, T5 *, float *, T6 *, unsigned int, unsigned int, unsigned int, unsigned int, unsigned long, unsigned long, unsigned long, unsigned long, unsigned long, unsigned long, unsigned long, unsigned long)",64,0.687584
5,echo,cold,history,compute_graph_projection_layer_2_q_1024,quantize_kernel,128,0.414851
5,echo,cold,history,compute_graph_projection_layer_2_q_1024,"void at::native::vectorized_elementwise_kernel<(int)4, at::native::AUnaryFunctor<float, float, float, at::native::binary_internal::MulFunctor<float>>, std::array<char *, (unsigned long)2>>(int, T2, T3)",128,0.142337
5,echo,cold,history,compute_graph_projection_layer_2_q_1024,"void at::native::vectorized_elementwise_kernel<(int)4, at::native::BinaryFunctor<float, float, float, at::native::binary_internal::MulFunctor<float>>, std::array<char *, (unsigned long)3>>(int, T2, T3)",64,0.109249
5,echo,cold,history,compute_graph_projection_layer_2_q_1024,"void at::native::<unnamed>::CatArrayBatchedCopy_vectorized<at::native::<unnamed>::OpaqueType<(unsigned int)2>, unsigned int, (int)2, (int)128, (int)1, (int)16, (int)8>(char *, at::native::<unnamed>::CatArrInputTensorMetadata<T1, T2, T4, T5>, at::native::<unnamed>::TensorSizeStride<T2, (unsigned int)4>, int, T2)",64,0.16624
5,echo,cold,history,compute_graph_finish_layer_2_q_1024,kernel_cutlass_kernel_operatorsdeepseek_v32norm_fusedLocalFusedRMSNorm_object_at__tensorptrbf16gmemalign128oi64716871681_tensorptrbf16gmemalign128oi64716871681_tensorptrf32gmemalign16o716_0,64,0.921858
5,echo,cold,history,compute_graph_finish_layer_2_q_1024,"void flashinfer::activation::act_and_mul_kernel<__nv_bfloat16, &silu>(T1 *, const T1 *, int)",64,1.849732
5,echo,cold,history,compute_graph_projection_layer_3_q_1024,kernel_cutlass_kernel_operatorsdeepseek_v32norm_plainLocalPlainRMSNorm_object_at__tensorptrbf16gmemalign128oi64716871681_tensorptrf32gmemalign16o71681_tensorptrbf16gmemalign128oi647168716_0,64,0.532994
5,echo,cold,history,compute_graph_projection_layer_3_q_1024,"void at::native::elementwise_kernel<(int)128, (int)2, void at::native::gpu_kernel_impl_nocast<at::native::CUDAFunctor_add<long>>(at::TensorIteratorBase &, const T1 &)::[lambda(int) (instance 1)]>(int, T3)",64,0.121792
5,echo,cold,history,compute_graph_projection_layer_3_q_1024,"void at::native::unrolled_elementwise_kernel<at::native::direct_copy_kernel_cuda(at::TensorIteratorBase &)::[lambda() (instance 3)]::operator ()() const::[lambda() (instance 7)]::operator ()() const::[lambda(float) (instance 1)], std::array<char *, (unsigned long)2>, (int)4, TrivialOffsetCalculator<(int)1, unsigned int>, TrivialOffsetCalculator<(int)1, unsigned int>, at::native::memory::LoadWithCast<(int)1>, at::native::memory::StoreWithCast<(int)1>>(int, T1, T2, T4, T5, T6, T7)",192,1.819748
5,echo,cold,history,compute_graph_projection_layer_3_q_1024,kernel_cutlass_kernel_operatorsdeepseek_v32norm_plainLocalPlainRMSNorm_object_at__tensorptrbf16gmemalign128oi64153615361_tensorptrf32gmemalign16o15361_tensorptrbf16gmemalign128oi641536153_0,64,0.19072
5,echo,cold,history,compute_graph_projection_layer_3_q_1024,"void at::native::elementwise_kernel<(int)128, (int)2, void at::native::gpu_kernel_impl_nocast<at::native::BinaryFunctor<float, float, float, at::native::binary_internal::MulFunctor<float>>>(at::TensorIteratorBase &, const T1 &)::[lambda(int) (instance 1)]>(int, T3)",64,0.113312
5,echo,cold,history,compute_graph_projection_layer_3_q_1024,"void <unnamed>::elementwise_kernel_with_index<int, at::native::arange_cuda_out(const c10::Scalar &, const c10::Scalar &, const c10::Scalar &, at::Tensor &)::[lambda() (instance 1)]::operator ()() const::[lambda() (instance 4)]::operator ()() const::[lambda(long) (instance 1)]>(T1, T2, function_traits<T2>::result_type *)",64,0.054336
5,echo,cold,history,compute_graph_projection_layer_3_q_1024,"void at::native::vectorized_elementwise_kernel<(int)4, at::native::cos_kernel_cuda(at::TensorIteratorBase &)::[lambda() (instance 2)]::operator ()() const::[lambda() (instance 2)]::operator ()() const::[lambda(float) (instance 1)], std::array<char *, (unsigned long)2>>(int, T2, T3)",64,0.1192
5,echo,cold,history,compute_graph_projection_layer_3_q_1024,"void at::native::vectorized_elementwise_kernel<(int)4, at::native::sin_kernel_cuda(at::TensorIteratorBase &)::[lambda() (instance 2)]::operator ()() const::[lambda() (instance 2)]::operator ()() const::[lambda(float) (instance 1)], std::array<char *, (unsigned long)2>>(int, T2, T3)",64,0.115552
5,echo,cold,history,compute_graph_projection_layer_3_q_1024,"void at::native::<unnamed>::CatArrayBatchedCopy_vectorized<at::native::<unnamed>::OpaqueType<(unsigned int)4>, unsigned int, (int)2, (int)128, (int)1, (int)16, (int)4>(char *, at::native::<unnamed>::CatArrInputTensorMetadata<T1, T2, T4, T5>, at::native::<unnamed>::TensorSizeStride<T2, (unsigned int)4>, int, T2)",64,0.094272
5,echo,cold,history,compute_graph_projection_layer_3_q_1024,"void at::native::elementwise_kernel<(int)128, (int)4, void at::native::gpu_kernel_impl_nocast<at::native::direct_copy_kernel_cuda(at::TensorIteratorBase &)::[lambda() (instance 3)]::operator ()() const::[lambda() (instance 12)]::operator ()() const::[lambda(c10::BFloat16) (instance 1)]>(at::TensorIteratorBase &, const T1 &)::[lambda(int) (instance 1)]>(int, T3)",64,0.161345
5,echo,cold,history,compute_graph_projection_layer_3_q_1024,kernel_cutlass_kernel_operatorsdeepseek_v32norm_plainLocalPlainRMSNorm_object_at__tensorptrbf16gmemalign128oi645125121_tensorptrf32gmemalign16o5121_tensorptrbf16gmemalign128oi645125121____0,64,0.116321
5,echo,cold,history,compute_graph_projection_layer_3_q_1024,"void flashinfer::BatchQKApplyRotaryPosIdsCosSinCacheHeadParallelismKernel<(bool)1, (unsigned int)64, (unsigned int)8, (unsigned int)8, __nv_bfloat16, long>(T5 *, T5 *, T5 *, T5 *, float *, T6 *, unsigned int, unsigned int, unsigned int, unsigned int, unsigned long, unsigned long, unsigned long, unsigned long, unsigned long, unsigned long, unsigned long, unsigned long)",64,0.697217
5,echo,cold,history,compute_graph_projection_layer_3_q_1024,"void at::native::<unnamed>::vectorized_layer_norm_kernel<float, float, (bool)0>(int, T2, const T1 *, const T1 *, const T1 *, T2 *, T2 *, T1 *)",64,0.221696
5,echo,cold,history,compute_graph_projection_layer_3_q_1024,"void at::native::vectorized_elementwise_kernel<(int)8, at::native::bfloat16_copy_kernel_cuda(at::TensorIteratorBase &)::[lambda(float) (instance 1)], std::array<char *, (unsigned long)2>>(int, T2, T3)",64,0.086208
5,echo,cold,history,compute_graph_projection_layer_3_q_1024,"void flashinfer::BatchQKApplyRotaryPosIdsCosSinCacheHeadParallelismKernel<(bool)0, (unsigned int)128, (unsigned int)8, (unsigned int)16, __nv_bfloat16, long>(T5 *, T5 *, T5 *, T5 *, float *, T6 *, unsigned int, unsigned int, unsigned int, unsigned int, unsigned long, unsigned long, unsigned long, unsigned long, unsigned long, unsigned long, unsigned long, unsigned long)",64,0.681828
5,echo,cold,history,compute_graph_projection_layer_3_q_1024,quantize_kernel,128,0.423969
5,echo,cold,history,compute_graph_projection_layer_3_q_1024,"void at::native::vectorized_elementwise_kernel<(int)4, at::native::AUnaryFunctor<float, float, float, at::native::binary_internal::MulFunctor<float>>, std::array<char *, (unsigned long)2>>(int, T2, T3)",128,0.148321
5,echo,cold,history,compute_graph_projection_layer_3_q_1024,"void at::native::vectorized_elementwise_kernel<(int)4, at::native::BinaryFunctor<float, float, float, at::native::binary_internal::MulFunctor<float>>, std::array<char *, (unsigned long)3>>(int, T2, T3)",64,0.11021
5,echo,cold,history,compute_graph_projection_layer_3_q_1024,"void at::native::<unnamed>::CatArrayBatchedCopy_vectorized<at::native::<unnamed>::OpaqueType<(unsigned int)2>, unsigned int, (int)2, (int)128, (int)1, (int)16, (int)8>(char *, at::native::<unnamed>::CatArrInputTensorMetadata<T1, T2, T4, T5>, at::native::<unnamed>::TensorSizeStride<T2, (unsigned int)4>, int, T2)",64,0.171072
5,echo,cold,history,compute_graph_finish_layer_3_q_1024,kernel_cutlass_kernel_operatorsdeepseek_v32norm_fusedLocalFusedRMSNorm_object_at__tensorptrbf16gmemalign128oi64716871681_tensorptrbf16gmemalign128oi64716871681_tensorptrf32gmemalign16o716_0,64,0.925508
5,echo,cold,history,compute_graph_finish_layer_3_q_1024,"void flashinfer::activation::act_and_mul_kernel<__nv_bfloat16, &silu>(T1 *, const T1 *, int)",64,1.852133
5,echo,cold,history,compute_graph_projection_layer_4_q_1024,kernel_cutlass_kernel_operatorsdeepseek_v32norm_fusedLocalFusedRMSNorm_object_at__tensorptrbf16gmemalign128oi64716871681_tensorptrbf16gmemalign128oi64716871681_tensorptrf32gmemalign16o716_0,64,0.927395
5,echo,cold,history,compute_graph_projection_layer_4_q_1024,"void at::native::elementwise_kernel<(int)128, (int)2, void at::native::gpu_kernel_impl_nocast<at::native::CUDAFunctor_add<long>>(at::TensorIteratorBase &, const T1 &)::[lambda(int) (instance 1)]>(int, T3)",64,0.130112
5,echo,cold,history,compute_graph_projection_layer_4_q_1024,"void at::native::unrolled_elementwise_kernel<at::native::direct_copy_kernel_cuda(at::TensorIteratorBase &)::[lambda() (instance 3)]::operator ()() const::[lambda() (instance 7)]::operator ()() const::[lambda(float) (instance 1)], std::array<char *, (unsigned long)2>, (int)4, TrivialOffsetCalculator<(int)1, unsigned int>, TrivialOffsetCalculator<(int)1, unsigned int>, at::native::memory::LoadWithCast<(int)1>, at::native::memory::StoreWithCast<(int)1>>(int, T1, T2, T4, T5, T6, T7)",192,1.829126
5,echo,cold,history,compute_graph_projection_layer_4_q_1024,kernel_cutlass_kernel_operatorsdeepseek_v32norm_plainLocalPlainRMSNorm_object_at__tensorptrbf16gmemalign128oi64153615361_tensorptrf32gmemalign16o15361_tensorptrbf16gmemalign128oi641536153_0,64,0.189376
5,echo,cold,history,compute_graph_projection_layer_4_q_1024,"void at::native::elementwise_kernel<(int)128, (int)2, void at::native::gpu_kernel_impl_nocast<at::native::BinaryFunctor<float, float, float, at::native::binary_internal::MulFunctor<float>>>(at::TensorIteratorBase &, const T1 &)::[lambda(int) (instance 1)]>(int, T3)",64,0.105794
5,echo,cold,history,compute_graph_projection_layer_4_q_1024,"void <unnamed>::elementwise_kernel_with_index<int, at::native::arange_cuda_out(const c10::Scalar &, const c10::Scalar &, const c10::Scalar &, at::Tensor &)::[lambda() (instance 1)]::operator ()() const::[lambda() (instance 4)]::operator ()() const::[lambda(long) (instance 1)]>(T1, T2, function_traits<T2>::result_type *)",64,0.050688
5,echo,cold,history,compute_graph_projection_layer_4_q_1024,"void at::native::vectorized_elementwise_kernel<(int)4, at::native::cos_kernel_cuda(at::TensorIteratorBase &)::[lambda() (instance 2)]::operator ()() const::[lambda() (instance 2)]::operator ()() const::[lambda(float) (instance 1)], std::array<char *, (unsigned long)2>>(int, T2, T3)",64,0.119168
5,echo,cold,history,compute_graph_projection_layer_4_q_1024,"void at::native::vectorized_elementwise_kernel<(int)4, at::native::sin_kernel_cuda(at::TensorIteratorBase &)::[lambda() (instance 2)]::operator ()() const::[lambda() (instance 2)]::operator ()() const::[lambda(float) (instance 1)], std::array<char *, (unsigned long)2>>(int, T2, T3)",64,0.111489
5,echo,cold,history,compute_graph_projection_layer_4_q_1024,"void at::native::<unnamed>::CatArrayBatchedCopy_vectorized<at::native::<unnamed>::OpaqueType<(unsigned int)4>, unsigned int, (int)2, (int)128, (int)1, (int)16, (int)4>(char *, at::native::<unnamed>::CatArrInputTensorMetadata<T1, T2, T4, T5>, at::native::<unnamed>::TensorSizeStride<T2, (unsigned int)4>, int, T2)",64,0.094208
5,echo,cold,history,compute_graph_projection_layer_4_q_1024,"void at::native::elementwise_kernel<(int)128, (int)4, void at::native::gpu_kernel_impl_nocast<at::native::direct_copy_kernel_cuda(at::TensorIteratorBase &)::[lambda() (instance 3)]::operator ()() const::[lambda() (instance 12)]::operator ()() const::[lambda(c10::BFloat16) (instance 1)]>(at::TensorIteratorBase &, const T1 &)::[lambda(int) (instance 1)]>(int, T3)",64,0.160033
5,echo,cold,history,compute_graph_projection_layer_4_q_1024,kernel_cutlass_kernel_operatorsdeepseek_v32norm_plainLocalPlainRMSNorm_object_at__tensorptrbf16gmemalign128oi645125121_tensorptrf32gmemalign16o5121_tensorptrbf16gmemalign128oi645125121____0,64,0.112128
5,echo,cold,history,compute_graph_projection_layer_4_q_1024,"void flashinfer::BatchQKApplyRotaryPosIdsCosSinCacheHeadParallelismKernel<(bool)1, (unsigned int)64, (unsigned int)8, (unsigned int)8, __nv_bfloat16, long>(T5 *, T5 *, T5 *, T5 *, float *, T6 *, unsigned int, unsigned int, unsigned int, unsigned int, unsigned long, unsigned long, unsigned long, unsigned long, unsigned long, unsigned long, unsigned long, unsigned long)",64,0.69088
5,echo,cold,history,compute_graph_projection_layer_4_q_1024,"void at::native::<unnamed>::vectorized_layer_norm_kernel<float, float, (bool)0>(int, T2, const T1 *, const T1 *, const T1 *, T2 *, T2 *, T1 *)",64,0.221312
5,echo,cold,history,compute_graph_projection_layer_4_q_1024,"void at::native::vectorized_elementwise_kernel<(int)8, at::native::bfloat16_copy_kernel_cuda(at::TensorIteratorBase &)::[lambda(float) (instance 1)], std::array<char *, (unsigned long)2>>(int, T2, T3)",64,0.086016
5,echo,cold,history,compute_graph_projection_layer_4_q_1024,"void flashinfer::BatchQKApplyRotaryPosIdsCosSinCacheHeadParallelismKernel<(bool)0, (unsigned int)128, (unsigned int)8, (unsigned int)16, __nv_bfloat16, long>(T5 *, T5 *, T5 *, T5 *, float *, T6 *, unsigned int, unsigned int, unsigned int, unsigned int, unsigned long, unsigned long, unsigned long, unsigned long, unsigned long, unsigned long, unsigned long, unsigned long)",64,0.6945
5,echo,cold,history,compute_graph_projection_layer_4_q_1024,quantize_kernel,128,0.418785
5,echo,cold,history,compute_graph_projection_layer_4_q_1024,"void at::native::vectorized_elementwise_kernel<(int)4, at::native::AUnaryFunctor<float, float, float, at::native::binary_internal::MulFunctor<float>>, std::array<char *, (unsigned long)2>>(int, T2, T3)",128,0.148641
5,echo,cold,history,compute_graph_projection_layer_4_q_1024,"void at::native::vectorized_elementwise_kernel<(int)4, at::native::BinaryFunctor<float, float, float, at::native::binary_internal::MulFunctor<float>>, std::array<char *, (unsigned long)3>>(int, T2, T3)",64,0.113408
5,echo,cold,history,compute_graph_projection_layer_4_q_1024,"void at::native::<unnamed>::CatArrayBatchedCopy_vectorized<at::native::<unnamed>::OpaqueType<(unsigned int)2>, unsigned int, (int)2, (int)128, (int)1, (int)16, (int)8>(char *, at::native::<unnamed>::CatArrInputTensorMetadata<T1, T2, T4, T5>, at::native::<unnamed>::TensorSizeStride<T2, (unsigned int)4>, int, T2)",64,0.165856
5,echo,cold,history,compute_graph_finish_layer_4_q_1024,kernel_cutlass_kernel_operatorsdeepseek_v32norm_fusedLocalFusedRMSNorm_object_at__tensorptrbf16gmemalign128oi64716871681_tensorptrbf16gmemalign128oi64716871681_tensorptrf32gmemalign16o716_0,64,0.91725
5,echo,cold,history,compute_graph_finish_layer_4_q_1024,"void flashinfer::activation::act_and_mul_kernel<__nv_bfloat16, &silu>(T1 *, const T1 *, int)",64,1.854211
5,echo,cold,history,compute_graph_projection_layer_5_q_1024,kernel_cutlass_kernel_operatorsdeepseek_v32norm_fusedLocalFusedRMSNorm_object_at__tensorptrbf16gmemalign128oi64716871681_tensorptrbf16gmemalign128oi64716871681_tensorptrf32gmemalign16o716_0,64,0.924545
5,echo,cold,history,compute_graph_projection_layer_5_q_1024,"void at::native::elementwise_kernel<(int)128, (int)2, void at::native::gpu_kernel_impl_nocast<at::native::CUDAFunctor_add<long>>(at::TensorIteratorBase &, const T1 &)::[lambda(int) (instance 1)]>(int, T3)",64,0.127969
5,echo,cold,history,compute_graph_projection_layer_5_q_1024,"void at::native::unrolled_elementwise_kernel<at::native::direct_copy_kernel_cuda(at::TensorIteratorBase &)::[lambda() (instance 3)]::operator ()() const::[lambda() (instance 7)]::operator ()() const::[lambda(float) (instance 1)], std::array<char *, (unsigned long)2>, (int)4, TrivialOffsetCalculator<(int)1, unsigned int>, TrivialOffsetCalculator<(int)1, unsigned int>, at::native::memory::LoadWithCast<(int)1>, at::native::memory::StoreWithCast<(int)1>>(int, T1, T2, T4, T5, T6, T7)",192,1.814373
5,echo,cold,history,compute_graph_projection_layer_5_q_1024,kernel_cutlass_kernel_operatorsdeepseek_v32norm_plainLocalPlainRMSNorm_object_at__tensorptrbf16gmemalign128oi64153615361_tensorptrf32gmemalign16o15361_tensorptrbf16gmemalign128oi641536153_0,64,0.190913
5,echo,cold,history,compute_graph_projection_layer_5_q_1024,"void at::native::elementwise_kernel<(int)128, (int)2, void at::native::gpu_kernel_impl_nocast<at::native::BinaryFunctor<float, float, float, at::native::binary_internal::MulFunctor<float>>>(at::TensorIteratorBase &, const T1 &)::[lambda(int) (instance 1)]>(int, T3)",64,0.118176
5,echo,cold,history,compute_graph_projection_layer_5_q_1024,"void <unnamed>::elementwise_kernel_with_index<int, at::native::arange_cuda_out(const c10::Scalar &, const c10::Scalar &, const c10::Scalar &, at::Tensor &)::[lambda() (instance 1)]::operator ()() const::[lambda() (instance 4)]::operator ()() const::[lambda(long) (instance 1)]>(T1, T2, function_traits<T2>::result_type *)",64,0.0552
5,echo,cold,history,compute_graph_projection_layer_5_q_1024,"void at::native::vectorized_elementwise_kernel<(int)4, at::native::cos_kernel_cuda(at::TensorIteratorBase &)::[lambda() (instance 2)]::operator ()() const::[lambda() (instance 2)]::operator ()() const::[lambda(float) (instance 1)], std::array<char *, (unsigned long)2>>(int, T2, T3)",64,0.114944
5,echo,cold,history,compute_graph_projection_layer_5_q_1024,"void at::native::vectorized_elementwise_kernel<(int)4, at::native::sin_kernel_cuda(at::TensorIteratorBase &)::[lambda() (instance 2)]::operator ()() const::[lambda() (instance 2)]::operator ()() const::[lambda(float) (instance 1)], std::array<char *, (unsigned long)2>>(int, T2, T3)",64,0.1112
5,echo,cold,history,compute_graph_projection_layer_5_q_1024,"void at::native::<unnamed>::CatArrayBatchedCopy_vectorized<at::native::<unnamed>::OpaqueType<(unsigned int)4>, unsigned int, (int)2, (int)128, (int)1, (int)16, (int)4>(char *, at::native::<unnamed>::CatArrInputTensorMetadata<T1, T2, T4, T5>, at::native::<unnamed>::TensorSizeStride<T2, (unsigned int)4>, int, T2)",64,0.09424
5,echo,cold,history,compute_graph_projection_layer_5_q_1024,"void at::native::elementwise_kernel<(int)128, (int)4, void at::native::gpu_kernel_impl_nocast<at::native::direct_copy_kernel_cuda(at::TensorIteratorBase &)::[lambda() (instance 3)]::operator ()() const::[lambda() (instance 12)]::operator ()() const::[lambda(c10::BFloat16) (instance 1)]>(at::TensorIteratorBase &, const T1 &)::[lambda(int) (instance 1)]>(int, T3)",64,0.163104
5,echo,cold,history,compute_graph_projection_layer_5_q_1024,kernel_cutlass_kernel_operatorsdeepseek_v32norm_plainLocalPlainRMSNorm_object_at__tensorptrbf16gmemalign128oi645125121_tensorptrf32gmemalign16o5121_tensorptrbf16gmemalign128oi645125121____0,64,0.117472
5,echo,cold,history,compute_graph_projection_layer_5_q_1024,"void flashinfer::BatchQKApplyRotaryPosIdsCosSinCacheHeadParallelismKernel<(bool)1, (unsigned int)64, (unsigned int)8, (unsigned int)8, __nv_bfloat16, long>(T5 *, T5 *, T5 *, T5 *, float *, T6 *, unsigned int, unsigned int, unsigned int, unsigned int, unsigned long, unsigned long, unsigned long, unsigned long, unsigned long, unsigned long, unsigned long, unsigned long)",64,0.699586
5,echo,cold,history,compute_graph_projection_layer_5_q_1024,"void at::native::<unnamed>::vectorized_layer_norm_kernel<float, float, (bool)0>(int, T2, const T1 *, const T1 *, const T1 *, T2 *, T2 *, T1 *)",64,0.219681
5,echo,cold,history,compute_graph_projection_layer_5_q_1024,"void at::native::vectorized_elementwise_kernel<(int)8, at::native::bfloat16_copy_kernel_cuda(at::TensorIteratorBase &)::[lambda(float) (instance 1)], std::array<char *, (unsigned long)2>>(int, T2, T3)",64,0.082272
5,echo,cold,history,compute_graph_projection_layer_5_q_1024,"void flashinfer::BatchQKApplyRotaryPosIdsCosSinCacheHeadParallelismKernel<(bool)0, (unsigned int)128, (unsigned int)8, (unsigned int)16, __nv_bfloat16, long>(T5 *, T5 *, T5 *, T5 *, float *, T6 *, unsigned int, unsigned int, unsigned int, unsigned int, unsigned long, unsigned long, unsigned long, unsigned long, unsigned long, unsigned long, unsigned long, unsigned long)",64,0.688865
5,echo,cold,history,compute_graph_projection_layer_5_q_1024,quantize_kernel,128,0.41232
5,echo,cold,history,compute_graph_projection_layer_5_q_1024,"void at::native::vectorized_elementwise_kernel<(int)4, at::native::AUnaryFunctor<float, float, float, at::native::binary_internal::MulFunctor<float>>, std::array<char *, (unsigned long)2>>(int, T2, T3)",128,0.148064
5,echo,cold,history,compute_graph_projection_layer_5_q_1024,"void at::native::vectorized_elementwise_kernel<(int)4, at::native::BinaryFunctor<float, float, float, at::native::binary_internal::MulFunctor<float>>, std::array<char *, (unsigned long)3>>(int, T2, T3)",64,0.111072
5,echo,cold,history,compute_graph_projection_layer_5_q_1024,"void at::native::<unnamed>::CatArrayBatchedCopy_vectorized<at::native::<unnamed>::OpaqueType<(unsigned int)2>, unsigned int, (int)2, (int)128, (int)1, (int)16, (int)8>(char *, at::native::<unnamed>::CatArrInputTensorMetadata<T1, T2, T4, T5>, at::native::<unnamed>::TensorSizeStride<T2, (unsigned int)4>, int, T2)",64,0.166593
5,echo,cold,history,compute_graph_finish_layer_5_q_1024,kernel_cutlass_kernel_operatorsdeepseek_v32norm_fusedLocalFusedRMSNorm_object_at__tensorptrbf16gmemalign128oi64716871681_tensorptrbf16gmemalign128oi64716871681_tensorptrf32gmemalign16o716_0,64,0.917408
5,echo,cold,history,compute_graph_finish_layer_5_q_1024,"void flashinfer::activation::act_and_mul_kernel<__nv_bfloat16, &silu>(T1 *, const T1 *, int)",64,1.859429
5,echo,cold,history,compute_graph_projection_layer_6_q_1024,kernel_cutlass_kernel_operatorsdeepseek_v32norm_plainLocalPlainRMSNorm_object_at__tensorptrbf16gmemalign128oi64716871681_tensorptrf32gmemalign16o71681_tensorptrbf16gmemalign128oi647168716_0,64,0.530754
5,echo,cold,history,compute_graph_projection_layer_6_q_1024,"void at::native::elementwise_kernel<(int)128, (int)2, void at::native::gpu_kernel_impl_nocast<at::native::CUDAFunctor_add<long>>(at::TensorIteratorBase &, const T1 &)::[lambda(int) (instance 1)]>(int, T3)",64,0.122912
5,echo,cold,history,compute_graph_projection_layer_6_q_1024,"void at::native::unrolled_elementwise_kernel<at::native::direct_copy_kernel_cuda(at::TensorIteratorBase &)::[lambda() (instance 3)]::operator ()() const::[lambda() (instance 7)]::operator ()() const::[lambda(float) (instance 1)], std::array<char *, (unsigned long)2>, (int)4, TrivialOffsetCalculator<(int)1, unsigned int>, TrivialOffsetCalculator<(int)1, unsigned int>, at::native::memory::LoadWithCast<(int)1>, at::native::memory::StoreWithCast<(int)1>>(int, T1, T2, T4, T5, T6, T7)",192,1.8225
5,echo,cold,history,compute_graph_projection_layer_6_q_1024,kernel_cutlass_kernel_operatorsdeepseek_v32norm_plainLocalPlainRMSNorm_object_at__tensorptrbf16gmemalign128oi64153615361_tensorptrf32gmemalign16o15361_tensorptrbf16gmemalign128oi641536153_0,64,0.18816
5,echo,cold,history,compute_graph_projection_layer_6_q_1024,"void at::native::elementwise_kernel<(int)128, (int)2, void at::native::gpu_kernel_impl_nocast<at::native::BinaryFunctor<float, float, float, at::native::binary_internal::MulFunctor<float>>>(at::TensorIteratorBase &, const T1 &)::[lambda(int) (instance 1)]>(int, T3)",64,0.115712
5,echo,cold,history,compute_graph_projection_layer_6_q_1024,"void <unnamed>::elementwise_kernel_with_index<int, at::native::arange_cuda_out(const c10::Scalar &, const c10::Scalar &, const c10::Scalar &, at::Tensor &)::[lambda() (instance 1)]::operator ()() const::[lambda() (instance 4)]::operator ()() const::[lambda(long) (instance 1)]>(T1, T2, function_traits<T2>::result_type *)",64,0.055616
5,echo,cold,history,compute_graph_projection_layer_6_q_1024,"void at::native::vectorized_elementwise_kernel<(int)4, at::native::cos_kernel_cuda(at::TensorIteratorBase &)::[lambda() (instance 2)]::operator ()() const::[lambda() (instance 2)]::operator ()() const::[lambda(float) (instance 1)], std::array<char *, (unsigned long)2>>(int, T2, T3)",64,0.117952
5,echo,cold,history,compute_graph_projection_layer_6_q_1024,"void at::native::vectorized_elementwise_kernel<(int)4, at::native::sin_kernel_cuda(at::TensorIteratorBase &)::[lambda() (instance 2)]::operator ()() const::[lambda() (instance 2)]::operator ()() const::[lambda(float) (instance 1)], std::array<char *, (unsigned long)2>>(int, T2, T3)",64,0.114529
5,echo,cold,history,compute_graph_projection_layer_6_q_1024,"void at::native::<unnamed>::CatArrayBatchedCopy_vectorized<at::native::<unnamed>::OpaqueType<(unsigned int)4>, unsigned int, (int)2, (int)128, (int)1, (int)16, (int)4>(char *, at::native::<unnamed>::CatArrInputTensorMetadata<T1, T2, T4, T5>, at::native::<unnamed>::TensorSizeStride<T2, (unsigned int)4>, int, T2)",64,0.097184
5,echo,cold,history,compute_graph_projection_layer_6_q_1024,"void at::native::elementwise_kernel<(int)128, (int)4, void at::native::gpu_kernel_impl_nocast<at::native::direct_copy_kernel_cuda(at::TensorIteratorBase &)::[lambda() (instance 3)]::operator ()() const::[lambda() (instance 12)]::operator ()() const::[lambda(c10::BFloat16) (instance 1)]>(at::TensorIteratorBase &, const T1 &)::[lambda(int) (instance 1)]>(int, T3)",64,0.163554
5,echo,cold,history,compute_graph_projection_layer_6_q_1024,kernel_cutlass_kernel_operatorsdeepseek_v32norm_plainLocalPlainRMSNorm_object_at__tensorptrbf16gmemalign128oi645125121_tensorptrf32gmemalign16o5121_tensorptrbf16gmemalign128oi645125121____0,64,0.118464
5,echo,cold,history,compute_graph_projection_layer_6_q_1024,"void flashinfer::BatchQKApplyRotaryPosIdsCosSinCacheHeadParallelismKernel<(bool)1, (unsigned int)64, (unsigned int)8, (unsigned int)8, __nv_bfloat16, long>(T5 *, T5 *, T5 *, T5 *, float *, T6 *, unsigned int, unsigned int, unsigned int, unsigned int, unsigned long, unsigned long, unsigned long, unsigned long, unsigned long, unsigned long, unsigned long, unsigned long)",64,0.695779
5,echo,cold,history,compute_graph_projection_layer_6_q_1024,"void at::native::<unnamed>::vectorized_layer_norm_kernel<float, float, (bool)0>(int, T2, const T1 *, const T1 *, const T1 *, T2 *, T2 *, T1 *)",64,0.220865
5,echo,cold,history,compute_graph_projection_layer_6_q_1024,"void at::native::vectorized_elementwise_kernel<(int)8, at::native::bfloat16_copy_kernel_cuda(at::TensorIteratorBase &)::[lambda(float) (instance 1)], std::array<char *, (unsigned long)2>>(int, T2, T3)",64,0.082272
5,echo,cold,history,compute_graph_projection_layer_6_q_1024,"void flashinfer::BatchQKApplyRotaryPosIdsCosSinCacheHeadParallelismKernel<(bool)0, (unsigned int)128, (unsigned int)8, (unsigned int)16, __nv_bfloat16, long>(T5 *, T5 *, T5 *, T5 *, float *, T6 *, unsigned int, unsigned int, unsigned int, unsigned int, unsigned long, unsigned long, unsigned long, unsigned long, unsigned long, unsigned long, unsigned long, unsigned long)",64,0.684352
5,echo,cold,history,compute_graph_projection_layer_6_q_1024,quantize_kernel,128,0.418178
5,echo,cold,history,compute_graph_projection_layer_6_q_1024,"void at::native::vectorized_elementwise_kernel<(int)4, at::native::AUnaryFunctor<float, float, float, at::native::binary_internal::MulFunctor<float>>, std::array<char *, (unsigned long)2>>(int, T2, T3)",128,0.145377
5,echo,cold,history,compute_graph_projection_layer_6_q_1024,"void at::native::vectorized_elementwise_kernel<(int)4, at::native::BinaryFunctor<float, float, float, at::native::binary_internal::MulFunctor<float>>, std::array<char *, (unsigned long)3>>(int, T2, T3)",64,0.111456
5,echo,cold,history,compute_graph_projection_layer_6_q_1024,"void at::native::<unnamed>::CatArrayBatchedCopy_vectorized<at::native::<unnamed>::OpaqueType<(unsigned int)2>, unsigned int, (int)2, (int)128, (int)1, (int)16, (int)8>(char *, at::native::<unnamed>::CatArrInputTensorMetadata<T1, T2, T4, T5>, at::native::<unnamed>::TensorSizeStride<T2, (unsigned int)4>, int, T2)",64,0.170081
5,echo,cold,history,compute_graph_finish_layer_6_q_1024,kernel_cutlass_kernel_operatorsdeepseek_v32norm_fusedLocalFusedRMSNorm_object_at__tensorptrbf16gmemalign128oi64716871681_tensorptrbf16gmemalign128oi64716871681_tensorptrf32gmemalign16o716_0,64,0.91376
5,echo,cold,history,compute_graph_finish_layer_6_q_1024,"void flashinfer::activation::act_and_mul_kernel<__nv_bfloat16, &silu>(T1 *, const T1 *, int)",64,1.852743
5,echo,cold,history,compute_graph_projection_layer_7_q_1024,kernel_cutlass_kernel_operatorsdeepseek_v32norm_fusedLocalFusedRMSNorm_object_at__tensorptrbf16gmemalign128oi64716871681_tensorptrbf16gmemalign128oi64716871681_tensorptrf32gmemalign16o716_0,64,0.929152
5,echo,cold,history,compute_graph_projection_layer_7_q_1024,"void at::native::elementwise_kernel<(int)128, (int)2, void at::native::gpu_kernel_impl_nocast<at::native::CUDAFunctor_add<long>>(at::TensorIteratorBase &, const T1 &)::[lambda(int) (instance 1)]>(int, T3)",64,0.12544
5,echo,cold,history,compute_graph_projection_layer_7_q_1024,"void at::native::unrolled_elementwise_kernel<at::native::direct_copy_kernel_cuda(at::TensorIteratorBase &)::[lambda() (instance 3)]::operator ()() const::[lambda() (instance 7)]::operator ()() const::[lambda(float) (instance 1)], std::array<char *, (unsigned long)2>, (int)4, TrivialOffsetCalculator<(int)1, unsigned int>, TrivialOffsetCalculator<(int)1, unsigned int>, at::native::memory::LoadWithCast<(int)1>, at::native::memory::StoreWithCast<(int)1>>(int, T1, T2, T4, T5, T6, T7)",192,1.817667
5,echo,cold,history,compute_graph_projection_layer_7_q_1024,kernel_cutlass_kernel_operatorsdeepseek_v32norm_plainLocalPlainRMSNorm_object_at__tensorptrbf16gmemalign128oi64153615361_tensorptrf32gmemalign16o15361_tensorptrbf16gmemalign128oi641536153_0,64,0.187744
5,echo,cold,history,compute_graph_projection_layer_7_q_1024,"void at::native::elementwise_kernel<(int)128, (int)2, void at::native::gpu_kernel_impl_nocast<at::native::BinaryFunctor<float, float, float, at::native::binary_internal::MulFunctor<float>>>(at::TensorIteratorBase &, const T1 &)::[lambda(int) (instance 1)]>(int, T3)",64,0.114976
5,echo,cold,history,compute_graph_projection_layer_7_q_1024,"void <unnamed>::elementwise_kernel_with_index<int, at::native::arange_cuda_out(const c10::Scalar &, const c10::Scalar &, const c10::Scalar &, at::Tensor &)::[lambda() (instance 1)]::operator ()() const::[lambda() (instance 4)]::operator ()() const::[lambda(long) (instance 1)]>(T1, T2, function_traits<T2>::result_type *)",64,0.052256
5,echo,cold,history,compute_graph_projection_layer_7_q_1024,"void at::native::vectorized_elementwise_kernel<(int)4, at::native::cos_kernel_cuda(at::TensorIteratorBase &)::[lambda() (instance 2)]::operator ()() const::[lambda() (instance 2)]::operator ()() const::[lambda(float) (instance 1)], std::array<char *, (unsigned long)2>>(int, T2, T3)",64,0.115968
5,echo,cold,history,compute_graph_projection_layer_7_q_1024,"void at::native::vectorized_elementwise_kernel<(int)4, at::native::sin_kernel_cuda(at::TensorIteratorBase &)::[lambda() (instance 2)]::operator ()() const::[lambda() (instance 2)]::operator ()() const::[lambda(float) (instance 1)], std::array<char *, (unsigned long)2>>(int, T2, T3)",64,0.111776
5,echo,cold,history,compute_graph_projection_layer_7_q_1024,"void at::native::<unnamed>::CatArrayBatchedCopy_vectorized<at::native::<unnamed>::OpaqueType<(unsigned int)4>, unsigned int, (int)2, (int)128, (int)1, (int)16, (int)4>(char *, at::native::<unnamed>::CatArrInputTensorMetadata<T1, T2, T4, T5>, at::native::<unnamed>::TensorSizeStride<T2, (unsigned int)4>, int, T2)",64,0.093952
5,echo,cold,history,compute_graph_projection_layer_7_q_1024,"void at::native::elementwise_kernel<(int)128, (int)4, void at::native::gpu_kernel_impl_nocast<at::native::direct_copy_kernel_cuda(at::TensorIteratorBase &)::[lambda() (instance 3)]::operator ()() const::[lambda() (instance 12)]::operator ()() const::[lambda(c10::BFloat16) (instance 1)]>(at::TensorIteratorBase &, const T1 &)::[lambda(int) (instance 1)]>(int, T3)",64,0.163648
5,echo,cold,history,compute_graph_projection_layer_7_q_1024,kernel_cutlass_kernel_operatorsdeepseek_v32norm_plainLocalPlainRMSNorm_object_at__tensorptrbf16gmemalign128oi645125121_tensorptrf32gmemalign16o5121_tensorptrbf16gmemalign128oi645125121____0,64,0.118529
5,echo,cold,history,compute_graph_projection_layer_7_q_1024,"void flashinfer::BatchQKApplyRotaryPosIdsCosSinCacheHeadParallelismKernel<(bool)1, (unsigned int)64, (unsigned int)8, (unsigned int)8, __nv_bfloat16, long>(T5 *, T5 *, T5 *, T5 *, float *, T6 *, unsigned int, unsigned int, unsigned int, unsigned int, unsigned long, unsigned long, unsigned long, unsigned long, unsigned long, unsigned long, unsigned long, unsigned long)",64,0.708225
5,echo,cold,history,compute_graph_projection_layer_7_q_1024,"void at::native::<unnamed>::vectorized_layer_norm_kernel<float, float, (bool)0>(int, T2, const T1 *, const T1 *, const T1 *, T2 *, T2 *, T1 *)",64,0.22384
5,echo,cold,history,compute_graph_projection_layer_7_q_1024,"void at::native::vectorized_elementwise_kernel<(int)8, at::native::bfloat16_copy_kernel_cuda(at::TensorIteratorBase &)::[lambda(float) (instance 1)], std::array<char *, (unsigned long)2>>(int, T2, T3)",64,0.085568
5,echo,cold,history,compute_graph_projection_layer_7_q_1024,"void flashinfer::BatchQKApplyRotaryPosIdsCosSinCacheHeadParallelismKernel<(bool)0, (unsigned int)128, (unsigned int)8, (unsigned int)16, __nv_bfloat16, long>(T5 *, T5 *, T5 *, T5 *, float *, T6 *, unsigned int, unsigned int, unsigned int, unsigned int, unsigned long, unsigned long, unsigned long, unsigned long, unsigned long, unsigned long, unsigned long, unsigned long)",64,0.686499
5,echo,cold,history,compute_graph_projection_layer_7_q_1024,quantize_kernel,128,0.426565
5,echo,cold,history,compute_graph_projection_layer_7_q_1024,"void at::native::vectorized_elementwise_kernel<(int)4, at::native::AUnaryFunctor<float, float, float, at::native::binary_internal::MulFunctor<float>>, std::array<char *, (unsigned long)2>>(int, T2, T3)",128,0.145248
5,echo,cold,history,compute_graph_projection_layer_7_q_1024,"void at::native::vectorized_elementwise_kernel<(int)4, at::native::BinaryFunctor<float, float, float, at::native::binary_internal::MulFunctor<float>>, std::array<char *, (unsigned long)3>>(int, T2, T3)",64,0.113217
5,echo,cold,history,compute_graph_projection_layer_7_q_1024,"void at::native::<unnamed>::CatArrayBatchedCopy_vectorized<at::native::<unnamed>::OpaqueType<(unsigned int)2>, unsigned int, (int)2, (int)128, (int)1, (int)16, (int)8>(char *, at::native::<unnamed>::CatArrInputTensorMetadata<T1, T2, T4, T5>, at::native::<unnamed>::TensorSizeStride<T2, (unsigned int)4>, int, T2)",64,0.164705
5,echo,cold,history,compute_graph_finish_layer_7_q_1024,kernel_cutlass_kernel_operatorsdeepseek_v32norm_fusedLocalFusedRMSNorm_object_at__tensorptrbf16gmemalign128oi64716871681_tensorptrbf16gmemalign128oi64716871681_tensorptrf32gmemalign16o716_0,64,0.917185
5,echo,cold,history,compute_graph_finish_layer_7_q_1024,"void flashinfer::activation::act_and_mul_kernel<__nv_bfloat16, &silu>(T1 *, const T1 *, int)",64,1.855111
5,echo,cold,history,compute_graph_projection_layer_8_q_1024,kernel_cutlass_kernel_operatorsdeepseek_v32norm_fusedLocalFusedRMSNorm_object_at__tensorptrbf16gmemalign128oi64716871681_tensorptrbf16gmemalign128oi64716871681_tensorptrf32gmemalign16o716_0,64,0.929377
5,echo,cold,history,compute_graph_projection_layer_8_q_1024,"void at::native::elementwise_kernel<(int)128, (int)2, void at::native::gpu_kernel_impl_nocast<at::native::CUDAFunctor_add<long>>(at::TensorIteratorBase &, const T1 &)::[lambda(int) (instance 1)]>(int, T3)",64,0.127872
5,echo,cold,history,compute_graph_projection_layer_8_q_1024,"void at::native::unrolled_elementwise_kernel<at::native::direct_copy_kernel_cuda(at::TensorIteratorBase &)::[lambda() (instance 3)]::operator ()() const::[lambda() (instance 7)]::operator ()() const::[lambda(float) (instance 1)], std::array<char *, (unsigned long)2>, (int)4, TrivialOffsetCalculator<(int)1, unsigned int>, TrivialOffsetCalculator<(int)1, unsigned int>, at::native::memory::LoadWithCast<(int)1>, at::native::memory::StoreWithCast<(int)1>>(int, T1, T2, T4, T5, T6, T7)",192,1.818374
5,echo,cold,history,compute_graph_projection_layer_8_q_1024,kernel_cutlass_kernel_operatorsdeepseek_v32norm_plainLocalPlainRMSNorm_object_at__tensorptrbf16gmemalign128oi64153615361_tensorptrf32gmemalign16o15361_tensorptrbf16gmemalign128oi641536153_0,64,0.188224
5,echo,cold,history,compute_graph_projection_layer_8_q_1024,"void at::native::elementwise_kernel<(int)128, (int)2, void at::native::gpu_kernel_impl_nocast<at::native::BinaryFunctor<float, float, float, at::native::binary_internal::MulFunctor<float>>>(at::TensorIteratorBase &, const T1 &)::[lambda(int) (instance 1)]>(int, T3)",64,0.116801
5,echo,cold,history,compute_graph_projection_layer_8_q_1024,"void <unnamed>::elementwise_kernel_with_index<int, at::native::arange_cuda_out(const c10::Scalar &, const c10::Scalar &, const c10::Scalar &, at::Tensor &)::[lambda() (instance 1)]::operator ()() const::[lambda() (instance 4)]::operator ()() const::[lambda(long) (instance 1)]>(T1, T2, function_traits<T2>::result_type *)",64,0.056448
5,echo,cold,history,compute_graph_projection_layer_8_q_1024,"void at::native::vectorized_elementwise_kernel<(int)4, at::native::cos_kernel_cuda(at::TensorIteratorBase &)::[lambda() (instance 2)]::operator ()() const::[lambda() (instance 2)]::operator ()() const::[lambda(float) (instance 1)], std::array<char *, (unsigned long)2>>(int, T2, T3)",64,0.118753
5,echo,cold,history,compute_graph_projection_layer_8_q_1024,"void at::native::vectorized_elementwise_kernel<(int)4, at::native::sin_kernel_cuda(at::TensorIteratorBase &)::[lambda() (instance 2)]::operator ()() const::[lambda() (instance 2)]::operator ()() const::[lambda(float) (instance 1)], std::array<char *, (unsigned long)2>>(int, T2, T3)",64,0.114912
5,echo,cold,history,compute_graph_projection_layer_8_q_1024,"void at::native::<unnamed>::CatArrayBatchedCopy_vectorized<at::native::<unnamed>::OpaqueType<(unsigned int)4>, unsigned int, (int)2, (int)128, (int)1, (int)16, (int)4>(char *, at::native::<unnamed>::CatArrInputTensorMetadata<T1, T2, T4, T5>, at::native::<unnamed>::TensorSizeStride<T2, (unsigned int)4>, int, T2)",64,0.097058
5,echo,cold,history,compute_graph_projection_layer_8_q_1024,"void at::native::elementwise_kernel<(int)128, (int)4, void at::native::gpu_kernel_impl_nocast<at::native::direct_copy_kernel_cuda(at::TensorIteratorBase &)::[lambda() (instance 3)]::operator ()() const::[lambda() (instance 12)]::operator ()() const::[lambda(c10::BFloat16) (instance 1)]>(at::TensorIteratorBase &, const T1 &)::[lambda(int) (instance 1)]>(int, T3)",64,0.162273
5,echo,cold,history,compute_graph_projection_layer_8_q_1024,kernel_cutlass_kernel_operatorsdeepseek_v32norm_plainLocalPlainRMSNorm_object_at__tensorptrbf16gmemalign128oi645125121_tensorptrf32gmemalign16o5121_tensorptrbf16gmemalign128oi645125121____0,64,0.113282
5,echo,cold,history,compute_graph_projection_layer_8_q_1024,"void flashinfer::BatchQKApplyRotaryPosIdsCosSinCacheHeadParallelismKernel<(bool)1, (unsigned int)64, (unsigned int)8, (unsigned int)8, __nv_bfloat16, long>(T5 *, T5 *, T5 *, T5 *, float *, T6 *, unsigned int, unsigned int, unsigned int, unsigned int, unsigned long, unsigned long, unsigned long, unsigned long, unsigned long, unsigned long, unsigned long, unsigned long)",64,0.687106
5,echo,cold,history,compute_graph_projection_layer_8_q_1024,"void at::native::<unnamed>::vectorized_layer_norm_kernel<float, float, (bool)0>(int, T2, const T1 *, const T1 *, const T1 *, T2 *, T2 *, T1 *)",64,0.221888
5,echo,cold,history,compute_graph_projection_layer_8_q_1024,"void at::native::vectorized_elementwise_kernel<(int)8, at::native::bfloat16_copy_kernel_cuda(at::TensorIteratorBase &)::[lambda(float) (instance 1)], std::array<char *, (unsigned long)2>>(int, T2, T3)",64,0.08528
5,echo,cold,history,compute_graph_projection_layer_8_q_1024,"void flashinfer::BatchQKApplyRotaryPosIdsCosSinCacheHeadParallelismKernel<(bool)0, (unsigned int)128, (unsigned int)8, (unsigned int)16, __nv_bfloat16, long>(T5 *, T5 *, T5 *, T5 *, float *, T6 *, unsigned int, unsigned int, unsigned int, unsigned int, unsigned long, unsigned long, unsigned long, unsigned long, unsigned long, unsigned long, unsigned long, unsigned long)",64,0.695137
5,echo,cold,history,compute_graph_projection_layer_8_q_1024,quantize_kernel,128,0.42093
5,echo,cold,history,compute_graph_projection_layer_8_q_1024,"void at::native::vectorized_elementwise_kernel<(int)4, at::native::AUnaryFunctor<float, float, float, at::native::binary_internal::MulFunctor<float>>, std::array<char *, (unsigned long)2>>(int, T2, T3)",128,0.144769
5,echo,cold,history,compute_graph_projection_layer_8_q_1024,"void at::native::vectorized_elementwise_kernel<(int)4, at::native::BinaryFunctor<float, float, float, at::native::binary_internal::MulFunctor<float>>, std::array<char *, (unsigned long)3>>(int, T2, T3)",64,0.107137
5,echo,cold,history,compute_graph_projection_layer_8_q_1024,"void at::native::<unnamed>::CatArrayBatchedCopy_vectorized<at::native::<unnamed>::OpaqueType<(unsigned int)2>, unsigned int, (int)2, (int)128, (int)1, (int)16, (int)8>(char *, at::native::<unnamed>::CatArrInputTensorMetadata<T1, T2, T4, T5>, at::native::<unnamed>::TensorSizeStride<T2, (unsigned int)4>, int, T2)",64,0.164481
5,echo,cold,history,compute_graph_finish_layer_8_q_1024,kernel_cutlass_kernel_operatorsdeepseek_v32norm_fusedLocalFusedRMSNorm_object_at__tensorptrbf16gmemalign128oi64716871681_tensorptrbf16gmemalign128oi64716871681_tensorptrf32gmemalign16o716_0,64,0.927557
5,echo,cold,history,compute_graph_finish_layer_8_q_1024,"void flashinfer::activation::act_and_mul_kernel<__nv_bfloat16, &silu>(T1 *, const T1 *, int)",64,1.846435
5,echo,cold,history,compute_graph_projection_layer_9_q_1024,kernel_cutlass_kernel_operatorsdeepseek_v32norm_plainLocalPlainRMSNorm_object_at__tensorptrbf16gmemalign128oi64716871681_tensorptrf32gmemalign16o71681_tensorptrbf16gmemalign128oi647168716_0,64,0.531554
5,echo,cold,history,compute_graph_projection_layer_9_q_1024,"void at::native::elementwise_kernel<(int)128, (int)2, void at::native::gpu_kernel_impl_nocast<at::native::CUDAFunctor_add<long>>(at::TensorIteratorBase &, const T1 &)::[lambda(int) (instance 1)]>(int, T3)",64,0.115392
5,echo,cold,history,compute_graph_projection_layer_9_q_1024,"void at::native::unrolled_elementwise_kernel<at::native::direct_copy_kernel_cuda(at::TensorIteratorBase &)::[lambda() (instance 3)]::operator ()() const::[lambda() (instance 7)]::operator ()() const::[lambda(float) (instance 1)], std::array<char *, (unsigned long)2>, (int)4, TrivialOffsetCalculator<(int)1, unsigned int>, TrivialOffsetCalculator<(int)1, unsigned int>, at::native::memory::LoadWithCast<(int)1>, at::native::memory::StoreWithCast<(int)1>>(int, T1, T2, T4, T5, T6, T7)",192,1.800775
5,echo,cold,history,compute_graph_projection_layer_9_q_1024,kernel_cutlass_kernel_operatorsdeepseek_v32norm_plainLocalPlainRMSNorm_object_at__tensorptrbf16gmemalign128oi64153615361_tensorptrf32gmemalign16o15361_tensorptrbf16gmemalign128oi641536153_0,64,0.18893
5,echo,cold,history,compute_graph_projection_layer_9_q_1024,"void at::native::elementwise_kernel<(int)128, (int)2, void at::native::gpu_kernel_impl_nocast<at::native::BinaryFunctor<float, float, float, at::native::binary_internal::MulFunctor<float>>>(at::TensorIteratorBase &, const T1 &)::[lambda(int) (instance 1)]>(int, T3)",64,0.115905
5,echo,cold,history,compute_graph_projection_layer_9_q_1024,"void <unnamed>::elementwise_kernel_with_index<int, at::native::arange_cuda_out(const c10::Scalar &, const c10::Scalar &, const c10::Scalar &, at::Tensor &)::[lambda() (instance 1)]::operator ()() const::[lambda() (instance 4)]::operator ()() const::[lambda(long) (instance 1)]>(T1, T2, function_traits<T2>::result_type *)",64,0.056832
5,echo,cold,history,compute_graph_projection_layer_9_q_1024,"void at::native::vectorized_elementwise_kernel<(int)4, at::native::cos_kernel_cuda(at::TensorIteratorBase &)::[lambda() (instance 2)]::operator ()() const::[lambda() (instance 2)]::operator ()() const::[lambda(float) (instance 1)], std::array<char *, (unsigned long)2>>(int, T2, T3)",64,0.119104
5,echo,cold,history,compute_graph_projection_layer_9_q_1024,"void at::native::vectorized_elementwise_kernel<(int)4, at::native::sin_kernel_cuda(at::TensorIteratorBase &)::[lambda() (instance 2)]::operator ()() const::[lambda() (instance 2)]::operator ()() const::[lambda(float) (instance 1)], std::array<char *, (unsigned long)2>>(int, T2, T3)",64,0.114848
5,echo,cold,history,compute_graph_projection_layer_9_q_1024,"void at::native::<unnamed>::CatArrayBatchedCopy_vectorized<at::native::<unnamed>::OpaqueType<(unsigned int)4>, unsigned int, (int)2, (int)128, (int)1, (int)16, (int)4>(char *, at::native::<unnamed>::CatArrInputTensorMetadata<T1, T2, T4, T5>, at::native::<unnamed>::TensorSizeStride<T2, (unsigned int)4>, int, T2)",64,0.097056
5,echo,cold,history,compute_graph_projection_layer_9_q_1024,"void at::native::elementwise_kernel<(int)128, (int)4, void at::native::gpu_kernel_impl_nocast<at::native::direct_copy_kernel_cuda(at::TensorIteratorBase &)::[lambda() (instance 3)]::operator ()() const::[lambda() (instance 12)]::operator ()() const::[lambda(c10::BFloat16) (instance 1)]>(at::TensorIteratorBase &, const T1 &)::[lambda(int) (instance 1)]>(int, T3)",64,0.160384
5,echo,cold,history,compute_graph_projection_layer_9_q_1024,kernel_cutlass_kernel_operatorsdeepseek_v32norm_plainLocalPlainRMSNorm_object_at__tensorptrbf16gmemalign128oi645125121_tensorptrf32gmemalign16o5121_tensorptrbf16gmemalign128oi645125121____0,64,0.11408
5,echo,cold,history,compute_graph_projection_layer_9_q_1024,"void flashinfer::BatchQKApplyRotaryPosIdsCosSinCacheHeadParallelismKernel<(bool)1, (unsigned int)64, (unsigned int)8, (unsigned int)8, __nv_bfloat16, long>(T5 *, T5 *, T5 *, T5 *, float *, T6 *, unsigned int, unsigned int, unsigned int, unsigned int, unsigned long, unsigned long, unsigned long, unsigned long, unsigned long, unsigned long, unsigned long, unsigned long)",64,0.690978
5,echo,cold,history,compute_graph_projection_layer_9_q_1024,"void at::native::<unnamed>::vectorized_layer_norm_kernel<float, float, (bool)0>(int, T2, const T1 *, const T1 *, const T1 *, T2 *, T2 *, T1 *)",64,0.219745
5,echo,cold,history,compute_graph_projection_layer_9_q_1024,"void at::native::vectorized_elementwise_kernel<(int)8, at::native::bfloat16_copy_kernel_cuda(at::TensorIteratorBase &)::[lambda(float) (instance 1)], std::array<char *, (unsigned long)2>>(int, T2, T3)",64,0.085184
5,echo,cold,history,compute_graph_projection_layer_9_q_1024,"void flashinfer::BatchQKApplyRotaryPosIdsCosSinCacheHeadParallelismKernel<(bool)0, (unsigned int)128, (unsigned int)8, (unsigned int)16, __nv_bfloat16, long>(T5 *, T5 *, T5 *, T5 *, float *, T6 *, unsigned int, unsigned int, unsigned int, unsigned int, unsigned long, unsigned long, unsigned long, unsigned long, unsigned long, unsigned long, unsigned long, unsigned long)",64,0.698082
5,echo,cold,history,compute_graph_projection_layer_9_q_1024,quantize_kernel,128,0.42896
5,echo,cold,history,compute_graph_projection_layer_9_q_1024,"void at::native::vectorized_elementwise_kernel<(int)4, at::native::AUnaryFunctor<float, float, float, at::native::binary_internal::MulFunctor<float>>, std::array<char *, (unsigned long)2>>(int, T2, T3)",128,0.147969
5,echo,cold,history,compute_graph_projection_layer_9_q_1024,"void at::native::vectorized_elementwise_kernel<(int)4, at::native::BinaryFunctor<float, float, float, at::native::binary_internal::MulFunctor<float>>, std::array<char *, (unsigned long)3>>(int, T2, T3)",64,0.111969
5,echo,cold,history,compute_graph_projection_layer_9_q_1024,"void at::native::<unnamed>::CatArrayBatchedCopy_vectorized<at::native::<unnamed>::OpaqueType<(unsigned int)2>, unsigned int, (int)2, (int)128, (int)1, (int)16, (int)8>(char *, at::native::<unnamed>::CatArrInputTensorMetadata<T1, T2, T4, T5>, at::native::<unnamed>::TensorSizeStride<T2, (unsigned int)4>, int, T2)",64,0.170592
5,echo,cold,history,compute_graph_finish_layer_9_q_1024,kernel_cutlass_kernel_operatorsdeepseek_v32norm_fusedLocalFusedRMSNorm_object_at__tensorptrbf16gmemalign128oi64716871681_tensorptrbf16gmemalign128oi64716871681_tensorptrf32gmemalign16o716_0,64,0.922179
5,echo,cold,history,compute_graph_finish_layer_9_q_1024,"void flashinfer::activation::act_and_mul_kernel<__nv_bfloat16, &silu>(T1 *, const T1 *, int)",64,1.859076
5,echo,cold,history,final_norm_lm_head,"void at::native::unrolled_elementwise_kernel<at::native::direct_copy_kernel_cuda(at::TensorIteratorBase &)::[lambda() (instance 3)]::operator ()() const::[lambda() (instance 7)]::operator ()() const::[lambda(float) (instance 1)], std::array<char *, (unsigned long)2>, (int)4, TrivialOffsetCalculator<(int)1, unsigned int>, TrivialOffsetCalculator<(int)1, unsigned int>, at::native::memory::LoadWithCast<(int)1>, at::native::memory::StoreWithCast<(int)1>>(int, T1, T2, T4, T5, T6, T7)",129,2.791206
5,echo,cold,history,final_norm_lm_head,"void at::native::vectorized_elementwise_kernel<(int)4, at::native::CUDAFunctor_add<float>, std::array<char *, (unsigned long)3>>(int, T2, T3)",64,1.329154
5,echo,cold,history,final_norm_lm_head,kernel_cutlass_kernel_flashinfernormkernelsrmsnormRMSNormKernel_object_at__tensorptrf32gmemalign128oi64716871681_tensorptrf32gmemalign16o71681_tensorptrf32gmemalign128oi64716871681___True_0,64,0.981443
5,echo,cold,history,final_norm_lm_head,"void at::native::vectorized_elementwise_kernel<(int)8, at::native::bfloat16_copy_kernel_cuda(at::TensorIteratorBase &)::[lambda(float) (instance 1)], std::array<char *, (unsigned long)2>>(int, T2, T3)",64,0.527425
5,echo,cold,history,exact_topk,"void flashinfer::sampling::FinalizeTopKIndicesKernel<(bool)1, (flashinfer::sampling::FilteredTopKMode)0, (unsigned int)256, (unsigned int)8, float, int, flashinfer::sampling::DirectPageTableKernelPolicy<int>, >(T6 *, T5 *, const T6 *, long, const T6 *, const T6 *, unsigned int, unsigned int, T8...)",630,34.188314
5,echo,cold,history,exact_topk,"void flashinfer::sampling::StableSortTopKByValueKernel<(unsigned int)256, (unsigned int)8, int, float>(T3 *, T4 *, unsigned int, unsigned int)",630,43.441803
5,echo,cold,history,chunk,"void at::native::<unnamed>::CatArrayBatchedCopy_vectorized<at::native::<unnamed>::OpaqueType<(unsigned int)2>, unsigned int, (int)1, (int)128, (int)1, (int)16, (int)8>(char *, at::native::<unnamed>::CatArrInputTensorMetadata<T1, T2, T4, T5>, at::native::<unnamed>::TensorSizeStride<T2, (unsigned int)4>, int, T2)",1,0.436706
5,echo,cold,candidate,forward,"void at::native::reduce_kernel<(int)512, (int)1, at::native::ReduceOp<long, at::native::func_wrapper_t<long, at::native::MinNanFunctor<long>>, unsigned int, long, (int)4, (int)4>>(T3)",1,0.002144
5,echo,cold,candidate,forward,"void at::native::reduce_kernel<(int)512, (int)1, at::native::ReduceOp<long, at::native::func_wrapper_t<long, at::native::MaxNanFunctor<long>>, unsigned int, long, (int)4, (int)4>>(T3)",1,0.001984
5,echo,cold,candidate,forward,"void at::native::vectorized_elementwise_kernel<(int)2, at::native::FillFunctor<long>, std::array<char *, (unsigned long)1>>(int, T2, T3)",5,0.003936
5,echo,cold,candidate,forward,"void at::native::unrolled_elementwise_kernel<at::native::FillFunctor<long>, std::array<char *, (unsigned long)1>, (int)4, TrivialOffsetCalculator<(int)0, unsigned int>, TrivialOffsetCalculator<(int)1, unsigned int>, at::native::memory::LoadWithoutCast, at::native::memory::StoreWithoutCast>(int, T1, T2, T4, T5, T6, T7)",5,0.003648
5,echo,cold,candidate,embedding,"void at::native::vectorized_gather_kernel<(int)16, long>(char *, char *, T2 *, int, long, long, long, long, bool)",1,0.003392
5,echo,cold,candidate,compute_graph_projection_inputs,"void at::native::vectorized_elementwise_kernel<(int)2, at::native::FillFunctor<long>, std::array<char *, (unsigned long)1>>(int, T2, T3)",10,0.008256
5,echo,cold,candidate,compute_graph_projection_layer_0_q_128,kernel_cutlass_kernel_operatorsdeepseek_v32norm_plainLocalPlainRMSNorm_object_at__tensorptrbf16gmemalign128oi64716871681_tensorptrf32gmemalign16o71681_tensorptrbf16gmemalign128oi647168716_0,1,0.003168
5,echo,cold,candidate,compute_graph_projection_layer_0_q_128,"void at::native::elementwise_kernel<(int)128, (int)2, void at::native::gpu_kernel_impl_nocast<at::native::CUDAFunctor_add<long>>(at::TensorIteratorBase &, const T1 &)::[lambda(int) (instance 1)]>(int, T3)",1,0.001888
5,echo,cold,candidate,compute_graph_projection_layer_0_q_128,"void at::native::unrolled_elementwise_kernel<at::native::direct_copy_kernel_cuda(at::TensorIteratorBase &)::[lambda() (instance 3)]::operator ()() const::[lambda() (instance 7)]::operator ()() const::[lambda(float) (instance 1)], std::array<char *, (unsigned long)2>, (int)4, TrivialOffsetCalculator<(int)1, unsigned int>, TrivialOffsetCalculator<(int)1, unsigned int>, at::native::memory::LoadWithCast<(int)1>, at::native::memory::StoreWithCast<(int)1>>(int, T1, T2, T4, T5, T6, T7)",3,0.00832
5,echo,cold,candidate,compute_graph_projection_layer_0_q_128,kernel_cutlass_kernel_operatorsdeepseek_v32norm_plainLocalPlainRMSNorm_object_at__tensorptrbf16gmemalign128oi64153615361_tensorptrf32gmemalign16o15361_tensorptrbf16gmemalign128oi641536153_0,1,0.002144
5,echo,cold,candidate,compute_graph_projection_layer_0_q_128,"void at::native::elementwise_kernel<(int)128, (int)2, void at::native::gpu_kernel_impl_nocast<at::native::BinaryFunctor<float, float, float, at::native::binary_internal::MulFunctor<float>>>(at::TensorIteratorBase &, const T1 &)::[lambda(int) (instance 1)]>(int, T3)",1,0.00144
5,echo,cold,candidate,compute_graph_projection_layer_0_q_128,"void <unnamed>::elementwise_kernel_with_index<int, at::native::arange_cuda_out(const c10::Scalar &, const c10::Scalar &, const c10::Scalar &, at::Tensor &)::[lambda() (instance 1)]::operator ()() const::[lambda() (instance 4)]::operator ()() const::[lambda(long) (instance 1)]>(T1, T2, function_traits<T2>::result_type *)",1,0.000864
5,echo,cold,candidate,compute_graph_projection_layer_0_q_128,"void at::native::vectorized_elementwise_kernel<(int)4, at::native::cos_kernel_cuda(at::TensorIteratorBase &)::[lambda() (instance 2)]::operator ()() const::[lambda() (instance 2)]::operator ()() const::[lambda(float) (instance 1)], std::array<char *, (unsigned long)2>>(int, T2, T3)",1,0.001664
5,echo,cold,candidate,compute_graph_projection_layer_0_q_128,"void at::native::vectorized_elementwise_kernel<(int)4, at::native::sin_kernel_cuda(at::TensorIteratorBase &)::[lambda() (instance 2)]::operator ()() const::[lambda() (instance 2)]::operator ()() const::[lambda(float) (instance 1)], std::array<char *, (unsigned long)2>>(int, T2, T3)",1,0.001632
5,echo,cold,candidate,compute_graph_projection_layer_0_q_128,"void at::native::<unnamed>::CatArrayBatchedCopy_vectorized<at::native::<unnamed>::OpaqueType<(unsigned int)4>, unsigned int, (int)2, (int)128, (int)1, (int)16, (int)4>(char *, at::native::<unnamed>::CatArrInputTensorMetadata<T1, T2, T4, T5>, at::native::<unnamed>::TensorSizeStride<T2, (unsigned int)4>, int, T2)",1,0.00128
5,echo,cold,candidate,compute_graph_projection_layer_0_q_128,"void at::native::elementwise_kernel<(int)128, (int)4, void at::native::gpu_kernel_impl_nocast<at::native::direct_copy_kernel_cuda(at::TensorIteratorBase &)::[lambda() (instance 3)]::operator ()() const::[lambda() (instance 12)]::operator ()() const::[lambda(c10::BFloat16) (instance 1)]>(at::TensorIteratorBase &, const T1 &)::[lambda(int) (instance 1)]>(int, T3)",1,0.002304
5,echo,cold,candidate,compute_graph_projection_layer_0_q_128,kernel_cutlass_kernel_operatorsdeepseek_v32norm_plainLocalPlainRMSNorm_object_at__tensorptrbf16gmemalign128oi645125121_tensorptrf32gmemalign16o5121_tensorptrbf16gmemalign128oi645125121____0,1,0.00144
5,echo,cold,candidate,compute_graph_projection_layer_0_q_128,"void flashinfer::BatchQKApplyRotaryPosIdsCosSinCacheHeadParallelismKernel<(bool)1, (unsigned int)64, (unsigned int)8, (unsigned int)8, __nv_bfloat16, long>(T5 *, T5 *, T5 *, T5 *, float *, T6 *, unsigned int, unsigned int, unsigned int, unsigned int, unsigned long, unsigned long, unsigned long, unsigned long, unsigned long, unsigned long, unsigned long, unsigned long)",1,0.002784
5,echo,cold,candidate,compute_graph_projection_layer_0_q_128,"void at::native::<unnamed>::vectorized_layer_norm_kernel<float, float, (bool)0>(int, T2, const T1 *, const T1 *, const T1 *, T2 *, T2 *, T1 *)",1,0.002944
5,echo,cold,candidate,compute_graph_projection_layer_0_q_128,"void at::native::vectorized_elementwise_kernel<(int)8, at::native::bfloat16_copy_kernel_cuda(at::TensorIteratorBase &)::[lambda(float) (instance 1)], std::array<char *, (unsigned long)2>>(int, T2, T3)",1,0.001184
5,echo,cold,candidate,compute_graph_projection_layer_0_q_128,"void flashinfer::BatchQKApplyRotaryPosIdsCosSinCacheHeadParallelismKernel<(bool)0, (unsigned int)128, (unsigned int)8, (unsigned int)16, __nv_bfloat16, long>(T5 *, T5 *, T5 *, T5 *, float *, T6 *, unsigned int, unsigned int, unsigned int, unsigned int, unsigned long, unsigned long, unsigned long, unsigned long, unsigned long, unsigned long, unsigned long, unsigned long)",1,0.002464
5,echo,cold,candidate,compute_graph_projection_layer_0_q_128,quantize_kernel,2,0.003008
5,echo,cold,candidate,compute_graph_projection_layer_0_q_128,"void at::native::vectorized_elementwise_kernel<(int)4, at::native::AUnaryFunctor<float, float, float, at::native::binary_internal::MulFunctor<float>>, std::array<char *, (unsigned long)2>>(int, T2, T3)",2,0.002176
5,echo,cold,candidate,compute_graph_projection_layer_0_q_128,"void at::native::vectorized_elementwise_kernel<(int)4, at::native::BinaryFunctor<float, float, float, at::native::binary_internal::MulFunctor<float>>, std::array<char *, (unsigned long)3>>(int, T2, T3)",1,0.001184
5,echo,cold,candidate,compute_graph_projection_layer_0_q_128,"void at::native::<unnamed>::CatArrayBatchedCopy_vectorized<at::native::<unnamed>::OpaqueType<(unsigned int)2>, unsigned int, (int)2, (int)128, (int)1, (int)16, (int)8>(char *, at::native::<unnamed>::CatArrInputTensorMetadata<T1, T2, T4, T5>, at::native::<unnamed>::TensorSizeStride<T2, (unsigned int)4>, int, T2)",1,0.00208
5,echo,cold,candidate,pool_stamp,"void at::native::vectorized_elementwise_kernel<(int)2, at::native::FillFunctor<long>, std::array<char *, (unsigned long)1>>(int, T2, T3)",10,0.007904
5,echo,cold,candidate,exact_topk,"void at::native::elementwise_kernel<(int)128, (int)2, void at::native::gpu_kernel_impl_nocast<at::native::direct_copy_kernel_cuda(at::TensorIteratorBase &)::[lambda() (instance 3)]::operator ()() const::[lambda() (instance 7)]::operator ()() const::[lambda(float) (instance 1)]>(at::TensorIteratorBase &, const T1 &)::[lambda(int) (instance 1)]>(int, T3)",10,0.250144
5,echo,cold,candidate,exact_topk,"void flashinfer::sampling::FilteredTopKUnifiedKernel<float, int, (int)4, (bool)1, (flashinfer::sampling::FilteredTopKMode)0, (flashinfer::sampling::TopKTieBreak)1, flashinfer::sampling::DirectPageTableKernelPolicy<int>, >(const T1 *, T2 *, T1 *, const T2 *, long, const T2 *, const T2 *, const T2 *, const T2 *, unsigned int, unsigned int, unsigned int, T8...)",10,0.35104
5,echo,cold,candidate,exact_topk,"void flashinfer::sampling::FinalizeTopKIndicesKernel<(bool)1, (flashinfer::sampling::FilteredTopKMode)0, (unsigned int)256, (unsigned int)8, float, int, flashinfer::sampling::DirectPageTableKernelPolicy<int>, >(T6 *, T5 *, const T6 *, long, const T6 *, const T6 *, unsigned int, unsigned int, T8...)",10,0.11584
5,echo,cold,candidate,exact_topk,"void flashinfer::sampling::StableSortTopKByValueKernel<(unsigned int)256, (unsigned int)8, int, float>(T3 *, T4 *, unsigned int, unsigned int)",10,0.145952
5,echo,cold,candidate,exact_topk,mask_kernel,10,0.012928
5,echo,cold,candidate,exact_topk,mask_count,10,0.0208
5,echo,cold,candidate,exact_topk,"void at::native::reduce_kernel<(int)512, (int)1, at::native::ReduceOp<float, at::native::func_wrapper_t<float, at::native::sum_functor<float, float, float>::operator ()(at::TensorIterator &)::[lambda(float, float) (instance 1)]>, unsigned int, float, (int)4, (int)4>>(T3)",10,0.053344
5,echo,cold,candidate,exact_topk,publish,10,0.014272
5,echo,cold,candidate,pool_operation,"echo_native::resident_union_clear(unsigned int *, long, unsigned int *)",10,0.010016
5,echo,cold,candidate,pool_operation,"void echo_native::resident_selection_kernel<(bool)0>(const int *, int *, long, const int *, const int *, int, long *, long *, unsigned int *, unsigned int *, unsigned long long *, int, int, bool, int, int, long)",10,0.332515
5,echo,cold,candidate,compute_graph_finish_layer_0_q_128,kernel_cutlass_kernel_operatorsdeepseek_v32norm_fusedLocalFusedRMSNorm_object_at__tensorptrbf16gmemalign128oi64716871681_tensorptrbf16gmemalign128oi64716871681_tensorptrf32gmemalign16o716_0,1,0.003264
5,echo,cold,candidate,compute_graph_finish_layer_0_q_128,"void flashinfer::activation::act_and_mul_kernel<__nv_bfloat16, &silu>(T1 *, const T1 *, int)",1,0.005024
5,echo,cold,candidate,compute_graph_projection_layer_1_q_128,kernel_cutlass_kernel_operatorsdeepseek_v32norm_fusedLocalFusedRMSNorm_object_at__tensorptrbf16gmemalign128oi64716871681_tensorptrbf16gmemalign128oi64716871681_tensorptrf32gmemalign16o716_0,1,0.003552
5,echo,cold,candidate,compute_graph_projection_layer_1_q_128,"void at::native::elementwise_kernel<(int)128, (int)2, void at::native::gpu_kernel_impl_nocast<at::native::CUDAFunctor_add<long>>(at::TensorIteratorBase &, const T1 &)::[lambda(int) (instance 1)]>(int, T3)",1,0.002016
5,echo,cold,candidate,compute_graph_projection_layer_1_q_128,"void at::native::unrolled_elementwise_kernel<at::native::direct_copy_kernel_cuda(at::TensorIteratorBase &)::[lambda() (instance 3)]::operator ()() const::[lambda() (instance 7)]::operator ()() const::[lambda(float) (instance 1)], std::array<char *, (unsigned long)2>, (int)4, TrivialOffsetCalculator<(int)1, unsigned int>, TrivialOffsetCalculator<(int)1, unsigned int>, at::native::memory::LoadWithCast<(int)1>, at::native::memory::StoreWithCast<(int)1>>(int, T1, T2, T4, T5, T6, T7)",3,0.007776
5,echo,cold,candidate,compute_graph_projection_layer_1_q_128,kernel_cutlass_kernel_operatorsdeepseek_v32norm_plainLocalPlainRMSNorm_object_at__tensorptrbf16gmemalign128oi64153615361_tensorptrf32gmemalign16o15361_tensorptrbf16gmemalign128oi641536153_0,1,0.002112
5,echo,cold,candidate,compute_graph_projection_layer_1_q_128,"void at::native::elementwise_kernel<(int)128, (int)2, void at::native::gpu_kernel_impl_nocast<at::native::BinaryFunctor<float, float, float, at::native::binary_internal::MulFunctor<float>>>(at::TensorIteratorBase &, const T1 &)::[lambda(int) (instance 1)]>(int, T3)",1,0.001504
5,echo,cold,candidate,compute_graph_projection_layer_1_q_128,"void <unnamed>::elementwise_kernel_with_index<int, at::native::arange_cuda_out(const c10::Scalar &, const c10::Scalar &, const c10::Scalar &, at::Tensor &)::[lambda() (instance 1)]::operator ()() const::[lambda() (instance 4)]::operator ()() const::[lambda(long) (instance 1)]>(T1, T2, function_traits<T2>::result_type *)",1,0.000768
5,echo,cold,candidate,compute_graph_projection_layer_1_q_128,"void at::native::vectorized_elementwise_kernel<(int)4, at::native::cos_kernel_cuda(at::TensorIteratorBase &)::[lambda() (instance 2)]::operator ()() const::[lambda() (instance 2)]::operator ()() const::[lambda(float) (instance 1)], std::array<char *, (unsigned long)2>>(int, T2, T3)",1,0.001664
5,echo,cold,candidate,compute_graph_projection_layer_1_q_128,"void at::native::vectorized_elementwise_kernel<(int)4, at::native::sin_kernel_cuda(at::TensorIteratorBase &)::[lambda() (instance 2)]::operator ()() const::[lambda() (instance 2)]::operator ()() const::[lambda(float) (instance 1)], std::array<char *, (unsigned long)2>>(int, T2, T3)",1,0.001696
5,echo,cold,candidate,compute_graph_projection_layer_1_q_128,"void at::native::<unnamed>::CatArrayBatchedCopy_vectorized<at::native::<unnamed>::OpaqueType<(unsigned int)4>, unsigned int, (int)2, (int)128, (int)1, (int)16, (int)4>(char *, at::native::<unnamed>::CatArrInputTensorMetadata<T1, T2, T4, T5>, at::native::<unnamed>::TensorSizeStride<T2, (unsigned int)4>, int, T2)",1,0.001312
5,echo,cold,candidate,compute_graph_projection_layer_1_q_128,"void at::native::elementwise_kernel<(int)128, (int)4, void at::native::gpu_kernel_impl_nocast<at::native::direct_copy_kernel_cuda(at::TensorIteratorBase &)::[lambda() (instance 3)]::operator ()() const::[lambda() (instance 12)]::operator ()() const::[lambda(c10::BFloat16) (instance 1)]>(at::TensorIteratorBase &, const T1 &)::[lambda(int) (instance 1)]>(int, T3)",1,0.002368
5,echo,cold,candidate,compute_graph_projection_layer_1_q_128,kernel_cutlass_kernel_operatorsdeepseek_v32norm_plainLocalPlainRMSNorm_object_at__tensorptrbf16gmemalign128oi645125121_tensorptrf32gmemalign16o5121_tensorptrbf16gmemalign128oi645125121____0,1,0.00144
5,echo,cold,candidate,compute_graph_projection_layer_1_q_128,"void flashinfer::BatchQKApplyRotaryPosIdsCosSinCacheHeadParallelismKernel<(bool)1, (unsigned int)64, (unsigned int)8, (unsigned int)8, __nv_bfloat16, long>(T5 *, T5 *, T5 *, T5 *, float *, T6 *, unsigned int, unsigned int, unsigned int, unsigned int, unsigned long, unsigned long, unsigned long, unsigned long, unsigned long, unsigned long, unsigned long, unsigned long)",1,0.002816
5,echo,cold,candidate,compute_graph_projection_layer_1_q_128,"void at::native::<unnamed>::vectorized_layer_norm_kernel<float, float, (bool)0>(int, T2, const T1 *, const T1 *, const T1 *, T2 *, T2 *, T1 *)",1,0.002881
5,echo,cold,candidate,compute_graph_projection_layer_1_q_128,"void at::native::vectorized_elementwise_kernel<(int)8, at::native::bfloat16_copy_kernel_cuda(at::TensorIteratorBase &)::[lambda(float) (instance 1)], std::array<char *, (unsigned long)2>>(int, T2, T3)",1,0.00112
5,echo,cold,candidate,compute_graph_projection_layer_1_q_128,"void flashinfer::BatchQKApplyRotaryPosIdsCosSinCacheHeadParallelismKernel<(bool)0, (unsigned int)128, (unsigned int)8, (unsigned int)16, __nv_bfloat16, long>(T5 *, T5 *, T5 *, T5 *, float *, T6 *, unsigned int, unsigned int, unsigned int, unsigned int, unsigned long, unsigned long, unsigned long, unsigned long, unsigned long, unsigned long, unsigned long, unsigned long)",1,0.0024
5,echo,cold,candidate,compute_graph_projection_layer_1_q_128,quantize_kernel,2,0.003008
5,echo,cold,candidate,compute_graph_projection_layer_1_q_128,"void at::native::vectorized_elementwise_kernel<(int)4, at::native::AUnaryFunctor<float, float, float, at::native::binary_internal::MulFunctor<float>>, std::array<char *, (unsigned long)2>>(int, T2, T3)",2,0.002176
5,echo,cold,candidate,compute_graph_projection_layer_1_q_128,"void at::native::vectorized_elementwise_kernel<(int)4, at::native::BinaryFunctor<float, float, float, at::native::binary_internal::MulFunctor<float>>, std::array<char *, (unsigned long)3>>(int, T2, T3)",1,0.001184
5,echo,cold,candidate,compute_graph_projection_layer_1_q_128,"void at::native::<unnamed>::CatArrayBatchedCopy_vectorized<at::native::<unnamed>::OpaqueType<(unsigned int)2>, unsigned int, (int)2, (int)128, (int)1, (int)16, (int)8>(char *, at::native::<unnamed>::CatArrInputTensorMetadata<T1, T2, T4, T5>, at::native::<unnamed>::TensorSizeStride<T2, (unsigned int)4>, int, T2)",1,0.001952
5,echo,cold,candidate,compute_graph_finish_layer_1_q_128,kernel_cutlass_kernel_operatorsdeepseek_v32norm_fusedLocalFusedRMSNorm_object_at__tensorptrbf16gmemalign128oi64716871681_tensorptrbf16gmemalign128oi64716871681_tensorptrf32gmemalign16o716_0,1,0.00336
5,echo,cold,candidate,compute_graph_finish_layer_1_q_128,"void flashinfer::activation::act_and_mul_kernel<__nv_bfloat16, &silu>(T1 *, const T1 *, int)",1,0.004928
5,echo,cold,candidate,compute_graph_projection_layer_2_q_128,kernel_cutlass_kernel_operatorsdeepseek_v32norm_fusedLocalFusedRMSNorm_object_at__tensorptrbf16gmemalign128oi64716871681_tensorptrbf16gmemalign128oi64716871681_tensorptrf32gmemalign16o716_0,1,0.003712
5,echo,cold,candidate,compute_graph_projection_layer_2_q_128,"void at::native::elementwise_kernel<(int)128, (int)2, void at::native::gpu_kernel_impl_nocast<at::native::CUDAFunctor_add<long>>(at::TensorIteratorBase &, const T1 &)::[lambda(int) (instance 1)]>(int, T3)",1,0.001856
5,echo,cold,candidate,compute_graph_projection_layer_2_q_128,"void at::native::unrolled_elementwise_kernel<at::native::direct_copy_kernel_cuda(at::TensorIteratorBase &)::[lambda() (instance 3)]::operator ()() const::[lambda() (instance 7)]::operator ()() const::[lambda(float) (instance 1)], std::array<char *, (unsigned long)2>, (int)4, TrivialOffsetCalculator<(int)1, unsigned int>, TrivialOffsetCalculator<(int)1, unsigned int>, at::native::memory::LoadWithCast<(int)1>, at::native::memory::StoreWithCast<(int)1>>(int, T1, T2, T4, T5, T6, T7)",3,0.008384
5,echo,cold,candidate,compute_graph_projection_layer_2_q_128,kernel_cutlass_kernel_operatorsdeepseek_v32norm_plainLocalPlainRMSNorm_object_at__tensorptrbf16gmemalign128oi64153615361_tensorptrf32gmemalign16o15361_tensorptrbf16gmemalign128oi641536153_0,1,0.002144
5,echo,cold,candidate,compute_graph_projection_layer_2_q_128,"void at::native::elementwise_kernel<(int)128, (int)2, void at::native::gpu_kernel_impl_nocast<at::native::BinaryFunctor<float, float, float, at::native::binary_internal::MulFunctor<float>>>(at::TensorIteratorBase &, const T1 &)::[lambda(int) (instance 1)]>(int, T3)",1,0.001504
5,echo,cold,candidate,compute_graph_projection_layer_2_q_128,"void <unnamed>::elementwise_kernel_with_index<int, at::native::arange_cuda_out(const c10::Scalar &, const c10::Scalar &, const c10::Scalar &, at::Tensor &)::[lambda() (instance 1)]::operator ()() const::[lambda() (instance 4)]::operator ()() const::[lambda(long) (instance 1)]>(T1, T2, function_traits<T2>::result_type *)",1,0.000832
5,echo,cold,candidate,compute_graph_projection_layer_2_q_128,"void at::native::vectorized_elementwise_kernel<(int)4, at::native::cos_kernel_cuda(at::TensorIteratorBase &)::[lambda() (instance 2)]::operator ()() const::[lambda() (instance 2)]::operator ()() const::[lambda(float) (instance 1)], std::array<char *, (unsigned long)2>>(int, T2, T3)",1,0.001664
5,echo,cold,candidate,compute_graph_projection_layer_2_q_128,"void at::native::vectorized_elementwise_kernel<(int)4, at::native::sin_kernel_cuda(at::TensorIteratorBase &)::[lambda() (instance 2)]::operator ()() const::[lambda() (instance 2)]::operator ()() const::[lambda(float) (instance 1)], std::array<char *, (unsigned long)2>>(int, T2, T3)",1,0.001632
5,echo,cold,candidate,compute_graph_projection_layer_2_q_128,"void at::native::<unnamed>::CatArrayBatchedCopy_vectorized<at::native::<unnamed>::OpaqueType<(unsigned int)4>, unsigned int, (int)2, (int)128, (int)1, (int)16, (int)4>(char *, at::native::<unnamed>::CatArrInputTensorMetadata<T1, T2, T4, T5>, at::native::<unnamed>::TensorSizeStride<T2, (unsigned int)4>, int, T2)",1,0.00128
5,echo,cold,candidate,compute_graph_projection_layer_2_q_128,"void at::native::elementwise_kernel<(int)128, (int)4, void at::native::gpu_kernel_impl_nocast<at::native::direct_copy_kernel_cuda(at::TensorIteratorBase &)::[lambda() (instance 3)]::operator ()() const::[lambda() (instance 12)]::operator ()() const::[lambda(c10::BFloat16) (instance 1)]>(at::TensorIteratorBase &, const T1 &)::[lambda(int) (instance 1)]>(int, T3)",1,0.002368
5,echo,cold,candidate,compute_graph_projection_layer_2_q_128,kernel_cutlass_kernel_operatorsdeepseek_v32norm_plainLocalPlainRMSNorm_object_at__tensorptrbf16gmemalign128oi645125121_tensorptrf32gmemalign16o5121_tensorptrbf16gmemalign128oi645125121____0,1,0.00144
5,echo,cold,candidate,compute_graph_projection_layer_2_q_128,"void flashinfer::BatchQKApplyRotaryPosIdsCosSinCacheHeadParallelismKernel<(bool)1, (unsigned int)64, (unsigned int)8, (unsigned int)8, __nv_bfloat16, long>(T5 *, T5 *, T5 *, T5 *, float *, T6 *, unsigned int, unsigned int, unsigned int, unsigned int, unsigned long, unsigned long, unsigned long, unsigned long, unsigned long, unsigned long, unsigned long, unsigned long)",1,0.002752
5,echo,cold,candidate,compute_graph_projection_layer_2_q_128,"void at::native::<unnamed>::vectorized_layer_norm_kernel<float, float, (bool)0>(int, T2, const T1 *, const T1 *, const T1 *, T2 *, T2 *, T1 *)",1,0.003104
5,echo,cold,candidate,compute_graph_projection_layer_2_q_128,"void at::native::vectorized_elementwise_kernel<(int)8, at::native::bfloat16_copy_kernel_cuda(at::TensorIteratorBase &)::[lambda(float) (instance 1)], std::array<char *, (unsigned long)2>>(int, T2, T3)",1,0.001216
5,echo,cold,candidate,compute_graph_projection_layer_2_q_128,"void flashinfer::BatchQKApplyRotaryPosIdsCosSinCacheHeadParallelismKernel<(bool)0, (unsigned int)128, (unsigned int)8, (unsigned int)16, __nv_bfloat16, long>(T5 *, T5 *, T5 *, T5 *, float *, T6 *, unsigned int, unsigned int, unsigned int, unsigned int, unsigned long, unsigned long, unsigned long, unsigned long, unsigned long, unsigned long, unsigned long, unsigned long)",1,0.0024
5,echo,cold,candidate,compute_graph_projection_layer_2_q_128,quantize_kernel,2,0.002976
5,echo,cold,candidate,compute_graph_projection_layer_2_q_128,"void at::native::vectorized_elementwise_kernel<(int)4, at::native::AUnaryFunctor<float, float, float, at::native::binary_internal::MulFunctor<float>>, std::array<char *, (unsigned long)2>>(int, T2, T3)",2,0.002144
5,echo,cold,candidate,compute_graph_projection_layer_2_q_128,"void at::native::vectorized_elementwise_kernel<(int)4, at::native::BinaryFunctor<float, float, float, at::native::binary_internal::MulFunctor<float>>, std::array<char *, (unsigned long)3>>(int, T2, T3)",1,0.001152
5,echo,cold,candidate,compute_graph_projection_layer_2_q_128,"void at::native::<unnamed>::CatArrayBatchedCopy_vectorized<at::native::<unnamed>::OpaqueType<(unsigned int)2>, unsigned int, (int)2, (int)128, (int)1, (int)16, (int)8>(char *, at::native::<unnamed>::CatArrInputTensorMetadata<T1, T2, T4, T5>, at::native::<unnamed>::TensorSizeStride<T2, (unsigned int)4>, int, T2)",1,0.002048
5,echo,cold,candidate,compute_graph_finish_layer_2_q_128,kernel_cutlass_kernel_operatorsdeepseek_v32norm_fusedLocalFusedRMSNorm_object_at__tensorptrbf16gmemalign128oi64716871681_tensorptrbf16gmemalign128oi64716871681_tensorptrf32gmemalign16o716_0,1,0.003488
5,echo,cold,candidate,compute_graph_finish_layer_2_q_128,"void flashinfer::activation::act_and_mul_kernel<__nv_bfloat16, &silu>(T1 *, const T1 *, int)",1,0.004864
5,echo,cold,candidate,compute_graph_projection_layer_3_q_128,kernel_cutlass_kernel_operatorsdeepseek_v32norm_plainLocalPlainRMSNorm_object_at__tensorptrbf16gmemalign128oi64716871681_tensorptrf32gmemalign16o71681_tensorptrbf16gmemalign128oi647168716_0,1,0.0032
5,echo,cold,candidate,compute_graph_projection_layer_3_q_128,"void at::native::elementwise_kernel<(int)128, (int)2, void at::native::gpu_kernel_impl_nocast<at::native::CUDAFunctor_add<long>>(at::TensorIteratorBase &, const T1 &)::[lambda(int) (instance 1)]>(int, T3)",1,0.001856
5,echo,cold,candidate,compute_graph_projection_layer_3_q_128,"void at::native::unrolled_elementwise_kernel<at::native::direct_copy_kernel_cuda(at::TensorIteratorBase &)::[lambda() (instance 3)]::operator ()() const::[lambda() (instance 7)]::operator ()() const::[lambda(float) (instance 1)], std::array<char *, (unsigned long)2>, (int)4, TrivialOffsetCalculator<(int)1, unsigned int>, TrivialOffsetCalculator<(int)1, unsigned int>, at::native::memory::LoadWithCast<(int)1>, at::native::memory::StoreWithCast<(int)1>>(int, T1, T2, T4, T5, T6, T7)",3,0.008064
5,echo,cold,candidate,compute_graph_projection_layer_3_q_128,kernel_cutlass_kernel_operatorsdeepseek_v32norm_plainLocalPlainRMSNorm_object_at__tensorptrbf16gmemalign128oi64153615361_tensorptrf32gmemalign16o15361_tensorptrbf16gmemalign128oi641536153_0,1,0.002208
5,echo,cold,candidate,compute_graph_projection_layer_3_q_128,"void at::native::elementwise_kernel<(int)128, (int)2, void at::native::gpu_kernel_impl_nocast<at::native::BinaryFunctor<float, float, float, at::native::binary_internal::MulFunctor<float>>>(at::TensorIteratorBase &, const T1 &)::[lambda(int) (instance 1)]>(int, T3)",1,0.00144
5,echo,cold,candidate,compute_graph_projection_layer_3_q_128,"void <unnamed>::elementwise_kernel_with_index<int, at::native::arange_cuda_out(const c10::Scalar &, const c10::Scalar &, const c10::Scalar &, at::Tensor &)::[lambda() (instance 1)]::operator ()() const::[lambda() (instance 4)]::operator ()() const::[lambda(long) (instance 1)]>(T1, T2, function_traits<T2>::result_type *)",1,0.000832
5,echo,cold,candidate,compute_graph_projection_layer_3_q_128,"void at::native::vectorized_elementwise_kernel<(int)4, at::native::cos_kernel_cuda(at::TensorIteratorBase &)::[lambda() (instance 2)]::operator ()() const::[lambda() (instance 2)]::operator ()() const::[lambda(float) (instance 1)], std::array<char *, (unsigned long)2>>(int, T2, T3)",1,0.001696
5,echo,cold,candidate,compute_graph_projection_layer_3_q_128,"void at::native::vectorized_elementwise_kernel<(int)4, at::native::sin_kernel_cuda(at::TensorIteratorBase &)::[lambda() (instance 2)]::operator ()() const::[lambda() (instance 2)]::operator ()() const::[lambda(float) (instance 1)], std::array<char *, (unsigned long)2>>(int, T2, T3)",1,0.001696
5,echo,cold,candidate,compute_graph_projection_layer_3_q_128,"void at::native::<unnamed>::CatArrayBatchedCopy_vectorized<at::native::<unnamed>::OpaqueType<(unsigned int)4>, unsigned int, (int)2, (int)128, (int)1, (int)16, (int)4>(char *, at::native::<unnamed>::CatArrInputTensorMetadata<T1, T2, T4, T5>, at::native::<unnamed>::TensorSizeStride<T2, (unsigned int)4>, int, T2)",1,0.00128
5,echo,cold,candidate,compute_graph_projection_layer_3_q_128,"void at::native::elementwise_kernel<(int)128, (int)4, void at::native::gpu_kernel_impl_nocast<at::native::direct_copy_kernel_cuda(at::TensorIteratorBase &)::[lambda() (instance 3)]::operator ()() const::[lambda() (instance 12)]::operator ()() const::[lambda(c10::BFloat16) (instance 1)]>(at::TensorIteratorBase &, const T1 &)::[lambda(int) (instance 1)]>(int, T3)",1,0.0024
5,echo,cold,candidate,compute_graph_projection_layer_3_q_128,kernel_cutlass_kernel_operatorsdeepseek_v32norm_plainLocalPlainRMSNorm_object_at__tensorptrbf16gmemalign128oi645125121_tensorptrf32gmemalign16o5121_tensorptrbf16gmemalign128oi645125121____0,1,0.001632
5,echo,cold,candidate,compute_graph_projection_layer_3_q_128,"void flashinfer::BatchQKApplyRotaryPosIdsCosSinCacheHeadParallelismKernel<(bool)1, (unsigned int)64, (unsigned int)8, (unsigned int)8, __nv_bfloat16, long>(T5 *, T5 *, T5 *, T5 *, float *, T6 *, unsigned int, unsigned int, unsigned int, unsigned int, unsigned long, unsigned long, unsigned long, unsigned long, unsigned long, unsigned long, unsigned long, unsigned long)",1,0.002784
5,echo,cold,candidate,compute_graph_projection_layer_3_q_128,"void at::native::<unnamed>::vectorized_layer_norm_kernel<float, float, (bool)0>(int, T2, const T1 *, const T1 *, const T1 *, T2 *, T2 *, T1 *)",1,0.003296
5,echo,cold,candidate,compute_graph_projection_layer_3_q_128,"void at::native::vectorized_elementwise_kernel<(int)8, at::native::bfloat16_copy_kernel_cuda(at::TensorIteratorBase &)::[lambda(float) (instance 1)], std::array<char *, (unsigned long)2>>(int, T2, T3)",1,0.001152
5,echo,cold,candidate,compute_graph_projection_layer_3_q_128,"void flashinfer::BatchQKApplyRotaryPosIdsCosSinCacheHeadParallelismKernel<(bool)0, (unsigned int)128, (unsigned int)8, (unsigned int)16, __nv_bfloat16, long>(T5 *, T5 *, T5 *, T5 *, float *, T6 *, unsigned int, unsigned int, unsigned int, unsigned int, unsigned long, unsigned long, unsigned long, unsigned long, unsigned long, unsigned long, unsigned long, unsigned long)",1,0.0024
5,echo,cold,candidate,compute_graph_projection_layer_3_q_128,quantize_kernel,2,0.003008
5,echo,cold,candidate,compute_graph_projection_layer_3_q_128,"void at::native::vectorized_elementwise_kernel<(int)4, at::native::AUnaryFunctor<float, float, float, at::native::binary_internal::MulFunctor<float>>, std::array<char *, (unsigned long)2>>(int, T2, T3)",2,0.002112
5,echo,cold,candidate,compute_graph_projection_layer_3_q_128,"void at::native::vectorized_elementwise_kernel<(int)4, at::native::BinaryFunctor<float, float, float, at::native::binary_internal::MulFunctor<float>>, std::array<char *, (unsigned long)3>>(int, T2, T3)",1,0.00112
5,echo,cold,candidate,compute_graph_projection_layer_3_q_128,"void at::native::<unnamed>::CatArrayBatchedCopy_vectorized<at::native::<unnamed>::OpaqueType<(unsigned int)2>, unsigned int, (int)2, (int)128, (int)1, (int)16, (int)8>(char *, at::native::<unnamed>::CatArrInputTensorMetadata<T1, T2, T4, T5>, at::native::<unnamed>::TensorSizeStride<T2, (unsigned int)4>, int, T2)",1,0.002048
5,echo,cold,candidate,compute_graph_finish_layer_3_q_128,kernel_cutlass_kernel_operatorsdeepseek_v32norm_fusedLocalFusedRMSNorm_object_at__tensorptrbf16gmemalign128oi64716871681_tensorptrbf16gmemalign128oi64716871681_tensorptrf32gmemalign16o716_0,1,0.003424
5,echo,cold,candidate,compute_graph_finish_layer_3_q_128,"void flashinfer::activation::act_and_mul_kernel<__nv_bfloat16, &silu>(T1 *, const T1 *, int)",1,0.004896
5,echo,cold,candidate,compute_graph_projection_layer_4_q_128,kernel_cutlass_kernel_operatorsdeepseek_v32norm_fusedLocalFusedRMSNorm_object_at__tensorptrbf16gmemalign128oi64716871681_tensorptrbf16gmemalign128oi64716871681_tensorptrf32gmemalign16o716_0,1,0.003328
5,echo,cold,candidate,compute_graph_projection_layer_4_q_128,"void at::native::elementwise_kernel<(int)128, (int)2, void at::native::gpu_kernel_impl_nocast<at::native::CUDAFunctor_add<long>>(at::TensorIteratorBase &, const T1 &)::[lambda(int) (instance 1)]>(int, T3)",1,0.00176
5,echo,cold,candidate,compute_graph_projection_layer_4_q_128,"void at::native::unrolled_elementwise_kernel<at::native::direct_copy_kernel_cuda(at::TensorIteratorBase &)::[lambda() (instance 3)]::operator ()() const::[lambda() (instance 7)]::operator ()() const::[lambda(float) (instance 1)], std::array<char *, (unsigned long)2>, (int)4, TrivialOffsetCalculator<(int)1, unsigned int>, TrivialOffsetCalculator<(int)1, unsigned int>, at::native::memory::LoadWithCast<(int)1>, at::native::memory::StoreWithCast<(int)1>>(int, T1, T2, T4, T5, T6, T7)",3,0.007968
5,echo,cold,candidate,compute_graph_projection_layer_4_q_128,kernel_cutlass_kernel_operatorsdeepseek_v32norm_plainLocalPlainRMSNorm_object_at__tensorptrbf16gmemalign128oi64153615361_tensorptrf32gmemalign16o15361_tensorptrbf16gmemalign128oi641536153_0,1,0.002304
5,echo,cold,candidate,compute_graph_projection_layer_4_q_128,"void at::native::elementwise_kernel<(int)128, (int)2, void at::native::gpu_kernel_impl_nocast<at::native::BinaryFunctor<float, float, float, at::native::binary_internal::MulFunctor<float>>>(at::TensorIteratorBase &, const T1 &)::[lambda(int) (instance 1)]>(int, T3)",1,0.001536
5,echo,cold,candidate,compute_graph_projection_layer_4_q_128,"void <unnamed>::elementwise_kernel_with_index<int, at::native::arange_cuda_out(const c10::Scalar &, const c10::Scalar &, const c10::Scalar &, at::Tensor &)::[lambda() (instance 1)]::operator ()() const::[lambda() (instance 4)]::operator ()() const::[lambda(long) (instance 1)]>(T1, T2, function_traits<T2>::result_type *)",1,0.000864
5,echo,cold,candidate,compute_graph_projection_layer_4_q_128,"void at::native::vectorized_elementwise_kernel<(int)4, at::native::cos_kernel_cuda(at::TensorIteratorBase &)::[lambda() (instance 2)]::operator ()() const::[lambda() (instance 2)]::operator ()() const::[lambda(float) (instance 1)], std::array<char *, (unsigned long)2>>(int, T2, T3)",1,0.001728
5,echo,cold,candidate,compute_graph_projection_layer_4_q_128,"void at::native::vectorized_elementwise_kernel<(int)4, at::native::sin_kernel_cuda(at::TensorIteratorBase &)::[lambda() (instance 2)]::operator ()() const::[lambda() (instance 2)]::operator ()() const::[lambda(float) (instance 1)], std::array<char *, (unsigned long)2>>(int, T2, T3)",1,0.001728
5,echo,cold,candidate,compute_graph_projection_layer_4_q_128,"void at::native::<unnamed>::CatArrayBatchedCopy_vectorized<at::native::<unnamed>::OpaqueType<(unsigned int)4>, unsigned int, (int)2, (int)128, (int)1, (int)16, (int)4>(char *, at::native::<unnamed>::CatArrInputTensorMetadata<T1, T2, T4, T5>, at::native::<unnamed>::TensorSizeStride<T2, (unsigned int)4>, int, T2)",1,0.001344
5,echo,cold,candidate,compute_graph_projection_layer_4_q_128,"void at::native::elementwise_kernel<(int)128, (int)4, void at::native::gpu_kernel_impl_nocast<at::native::direct_copy_kernel_cuda(at::TensorIteratorBase &)::[lambda() (instance 3)]::operator ()() const::[lambda() (instance 12)]::operator ()() const::[lambda(c10::BFloat16) (instance 1)]>(at::TensorIteratorBase &, const T1 &)::[lambda(int) (instance 1)]>(int, T3)",1,0.002336
5,echo,cold,candidate,compute_graph_projection_layer_4_q_128,kernel_cutlass_kernel_operatorsdeepseek_v32norm_plainLocalPlainRMSNorm_object_at__tensorptrbf16gmemalign128oi645125121_tensorptrf32gmemalign16o5121_tensorptrbf16gmemalign128oi645125121____0,1,0.001408
5,echo,cold,candidate,compute_graph_projection_layer_4_q_128,"void flashinfer::BatchQKApplyRotaryPosIdsCosSinCacheHeadParallelismKernel<(bool)1, (unsigned int)64, (unsigned int)8, (unsigned int)8, __nv_bfloat16, long>(T5 *, T5 *, T5 *, T5 *, float *, T6 *, unsigned int, unsigned int, unsigned int, unsigned int, unsigned long, unsigned long, unsigned long, unsigned long, unsigned long, unsigned long, unsigned long, unsigned long)",1,0.00288
5,echo,cold,candidate,compute_graph_projection_layer_4_q_128,"void at::native::<unnamed>::vectorized_layer_norm_kernel<float, float, (bool)0>(int, T2, const T1 *, const T1 *, const T1 *, T2 *, T2 *, T1 *)",1,0.0032
5,echo,cold,candidate,compute_graph_projection_layer_4_q_128,"void at::native::vectorized_elementwise_kernel<(int)8, at::native::bfloat16_copy_kernel_cuda(at::TensorIteratorBase &)::[lambda(float) (instance 1)], std::array<char *, (unsigned long)2>>(int, T2, T3)",1,0.001184
5,echo,cold,candidate,compute_graph_projection_layer_4_q_128,"void flashinfer::BatchQKApplyRotaryPosIdsCosSinCacheHeadParallelismKernel<(bool)0, (unsigned int)128, (unsigned int)8, (unsigned int)16, __nv_bfloat16, long>(T5 *, T5 *, T5 *, T5 *, float *, T6 *, unsigned int, unsigned int, unsigned int, unsigned int, unsigned long, unsigned long, unsigned long, unsigned long, unsigned long, unsigned long, unsigned long, unsigned long)",1,0.0024
5,echo,cold,candidate,compute_graph_projection_layer_4_q_128,quantize_kernel,2,0.002976
5,echo,cold,candidate,compute_graph_projection_layer_4_q_128,"void at::native::vectorized_elementwise_kernel<(int)4, at::native::AUnaryFunctor<float, float, float, at::native::binary_internal::MulFunctor<float>>, std::array<char *, (unsigned long)2>>(int, T2, T3)",2,0.002208
5,echo,cold,candidate,compute_graph_projection_layer_4_q_128,"void at::native::vectorized_elementwise_kernel<(int)4, at::native::BinaryFunctor<float, float, float, at::native::binary_internal::MulFunctor<float>>, std::array<char *, (unsigned long)3>>(int, T2, T3)",1,0.00128
5,echo,cold,candidate,compute_graph_projection_layer_4_q_128,"void at::native::<unnamed>::CatArrayBatchedCopy_vectorized<at::native::<unnamed>::OpaqueType<(unsigned int)2>, unsigned int, (int)2, (int)128, (int)1, (int)16, (int)8>(char *, at::native::<unnamed>::CatArrInputTensorMetadata<T1, T2, T4, T5>, at::native::<unnamed>::TensorSizeStride<T2, (unsigned int)4>, int, T2)",1,0.002048
5,echo,cold,candidate,compute_graph_finish_layer_4_q_128,kernel_cutlass_kernel_operatorsdeepseek_v32norm_fusedLocalFusedRMSNorm_object_at__tensorptrbf16gmemalign128oi64716871681_tensorptrbf16gmemalign128oi64716871681_tensorptrf32gmemalign16o716_0,1,0.003392
5,echo,cold,candidate,compute_graph_finish_layer_4_q_128,"void flashinfer::activation::act_and_mul_kernel<__nv_bfloat16, &silu>(T1 *, const T1 *, int)",1,0.004928
5,echo,cold,candidate,compute_graph_projection_layer_5_q_128,kernel_cutlass_kernel_operatorsdeepseek_v32norm_fusedLocalFusedRMSNorm_object_at__tensorptrbf16gmemalign128oi64716871681_tensorptrbf16gmemalign128oi64716871681_tensorptrf32gmemalign16o716_0,1,0.003328
5,echo,cold,candidate,compute_graph_projection_layer_5_q_128,"void at::native::elementwise_kernel<(int)128, (int)2, void at::native::gpu_kernel_impl_nocast<at::native::CUDAFunctor_add<long>>(at::TensorIteratorBase &, const T1 &)::[lambda(int) (instance 1)]>(int, T3)",1,0.001728
5,echo,cold,candidate,compute_graph_projection_layer_5_q_128,"void at::native::unrolled_elementwise_kernel<at::native::direct_copy_kernel_cuda(at::TensorIteratorBase &)::[lambda() (instance 3)]::operator ()() const::[lambda() (instance 7)]::operator ()() const::[lambda(float) (instance 1)], std::array<char *, (unsigned long)2>, (int)4, TrivialOffsetCalculator<(int)1, unsigned int>, TrivialOffsetCalculator<(int)1, unsigned int>, at::native::memory::LoadWithCast<(int)1>, at::native::memory::StoreWithCast<(int)1>>(int, T1, T2, T4, T5, T6, T7)",3,0.008896
5,echo,cold,candidate,compute_graph_projection_layer_5_q_128,kernel_cutlass_kernel_operatorsdeepseek_v32norm_plainLocalPlainRMSNorm_object_at__tensorptrbf16gmemalign128oi64153615361_tensorptrf32gmemalign16o15361_tensorptrbf16gmemalign128oi641536153_0,1,0.002112
5,echo,cold,candidate,compute_graph_projection_layer_5_q_128,"void at::native::elementwise_kernel<(int)128, (int)2, void at::native::gpu_kernel_impl_nocast<at::native::BinaryFunctor<float, float, float, at::native::binary_internal::MulFunctor<float>>>(at::TensorIteratorBase &, const T1 &)::[lambda(int) (instance 1)]>(int, T3)",1,0.001728
5,echo,cold,candidate,compute_graph_projection_layer_5_q_128,"void <unnamed>::elementwise_kernel_with_index<int, at::native::arange_cuda_out(const c10::Scalar &, const c10::Scalar &, const c10::Scalar &, at::Tensor &)::[lambda() (instance 1)]::operator ()() const::[lambda() (instance 4)]::operator ()() const::[lambda(long) (instance 1)]>(T1, T2, function_traits<T2>::result_type *)",1,0.000768
5,echo,cold,candidate,compute_graph_projection_layer_5_q_128,"void at::native::vectorized_elementwise_kernel<(int)4, at::native::cos_kernel_cuda(at::TensorIteratorBase &)::[lambda() (instance 2)]::operator ()() const::[lambda() (instance 2)]::operator ()() const::[lambda(float) (instance 1)], std::array<char *, (unsigned long)2>>(int, T2, T3)",1,0.001664
5,echo,cold,candidate,compute_graph_projection_layer_5_q_128,"void at::native::vectorized_elementwise_kernel<(int)4, at::native::sin_kernel_cuda(at::TensorIteratorBase &)::[lambda() (instance 2)]::operator ()() const::[lambda() (instance 2)]::operator ()() const::[lambda(float) (instance 1)], std::array<char *, (unsigned long)2>>(int, T2, T3)",1,0.001696
5,echo,cold,candidate,compute_graph_projection_layer_5_q_128,"void at::native::<unnamed>::CatArrayBatchedCopy_vectorized<at::native::<unnamed>::OpaqueType<(unsigned int)4>, unsigned int, (int)2, (int)128, (int)1, (int)16, (int)4>(char *, at::native::<unnamed>::CatArrInputTensorMetadata<T1, T2, T4, T5>, at::native::<unnamed>::TensorSizeStride<T2, (unsigned int)4>, int, T2)",1,0.001248
5,echo,cold,candidate,compute_graph_projection_layer_5_q_128,"void at::native::elementwise_kernel<(int)128, (int)4, void at::native::gpu_kernel_impl_nocast<at::native::direct_copy_kernel_cuda(at::TensorIteratorBase &)::[lambda() (instance 3)]::operator ()() const::[lambda() (instance 12)]::operator ()() const::[lambda(c10::BFloat16) (instance 1)]>(at::TensorIteratorBase &, const T1 &)::[lambda(int) (instance 1)]>(int, T3)",1,0.002464
5,echo,cold,candidate,compute_graph_projection_layer_5_q_128,kernel_cutlass_kernel_operatorsdeepseek_v32norm_plainLocalPlainRMSNorm_object_at__tensorptrbf16gmemalign128oi645125121_tensorptrf32gmemalign16o5121_tensorptrbf16gmemalign128oi645125121____0,1,0.001472
5,echo,cold,candidate,compute_graph_projection_layer_5_q_128,"void flashinfer::BatchQKApplyRotaryPosIdsCosSinCacheHeadParallelismKernel<(bool)1, (unsigned int)64, (unsigned int)8, (unsigned int)8, __nv_bfloat16, long>(T5 *, T5 *, T5 *, T5 *, float *, T6 *, unsigned int, unsigned int, unsigned int, unsigned int, unsigned long, unsigned long, unsigned long, unsigned long, unsigned long, unsigned long, unsigned long, unsigned long)",1,0.002784
5,echo,cold,candidate,compute_graph_projection_layer_5_q_128,"void at::native::<unnamed>::vectorized_layer_norm_kernel<float, float, (bool)0>(int, T2, const T1 *, const T1 *, const T1 *, T2 *, T2 *, T1 *)",1,0.002976
5,echo,cold,candidate,compute_graph_projection_layer_5_q_128,"void at::native::vectorized_elementwise_kernel<(int)8, at::native::bfloat16_copy_kernel_cuda(at::TensorIteratorBase &)::[lambda(float) (instance 1)], std::array<char *, (unsigned long)2>>(int, T2, T3)",1,0.001152
5,echo,cold,candidate,compute_graph_projection_layer_5_q_128,"void flashinfer::BatchQKApplyRotaryPosIdsCosSinCacheHeadParallelismKernel<(bool)0, (unsigned int)128, (unsigned int)8, (unsigned int)16, __nv_bfloat16, long>(T5 *, T5 *, T5 *, T5 *, float *, T6 *, unsigned int, unsigned int, unsigned int, unsigned int, unsigned long, unsigned long, unsigned long, unsigned long, unsigned long, unsigned long, unsigned long, unsigned long)",1,0.002368
5,echo,cold,candidate,compute_graph_projection_layer_5_q_128,quantize_kernel,2,0.002944
5,echo,cold,candidate,compute_graph_projection_layer_5_q_128,"void at::native::vectorized_elementwise_kernel<(int)4, at::native::AUnaryFunctor<float, float, float, at::native::binary_internal::MulFunctor<float>>, std::array<char *, (unsigned long)2>>(int, T2, T3)",2,0.002112
5,echo,cold,candidate,compute_graph_projection_layer_5_q_128,"void at::native::vectorized_elementwise_kernel<(int)4, at::native::BinaryFunctor<float, float, float, at::native::binary_internal::MulFunctor<float>>, std::array<char *, (unsigned long)3>>(int, T2, T3)",1,0.001152
5,echo,cold,candidate,compute_graph_projection_layer_5_q_128,"void at::native::<unnamed>::CatArrayBatchedCopy_vectorized<at::native::<unnamed>::OpaqueType<(unsigned int)2>, unsigned int, (int)2, (int)128, (int)1, (int)16, (int)8>(char *, at::native::<unnamed>::CatArrInputTensorMetadata<T1, T2, T4, T5>, at::native::<unnamed>::TensorSizeStride<T2, (unsigned int)4>, int, T2)",1,0.001888
5,echo,cold,candidate,compute_graph_finish_layer_5_q_128,kernel_cutlass_kernel_operatorsdeepseek_v32norm_fusedLocalFusedRMSNorm_object_at__tensorptrbf16gmemalign128oi64716871681_tensorptrbf16gmemalign128oi64716871681_tensorptrf32gmemalign16o716_0,1,0.003488
5,echo,cold,candidate,compute_graph_finish_layer_5_q_128,"void flashinfer::activation::act_and_mul_kernel<__nv_bfloat16, &silu>(T1 *, const T1 *, int)",1,0.005088
5,echo,cold,candidate,compute_graph_projection_layer_6_q_128,kernel_cutlass_kernel_operatorsdeepseek_v32norm_plainLocalPlainRMSNorm_object_at__tensorptrbf16gmemalign128oi64716871681_tensorptrf32gmemalign16o71681_tensorptrbf16gmemalign128oi647168716_0,1,0.003392
5,echo,cold,candidate,compute_graph_projection_layer_6_q_128,"void at::native::elementwise_kernel<(int)128, (int)2, void at::native::gpu_kernel_impl_nocast<at::native::CUDAFunctor_add<long>>(at::TensorIteratorBase &, const T1 &)::[lambda(int) (instance 1)]>(int, T3)",1,0.001696
5,echo,cold,candidate,compute_graph_projection_layer_6_q_128,"void at::native::unrolled_elementwise_kernel<at::native::direct_copy_kernel_cuda(at::TensorIteratorBase &)::[lambda() (instance 3)]::operator ()() const::[lambda() (instance 7)]::operator ()() const::[lambda(float) (instance 1)], std::array<char *, (unsigned long)2>, (int)4, TrivialOffsetCalculator<(int)1, unsigned int>, TrivialOffsetCalculator<(int)1, unsigned int>, at::native::memory::LoadWithCast<(int)1>, at::native::memory::StoreWithCast<(int)1>>(int, T1, T2, T4, T5, T6, T7)",3,0.007968
5,echo,cold,candidate,compute_graph_projection_layer_6_q_128,kernel_cutlass_kernel_operatorsdeepseek_v32norm_plainLocalPlainRMSNorm_object_at__tensorptrbf16gmemalign128oi64153615361_tensorptrf32gmemalign16o15361_tensorptrbf16gmemalign128oi641536153_0,1,0.002336
5,echo,cold,candidate,compute_graph_projection_layer_6_q_128,"void at::native::elementwise_kernel<(int)128, (int)2, void at::native::gpu_kernel_impl_nocast<at::native::BinaryFunctor<float, float, float, at::native::binary_internal::MulFunctor<float>>>(at::TensorIteratorBase &, const T1 &)::[lambda(int) (instance 1)]>(int, T3)",1,0.001504
5,echo,cold,candidate,compute_graph_projection_layer_6_q_128,"void <unnamed>::elementwise_kernel_with_index<int, at::native::arange_cuda_out(const c10::Scalar &, const c10::Scalar &, const c10::Scalar &, at::Tensor &)::[lambda() (instance 1)]::operator ()() const::[lambda() (instance 4)]::operator ()() const::[lambda(long) (instance 1)]>(T1, T2, function_traits<T2>::result_type *)",1,0.000832
5,echo,cold,candidate,compute_graph_projection_layer_6_q_128,"void at::native::vectorized_elementwise_kernel<(int)4, at::native::cos_kernel_cuda(at::TensorIteratorBase &)::[lambda() (instance 2)]::operator ()() const::[lambda() (instance 2)]::operator ()() const::[lambda(float) (instance 1)], std::array<char *, (unsigned long)2>>(int, T2, T3)",1,0.001728
5,echo,cold,candidate,compute_graph_projection_layer_6_q_128,"void at::native::vectorized_elementwise_kernel<(int)4, at::native::sin_kernel_cuda(at::TensorIteratorBase &)::[lambda() (instance 2)]::operator ()() const::[lambda() (instance 2)]::operator ()() const::[lambda(float) (instance 1)], std::array<char *, (unsigned long)2>>(int, T2, T3)",1,0.001728
5,echo,cold,candidate,compute_graph_projection_layer_6_q_128,"void at::native::<unnamed>::CatArrayBatchedCopy_vectorized<at::native::<unnamed>::OpaqueType<(unsigned int)4>, unsigned int, (int)2, (int)128, (int)1, (int)16, (int)4>(char *, at::native::<unnamed>::CatArrInputTensorMetadata<T1, T2, T4, T5>, at::native::<unnamed>::TensorSizeStride<T2, (unsigned int)4>, int, T2)",1,0.001312
5,echo,cold,candidate,compute_graph_projection_layer_6_q_128,"void at::native::elementwise_kernel<(int)128, (int)4, void at::native::gpu_kernel_impl_nocast<at::native::direct_copy_kernel_cuda(at::TensorIteratorBase &)::[lambda() (instance 3)]::operator ()() const::[lambda() (instance 12)]::operator ()() const::[lambda(c10::BFloat16) (instance 1)]>(at::TensorIteratorBase &, const T1 &)::[lambda(int) (instance 1)]>(int, T3)",1,0.0024
5,echo,cold,candidate,compute_graph_projection_layer_6_q_128,kernel_cutlass_kernel_operatorsdeepseek_v32norm_plainLocalPlainRMSNorm_object_at__tensorptrbf16gmemalign128oi645125121_tensorptrf32gmemalign16o5121_tensorptrbf16gmemalign128oi645125121____0,1,0.001536
5,echo,cold,candidate,compute_graph_projection_layer_6_q_128,"void flashinfer::BatchQKApplyRotaryPosIdsCosSinCacheHeadParallelismKernel<(bool)1, (unsigned int)64, (unsigned int)8, (unsigned int)8, __nv_bfloat16, long>(T5 *, T5 *, T5 *, T5 *, float *, T6 *, unsigned int, unsigned int, unsigned int, unsigned int, unsigned long, unsigned long, unsigned long, unsigned long, unsigned long, unsigned long, unsigned long, unsigned long)",1,0.002816
5,echo,cold,candidate,compute_graph_projection_layer_6_q_128,"void at::native::<unnamed>::vectorized_layer_norm_kernel<float, float, (bool)0>(int, T2, const T1 *, const T1 *, const T1 *, T2 *, T2 *, T1 *)",1,0.003296
5,echo,cold,candidate,compute_graph_projection_layer_6_q_128,"void at::native::vectorized_elementwise_kernel<(int)8, at::native::bfloat16_copy_kernel_cuda(at::TensorIteratorBase &)::[lambda(float) (instance 1)], std::array<char *, (unsigned long)2>>(int, T2, T3)",1,0.001216
5,echo,cold,candidate,compute_graph_projection_layer_6_q_128,"void flashinfer::BatchQKApplyRotaryPosIdsCosSinCacheHeadParallelismKernel<(bool)0, (unsigned int)128, (unsigned int)8, (unsigned int)16, __nv_bfloat16, long>(T5 *, T5 *, T5 *, T5 *, float *, T6 *, unsigned int, unsigned int, unsigned int, unsigned int, unsigned long, unsigned long, unsigned long, unsigned long, unsigned long, unsigned long, unsigned long, unsigned long)",1,0.002432
5,echo,cold,candidate,compute_graph_projection_layer_6_q_128,quantize_kernel,2,0.00304
5,echo,cold,candidate,compute_graph_projection_layer_6_q_128,"void at::native::vectorized_elementwise_kernel<(int)4, at::native::AUnaryFunctor<float, float, float, at::native::binary_internal::MulFunctor<float>>, std::array<char *, (unsigned long)2>>(int, T2, T3)",2,0.00208
5,echo,cold,candidate,compute_graph_projection_layer_6_q_128,"void at::native::vectorized_elementwise_kernel<(int)4, at::native::BinaryFunctor<float, float, float, at::native::binary_internal::MulFunctor<float>>, std::array<char *, (unsigned long)3>>(int, T2, T3)",1,0.001184
5,echo,cold,candidate,compute_graph_projection_layer_6_q_128,"void at::native::<unnamed>::CatArrayBatchedCopy_vectorized<at::native::<unnamed>::OpaqueType<(unsigned int)2>, unsigned int, (int)2, (int)128, (int)1, (int)16, (int)8>(char *, at::native::<unnamed>::CatArrInputTensorMetadata<T1, T2, T4, T5>, at::native::<unnamed>::TensorSizeStride<T2, (unsigned int)4>, int, T2)",1,0.001792
5,echo,cold,candidate,compute_graph_finish_layer_6_q_128,kernel_cutlass_kernel_operatorsdeepseek_v32norm_fusedLocalFusedRMSNorm_object_at__tensorptrbf16gmemalign128oi64716871681_tensorptrbf16gmemalign128oi64716871681_tensorptrf32gmemalign16o716_0,1,0.003424
5,echo,cold,candidate,compute_graph_finish_layer_6_q_128,"void flashinfer::activation::act_and_mul_kernel<__nv_bfloat16, &silu>(T1 *, const T1 *, int)",1,0.005152
5,echo,cold,candidate,compute_graph_projection_layer_7_q_128,kernel_cutlass_kernel_operatorsdeepseek_v32norm_fusedLocalFusedRMSNorm_object_at__tensorptrbf16gmemalign128oi64716871681_tensorptrbf16gmemalign128oi64716871681_tensorptrf32gmemalign16o716_0,1,0.003392
5,echo,cold,candidate,compute_graph_projection_layer_7_q_128,"void at::native::elementwise_kernel<(int)128, (int)2, void at::native::gpu_kernel_impl_nocast<at::native::CUDAFunctor_add<long>>(at::TensorIteratorBase &, const T1 &)::[lambda(int) (instance 1)]>(int, T3)",1,0.001856
5,echo,cold,candidate,compute_graph_projection_layer_7_q_128,"void at::native::unrolled_elementwise_kernel<at::native::direct_copy_kernel_cuda(at::TensorIteratorBase &)::[lambda() (instance 3)]::operator ()() const::[lambda() (instance 7)]::operator ()() const::[lambda(float) (instance 1)], std::array<char *, (unsigned long)2>, (int)4, TrivialOffsetCalculator<(int)1, unsigned int>, TrivialOffsetCalculator<(int)1, unsigned int>, at::native::memory::LoadWithCast<(int)1>, at::native::memory::StoreWithCast<(int)1>>(int, T1, T2, T4, T5, T6, T7)",3,0.008096
5,echo,cold,candidate,compute_graph_projection_layer_7_q_128,kernel_cutlass_kernel_operatorsdeepseek_v32norm_plainLocalPlainRMSNorm_object_at__tensorptrbf16gmemalign128oi64153615361_tensorptrf32gmemalign16o15361_tensorptrbf16gmemalign128oi641536153_0,1,0.002368
5,echo,cold,candidate,compute_graph_projection_layer_7_q_128,"void at::native::elementwise_kernel<(int)128, (int)2, void at::native::gpu_kernel_impl_nocast<at::native::BinaryFunctor<float, float, float, at::native::binary_internal::MulFunctor<float>>>(at::TensorIteratorBase &, const T1 &)::[lambda(int) (instance 1)]>(int, T3)",1,0.001536
5,echo,cold,candidate,compute_graph_projection_layer_7_q_128,"void <unnamed>::elementwise_kernel_with_index<int, at::native::arange_cuda_out(const c10::Scalar &, const c10::Scalar &, const c10::Scalar &, at::Tensor &)::[lambda() (instance 1)]::operator ()() const::[lambda() (instance 4)]::operator ()() const::[lambda(long) (instance 1)]>(T1, T2, function_traits<T2>::result_type *)",1,0.000864
5,echo,cold,candidate,compute_graph_projection_layer_7_q_128,"void at::native::vectorized_elementwise_kernel<(int)4, at::native::cos_kernel_cuda(at::TensorIteratorBase &)::[lambda() (instance 2)]::operator ()() const::[lambda() (instance 2)]::operator ()() const::[lambda(float) (instance 1)], std::array<char *, (unsigned long)2>>(int, T2, T3)",1,0.001696
5,echo,cold,candidate,compute_graph_projection_layer_7_q_128,"void at::native::vectorized_elementwise_kernel<(int)4, at::native::sin_kernel_cuda(at::TensorIteratorBase &)::[lambda() (instance 2)]::operator ()() const::[lambda() (instance 2)]::operator ()() const::[lambda(float) (instance 1)], std::array<char *, (unsigned long)2>>(int, T2, T3)",1,0.00176
5,echo,cold,candidate,compute_graph_projection_layer_7_q_128,"void at::native::<unnamed>::CatArrayBatchedCopy_vectorized<at::native::<unnamed>::OpaqueType<(unsigned int)4>, unsigned int, (int)2, (int)128, (int)1, (int)16, (int)4>(char *, at::native::<unnamed>::CatArrInputTensorMetadata<T1, T2, T4, T5>, at::native::<unnamed>::TensorSizeStride<T2, (unsigned int)4>, int, T2)",1,0.001312
5,echo,cold,candidate,compute_graph_projection_layer_7_q_128,"void at::native::elementwise_kernel<(int)128, (int)4, void at::native::gpu_kernel_impl_nocast<at::native::direct_copy_kernel_cuda(at::TensorIteratorBase &)::[lambda() (instance 3)]::operator ()() const::[lambda() (instance 12)]::operator ()() const::[lambda(c10::BFloat16) (instance 1)]>(at::TensorIteratorBase &, const T1 &)::[lambda(int) (instance 1)]>(int, T3)",1,0.002336
5,echo,cold,candidate,compute_graph_projection_layer_7_q_128,kernel_cutlass_kernel_operatorsdeepseek_v32norm_plainLocalPlainRMSNorm_object_at__tensorptrbf16gmemalign128oi645125121_tensorptrf32gmemalign16o5121_tensorptrbf16gmemalign128oi645125121____0,1,0.001408
5,echo,cold,candidate,compute_graph_projection_layer_7_q_128,"void flashinfer::BatchQKApplyRotaryPosIdsCosSinCacheHeadParallelismKernel<(bool)1, (unsigned int)64, (unsigned int)8, (unsigned int)8, __nv_bfloat16, long>(T5 *, T5 *, T5 *, T5 *, float *, T6 *, unsigned int, unsigned int, unsigned int, unsigned int, unsigned long, unsigned long, unsigned long, unsigned long, unsigned long, unsigned long, unsigned long, unsigned long)",1,0.002816
5,echo,cold,candidate,compute_graph_projection_layer_7_q_128,"void at::native::<unnamed>::vectorized_layer_norm_kernel<float, float, (bool)0>(int, T2, const T1 *, const T1 *, const T1 *, T2 *, T2 *, T1 *)",1,0.003008
5,echo,cold,candidate,compute_graph_projection_layer_7_q_128,"void at::native::vectorized_elementwise_kernel<(int)8, at::native::bfloat16_copy_kernel_cuda(at::TensorIteratorBase &)::[lambda(float) (instance 1)], std::array<char *, (unsigned long)2>>(int, T2, T3)",1,0.001184
5,echo,cold,candidate,compute_graph_projection_layer_7_q_128,"void flashinfer::BatchQKApplyRotaryPosIdsCosSinCacheHeadParallelismKernel<(bool)0, (unsigned int)128, (unsigned int)8, (unsigned int)16, __nv_bfloat16, long>(T5 *, T5 *, T5 *, T5 *, float *, T6 *, unsigned int, unsigned int, unsigned int, unsigned int, unsigned long, unsigned long, unsigned long, unsigned long, unsigned long, unsigned long, unsigned long, unsigned long)",1,0.002432
5,echo,cold,candidate,compute_graph_projection_layer_7_q_128,quantize_kernel,2,0.002944
5,echo,cold,candidate,compute_graph_projection_layer_7_q_128,"void at::native::vectorized_elementwise_kernel<(int)4, at::native::AUnaryFunctor<float, float, float, at::native::binary_internal::MulFunctor<float>>, std::array<char *, (unsigned long)2>>(int, T2, T3)",2,0.00224
5,echo,cold,candidate,compute_graph_projection_layer_7_q_128,"void at::native::vectorized_elementwise_kernel<(int)4, at::native::BinaryFunctor<float, float, float, at::native::binary_internal::MulFunctor<float>>, std::array<char *, (unsigned long)3>>(int, T2, T3)",1,0.001184
5,echo,cold,candidate,compute_graph_projection_layer_7_q_128,"void at::native::<unnamed>::CatArrayBatchedCopy_vectorized<at::native::<unnamed>::OpaqueType<(unsigned int)2>, unsigned int, (int)2, (int)128, (int)1, (int)16, (int)8>(char *, at::native::<unnamed>::CatArrInputTensorMetadata<T1, T2, T4, T5>, at::native::<unnamed>::TensorSizeStride<T2, (unsigned int)4>, int, T2)",1,0.001984
5,echo,cold,candidate,compute_graph_finish_layer_7_q_128,kernel_cutlass_kernel_operatorsdeepseek_v32norm_fusedLocalFusedRMSNorm_object_at__tensorptrbf16gmemalign128oi64716871681_tensorptrbf16gmemalign128oi64716871681_tensorptrf32gmemalign16o716_0,1,0.003392
5,echo,cold,candidate,compute_graph_finish_layer_7_q_128,"void flashinfer::activation::act_and_mul_kernel<__nv_bfloat16, &silu>(T1 *, const T1 *, int)",1,0.00512
5,echo,cold,candidate,compute_graph_projection_layer_8_q_128,kernel_cutlass_kernel_operatorsdeepseek_v32norm_fusedLocalFusedRMSNorm_object_at__tensorptrbf16gmemalign128oi64716871681_tensorptrbf16gmemalign128oi64716871681_tensorptrf32gmemalign16o716_0,1,0.003456
5,echo,cold,candidate,compute_graph_projection_layer_8_q_128,"void at::native::elementwise_kernel<(int)128, (int)2, void at::native::gpu_kernel_impl_nocast<at::native::CUDAFunctor_add<long>>(at::TensorIteratorBase &, const T1 &)::[lambda(int) (instance 1)]>(int, T3)",1,0.001856
5,echo,cold,candidate,compute_graph_projection_layer_8_q_128,"void at::native::unrolled_elementwise_kernel<at::native::direct_copy_kernel_cuda(at::TensorIteratorBase &)::[lambda() (instance 3)]::operator ()() const::[lambda() (instance 7)]::operator ()() const::[lambda(float) (instance 1)], std::array<char *, (unsigned long)2>, (int)4, TrivialOffsetCalculator<(int)1, unsigned int>, TrivialOffsetCalculator<(int)1, unsigned int>, at::native::memory::LoadWithCast<(int)1>, at::native::memory::StoreWithCast<(int)1>>(int, T1, T2, T4, T5, T6, T7)",3,0.008064
5,echo,cold,candidate,compute_graph_projection_layer_8_q_128,kernel_cutlass_kernel_operatorsdeepseek_v32norm_plainLocalPlainRMSNorm_object_at__tensorptrbf16gmemalign128oi64153615361_tensorptrf32gmemalign16o15361_tensorptrbf16gmemalign128oi641536153_0,1,0.002144
5,echo,cold,candidate,compute_graph_projection_layer_8_q_128,"void at::native::elementwise_kernel<(int)128, (int)2, void at::native::gpu_kernel_impl_nocast<at::native::BinaryFunctor<float, float, float, at::native::binary_internal::MulFunctor<float>>>(at::TensorIteratorBase &, const T1 &)::[lambda(int) (instance 1)]>(int, T3)",1,0.001504
5,echo,cold,candidate,compute_graph_projection_layer_8_q_128,"void <unnamed>::elementwise_kernel_with_index<int, at::native::arange_cuda_out(const c10::Scalar &, const c10::Scalar &, const c10::Scalar &, at::Tensor &)::[lambda() (instance 1)]::operator ()() const::[lambda() (instance 4)]::operator ()() const::[lambda(long) (instance 1)]>(T1, T2, function_traits<T2>::result_type *)",1,0.000832
5,echo,cold,candidate,compute_graph_projection_layer_8_q_128,"void at::native::vectorized_elementwise_kernel<(int)4, at::native::cos_kernel_cuda(at::TensorIteratorBase &)::[lambda() (instance 2)]::operator ()() const::[lambda() (instance 2)]::operator ()() const::[lambda(float) (instance 1)], std::array<char *, (unsigned long)2>>(int, T2, T3)",1,0.001664
5,echo,cold,candidate,compute_graph_projection_layer_8_q_128,"void at::native::vectorized_elementwise_kernel<(int)4, at::native::sin_kernel_cuda(at::TensorIteratorBase &)::[lambda() (instance 2)]::operator ()() const::[lambda() (instance 2)]::operator ()() const::[lambda(float) (instance 1)], std::array<char *, (unsigned long)2>>(int, T2, T3)",1,0.001696
5,echo,cold,candidate,compute_graph_projection_layer_8_q_128,"void at::native::<unnamed>::CatArrayBatchedCopy_vectorized<at::native::<unnamed>::OpaqueType<(unsigned int)4>, unsigned int, (int)2, (int)128, (int)1, (int)16, (int)4>(char *, at::native::<unnamed>::CatArrInputTensorMetadata<T1, T2, T4, T5>, at::native::<unnamed>::TensorSizeStride<T2, (unsigned int)4>, int, T2)",1,0.001312
5,echo,cold,candidate,compute_graph_projection_layer_8_q_128,"void at::native::elementwise_kernel<(int)128, (int)4, void at::native::gpu_kernel_impl_nocast<at::native::direct_copy_kernel_cuda(at::TensorIteratorBase &)::[lambda() (instance 3)]::operator ()() const::[lambda() (instance 12)]::operator ()() const::[lambda(c10::BFloat16) (instance 1)]>(at::TensorIteratorBase &, const T1 &)::[lambda(int) (instance 1)]>(int, T3)",1,0.002368
5,echo,cold,candidate,compute_graph_projection_layer_8_q_128,kernel_cutlass_kernel_operatorsdeepseek_v32norm_plainLocalPlainRMSNorm_object_at__tensorptrbf16gmemalign128oi645125121_tensorptrf32gmemalign16o5121_tensorptrbf16gmemalign128oi645125121____0,1,0.00144
5,echo,cold,candidate,compute_graph_projection_layer_8_q_128,"void flashinfer::BatchQKApplyRotaryPosIdsCosSinCacheHeadParallelismKernel<(bool)1, (unsigned int)64, (unsigned int)8, (unsigned int)8, __nv_bfloat16, long>(T5 *, T5 *, T5 *, T5 *, float *, T6 *, unsigned int, unsigned int, unsigned int, unsigned int, unsigned long, unsigned long, unsigned long, unsigned long, unsigned long, unsigned long, unsigned long, unsigned long)",1,0.002784
5,echo,cold,candidate,compute_graph_projection_layer_8_q_128,"void at::native::<unnamed>::vectorized_layer_norm_kernel<float, float, (bool)0>(int, T2, const T1 *, const T1 *, const T1 *, T2 *, T2 *, T1 *)",1,0.003072
5,echo,cold,candidate,compute_graph_projection_layer_8_q_128,"void at::native::vectorized_elementwise_kernel<(int)8, at::native::bfloat16_copy_kernel_cuda(at::TensorIteratorBase &)::[lambda(float) (instance 1)], std::array<char *, (unsigned long)2>>(int, T2, T3)",1,0.001216
5,echo,cold,candidate,compute_graph_projection_layer_8_q_128,"void flashinfer::BatchQKApplyRotaryPosIdsCosSinCacheHeadParallelismKernel<(bool)0, (unsigned int)128, (unsigned int)8, (unsigned int)16, __nv_bfloat16, long>(T5 *, T5 *, T5 *, T5 *, float *, T6 *, unsigned int, unsigned int, unsigned int, unsigned int, unsigned long, unsigned long, unsigned long, unsigned long, unsigned long, unsigned long, unsigned long, unsigned long)",1,0.002432
5,echo,cold,candidate,compute_graph_projection_layer_8_q_128,quantize_kernel,2,0.003104
5,echo,cold,candidate,compute_graph_projection_layer_8_q_128,"void at::native::vectorized_elementwise_kernel<(int)4, at::native::AUnaryFunctor<float, float, float, at::native::binary_internal::MulFunctor<float>>, std::array<char *, (unsigned long)2>>(int, T2, T3)",2,0.00208
5,echo,cold,candidate,compute_graph_projection_layer_8_q_128,"void at::native::vectorized_elementwise_kernel<(int)4, at::native::BinaryFunctor<float, float, float, at::native::binary_internal::MulFunctor<float>>, std::array<char *, (unsigned long)3>>(int, T2, T3)",1,0.001152
5,echo,cold,candidate,compute_graph_projection_layer_8_q_128,"void at::native::<unnamed>::CatArrayBatchedCopy_vectorized<at::native::<unnamed>::OpaqueType<(unsigned int)2>, unsigned int, (int)2, (int)128, (int)1, (int)16, (int)8>(char *, at::native::<unnamed>::CatArrInputTensorMetadata<T1, T2, T4, T5>, at::native::<unnamed>::TensorSizeStride<T2, (unsigned int)4>, int, T2)",1,0.001888
5,echo,cold,candidate,compute_graph_finish_layer_8_q_128,kernel_cutlass_kernel_operatorsdeepseek_v32norm_fusedLocalFusedRMSNorm_object_at__tensorptrbf16gmemalign128oi64716871681_tensorptrbf16gmemalign128oi64716871681_tensorptrf32gmemalign16o716_0,1,0.003392
5,echo,cold,candidate,compute_graph_finish_layer_8_q_128,"void flashinfer::activation::act_and_mul_kernel<__nv_bfloat16, &silu>(T1 *, const T1 *, int)",1,0.00496
5,echo,cold,candidate,compute_graph_projection_layer_9_q_128,kernel_cutlass_kernel_operatorsdeepseek_v32norm_plainLocalPlainRMSNorm_object_at__tensorptrbf16gmemalign128oi64716871681_tensorptrf32gmemalign16o71681_tensorptrbf16gmemalign128oi647168716_0,1,0.003168
5,echo,cold,candidate,compute_graph_projection_layer_9_q_128,"void at::native::elementwise_kernel<(int)128, (int)2, void at::native::gpu_kernel_impl_nocast<at::native::CUDAFunctor_add<long>>(at::TensorIteratorBase &, const T1 &)::[lambda(int) (instance 1)]>(int, T3)",1,0.001824
5,echo,cold,candidate,compute_graph_projection_layer_9_q_128,"void at::native::unrolled_elementwise_kernel<at::native::direct_copy_kernel_cuda(at::TensorIteratorBase &)::[lambda() (instance 3)]::operator ()() const::[lambda() (instance 7)]::operator ()() const::[lambda(float) (instance 1)], std::array<char *, (unsigned long)2>, (int)4, TrivialOffsetCalculator<(int)1, unsigned int>, TrivialOffsetCalculator<(int)1, unsigned int>, at::native::memory::LoadWithCast<(int)1>, at::native::memory::StoreWithCast<(int)1>>(int, T1, T2, T4, T5, T6, T7)",3,0.008128
5,echo,cold,candidate,compute_graph_projection_layer_9_q_128,kernel_cutlass_kernel_operatorsdeepseek_v32norm_plainLocalPlainRMSNorm_object_at__tensorptrbf16gmemalign128oi64153615361_tensorptrf32gmemalign16o15361_tensorptrbf16gmemalign128oi641536153_0,1,0.002112
5,echo,cold,candidate,compute_graph_projection_layer_9_q_128,"void at::native::elementwise_kernel<(int)128, (int)2, void at::native::gpu_kernel_impl_nocast<at::native::BinaryFunctor<float, float, float, at::native::binary_internal::MulFunctor<float>>>(at::TensorIteratorBase &, const T1 &)::[lambda(int) (instance 1)]>(int, T3)",1,0.00144
5,echo,cold,candidate,compute_graph_projection_layer_9_q_128,"void <unnamed>::elementwise_kernel_with_index<int, at::native::arange_cuda_out(const c10::Scalar &, const c10::Scalar &, const c10::Scalar &, at::Tensor &)::[lambda() (instance 1)]::operator ()() const::[lambda() (instance 4)]::operator ()() const::[lambda(long) (instance 1)]>(T1, T2, function_traits<T2>::result_type *)",1,0.000832
5,echo,cold,candidate,compute_graph_projection_layer_9_q_128,"void at::native::vectorized_elementwise_kernel<(int)4, at::native::cos_kernel_cuda(at::TensorIteratorBase &)::[lambda() (instance 2)]::operator ()() const::[lambda() (instance 2)]::operator ()() const::[lambda(float) (instance 1)], std::array<char *, (unsigned long)2>>(int, T2, T3)",1,0.001664
5,echo,cold,candidate,compute_graph_projection_layer_9_q_128,"void at::native::vectorized_elementwise_kernel<(int)4, at::native::sin_kernel_cuda(at::TensorIteratorBase &)::[lambda() (instance 2)]::operator ()() const::[lambda() (instance 2)]::operator ()() const::[lambda(float) (instance 1)], std::array<char *, (unsigned long)2>>(int, T2, T3)",1,0.001696
5,echo,cold,candidate,compute_graph_projection_layer_9_q_128,"void at::native::<unnamed>::CatArrayBatchedCopy_vectorized<at::native::<unnamed>::OpaqueType<(unsigned int)4>, unsigned int, (int)2, (int)128, (int)1, (int)16, (int)4>(char *, at::native::<unnamed>::CatArrInputTensorMetadata<T1, T2, T4, T5>, at::native::<unnamed>::TensorSizeStride<T2, (unsigned int)4>, int, T2)",1,0.001344
5,echo,cold,candidate,compute_graph_projection_layer_9_q_128,"void at::native::elementwise_kernel<(int)128, (int)4, void at::native::gpu_kernel_impl_nocast<at::native::direct_copy_kernel_cuda(at::TensorIteratorBase &)::[lambda() (instance 3)]::operator ()() const::[lambda() (instance 12)]::operator ()() const::[lambda(c10::BFloat16) (instance 1)]>(at::TensorIteratorBase &, const T1 &)::[lambda(int) (instance 1)]>(int, T3)",1,0.002368
5,echo,cold,candidate,compute_graph_projection_layer_9_q_128,kernel_cutlass_kernel_operatorsdeepseek_v32norm_plainLocalPlainRMSNorm_object_at__tensorptrbf16gmemalign128oi645125121_tensorptrf32gmemalign16o5121_tensorptrbf16gmemalign128oi645125121____0,1,0.00144
5,echo,cold,candidate,compute_graph_projection_layer_9_q_128,"void flashinfer::BatchQKApplyRotaryPosIdsCosSinCacheHeadParallelismKernel<(bool)1, (unsigned int)64, (unsigned int)8, (unsigned int)8, __nv_bfloat16, long>(T5 *, T5 *, T5 *, T5 *, float *, T6 *, unsigned int, unsigned int, unsigned int, unsigned int, unsigned long, unsigned long, unsigned long, unsigned long, unsigned long, unsigned long, unsigned long, unsigned long)",1,0.002784
5,echo,cold,candidate,compute_graph_projection_layer_9_q_128,"void at::native::<unnamed>::vectorized_layer_norm_kernel<float, float, (bool)0>(int, T2, const T1 *, const T1 *, const T1 *, T2 *, T2 *, T1 *)",1,0.003008
5,echo,cold,candidate,compute_graph_projection_layer_9_q_128,"void at::native::vectorized_elementwise_kernel<(int)8, at::native::bfloat16_copy_kernel_cuda(at::TensorIteratorBase &)::[lambda(float) (instance 1)], std::array<char *, (unsigned long)2>>(int, T2, T3)",1,0.001184
5,echo,cold,candidate,compute_graph_projection_layer_9_q_128,"void flashinfer::BatchQKApplyRotaryPosIdsCosSinCacheHeadParallelismKernel<(bool)0, (unsigned int)128, (unsigned int)8, (unsigned int)16, __nv_bfloat16, long>(T5 *, T5 *, T5 *, T5 *, float *, T6 *, unsigned int, unsigned int, unsigned int, unsigned int, unsigned long, unsigned long, unsigned long, unsigned long, unsigned long, unsigned long, unsigned long, unsigned long)",1,0.002464
5,echo,cold,candidate,compute_graph_projection_layer_9_q_128,quantize_kernel,2,0.00304
5,echo,cold,candidate,compute_graph_projection_layer_9_q_128,"void at::native::vectorized_elementwise_kernel<(int)4, at::native::AUnaryFunctor<float, float, float, at::native::binary_internal::MulFunctor<float>>, std::array<char *, (unsigned long)2>>(int, T2, T3)",2,0.00224
5,echo,cold,candidate,compute_graph_projection_layer_9_q_128,"void at::native::vectorized_elementwise_kernel<(int)4, at::native::BinaryFunctor<float, float, float, at::native::binary_internal::MulFunctor<float>>, std::array<char *, (unsigned long)3>>(int, T2, T3)",1,0.001216
5,echo,cold,candidate,compute_graph_projection_layer_9_q_128,"void at::native::<unnamed>::CatArrayBatchedCopy_vectorized<at::native::<unnamed>::OpaqueType<(unsigned int)2>, unsigned int, (int)2, (int)128, (int)1, (int)16, (int)8>(char *, at::native::<unnamed>::CatArrInputTensorMetadata<T1, T2, T4, T5>, at::native::<unnamed>::TensorSizeStride<T2, (unsigned int)4>, int, T2)",1,0.00224
5,echo,cold,candidate,compute_graph_finish_layer_9_q_128,kernel_cutlass_kernel_operatorsdeepseek_v32norm_fusedLocalFusedRMSNorm_object_at__tensorptrbf16gmemalign128oi64716871681_tensorptrbf16gmemalign128oi64716871681_tensorptrf32gmemalign16o716_0,1,0.003392
5,echo,cold,candidate,compute_graph_finish_layer_9_q_128,"void flashinfer::activation::act_and_mul_kernel<__nv_bfloat16, &silu>(T1 *, const T1 *, int)",1,0.00512
5,echo,cold,candidate,final_norm_lm_head,"void at::native::unrolled_elementwise_kernel<at::native::direct_copy_kernel_cuda(at::TensorIteratorBase &)::[lambda() (instance 3)]::operator ()() const::[lambda() (instance 7)]::operator ()() const::[lambda(float) (instance 1)], std::array<char *, (unsigned long)2>, (int)4, TrivialOffsetCalculator<(int)1, unsigned int>, TrivialOffsetCalculator<(int)1, unsigned int>, at::native::memory::LoadWithCast<(int)1>, at::native::memory::StoreWithCast<(int)1>>(int, T1, T2, T4, T5, T6, T7)",3,0.011936
5,echo,cold,candidate,final_norm_lm_head,"void at::native::vectorized_elementwise_kernel<(int)4, at::native::CUDAFunctor_add<float>, std::array<char *, (unsigned long)3>>(int, T2, T3)",1,0.002976
5,echo,cold,candidate,final_norm_lm_head,kernel_cutlass_kernel_flashinfernormkernelsrmsnormRMSNormKernel_object_at__tensorptrf32gmemalign128oi64716871681_tensorptrf32gmemalign16o71681_tensorptrf32gmemalign128oi64716871681___True_0,1,0.00288
5,echo,cold,candidate,final_norm_lm_head,"void at::native::vectorized_elementwise_kernel<(int)8, at::native::bfloat16_copy_kernel_cuda(at::TensorIteratorBase &)::[lambda(float) (instance 1)], std::array<char *, (unsigned long)2>>(int, T2, T3)",1,0.001984
5,echo,cold,request,request,MEMCPY,1,0.012288
5,echo,cold,admission,pool_allocate_session,MEMCPY,1,0.001312
5,echo,cold,history,forward,MEMCPY,12,0.013568
5,echo,cold,history,compute_graph_projection_inputs,MEMCPY,1024,7.541751
5,echo,cold,history,compute_graph_owned_writeback_source,MEMCPY,640,0.895873
5,echo,cold,history,index_cache_write,MEMCPY,1280,1.6617
5,echo,cold,history,pool_stamp,MEMCPY,1280,1.061312
5,echo,cold,history,cache_torch_argsort,MEMCPY,10,0.016256
5,echo,cold,history,pool_operation,MEMCPY,10,0.011712
5,echo,cold,history,pool_write_host,MEMCPY,640,15.860688
5,echo,cold,history,replay_input_copy,MEMCPY,704,5.54946
5,echo,cold,history,chunk,MEMCPY,10,0.010336
5,echo,cold,diagnostics,cache_metrics,MEMCPY,20,0.050752
5,echo,cold,candidate,forward,MEMCPY,12,0.013344
5,echo,cold,candidate,pool_operation,MEMCPY,30,0.084544
5,echo,cold,candidate,compute_graph_projection_inputs,MEMCPY,16,0.026656
5,echo,cold,candidate,index_cache_write,MEMCPY,20,0.01792
5,echo,cold,candidate,pool_stamp,MEMCPY,20,0.018304
5,echo,cold,candidate,replay_input_copy,MEMCPY,11,0.023232
5,echo,cold,candidate,chunk,MEMCPY,11,0.01248
5,echo,cold,history,cache_torch_argsort,MEMSET,100,0.094272
5,echo,cold,history,exact_topk,MEMSET,330,0.306722
5,echo,cold,candidate,exact_topk,MEMSET,10,0.007392
6,echo,revisit,candidate,forward,"void at::native::reduce_kernel<(int)512, (int)1, at::native::ReduceOp<long, at::native::func_wrapper_t<long, at::native::MinNanFunctor<long>>, unsigned int, long, (int)4, (int)4>>(T3)",1,0.001696
6,echo,revisit,candidate,forward,"void at::native::reduce_kernel<(int)512, (int)1, at::native::ReduceOp<long, at::native::func_wrapper_t<long, at::native::MaxNanFunctor<long>>, unsigned int, long, (int)4, (int)4>>(T3)",1,0.001888
6,echo,revisit,candidate,forward,"void at::native::vectorized_elementwise_kernel<(int)2, at::native::FillFunctor<long>, std::array<char *, (unsigned long)1>>(int, T2, T3)",5,0.00384
6,echo,revisit,candidate,forward,"void at::native::unrolled_elementwise_kernel<at::native::FillFunctor<long>, std::array<char *, (unsigned long)1>, (int)4, TrivialOffsetCalculator<(int)0, unsigned int>, TrivialOffsetCalculator<(int)1, unsigned int>, at::native::memory::LoadWithoutCast, at::native::memory::StoreWithoutCast>(int, T1, T2, T4, T5, T6, T7)",5,0.003456
6,echo,revisit,candidate,embedding,"void at::native::vectorized_gather_kernel<(int)16, long>(char *, char *, T2 *, int, long, long, long, long, bool)",1,0.002464
6,echo,revisit,candidate,compute_graph_projection_inputs,"void at::native::vectorized_elementwise_kernel<(int)2, at::native::FillFunctor<long>, std::array<char *, (unsigned long)1>>(int, T2, T3)",10,0.007744
6,echo,revisit,candidate,compute_graph_projection_layer_0_q_128,kernel_cutlass_kernel_operatorsdeepseek_v32norm_plainLocalPlainRMSNorm_object_at__tensorptrbf16gmemalign128oi64716871681_tensorptrf32gmemalign16o71681_tensorptrbf16gmemalign128oi647168716_0,1,0.002816
6,echo,revisit,candidate,compute_graph_projection_layer_0_q_128,"void at::native::elementwise_kernel<(int)128, (int)2, void at::native::gpu_kernel_impl_nocast<at::native::CUDAFunctor_add<long>>(at::TensorIteratorBase &, const T1 &)::[lambda(int) (instance 1)]>(int, T3)",1,0.001952
6,echo,revisit,candidate,compute_graph_projection_layer_0_q_128,"void at::native::unrolled_elementwise_kernel<at::native::direct_copy_kernel_cuda(at::TensorIteratorBase &)::[lambda() (instance 3)]::operator ()() const::[lambda() (instance 7)]::operator ()() const::[lambda(float) (instance 1)], std::array<char *, (unsigned long)2>, (int)4, TrivialOffsetCalculator<(int)1, unsigned int>, TrivialOffsetCalculator<(int)1, unsigned int>, at::native::memory::LoadWithCast<(int)1>, at::native::memory::StoreWithCast<(int)1>>(int, T1, T2, T4, T5, T6, T7)",3,0.007904
6,echo,revisit,candidate,compute_graph_projection_layer_0_q_128,kernel_cutlass_kernel_operatorsdeepseek_v32norm_plainLocalPlainRMSNorm_object_at__tensorptrbf16gmemalign128oi64153615361_tensorptrf32gmemalign16o15361_tensorptrbf16gmemalign128oi641536153_0,1,0.002368
6,echo,revisit,candidate,compute_graph_projection_layer_0_q_128,"void at::native::elementwise_kernel<(int)128, (int)2, void at::native::gpu_kernel_impl_nocast<at::native::BinaryFunctor<float, float, float, at::native::binary_internal::MulFunctor<float>>>(at::TensorIteratorBase &, const T1 &)::[lambda(int) (instance 1)]>(int, T3)",1,0.00144
6,echo,revisit,candidate,compute_graph_projection_layer_0_q_128,"void <unnamed>::elementwise_kernel_with_index<int, at::native::arange_cuda_out(const c10::Scalar &, const c10::Scalar &, const c10::Scalar &, at::Tensor &)::[lambda() (instance 1)]::operator ()() const::[lambda() (instance 4)]::operator ()() const::[lambda(long) (instance 1)]>(T1, T2, function_traits<T2>::result_type *)",1,0.000864
6,echo,revisit,candidate,compute_graph_projection_layer_0_q_128,"void at::native::vectorized_elementwise_kernel<(int)4, at::native::cos_kernel_cuda(at::TensorIteratorBase &)::[lambda() (instance 2)]::operator ()() const::[lambda() (instance 2)]::operator ()() const::[lambda(float) (instance 1)], std::array<char *, (unsigned long)2>>(int, T2, T3)",1,0.0016
6,echo,revisit,candidate,compute_graph_projection_layer_0_q_128,"void at::native::vectorized_elementwise_kernel<(int)4, at::native::sin_kernel_cuda(at::TensorIteratorBase &)::[lambda() (instance 2)]::operator ()() const::[lambda() (instance 2)]::operator ()() const::[lambda(float) (instance 1)], std::array<char *, (unsigned long)2>>(int, T2, T3)",1,0.001632
6,echo,revisit,candidate,compute_graph_projection_layer_0_q_128,"void at::native::<unnamed>::CatArrayBatchedCopy_vectorized<at::native::<unnamed>::OpaqueType<(unsigned int)4>, unsigned int, (int)2, (int)128, (int)1, (int)16, (int)4>(char *, at::native::<unnamed>::CatArrInputTensorMetadata<T1, T2, T4, T5>, at::native::<unnamed>::TensorSizeStride<T2, (unsigned int)4>, int, T2)",1,0.001248
6,echo,revisit,candidate,compute_graph_projection_layer_0_q_128,"void at::native::elementwise_kernel<(int)128, (int)4, void at::native::gpu_kernel_impl_nocast<at::native::direct_copy_kernel_cuda(at::TensorIteratorBase &)::[lambda() (instance 3)]::operator ()() const::[lambda() (instance 12)]::operator ()() const::[lambda(c10::BFloat16) (instance 1)]>(at::TensorIteratorBase &, const T1 &)::[lambda(int) (instance 1)]>(int, T3)",1,0.002336
6,echo,revisit,candidate,compute_graph_projection_layer_0_q_128,kernel_cutlass_kernel_operatorsdeepseek_v32norm_plainLocalPlainRMSNorm_object_at__tensorptrbf16gmemalign128oi645125121_tensorptrf32gmemalign16o5121_tensorptrbf16gmemalign128oi645125121____0,1,0.001408
6,echo,revisit,candidate,compute_graph_projection_layer_0_q_128,"void flashinfer::BatchQKApplyRotaryPosIdsCosSinCacheHeadParallelismKernel<(bool)1, (unsigned int)64, (unsigned int)8, (unsigned int)8, __nv_bfloat16, long>(T5 *, T5 *, T5 *, T5 *, float *, T6 *, unsigned int, unsigned int, unsigned int, unsigned int, unsigned long, unsigned long, unsigned long, unsigned long, unsigned long, unsigned long, unsigned long, unsigned long)",1,0.002592
6,echo,revisit,candidate,compute_graph_projection_layer_0_q_128,"void at::native::<unnamed>::vectorized_layer_norm_kernel<float, float, (bool)0>(int, T2, const T1 *, const T1 *, const T1 *, T2 *, T2 *, T1 *)",1,0.002848
6,echo,revisit,candidate,compute_graph_projection_layer_0_q_128,"void at::native::vectorized_elementwise_kernel<(int)8, at::native::bfloat16_copy_kernel_cuda(at::TensorIteratorBase &)::[lambda(float) (instance 1)], std::array<char *, (unsigned long)2>>(int, T2, T3)",1,0.001152
6,echo,revisit,candidate,compute_graph_projection_layer_0_q_128,"void flashinfer::BatchQKApplyRotaryPosIdsCosSinCacheHeadParallelismKernel<(bool)0, (unsigned int)128, (unsigned int)8, (unsigned int)16, __nv_bfloat16, long>(T5 *, T5 *, T5 *, T5 *, float *, T6 *, unsigned int, unsigned int, unsigned int, unsigned int, unsigned long, unsigned long, unsigned long, unsigned long, unsigned long, unsigned long, unsigned long, unsigned long)",1,0.0024
6,echo,revisit,candidate,compute_graph_projection_layer_0_q_128,quantize_kernel,2,0.00288
6,echo,revisit,candidate,compute_graph_projection_layer_0_q_128,"void at::native::vectorized_elementwise_kernel<(int)4, at::native::AUnaryFunctor<float, float, float, at::native::binary_internal::MulFunctor<float>>, std::array<char *, (unsigned long)2>>(int, T2, T3)",2,0.002112
6,echo,revisit,candidate,compute_graph_projection_layer_0_q_128,"void at::native::vectorized_elementwise_kernel<(int)4, at::native::BinaryFunctor<float, float, float, at::native::binary_internal::MulFunctor<float>>, std::array<char *, (unsigned long)3>>(int, T2, T3)",1,0.001152
6,echo,revisit,candidate,compute_graph_projection_layer_0_q_128,"void at::native::<unnamed>::CatArrayBatchedCopy_vectorized<at::native::<unnamed>::OpaqueType<(unsigned int)2>, unsigned int, (int)2, (int)128, (int)1, (int)16, (int)8>(char *, at::native::<unnamed>::CatArrInputTensorMetadata<T1, T2, T4, T5>, at::native::<unnamed>::TensorSizeStride<T2, (unsigned int)4>, int, T2)",1,0.001824
6,echo,revisit,candidate,cache_torch_argsort,"at::native::<unnamed>::fill_reverse_indices_kernel(long *, int, at::cuda::detail::IntDivider<unsigned int>)",20,0.025888
6,echo,revisit,candidate,cache_torch_argsort,"void at_cuda_detail::cub::detail::radix_sort::DeviceRadixSortHistogramKernel<at_cuda_detail::cub::detail::radix::policy_hub<long, at::cuda::cub::detail::OpaqueType<(int)8>, unsigned long long>::Policy1000, (at_cuda_detail::cub::SortOrder)0, long, unsigned long long, at_cuda_detail::cub::detail::identity_decomposer_t>(T4 *, const T3 *, T4, int, int, T5)",20,0.067136
6,echo,revisit,candidate,cache_torch_argsort,"void at_cuda_detail::cub::detail::radix_sort::DeviceRadixSortExclusiveSumKernel<at_cuda_detail::cub::detail::radix::policy_hub<long, at::cuda::cub::detail::OpaqueType<(int)8>, unsigned long long>::Policy1000, unsigned long long>(T2 *)",20,0.023488
6,echo,revisit,candidate,cache_torch_argsort,"void at_cuda_detail::cub::detail::radix_sort::DeviceRadixSortOnesweepKernel<at_cuda_detail::cub::detail::radix::policy_hub<long, at::cuda::cub::detail::OpaqueType<(int)8>, unsigned long long>::Policy1000, (at_cuda_detail::cub::SortOrder)0, long, at::cuda::cub::detail::OpaqueType<(int)8>, unsigned long long, int, int, at_cuda_detail::cub::detail::identity_decomposer_t>(T7 *, T7 *, T5 *, const T5 *, T3 *, const T3 *, T4 *, const T4 *, T6, int, int, T8)",160,0.958659
6,echo,revisit,candidate,pool_operation,"void at::native::vectorized_elementwise_kernel<(int)2, at::native::CUDAFunctorOnSelf_add<long>, std::array<char *, (unsigned long)2>>(int, T2, T3)",10,0.012416
6,echo,revisit,candidate,pool_operation,"void at::native::unrolled_elementwise_kernel<at::native::direct_copy_kernel_cuda(at::TensorIteratorBase &)::[lambda() (instance 3)]::operator ()() const::[lambda() (instance 3)]::operator ()() const::[lambda(int) (instance 1)], std::array<char *, (unsigned long)2>, (int)4, TrivialOffsetCalculator<(int)1, unsigned int>, TrivialOffsetCalculator<(int)1, unsigned int>, at::native::memory::LoadWithCast<(int)1>, at::native::memory::StoreWithCast<(int)1>>(int, T1, T2, T4, T5, T6, T7)",10,0.018816
6,echo,revisit,candidate,pool_operation,"void at::native::vectorized_elementwise_kernel<(int)4, at::native::FillFunctor<unsigned int>, std::array<char *, (unsigned long)1>>(int, T2, T3)",10,0.007264
6,echo,revisit,candidate,pool_operation,"void at::native::vectorized_elementwise_kernel<(int)2, at::native::FillFunctor<long>, std::array<char *, (unsigned long)1>>(int, T2, T3)",20,0.016832
6,echo,revisit,candidate,pool_finalize_prefetch,"void at::native::vectorized_elementwise_kernel<(int)2, at::native::FillFunctor<long>, std::array<char *, (unsigned long)1>>(int, T2, T3)",10,0.0072
6,echo,revisit,candidate,pool_finalize_prefetch,"echo_native::finalize_kernel(long *, bool *, const long *, const long *, int)",10,0.02512
6,echo,revisit,candidate,pool_finalize_prefetch,"echo_native::advance_clock_kernel(long *, long *)",10,0.008064
6,echo,revisit,candidate,pool_operation,"void at::native::vectorized_elementwise_kernel<(int)2, at::native::CUDAFunctor_add<long>, std::array<char *, (unsigned long)3>>(int, T2, T3)",5,0.006624
6,echo,revisit,candidate,exact_topk,"void flashinfer::sampling::FilteredTopKUnifiedKernel<float, int, (int)4, (bool)1, (flashinfer::sampling::FilteredTopKMode)0, (flashinfer::sampling::TopKTieBreak)1, flashinfer::sampling::DirectPageTableKernelPolicy<int>, >(const T1 *, T2 *, T1 *, const T2 *, long, const T2 *, const T2 *, const T2 *, const T2 *, unsigned int, unsigned int, unsigned int, T8...)",10,0.322819
6,echo,revisit,candidate,exact_topk,"void flashinfer::sampling::FinalizeTopKIndicesKernel<(bool)1, (flashinfer::sampling::FilteredTopKMode)0, (unsigned int)256, (unsigned int)8, float, int, flashinfer::sampling::DirectPageTableKernelPolicy<int>, >(T6 *, T5 *, const T6 *, long, const T6 *, const T6 *, unsigned int, unsigned int, T8...)",10,0.112768
6,echo,revisit,candidate,exact_topk,"void flashinfer::sampling::StableSortTopKByValueKernel<(unsigned int)256, (unsigned int)8, int, float>(T3 *, T4 *, unsigned int, unsigned int)",10,0.139137
6,echo,revisit,candidate,exact_topk,mask_kernel,10,0.012384
6,echo,revisit,candidate,exact_topk,mask_count,10,0.01824
6,echo,revisit,candidate,exact_topk,"void at::native::reduce_kernel<(int)512, (int)1, at::native::ReduceOp<float, at::native::func_wrapper_t<float, at::native::sum_functor<float, float, float>::operator ()(at::TensorIterator &)::[lambda(float, float) (instance 1)]>, unsigned int, float, (int)4, (int)4>>(T3)",10,0.051424
6,echo,revisit,candidate,exact_topk,publish,10,0.013376
6,echo,revisit,candidate,pool_operation,"echo_native::sparse_union_clear(unsigned int *, long, unsigned int *, unsigned int *)",10,0.009568
6,echo,revisit,candidate,pool_operation,"void echo_native::sparse_union_kernel<(bool)0>(const int *, long, unsigned int *, int, int)",10,0.280161
6,echo,revisit,candidate,pool_operation,"echo_native::sparse_classify_kernel(const unsigned int *, const int *, const int *, const long *, int, long *, long *, int *, unsigned int *, unsigned int *, unsigned long long *, int, int, int, long)",10,0.046304
6,echo,revisit,candidate,pool_operation,"void at::native::unrolled_elementwise_kernel<at::native::direct_copy_kernel_cuda(at::TensorIteratorBase &)::[lambda() (instance 3)]::operator ()() const::[lambda() (instance 4)]::operator ()() const::[lambda(long) (instance 1)], std::array<char *, (unsigned long)2>, (int)4, TrivialOffsetCalculator<(int)1, unsigned int>, TrivialOffsetCalculator<(int)1, unsigned int>, at::native::memory::LoadWithCast<(int)1>, at::native::memory::StoreWithCast<(int)1>>(int, T1, T2, T4, T5, T6, T7)",10,0.0272
6,echo,revisit,candidate,pool_operation,"void at_cuda_detail::cub::detail::scan::DeviceScanInitKernel<at_cuda_detail::cub::ScanTileState<long, (bool)1>>(T1, int)",10,0.007616
6,echo,revisit,candidate,pool_operation,"void at_cuda_detail::cub::detail::scan::DeviceScanKernel<at_cuda_detail::cub::detail::scan::policy_hub<long, long, long, unsigned int, std::plus<long>>::Policy1000, const long *, long *, at_cuda_detail::cub::ScanTileState<long, (bool)1>, std::plus<long>, at_cuda_detail::cub::NullType, unsigned int, long, (bool)0, at_cuda_detail::cub::NullType>(T2, T3, T4, int, T5, T6, T7)",10,0.033921
6,echo,revisit,candidate,pool_operation,"echo_native::sparse_compact_kernel(const long *, const int *, int *, long *, long *, bool *, unsigned long long *, long *, long *, int, int, int, int, long)",10,0.047552
6,echo,revisit,candidate,host_gather,"<unnamed>::gather_records(const unsigned char *, unsigned char *, const long *, const long *, long, long, long, long)",10,0.355617
6,echo,revisit,candidate,pool_operation,"echo_native::sparse_publish_kernel(const long *, const long *, int, int *, long *, long *, bool *, long *, int, int, long)",10,0.027808
6,echo,revisit,candidate,pool_operation,"echo_native::sparse_map_kernel(const int *, int *, long, const int *, const int *, int, int, int, int)",10,0.061153
6,echo,revisit,candidate,compute_graph_finish_layer_0_q_128,kernel_cutlass_kernel_operatorsdeepseek_v32norm_fusedLocalFusedRMSNorm_object_at__tensorptrbf16gmemalign128oi64716871681_tensorptrbf16gmemalign128oi64716871681_tensorptrf32gmemalign16o716_0,1,0.003232
6,echo,revisit,candidate,compute_graph_finish_layer_0_q_128,"void flashinfer::activation::act_and_mul_kernel<__nv_bfloat16, &silu>(T1 *, const T1 *, int)",1,0.004992
6,echo,revisit,candidate,compute_graph_projection_layer_1_q_128,kernel_cutlass_kernel_operatorsdeepseek_v32norm_fusedLocalFusedRMSNorm_object_at__tensorptrbf16gmemalign128oi64716871681_tensorptrbf16gmemalign128oi64716871681_tensorptrf32gmemalign16o716_0,1,0.003232
6,echo,revisit,candidate,compute_graph_projection_layer_1_q_128,"void at::native::elementwise_kernel<(int)128, (int)2, void at::native::gpu_kernel_impl_nocast<at::native::CUDAFunctor_add<long>>(at::TensorIteratorBase &, const T1 &)::[lambda(int) (instance 1)]>(int, T3)",1,0.001792
6,echo,revisit,candidate,compute_graph_projection_layer_1_q_128,"void at::native::unrolled_elementwise_kernel<at::native::direct_copy_kernel_cuda(at::TensorIteratorBase &)::[lambda() (instance 3)]::operator ()() const::[lambda() (instance 7)]::operator ()() const::[lambda(float) (instance 1)], std::array<char *, (unsigned long)2>, (int)4, TrivialOffsetCalculator<(int)1, unsigned int>, TrivialOffsetCalculator<(int)1, unsigned int>, at::native::memory::LoadWithCast<(int)1>, at::native::memory::StoreWithCast<(int)1>>(int, T1, T2, T4, T5, T6, T7)",3,0.007776
6,echo,revisit,candidate,compute_graph_projection_layer_1_q_128,kernel_cutlass_kernel_operatorsdeepseek_v32norm_plainLocalPlainRMSNorm_object_at__tensorptrbf16gmemalign128oi64153615361_tensorptrf32gmemalign16o15361_tensorptrbf16gmemalign128oi641536153_0,1,0.00208
6,echo,revisit,candidate,compute_graph_projection_layer_1_q_128,"void at::native::elementwise_kernel<(int)128, (int)2, void at::native::gpu_kernel_impl_nocast<at::native::BinaryFunctor<float, float, float, at::native::binary_internal::MulFunctor<float>>>(at::TensorIteratorBase &, const T1 &)::[lambda(int) (instance 1)]>(int, T3)",1,0.001472
6,echo,revisit,candidate,compute_graph_projection_layer_1_q_128,"void <unnamed>::elementwise_kernel_with_index<int, at::native::arange_cuda_out(const c10::Scalar &, const c10::Scalar &, const c10::Scalar &, at::Tensor &)::[lambda() (instance 1)]::operator ()() const::[lambda() (instance 4)]::operator ()() const::[lambda(long) (instance 1)]>(T1, T2, function_traits<T2>::result_type *)",1,0.000832
6,echo,revisit,candidate,compute_graph_projection_layer_1_q_128,"void at::native::vectorized_elementwise_kernel<(int)4, at::native::cos_kernel_cuda(at::TensorIteratorBase &)::[lambda() (instance 2)]::operator ()() const::[lambda() (instance 2)]::operator ()() const::[lambda(float) (instance 1)], std::array<char *, (unsigned long)2>>(int, T2, T3)",1,0.001664
6,echo,revisit,candidate,compute_graph_projection_layer_1_q_128,"void at::native::vectorized_elementwise_kernel<(int)4, at::native::sin_kernel_cuda(at::TensorIteratorBase &)::[lambda() (instance 2)]::operator ()() const::[lambda() (instance 2)]::operator ()() const::[lambda(float) (instance 1)], std::array<char *, (unsigned long)2>>(int, T2, T3)",1,0.001696
6,echo,revisit,candidate,compute_graph_projection_layer_1_q_128,"void at::native::<unnamed>::CatArrayBatchedCopy_vectorized<at::native::<unnamed>::OpaqueType<(unsigned int)4>, unsigned int, (int)2, (int)128, (int)1, (int)16, (int)4>(char *, at::native::<unnamed>::CatArrInputTensorMetadata<T1, T2, T4, T5>, at::native::<unnamed>::TensorSizeStride<T2, (unsigned int)4>, int, T2)",1,0.00128
6,echo,revisit,candidate,compute_graph_projection_layer_1_q_128,"void at::native::elementwise_kernel<(int)128, (int)4, void at::native::gpu_kernel_impl_nocast<at::native::direct_copy_kernel_cuda(at::TensorIteratorBase &)::[lambda() (instance 3)]::operator ()() const::[lambda() (instance 12)]::operator ()() const::[lambda(c10::BFloat16) (instance 1)]>(at::TensorIteratorBase &, const T1 &)::[lambda(int) (instance 1)]>(int, T3)",1,0.002304
6,echo,revisit,candidate,compute_graph_projection_layer_1_q_128,kernel_cutlass_kernel_operatorsdeepseek_v32norm_plainLocalPlainRMSNorm_object_at__tensorptrbf16gmemalign128oi645125121_tensorptrf32gmemalign16o5121_tensorptrbf16gmemalign128oi645125121____0,1,0.00144
6,echo,revisit,candidate,compute_graph_projection_layer_1_q_128,"void flashinfer::BatchQKApplyRotaryPosIdsCosSinCacheHeadParallelismKernel<(bool)1, (unsigned int)64, (unsigned int)8, (unsigned int)8, __nv_bfloat16, long>(T5 *, T5 *, T5 *, T5 *, float *, T6 *, unsigned int, unsigned int, unsigned int, unsigned int, unsigned long, unsigned long, unsigned long, unsigned long, unsigned long, unsigned long, unsigned long, unsigned long)",1,0.002656
6,echo,revisit,candidate,compute_graph_projection_layer_1_q_128,"void at::native::<unnamed>::vectorized_layer_norm_kernel<float, float, (bool)0>(int, T2, const T1 *, const T1 *, const T1 *, T2 *, T2 *, T1 *)",1,0.002848
6,echo,revisit,candidate,compute_graph_projection_layer_1_q_128,"void at::native::vectorized_elementwise_kernel<(int)8, at::native::bfloat16_copy_kernel_cuda(at::TensorIteratorBase &)::[lambda(float) (instance 1)], std::array<char *, (unsigned long)2>>(int, T2, T3)",1,0.00112
6,echo,revisit,candidate,compute_graph_projection_layer_1_q_128,"void flashinfer::BatchQKApplyRotaryPosIdsCosSinCacheHeadParallelismKernel<(bool)0, (unsigned int)128, (unsigned int)8, (unsigned int)16, __nv_bfloat16, long>(T5 *, T5 *, T5 *, T5 *, float *, T6 *, unsigned int, unsigned int, unsigned int, unsigned int, unsigned long, unsigned long, unsigned long, unsigned long, unsigned long, unsigned long, unsigned long, unsigned long)",1,0.002336
6,echo,revisit,candidate,compute_graph_projection_layer_1_q_128,quantize_kernel,2,0.002976
6,echo,revisit,candidate,compute_graph_projection_layer_1_q_128,"void at::native::vectorized_elementwise_kernel<(int)4, at::native::AUnaryFunctor<float, float, float, at::native::binary_internal::MulFunctor<float>>, std::array<char *, (unsigned long)2>>(int, T2, T3)",2,0.002112
6,echo,revisit,candidate,compute_graph_projection_layer_1_q_128,"void at::native::vectorized_elementwise_kernel<(int)4, at::native::BinaryFunctor<float, float, float, at::native::binary_internal::MulFunctor<float>>, std::array<char *, (unsigned long)3>>(int, T2, T3)",1,0.001152
6,echo,revisit,candidate,compute_graph_projection_layer_1_q_128,"void at::native::<unnamed>::CatArrayBatchedCopy_vectorized<at::native::<unnamed>::OpaqueType<(unsigned int)2>, unsigned int, (int)2, (int)128, (int)1, (int)16, (int)8>(char *, at::native::<unnamed>::CatArrInputTensorMetadata<T1, T2, T4, T5>, at::native::<unnamed>::TensorSizeStride<T2, (unsigned int)4>, int, T2)",1,0.002144
6,echo,revisit,candidate,pool_operation,"void at::native::unrolled_elementwise_kernel<at::native::CUDAFunctor_add<long>, std::array<char *, (unsigned long)3>, (int)4, TrivialOffsetCalculator<(int)2, unsigned int>, TrivialOffsetCalculator<(int)1, unsigned int>, at::native::memory::LoadWithoutCast, at::native::memory::StoreWithoutCast>(int, T1, T2, T4, T5, T6, T7)",5,0.005504
6,echo,revisit,candidate,compute_graph_finish_layer_1_q_128,kernel_cutlass_kernel_operatorsdeepseek_v32norm_fusedLocalFusedRMSNorm_object_at__tensorptrbf16gmemalign128oi64716871681_tensorptrbf16gmemalign128oi64716871681_tensorptrf32gmemalign16o716_0,1,0.003264
6,echo,revisit,candidate,compute_graph_finish_layer_1_q_128,"void flashinfer::activation::act_and_mul_kernel<__nv_bfloat16, &silu>(T1 *, const T1 *, int)",1,0.004928
6,echo,revisit,candidate,compute_graph_projection_layer_2_q_128,kernel_cutlass_kernel_operatorsdeepseek_v32norm_fusedLocalFusedRMSNorm_object_at__tensorptrbf16gmemalign128oi64716871681_tensorptrbf16gmemalign128oi64716871681_tensorptrf32gmemalign16o716_0,1,0.003232
6,echo,revisit,candidate,compute_graph_projection_layer_2_q_128,"void at::native::elementwise_kernel<(int)128, (int)2, void at::native::gpu_kernel_impl_nocast<at::native::CUDAFunctor_add<long>>(at::TensorIteratorBase &, const T1 &)::[lambda(int) (instance 1)]>(int, T3)",1,0.001792
6,echo,revisit,candidate,compute_graph_projection_layer_2_q_128,"void at::native::unrolled_elementwise_kernel<at::native::direct_copy_kernel_cuda(at::TensorIteratorBase &)::[lambda() (instance 3)]::operator ()() const::[lambda() (instance 7)]::operator ()() const::[lambda(float) (instance 1)], std::array<char *, (unsigned long)2>, (int)4, TrivialOffsetCalculator<(int)1, unsigned int>, TrivialOffsetCalculator<(int)1, unsigned int>, at::native::memory::LoadWithCast<(int)1>, at::native::memory::StoreWithCast<(int)1>>(int, T1, T2, T4, T5, T6, T7)",3,0.00768
6,echo,revisit,candidate,compute_graph_projection_layer_2_q_128,kernel_cutlass_kernel_operatorsdeepseek_v32norm_plainLocalPlainRMSNorm_object_at__tensorptrbf16gmemalign128oi64153615361_tensorptrf32gmemalign16o15361_tensorptrbf16gmemalign128oi641536153_0,1,0.002272
6,echo,revisit,candidate,compute_graph_projection_layer_2_q_128,"void at::native::elementwise_kernel<(int)128, (int)2, void at::native::gpu_kernel_impl_nocast<at::native::BinaryFunctor<float, float, float, at::native::binary_internal::MulFunctor<float>>>(at::TensorIteratorBase &, const T1 &)::[lambda(int) (instance 1)]>(int, T3)",1,0.001504
6,echo,revisit,candidate,compute_graph_projection_layer_2_q_128,"void <unnamed>::elementwise_kernel_with_index<int, at::native::arange_cuda_out(const c10::Scalar &, const c10::Scalar &, const c10::Scalar &, at::Tensor &)::[lambda() (instance 1)]::operator ()() const::[lambda() (instance 4)]::operator ()() const::[lambda(long) (instance 1)]>(T1, T2, function_traits<T2>::result_type *)",1,0.0008
6,echo,revisit,candidate,compute_graph_projection_layer_2_q_128,"void at::native::vectorized_elementwise_kernel<(int)4, at::native::cos_kernel_cuda(at::TensorIteratorBase &)::[lambda() (instance 2)]::operator ()() const::[lambda() (instance 2)]::operator ()() const::[lambda(float) (instance 1)], std::array<char *, (unsigned long)2>>(int, T2, T3)",1,0.0016
6,echo,revisit,candidate,compute_graph_projection_layer_2_q_128,"void at::native::vectorized_elementwise_kernel<(int)4, at::native::sin_kernel_cuda(at::TensorIteratorBase &)::[lambda() (instance 2)]::operator ()() const::[lambda() (instance 2)]::operator ()() const::[lambda(float) (instance 1)], std::array<char *, (unsigned long)2>>(int, T2, T3)",1,0.001568
6,echo,revisit,candidate,compute_graph_projection_layer_2_q_128,"void at::native::<unnamed>::CatArrayBatchedCopy_vectorized<at::native::<unnamed>::OpaqueType<(unsigned int)4>, unsigned int, (int)2, (int)128, (int)1, (int)16, (int)4>(char *, at::native::<unnamed>::CatArrInputTensorMetadata<T1, T2, T4, T5>, at::native::<unnamed>::TensorSizeStride<T2, (unsigned int)4>, int, T2)",1,0.001248
6,echo,revisit,candidate,compute_graph_projection_layer_2_q_128,"void at::native::elementwise_kernel<(int)128, (int)4, void at::native::gpu_kernel_impl_nocast<at::native::direct_copy_kernel_cuda(at::TensorIteratorBase &)::[lambda() (instance 3)]::operator ()() const::[lambda() (instance 12)]::operator ()() const::[lambda(c10::BFloat16) (instance 1)]>(at::TensorIteratorBase &, const T1 &)::[lambda(int) (instance 1)]>(int, T3)",1,0.00224
6,echo,revisit,candidate,compute_graph_projection_layer_2_q_128,kernel_cutlass_kernel_operatorsdeepseek_v32norm_plainLocalPlainRMSNorm_object_at__tensorptrbf16gmemalign128oi645125121_tensorptrf32gmemalign16o5121_tensorptrbf16gmemalign128oi645125121____0,1,0.001376
6,echo,revisit,candidate,compute_graph_projection_layer_2_q_128,"void flashinfer::BatchQKApplyRotaryPosIdsCosSinCacheHeadParallelismKernel<(bool)1, (unsigned int)64, (unsigned int)8, (unsigned int)8, __nv_bfloat16, long>(T5 *, T5 *, T5 *, T5 *, float *, T6 *, unsigned int, unsigned int, unsigned int, unsigned int, unsigned long, unsigned long, unsigned long, unsigned long, unsigned long, unsigned long, unsigned long, unsigned long)",1,0.002688
6,echo,revisit,candidate,compute_graph_projection_layer_2_q_128,"void at::native::<unnamed>::vectorized_layer_norm_kernel<float, float, (bool)0>(int, T2, const T1 *, const T1 *, const T1 *, T2 *, T2 *, T1 *)",1,0.002944
6,echo,revisit,candidate,compute_graph_projection_layer_2_q_128,"void at::native::vectorized_elementwise_kernel<(int)8, at::native::bfloat16_copy_kernel_cuda(at::TensorIteratorBase &)::[lambda(float) (instance 1)], std::array<char *, (unsigned long)2>>(int, T2, T3)",1,0.001152
6,echo,revisit,candidate,compute_graph_projection_layer_2_q_128,"void flashinfer::BatchQKApplyRotaryPosIdsCosSinCacheHeadParallelismKernel<(bool)0, (unsigned int)128, (unsigned int)8, (unsigned int)16, __nv_bfloat16, long>(T5 *, T5 *, T5 *, T5 *, float *, T6 *, unsigned int, unsigned int, unsigned int, unsigned int, unsigned long, unsigned long, unsigned long, unsigned long, unsigned long, unsigned long, unsigned long, unsigned long)",1,0.002304
6,echo,revisit,candidate,compute_graph_projection_layer_2_q_128,quantize_kernel,2,0.002848
6,echo,revisit,candidate,compute_graph_projection_layer_2_q_128,"void at::native::vectorized_elementwise_kernel<(int)4, at::native::AUnaryFunctor<float, float, float, at::native::binary_internal::MulFunctor<float>>, std::array<char *, (unsigned long)2>>(int, T2, T3)",2,0.00208
6,echo,revisit,candidate,compute_graph_projection_layer_2_q_128,"void at::native::vectorized_elementwise_kernel<(int)4, at::native::BinaryFunctor<float, float, float, at::native::binary_internal::MulFunctor<float>>, std::array<char *, (unsigned long)3>>(int, T2, T3)",1,0.00112
6,echo,revisit,candidate,compute_graph_projection_layer_2_q_128,"void at::native::<unnamed>::CatArrayBatchedCopy_vectorized<at::native::<unnamed>::OpaqueType<(unsigned int)2>, unsigned int, (int)2, (int)128, (int)1, (int)16, (int)8>(char *, at::native::<unnamed>::CatArrInputTensorMetadata<T1, T2, T4, T5>, at::native::<unnamed>::TensorSizeStride<T2, (unsigned int)4>, int, T2)",1,0.001952
6,echo,revisit,candidate,compute_graph_finish_layer_2_q_128,kernel_cutlass_kernel_operatorsdeepseek_v32norm_fusedLocalFusedRMSNorm_object_at__tensorptrbf16gmemalign128oi64716871681_tensorptrbf16gmemalign128oi64716871681_tensorptrf32gmemalign16o716_0,1,0.003328
6,echo,revisit,candidate,compute_graph_finish_layer_2_q_128,"void flashinfer::activation::act_and_mul_kernel<__nv_bfloat16, &silu>(T1 *, const T1 *, int)",1,0.0048
6,echo,revisit,candidate,compute_graph_projection_layer_3_q_128,kernel_cutlass_kernel_operatorsdeepseek_v32norm_plainLocalPlainRMSNorm_object_at__tensorptrbf16gmemalign128oi64716871681_tensorptrf32gmemalign16o71681_tensorptrbf16gmemalign128oi647168716_0,1,0.002784
6,echo,revisit,candidate,compute_graph_projection_layer_3_q_128,"void at::native::elementwise_kernel<(int)128, (int)2, void at::native::gpu_kernel_impl_nocast<at::native::CUDAFunctor_add<long>>(at::TensorIteratorBase &, const T1 &)::[lambda(int) (instance 1)]>(int, T3)",1,0.00192
6,echo,revisit,candidate,compute_graph_projection_layer_3_q_128,"void at::native::unrolled_elementwise_kernel<at::native::direct_copy_kernel_cuda(at::TensorIteratorBase &)::[lambda() (instance 3)]::operator ()() const::[lambda() (instance 7)]::operator ()() const::[lambda(float) (instance 1)], std::array<char *, (unsigned long)2>, (int)4, TrivialOffsetCalculator<(int)1, unsigned int>, TrivialOffsetCalculator<(int)1, unsigned int>, at::native::memory::LoadWithCast<(int)1>, at::native::memory::StoreWithCast<(int)1>>(int, T1, T2, T4, T5, T6, T7)",3,0.008032
6,echo,revisit,candidate,compute_graph_projection_layer_3_q_128,kernel_cutlass_kernel_operatorsdeepseek_v32norm_plainLocalPlainRMSNorm_object_at__tensorptrbf16gmemalign128oi64153615361_tensorptrf32gmemalign16o15361_tensorptrbf16gmemalign128oi641536153_0,1,0.002048
6,echo,revisit,candidate,compute_graph_projection_layer_3_q_128,"void at::native::elementwise_kernel<(int)128, (int)2, void at::native::gpu_kernel_impl_nocast<at::native::BinaryFunctor<float, float, float, at::native::binary_internal::MulFunctor<float>>>(at::TensorIteratorBase &, const T1 &)::[lambda(int) (instance 1)]>(int, T3)",1,0.001408
6,echo,revisit,candidate,compute_graph_projection_layer_3_q_128,"void <unnamed>::elementwise_kernel_with_index<int, at::native::arange_cuda_out(const c10::Scalar &, const c10::Scalar &, const c10::Scalar &, at::Tensor &)::[lambda() (instance 1)]::operator ()() const::[lambda() (instance 4)]::operator ()() const::[lambda(long) (instance 1)]>(T1, T2, function_traits<T2>::result_type *)",1,0.0008
6,echo,revisit,candidate,compute_graph_projection_layer_3_q_128,"void at::native::vectorized_elementwise_kernel<(int)4, at::native::cos_kernel_cuda(at::TensorIteratorBase &)::[lambda() (instance 2)]::operator ()() const::[lambda() (instance 2)]::operator ()() const::[lambda(float) (instance 1)], std::array<char *, (unsigned long)2>>(int, T2, T3)",1,0.0016
6,echo,revisit,candidate,compute_graph_projection_layer_3_q_128,"void at::native::vectorized_elementwise_kernel<(int)4, at::native::sin_kernel_cuda(at::TensorIteratorBase &)::[lambda() (instance 2)]::operator ()() const::[lambda() (instance 2)]::operator ()() const::[lambda(float) (instance 1)], std::array<char *, (unsigned long)2>>(int, T2, T3)",1,0.0016
6,echo,revisit,candidate,compute_graph_projection_layer_3_q_128,"void at::native::<unnamed>::CatArrayBatchedCopy_vectorized<at::native::<unnamed>::OpaqueType<(unsigned int)4>, unsigned int, (int)2, (int)128, (int)1, (int)16, (int)4>(char *, at::native::<unnamed>::CatArrInputTensorMetadata<T1, T2, T4, T5>, at::native::<unnamed>::TensorSizeStride<T2, (unsigned int)4>, int, T2)",1,0.001216
6,echo,revisit,candidate,compute_graph_projection_layer_3_q_128,"void at::native::elementwise_kernel<(int)128, (int)4, void at::native::gpu_kernel_impl_nocast<at::native::direct_copy_kernel_cuda(at::TensorIteratorBase &)::[lambda() (instance 3)]::operator ()() const::[lambda() (instance 12)]::operator ()() const::[lambda(c10::BFloat16) (instance 1)]>(at::TensorIteratorBase &, const T1 &)::[lambda(int) (instance 1)]>(int, T3)",1,0.0024
6,echo,revisit,candidate,compute_graph_projection_layer_3_q_128,kernel_cutlass_kernel_operatorsdeepseek_v32norm_plainLocalPlainRMSNorm_object_at__tensorptrbf16gmemalign128oi645125121_tensorptrf32gmemalign16o5121_tensorptrbf16gmemalign128oi645125121____0,1,0.00144
6,echo,revisit,candidate,compute_graph_projection_layer_3_q_128,"void flashinfer::BatchQKApplyRotaryPosIdsCosSinCacheHeadParallelismKernel<(bool)1, (unsigned int)64, (unsigned int)8, (unsigned int)8, __nv_bfloat16, long>(T5 *, T5 *, T5 *, T5 *, float *, T6 *, unsigned int, unsigned int, unsigned int, unsigned int, unsigned long, unsigned long, unsigned long, unsigned long, unsigned long, unsigned long, unsigned long, unsigned long)",1,0.002976
6,echo,revisit,candidate,compute_graph_projection_layer_3_q_128,"void at::native::<unnamed>::vectorized_layer_norm_kernel<float, float, (bool)0>(int, T2, const T1 *, const T1 *, const T1 *, T2 *, T2 *, T1 *)",1,0.002912
6,echo,revisit,candidate,compute_graph_projection_layer_3_q_128,"void at::native::vectorized_elementwise_kernel<(int)8, at::native::bfloat16_copy_kernel_cuda(at::TensorIteratorBase &)::[lambda(float) (instance 1)], std::array<char *, (unsigned long)2>>(int, T2, T3)",1,0.00112
6,echo,revisit,candidate,compute_graph_projection_layer_3_q_128,"void flashinfer::BatchQKApplyRotaryPosIdsCosSinCacheHeadParallelismKernel<(bool)0, (unsigned int)128, (unsigned int)8, (unsigned int)16, __nv_bfloat16, long>(T5 *, T5 *, T5 *, T5 *, float *, T6 *, unsigned int, unsigned int, unsigned int, unsigned int, unsigned long, unsigned long, unsigned long, unsigned long, unsigned long, unsigned long, unsigned long, unsigned long)",1,0.00224
6,echo,revisit,candidate,compute_graph_projection_layer_3_q_128,quantize_kernel,2,0.002752
6,echo,revisit,candidate,compute_graph_projection_layer_3_q_128,"void at::native::vectorized_elementwise_kernel<(int)4, at::native::AUnaryFunctor<float, float, float, at::native::binary_internal::MulFunctor<float>>, std::array<char *, (unsigned long)2>>(int, T2, T3)",2,0.002016
6,echo,revisit,candidate,compute_graph_projection_layer_3_q_128,"void at::native::vectorized_elementwise_kernel<(int)4, at::native::BinaryFunctor<float, float, float, at::native::binary_internal::MulFunctor<float>>, std::array<char *, (unsigned long)3>>(int, T2, T3)",1,0.001088
6,echo,revisit,candidate,compute_graph_projection_layer_3_q_128,"void at::native::<unnamed>::CatArrayBatchedCopy_vectorized<at::native::<unnamed>::OpaqueType<(unsigned int)2>, unsigned int, (int)2, (int)128, (int)1, (int)16, (int)8>(char *, at::native::<unnamed>::CatArrInputTensorMetadata<T1, T2, T4, T5>, at::native::<unnamed>::TensorSizeStride<T2, (unsigned int)4>, int, T2)",1,0.001856
6,echo,revisit,candidate,compute_graph_finish_layer_3_q_128,kernel_cutlass_kernel_operatorsdeepseek_v32norm_fusedLocalFusedRMSNorm_object_at__tensorptrbf16gmemalign128oi64716871681_tensorptrbf16gmemalign128oi64716871681_tensorptrf32gmemalign16o716_0,1,0.003328
6,echo,revisit,candidate,compute_graph_finish_layer_3_q_128,"void flashinfer::activation::act_and_mul_kernel<__nv_bfloat16, &silu>(T1 *, const T1 *, int)",1,0.004928
6,echo,revisit,candidate,compute_graph_projection_layer_4_q_128,kernel_cutlass_kernel_operatorsdeepseek_v32norm_fusedLocalFusedRMSNorm_object_at__tensorptrbf16gmemalign128oi64716871681_tensorptrbf16gmemalign128oi64716871681_tensorptrf32gmemalign16o716_0,1,0.003392
6,echo,revisit,candidate,compute_graph_projection_layer_4_q_128,"void at::native::elementwise_kernel<(int)128, (int)2, void at::native::gpu_kernel_impl_nocast<at::native::CUDAFunctor_add<long>>(at::TensorIteratorBase &, const T1 &)::[lambda(int) (instance 1)]>(int, T3)",1,0.001728
6,echo,revisit,candidate,compute_graph_projection_layer_4_q_128,"void at::native::unrolled_elementwise_kernel<at::native::direct_copy_kernel_cuda(at::TensorIteratorBase &)::[lambda() (instance 3)]::operator ()() const::[lambda() (instance 7)]::operator ()() const::[lambda(float) (instance 1)], std::array<char *, (unsigned long)2>, (int)4, TrivialOffsetCalculator<(int)1, unsigned int>, TrivialOffsetCalculator<(int)1, unsigned int>, at::native::memory::LoadWithCast<(int)1>, at::native::memory::StoreWithCast<(int)1>>(int, T1, T2, T4, T5, T6, T7)",3,0.007648
6,echo,revisit,candidate,compute_graph_projection_layer_4_q_128,kernel_cutlass_kernel_operatorsdeepseek_v32norm_plainLocalPlainRMSNorm_object_at__tensorptrbf16gmemalign128oi64153615361_tensorptrf32gmemalign16o15361_tensorptrbf16gmemalign128oi641536153_0,1,0.002144
6,echo,revisit,candidate,compute_graph_projection_layer_4_q_128,"void at::native::elementwise_kernel<(int)128, (int)2, void at::native::gpu_kernel_impl_nocast<at::native::BinaryFunctor<float, float, float, at::native::binary_internal::MulFunctor<float>>>(at::TensorIteratorBase &, const T1 &)::[lambda(int) (instance 1)]>(int, T3)",1,0.001504
6,echo,revisit,candidate,compute_graph_projection_layer_4_q_128,"void <unnamed>::elementwise_kernel_with_index<int, at::native::arange_cuda_out(const c10::Scalar &, const c10::Scalar &, const c10::Scalar &, at::Tensor &)::[lambda() (instance 1)]::operator ()() const::[lambda() (instance 4)]::operator ()() const::[lambda(long) (instance 1)]>(T1, T2, function_traits<T2>::result_type *)",1,0.000832
6,echo,revisit,candidate,compute_graph_projection_layer_4_q_128,"void at::native::vectorized_elementwise_kernel<(int)4, at::native::cos_kernel_cuda(at::TensorIteratorBase &)::[lambda() (instance 2)]::operator ()() const::[lambda() (instance 2)]::operator ()() const::[lambda(float) (instance 1)], std::array<char *, (unsigned long)2>>(int, T2, T3)",1,0.001632
6,echo,revisit,candidate,compute_graph_projection_layer_4_q_128,"void at::native::vectorized_elementwise_kernel<(int)4, at::native::sin_kernel_cuda(at::TensorIteratorBase &)::[lambda() (instance 2)]::operator ()() const::[lambda() (instance 2)]::operator ()() const::[lambda(float) (instance 1)], std::array<char *, (unsigned long)2>>(int, T2, T3)",1,0.001632
6,echo,revisit,candidate,compute_graph_projection_layer_4_q_128,"void at::native::<unnamed>::CatArrayBatchedCopy_vectorized<at::native::<unnamed>::OpaqueType<(unsigned int)4>, unsigned int, (int)2, (int)128, (int)1, (int)16, (int)4>(char *, at::native::<unnamed>::CatArrInputTensorMetadata<T1, T2, T4, T5>, at::native::<unnamed>::TensorSizeStride<T2, (unsigned int)4>, int, T2)",1,0.001312
6,echo,revisit,candidate,compute_graph_projection_layer_4_q_128,"void at::native::elementwise_kernel<(int)128, (int)4, void at::native::gpu_kernel_impl_nocast<at::native::direct_copy_kernel_cuda(at::TensorIteratorBase &)::[lambda() (instance 3)]::operator ()() const::[lambda() (instance 12)]::operator ()() const::[lambda(c10::BFloat16) (instance 1)]>(at::TensorIteratorBase &, const T1 &)::[lambda(int) (instance 1)]>(int, T3)",1,0.002272
6,echo,revisit,candidate,compute_graph_projection_layer_4_q_128,kernel_cutlass_kernel_operatorsdeepseek_v32norm_plainLocalPlainRMSNorm_object_at__tensorptrbf16gmemalign128oi645125121_tensorptrf32gmemalign16o5121_tensorptrbf16gmemalign128oi645125121____0,1,0.001344
6,echo,revisit,candidate,compute_graph_projection_layer_4_q_128,"void flashinfer::BatchQKApplyRotaryPosIdsCosSinCacheHeadParallelismKernel<(bool)1, (unsigned int)64, (unsigned int)8, (unsigned int)8, __nv_bfloat16, long>(T5 *, T5 *, T5 *, T5 *, float *, T6 *, unsigned int, unsigned int, unsigned int, unsigned int, unsigned long, unsigned long, unsigned long, unsigned long, unsigned long, unsigned long, unsigned long, unsigned long)",1,0.00272
6,echo,revisit,candidate,compute_graph_projection_layer_4_q_128,"void at::native::<unnamed>::vectorized_layer_norm_kernel<float, float, (bool)0>(int, T2, const T1 *, const T1 *, const T1 *, T2 *, T2 *, T1 *)",1,0.002816
6,echo,revisit,candidate,compute_graph_projection_layer_4_q_128,"void at::native::vectorized_elementwise_kernel<(int)8, at::native::bfloat16_copy_kernel_cuda(at::TensorIteratorBase &)::[lambda(float) (instance 1)], std::array<char *, (unsigned long)2>>(int, T2, T3)",1,0.00112
6,echo,revisit,candidate,compute_graph_projection_layer_4_q_128,"void flashinfer::BatchQKApplyRotaryPosIdsCosSinCacheHeadParallelismKernel<(bool)0, (unsigned int)128, (unsigned int)8, (unsigned int)16, __nv_bfloat16, long>(T5 *, T5 *, T5 *, T5 *, float *, T6 *, unsigned int, unsigned int, unsigned int, unsigned int, unsigned long, unsigned long, unsigned long, unsigned long, unsigned long, unsigned long, unsigned long, unsigned long)",1,0.002336
6,echo,revisit,candidate,compute_graph_projection_layer_4_q_128,quantize_kernel,2,0.00288
6,echo,revisit,candidate,compute_graph_projection_layer_4_q_128,"void at::native::vectorized_elementwise_kernel<(int)4, at::native::AUnaryFunctor<float, float, float, at::native::binary_internal::MulFunctor<float>>, std::array<char *, (unsigned long)2>>(int, T2, T3)",2,0.002112
6,echo,revisit,candidate,compute_graph_projection_layer_4_q_128,"void at::native::vectorized_elementwise_kernel<(int)4, at::native::BinaryFunctor<float, float, float, at::native::binary_internal::MulFunctor<float>>, std::array<char *, (unsigned long)3>>(int, T2, T3)",1,0.001216
6,echo,revisit,candidate,compute_graph_projection_layer_4_q_128,"void at::native::<unnamed>::CatArrayBatchedCopy_vectorized<at::native::<unnamed>::OpaqueType<(unsigned int)2>, unsigned int, (int)2, (int)128, (int)1, (int)16, (int)8>(char *, at::native::<unnamed>::CatArrInputTensorMetadata<T1, T2, T4, T5>, at::native::<unnamed>::TensorSizeStride<T2, (unsigned int)4>, int, T2)",1,0.002016
6,echo,revisit,candidate,compute_graph_finish_layer_4_q_128,kernel_cutlass_kernel_operatorsdeepseek_v32norm_fusedLocalFusedRMSNorm_object_at__tensorptrbf16gmemalign128oi64716871681_tensorptrbf16gmemalign128oi64716871681_tensorptrf32gmemalign16o716_0,1,0.003264
6,echo,revisit,candidate,compute_graph_finish_layer_4_q_128,"void flashinfer::activation::act_and_mul_kernel<__nv_bfloat16, &silu>(T1 *, const T1 *, int)",1,0.004928
6,echo,revisit,candidate,compute_graph_projection_layer_5_q_128,kernel_cutlass_kernel_operatorsdeepseek_v32norm_fusedLocalFusedRMSNorm_object_at__tensorptrbf16gmemalign128oi64716871681_tensorptrbf16gmemalign128oi64716871681_tensorptrf32gmemalign16o716_0,1,0.003072
6,echo,revisit,candidate,compute_graph_projection_layer_5_q_128,"void at::native::elementwise_kernel<(int)128, (int)2, void at::native::gpu_kernel_impl_nocast<at::native::CUDAFunctor_add<long>>(at::TensorIteratorBase &, const T1 &)::[lambda(int) (instance 1)]>(int, T3)",1,0.001856
6,echo,revisit,candidate,compute_graph_projection_layer_5_q_128,"void at::native::unrolled_elementwise_kernel<at::native::direct_copy_kernel_cuda(at::TensorIteratorBase &)::[lambda() (instance 3)]::operator ()() const::[lambda() (instance 7)]::operator ()() const::[lambda(float) (instance 1)], std::array<char *, (unsigned long)2>, (int)4, TrivialOffsetCalculator<(int)1, unsigned int>, TrivialOffsetCalculator<(int)1, unsigned int>, at::native::memory::LoadWithCast<(int)1>, at::native::memory::StoreWithCast<(int)1>>(int, T1, T2, T4, T5, T6, T7)",3,0.007904
6,echo,revisit,candidate,compute_graph_projection_layer_5_q_128,kernel_cutlass_kernel_operatorsdeepseek_v32norm_plainLocalPlainRMSNorm_object_at__tensorptrbf16gmemalign128oi64153615361_tensorptrf32gmemalign16o15361_tensorptrbf16gmemalign128oi641536153_0,1,0.002208
6,echo,revisit,candidate,compute_graph_projection_layer_5_q_128,"void at::native::elementwise_kernel<(int)128, (int)2, void at::native::gpu_kernel_impl_nocast<at::native::BinaryFunctor<float, float, float, at::native::binary_internal::MulFunctor<float>>>(at::TensorIteratorBase &, const T1 &)::[lambda(int) (instance 1)]>(int, T3)",1,0.00144
6,echo,revisit,candidate,compute_graph_projection_layer_5_q_128,"void <unnamed>::elementwise_kernel_with_index<int, at::native::arange_cuda_out(const c10::Scalar &, const c10::Scalar &, const c10::Scalar &, at::Tensor &)::[lambda() (instance 1)]::operator ()() const::[lambda() (instance 4)]::operator ()() const::[lambda(long) (instance 1)]>(T1, T2, function_traits<T2>::result_type *)",1,0.000768
6,echo,revisit,candidate,compute_graph_projection_layer_5_q_128,"void at::native::vectorized_elementwise_kernel<(int)4, at::native::cos_kernel_cuda(at::TensorIteratorBase &)::[lambda() (instance 2)]::operator ()() const::[lambda() (instance 2)]::operator ()() const::[lambda(float) (instance 1)], std::array<char *, (unsigned long)2>>(int, T2, T3)",1,0.001568
6,echo,revisit,candidate,compute_graph_projection_layer_5_q_128,"void at::native::vectorized_elementwise_kernel<(int)4, at::native::sin_kernel_cuda(at::TensorIteratorBase &)::[lambda() (instance 2)]::operator ()() const::[lambda() (instance 2)]::operator ()() const::[lambda(float) (instance 1)], std::array<char *, (unsigned long)2>>(int, T2, T3)",1,0.0016
6,echo,revisit,candidate,compute_graph_projection_layer_5_q_128,"void at::native::<unnamed>::CatArrayBatchedCopy_vectorized<at::native::<unnamed>::OpaqueType<(unsigned int)4>, unsigned int, (int)2, (int)128, (int)1, (int)16, (int)4>(char *, at::native::<unnamed>::CatArrInputTensorMetadata<T1, T2, T4, T5>, at::native::<unnamed>::TensorSizeStride<T2, (unsigned int)4>, int, T2)",1,0.001248
6,echo,revisit,candidate,compute_graph_projection_layer_5_q_128,"void at::native::elementwise_kernel<(int)128, (int)4, void at::native::gpu_kernel_impl_nocast<at::native::direct_copy_kernel_cuda(at::TensorIteratorBase &)::[lambda() (instance 3)]::operator ()() const::[lambda() (instance 12)]::operator ()() const::[lambda(c10::BFloat16) (instance 1)]>(at::TensorIteratorBase &, const T1 &)::[lambda(int) (instance 1)]>(int, T3)",1,0.002336
6,echo,revisit,candidate,compute_graph_projection_layer_5_q_128,kernel_cutlass_kernel_operatorsdeepseek_v32norm_plainLocalPlainRMSNorm_object_at__tensorptrbf16gmemalign128oi645125121_tensorptrf32gmemalign16o5121_tensorptrbf16gmemalign128oi645125121____0,1,0.001408
6,echo,revisit,candidate,compute_graph_projection_layer_5_q_128,"void flashinfer::BatchQKApplyRotaryPosIdsCosSinCacheHeadParallelismKernel<(bool)1, (unsigned int)64, (unsigned int)8, (unsigned int)8, __nv_bfloat16, long>(T5 *, T5 *, T5 *, T5 *, float *, T6 *, unsigned int, unsigned int, unsigned int, unsigned int, unsigned long, unsigned long, unsigned long, unsigned long, unsigned long, unsigned long, unsigned long, unsigned long)",1,0.002688
6,echo,revisit,candidate,compute_graph_projection_layer_5_q_128,"void at::native::<unnamed>::vectorized_layer_norm_kernel<float, float, (bool)0>(int, T2, const T1 *, const T1 *, const T1 *, T2 *, T2 *, T1 *)",1,0.002816
6,echo,revisit,candidate,compute_graph_projection_layer_5_q_128,"void at::native::vectorized_elementwise_kernel<(int)8, at::native::bfloat16_copy_kernel_cuda(at::TensorIteratorBase &)::[lambda(float) (instance 1)], std::array<char *, (unsigned long)2>>(int, T2, T3)",1,0.001088
6,echo,revisit,candidate,compute_graph_projection_layer_5_q_128,"void flashinfer::BatchQKApplyRotaryPosIdsCosSinCacheHeadParallelismKernel<(bool)0, (unsigned int)128, (unsigned int)8, (unsigned int)16, __nv_bfloat16, long>(T5 *, T5 *, T5 *, T5 *, float *, T6 *, unsigned int, unsigned int, unsigned int, unsigned int, unsigned long, unsigned long, unsigned long, unsigned long, unsigned long, unsigned long, unsigned long, unsigned long)",1,0.00224
6,echo,revisit,candidate,compute_graph_projection_layer_5_q_128,quantize_kernel,2,0.002848
6,echo,revisit,candidate,compute_graph_projection_layer_5_q_128,"void at::native::vectorized_elementwise_kernel<(int)4, at::native::AUnaryFunctor<float, float, float, at::native::binary_internal::MulFunctor<float>>, std::array<char *, (unsigned long)2>>(int, T2, T3)",2,0.002048
6,echo,revisit,candidate,compute_graph_projection_layer_5_q_128,"void at::native::vectorized_elementwise_kernel<(int)4, at::native::BinaryFunctor<float, float, float, at::native::binary_internal::MulFunctor<float>>, std::array<char *, (unsigned long)3>>(int, T2, T3)",1,0.00112
6,echo,revisit,candidate,compute_graph_projection_layer_5_q_128,"void at::native::<unnamed>::CatArrayBatchedCopy_vectorized<at::native::<unnamed>::OpaqueType<(unsigned int)2>, unsigned int, (int)2, (int)128, (int)1, (int)16, (int)8>(char *, at::native::<unnamed>::CatArrInputTensorMetadata<T1, T2, T4, T5>, at::native::<unnamed>::TensorSizeStride<T2, (unsigned int)4>, int, T2)",1,0.001888
6,echo,revisit,candidate,compute_graph_finish_layer_5_q_128,kernel_cutlass_kernel_operatorsdeepseek_v32norm_fusedLocalFusedRMSNorm_object_at__tensorptrbf16gmemalign128oi64716871681_tensorptrbf16gmemalign128oi64716871681_tensorptrf32gmemalign16o716_0,1,0.003296
6,echo,revisit,candidate,compute_graph_finish_layer_5_q_128,"void flashinfer::activation::act_and_mul_kernel<__nv_bfloat16, &silu>(T1 *, const T1 *, int)",1,0.004736
6,echo,revisit,candidate,compute_graph_projection_layer_6_q_128,kernel_cutlass_kernel_operatorsdeepseek_v32norm_plainLocalPlainRMSNorm_object_at__tensorptrbf16gmemalign128oi64716871681_tensorptrf32gmemalign16o71681_tensorptrbf16gmemalign128oi647168716_0,1,0.002688
6,echo,revisit,candidate,compute_graph_projection_layer_6_q_128,"void at::native::elementwise_kernel<(int)128, (int)2, void at::native::gpu_kernel_impl_nocast<at::native::CUDAFunctor_add<long>>(at::TensorIteratorBase &, const T1 &)::[lambda(int) (instance 1)]>(int, T3)",1,0.00176
6,echo,revisit,candidate,compute_graph_projection_layer_6_q_128,"void at::native::unrolled_elementwise_kernel<at::native::direct_copy_kernel_cuda(at::TensorIteratorBase &)::[lambda() (instance 3)]::operator ()() const::[lambda() (instance 7)]::operator ()() const::[lambda(float) (instance 1)], std::array<char *, (unsigned long)2>, (int)4, TrivialOffsetCalculator<(int)1, unsigned int>, TrivialOffsetCalculator<(int)1, unsigned int>, at::native::memory::LoadWithCast<(int)1>, at::native::memory::StoreWithCast<(int)1>>(int, T1, T2, T4, T5, T6, T7)",3,0.00784
6,echo,revisit,candidate,compute_graph_projection_layer_6_q_128,kernel_cutlass_kernel_operatorsdeepseek_v32norm_plainLocalPlainRMSNorm_object_at__tensorptrbf16gmemalign128oi64153615361_tensorptrf32gmemalign16o15361_tensorptrbf16gmemalign128oi641536153_0,1,0.00208
6,echo,revisit,candidate,compute_graph_projection_layer_6_q_128,"void at::native::elementwise_kernel<(int)128, (int)2, void at::native::gpu_kernel_impl_nocast<at::native::BinaryFunctor<float, float, float, at::native::binary_internal::MulFunctor<float>>>(at::TensorIteratorBase &, const T1 &)::[lambda(int) (instance 1)]>(int, T3)",1,0.001696
6,echo,revisit,candidate,compute_graph_projection_layer_6_q_128,"void <unnamed>::elementwise_kernel_with_index<int, at::native::arange_cuda_out(const c10::Scalar &, const c10::Scalar &, const c10::Scalar &, at::Tensor &)::[lambda() (instance 1)]::operator ()() const::[lambda() (instance 4)]::operator ()() const::[lambda(long) (instance 1)]>(T1, T2, function_traits<T2>::result_type *)",1,0.0008
6,echo,revisit,candidate,compute_graph_projection_layer_6_q_128,"void at::native::vectorized_elementwise_kernel<(int)4, at::native::cos_kernel_cuda(at::TensorIteratorBase &)::[lambda() (instance 2)]::operator ()() const::[lambda() (instance 2)]::operator ()() const::[lambda(float) (instance 1)], std::array<char *, (unsigned long)2>>(int, T2, T3)",1,0.001632
6,echo,revisit,candidate,compute_graph_projection_layer_6_q_128,"void at::native::vectorized_elementwise_kernel<(int)4, at::native::sin_kernel_cuda(at::TensorIteratorBase &)::[lambda() (instance 2)]::operator ()() const::[lambda() (instance 2)]::operator ()() const::[lambda(float) (instance 1)], std::array<char *, (unsigned long)2>>(int, T2, T3)",1,0.001664
6,echo,revisit,candidate,compute_graph_projection_layer_6_q_128,"void at::native::<unnamed>::CatArrayBatchedCopy_vectorized<at::native::<unnamed>::OpaqueType<(unsigned int)4>, unsigned int, (int)2, (int)128, (int)1, (int)16, (int)4>(char *, at::native::<unnamed>::CatArrInputTensorMetadata<T1, T2, T4, T5>, at::native::<unnamed>::TensorSizeStride<T2, (unsigned int)4>, int, T2)",1,0.00128
6,echo,revisit,candidate,compute_graph_projection_layer_6_q_128,"void at::native::elementwise_kernel<(int)128, (int)4, void at::native::gpu_kernel_impl_nocast<at::native::direct_copy_kernel_cuda(at::TensorIteratorBase &)::[lambda() (instance 3)]::operator ()() const::[lambda() (instance 12)]::operator ()() const::[lambda(c10::BFloat16) (instance 1)]>(at::TensorIteratorBase &, const T1 &)::[lambda(int) (instance 1)]>(int, T3)",1,0.002304
6,echo,revisit,candidate,compute_graph_projection_layer_6_q_128,kernel_cutlass_kernel_operatorsdeepseek_v32norm_plainLocalPlainRMSNorm_object_at__tensorptrbf16gmemalign128oi645125121_tensorptrf32gmemalign16o5121_tensorptrbf16gmemalign128oi645125121____0,1,0.0016
6,echo,revisit,candidate,compute_graph_projection_layer_6_q_128,"void flashinfer::BatchQKApplyRotaryPosIdsCosSinCacheHeadParallelismKernel<(bool)1, (unsigned int)64, (unsigned int)8, (unsigned int)8, __nv_bfloat16, long>(T5 *, T5 *, T5 *, T5 *, float *, T6 *, unsigned int, unsigned int, unsigned int, unsigned int, unsigned long, unsigned long, unsigned long, unsigned long, unsigned long, unsigned long, unsigned long, unsigned long)",1,0.002688
6,echo,revisit,candidate,compute_graph_projection_layer_6_q_128,"void at::native::<unnamed>::vectorized_layer_norm_kernel<float, float, (bool)0>(int, T2, const T1 *, const T1 *, const T1 *, T2 *, T2 *, T1 *)",1,0.003104
6,echo,revisit,candidate,compute_graph_projection_layer_6_q_128,"void at::native::vectorized_elementwise_kernel<(int)8, at::native::bfloat16_copy_kernel_cuda(at::TensorIteratorBase &)::[lambda(float) (instance 1)], std::array<char *, (unsigned long)2>>(int, T2, T3)",1,0.001184
6,echo,revisit,candidate,compute_graph_projection_layer_6_q_128,"void flashinfer::BatchQKApplyRotaryPosIdsCosSinCacheHeadParallelismKernel<(bool)0, (unsigned int)128, (unsigned int)8, (unsigned int)16, __nv_bfloat16, long>(T5 *, T5 *, T5 *, T5 *, float *, T6 *, unsigned int, unsigned int, unsigned int, unsigned int, unsigned long, unsigned long, unsigned long, unsigned long, unsigned long, unsigned long, unsigned long, unsigned long)",1,0.002368
6,echo,revisit,candidate,compute_graph_projection_layer_6_q_128,quantize_kernel,2,0.00288
6,echo,revisit,candidate,compute_graph_projection_layer_6_q_128,"void at::native::vectorized_elementwise_kernel<(int)4, at::native::AUnaryFunctor<float, float, float, at::native::binary_internal::MulFunctor<float>>, std::array<char *, (unsigned long)2>>(int, T2, T3)",2,0.002016
6,echo,revisit,candidate,compute_graph_projection_layer_6_q_128,"void at::native::vectorized_elementwise_kernel<(int)4, at::native::BinaryFunctor<float, float, float, at::native::binary_internal::MulFunctor<float>>, std::array<char *, (unsigned long)3>>(int, T2, T3)",1,0.00112
6,echo,revisit,candidate,compute_graph_projection_layer_6_q_128,"void at::native::<unnamed>::CatArrayBatchedCopy_vectorized<at::native::<unnamed>::OpaqueType<(unsigned int)2>, unsigned int, (int)2, (int)128, (int)1, (int)16, (int)8>(char *, at::native::<unnamed>::CatArrInputTensorMetadata<T1, T2, T4, T5>, at::native::<unnamed>::TensorSizeStride<T2, (unsigned int)4>, int, T2)",1,0.00176
6,echo,revisit,candidate,compute_graph_finish_layer_6_q_128,kernel_cutlass_kernel_operatorsdeepseek_v32norm_fusedLocalFusedRMSNorm_object_at__tensorptrbf16gmemalign128oi64716871681_tensorptrbf16gmemalign128oi64716871681_tensorptrf32gmemalign16o716_0,1,0.003264
6,echo,revisit,candidate,compute_graph_finish_layer_6_q_128,"void flashinfer::activation::act_and_mul_kernel<__nv_bfloat16, &silu>(T1 *, const T1 *, int)",1,0.004768
6,echo,revisit,candidate,compute_graph_projection_layer_7_q_128,kernel_cutlass_kernel_operatorsdeepseek_v32norm_fusedLocalFusedRMSNorm_object_at__tensorptrbf16gmemalign128oi64716871681_tensorptrbf16gmemalign128oi64716871681_tensorptrf32gmemalign16o716_0,1,0.003584
6,echo,revisit,candidate,compute_graph_projection_layer_7_q_128,"void at::native::elementwise_kernel<(int)128, (int)2, void at::native::gpu_kernel_impl_nocast<at::native::CUDAFunctor_add<long>>(at::TensorIteratorBase &, const T1 &)::[lambda(int) (instance 1)]>(int, T3)",1,0.001984
6,echo,revisit,candidate,compute_graph_projection_layer_7_q_128,"void at::native::unrolled_elementwise_kernel<at::native::direct_copy_kernel_cuda(at::TensorIteratorBase &)::[lambda() (instance 3)]::operator ()() const::[lambda() (instance 7)]::operator ()() const::[lambda(float) (instance 1)], std::array<char *, (unsigned long)2>, (int)4, TrivialOffsetCalculator<(int)1, unsigned int>, TrivialOffsetCalculator<(int)1, unsigned int>, at::native::memory::LoadWithCast<(int)1>, at::native::memory::StoreWithCast<(int)1>>(int, T1, T2, T4, T5, T6, T7)",3,0.00768
6,echo,revisit,candidate,compute_graph_projection_layer_7_q_128,kernel_cutlass_kernel_operatorsdeepseek_v32norm_plainLocalPlainRMSNorm_object_at__tensorptrbf16gmemalign128oi64153615361_tensorptrf32gmemalign16o15361_tensorptrbf16gmemalign128oi641536153_0,1,0.002048
6,echo,revisit,candidate,compute_graph_projection_layer_7_q_128,"void at::native::elementwise_kernel<(int)128, (int)2, void at::native::gpu_kernel_impl_nocast<at::native::BinaryFunctor<float, float, float, at::native::binary_internal::MulFunctor<float>>>(at::TensorIteratorBase &, const T1 &)::[lambda(int) (instance 1)]>(int, T3)",1,0.001504
6,echo,revisit,candidate,compute_graph_projection_layer_7_q_128,"void <unnamed>::elementwise_kernel_with_index<int, at::native::arange_cuda_out(const c10::Scalar &, const c10::Scalar &, const c10::Scalar &, at::Tensor &)::[lambda() (instance 1)]::operator ()() const::[lambda() (instance 4)]::operator ()() const::[lambda(long) (instance 1)]>(T1, T2, function_traits<T2>::result_type *)",1,0.000832
6,echo,revisit,candidate,compute_graph_projection_layer_7_q_128,"void at::native::vectorized_elementwise_kernel<(int)4, at::native::cos_kernel_cuda(at::TensorIteratorBase &)::[lambda() (instance 2)]::operator ()() const::[lambda() (instance 2)]::operator ()() const::[lambda(float) (instance 1)], std::array<char *, (unsigned long)2>>(int, T2, T3)",1,0.0016
6,echo,revisit,candidate,compute_graph_projection_layer_7_q_128,"void at::native::vectorized_elementwise_kernel<(int)4, at::native::sin_kernel_cuda(at::TensorIteratorBase &)::[lambda() (instance 2)]::operator ()() const::[lambda() (instance 2)]::operator ()() const::[lambda(float) (instance 1)], std::array<char *, (unsigned long)2>>(int, T2, T3)",1,0.001632
6,echo,revisit,candidate,compute_graph_projection_layer_7_q_128,"void at::native::<unnamed>::CatArrayBatchedCopy_vectorized<at::native::<unnamed>::OpaqueType<(unsigned int)4>, unsigned int, (int)2, (int)128, (int)1, (int)16, (int)4>(char *, at::native::<unnamed>::CatArrInputTensorMetadata<T1, T2, T4, T5>, at::native::<unnamed>::TensorSizeStride<T2, (unsigned int)4>, int, T2)",1,0.001248
6,echo,revisit,candidate,compute_graph_projection_layer_7_q_128,"void at::native::elementwise_kernel<(int)128, (int)4, void at::native::gpu_kernel_impl_nocast<at::native::direct_copy_kernel_cuda(at::TensorIteratorBase &)::[lambda() (instance 3)]::operator ()() const::[lambda() (instance 12)]::operator ()() const::[lambda(c10::BFloat16) (instance 1)]>(at::TensorIteratorBase &, const T1 &)::[lambda(int) (instance 1)]>(int, T3)",1,0.00224
6,echo,revisit,candidate,compute_graph_projection_layer_7_q_128,kernel_cutlass_kernel_operatorsdeepseek_v32norm_plainLocalPlainRMSNorm_object_at__tensorptrbf16gmemalign128oi645125121_tensorptrf32gmemalign16o5121_tensorptrbf16gmemalign128oi645125121____0,1,0.001344
6,echo,revisit,candidate,compute_graph_projection_layer_7_q_128,"void flashinfer::BatchQKApplyRotaryPosIdsCosSinCacheHeadParallelismKernel<(bool)1, (unsigned int)64, (unsigned int)8, (unsigned int)8, __nv_bfloat16, long>(T5 *, T5 *, T5 *, T5 *, float *, T6 *, unsigned int, unsigned int, unsigned int, unsigned int, unsigned long, unsigned long, unsigned long, unsigned long, unsigned long, unsigned long, unsigned long, unsigned long)",1,0.002688
6,echo,revisit,candidate,compute_graph_projection_layer_7_q_128,"void at::native::<unnamed>::vectorized_layer_norm_kernel<float, float, (bool)0>(int, T2, const T1 *, const T1 *, const T1 *, T2 *, T2 *, T1 *)",1,0.00288
6,echo,revisit,candidate,compute_graph_projection_layer_7_q_128,"void at::native::vectorized_elementwise_kernel<(int)8, at::native::bfloat16_copy_kernel_cuda(at::TensorIteratorBase &)::[lambda(float) (instance 1)], std::array<char *, (unsigned long)2>>(int, T2, T3)",1,0.001152
6,echo,revisit,candidate,compute_graph_projection_layer_7_q_128,"void flashinfer::BatchQKApplyRotaryPosIdsCosSinCacheHeadParallelismKernel<(bool)0, (unsigned int)128, (unsigned int)8, (unsigned int)16, __nv_bfloat16, long>(T5 *, T5 *, T5 *, T5 *, float *, T6 *, unsigned int, unsigned int, unsigned int, unsigned int, unsigned long, unsigned long, unsigned long, unsigned long, unsigned long, unsigned long, unsigned long, unsigned long)",1,0.002368
6,echo,revisit,candidate,compute_graph_projection_layer_7_q_128,quantize_kernel,2,0.00288
6,echo,revisit,candidate,compute_graph_projection_layer_7_q_128,"void at::native::vectorized_elementwise_kernel<(int)4, at::native::AUnaryFunctor<float, float, float, at::native::binary_internal::MulFunctor<float>>, std::array<char *, (unsigned long)2>>(int, T2, T3)",2,0.002112
6,echo,revisit,candidate,compute_graph_projection_layer_7_q_128,"void at::native::vectorized_elementwise_kernel<(int)4, at::native::BinaryFunctor<float, float, float, at::native::binary_internal::MulFunctor<float>>, std::array<char *, (unsigned long)3>>(int, T2, T3)",1,0.001184
6,echo,revisit,candidate,compute_graph_projection_layer_7_q_128,"void at::native::<unnamed>::CatArrayBatchedCopy_vectorized<at::native::<unnamed>::OpaqueType<(unsigned int)2>, unsigned int, (int)2, (int)128, (int)1, (int)16, (int)8>(char *, at::native::<unnamed>::CatArrInputTensorMetadata<T1, T2, T4, T5>, at::native::<unnamed>::TensorSizeStride<T2, (unsigned int)4>, int, T2)",1,0.002048
6,echo,revisit,candidate,compute_graph_finish_layer_7_q_128,kernel_cutlass_kernel_operatorsdeepseek_v32norm_fusedLocalFusedRMSNorm_object_at__tensorptrbf16gmemalign128oi64716871681_tensorptrbf16gmemalign128oi64716871681_tensorptrf32gmemalign16o716_0,1,0.003296
6,echo,revisit,candidate,compute_graph_finish_layer_7_q_128,"void flashinfer::activation::act_and_mul_kernel<__nv_bfloat16, &silu>(T1 *, const T1 *, int)",1,0.005152
6,echo,revisit,candidate,compute_graph_projection_layer_8_q_128,kernel_cutlass_kernel_operatorsdeepseek_v32norm_fusedLocalFusedRMSNorm_object_at__tensorptrbf16gmemalign128oi64716871681_tensorptrbf16gmemalign128oi64716871681_tensorptrf32gmemalign16o716_0,1,0.003072
6,echo,revisit,candidate,compute_graph_projection_layer_8_q_128,"void at::native::elementwise_kernel<(int)128, (int)2, void at::native::gpu_kernel_impl_nocast<at::native::CUDAFunctor_add<long>>(at::TensorIteratorBase &, const T1 &)::[lambda(int) (instance 1)]>(int, T3)",1,0.001696
6,echo,revisit,candidate,compute_graph_projection_layer_8_q_128,"void at::native::unrolled_elementwise_kernel<at::native::direct_copy_kernel_cuda(at::TensorIteratorBase &)::[lambda() (instance 3)]::operator ()() const::[lambda() (instance 7)]::operator ()() const::[lambda(float) (instance 1)], std::array<char *, (unsigned long)2>, (int)4, TrivialOffsetCalculator<(int)1, unsigned int>, TrivialOffsetCalculator<(int)1, unsigned int>, at::native::memory::LoadWithCast<(int)1>, at::native::memory::StoreWithCast<(int)1>>(int, T1, T2, T4, T5, T6, T7)",3,0.007776
6,echo,revisit,candidate,compute_graph_projection_layer_8_q_128,kernel_cutlass_kernel_operatorsdeepseek_v32norm_plainLocalPlainRMSNorm_object_at__tensorptrbf16gmemalign128oi64153615361_tensorptrf32gmemalign16o15361_tensorptrbf16gmemalign128oi641536153_0,1,0.002112
6,echo,revisit,candidate,compute_graph_projection_layer_8_q_128,"void at::native::elementwise_kernel<(int)128, (int)2, void at::native::gpu_kernel_impl_nocast<at::native::BinaryFunctor<float, float, float, at::native::binary_internal::MulFunctor<float>>>(at::TensorIteratorBase &, const T1 &)::[lambda(int) (instance 1)]>(int, T3)",1,0.00144
6,echo,revisit,candidate,compute_graph_projection_layer_8_q_128,"void <unnamed>::elementwise_kernel_with_index<int, at::native::arange_cuda_out(const c10::Scalar &, const c10::Scalar &, const c10::Scalar &, at::Tensor &)::[lambda() (instance 1)]::operator ()() const::[lambda() (instance 4)]::operator ()() const::[lambda(long) (instance 1)]>(T1, T2, function_traits<T2>::result_type *)",1,0.000736
6,echo,revisit,candidate,compute_graph_projection_layer_8_q_128,"void at::native::vectorized_elementwise_kernel<(int)4, at::native::cos_kernel_cuda(at::TensorIteratorBase &)::[lambda() (instance 2)]::operator ()() const::[lambda() (instance 2)]::operator ()() const::[lambda(float) (instance 1)], std::array<char *, (unsigned long)2>>(int, T2, T3)",1,0.001568
6,echo,revisit,candidate,compute_graph_projection_layer_8_q_128,"void at::native::vectorized_elementwise_kernel<(int)4, at::native::sin_kernel_cuda(at::TensorIteratorBase &)::[lambda() (instance 2)]::operator ()() const::[lambda() (instance 2)]::operator ()() const::[lambda(float) (instance 1)], std::array<char *, (unsigned long)2>>(int, T2, T3)",1,0.0016
6,echo,revisit,candidate,compute_graph_projection_layer_8_q_128,"void at::native::<unnamed>::CatArrayBatchedCopy_vectorized<at::native::<unnamed>::OpaqueType<(unsigned int)4>, unsigned int, (int)2, (int)128, (int)1, (int)16, (int)4>(char *, at::native::<unnamed>::CatArrInputTensorMetadata<T1, T2, T4, T5>, at::native::<unnamed>::TensorSizeStride<T2, (unsigned int)4>, int, T2)",1,0.001248
6,echo,revisit,candidate,compute_graph_projection_layer_8_q_128,"void at::native::elementwise_kernel<(int)128, (int)4, void at::native::gpu_kernel_impl_nocast<at::native::direct_copy_kernel_cuda(at::TensorIteratorBase &)::[lambda() (instance 3)]::operator ()() const::[lambda() (instance 12)]::operator ()() const::[lambda(c10::BFloat16) (instance 1)]>(at::TensorIteratorBase &, const T1 &)::[lambda(int) (instance 1)]>(int, T3)",1,0.002272
6,echo,revisit,candidate,compute_graph_projection_layer_8_q_128,kernel_cutlass_kernel_operatorsdeepseek_v32norm_plainLocalPlainRMSNorm_object_at__tensorptrbf16gmemalign128oi645125121_tensorptrf32gmemalign16o5121_tensorptrbf16gmemalign128oi645125121____0,1,0.001376
6,echo,revisit,candidate,compute_graph_projection_layer_8_q_128,"void flashinfer::BatchQKApplyRotaryPosIdsCosSinCacheHeadParallelismKernel<(bool)1, (unsigned int)64, (unsigned int)8, (unsigned int)8, __nv_bfloat16, long>(T5 *, T5 *, T5 *, T5 *, float *, T6 *, unsigned int, unsigned int, unsigned int, unsigned int, unsigned long, unsigned long, unsigned long, unsigned long, unsigned long, unsigned long, unsigned long, unsigned long)",1,0.00272
6,echo,revisit,candidate,compute_graph_projection_layer_8_q_128,"void at::native::<unnamed>::vectorized_layer_norm_kernel<float, float, (bool)0>(int, T2, const T1 *, const T1 *, const T1 *, T2 *, T2 *, T1 *)",1,0.002848
6,echo,revisit,candidate,compute_graph_projection_layer_8_q_128,"void at::native::vectorized_elementwise_kernel<(int)8, at::native::bfloat16_copy_kernel_cuda(at::TensorIteratorBase &)::[lambda(float) (instance 1)], std::array<char *, (unsigned long)2>>(int, T2, T3)",1,0.001184
6,echo,revisit,candidate,compute_graph_projection_layer_8_q_128,"void flashinfer::BatchQKApplyRotaryPosIdsCosSinCacheHeadParallelismKernel<(bool)0, (unsigned int)128, (unsigned int)8, (unsigned int)16, __nv_bfloat16, long>(T5 *, T5 *, T5 *, T5 *, float *, T6 *, unsigned int, unsigned int, unsigned int, unsigned int, unsigned long, unsigned long, unsigned long, unsigned long, unsigned long, unsigned long, unsigned long, unsigned long)",1,0.002304
6,echo,revisit,candidate,compute_graph_projection_layer_8_q_128,quantize_kernel,2,0.002976
6,echo,revisit,candidate,compute_graph_projection_layer_8_q_128,"void at::native::vectorized_elementwise_kernel<(int)4, at::native::AUnaryFunctor<float, float, float, at::native::binary_internal::MulFunctor<float>>, std::array<char *, (unsigned long)2>>(int, T2, T3)",2,0.002048
6,echo,revisit,candidate,compute_graph_projection_layer_8_q_128,"void at::native::vectorized_elementwise_kernel<(int)4, at::native::BinaryFunctor<float, float, float, at::native::binary_internal::MulFunctor<float>>, std::array<char *, (unsigned long)3>>(int, T2, T3)",1,0.00112
6,echo,revisit,candidate,compute_graph_projection_layer_8_q_128,"void at::native::<unnamed>::CatArrayBatchedCopy_vectorized<at::native::<unnamed>::OpaqueType<(unsigned int)2>, unsigned int, (int)2, (int)128, (int)1, (int)16, (int)8>(char *, at::native::<unnamed>::CatArrInputTensorMetadata<T1, T2, T4, T5>, at::native::<unnamed>::TensorSizeStride<T2, (unsigned int)4>, int, T2)",1,0.001888
6,echo,revisit,candidate,compute_graph_finish_layer_8_q_128,kernel_cutlass_kernel_operatorsdeepseek_v32norm_fusedLocalFusedRMSNorm_object_at__tensorptrbf16gmemalign128oi64716871681_tensorptrbf16gmemalign128oi64716871681_tensorptrf32gmemalign16o716_0,1,0.003264
6,echo,revisit,candidate,compute_graph_finish_layer_8_q_128,"void flashinfer::activation::act_and_mul_kernel<__nv_bfloat16, &silu>(T1 *, const T1 *, int)",1,0.004832
6,echo,revisit,candidate,compute_graph_projection_layer_9_q_128,kernel_cutlass_kernel_operatorsdeepseek_v32norm_plainLocalPlainRMSNorm_object_at__tensorptrbf16gmemalign128oi64716871681_tensorptrf32gmemalign16o71681_tensorptrbf16gmemalign128oi647168716_0,1,0.00272
6,echo,revisit,candidate,compute_graph_projection_layer_9_q_128,"void at::native::elementwise_kernel<(int)128, (int)2, void at::native::gpu_kernel_impl_nocast<at::native::CUDAFunctor_add<long>>(at::TensorIteratorBase &, const T1 &)::[lambda(int) (instance 1)]>(int, T3)",1,0.001504
6,echo,revisit,candidate,compute_graph_projection_layer_9_q_128,"void at::native::unrolled_elementwise_kernel<at::native::direct_copy_kernel_cuda(at::TensorIteratorBase &)::[lambda() (instance 3)]::operator ()() const::[lambda() (instance 7)]::operator ()() const::[lambda(float) (instance 1)], std::array<char *, (unsigned long)2>, (int)4, TrivialOffsetCalculator<(int)1, unsigned int>, TrivialOffsetCalculator<(int)1, unsigned int>, at::native::memory::LoadWithCast<(int)1>, at::native::memory::StoreWithCast<(int)1>>(int, T1, T2, T4, T5, T6, T7)",3,0.007648
6,echo,revisit,candidate,compute_graph_projection_layer_9_q_128,kernel_cutlass_kernel_operatorsdeepseek_v32norm_plainLocalPlainRMSNorm_object_at__tensorptrbf16gmemalign128oi64153615361_tensorptrf32gmemalign16o15361_tensorptrbf16gmemalign128oi641536153_0,1,0.002016
6,echo,revisit,candidate,compute_graph_projection_layer_9_q_128,"void at::native::elementwise_kernel<(int)128, (int)2, void at::native::gpu_kernel_impl_nocast<at::native::BinaryFunctor<float, float, float, at::native::binary_internal::MulFunctor<float>>>(at::TensorIteratorBase &, const T1 &)::[lambda(int) (instance 1)]>(int, T3)",1,0.001376
6,echo,revisit,candidate,compute_graph_projection_layer_9_q_128,"void <unnamed>::elementwise_kernel_with_index<int, at::native::arange_cuda_out(const c10::Scalar &, const c10::Scalar &, const c10::Scalar &, at::Tensor &)::[lambda() (instance 1)]::operator ()() const::[lambda() (instance 4)]::operator ()() const::[lambda(long) (instance 1)]>(T1, T2, function_traits<T2>::result_type *)",1,0.000736
6,echo,revisit,candidate,compute_graph_projection_layer_9_q_128,"void at::native::vectorized_elementwise_kernel<(int)4, at::native::cos_kernel_cuda(at::TensorIteratorBase &)::[lambda() (instance 2)]::operator ()() const::[lambda() (instance 2)]::operator ()() const::[lambda(float) (instance 1)], std::array<char *, (unsigned long)2>>(int, T2, T3)",1,0.0016
6,echo,revisit,candidate,compute_graph_projection_layer_9_q_128,"void at::native::vectorized_elementwise_kernel<(int)4, at::native::sin_kernel_cuda(at::TensorIteratorBase &)::[lambda() (instance 2)]::operator ()() const::[lambda() (instance 2)]::operator ()() const::[lambda(float) (instance 1)], std::array<char *, (unsigned long)2>>(int, T2, T3)",1,0.001568
6,echo,revisit,candidate,compute_graph_projection_layer_9_q_128,"void at::native::<unnamed>::CatArrayBatchedCopy_vectorized<at::native::<unnamed>::OpaqueType<(unsigned int)4>, unsigned int, (int)2, (int)128, (int)1, (int)16, (int)4>(char *, at::native::<unnamed>::CatArrInputTensorMetadata<T1, T2, T4, T5>, at::native::<unnamed>::TensorSizeStride<T2, (unsigned int)4>, int, T2)",1,0.001248
6,echo,revisit,candidate,compute_graph_projection_layer_9_q_128,"void at::native::elementwise_kernel<(int)128, (int)4, void at::native::gpu_kernel_impl_nocast<at::native::direct_copy_kernel_cuda(at::TensorIteratorBase &)::[lambda() (instance 3)]::operator ()() const::[lambda() (instance 12)]::operator ()() const::[lambda(c10::BFloat16) (instance 1)]>(at::TensorIteratorBase &, const T1 &)::[lambda(int) (instance 1)]>(int, T3)",1,0.002304
6,echo,revisit,candidate,compute_graph_projection_layer_9_q_128,kernel_cutlass_kernel_operatorsdeepseek_v32norm_plainLocalPlainRMSNorm_object_at__tensorptrbf16gmemalign128oi645125121_tensorptrf32gmemalign16o5121_tensorptrbf16gmemalign128oi645125121____0,1,0.001472
6,echo,revisit,candidate,compute_graph_projection_layer_9_q_128,"void flashinfer::BatchQKApplyRotaryPosIdsCosSinCacheHeadParallelismKernel<(bool)1, (unsigned int)64, (unsigned int)8, (unsigned int)8, __nv_bfloat16, long>(T5 *, T5 *, T5 *, T5 *, float *, T6 *, unsigned int, unsigned int, unsigned int, unsigned int, unsigned long, unsigned long, unsigned long, unsigned long, unsigned long, unsigned long, unsigned long, unsigned long)",1,0.002784
6,echo,revisit,candidate,compute_graph_projection_layer_9_q_128,"void at::native::<unnamed>::vectorized_layer_norm_kernel<float, float, (bool)0>(int, T2, const T1 *, const T1 *, const T1 *, T2 *, T2 *, T1 *)",1,0.002848
6,echo,revisit,candidate,compute_graph_projection_layer_9_q_128,"void at::native::vectorized_elementwise_kernel<(int)8, at::native::bfloat16_copy_kernel_cuda(at::TensorIteratorBase &)::[lambda(float) (instance 1)], std::array<char *, (unsigned long)2>>(int, T2, T3)",1,0.001184
6,echo,revisit,candidate,compute_graph_projection_layer_9_q_128,"void flashinfer::BatchQKApplyRotaryPosIdsCosSinCacheHeadParallelismKernel<(bool)0, (unsigned int)128, (unsigned int)8, (unsigned int)16, __nv_bfloat16, long>(T5 *, T5 *, T5 *, T5 *, float *, T6 *, unsigned int, unsigned int, unsigned int, unsigned int, unsigned long, unsigned long, unsigned long, unsigned long, unsigned long, unsigned long, unsigned long, unsigned long)",1,0.002368
6,echo,revisit,candidate,compute_graph_projection_layer_9_q_128,quantize_kernel,2,0.002944
6,echo,revisit,candidate,compute_graph_projection_layer_9_q_128,"void at::native::vectorized_elementwise_kernel<(int)4, at::native::AUnaryFunctor<float, float, float, at::native::binary_internal::MulFunctor<float>>, std::array<char *, (unsigned long)2>>(int, T2, T3)",2,0.002112
6,echo,revisit,candidate,compute_graph_projection_layer_9_q_128,"void at::native::vectorized_elementwise_kernel<(int)4, at::native::BinaryFunctor<float, float, float, at::native::binary_internal::MulFunctor<float>>, std::array<char *, (unsigned long)3>>(int, T2, T3)",1,0.001184
6,echo,revisit,candidate,compute_graph_projection_layer_9_q_128,"void at::native::<unnamed>::CatArrayBatchedCopy_vectorized<at::native::<unnamed>::OpaqueType<(unsigned int)2>, unsigned int, (int)2, (int)128, (int)1, (int)16, (int)8>(char *, at::native::<unnamed>::CatArrInputTensorMetadata<T1, T2, T4, T5>, at::native::<unnamed>::TensorSizeStride<T2, (unsigned int)4>, int, T2)",1,0.00208
6,echo,revisit,candidate,compute_graph_finish_layer_9_q_128,kernel_cutlass_kernel_operatorsdeepseek_v32norm_fusedLocalFusedRMSNorm_object_at__tensorptrbf16gmemalign128oi64716871681_tensorptrbf16gmemalign128oi64716871681_tensorptrf32gmemalign16o716_0,1,0.003232
6,echo,revisit,candidate,compute_graph_finish_layer_9_q_128,"void flashinfer::activation::act_and_mul_kernel<__nv_bfloat16, &silu>(T1 *, const T1 *, int)",1,0.004832
6,echo,revisit,candidate,final_norm_lm_head,"void at::native::unrolled_elementwise_kernel<at::native::direct_copy_kernel_cuda(at::TensorIteratorBase &)::[lambda() (instance 3)]::operator ()() const::[lambda() (instance 7)]::operator ()() const::[lambda(float) (instance 1)], std::array<char *, (unsigned long)2>, (int)4, TrivialOffsetCalculator<(int)1, unsigned int>, TrivialOffsetCalculator<(int)1, unsigned int>, at::native::memory::LoadWithCast<(int)1>, at::native::memory::StoreWithCast<(int)1>>(int, T1, T2, T4, T5, T6, T7)",3,0.011296
6,echo,revisit,candidate,final_norm_lm_head,"void at::native::vectorized_elementwise_kernel<(int)4, at::native::CUDAFunctor_add<float>, std::array<char *, (unsigned long)3>>(int, T2, T3)",1,0.002848
6,echo,revisit,candidate,final_norm_lm_head,kernel_cutlass_kernel_flashinfernormkernelsrmsnormRMSNormKernel_object_at__tensorptrf32gmemalign128oi64716871681_tensorptrf32gmemalign16o71681_tensorptrf32gmemalign128oi64716871681___True_0,1,0.002784
6,echo,revisit,candidate,final_norm_lm_head,"void at::native::vectorized_elementwise_kernel<(int)8, at::native::bfloat16_copy_kernel_cuda(at::TensorIteratorBase &)::[lambda(float) (instance 1)], std::array<char *, (unsigned long)2>>(int, T2, T3)",1,0.00208
6,echo,revisit,request,request,MEMCPY,1,0.012544
6,echo,revisit,candidate,forward,MEMCPY,12,0.013888
6,echo,revisit,candidate,pool_operation,MEMCPY,50,0.112864
6,echo,revisit,candidate,compute_graph_projection_inputs,MEMCPY,16,0.026368
6,echo,revisit,candidate,index_cache_write,MEMCPY,20,0.01728
6,echo,revisit,candidate,cache_torch_argsort,MEMCPY,20,0.032928
6,echo,revisit,candidate,replay_input_copy,MEMCPY,11,0.022752
6,echo,revisit,candidate,chunk,MEMCPY,11,0.012704
6,echo,revisit,diagnostics,cache_metrics,MEMCPY,10,0.025088
6,echo,revisit,candidate,cache_torch_argsort,MEMSET,200,0.190562
6,echo,revisit,candidate,exact_topk,MEMSET,10,0.007936
8,serial_sparse,cold,admission,pool_allocate_session,"void at::native::vectorized_elementwise_kernel<(int)2, at::native::FillFunctor<long>, std::array<char *, (unsigned long)1>>(int, T2, T3)",1,0.000768
8,serial_sparse,cold,admission,prefix_pool_acquire,"void at::native::vectorized_elementwise_kernel<(int)4, at::native::FillFunctor<float>, std::array<char *, (unsigned long)1>>(int, T2, T3)",10,0.006816
8,serial_sparse,cold,history,forward,"void at::native::reduce_kernel<(int)512, (int)1, at::native::ReduceOp<long, at::native::func_wrapper_t<long, at::native::MinNanFunctor<long>>, unsigned int, long, (int)4, (int)4>>(T3)",1,0.012032
8,serial_sparse,cold,history,forward,"void at::native::reduce_kernel<(int)512, (int)1, at::native::ReduceOp<long, at::native::func_wrapper_t<long, at::native::MaxNanFunctor<long>>, unsigned int, long, (int)4, (int)4>>(T3)",1,0.009024
8,serial_sparse,cold,history,forward,"void at::native::vectorized_elementwise_kernel<(int)2, at::native::FillFunctor<long>, std::array<char *, (unsigned long)1>>(int, T2, T3)",5,0.00384
8,serial_sparse,cold,history,forward,"void at::native::unrolled_elementwise_kernel<at::native::FillFunctor<long>, std::array<char *, (unsigned long)1>, (int)4, TrivialOffsetCalculator<(int)0, unsigned int>, TrivialOffsetCalculator<(int)1, unsigned int>, at::native::memory::LoadWithoutCast, at::native::memory::StoreWithoutCast>(int, T1, T2, T4, T5, T6, T7)",5,0.003424
8,serial_sparse,cold,history,embedding,"void at::native::vectorized_gather_kernel<(int)16, long>(char *, char *, T2 *, int, long, long, long, long, bool)",64,0.459137
8,serial_sparse,cold,history,compute_graph_projection_inputs,"void at::native::vectorized_elementwise_kernel<(int)2, at::native::FillFunctor<long>, std::array<char *, (unsigned long)1>>(int, T2, T3)",640,0.519171
8,serial_sparse,cold,history,compute_graph_projection_layer_0_q_1024,kernel_cutlass_kernel_operatorsdeepseek_v32norm_plainLocalPlainRMSNorm_object_at__tensorptrbf16gmemalign128oi64716871681_tensorptrf32gmemalign16o71681_tensorptrbf16gmemalign128oi647168716_0,64,0.554659
8,serial_sparse,cold,history,compute_graph_projection_layer_0_q_1024,"void at::native::elementwise_kernel<(int)128, (int)2, void at::native::gpu_kernel_impl_nocast<at::native::CUDAFunctor_add<long>>(at::TensorIteratorBase &, const T1 &)::[lambda(int) (instance 1)]>(int, T3)",64,0.123584
8,serial_sparse,cold,history,compute_graph_projection_layer_0_q_1024,"void at::native::unrolled_elementwise_kernel<at::native::direct_copy_kernel_cuda(at::TensorIteratorBase &)::[lambda() (instance 3)]::operator ()() const::[lambda() (instance 7)]::operator ()() const::[lambda(float) (instance 1)], std::array<char *, (unsigned long)2>, (int)4, TrivialOffsetCalculator<(int)1, unsigned int>, TrivialOffsetCalculator<(int)1, unsigned int>, at::native::memory::LoadWithCast<(int)1>, at::native::memory::StoreWithCast<(int)1>>(int, T1, T2, T4, T5, T6, T7)",192,1.870685
8,serial_sparse,cold,history,compute_graph_projection_layer_0_q_1024,kernel_cutlass_kernel_operatorsdeepseek_v32norm_plainLocalPlainRMSNorm_object_at__tensorptrbf16gmemalign128oi64153615361_tensorptrf32gmemalign16o15361_tensorptrbf16gmemalign128oi641536153_0,64,0.192384
8,serial_sparse,cold,history,compute_graph_projection_layer_0_q_1024,"void at::native::elementwise_kernel<(int)128, (int)2, void at::native::gpu_kernel_impl_nocast<at::native::BinaryFunctor<float, float, float, at::native::binary_internal::MulFunctor<float>>>(at::TensorIteratorBase &, const T1 &)::[lambda(int) (instance 1)]>(int, T3)",64,0.11312
8,serial_sparse,cold,history,compute_graph_projection_layer_0_q_1024,"void <unnamed>::elementwise_kernel_with_index<int, at::native::arange_cuda_out(const c10::Scalar &, const c10::Scalar &, const c10::Scalar &, at::Tensor &)::[lambda() (instance 1)]::operator ()() const::[lambda() (instance 4)]::operator ()() const::[lambda(long) (instance 1)]>(T1, T2, function_traits<T2>::result_type *)",64,0.054816
8,serial_sparse,cold,history,compute_graph_projection_layer_0_q_1024,"void at::native::vectorized_elementwise_kernel<(int)4, at::native::cos_kernel_cuda(at::TensorIteratorBase &)::[lambda() (instance 2)]::operator ()() const::[lambda() (instance 2)]::operator ()() const::[lambda(float) (instance 1)], std::array<char *, (unsigned long)2>>(int, T2, T3)",64,0.122816
8,serial_sparse,cold,history,compute_graph_projection_layer_0_q_1024,"void at::native::vectorized_elementwise_kernel<(int)4, at::native::sin_kernel_cuda(at::TensorIteratorBase &)::[lambda() (instance 2)]::operator ()() const::[lambda() (instance 2)]::operator ()() const::[lambda(float) (instance 1)], std::array<char *, (unsigned long)2>>(int, T2, T3)",64,0.120224
8,serial_sparse,cold,history,compute_graph_projection_layer_0_q_1024,"void at::native::<unnamed>::CatArrayBatchedCopy_vectorized<at::native::<unnamed>::OpaqueType<(unsigned int)4>, unsigned int, (int)2, (int)128, (int)1, (int)16, (int)4>(char *, at::native::<unnamed>::CatArrInputTensorMetadata<T1, T2, T4, T5>, at::native::<unnamed>::TensorSizeStride<T2, (unsigned int)4>, int, T2)",64,0.097536
8,serial_sparse,cold,history,compute_graph_projection_layer_0_q_1024,"void at::native::elementwise_kernel<(int)128, (int)4, void at::native::gpu_kernel_impl_nocast<at::native::direct_copy_kernel_cuda(at::TensorIteratorBase &)::[lambda() (instance 3)]::operator ()() const::[lambda() (instance 12)]::operator ()() const::[lambda(c10::BFloat16) (instance 1)]>(at::TensorIteratorBase &, const T1 &)::[lambda(int) (instance 1)]>(int, T3)",64,0.170561
8,serial_sparse,cold,history,compute_graph_projection_layer_0_q_1024,kernel_cutlass_kernel_operatorsdeepseek_v32norm_plainLocalPlainRMSNorm_object_at__tensorptrbf16gmemalign128oi645125121_tensorptrf32gmemalign16o5121_tensorptrbf16gmemalign128oi645125121____0,64,0.115265
8,serial_sparse,cold,history,compute_graph_projection_layer_0_q_1024,"void flashinfer::BatchQKApplyRotaryPosIdsCosSinCacheHeadParallelismKernel<(bool)1, (unsigned int)64, (unsigned int)8, (unsigned int)8, __nv_bfloat16, long>(T5 *, T5 *, T5 *, T5 *, float *, T6 *, unsigned int, unsigned int, unsigned int, unsigned int, unsigned long, unsigned long, unsigned long, unsigned long, unsigned long, unsigned long, unsigned long, unsigned long)",64,0.698016
8,serial_sparse,cold,history,compute_graph_projection_layer_0_q_1024,"void at::native::<unnamed>::vectorized_layer_norm_kernel<float, float, (bool)0>(int, T2, const T1 *, const T1 *, const T1 *, T2 *, T2 *, T1 *)",64,0.230722
8,serial_sparse,cold,history,compute_graph_projection_layer_0_q_1024,"void at::native::vectorized_elementwise_kernel<(int)8, at::native::bfloat16_copy_kernel_cuda(at::TensorIteratorBase &)::[lambda(float) (instance 1)], std::array<char *, (unsigned long)2>>(int, T2, T3)",64,0.08496
8,serial_sparse,cold,history,compute_graph_projection_layer_0_q_1024,"void flashinfer::BatchQKApplyRotaryPosIdsCosSinCacheHeadParallelismKernel<(bool)0, (unsigned int)128, (unsigned int)8, (unsigned int)16, __nv_bfloat16, long>(T5 *, T5 *, T5 *, T5 *, float *, T6 *, unsigned int, unsigned int, unsigned int, unsigned int, unsigned long, unsigned long, unsigned long, unsigned long, unsigned long, unsigned long, unsigned long, unsigned long)",64,0.700541
8,serial_sparse,cold,history,compute_graph_projection_layer_0_q_1024,quantize_kernel,128,0.430823
8,serial_sparse,cold,history,compute_graph_projection_layer_0_q_1024,"void at::native::vectorized_elementwise_kernel<(int)4, at::native::AUnaryFunctor<float, float, float, at::native::binary_internal::MulFunctor<float>>, std::array<char *, (unsigned long)2>>(int, T2, T3)",128,0.152544
8,serial_sparse,cold,history,compute_graph_projection_layer_0_q_1024,"void at::native::vectorized_elementwise_kernel<(int)4, at::native::BinaryFunctor<float, float, float, at::native::binary_internal::MulFunctor<float>>, std::array<char *, (unsigned long)3>>(int, T2, T3)",64,0.11264
8,serial_sparse,cold,history,compute_graph_projection_layer_0_q_1024,"void at::native::<unnamed>::CatArrayBatchedCopy_vectorized<at::native::<unnamed>::OpaqueType<(unsigned int)2>, unsigned int, (int)2, (int)128, (int)1, (int)16, (int)8>(char *, at::native::<unnamed>::CatArrInputTensorMetadata<T1, T2, T4, T5>, at::native::<unnamed>::TensorSizeStride<T2, (unsigned int)4>, int, T2)",64,0.172992
8,serial_sparse,cold,history,exact_topk,"void flashinfer::sampling::FilteredTopKUnifiedKernel<float, int, (int)4, (bool)1, (flashinfer::sampling::FilteredTopKMode)0, (flashinfer::sampling::TopKTieBreak)1, flashinfer::sampling::DirectPageTableKernelPolicy<int>, >(const T1 *, T2 *, T1 *, const T2 *, long, const T2 *, const T2 *, const T2 *, const T2 *, unsigned int, unsigned int, unsigned int, T8...)",640,107.066945
8,serial_sparse,cold,history,exact_topk,"void flashinfer::sampling::FinalizeTopKIndicesKernel<(bool)1, (flashinfer::sampling::FilteredTopKMode)0, (unsigned int)128, (unsigned int)8, float, int, flashinfer::sampling::DirectPageTableKernelPolicy<int>, >(T6 *, T5 *, const T6 *, long, const T6 *, const T6 *, unsigned int, unsigned int, T8...)",10,0.257345
8,serial_sparse,cold,history,exact_topk,"void flashinfer::sampling::StableSortTopKByValueKernel<(unsigned int)128, (unsigned int)8, int, float>(T3 *, T4 *, unsigned int, unsigned int)",10,0.33149
8,serial_sparse,cold,history,exact_topk,mask_kernel,640,1.645825
8,serial_sparse,cold,history,cache_torch_argsort,"at::native::<unnamed>::fill_reverse_indices_kernel(long *, int, at::cuda::detail::IntDivider<unsigned int>)",10,0.013344
8,serial_sparse,cold,history,cache_torch_argsort,"void at_cuda_detail::cub::detail::radix_sort::DeviceRadixSortHistogramKernel<at_cuda_detail::cub::detail::radix::policy_hub<long, at::cuda::cub::detail::OpaqueType<(int)8>, unsigned long long>::Policy1000, (at_cuda_detail::cub::SortOrder)0, long, unsigned long long, at_cuda_detail::cub::detail::identity_decomposer_t>(T4 *, const T3 *, T4, int, int, T5)",10,0.032416
8,serial_sparse,cold,history,cache_torch_argsort,"void at_cuda_detail::cub::detail::radix_sort::DeviceRadixSortExclusiveSumKernel<at_cuda_detail::cub::detail::radix::policy_hub<long, at::cuda::cub::detail::OpaqueType<(int)8>, unsigned long long>::Policy1000, unsigned long long>(T2 *)",10,0.011552
8,serial_sparse,cold,history,cache_torch_argsort,"void at_cuda_detail::cub::detail::radix_sort::DeviceRadixSortOnesweepKernel<at_cuda_detail::cub::detail::radix::policy_hub<long, at::cuda::cub::detail::OpaqueType<(int)8>, unsigned long long>::Policy1000, (at_cuda_detail::cub::SortOrder)0, long, at::cuda::cub::detail::OpaqueType<(int)8>, unsigned long long, int, int, at_cuda_detail::cub::detail::identity_decomposer_t>(T7 *, T7 *, T5 *, const T5 *, T3 *, const T3 *, T4 *, const T4 *, T6, int, int, T8)",80,0.417376
8,serial_sparse,cold,history,pool_operation,"void at::native::vectorized_elementwise_kernel<(int)2, at::native::CUDAFunctorOnSelf_add<long>, std::array<char *, (unsigned long)2>>(int, T2, T3)",10,0.013504
8,serial_sparse,cold,history,pool_operation,"void echo_native::planned_append_kernel<uint4>(const char *, char *, int, long, const int *, const long *, int *, long *, int, int, long *, bool *, long *, unsigned long long *, int, long)",640,3.081229
8,serial_sparse,cold,history,pool_operation,"echo_native::resident_union_clear(unsigned int *, long, unsigned int *)",640,0.666402
8,serial_sparse,cold,history,pool_operation,"void echo_native::resident_selection_kernel<(bool)1>(const int *, int *, long, const int *, const int *, int, long *, long *, unsigned int *, unsigned int *, unsigned long long *, int, int, bool, int, int, long)",640,64.472646
8,serial_sparse,cold,history,compute_graph_finish_layer_0_q_1024,kernel_cutlass_kernel_operatorsdeepseek_v32norm_fusedLocalFusedRMSNorm_object_at__tensorptrbf16gmemalign128oi64716871681_tensorptrbf16gmemalign128oi64716871681_tensorptrf32gmemalign16o716_0,64,0.926533
8,serial_sparse,cold,history,compute_graph_finish_layer_0_q_1024,"void flashinfer::activation::act_and_mul_kernel<__nv_bfloat16, &silu>(T1 *, const T1 *, int)",64,1.862056
8,serial_sparse,cold,history,compute_graph_projection_layer_1_q_1024,kernel_cutlass_kernel_operatorsdeepseek_v32norm_fusedLocalFusedRMSNorm_object_at__tensorptrbf16gmemalign128oi64716871681_tensorptrbf16gmemalign128oi64716871681_tensorptrf32gmemalign16o716_0,64,0.948581
8,serial_sparse,cold,history,compute_graph_projection_layer_1_q_1024,"void at::native::elementwise_kernel<(int)128, (int)2, void at::native::gpu_kernel_impl_nocast<at::native::CUDAFunctor_add<long>>(at::TensorIteratorBase &, const T1 &)::[lambda(int) (instance 1)]>(int, T3)",64,0.125248
8,serial_sparse,cold,history,compute_graph_projection_layer_1_q_1024,"void at::native::unrolled_elementwise_kernel<at::native::direct_copy_kernel_cuda(at::TensorIteratorBase &)::[lambda() (instance 3)]::operator ()() const::[lambda() (instance 7)]::operator ()() const::[lambda(float) (instance 1)], std::array<char *, (unsigned long)2>, (int)4, TrivialOffsetCalculator<(int)1, unsigned int>, TrivialOffsetCalculator<(int)1, unsigned int>, at::native::memory::LoadWithCast<(int)1>, at::native::memory::StoreWithCast<(int)1>>(int, T1, T2, T4, T5, T6, T7)",192,1.857092
8,serial_sparse,cold,history,compute_graph_projection_layer_1_q_1024,kernel_cutlass_kernel_operatorsdeepseek_v32norm_plainLocalPlainRMSNorm_object_at__tensorptrbf16gmemalign128oi64153615361_tensorptrf32gmemalign16o15361_tensorptrbf16gmemalign128oi641536153_0,64,0.193152
8,serial_sparse,cold,history,compute_graph_projection_layer_1_q_1024,"void at::native::elementwise_kernel<(int)128, (int)2, void at::native::gpu_kernel_impl_nocast<at::native::BinaryFunctor<float, float, float, at::native::binary_internal::MulFunctor<float>>>(at::TensorIteratorBase &, const T1 &)::[lambda(int) (instance 1)]>(int, T3)",64,0.120225
8,serial_sparse,cold,history,compute_graph_projection_layer_1_q_1024,"void <unnamed>::elementwise_kernel_with_index<int, at::native::arange_cuda_out(const c10::Scalar &, const c10::Scalar &, const c10::Scalar &, at::Tensor &)::[lambda() (instance 1)]::operator ()() const::[lambda() (instance 4)]::operator ()() const::[lambda(long) (instance 1)]>(T1, T2, function_traits<T2>::result_type *)",64,0.05424
8,serial_sparse,cold,history,compute_graph_projection_layer_1_q_1024,"void at::native::vectorized_elementwise_kernel<(int)4, at::native::cos_kernel_cuda(at::TensorIteratorBase &)::[lambda() (instance 2)]::operator ()() const::[lambda() (instance 2)]::operator ()() const::[lambda(float) (instance 1)], std::array<char *, (unsigned long)2>>(int, T2, T3)",64,0.119616
8,serial_sparse,cold,history,compute_graph_projection_layer_1_q_1024,"void at::native::vectorized_elementwise_kernel<(int)4, at::native::sin_kernel_cuda(at::TensorIteratorBase &)::[lambda() (instance 2)]::operator ()() const::[lambda() (instance 2)]::operator ()() const::[lambda(float) (instance 1)], std::array<char *, (unsigned long)2>>(int, T2, T3)",64,0.116416
8,serial_sparse,cold,history,compute_graph_projection_layer_1_q_1024,"void at::native::<unnamed>::CatArrayBatchedCopy_vectorized<at::native::<unnamed>::OpaqueType<(unsigned int)4>, unsigned int, (int)2, (int)128, (int)1, (int)16, (int)4>(char *, at::native::<unnamed>::CatArrInputTensorMetadata<T1, T2, T4, T5>, at::native::<unnamed>::TensorSizeStride<T2, (unsigned int)4>, int, T2)",64,0.097536
8,serial_sparse,cold,history,compute_graph_projection_layer_1_q_1024,"void at::native::elementwise_kernel<(int)128, (int)4, void at::native::gpu_kernel_impl_nocast<at::native::direct_copy_kernel_cuda(at::TensorIteratorBase &)::[lambda() (instance 3)]::operator ()() const::[lambda() (instance 12)]::operator ()() const::[lambda(c10::BFloat16) (instance 1)]>(at::TensorIteratorBase &, const T1 &)::[lambda(int) (instance 1)]>(int, T3)",64,0.168704
8,serial_sparse,cold,history,compute_graph_projection_layer_1_q_1024,kernel_cutlass_kernel_operatorsdeepseek_v32norm_plainLocalPlainRMSNorm_object_at__tensorptrbf16gmemalign128oi645125121_tensorptrf32gmemalign16o5121_tensorptrbf16gmemalign128oi645125121____0,64,0.11728
8,serial_sparse,cold,history,compute_graph_projection_layer_1_q_1024,"void flashinfer::BatchQKApplyRotaryPosIdsCosSinCacheHeadParallelismKernel<(bool)1, (unsigned int)64, (unsigned int)8, (unsigned int)8, __nv_bfloat16, long>(T5 *, T5 *, T5 *, T5 *, float *, T6 *, unsigned int, unsigned int, unsigned int, unsigned int, unsigned long, unsigned long, unsigned long, unsigned long, unsigned long, unsigned long, unsigned long, unsigned long)",64,0.706468
8,serial_sparse,cold,history,compute_graph_projection_layer_1_q_1024,"void at::native::<unnamed>::vectorized_layer_norm_kernel<float, float, (bool)0>(int, T2, const T1 *, const T1 *, const T1 *, T2 *, T2 *, T1 *)",64,0.227904
8,serial_sparse,cold,history,compute_graph_projection_layer_1_q_1024,"void at::native::vectorized_elementwise_kernel<(int)8, at::native::bfloat16_copy_kernel_cuda(at::TensorIteratorBase &)::[lambda(float) (instance 1)], std::array<char *, (unsigned long)2>>(int, T2, T3)",64,0.084577
8,serial_sparse,cold,history,compute_graph_projection_layer_1_q_1024,"void flashinfer::BatchQKApplyRotaryPosIdsCosSinCacheHeadParallelismKernel<(bool)0, (unsigned int)128, (unsigned int)8, (unsigned int)16, __nv_bfloat16, long>(T5 *, T5 *, T5 *, T5 *, float *, T6 *, unsigned int, unsigned int, unsigned int, unsigned int, unsigned long, unsigned long, unsigned long, unsigned long, unsigned long, unsigned long, unsigned long, unsigned long)",64,0.709602
8,serial_sparse,cold,history,compute_graph_projection_layer_1_q_1024,quantize_kernel,128,0.42397
8,serial_sparse,cold,history,compute_graph_projection_layer_1_q_1024,"void at::native::vectorized_elementwise_kernel<(int)4, at::native::AUnaryFunctor<float, float, float, at::native::binary_internal::MulFunctor<float>>, std::array<char *, (unsigned long)2>>(int, T2, T3)",128,0.146752
8,serial_sparse,cold,history,compute_graph_projection_layer_1_q_1024,"void at::native::vectorized_elementwise_kernel<(int)4, at::native::BinaryFunctor<float, float, float, at::native::binary_internal::MulFunctor<float>>, std::array<char *, (unsigned long)3>>(int, T2, T3)",64,0.110816
8,serial_sparse,cold,history,compute_graph_projection_layer_1_q_1024,"void at::native::<unnamed>::CatArrayBatchedCopy_vectorized<at::native::<unnamed>::OpaqueType<(unsigned int)2>, unsigned int, (int)2, (int)128, (int)1, (int)16, (int)8>(char *, at::native::<unnamed>::CatArrInputTensorMetadata<T1, T2, T4, T5>, at::native::<unnamed>::TensorSizeStride<T2, (unsigned int)4>, int, T2)",64,0.170978
8,serial_sparse,cold,history,compute_graph_finish_layer_1_q_1024,kernel_cutlass_kernel_operatorsdeepseek_v32norm_fusedLocalFusedRMSNorm_object_at__tensorptrbf16gmemalign128oi64716871681_tensorptrbf16gmemalign128oi64716871681_tensorptrf32gmemalign16o716_0,64,0.924737
8,serial_sparse,cold,history,compute_graph_finish_layer_1_q_1024,"void flashinfer::activation::act_and_mul_kernel<__nv_bfloat16, &silu>(T1 *, const T1 *, int)",64,1.861411
8,serial_sparse,cold,history,compute_graph_projection_layer_2_q_1024,kernel_cutlass_kernel_operatorsdeepseek_v32norm_fusedLocalFusedRMSNorm_object_at__tensorptrbf16gmemalign128oi64716871681_tensorptrbf16gmemalign128oi64716871681_tensorptrf32gmemalign16o716_0,64,0.931968
8,serial_sparse,cold,history,compute_graph_projection_layer_2_q_1024,"void at::native::elementwise_kernel<(int)128, (int)2, void at::native::gpu_kernel_impl_nocast<at::native::CUDAFunctor_add<long>>(at::TensorIteratorBase &, const T1 &)::[lambda(int) (instance 1)]>(int, T3)",64,0.129344
8,serial_sparse,cold,history,compute_graph_projection_layer_2_q_1024,"void at::native::unrolled_elementwise_kernel<at::native::direct_copy_kernel_cuda(at::TensorIteratorBase &)::[lambda() (instance 3)]::operator ()() const::[lambda() (instance 7)]::operator ()() const::[lambda(float) (instance 1)], std::array<char *, (unsigned long)2>, (int)4, TrivialOffsetCalculator<(int)1, unsigned int>, TrivialOffsetCalculator<(int)1, unsigned int>, at::native::memory::LoadWithCast<(int)1>, at::native::memory::StoreWithCast<(int)1>>(int, T1, T2, T4, T5, T6, T7)",192,1.869447
8,serial_sparse,cold,history,compute_graph_projection_layer_2_q_1024,kernel_cutlass_kernel_operatorsdeepseek_v32norm_plainLocalPlainRMSNorm_object_at__tensorptrbf16gmemalign128oi64153615361_tensorptrf32gmemalign16o15361_tensorptrbf16gmemalign128oi641536153_0,64,0.196513
8,serial_sparse,cold,history,compute_graph_projection_layer_2_q_1024,"void at::native::elementwise_kernel<(int)128, (int)2, void at::native::gpu_kernel_impl_nocast<at::native::BinaryFunctor<float, float, float, at::native::binary_internal::MulFunctor<float>>>(at::TensorIteratorBase &, const T1 &)::[lambda(int) (instance 1)]>(int, T3)",64,0.125057
8,serial_sparse,cold,history,compute_graph_projection_layer_2_q_1024,"void <unnamed>::elementwise_kernel_with_index<int, at::native::arange_cuda_out(const c10::Scalar &, const c10::Scalar &, const c10::Scalar &, at::Tensor &)::[lambda() (instance 1)]::operator ()() const::[lambda() (instance 4)]::operator ()() const::[lambda(long) (instance 1)]>(T1, T2, function_traits<T2>::result_type *)",64,0.057312
8,serial_sparse,cold,history,compute_graph_projection_layer_2_q_1024,"void at::native::vectorized_elementwise_kernel<(int)4, at::native::cos_kernel_cuda(at::TensorIteratorBase &)::[lambda() (instance 2)]::operator ()() const::[lambda() (instance 2)]::operator ()() const::[lambda(float) (instance 1)], std::array<char *, (unsigned long)2>>(int, T2, T3)",64,0.123393
8,serial_sparse,cold,history,compute_graph_projection_layer_2_q_1024,"void at::native::vectorized_elementwise_kernel<(int)4, at::native::sin_kernel_cuda(at::TensorIteratorBase &)::[lambda() (instance 2)]::operator ()() const::[lambda() (instance 2)]::operator ()() const::[lambda(float) (instance 1)], std::array<char *, (unsigned long)2>>(int, T2, T3)",64,0.119426
8,serial_sparse,cold,history,compute_graph_projection_layer_2_q_1024,"void at::native::<unnamed>::CatArrayBatchedCopy_vectorized<at::native::<unnamed>::OpaqueType<(unsigned int)4>, unsigned int, (int)2, (int)128, (int)1, (int)16, (int)4>(char *, at::native::<unnamed>::CatArrInputTensorMetadata<T1, T2, T4, T5>, at::native::<unnamed>::TensorSizeStride<T2, (unsigned int)4>, int, T2)",64,0.100001
8,serial_sparse,cold,history,compute_graph_projection_layer_2_q_1024,"void at::native::elementwise_kernel<(int)128, (int)4, void at::native::gpu_kernel_impl_nocast<at::native::direct_copy_kernel_cuda(at::TensorIteratorBase &)::[lambda() (instance 3)]::operator ()() const::[lambda() (instance 12)]::operator ()() const::[lambda(c10::BFloat16) (instance 1)]>(at::TensorIteratorBase &, const T1 &)::[lambda(int) (instance 1)]>(int, T3)",64,0.164256
8,serial_sparse,cold,history,compute_graph_projection_layer_2_q_1024,kernel_cutlass_kernel_operatorsdeepseek_v32norm_plainLocalPlainRMSNorm_object_at__tensorptrbf16gmemalign128oi645125121_tensorptrf32gmemalign16o5121_tensorptrbf16gmemalign128oi645125121____0,64,0.115808
8,serial_sparse,cold,history,compute_graph_projection_layer_2_q_1024,"void flashinfer::BatchQKApplyRotaryPosIdsCosSinCacheHeadParallelismKernel<(bool)1, (unsigned int)64, (unsigned int)8, (unsigned int)8, __nv_bfloat16, long>(T5 *, T5 *, T5 *, T5 *, float *, T6 *, unsigned int, unsigned int, unsigned int, unsigned int, unsigned long, unsigned long, unsigned long, unsigned long, unsigned long, unsigned long, unsigned long, unsigned long)",64,0.69485
8,serial_sparse,cold,history,compute_graph_projection_layer_2_q_1024,"void at::native::<unnamed>::vectorized_layer_norm_kernel<float, float, (bool)0>(int, T2, const T1 *, const T1 *, const T1 *, T2 *, T2 *, T1 *)",64,0.225504
8,serial_sparse,cold,history,compute_graph_projection_layer_2_q_1024,"void at::native::vectorized_elementwise_kernel<(int)8, at::native::bfloat16_copy_kernel_cuda(at::TensorIteratorBase &)::[lambda(float) (instance 1)], std::array<char *, (unsigned long)2>>(int, T2, T3)",64,0.086752
8,serial_sparse,cold,history,compute_graph_projection_layer_2_q_1024,"void flashinfer::BatchQKApplyRotaryPosIdsCosSinCacheHeadParallelismKernel<(bool)0, (unsigned int)128, (unsigned int)8, (unsigned int)16, __nv_bfloat16, long>(T5 *, T5 *, T5 *, T5 *, float *, T6 *, unsigned int, unsigned int, unsigned int, unsigned int, unsigned long, unsigned long, unsigned long, unsigned long, unsigned long, unsigned long, unsigned long, unsigned long)",64,0.705057
8,serial_sparse,cold,history,compute_graph_projection_layer_2_q_1024,quantize_kernel,128,0.430209
8,serial_sparse,cold,history,compute_graph_projection_layer_2_q_1024,"void at::native::vectorized_elementwise_kernel<(int)4, at::native::AUnaryFunctor<float, float, float, at::native::binary_internal::MulFunctor<float>>, std::array<char *, (unsigned long)2>>(int, T2, T3)",128,0.145536
8,serial_sparse,cold,history,compute_graph_projection_layer_2_q_1024,"void at::native::vectorized_elementwise_kernel<(int)4, at::native::BinaryFunctor<float, float, float, at::native::binary_internal::MulFunctor<float>>, std::array<char *, (unsigned long)3>>(int, T2, T3)",64,0.111904
8,serial_sparse,cold,history,compute_graph_projection_layer_2_q_1024,"void at::native::<unnamed>::CatArrayBatchedCopy_vectorized<at::native::<unnamed>::OpaqueType<(unsigned int)2>, unsigned int, (int)2, (int)128, (int)1, (int)16, (int)8>(char *, at::native::<unnamed>::CatArrInputTensorMetadata<T1, T2, T4, T5>, at::native::<unnamed>::TensorSizeStride<T2, (unsigned int)4>, int, T2)",64,0.169473
8,serial_sparse,cold,history,compute_graph_finish_layer_2_q_1024,kernel_cutlass_kernel_operatorsdeepseek_v32norm_fusedLocalFusedRMSNorm_object_at__tensorptrbf16gmemalign128oi64716871681_tensorptrbf16gmemalign128oi64716871681_tensorptrf32gmemalign16o716_0,64,0.927235
8,serial_sparse,cold,history,compute_graph_finish_layer_2_q_1024,"void flashinfer::activation::act_and_mul_kernel<__nv_bfloat16, &silu>(T1 *, const T1 *, int)",64,1.866343
8,serial_sparse,cold,history,compute_graph_projection_layer_3_q_1024,kernel_cutlass_kernel_operatorsdeepseek_v32norm_plainLocalPlainRMSNorm_object_at__tensorptrbf16gmemalign128oi64716871681_tensorptrf32gmemalign16o71681_tensorptrbf16gmemalign128oi647168716_0,64,0.547201
8,serial_sparse,cold,history,compute_graph_projection_layer_3_q_1024,"void at::native::elementwise_kernel<(int)128, (int)2, void at::native::gpu_kernel_impl_nocast<at::native::CUDAFunctor_add<long>>(at::TensorIteratorBase &, const T1 &)::[lambda(int) (instance 1)]>(int, T3)",64,0.124672
8,serial_sparse,cold,history,compute_graph_projection_layer_3_q_1024,"void at::native::unrolled_elementwise_kernel<at::native::direct_copy_kernel_cuda(at::TensorIteratorBase &)::[lambda() (instance 3)]::operator ()() const::[lambda() (instance 7)]::operator ()() const::[lambda(float) (instance 1)], std::array<char *, (unsigned long)2>, (int)4, TrivialOffsetCalculator<(int)1, unsigned int>, TrivialOffsetCalculator<(int)1, unsigned int>, at::native::memory::LoadWithCast<(int)1>, at::native::memory::StoreWithCast<(int)1>>(int, T1, T2, T4, T5, T6, T7)",192,1.86794
8,serial_sparse,cold,history,compute_graph_projection_layer_3_q_1024,kernel_cutlass_kernel_operatorsdeepseek_v32norm_plainLocalPlainRMSNorm_object_at__tensorptrbf16gmemalign128oi64153615361_tensorptrf32gmemalign16o15361_tensorptrbf16gmemalign128oi641536153_0,64,0.192672
8,serial_sparse,cold,history,compute_graph_projection_layer_3_q_1024,"void at::native::elementwise_kernel<(int)128, (int)2, void at::native::gpu_kernel_impl_nocast<at::native::BinaryFunctor<float, float, float, at::native::binary_internal::MulFunctor<float>>>(at::TensorIteratorBase &, const T1 &)::[lambda(int) (instance 1)]>(int, T3)",64,0.114016
8,serial_sparse,cold,history,compute_graph_projection_layer_3_q_1024,"void <unnamed>::elementwise_kernel_with_index<int, at::native::arange_cuda_out(const c10::Scalar &, const c10::Scalar &, const c10::Scalar &, at::Tensor &)::[lambda() (instance 1)]::operator ()() const::[lambda() (instance 4)]::operator ()() const::[lambda(long) (instance 1)]>(T1, T2, function_traits<T2>::result_type *)",64,0.052288
8,serial_sparse,cold,history,compute_graph_projection_layer_3_q_1024,"void at::native::vectorized_elementwise_kernel<(int)4, at::native::cos_kernel_cuda(at::TensorIteratorBase &)::[lambda() (instance 2)]::operator ()() const::[lambda() (instance 2)]::operator ()() const::[lambda(float) (instance 1)], std::array<char *, (unsigned long)2>>(int, T2, T3)",64,0.120704
8,serial_sparse,cold,history,compute_graph_projection_layer_3_q_1024,"void at::native::vectorized_elementwise_kernel<(int)4, at::native::sin_kernel_cuda(at::TensorIteratorBase &)::[lambda() (instance 2)]::operator ()() const::[lambda() (instance 2)]::operator ()() const::[lambda(float) (instance 1)], std::array<char *, (unsigned long)2>>(int, T2, T3)",64,0.117122
8,serial_sparse,cold,history,compute_graph_projection_layer_3_q_1024,"void at::native::<unnamed>::CatArrayBatchedCopy_vectorized<at::native::<unnamed>::OpaqueType<(unsigned int)4>, unsigned int, (int)2, (int)128, (int)1, (int)16, (int)4>(char *, at::native::<unnamed>::CatArrInputTensorMetadata<T1, T2, T4, T5>, at::native::<unnamed>::TensorSizeStride<T2, (unsigned int)4>, int, T2)",64,0.100448
8,serial_sparse,cold,history,compute_graph_projection_layer_3_q_1024,"void at::native::elementwise_kernel<(int)128, (int)4, void at::native::gpu_kernel_impl_nocast<at::native::direct_copy_kernel_cuda(at::TensorIteratorBase &)::[lambda() (instance 3)]::operator ()() const::[lambda() (instance 12)]::operator ()() const::[lambda(c10::BFloat16) (instance 1)]>(at::TensorIteratorBase &, const T1 &)::[lambda(int) (instance 1)]>(int, T3)",64,0.167777
8,serial_sparse,cold,history,compute_graph_projection_layer_3_q_1024,kernel_cutlass_kernel_operatorsdeepseek_v32norm_plainLocalPlainRMSNorm_object_at__tensorptrbf16gmemalign128oi645125121_tensorptrf32gmemalign16o5121_tensorptrbf16gmemalign128oi645125121____0,64,0.117952
8,serial_sparse,cold,history,compute_graph_projection_layer_3_q_1024,"void flashinfer::BatchQKApplyRotaryPosIdsCosSinCacheHeadParallelismKernel<(bool)1, (unsigned int)64, (unsigned int)8, (unsigned int)8, __nv_bfloat16, long>(T5 *, T5 *, T5 *, T5 *, float *, T6 *, unsigned int, unsigned int, unsigned int, unsigned int, unsigned long, unsigned long, unsigned long, unsigned long, unsigned long, unsigned long, unsigned long, unsigned long)",64,0.703587
8,serial_sparse,cold,history,compute_graph_projection_layer_3_q_1024,"void at::native::<unnamed>::vectorized_layer_norm_kernel<float, float, (bool)0>(int, T2, const T1 *, const T1 *, const T1 *, T2 *, T2 *, T1 *)",64,0.228672
8,serial_sparse,cold,history,compute_graph_projection_layer_3_q_1024,"void at::native::vectorized_elementwise_kernel<(int)8, at::native::bfloat16_copy_kernel_cuda(at::TensorIteratorBase &)::[lambda(float) (instance 1)], std::array<char *, (unsigned long)2>>(int, T2, T3)",64,0.08576
8,serial_sparse,cold,history,compute_graph_projection_layer_3_q_1024,"void flashinfer::BatchQKApplyRotaryPosIdsCosSinCacheHeadParallelismKernel<(bool)0, (unsigned int)128, (unsigned int)8, (unsigned int)16, __nv_bfloat16, long>(T5 *, T5 *, T5 *, T5 *, float *, T6 *, unsigned int, unsigned int, unsigned int, unsigned int, unsigned long, unsigned long, unsigned long, unsigned long, unsigned long, unsigned long, unsigned long, unsigned long)",64,0.698722
8,serial_sparse,cold,history,compute_graph_projection_layer_3_q_1024,quantize_kernel,128,0.429857
8,serial_sparse,cold,history,compute_graph_projection_layer_3_q_1024,"void at::native::vectorized_elementwise_kernel<(int)4, at::native::AUnaryFunctor<float, float, float, at::native::binary_internal::MulFunctor<float>>, std::array<char *, (unsigned long)2>>(int, T2, T3)",128,0.152322
8,serial_sparse,cold,history,compute_graph_projection_layer_3_q_1024,"void at::native::vectorized_elementwise_kernel<(int)4, at::native::BinaryFunctor<float, float, float, at::native::binary_internal::MulFunctor<float>>, std::array<char *, (unsigned long)3>>(int, T2, T3)",64,0.112608
8,serial_sparse,cold,history,compute_graph_projection_layer_3_q_1024,"void at::native::<unnamed>::CatArrayBatchedCopy_vectorized<at::native::<unnamed>::OpaqueType<(unsigned int)2>, unsigned int, (int)2, (int)128, (int)1, (int)16, (int)8>(char *, at::native::<unnamed>::CatArrInputTensorMetadata<T1, T2, T4, T5>, at::native::<unnamed>::TensorSizeStride<T2, (unsigned int)4>, int, T2)",64,0.17312
8,serial_sparse,cold,history,compute_graph_finish_layer_3_q_1024,kernel_cutlass_kernel_operatorsdeepseek_v32norm_fusedLocalFusedRMSNorm_object_at__tensorptrbf16gmemalign128oi64716871681_tensorptrbf16gmemalign128oi64716871681_tensorptrf32gmemalign16o716_0,64,0.925442
8,serial_sparse,cold,history,compute_graph_finish_layer_3_q_1024,"void flashinfer::activation::act_and_mul_kernel<__nv_bfloat16, &silu>(T1 *, const T1 *, int)",64,1.86452
8,serial_sparse,cold,history,compute_graph_projection_layer_4_q_1024,kernel_cutlass_kernel_operatorsdeepseek_v32norm_fusedLocalFusedRMSNorm_object_at__tensorptrbf16gmemalign128oi64716871681_tensorptrbf16gmemalign128oi64716871681_tensorptrf32gmemalign16o716_0,64,0.938308
8,serial_sparse,cold,history,compute_graph_projection_layer_4_q_1024,"void at::native::elementwise_kernel<(int)128, (int)2, void at::native::gpu_kernel_impl_nocast<at::native::CUDAFunctor_add<long>>(at::TensorIteratorBase &, const T1 &)::[lambda(int) (instance 1)]>(int, T3)",64,0.129249
8,serial_sparse,cold,history,compute_graph_projection_layer_4_q_1024,"void at::native::unrolled_elementwise_kernel<at::native::direct_copy_kernel_cuda(at::TensorIteratorBase &)::[lambda() (instance 3)]::operator ()() const::[lambda() (instance 7)]::operator ()() const::[lambda(float) (instance 1)], std::array<char *, (unsigned long)2>, (int)4, TrivialOffsetCalculator<(int)1, unsigned int>, TrivialOffsetCalculator<(int)1, unsigned int>, at::native::memory::LoadWithCast<(int)1>, at::native::memory::StoreWithCast<(int)1>>(int, T1, T2, T4, T5, T6, T7)",192,1.870889
8,serial_sparse,cold,history,compute_graph_projection_layer_4_q_1024,kernel_cutlass_kernel_operatorsdeepseek_v32norm_plainLocalPlainRMSNorm_object_at__tensorptrbf16gmemalign128oi64153615361_tensorptrf32gmemalign16o15361_tensorptrbf16gmemalign128oi641536153_0,64,0.196416
8,serial_sparse,cold,history,compute_graph_projection_layer_4_q_1024,"void at::native::elementwise_kernel<(int)128, (int)2, void at::native::gpu_kernel_impl_nocast<at::native::BinaryFunctor<float, float, float, at::native::binary_internal::MulFunctor<float>>>(at::TensorIteratorBase &, const T1 &)::[lambda(int) (instance 1)]>(int, T3)",64,0.113344
8,serial_sparse,cold,history,compute_graph_projection_layer_4_q_1024,"void <unnamed>::elementwise_kernel_with_index<int, at::native::arange_cuda_out(const c10::Scalar &, const c10::Scalar &, const c10::Scalar &, at::Tensor &)::[lambda() (instance 1)]::operator ()() const::[lambda() (instance 4)]::operator ()() const::[lambda(long) (instance 1)]>(T1, T2, function_traits<T2>::result_type *)",64,0.055777
8,serial_sparse,cold,history,compute_graph_projection_layer_4_q_1024,"void at::native::vectorized_elementwise_kernel<(int)4, at::native::cos_kernel_cuda(at::TensorIteratorBase &)::[lambda() (instance 2)]::operator ()() const::[lambda() (instance 2)]::operator ()() const::[lambda(float) (instance 1)], std::array<char *, (unsigned long)2>>(int, T2, T3)",64,0.124032
8,serial_sparse,cold,history,compute_graph_projection_layer_4_q_1024,"void at::native::vectorized_elementwise_kernel<(int)4, at::native::sin_kernel_cuda(at::TensorIteratorBase &)::[lambda() (instance 2)]::operator ()() const::[lambda() (instance 2)]::operator ()() const::[lambda(float) (instance 1)], std::array<char *, (unsigned long)2>>(int, T2, T3)",64,0.116736
8,serial_sparse,cold,history,compute_graph_projection_layer_4_q_1024,"void at::native::<unnamed>::CatArrayBatchedCopy_vectorized<at::native::<unnamed>::OpaqueType<(unsigned int)4>, unsigned int, (int)2, (int)128, (int)1, (int)16, (int)4>(char *, at::native::<unnamed>::CatArrInputTensorMetadata<T1, T2, T4, T5>, at::native::<unnamed>::TensorSizeStride<T2, (unsigned int)4>, int, T2)",64,0.097216
8,serial_sparse,cold,history,compute_graph_projection_layer_4_q_1024,"void at::native::elementwise_kernel<(int)128, (int)4, void at::native::gpu_kernel_impl_nocast<at::native::direct_copy_kernel_cuda(at::TensorIteratorBase &)::[lambda() (instance 3)]::operator ()() const::[lambda() (instance 12)]::operator ()() const::[lambda(c10::BFloat16) (instance 1)]>(at::TensorIteratorBase &, const T1 &)::[lambda(int) (instance 1)]>(int, T3)",64,0.165216
8,serial_sparse,cold,history,compute_graph_projection_layer_4_q_1024,kernel_cutlass_kernel_operatorsdeepseek_v32norm_plainLocalPlainRMSNorm_object_at__tensorptrbf16gmemalign128oi645125121_tensorptrf32gmemalign16o5121_tensorptrbf16gmemalign128oi645125121____0,64,0.114017
8,serial_sparse,cold,history,compute_graph_projection_layer_4_q_1024,"void flashinfer::BatchQKApplyRotaryPosIdsCosSinCacheHeadParallelismKernel<(bool)1, (unsigned int)64, (unsigned int)8, (unsigned int)8, __nv_bfloat16, long>(T5 *, T5 *, T5 *, T5 *, float *, T6 *, unsigned int, unsigned int, unsigned int, unsigned int, unsigned long, unsigned long, unsigned long, unsigned long, unsigned long, unsigned long, unsigned long, unsigned long)",64,0.697952
8,serial_sparse,cold,history,compute_graph_projection_layer_4_q_1024,"void at::native::<unnamed>::vectorized_layer_norm_kernel<float, float, (bool)0>(int, T2, const T1 *, const T1 *, const T1 *, T2 *, T2 *, T1 *)",64,0.226499
8,serial_sparse,cold,history,compute_graph_projection_layer_4_q_1024,"void at::native::vectorized_elementwise_kernel<(int)8, at::native::bfloat16_copy_kernel_cuda(at::TensorIteratorBase &)::[lambda(float) (instance 1)], std::array<char *, (unsigned long)2>>(int, T2, T3)",64,0.085249
8,serial_sparse,cold,history,compute_graph_projection_layer_4_q_1024,"void flashinfer::BatchQKApplyRotaryPosIdsCosSinCacheHeadParallelismKernel<(bool)0, (unsigned int)128, (unsigned int)8, (unsigned int)16, __nv_bfloat16, long>(T5 *, T5 *, T5 *, T5 *, float *, T6 *, unsigned int, unsigned int, unsigned int, unsigned int, unsigned long, unsigned long, unsigned long, unsigned long, unsigned long, unsigned long, unsigned long, unsigned long)",64,0.703521
8,serial_sparse,cold,history,compute_graph_projection_layer_4_q_1024,quantize_kernel,128,0.427745
8,serial_sparse,cold,history,compute_graph_projection_layer_4_q_1024,"void at::native::vectorized_elementwise_kernel<(int)4, at::native::AUnaryFunctor<float, float, float, at::native::binary_internal::MulFunctor<float>>, std::array<char *, (unsigned long)2>>(int, T2, T3)",128,0.152256
8,serial_sparse,cold,history,compute_graph_projection_layer_4_q_1024,"void at::native::vectorized_elementwise_kernel<(int)4, at::native::BinaryFunctor<float, float, float, at::native::binary_internal::MulFunctor<float>>, std::array<char *, (unsigned long)3>>(int, T2, T3)",64,0.113441
8,serial_sparse,cold,history,compute_graph_projection_layer_4_q_1024,"void at::native::<unnamed>::CatArrayBatchedCopy_vectorized<at::native::<unnamed>::OpaqueType<(unsigned int)2>, unsigned int, (int)2, (int)128, (int)1, (int)16, (int)8>(char *, at::native::<unnamed>::CatArrInputTensorMetadata<T1, T2, T4, T5>, at::native::<unnamed>::TensorSizeStride<T2, (unsigned int)4>, int, T2)",64,0.173472
8,serial_sparse,cold,history,compute_graph_finish_layer_4_q_1024,kernel_cutlass_kernel_operatorsdeepseek_v32norm_fusedLocalFusedRMSNorm_object_at__tensorptrbf16gmemalign128oi64716871681_tensorptrbf16gmemalign128oi64716871681_tensorptrf32gmemalign16o716_0,64,0.923205
8,serial_sparse,cold,history,compute_graph_finish_layer_4_q_1024,"void flashinfer::activation::act_and_mul_kernel<__nv_bfloat16, &silu>(T1 *, const T1 *, int)",64,1.863139
8,serial_sparse,cold,history,compute_graph_projection_layer_5_q_1024,kernel_cutlass_kernel_operatorsdeepseek_v32norm_fusedLocalFusedRMSNorm_object_at__tensorptrbf16gmemalign128oi64716871681_tensorptrbf16gmemalign128oi64716871681_tensorptrf32gmemalign16o716_0,64,0.942307
8,serial_sparse,cold,history,compute_graph_projection_layer_5_q_1024,"void at::native::elementwise_kernel<(int)128, (int)2, void at::native::gpu_kernel_impl_nocast<at::native::CUDAFunctor_add<long>>(at::TensorIteratorBase &, const T1 &)::[lambda(int) (instance 1)]>(int, T3)",64,0.128768
8,serial_sparse,cold,history,compute_graph_projection_layer_5_q_1024,"void at::native::unrolled_elementwise_kernel<at::native::direct_copy_kernel_cuda(at::TensorIteratorBase &)::[lambda() (instance 3)]::operator ()() const::[lambda() (instance 7)]::operator ()() const::[lambda(float) (instance 1)], std::array<char *, (unsigned long)2>, (int)4, TrivialOffsetCalculator<(int)1, unsigned int>, TrivialOffsetCalculator<(int)1, unsigned int>, at::native::memory::LoadWithCast<(int)1>, at::native::memory::StoreWithCast<(int)1>>(int, T1, T2, T4, T5, T6, T7)",192,1.855876
8,serial_sparse,cold,history,compute_graph_projection_layer_5_q_1024,kernel_cutlass_kernel_operatorsdeepseek_v32norm_plainLocalPlainRMSNorm_object_at__tensorptrbf16gmemalign128oi64153615361_tensorptrf32gmemalign16o15361_tensorptrbf16gmemalign128oi641536153_0,64,0.191937
8,serial_sparse,cold,history,compute_graph_projection_layer_5_q_1024,"void at::native::elementwise_kernel<(int)128, (int)2, void at::native::gpu_kernel_impl_nocast<at::native::BinaryFunctor<float, float, float, at::native::binary_internal::MulFunctor<float>>>(at::TensorIteratorBase &, const T1 &)::[lambda(int) (instance 1)]>(int, T3)",64,0.118496
8,serial_sparse,cold,history,compute_graph_projection_layer_5_q_1024,"void <unnamed>::elementwise_kernel_with_index<int, at::native::arange_cuda_out(const c10::Scalar &, const c10::Scalar &, const c10::Scalar &, at::Tensor &)::[lambda() (instance 1)]::operator ()() const::[lambda() (instance 4)]::operator ()() const::[lambda(long) (instance 1)]>(T1, T2, function_traits<T2>::result_type *)",64,0.0536
8,serial_sparse,cold,history,compute_graph_projection_layer_5_q_1024,"void at::native::vectorized_elementwise_kernel<(int)4, at::native::cos_kernel_cuda(at::TensorIteratorBase &)::[lambda() (instance 2)]::operator ()() const::[lambda() (instance 2)]::operator ()() const::[lambda(float) (instance 1)], std::array<char *, (unsigned long)2>>(int, T2, T3)",64,0.123232
8,serial_sparse,cold,history,compute_graph_projection_layer_5_q_1024,"void at::native::vectorized_elementwise_kernel<(int)4, at::native::sin_kernel_cuda(at::TensorIteratorBase &)::[lambda() (instance 2)]::operator ()() const::[lambda() (instance 2)]::operator ()() const::[lambda(float) (instance 1)], std::array<char *, (unsigned long)2>>(int, T2, T3)",64,0.119072
8,serial_sparse,cold,history,compute_graph_projection_layer_5_q_1024,"void at::native::<unnamed>::CatArrayBatchedCopy_vectorized<at::native::<unnamed>::OpaqueType<(unsigned int)4>, unsigned int, (int)2, (int)128, (int)1, (int)16, (int)4>(char *, at::native::<unnamed>::CatArrInputTensorMetadata<T1, T2, T4, T5>, at::native::<unnamed>::TensorSizeStride<T2, (unsigned int)4>, int, T2)",64,0.10048
8,serial_sparse,cold,history,compute_graph_projection_layer_5_q_1024,"void at::native::elementwise_kernel<(int)128, (int)4, void at::native::gpu_kernel_impl_nocast<at::native::direct_copy_kernel_cuda(at::TensorIteratorBase &)::[lambda() (instance 3)]::operator ()() const::[lambda() (instance 12)]::operator ()() const::[lambda(c10::BFloat16) (instance 1)]>(at::TensorIteratorBase &, const T1 &)::[lambda(int) (instance 1)]>(int, T3)",64,0.165504
8,serial_sparse,cold,history,compute_graph_projection_layer_5_q_1024,kernel_cutlass_kernel_operatorsdeepseek_v32norm_plainLocalPlainRMSNorm_object_at__tensorptrbf16gmemalign128oi645125121_tensorptrf32gmemalign16o5121_tensorptrbf16gmemalign128oi645125121____0,64,0.116896
8,serial_sparse,cold,history,compute_graph_projection_layer_5_q_1024,"void flashinfer::BatchQKApplyRotaryPosIdsCosSinCacheHeadParallelismKernel<(bool)1, (unsigned int)64, (unsigned int)8, (unsigned int)8, __nv_bfloat16, long>(T5 *, T5 *, T5 *, T5 *, float *, T6 *, unsigned int, unsigned int, unsigned int, unsigned int, unsigned long, unsigned long, unsigned long, unsigned long, unsigned long, unsigned long, unsigned long, unsigned long)",64,0.68912
8,serial_sparse,cold,history,compute_graph_projection_layer_5_q_1024,"void at::native::<unnamed>::vectorized_layer_norm_kernel<float, float, (bool)0>(int, T2, const T1 *, const T1 *, const T1 *, T2 *, T2 *, T1 *)",64,0.231744
8,serial_sparse,cold,history,compute_graph_projection_layer_5_q_1024,"void at::native::vectorized_elementwise_kernel<(int)8, at::native::bfloat16_copy_kernel_cuda(at::TensorIteratorBase &)::[lambda(float) (instance 1)], std::array<char *, (unsigned long)2>>(int, T2, T3)",64,0.087936
8,serial_sparse,cold,history,compute_graph_projection_layer_5_q_1024,"void flashinfer::BatchQKApplyRotaryPosIdsCosSinCacheHeadParallelismKernel<(bool)0, (unsigned int)128, (unsigned int)8, (unsigned int)16, __nv_bfloat16, long>(T5 *, T5 *, T5 *, T5 *, float *, T6 *, unsigned int, unsigned int, unsigned int, unsigned int, unsigned long, unsigned long, unsigned long, unsigned long, unsigned long, unsigned long, unsigned long, unsigned long)",64,0.711072
8,serial_sparse,cold,history,compute_graph_projection_layer_5_q_1024,quantize_kernel,128,0.423139
8,serial_sparse,cold,history,compute_graph_projection_layer_5_q_1024,"void at::native::vectorized_elementwise_kernel<(int)4, at::native::AUnaryFunctor<float, float, float, at::native::binary_internal::MulFunctor<float>>, std::array<char *, (unsigned long)2>>(int, T2, T3)",128,0.146048
8,serial_sparse,cold,history,compute_graph_projection_layer_5_q_1024,"void at::native::vectorized_elementwise_kernel<(int)4, at::native::BinaryFunctor<float, float, float, at::native::binary_internal::MulFunctor<float>>, std::array<char *, (unsigned long)3>>(int, T2, T3)",64,0.107841
8,serial_sparse,cold,history,compute_graph_projection_layer_5_q_1024,"void at::native::<unnamed>::CatArrayBatchedCopy_vectorized<at::native::<unnamed>::OpaqueType<(unsigned int)2>, unsigned int, (int)2, (int)128, (int)1, (int)16, (int)8>(char *, at::native::<unnamed>::CatArrInputTensorMetadata<T1, T2, T4, T5>, at::native::<unnamed>::TensorSizeStride<T2, (unsigned int)4>, int, T2)",64,0.166176
8,serial_sparse,cold,history,compute_graph_finish_layer_5_q_1024,kernel_cutlass_kernel_operatorsdeepseek_v32norm_fusedLocalFusedRMSNorm_object_at__tensorptrbf16gmemalign128oi64716871681_tensorptrbf16gmemalign128oi64716871681_tensorptrf32gmemalign16o716_0,64,0.936706
8,serial_sparse,cold,history,compute_graph_finish_layer_5_q_1024,"void flashinfer::activation::act_and_mul_kernel<__nv_bfloat16, &silu>(T1 *, const T1 *, int)",64,1.868455
8,serial_sparse,cold,history,compute_graph_projection_layer_6_q_1024,kernel_cutlass_kernel_operatorsdeepseek_v32norm_plainLocalPlainRMSNorm_object_at__tensorptrbf16gmemalign128oi64716871681_tensorptrf32gmemalign16o71681_tensorptrbf16gmemalign128oi647168716_0,64,0.54688
8,serial_sparse,cold,history,compute_graph_projection_layer_6_q_1024,"void at::native::elementwise_kernel<(int)128, (int)2, void at::native::gpu_kernel_impl_nocast<at::native::CUDAFunctor_add<long>>(at::TensorIteratorBase &, const T1 &)::[lambda(int) (instance 1)]>(int, T3)",64,0.119648
8,serial_sparse,cold,history,compute_graph_projection_layer_6_q_1024,"void at::native::unrolled_elementwise_kernel<at::native::direct_copy_kernel_cuda(at::TensorIteratorBase &)::[lambda() (instance 3)]::operator ()() const::[lambda() (instance 7)]::operator ()() const::[lambda(float) (instance 1)], std::array<char *, (unsigned long)2>, (int)4, TrivialOffsetCalculator<(int)1, unsigned int>, TrivialOffsetCalculator<(int)1, unsigned int>, at::native::memory::LoadWithCast<(int)1>, at::native::memory::StoreWithCast<(int)1>>(int, T1, T2, T4, T5, T6, T7)",192,1.871524
8,serial_sparse,cold,history,compute_graph_projection_layer_6_q_1024,kernel_cutlass_kernel_operatorsdeepseek_v32norm_plainLocalPlainRMSNorm_object_at__tensorptrbf16gmemalign128oi64153615361_tensorptrf32gmemalign16o15361_tensorptrbf16gmemalign128oi641536153_0,64,0.195168
8,serial_sparse,cold,history,compute_graph_projection_layer_6_q_1024,"void at::native::elementwise_kernel<(int)128, (int)2, void at::native::gpu_kernel_impl_nocast<at::native::BinaryFunctor<float, float, float, at::native::binary_internal::MulFunctor<float>>>(at::TensorIteratorBase &, const T1 &)::[lambda(int) (instance 1)]>(int, T3)",64,0.122912
8,serial_sparse,cold,history,compute_graph_projection_layer_6_q_1024,"void <unnamed>::elementwise_kernel_with_index<int, at::native::arange_cuda_out(const c10::Scalar &, const c10::Scalar &, const c10::Scalar &, at::Tensor &)::[lambda() (instance 1)]::operator ()() const::[lambda() (instance 4)]::operator ()() const::[lambda(long) (instance 1)]>(T1, T2, function_traits<T2>::result_type *)",64,0.057376
8,serial_sparse,cold,history,compute_graph_projection_layer_6_q_1024,"void at::native::vectorized_elementwise_kernel<(int)4, at::native::cos_kernel_cuda(at::TensorIteratorBase &)::[lambda() (instance 2)]::operator ()() const::[lambda() (instance 2)]::operator ()() const::[lambda(float) (instance 1)], std::array<char *, (unsigned long)2>>(int, T2, T3)",64,0.123168
8,serial_sparse,cold,history,compute_graph_projection_layer_6_q_1024,"void at::native::vectorized_elementwise_kernel<(int)4, at::native::sin_kernel_cuda(at::TensorIteratorBase &)::[lambda() (instance 2)]::operator ()() const::[lambda() (instance 2)]::operator ()() const::[lambda(float) (instance 1)], std::array<char *, (unsigned long)2>>(int, T2, T3)",64,0.118976
8,serial_sparse,cold,history,compute_graph_projection_layer_6_q_1024,"void at::native::<unnamed>::CatArrayBatchedCopy_vectorized<at::native::<unnamed>::OpaqueType<(unsigned int)4>, unsigned int, (int)2, (int)128, (int)1, (int)16, (int)4>(char *, at::native::<unnamed>::CatArrInputTensorMetadata<T1, T2, T4, T5>, at::native::<unnamed>::TensorSizeStride<T2, (unsigned int)4>, int, T2)",64,0.09968
8,serial_sparse,cold,history,compute_graph_projection_layer_6_q_1024,"void at::native::elementwise_kernel<(int)128, (int)4, void at::native::gpu_kernel_impl_nocast<at::native::direct_copy_kernel_cuda(at::TensorIteratorBase &)::[lambda() (instance 3)]::operator ()() const::[lambda() (instance 12)]::operator ()() const::[lambda(c10::BFloat16) (instance 1)]>(at::TensorIteratorBase &, const T1 &)::[lambda(int) (instance 1)]>(int, T3)",64,0.168609
8,serial_sparse,cold,history,compute_graph_projection_layer_6_q_1024,kernel_cutlass_kernel_operatorsdeepseek_v32norm_plainLocalPlainRMSNorm_object_at__tensorptrbf16gmemalign128oi645125121_tensorptrf32gmemalign16o5121_tensorptrbf16gmemalign128oi645125121____0,64,0.120928
8,serial_sparse,cold,history,compute_graph_projection_layer_6_q_1024,"void flashinfer::BatchQKApplyRotaryPosIdsCosSinCacheHeadParallelismKernel<(bool)1, (unsigned int)64, (unsigned int)8, (unsigned int)8, __nv_bfloat16, long>(T5 *, T5 *, T5 *, T5 *, float *, T6 *, unsigned int, unsigned int, unsigned int, unsigned int, unsigned long, unsigned long, unsigned long, unsigned long, unsigned long, unsigned long, unsigned long, unsigned long)",64,0.70378
8,serial_sparse,cold,history,compute_graph_projection_layer_6_q_1024,"void at::native::<unnamed>::vectorized_layer_norm_kernel<float, float, (bool)0>(int, T2, const T1 *, const T1 *, const T1 *, T2 *, T2 *, T1 *)",64,0.232672
8,serial_sparse,cold,history,compute_graph_projection_layer_6_q_1024,"void at::native::vectorized_elementwise_kernel<(int)8, at::native::bfloat16_copy_kernel_cuda(at::TensorIteratorBase &)::[lambda(float) (instance 1)], std::array<char *, (unsigned long)2>>(int, T2, T3)",64,0.084353
8,serial_sparse,cold,history,compute_graph_projection_layer_6_q_1024,"void flashinfer::BatchQKApplyRotaryPosIdsCosSinCacheHeadParallelismKernel<(bool)0, (unsigned int)128, (unsigned int)8, (unsigned int)16, __nv_bfloat16, long>(T5 *, T5 *, T5 *, T5 *, float *, T6 *, unsigned int, unsigned int, unsigned int, unsigned int, unsigned long, unsigned long, unsigned long, unsigned long, unsigned long, unsigned long, unsigned long, unsigned long)",64,0.704581
8,serial_sparse,cold,history,compute_graph_projection_layer_6_q_1024,quantize_kernel,128,0.429953
8,serial_sparse,cold,history,compute_graph_projection_layer_6_q_1024,"void at::native::vectorized_elementwise_kernel<(int)4, at::native::AUnaryFunctor<float, float, float, at::native::binary_internal::MulFunctor<float>>, std::array<char *, (unsigned long)2>>(int, T2, T3)",128,0.146272
8,serial_sparse,cold,history,compute_graph_projection_layer_6_q_1024,"void at::native::vectorized_elementwise_kernel<(int)4, at::native::BinaryFunctor<float, float, float, at::native::binary_internal::MulFunctor<float>>, std::array<char *, (unsigned long)3>>(int, T2, T3)",64,0.108576
8,serial_sparse,cold,history,compute_graph_projection_layer_6_q_1024,"void at::native::<unnamed>::CatArrayBatchedCopy_vectorized<at::native::<unnamed>::OpaqueType<(unsigned int)2>, unsigned int, (int)2, (int)128, (int)1, (int)16, (int)8>(char *, at::native::<unnamed>::CatArrInputTensorMetadata<T1, T2, T4, T5>, at::native::<unnamed>::TensorSizeStride<T2, (unsigned int)4>, int, T2)",64,0.171008
8,serial_sparse,cold,history,compute_graph_finish_layer_6_q_1024,kernel_cutlass_kernel_operatorsdeepseek_v32norm_fusedLocalFusedRMSNorm_object_at__tensorptrbf16gmemalign128oi64716871681_tensorptrbf16gmemalign128oi64716871681_tensorptrf32gmemalign16o716_0,64,0.927876
8,serial_sparse,cold,history,compute_graph_finish_layer_6_q_1024,"void flashinfer::activation::act_and_mul_kernel<__nv_bfloat16, &silu>(T1 *, const T1 *, int)",64,1.865386
8,serial_sparse,cold,history,compute_graph_projection_layer_7_q_1024,kernel_cutlass_kernel_operatorsdeepseek_v32norm_fusedLocalFusedRMSNorm_object_at__tensorptrbf16gmemalign128oi64716871681_tensorptrbf16gmemalign128oi64716871681_tensorptrf32gmemalign16o716_0,64,0.945826
8,serial_sparse,cold,history,compute_graph_projection_layer_7_q_1024,"void at::native::elementwise_kernel<(int)128, (int)2, void at::native::gpu_kernel_impl_nocast<at::native::CUDAFunctor_add<long>>(at::TensorIteratorBase &, const T1 &)::[lambda(int) (instance 1)]>(int, T3)",64,0.12976
8,serial_sparse,cold,history,compute_graph_projection_layer_7_q_1024,"void at::native::unrolled_elementwise_kernel<at::native::direct_copy_kernel_cuda(at::TensorIteratorBase &)::[lambda() (instance 3)]::operator ()() const::[lambda() (instance 7)]::operator ()() const::[lambda(float) (instance 1)], std::array<char *, (unsigned long)2>, (int)4, TrivialOffsetCalculator<(int)1, unsigned int>, TrivialOffsetCalculator<(int)1, unsigned int>, at::native::memory::LoadWithCast<(int)1>, at::native::memory::StoreWithCast<(int)1>>(int, T1, T2, T4, T5, T6, T7)",192,1.870056
8,serial_sparse,cold,history,compute_graph_projection_layer_7_q_1024,kernel_cutlass_kernel_operatorsdeepseek_v32norm_plainLocalPlainRMSNorm_object_at__tensorptrbf16gmemalign128oi64153615361_tensorptrf32gmemalign16o15361_tensorptrbf16gmemalign128oi641536153_0,64,0.196192
8,serial_sparse,cold,history,compute_graph_projection_layer_7_q_1024,"void at::native::elementwise_kernel<(int)128, (int)2, void at::native::gpu_kernel_impl_nocast<at::native::BinaryFunctor<float, float, float, at::native::binary_internal::MulFunctor<float>>>(at::TensorIteratorBase &, const T1 &)::[lambda(int) (instance 1)]>(int, T3)",64,0.119265
8,serial_sparse,cold,history,compute_graph_projection_layer_7_q_1024,"void <unnamed>::elementwise_kernel_with_index<int, at::native::arange_cuda_out(const c10::Scalar &, const c10::Scalar &, const c10::Scalar &, at::Tensor &)::[lambda() (instance 1)]::operator ()() const::[lambda() (instance 4)]::operator ()() const::[lambda(long) (instance 1)]>(T1, T2, function_traits<T2>::result_type *)",64,0.05344
8,serial_sparse,cold,history,compute_graph_projection_layer_7_q_1024,"void at::native::vectorized_elementwise_kernel<(int)4, at::native::cos_kernel_cuda(at::TensorIteratorBase &)::[lambda() (instance 2)]::operator ()() const::[lambda() (instance 2)]::operator ()() const::[lambda(float) (instance 1)], std::array<char *, (unsigned long)2>>(int, T2, T3)",64,0.120321
8,serial_sparse,cold,history,compute_graph_projection_layer_7_q_1024,"void at::native::vectorized_elementwise_kernel<(int)4, at::native::sin_kernel_cuda(at::TensorIteratorBase &)::[lambda() (instance 2)]::operator ()() const::[lambda() (instance 2)]::operator ()() const::[lambda(float) (instance 1)], std::array<char *, (unsigned long)2>>(int, T2, T3)",64,0.116576
8,serial_sparse,cold,history,compute_graph_projection_layer_7_q_1024,"void at::native::<unnamed>::CatArrayBatchedCopy_vectorized<at::native::<unnamed>::OpaqueType<(unsigned int)4>, unsigned int, (int)2, (int)128, (int)1, (int)16, (int)4>(char *, at::native::<unnamed>::CatArrInputTensorMetadata<T1, T2, T4, T5>, at::native::<unnamed>::TensorSizeStride<T2, (unsigned int)4>, int, T2)",64,0.097088
8,serial_sparse,cold,history,compute_graph_projection_layer_7_q_1024,"void at::native::elementwise_kernel<(int)128, (int)4, void at::native::gpu_kernel_impl_nocast<at::native::direct_copy_kernel_cuda(at::TensorIteratorBase &)::[lambda() (instance 3)]::operator ()() const::[lambda() (instance 12)]::operator ()() const::[lambda(c10::BFloat16) (instance 1)]>(at::TensorIteratorBase &, const T1 &)::[lambda(int) (instance 1)]>(int, T3)",64,0.166209
8,serial_sparse,cold,history,compute_graph_projection_layer_7_q_1024,kernel_cutlass_kernel_operatorsdeepseek_v32norm_plainLocalPlainRMSNorm_object_at__tensorptrbf16gmemalign128oi645125121_tensorptrf32gmemalign16o5121_tensorptrbf16gmemalign128oi645125121____0,64,0.117824
8,serial_sparse,cold,history,compute_graph_projection_layer_7_q_1024,"void flashinfer::BatchQKApplyRotaryPosIdsCosSinCacheHeadParallelismKernel<(bool)1, (unsigned int)64, (unsigned int)8, (unsigned int)8, __nv_bfloat16, long>(T5 *, T5 *, T5 *, T5 *, float *, T6 *, unsigned int, unsigned int, unsigned int, unsigned int, unsigned long, unsigned long, unsigned long, unsigned long, unsigned long, unsigned long, unsigned long, unsigned long)",64,0.702947
8,serial_sparse,cold,history,compute_graph_projection_layer_7_q_1024,"void at::native::<unnamed>::vectorized_layer_norm_kernel<float, float, (bool)0>(int, T2, const T1 *, const T1 *, const T1 *, T2 *, T2 *, T1 *)",64,0.232961
8,serial_sparse,cold,history,compute_graph_projection_layer_7_q_1024,"void at::native::vectorized_elementwise_kernel<(int)8, at::native::bfloat16_copy_kernel_cuda(at::TensorIteratorBase &)::[lambda(float) (instance 1)], std::array<char *, (unsigned long)2>>(int, T2, T3)",64,0.088192
8,serial_sparse,cold,history,compute_graph_projection_layer_7_q_1024,"void flashinfer::BatchQKApplyRotaryPosIdsCosSinCacheHeadParallelismKernel<(bool)0, (unsigned int)128, (unsigned int)8, (unsigned int)16, __nv_bfloat16, long>(T5 *, T5 *, T5 *, T5 *, float *, T6 *, unsigned int, unsigned int, unsigned int, unsigned int, unsigned long, unsigned long, unsigned long, unsigned long, unsigned long, unsigned long, unsigned long, unsigned long)",64,0.69978
8,serial_sparse,cold,history,compute_graph_projection_layer_7_q_1024,quantize_kernel,128,0.428737
8,serial_sparse,cold,history,compute_graph_projection_layer_7_q_1024,"void at::native::vectorized_elementwise_kernel<(int)4, at::native::AUnaryFunctor<float, float, float, at::native::binary_internal::MulFunctor<float>>, std::array<char *, (unsigned long)2>>(int, T2, T3)",128,0.149376
8,serial_sparse,cold,history,compute_graph_projection_layer_7_q_1024,"void at::native::vectorized_elementwise_kernel<(int)4, at::native::BinaryFunctor<float, float, float, at::native::binary_internal::MulFunctor<float>>, std::array<char *, (unsigned long)3>>(int, T2, T3)",64,0.11632
8,serial_sparse,cold,history,compute_graph_projection_layer_7_q_1024,"void at::native::<unnamed>::CatArrayBatchedCopy_vectorized<at::native::<unnamed>::OpaqueType<(unsigned int)2>, unsigned int, (int)2, (int)128, (int)1, (int)16, (int)8>(char *, at::native::<unnamed>::CatArrInputTensorMetadata<T1, T2, T4, T5>, at::native::<unnamed>::TensorSizeStride<T2, (unsigned int)4>, int, T2)",64,0.171202
8,serial_sparse,cold,history,compute_graph_finish_layer_7_q_1024,kernel_cutlass_kernel_operatorsdeepseek_v32norm_fusedLocalFusedRMSNorm_object_at__tensorptrbf16gmemalign128oi64716871681_tensorptrbf16gmemalign128oi64716871681_tensorptrf32gmemalign16o716_0,64,0.924646
8,serial_sparse,cold,history,compute_graph_finish_layer_7_q_1024,"void flashinfer::activation::act_and_mul_kernel<__nv_bfloat16, &silu>(T1 *, const T1 *, int)",64,1.870532
8,serial_sparse,cold,history,compute_graph_projection_layer_8_q_1024,kernel_cutlass_kernel_operatorsdeepseek_v32norm_fusedLocalFusedRMSNorm_object_at__tensorptrbf16gmemalign128oi64716871681_tensorptrbf16gmemalign128oi64716871681_tensorptrf32gmemalign16o716_0,64,0.937506
8,serial_sparse,cold,history,compute_graph_projection_layer_8_q_1024,"void at::native::elementwise_kernel<(int)128, (int)2, void at::native::gpu_kernel_impl_nocast<at::native::CUDAFunctor_add<long>>(at::TensorIteratorBase &, const T1 &)::[lambda(int) (instance 1)]>(int, T3)",64,0.131265
8,serial_sparse,cold,history,compute_graph_projection_layer_8_q_1024,"void at::native::unrolled_elementwise_kernel<at::native::direct_copy_kernel_cuda(at::TensorIteratorBase &)::[lambda() (instance 3)]::operator ()() const::[lambda() (instance 7)]::operator ()() const::[lambda(float) (instance 1)], std::array<char *, (unsigned long)2>, (int)4, TrivialOffsetCalculator<(int)1, unsigned int>, TrivialOffsetCalculator<(int)1, unsigned int>, at::native::memory::LoadWithCast<(int)1>, at::native::memory::StoreWithCast<(int)1>>(int, T1, T2, T4, T5, T6, T7)",192,1.863397
8,serial_sparse,cold,history,compute_graph_projection_layer_8_q_1024,kernel_cutlass_kernel_operatorsdeepseek_v32norm_plainLocalPlainRMSNorm_object_at__tensorptrbf16gmemalign128oi64153615361_tensorptrf32gmemalign16o15361_tensorptrbf16gmemalign128oi641536153_0,64,0.196864
8,serial_sparse,cold,history,compute_graph_projection_layer_8_q_1024,"void at::native::elementwise_kernel<(int)128, (int)2, void at::native::gpu_kernel_impl_nocast<at::native::BinaryFunctor<float, float, float, at::native::binary_internal::MulFunctor<float>>>(at::TensorIteratorBase &, const T1 &)::[lambda(int) (instance 1)]>(int, T3)",64,0.123104
8,serial_sparse,cold,history,compute_graph_projection_layer_8_q_1024,"void <unnamed>::elementwise_kernel_with_index<int, at::native::arange_cuda_out(const c10::Scalar &, const c10::Scalar &, const c10::Scalar &, at::Tensor &)::[lambda() (instance 1)]::operator ()() const::[lambda() (instance 4)]::operator ()() const::[lambda(long) (instance 1)]>(T1, T2, function_traits<T2>::result_type *)",64,0.058368
8,serial_sparse,cold,history,compute_graph_projection_layer_8_q_1024,"void at::native::vectorized_elementwise_kernel<(int)4, at::native::cos_kernel_cuda(at::TensorIteratorBase &)::[lambda() (instance 2)]::operator ()() const::[lambda() (instance 2)]::operator ()() const::[lambda(float) (instance 1)], std::array<char *, (unsigned long)2>>(int, T2, T3)",64,0.120672
8,serial_sparse,cold,history,compute_graph_projection_layer_8_q_1024,"void at::native::vectorized_elementwise_kernel<(int)4, at::native::sin_kernel_cuda(at::TensorIteratorBase &)::[lambda() (instance 2)]::operator ()() const::[lambda() (instance 2)]::operator ()() const::[lambda(float) (instance 1)], std::array<char *, (unsigned long)2>>(int, T2, T3)",64,0.116224
8,serial_sparse,cold,history,compute_graph_projection_layer_8_q_1024,"void at::native::<unnamed>::CatArrayBatchedCopy_vectorized<at::native::<unnamed>::OpaqueType<(unsigned int)4>, unsigned int, (int)2, (int)128, (int)1, (int)16, (int)4>(char *, at::native::<unnamed>::CatArrInputTensorMetadata<T1, T2, T4, T5>, at::native::<unnamed>::TensorSizeStride<T2, (unsigned int)4>, int, T2)",64,0.097025
8,serial_sparse,cold,history,compute_graph_projection_layer_8_q_1024,"void at::native::elementwise_kernel<(int)128, (int)4, void at::native::gpu_kernel_impl_nocast<at::native::direct_copy_kernel_cuda(at::TensorIteratorBase &)::[lambda() (instance 3)]::operator ()() const::[lambda() (instance 12)]::operator ()() const::[lambda(c10::BFloat16) (instance 1)]>(at::TensorIteratorBase &, const T1 &)::[lambda(int) (instance 1)]>(int, T3)",64,0.168513
8,serial_sparse,cold,history,compute_graph_projection_layer_8_q_1024,kernel_cutlass_kernel_operatorsdeepseek_v32norm_plainLocalPlainRMSNorm_object_at__tensorptrbf16gmemalign128oi645125121_tensorptrf32gmemalign16o5121_tensorptrbf16gmemalign128oi645125121____0,64,0.119425
8,serial_sparse,cold,history,compute_graph_projection_layer_8_q_1024,"void flashinfer::BatchQKApplyRotaryPosIdsCosSinCacheHeadParallelismKernel<(bool)1, (unsigned int)64, (unsigned int)8, (unsigned int)8, __nv_bfloat16, long>(T5 *, T5 *, T5 *, T5 *, float *, T6 *, unsigned int, unsigned int, unsigned int, unsigned int, unsigned long, unsigned long, unsigned long, unsigned long, unsigned long, unsigned long, unsigned long, unsigned long)",64,0.692929
8,serial_sparse,cold,history,compute_graph_projection_layer_8_q_1024,"void at::native::<unnamed>::vectorized_layer_norm_kernel<float, float, (bool)0>(int, T2, const T1 *, const T1 *, const T1 *, T2 *, T2 *, T1 *)",64,0.227424
8,serial_sparse,cold,history,compute_graph_projection_layer_8_q_1024,"void at::native::vectorized_elementwise_kernel<(int)8, at::native::bfloat16_copy_kernel_cuda(at::TensorIteratorBase &)::[lambda(float) (instance 1)], std::array<char *, (unsigned long)2>>(int, T2, T3)",64,0.08752
8,serial_sparse,cold,history,compute_graph_projection_layer_8_q_1024,"void flashinfer::BatchQKApplyRotaryPosIdsCosSinCacheHeadParallelismKernel<(bool)0, (unsigned int)128, (unsigned int)8, (unsigned int)16, __nv_bfloat16, long>(T5 *, T5 *, T5 *, T5 *, float *, T6 *, unsigned int, unsigned int, unsigned int, unsigned int, unsigned long, unsigned long, unsigned long, unsigned long, unsigned long, unsigned long, unsigned long, unsigned long)",64,0.712866
8,serial_sparse,cold,history,compute_graph_projection_layer_8_q_1024,quantize_kernel,128,0.428867
8,serial_sparse,cold,history,compute_graph_projection_layer_8_q_1024,"void at::native::vectorized_elementwise_kernel<(int)4, at::native::AUnaryFunctor<float, float, float, at::native::binary_internal::MulFunctor<float>>, std::array<char *, (unsigned long)2>>(int, T2, T3)",128,0.151552
8,serial_sparse,cold,history,compute_graph_projection_layer_8_q_1024,"void at::native::vectorized_elementwise_kernel<(int)4, at::native::BinaryFunctor<float, float, float, at::native::binary_internal::MulFunctor<float>>, std::array<char *, (unsigned long)3>>(int, T2, T3)",64,0.112737
8,serial_sparse,cold,history,compute_graph_projection_layer_8_q_1024,"void at::native::<unnamed>::CatArrayBatchedCopy_vectorized<at::native::<unnamed>::OpaqueType<(unsigned int)2>, unsigned int, (int)2, (int)128, (int)1, (int)16, (int)8>(char *, at::native::<unnamed>::CatArrInputTensorMetadata<T1, T2, T4, T5>, at::native::<unnamed>::TensorSizeStride<T2, (unsigned int)4>, int, T2)",64,0.172832
8,serial_sparse,cold,history,compute_graph_finish_layer_8_q_1024,kernel_cutlass_kernel_operatorsdeepseek_v32norm_fusedLocalFusedRMSNorm_object_at__tensorptrbf16gmemalign128oi64716871681_tensorptrbf16gmemalign128oi64716871681_tensorptrf32gmemalign16o716_0,64,0.935747
8,serial_sparse,cold,history,compute_graph_finish_layer_8_q_1024,"void flashinfer::activation::act_and_mul_kernel<__nv_bfloat16, &silu>(T1 *, const T1 *, int)",64,1.860199
8,serial_sparse,cold,history,compute_graph_projection_layer_9_q_1024,kernel_cutlass_kernel_operatorsdeepseek_v32norm_plainLocalPlainRMSNorm_object_at__tensorptrbf16gmemalign128oi64716871681_tensorptrf32gmemalign16o71681_tensorptrbf16gmemalign128oi647168716_0,64,0.54973
8,serial_sparse,cold,history,compute_graph_projection_layer_9_q_1024,"void at::native::elementwise_kernel<(int)128, (int)2, void at::native::gpu_kernel_impl_nocast<at::native::CUDAFunctor_add<long>>(at::TensorIteratorBase &, const T1 &)::[lambda(int) (instance 1)]>(int, T3)",64,0.120832
8,serial_sparse,cold,history,compute_graph_projection_layer_9_q_1024,"void at::native::unrolled_elementwise_kernel<at::native::direct_copy_kernel_cuda(at::TensorIteratorBase &)::[lambda() (instance 3)]::operator ()() const::[lambda() (instance 7)]::operator ()() const::[lambda(float) (instance 1)], std::array<char *, (unsigned long)2>, (int)4, TrivialOffsetCalculator<(int)1, unsigned int>, TrivialOffsetCalculator<(int)1, unsigned int>, at::native::memory::LoadWithCast<(int)1>, at::native::memory::StoreWithCast<(int)1>>(int, T1, T2, T4, T5, T6, T7)",192,1.854982
8,serial_sparse,cold,history,compute_graph_projection_layer_9_q_1024,kernel_cutlass_kernel_operatorsdeepseek_v32norm_plainLocalPlainRMSNorm_object_at__tensorptrbf16gmemalign128oi64153615361_tensorptrf32gmemalign16o15361_tensorptrbf16gmemalign128oi641536153_0,64,0.196193
8,serial_sparse,cold,history,compute_graph_projection_layer_9_q_1024,"void at::native::elementwise_kernel<(int)128, (int)2, void at::native::gpu_kernel_impl_nocast<at::native::BinaryFunctor<float, float, float, at::native::binary_internal::MulFunctor<float>>>(at::TensorIteratorBase &, const T1 &)::[lambda(int) (instance 1)]>(int, T3)",64,0.117792
8,serial_sparse,cold,history,compute_graph_projection_layer_9_q_1024,"void <unnamed>::elementwise_kernel_with_index<int, at::native::arange_cuda_out(const c10::Scalar &, const c10::Scalar &, const c10::Scalar &, at::Tensor &)::[lambda() (instance 1)]::operator ()() const::[lambda() (instance 4)]::operator ()() const::[lambda(long) (instance 1)]>(T1, T2, function_traits<T2>::result_type *)",64,0.053729
8,serial_sparse,cold,history,compute_graph_projection_layer_9_q_1024,"void at::native::vectorized_elementwise_kernel<(int)4, at::native::cos_kernel_cuda(at::TensorIteratorBase &)::[lambda() (instance 2)]::operator ()() const::[lambda() (instance 2)]::operator ()() const::[lambda(float) (instance 1)], std::array<char *, (unsigned long)2>>(int, T2, T3)",64,0.120449
8,serial_sparse,cold,history,compute_graph_projection_layer_9_q_1024,"void at::native::vectorized_elementwise_kernel<(int)4, at::native::sin_kernel_cuda(at::TensorIteratorBase &)::[lambda() (instance 2)]::operator ()() const::[lambda() (instance 2)]::operator ()() const::[lambda(float) (instance 1)], std::array<char *, (unsigned long)2>>(int, T2, T3)",64,0.11648
8,serial_sparse,cold,history,compute_graph_projection_layer_9_q_1024,"void at::native::<unnamed>::CatArrayBatchedCopy_vectorized<at::native::<unnamed>::OpaqueType<(unsigned int)4>, unsigned int, (int)2, (int)128, (int)1, (int)16, (int)4>(char *, at::native::<unnamed>::CatArrInputTensorMetadata<T1, T2, T4, T5>, at::native::<unnamed>::TensorSizeStride<T2, (unsigned int)4>, int, T2)",64,0.097504
8,serial_sparse,cold,history,compute_graph_projection_layer_9_q_1024,"void at::native::elementwise_kernel<(int)128, (int)4, void at::native::gpu_kernel_impl_nocast<at::native::direct_copy_kernel_cuda(at::TensorIteratorBase &)::[lambda() (instance 3)]::operator ()() const::[lambda() (instance 12)]::operator ()() const::[lambda(c10::BFloat16) (instance 1)]>(at::TensorIteratorBase &, const T1 &)::[lambda(int) (instance 1)]>(int, T3)",64,0.168736
8,serial_sparse,cold,history,compute_graph_projection_layer_9_q_1024,kernel_cutlass_kernel_operatorsdeepseek_v32norm_plainLocalPlainRMSNorm_object_at__tensorptrbf16gmemalign128oi645125121_tensorptrf32gmemalign16o5121_tensorptrbf16gmemalign128oi645125121____0,64,0.121856
8,serial_sparse,cold,history,compute_graph_projection_layer_9_q_1024,"void flashinfer::BatchQKApplyRotaryPosIdsCosSinCacheHeadParallelismKernel<(bool)1, (unsigned int)64, (unsigned int)8, (unsigned int)8, __nv_bfloat16, long>(T5 *, T5 *, T5 *, T5 *, float *, T6 *, unsigned int, unsigned int, unsigned int, unsigned int, unsigned long, unsigned long, unsigned long, unsigned long, unsigned long, unsigned long, unsigned long, unsigned long)",64,0.697856
8,serial_sparse,cold,history,compute_graph_projection_layer_9_q_1024,"void at::native::<unnamed>::vectorized_layer_norm_kernel<float, float, (bool)0>(int, T2, const T1 *, const T1 *, const T1 *, T2 *, T2 *, T1 *)",64,0.229762
8,serial_sparse,cold,history,compute_graph_projection_layer_9_q_1024,"void at::native::vectorized_elementwise_kernel<(int)8, at::native::bfloat16_copy_kernel_cuda(at::TensorIteratorBase &)::[lambda(float) (instance 1)], std::array<char *, (unsigned long)2>>(int, T2, T3)",64,0.083488
8,serial_sparse,cold,history,compute_graph_projection_layer_9_q_1024,"void flashinfer::BatchQKApplyRotaryPosIdsCosSinCacheHeadParallelismKernel<(bool)0, (unsigned int)128, (unsigned int)8, (unsigned int)16, __nv_bfloat16, long>(T5 *, T5 *, T5 *, T5 *, float *, T6 *, unsigned int, unsigned int, unsigned int, unsigned int, unsigned long, unsigned long, unsigned long, unsigned long, unsigned long, unsigned long, unsigned long, unsigned long)",64,0.712641
8,serial_sparse,cold,history,compute_graph_projection_layer_9_q_1024,quantize_kernel,128,0.431936
8,serial_sparse,cold,history,compute_graph_projection_layer_9_q_1024,"void at::native::vectorized_elementwise_kernel<(int)4, at::native::AUnaryFunctor<float, float, float, at::native::binary_internal::MulFunctor<float>>, std::array<char *, (unsigned long)2>>(int, T2, T3)",128,0.153282
8,serial_sparse,cold,history,compute_graph_projection_layer_9_q_1024,"void at::native::vectorized_elementwise_kernel<(int)4, at::native::BinaryFunctor<float, float, float, at::native::binary_internal::MulFunctor<float>>, std::array<char *, (unsigned long)3>>(int, T2, T3)",64,0.112064
8,serial_sparse,cold,history,compute_graph_projection_layer_9_q_1024,"void at::native::<unnamed>::CatArrayBatchedCopy_vectorized<at::native::<unnamed>::OpaqueType<(unsigned int)2>, unsigned int, (int)2, (int)128, (int)1, (int)16, (int)8>(char *, at::native::<unnamed>::CatArrInputTensorMetadata<T1, T2, T4, T5>, at::native::<unnamed>::TensorSizeStride<T2, (unsigned int)4>, int, T2)",64,0.172672
8,serial_sparse,cold,history,compute_graph_finish_layer_9_q_1024,kernel_cutlass_kernel_operatorsdeepseek_v32norm_fusedLocalFusedRMSNorm_object_at__tensorptrbf16gmemalign128oi64716871681_tensorptrbf16gmemalign128oi64716871681_tensorptrf32gmemalign16o716_0,64,0.931265
8,serial_sparse,cold,history,compute_graph_finish_layer_9_q_1024,"void flashinfer::activation::act_and_mul_kernel<__nv_bfloat16, &silu>(T1 *, const T1 *, int)",64,1.86948
8,serial_sparse,cold,history,final_norm_lm_head,"void at::native::unrolled_elementwise_kernel<at::native::direct_copy_kernel_cuda(at::TensorIteratorBase &)::[lambda() (instance 3)]::operator ()() const::[lambda() (instance 7)]::operator ()() const::[lambda(float) (instance 1)], std::array<char *, (unsigned long)2>, (int)4, TrivialOffsetCalculator<(int)1, unsigned int>, TrivialOffsetCalculator<(int)1, unsigned int>, at::native::memory::LoadWithCast<(int)1>, at::native::memory::StoreWithCast<(int)1>>(int, T1, T2, T4, T5, T6, T7)",129,2.864199
8,serial_sparse,cold,history,final_norm_lm_head,"void at::native::vectorized_elementwise_kernel<(int)4, at::native::CUDAFunctor_add<float>, std::array<char *, (unsigned long)3>>(int, T2, T3)",64,1.334275
8,serial_sparse,cold,history,final_norm_lm_head,kernel_cutlass_kernel_flashinfernormkernelsrmsnormRMSNormKernel_object_at__tensorptrf32gmemalign128oi64716871681_tensorptrf32gmemalign16o71681_tensorptrf32gmemalign128oi64716871681___True_0,64,0.994917
8,serial_sparse,cold,history,final_norm_lm_head,"void at::native::vectorized_elementwise_kernel<(int)8, at::native::bfloat16_copy_kernel_cuda(at::TensorIteratorBase &)::[lambda(float) (instance 1)], std::array<char *, (unsigned long)2>>(int, T2, T3)",64,0.528674
8,serial_sparse,cold,history,exact_topk,"void flashinfer::sampling::FinalizeTopKIndicesKernel<(bool)1, (flashinfer::sampling::FilteredTopKMode)0, (unsigned int)256, (unsigned int)8, float, int, flashinfer::sampling::DirectPageTableKernelPolicy<int>, >(T6 *, T5 *, const T6 *, long, const T6 *, const T6 *, unsigned int, unsigned int, T8...)",630,35.306426
8,serial_sparse,cold,history,exact_topk,"void flashinfer::sampling::StableSortTopKByValueKernel<(unsigned int)256, (unsigned int)8, int, float>(T3 *, T4 *, unsigned int, unsigned int)",630,45.353838
8,serial_sparse,cold,history,chunk,"void at::native::<unnamed>::CatArrayBatchedCopy_vectorized<at::native::<unnamed>::OpaqueType<(unsigned int)2>, unsigned int, (int)1, (int)128, (int)1, (int)16, (int)8>(char *, at::native::<unnamed>::CatArrInputTensorMetadata<T1, T2, T4, T5>, at::native::<unnamed>::TensorSizeStride<T2, (unsigned int)4>, int, T2)",1,0.437346
8,serial_sparse,cold,candidate,forward,"void at::native::reduce_kernel<(int)512, (int)1, at::native::ReduceOp<long, at::native::func_wrapper_t<long, at::native::MinNanFunctor<long>>, unsigned int, long, (int)4, (int)4>>(T3)",1,0.00208
8,serial_sparse,cold,candidate,forward,"void at::native::reduce_kernel<(int)512, (int)1, at::native::ReduceOp<long, at::native::func_wrapper_t<long, at::native::MaxNanFunctor<long>>, unsigned int, long, (int)4, (int)4>>(T3)",1,0.001952
8,serial_sparse,cold,candidate,forward,"void at::native::vectorized_elementwise_kernel<(int)2, at::native::FillFunctor<long>, std::array<char *, (unsigned long)1>>(int, T2, T3)",5,0.004
8,serial_sparse,cold,candidate,forward,"void at::native::unrolled_elementwise_kernel<at::native::FillFunctor<long>, std::array<char *, (unsigned long)1>, (int)4, TrivialOffsetCalculator<(int)0, unsigned int>, TrivialOffsetCalculator<(int)1, unsigned int>, at::native::memory::LoadWithoutCast, at::native::memory::StoreWithoutCast>(int, T1, T2, T4, T5, T6, T7)",5,0.003616
8,serial_sparse,cold,candidate,embedding,"void at::native::vectorized_gather_kernel<(int)16, long>(char *, char *, T2 *, int, long, long, long, long, bool)",1,0.003776
8,serial_sparse,cold,candidate,compute_graph_projection_inputs,"void at::native::vectorized_elementwise_kernel<(int)2, at::native::FillFunctor<long>, std::array<char *, (unsigned long)1>>(int, T2, T3)",10,0.007776
8,serial_sparse,cold,candidate,compute_graph_projection_layer_0_q_128,kernel_cutlass_kernel_operatorsdeepseek_v32norm_plainLocalPlainRMSNorm_object_at__tensorptrbf16gmemalign128oi64716871681_tensorptrf32gmemalign16o71681_tensorptrbf16gmemalign128oi647168716_0,1,0.003104
8,serial_sparse,cold,candidate,compute_graph_projection_layer_0_q_128,"void at::native::elementwise_kernel<(int)128, (int)2, void at::native::gpu_kernel_impl_nocast<at::native::CUDAFunctor_add<long>>(at::TensorIteratorBase &, const T1 &)::[lambda(int) (instance 1)]>(int, T3)",1,0.001792
8,serial_sparse,cold,candidate,compute_graph_projection_layer_0_q_128,"void at::native::unrolled_elementwise_kernel<at::native::direct_copy_kernel_cuda(at::TensorIteratorBase &)::[lambda() (instance 3)]::operator ()() const::[lambda() (instance 7)]::operator ()() const::[lambda(float) (instance 1)], std::array<char *, (unsigned long)2>, (int)4, TrivialOffsetCalculator<(int)1, unsigned int>, TrivialOffsetCalculator<(int)1, unsigned int>, at::native::memory::LoadWithCast<(int)1>, at::native::memory::StoreWithCast<(int)1>>(int, T1, T2, T4, T5, T6, T7)",3,0.00816
8,serial_sparse,cold,candidate,compute_graph_projection_layer_0_q_128,kernel_cutlass_kernel_operatorsdeepseek_v32norm_plainLocalPlainRMSNorm_object_at__tensorptrbf16gmemalign128oi64153615361_tensorptrf32gmemalign16o15361_tensorptrbf16gmemalign128oi641536153_0,1,0.002176
8,serial_sparse,cold,candidate,compute_graph_projection_layer_0_q_128,"void at::native::elementwise_kernel<(int)128, (int)2, void at::native::gpu_kernel_impl_nocast<at::native::BinaryFunctor<float, float, float, at::native::binary_internal::MulFunctor<float>>>(at::TensorIteratorBase &, const T1 &)::[lambda(int) (instance 1)]>(int, T3)",1,0.001504
8,serial_sparse,cold,candidate,compute_graph_projection_layer_0_q_128,"void <unnamed>::elementwise_kernel_with_index<int, at::native::arange_cuda_out(const c10::Scalar &, const c10::Scalar &, const c10::Scalar &, at::Tensor &)::[lambda() (instance 1)]::operator ()() const::[lambda() (instance 4)]::operator ()() const::[lambda(long) (instance 1)]>(T1, T2, function_traits<T2>::result_type *)",1,0.000896
8,serial_sparse,cold,candidate,compute_graph_projection_layer_0_q_128,"void at::native::vectorized_elementwise_kernel<(int)4, at::native::cos_kernel_cuda(at::TensorIteratorBase &)::[lambda() (instance 2)]::operator ()() const::[lambda() (instance 2)]::operator ()() const::[lambda(float) (instance 1)], std::array<char *, (unsigned long)2>>(int, T2, T3)",1,0.001728
8,serial_sparse,cold,candidate,compute_graph_projection_layer_0_q_128,"void at::native::vectorized_elementwise_kernel<(int)4, at::native::sin_kernel_cuda(at::TensorIteratorBase &)::[lambda() (instance 2)]::operator ()() const::[lambda() (instance 2)]::operator ()() const::[lambda(float) (instance 1)], std::array<char *, (unsigned long)2>>(int, T2, T3)",1,0.00176
8,serial_sparse,cold,candidate,compute_graph_projection_layer_0_q_128,"void at::native::<unnamed>::CatArrayBatchedCopy_vectorized<at::native::<unnamed>::OpaqueType<(unsigned int)4>, unsigned int, (int)2, (int)128, (int)1, (int)16, (int)4>(char *, at::native::<unnamed>::CatArrInputTensorMetadata<T1, T2, T4, T5>, at::native::<unnamed>::TensorSizeStride<T2, (unsigned int)4>, int, T2)",1,0.001376
8,serial_sparse,cold,candidate,compute_graph_projection_layer_0_q_128,"void at::native::elementwise_kernel<(int)128, (int)4, void at::native::gpu_kernel_impl_nocast<at::native::direct_copy_kernel_cuda(at::TensorIteratorBase &)::[lambda() (instance 3)]::operator ()() const::[lambda() (instance 12)]::operator ()() const::[lambda(c10::BFloat16) (instance 1)]>(at::TensorIteratorBase &, const T1 &)::[lambda(int) (instance 1)]>(int, T3)",1,0.002368
8,serial_sparse,cold,candidate,compute_graph_projection_layer_0_q_128,kernel_cutlass_kernel_operatorsdeepseek_v32norm_plainLocalPlainRMSNorm_object_at__tensorptrbf16gmemalign128oi645125121_tensorptrf32gmemalign16o5121_tensorptrbf16gmemalign128oi645125121____0,1,0.001472
8,serial_sparse,cold,candidate,compute_graph_projection_layer_0_q_128,"void flashinfer::BatchQKApplyRotaryPosIdsCosSinCacheHeadParallelismKernel<(bool)1, (unsigned int)64, (unsigned int)8, (unsigned int)8, __nv_bfloat16, long>(T5 *, T5 *, T5 *, T5 *, float *, T6 *, unsigned int, unsigned int, unsigned int, unsigned int, unsigned long, unsigned long, unsigned long, unsigned long, unsigned long, unsigned long, unsigned long, unsigned long)",1,0.002656
8,serial_sparse,cold,candidate,compute_graph_projection_layer_0_q_128,"void at::native::<unnamed>::vectorized_layer_norm_kernel<float, float, (bool)0>(int, T2, const T1 *, const T1 *, const T1 *, T2 *, T2 *, T1 *)",1,0.002944
8,serial_sparse,cold,candidate,compute_graph_projection_layer_0_q_128,"void at::native::vectorized_elementwise_kernel<(int)8, at::native::bfloat16_copy_kernel_cuda(at::TensorIteratorBase &)::[lambda(float) (instance 1)], std::array<char *, (unsigned long)2>>(int, T2, T3)",1,0.001152
8,serial_sparse,cold,candidate,compute_graph_projection_layer_0_q_128,"void flashinfer::BatchQKApplyRotaryPosIdsCosSinCacheHeadParallelismKernel<(bool)0, (unsigned int)128, (unsigned int)8, (unsigned int)16, __nv_bfloat16, long>(T5 *, T5 *, T5 *, T5 *, float *, T6 *, unsigned int, unsigned int, unsigned int, unsigned int, unsigned long, unsigned long, unsigned long, unsigned long, unsigned long, unsigned long, unsigned long, unsigned long)",1,0.002464
8,serial_sparse,cold,candidate,compute_graph_projection_layer_0_q_128,quantize_kernel,2,0.00304
8,serial_sparse,cold,candidate,compute_graph_projection_layer_0_q_128,"void at::native::vectorized_elementwise_kernel<(int)4, at::native::AUnaryFunctor<float, float, float, at::native::binary_internal::MulFunctor<float>>, std::array<char *, (unsigned long)2>>(int, T2, T3)",2,0.00224
8,serial_sparse,cold,candidate,compute_graph_projection_layer_0_q_128,"void at::native::vectorized_elementwise_kernel<(int)4, at::native::BinaryFunctor<float, float, float, at::native::binary_internal::MulFunctor<float>>, std::array<char *, (unsigned long)3>>(int, T2, T3)",1,0.001184
8,serial_sparse,cold,candidate,compute_graph_projection_layer_0_q_128,"void at::native::<unnamed>::CatArrayBatchedCopy_vectorized<at::native::<unnamed>::OpaqueType<(unsigned int)2>, unsigned int, (int)2, (int)128, (int)1, (int)16, (int)8>(char *, at::native::<unnamed>::CatArrInputTensorMetadata<T1, T2, T4, T5>, at::native::<unnamed>::TensorSizeStride<T2, (unsigned int)4>, int, T2)",1,0.001952
8,serial_sparse,cold,candidate,exact_topk,"void at::native::elementwise_kernel<(int)128, (int)2, void at::native::gpu_kernel_impl_nocast<at::native::direct_copy_kernel_cuda(at::TensorIteratorBase &)::[lambda() (instance 3)]::operator ()() const::[lambda() (instance 7)]::operator ()() const::[lambda(float) (instance 1)]>(at::TensorIteratorBase &, const T1 &)::[lambda(int) (instance 1)]>(int, T3)",10,0.249984
8,serial_sparse,cold,candidate,exact_topk,"void flashinfer::sampling::FilteredTopKUnifiedKernel<float, int, (int)4, (bool)1, (flashinfer::sampling::FilteredTopKMode)0, (flashinfer::sampling::TopKTieBreak)1, flashinfer::sampling::DirectPageTableKernelPolicy<int>, >(const T1 *, T2 *, T1 *, const T2 *, long, const T2 *, const T2 *, const T2 *, const T2 *, unsigned int, unsigned int, unsigned int, T8...)",10,0.352673
8,serial_sparse,cold,candidate,exact_topk,"void flashinfer::sampling::FinalizeTopKIndicesKernel<(bool)1, (flashinfer::sampling::FilteredTopKMode)0, (unsigned int)256, (unsigned int)8, float, int, flashinfer::sampling::DirectPageTableKernelPolicy<int>, >(T6 *, T5 *, const T6 *, long, const T6 *, const T6 *, unsigned int, unsigned int, T8...)",10,0.116768
8,serial_sparse,cold,candidate,exact_topk,"void flashinfer::sampling::StableSortTopKByValueKernel<(unsigned int)256, (unsigned int)8, int, float>(T3 *, T4 *, unsigned int, unsigned int)",10,0.146721
8,serial_sparse,cold,candidate,exact_topk,mask_kernel,10,0.01312
8,serial_sparse,cold,candidate,pool_operation,"echo_native::resident_union_clear(unsigned int *, long, unsigned int *)",10,0.01024
8,serial_sparse,cold,candidate,pool_operation,"void echo_native::resident_selection_kernel<(bool)0>(const int *, int *, long, const int *, const int *, int, long *, long *, unsigned int *, unsigned int *, unsigned long long *, int, int, bool, int, int, long)",10,0.329568
8,serial_sparse,cold,candidate,compute_graph_finish_layer_0_q_128,kernel_cutlass_kernel_operatorsdeepseek_v32norm_fusedLocalFusedRMSNorm_object_at__tensorptrbf16gmemalign128oi64716871681_tensorptrbf16gmemalign128oi64716871681_tensorptrf32gmemalign16o716_0,1,0.003328
8,serial_sparse,cold,candidate,compute_graph_finish_layer_0_q_128,"void flashinfer::activation::act_and_mul_kernel<__nv_bfloat16, &silu>(T1 *, const T1 *, int)",1,0.005952
8,serial_sparse,cold,candidate,compute_graph_projection_layer_1_q_128,kernel_cutlass_kernel_operatorsdeepseek_v32norm_fusedLocalFusedRMSNorm_object_at__tensorptrbf16gmemalign128oi64716871681_tensorptrbf16gmemalign128oi64716871681_tensorptrf32gmemalign16o716_0,1,0.003616
8,serial_sparse,cold,candidate,compute_graph_projection_layer_1_q_128,"void at::native::elementwise_kernel<(int)128, (int)2, void at::native::gpu_kernel_impl_nocast<at::native::CUDAFunctor_add<long>>(at::TensorIteratorBase &, const T1 &)::[lambda(int) (instance 1)]>(int, T3)",1,0.001888
8,serial_sparse,cold,candidate,compute_graph_projection_layer_1_q_128,"void at::native::unrolled_elementwise_kernel<at::native::direct_copy_kernel_cuda(at::TensorIteratorBase &)::[lambda() (instance 3)]::operator ()() const::[lambda() (instance 7)]::operator ()() const::[lambda(float) (instance 1)], std::array<char *, (unsigned long)2>, (int)4, TrivialOffsetCalculator<(int)1, unsigned int>, TrivialOffsetCalculator<(int)1, unsigned int>, at::native::memory::LoadWithCast<(int)1>, at::native::memory::StoreWithCast<(int)1>>(int, T1, T2, T4, T5, T6, T7)",3,0.008032
8,serial_sparse,cold,candidate,compute_graph_projection_layer_1_q_128,kernel_cutlass_kernel_operatorsdeepseek_v32norm_plainLocalPlainRMSNorm_object_at__tensorptrbf16gmemalign128oi64153615361_tensorptrf32gmemalign16o15361_tensorptrbf16gmemalign128oi641536153_0,1,0.00224
8,serial_sparse,cold,candidate,compute_graph_projection_layer_1_q_128,"void at::native::elementwise_kernel<(int)128, (int)2, void at::native::gpu_kernel_impl_nocast<at::native::BinaryFunctor<float, float, float, at::native::binary_internal::MulFunctor<float>>>(at::TensorIteratorBase &, const T1 &)::[lambda(int) (instance 1)]>(int, T3)",1,0.001504
8,serial_sparse,cold,candidate,compute_graph_projection_layer_1_q_128,"void <unnamed>::elementwise_kernel_with_index<int, at::native::arange_cuda_out(const c10::Scalar &, const c10::Scalar &, const c10::Scalar &, at::Tensor &)::[lambda() (instance 1)]::operator ()() const::[lambda() (instance 4)]::operator ()() const::[lambda(long) (instance 1)]>(T1, T2, function_traits<T2>::result_type *)",1,0.000768
8,serial_sparse,cold,candidate,compute_graph_projection_layer_1_q_128,"void at::native::vectorized_elementwise_kernel<(int)4, at::native::cos_kernel_cuda(at::TensorIteratorBase &)::[lambda() (instance 2)]::operator ()() const::[lambda() (instance 2)]::operator ()() const::[lambda(float) (instance 1)], std::array<char *, (unsigned long)2>>(int, T2, T3)",1,0.00176
8,serial_sparse,cold,candidate,compute_graph_projection_layer_1_q_128,"void at::native::vectorized_elementwise_kernel<(int)4, at::native::sin_kernel_cuda(at::TensorIteratorBase &)::[lambda() (instance 2)]::operator ()() const::[lambda() (instance 2)]::operator ()() const::[lambda(float) (instance 1)], std::array<char *, (unsigned long)2>>(int, T2, T3)",1,0.00176
8,serial_sparse,cold,candidate,compute_graph_projection_layer_1_q_128,"void at::native::<unnamed>::CatArrayBatchedCopy_vectorized<at::native::<unnamed>::OpaqueType<(unsigned int)4>, unsigned int, (int)2, (int)128, (int)1, (int)16, (int)4>(char *, at::native::<unnamed>::CatArrInputTensorMetadata<T1, T2, T4, T5>, at::native::<unnamed>::TensorSizeStride<T2, (unsigned int)4>, int, T2)",1,0.001344
8,serial_sparse,cold,candidate,compute_graph_projection_layer_1_q_128,"void at::native::elementwise_kernel<(int)128, (int)4, void at::native::gpu_kernel_impl_nocast<at::native::direct_copy_kernel_cuda(at::TensorIteratorBase &)::[lambda() (instance 3)]::operator ()() const::[lambda() (instance 12)]::operator ()() const::[lambda(c10::BFloat16) (instance 1)]>(at::TensorIteratorBase &, const T1 &)::[lambda(int) (instance 1)]>(int, T3)",1,0.002496
8,serial_sparse,cold,candidate,compute_graph_projection_layer_1_q_128,kernel_cutlass_kernel_operatorsdeepseek_v32norm_plainLocalPlainRMSNorm_object_at__tensorptrbf16gmemalign128oi645125121_tensorptrf32gmemalign16o5121_tensorptrbf16gmemalign128oi645125121____0,1,0.001792
8,serial_sparse,cold,candidate,compute_graph_projection_layer_1_q_128,"void flashinfer::BatchQKApplyRotaryPosIdsCosSinCacheHeadParallelismKernel<(bool)1, (unsigned int)64, (unsigned int)8, (unsigned int)8, __nv_bfloat16, long>(T5 *, T5 *, T5 *, T5 *, float *, T6 *, unsigned int, unsigned int, unsigned int, unsigned int, unsigned long, unsigned long, unsigned long, unsigned long, unsigned long, unsigned long, unsigned long, unsigned long)",1,0.002848
8,serial_sparse,cold,candidate,compute_graph_projection_layer_1_q_128,"void at::native::<unnamed>::vectorized_layer_norm_kernel<float, float, (bool)0>(int, T2, const T1 *, const T1 *, const T1 *, T2 *, T2 *, T1 *)",1,0.003008
8,serial_sparse,cold,candidate,compute_graph_projection_layer_1_q_128,"void at::native::vectorized_elementwise_kernel<(int)8, at::native::bfloat16_copy_kernel_cuda(at::TensorIteratorBase &)::[lambda(float) (instance 1)], std::array<char *, (unsigned long)2>>(int, T2, T3)",1,0.001152
8,serial_sparse,cold,candidate,compute_graph_projection_layer_1_q_128,"void flashinfer::BatchQKApplyRotaryPosIdsCosSinCacheHeadParallelismKernel<(bool)0, (unsigned int)128, (unsigned int)8, (unsigned int)16, __nv_bfloat16, long>(T5 *, T5 *, T5 *, T5 *, float *, T6 *, unsigned int, unsigned int, unsigned int, unsigned int, unsigned long, unsigned long, unsigned long, unsigned long, unsigned long, unsigned long, unsigned long, unsigned long)",1,0.0024
8,serial_sparse,cold,candidate,compute_graph_projection_layer_1_q_128,quantize_kernel,2,0.00288
8,serial_sparse,cold,candidate,compute_graph_projection_layer_1_q_128,"void at::native::vectorized_elementwise_kernel<(int)4, at::native::AUnaryFunctor<float, float, float, at::native::binary_internal::MulFunctor<float>>, std::array<char *, (unsigned long)2>>(int, T2, T3)",2,0.002144
8,serial_sparse,cold,candidate,compute_graph_projection_layer_1_q_128,"void at::native::vectorized_elementwise_kernel<(int)4, at::native::BinaryFunctor<float, float, float, at::native::binary_internal::MulFunctor<float>>, std::array<char *, (unsigned long)3>>(int, T2, T3)",1,0.001184
8,serial_sparse,cold,candidate,compute_graph_projection_layer_1_q_128,"void at::native::<unnamed>::CatArrayBatchedCopy_vectorized<at::native::<unnamed>::OpaqueType<(unsigned int)2>, unsigned int, (int)2, (int)128, (int)1, (int)16, (int)8>(char *, at::native::<unnamed>::CatArrInputTensorMetadata<T1, T2, T4, T5>, at::native::<unnamed>::TensorSizeStride<T2, (unsigned int)4>, int, T2)",1,0.001984
8,serial_sparse,cold,candidate,compute_graph_finish_layer_1_q_128,kernel_cutlass_kernel_operatorsdeepseek_v32norm_fusedLocalFusedRMSNorm_object_at__tensorptrbf16gmemalign128oi64716871681_tensorptrbf16gmemalign128oi64716871681_tensorptrf32gmemalign16o716_0,1,0.003552
8,serial_sparse,cold,candidate,compute_graph_finish_layer_1_q_128,"void flashinfer::activation::act_and_mul_kernel<__nv_bfloat16, &silu>(T1 *, const T1 *, int)",1,0.004832
8,serial_sparse,cold,candidate,compute_graph_projection_layer_2_q_128,kernel_cutlass_kernel_operatorsdeepseek_v32norm_fusedLocalFusedRMSNorm_object_at__tensorptrbf16gmemalign128oi64716871681_tensorptrbf16gmemalign128oi64716871681_tensorptrf32gmemalign16o716_0,1,0.00352
8,serial_sparse,cold,candidate,compute_graph_projection_layer_2_q_128,"void at::native::elementwise_kernel<(int)128, (int)2, void at::native::gpu_kernel_impl_nocast<at::native::CUDAFunctor_add<long>>(at::TensorIteratorBase &, const T1 &)::[lambda(int) (instance 1)]>(int, T3)",1,0.001856
8,serial_sparse,cold,candidate,compute_graph_projection_layer_2_q_128,"void at::native::unrolled_elementwise_kernel<at::native::direct_copy_kernel_cuda(at::TensorIteratorBase &)::[lambda() (instance 3)]::operator ()() const::[lambda() (instance 7)]::operator ()() const::[lambda(float) (instance 1)], std::array<char *, (unsigned long)2>, (int)4, TrivialOffsetCalculator<(int)1, unsigned int>, TrivialOffsetCalculator<(int)1, unsigned int>, at::native::memory::LoadWithCast<(int)1>, at::native::memory::StoreWithCast<(int)1>>(int, T1, T2, T4, T5, T6, T7)",3,0.008192
8,serial_sparse,cold,candidate,compute_graph_projection_layer_2_q_128,kernel_cutlass_kernel_operatorsdeepseek_v32norm_plainLocalPlainRMSNorm_object_at__tensorptrbf16gmemalign128oi64153615361_tensorptrf32gmemalign16o15361_tensorptrbf16gmemalign128oi641536153_0,1,0.002304
8,serial_sparse,cold,candidate,compute_graph_projection_layer_2_q_128,"void at::native::elementwise_kernel<(int)128, (int)2, void at::native::gpu_kernel_impl_nocast<at::native::BinaryFunctor<float, float, float, at::native::binary_internal::MulFunctor<float>>>(at::TensorIteratorBase &, const T1 &)::[lambda(int) (instance 1)]>(int, T3)",1,0.001536
8,serial_sparse,cold,candidate,compute_graph_projection_layer_2_q_128,"void <unnamed>::elementwise_kernel_with_index<int, at::native::arange_cuda_out(const c10::Scalar &, const c10::Scalar &, const c10::Scalar &, at::Tensor &)::[lambda() (instance 1)]::operator ()() const::[lambda() (instance 4)]::operator ()() const::[lambda(long) (instance 1)]>(T1, T2, function_traits<T2>::result_type *)",1,0.000864
8,serial_sparse,cold,candidate,compute_graph_projection_layer_2_q_128,"void at::native::vectorized_elementwise_kernel<(int)4, at::native::cos_kernel_cuda(at::TensorIteratorBase &)::[lambda() (instance 2)]::operator ()() const::[lambda() (instance 2)]::operator ()() const::[lambda(float) (instance 1)], std::array<char *, (unsigned long)2>>(int, T2, T3)",1,0.001728
8,serial_sparse,cold,candidate,compute_graph_projection_layer_2_q_128,"void at::native::vectorized_elementwise_kernel<(int)4, at::native::sin_kernel_cuda(at::TensorIteratorBase &)::[lambda() (instance 2)]::operator ()() const::[lambda() (instance 2)]::operator ()() const::[lambda(float) (instance 1)], std::array<char *, (unsigned long)2>>(int, T2, T3)",1,0.001696
8,serial_sparse,cold,candidate,compute_graph_projection_layer_2_q_128,"void at::native::<unnamed>::CatArrayBatchedCopy_vectorized<at::native::<unnamed>::OpaqueType<(unsigned int)4>, unsigned int, (int)2, (int)128, (int)1, (int)16, (int)4>(char *, at::native::<unnamed>::CatArrInputTensorMetadata<T1, T2, T4, T5>, at::native::<unnamed>::TensorSizeStride<T2, (unsigned int)4>, int, T2)",1,0.001344
8,serial_sparse,cold,candidate,compute_graph_projection_layer_2_q_128,"void at::native::elementwise_kernel<(int)128, (int)4, void at::native::gpu_kernel_impl_nocast<at::native::direct_copy_kernel_cuda(at::TensorIteratorBase &)::[lambda() (instance 3)]::operator ()() const::[lambda() (instance 12)]::operator ()() const::[lambda(c10::BFloat16) (instance 1)]>(at::TensorIteratorBase &, const T1 &)::[lambda(int) (instance 1)]>(int, T3)",1,0.002368
8,serial_sparse,cold,candidate,compute_graph_projection_layer_2_q_128,kernel_cutlass_kernel_operatorsdeepseek_v32norm_plainLocalPlainRMSNorm_object_at__tensorptrbf16gmemalign128oi645125121_tensorptrf32gmemalign16o5121_tensorptrbf16gmemalign128oi645125121____0,1,0.001472
8,serial_sparse,cold,candidate,compute_graph_projection_layer_2_q_128,"void flashinfer::BatchQKApplyRotaryPosIdsCosSinCacheHeadParallelismKernel<(bool)1, (unsigned int)64, (unsigned int)8, (unsigned int)8, __nv_bfloat16, long>(T5 *, T5 *, T5 *, T5 *, float *, T6 *, unsigned int, unsigned int, unsigned int, unsigned int, unsigned long, unsigned long, unsigned long, unsigned long, unsigned long, unsigned long, unsigned long, unsigned long)",1,0.002816
8,serial_sparse,cold,candidate,compute_graph_projection_layer_2_q_128,"void at::native::<unnamed>::vectorized_layer_norm_kernel<float, float, (bool)0>(int, T2, const T1 *, const T1 *, const T1 *, T2 *, T2 *, T1 *)",1,0.00304
8,serial_sparse,cold,candidate,compute_graph_projection_layer_2_q_128,"void at::native::vectorized_elementwise_kernel<(int)8, at::native::bfloat16_copy_kernel_cuda(at::TensorIteratorBase &)::[lambda(float) (instance 1)], std::array<char *, (unsigned long)2>>(int, T2, T3)",1,0.001152
8,serial_sparse,cold,candidate,compute_graph_projection_layer_2_q_128,"void flashinfer::BatchQKApplyRotaryPosIdsCosSinCacheHeadParallelismKernel<(bool)0, (unsigned int)128, (unsigned int)8, (unsigned int)16, __nv_bfloat16, long>(T5 *, T5 *, T5 *, T5 *, float *, T6 *, unsigned int, unsigned int, unsigned int, unsigned int, unsigned long, unsigned long, unsigned long, unsigned long, unsigned long, unsigned long, unsigned long, unsigned long)",1,0.002432
8,serial_sparse,cold,candidate,compute_graph_projection_layer_2_q_128,quantize_kernel,2,0.003104
8,serial_sparse,cold,candidate,compute_graph_projection_layer_2_q_128,"void at::native::vectorized_elementwise_kernel<(int)4, at::native::AUnaryFunctor<float, float, float, at::native::binary_internal::MulFunctor<float>>, std::array<char *, (unsigned long)2>>(int, T2, T3)",2,0.002176
8,serial_sparse,cold,candidate,compute_graph_projection_layer_2_q_128,"void at::native::vectorized_elementwise_kernel<(int)4, at::native::BinaryFunctor<float, float, float, at::native::binary_internal::MulFunctor<float>>, std::array<char *, (unsigned long)3>>(int, T2, T3)",1,0.001216
8,serial_sparse,cold,candidate,compute_graph_projection_layer_2_q_128,"void at::native::<unnamed>::CatArrayBatchedCopy_vectorized<at::native::<unnamed>::OpaqueType<(unsigned int)2>, unsigned int, (int)2, (int)128, (int)1, (int)16, (int)8>(char *, at::native::<unnamed>::CatArrInputTensorMetadata<T1, T2, T4, T5>, at::native::<unnamed>::TensorSizeStride<T2, (unsigned int)4>, int, T2)",1,0.002112
8,serial_sparse,cold,candidate,compute_graph_finish_layer_2_q_128,kernel_cutlass_kernel_operatorsdeepseek_v32norm_fusedLocalFusedRMSNorm_object_at__tensorptrbf16gmemalign128oi64716871681_tensorptrbf16gmemalign128oi64716871681_tensorptrf32gmemalign16o716_0,1,0.003552
8,serial_sparse,cold,candidate,compute_graph_finish_layer_2_q_128,"void flashinfer::activation::act_and_mul_kernel<__nv_bfloat16, &silu>(T1 *, const T1 *, int)",1,0.005024
8,serial_sparse,cold,candidate,compute_graph_projection_layer_3_q_128,kernel_cutlass_kernel_operatorsdeepseek_v32norm_plainLocalPlainRMSNorm_object_at__tensorptrbf16gmemalign128oi64716871681_tensorptrf32gmemalign16o71681_tensorptrbf16gmemalign128oi647168716_0,1,0.003136
8,serial_sparse,cold,candidate,compute_graph_projection_layer_3_q_128,"void at::native::elementwise_kernel<(int)128, (int)2, void at::native::gpu_kernel_impl_nocast<at::native::CUDAFunctor_add<long>>(at::TensorIteratorBase &, const T1 &)::[lambda(int) (instance 1)]>(int, T3)",1,0.00176
8,serial_sparse,cold,candidate,compute_graph_projection_layer_3_q_128,"void at::native::unrolled_elementwise_kernel<at::native::direct_copy_kernel_cuda(at::TensorIteratorBase &)::[lambda() (instance 3)]::operator ()() const::[lambda() (instance 7)]::operator ()() const::[lambda(float) (instance 1)], std::array<char *, (unsigned long)2>, (int)4, TrivialOffsetCalculator<(int)1, unsigned int>, TrivialOffsetCalculator<(int)1, unsigned int>, at::native::memory::LoadWithCast<(int)1>, at::native::memory::StoreWithCast<(int)1>>(int, T1, T2, T4, T5, T6, T7)",3,0.008448
8,serial_sparse,cold,candidate,compute_graph_projection_layer_3_q_128,kernel_cutlass_kernel_operatorsdeepseek_v32norm_plainLocalPlainRMSNorm_object_at__tensorptrbf16gmemalign128oi64153615361_tensorptrf32gmemalign16o15361_tensorptrbf16gmemalign128oi641536153_0,1,0.002208
8,serial_sparse,cold,candidate,compute_graph_projection_layer_3_q_128,"void at::native::elementwise_kernel<(int)128, (int)2, void at::native::gpu_kernel_impl_nocast<at::native::BinaryFunctor<float, float, float, at::native::binary_internal::MulFunctor<float>>>(at::TensorIteratorBase &, const T1 &)::[lambda(int) (instance 1)]>(int, T3)",1,0.001536
8,serial_sparse,cold,candidate,compute_graph_projection_layer_3_q_128,"void <unnamed>::elementwise_kernel_with_index<int, at::native::arange_cuda_out(const c10::Scalar &, const c10::Scalar &, const c10::Scalar &, at::Tensor &)::[lambda() (instance 1)]::operator ()() const::[lambda() (instance 4)]::operator ()() const::[lambda(long) (instance 1)]>(T1, T2, function_traits<T2>::result_type *)",1,0.000896
8,serial_sparse,cold,candidate,compute_graph_projection_layer_3_q_128,"void at::native::vectorized_elementwise_kernel<(int)4, at::native::cos_kernel_cuda(at::TensorIteratorBase &)::[lambda() (instance 2)]::operator ()() const::[lambda() (instance 2)]::operator ()() const::[lambda(float) (instance 1)], std::array<char *, (unsigned long)2>>(int, T2, T3)",1,0.001728
8,serial_sparse,cold,candidate,compute_graph_projection_layer_3_q_128,"void at::native::vectorized_elementwise_kernel<(int)4, at::native::sin_kernel_cuda(at::TensorIteratorBase &)::[lambda() (instance 2)]::operator ()() const::[lambda() (instance 2)]::operator ()() const::[lambda(float) (instance 1)], std::array<char *, (unsigned long)2>>(int, T2, T3)",1,0.00176
8,serial_sparse,cold,candidate,compute_graph_projection_layer_3_q_128,"void at::native::<unnamed>::CatArrayBatchedCopy_vectorized<at::native::<unnamed>::OpaqueType<(unsigned int)4>, unsigned int, (int)2, (int)128, (int)1, (int)16, (int)4>(char *, at::native::<unnamed>::CatArrInputTensorMetadata<T1, T2, T4, T5>, at::native::<unnamed>::TensorSizeStride<T2, (unsigned int)4>, int, T2)",1,0.001312
8,serial_sparse,cold,candidate,compute_graph_projection_layer_3_q_128,"void at::native::elementwise_kernel<(int)128, (int)4, void at::native::gpu_kernel_impl_nocast<at::native::direct_copy_kernel_cuda(at::TensorIteratorBase &)::[lambda() (instance 3)]::operator ()() const::[lambda() (instance 12)]::operator ()() const::[lambda(c10::BFloat16) (instance 1)]>(at::TensorIteratorBase &, const T1 &)::[lambda(int) (instance 1)]>(int, T3)",1,0.002368
8,serial_sparse,cold,candidate,compute_graph_projection_layer_3_q_128,kernel_cutlass_kernel_operatorsdeepseek_v32norm_plainLocalPlainRMSNorm_object_at__tensorptrbf16gmemalign128oi645125121_tensorptrf32gmemalign16o5121_tensorptrbf16gmemalign128oi645125121____0,1,0.001408
8,serial_sparse,cold,candidate,compute_graph_projection_layer_3_q_128,"void flashinfer::BatchQKApplyRotaryPosIdsCosSinCacheHeadParallelismKernel<(bool)1, (unsigned int)64, (unsigned int)8, (unsigned int)8, __nv_bfloat16, long>(T5 *, T5 *, T5 *, T5 *, float *, T6 *, unsigned int, unsigned int, unsigned int, unsigned int, unsigned long, unsigned long, unsigned long, unsigned long, unsigned long, unsigned long, unsigned long, unsigned long)",1,0.002752
8,serial_sparse,cold,candidate,compute_graph_projection_layer_3_q_128,"void at::native::<unnamed>::vectorized_layer_norm_kernel<float, float, (bool)0>(int, T2, const T1 *, const T1 *, const T1 *, T2 *, T2 *, T1 *)",1,0.00304
8,serial_sparse,cold,candidate,compute_graph_projection_layer_3_q_128,"void at::native::vectorized_elementwise_kernel<(int)8, at::native::bfloat16_copy_kernel_cuda(at::TensorIteratorBase &)::[lambda(float) (instance 1)], std::array<char *, (unsigned long)2>>(int, T2, T3)",1,0.001216
8,serial_sparse,cold,candidate,compute_graph_projection_layer_3_q_128,"void flashinfer::BatchQKApplyRotaryPosIdsCosSinCacheHeadParallelismKernel<(bool)0, (unsigned int)128, (unsigned int)8, (unsigned int)16, __nv_bfloat16, long>(T5 *, T5 *, T5 *, T5 *, float *, T6 *, unsigned int, unsigned int, unsigned int, unsigned int, unsigned long, unsigned long, unsigned long, unsigned long, unsigned long, unsigned long, unsigned long, unsigned long)",1,0.002464
8,serial_sparse,cold,candidate,compute_graph_projection_layer_3_q_128,quantize_kernel,2,0.003072
8,serial_sparse,cold,candidate,compute_graph_projection_layer_3_q_128,"void at::native::vectorized_elementwise_kernel<(int)4, at::native::AUnaryFunctor<float, float, float, at::native::binary_internal::MulFunctor<float>>, std::array<char *, (unsigned long)2>>(int, T2, T3)",2,0.002144
8,serial_sparse,cold,candidate,compute_graph_projection_layer_3_q_128,"void at::native::vectorized_elementwise_kernel<(int)4, at::native::BinaryFunctor<float, float, float, at::native::binary_internal::MulFunctor<float>>, std::array<char *, (unsigned long)3>>(int, T2, T3)",1,0.00112
8,serial_sparse,cold,candidate,compute_graph_projection_layer_3_q_128,"void at::native::<unnamed>::CatArrayBatchedCopy_vectorized<at::native::<unnamed>::OpaqueType<(unsigned int)2>, unsigned int, (int)2, (int)128, (int)1, (int)16, (int)8>(char *, at::native::<unnamed>::CatArrInputTensorMetadata<T1, T2, T4, T5>, at::native::<unnamed>::TensorSizeStride<T2, (unsigned int)4>, int, T2)",1,0.002048
8,serial_sparse,cold,candidate,compute_graph_finish_layer_3_q_128,kernel_cutlass_kernel_operatorsdeepseek_v32norm_fusedLocalFusedRMSNorm_object_at__tensorptrbf16gmemalign128oi64716871681_tensorptrbf16gmemalign128oi64716871681_tensorptrf32gmemalign16o716_0,1,0.00352
8,serial_sparse,cold,candidate,compute_graph_finish_layer_3_q_128,"void flashinfer::activation::act_and_mul_kernel<__nv_bfloat16, &silu>(T1 *, const T1 *, int)",1,0.005056
8,serial_sparse,cold,candidate,compute_graph_projection_layer_4_q_128,kernel_cutlass_kernel_operatorsdeepseek_v32norm_fusedLocalFusedRMSNorm_object_at__tensorptrbf16gmemalign128oi64716871681_tensorptrbf16gmemalign128oi64716871681_tensorptrf32gmemalign16o716_0,1,0.003712
8,serial_sparse,cold,candidate,compute_graph_projection_layer_4_q_128,"void at::native::elementwise_kernel<(int)128, (int)2, void at::native::gpu_kernel_impl_nocast<at::native::CUDAFunctor_add<long>>(at::TensorIteratorBase &, const T1 &)::[lambda(int) (instance 1)]>(int, T3)",1,0.001728
8,serial_sparse,cold,candidate,compute_graph_projection_layer_4_q_128,"void at::native::unrolled_elementwise_kernel<at::native::direct_copy_kernel_cuda(at::TensorIteratorBase &)::[lambda() (instance 3)]::operator ()() const::[lambda() (instance 7)]::operator ()() const::[lambda(float) (instance 1)], std::array<char *, (unsigned long)2>, (int)4, TrivialOffsetCalculator<(int)1, unsigned int>, TrivialOffsetCalculator<(int)1, unsigned int>, at::native::memory::LoadWithCast<(int)1>, at::native::memory::StoreWithCast<(int)1>>(int, T1, T2, T4, T5, T6, T7)",3,0.008224
8,serial_sparse,cold,candidate,compute_graph_projection_layer_4_q_128,kernel_cutlass_kernel_operatorsdeepseek_v32norm_plainLocalPlainRMSNorm_object_at__tensorptrbf16gmemalign128oi64153615361_tensorptrf32gmemalign16o15361_tensorptrbf16gmemalign128oi641536153_0,1,0.002176
8,serial_sparse,cold,candidate,compute_graph_projection_layer_4_q_128,"void at::native::elementwise_kernel<(int)128, (int)2, void at::native::gpu_kernel_impl_nocast<at::native::BinaryFunctor<float, float, float, at::native::binary_internal::MulFunctor<float>>>(at::TensorIteratorBase &, const T1 &)::[lambda(int) (instance 1)]>(int, T3)",1,0.001568
8,serial_sparse,cold,candidate,compute_graph_projection_layer_4_q_128,"void <unnamed>::elementwise_kernel_with_index<int, at::native::arange_cuda_out(const c10::Scalar &, const c10::Scalar &, const c10::Scalar &, at::Tensor &)::[lambda() (instance 1)]::operator ()() const::[lambda() (instance 4)]::operator ()() const::[lambda(long) (instance 1)]>(T1, T2, function_traits<T2>::result_type *)",1,0.000896
8,serial_sparse,cold,candidate,compute_graph_projection_layer_4_q_128,"void at::native::vectorized_elementwise_kernel<(int)4, at::native::cos_kernel_cuda(at::TensorIteratorBase &)::[lambda() (instance 2)]::operator ()() const::[lambda() (instance 2)]::operator ()() const::[lambda(float) (instance 1)], std::array<char *, (unsigned long)2>>(int, T2, T3)",1,0.00176
8,serial_sparse,cold,candidate,compute_graph_projection_layer_4_q_128,"void at::native::vectorized_elementwise_kernel<(int)4, at::native::sin_kernel_cuda(at::TensorIteratorBase &)::[lambda() (instance 2)]::operator ()() const::[lambda() (instance 2)]::operator ()() const::[lambda(float) (instance 1)], std::array<char *, (unsigned long)2>>(int, T2, T3)",1,0.00176
8,serial_sparse,cold,candidate,compute_graph_projection_layer_4_q_128,"void at::native::<unnamed>::CatArrayBatchedCopy_vectorized<at::native::<unnamed>::OpaqueType<(unsigned int)4>, unsigned int, (int)2, (int)128, (int)1, (int)16, (int)4>(char *, at::native::<unnamed>::CatArrInputTensorMetadata<T1, T2, T4, T5>, at::native::<unnamed>::TensorSizeStride<T2, (unsigned int)4>, int, T2)",1,0.001376
8,serial_sparse,cold,candidate,compute_graph_projection_layer_4_q_128,"void at::native::elementwise_kernel<(int)128, (int)4, void at::native::gpu_kernel_impl_nocast<at::native::direct_copy_kernel_cuda(at::TensorIteratorBase &)::[lambda() (instance 3)]::operator ()() const::[lambda() (instance 12)]::operator ()() const::[lambda(c10::BFloat16) (instance 1)]>(at::TensorIteratorBase &, const T1 &)::[lambda(int) (instance 1)]>(int, T3)",1,0.0024
8,serial_sparse,cold,candidate,compute_graph_projection_layer_4_q_128,kernel_cutlass_kernel_operatorsdeepseek_v32norm_plainLocalPlainRMSNorm_object_at__tensorptrbf16gmemalign128oi645125121_tensorptrf32gmemalign16o5121_tensorptrbf16gmemalign128oi645125121____0,1,0.001472
8,serial_sparse,cold,candidate,compute_graph_projection_layer_4_q_128,"void flashinfer::BatchQKApplyRotaryPosIdsCosSinCacheHeadParallelismKernel<(bool)1, (unsigned int)64, (unsigned int)8, (unsigned int)8, __nv_bfloat16, long>(T5 *, T5 *, T5 *, T5 *, float *, T6 *, unsigned int, unsigned int, unsigned int, unsigned int, unsigned long, unsigned long, unsigned long, unsigned long, unsigned long, unsigned long, unsigned long, unsigned long)",1,0.002816
8,serial_sparse,cold,candidate,compute_graph_projection_layer_4_q_128,"void at::native::<unnamed>::vectorized_layer_norm_kernel<float, float, (bool)0>(int, T2, const T1 *, const T1 *, const T1 *, T2 *, T2 *, T1 *)",1,0.003008
8,serial_sparse,cold,candidate,compute_graph_projection_layer_4_q_128,"void at::native::vectorized_elementwise_kernel<(int)8, at::native::bfloat16_copy_kernel_cuda(at::TensorIteratorBase &)::[lambda(float) (instance 1)], std::array<char *, (unsigned long)2>>(int, T2, T3)",1,0.001152
8,serial_sparse,cold,candidate,compute_graph_projection_layer_4_q_128,"void flashinfer::BatchQKApplyRotaryPosIdsCosSinCacheHeadParallelismKernel<(bool)0, (unsigned int)128, (unsigned int)8, (unsigned int)16, __nv_bfloat16, long>(T5 *, T5 *, T5 *, T5 *, float *, T6 *, unsigned int, unsigned int, unsigned int, unsigned int, unsigned long, unsigned long, unsigned long, unsigned long, unsigned long, unsigned long, unsigned long, unsigned long)",1,0.002432
8,serial_sparse,cold,candidate,compute_graph_projection_layer_4_q_128,quantize_kernel,2,0.003136
8,serial_sparse,cold,candidate,compute_graph_projection_layer_4_q_128,"void at::native::vectorized_elementwise_kernel<(int)4, at::native::AUnaryFunctor<float, float, float, at::native::binary_internal::MulFunctor<float>>, std::array<char *, (unsigned long)2>>(int, T2, T3)",2,0.002112
8,serial_sparse,cold,candidate,compute_graph_projection_layer_4_q_128,"void at::native::vectorized_elementwise_kernel<(int)4, at::native::BinaryFunctor<float, float, float, at::native::binary_internal::MulFunctor<float>>, std::array<char *, (unsigned long)3>>(int, T2, T3)",1,0.00144
8,serial_sparse,cold,candidate,compute_graph_projection_layer_4_q_128,"void at::native::<unnamed>::CatArrayBatchedCopy_vectorized<at::native::<unnamed>::OpaqueType<(unsigned int)2>, unsigned int, (int)2, (int)128, (int)1, (int)16, (int)8>(char *, at::native::<unnamed>::CatArrInputTensorMetadata<T1, T2, T4, T5>, at::native::<unnamed>::TensorSizeStride<T2, (unsigned int)4>, int, T2)",1,0.002016
8,serial_sparse,cold,candidate,compute_graph_finish_layer_4_q_128,kernel_cutlass_kernel_operatorsdeepseek_v32norm_fusedLocalFusedRMSNorm_object_at__tensorptrbf16gmemalign128oi64716871681_tensorptrbf16gmemalign128oi64716871681_tensorptrf32gmemalign16o716_0,1,0.003392
8,serial_sparse,cold,candidate,compute_graph_finish_layer_4_q_128,"void flashinfer::activation::act_and_mul_kernel<__nv_bfloat16, &silu>(T1 *, const T1 *, int)",1,0.004961
8,serial_sparse,cold,candidate,compute_graph_projection_layer_5_q_128,kernel_cutlass_kernel_operatorsdeepseek_v32norm_fusedLocalFusedRMSNorm_object_at__tensorptrbf16gmemalign128oi64716871681_tensorptrbf16gmemalign128oi64716871681_tensorptrf32gmemalign16o716_0,1,0.003456
8,serial_sparse,cold,candidate,compute_graph_projection_layer_5_q_128,"void at::native::elementwise_kernel<(int)128, (int)2, void at::native::gpu_kernel_impl_nocast<at::native::CUDAFunctor_add<long>>(at::TensorIteratorBase &, const T1 &)::[lambda(int) (instance 1)]>(int, T3)",1,0.001696
8,serial_sparse,cold,candidate,compute_graph_projection_layer_5_q_128,"void at::native::unrolled_elementwise_kernel<at::native::direct_copy_kernel_cuda(at::TensorIteratorBase &)::[lambda() (instance 3)]::operator ()() const::[lambda() (instance 7)]::operator ()() const::[lambda(float) (instance 1)], std::array<char *, (unsigned long)2>, (int)4, TrivialOffsetCalculator<(int)1, unsigned int>, TrivialOffsetCalculator<(int)1, unsigned int>, at::native::memory::LoadWithCast<(int)1>, at::native::memory::StoreWithCast<(int)1>>(int, T1, T2, T4, T5, T6, T7)",3,0.008128
8,serial_sparse,cold,candidate,compute_graph_projection_layer_5_q_128,kernel_cutlass_kernel_operatorsdeepseek_v32norm_plainLocalPlainRMSNorm_object_at__tensorptrbf16gmemalign128oi64153615361_tensorptrf32gmemalign16o15361_tensorptrbf16gmemalign128oi641536153_0,1,0.002304
8,serial_sparse,cold,candidate,compute_graph_projection_layer_5_q_128,"void at::native::elementwise_kernel<(int)128, (int)2, void at::native::gpu_kernel_impl_nocast<at::native::BinaryFunctor<float, float, float, at::native::binary_internal::MulFunctor<float>>>(at::TensorIteratorBase &, const T1 &)::[lambda(int) (instance 1)]>(int, T3)",1,0.001504
8,serial_sparse,cold,candidate,compute_graph_projection_layer_5_q_128,"void <unnamed>::elementwise_kernel_with_index<int, at::native::arange_cuda_out(const c10::Scalar &, const c10::Scalar &, const c10::Scalar &, at::Tensor &)::[lambda() (instance 1)]::operator ()() const::[lambda() (instance 4)]::operator ()() const::[lambda(long) (instance 1)]>(T1, T2, function_traits<T2>::result_type *)",1,0.000736
8,serial_sparse,cold,candidate,compute_graph_projection_layer_5_q_128,"void at::native::vectorized_elementwise_kernel<(int)4, at::native::cos_kernel_cuda(at::TensorIteratorBase &)::[lambda() (instance 2)]::operator ()() const::[lambda() (instance 2)]::operator ()() const::[lambda(float) (instance 1)], std::array<char *, (unsigned long)2>>(int, T2, T3)",1,0.001696
8,serial_sparse,cold,candidate,compute_graph_projection_layer_5_q_128,"void at::native::vectorized_elementwise_kernel<(int)4, at::native::sin_kernel_cuda(at::TensorIteratorBase &)::[lambda() (instance 2)]::operator ()() const::[lambda() (instance 2)]::operator ()() const::[lambda(float) (instance 1)], std::array<char *, (unsigned long)2>>(int, T2, T3)",1,0.001728
8,serial_sparse,cold,candidate,compute_graph_projection_layer_5_q_128,"void at::native::<unnamed>::CatArrayBatchedCopy_vectorized<at::native::<unnamed>::OpaqueType<(unsigned int)4>, unsigned int, (int)2, (int)128, (int)1, (int)16, (int)4>(char *, at::native::<unnamed>::CatArrInputTensorMetadata<T1, T2, T4, T5>, at::native::<unnamed>::TensorSizeStride<T2, (unsigned int)4>, int, T2)",1,0.001312
8,serial_sparse,cold,candidate,compute_graph_projection_layer_5_q_128,"void at::native::elementwise_kernel<(int)128, (int)4, void at::native::gpu_kernel_impl_nocast<at::native::direct_copy_kernel_cuda(at::TensorIteratorBase &)::[lambda() (instance 3)]::operator ()() const::[lambda() (instance 12)]::operator ()() const::[lambda(c10::BFloat16) (instance 1)]>(at::TensorIteratorBase &, const T1 &)::[lambda(int) (instance 1)]>(int, T3)",1,0.002432
8,serial_sparse,cold,candidate,compute_graph_projection_layer_5_q_128,kernel_cutlass_kernel_operatorsdeepseek_v32norm_plainLocalPlainRMSNorm_object_at__tensorptrbf16gmemalign128oi645125121_tensorptrf32gmemalign16o5121_tensorptrbf16gmemalign128oi645125121____0,1,0.001472
8,serial_sparse,cold,candidate,compute_graph_projection_layer_5_q_128,"void flashinfer::BatchQKApplyRotaryPosIdsCosSinCacheHeadParallelismKernel<(bool)1, (unsigned int)64, (unsigned int)8, (unsigned int)8, __nv_bfloat16, long>(T5 *, T5 *, T5 *, T5 *, float *, T6 *, unsigned int, unsigned int, unsigned int, unsigned int, unsigned long, unsigned long, unsigned long, unsigned long, unsigned long, unsigned long, unsigned long, unsigned long)",1,0.002816
8,serial_sparse,cold,candidate,compute_graph_projection_layer_5_q_128,"void at::native::<unnamed>::vectorized_layer_norm_kernel<float, float, (bool)0>(int, T2, const T1 *, const T1 *, const T1 *, T2 *, T2 *, T1 *)",1,0.00304
8,serial_sparse,cold,candidate,compute_graph_projection_layer_5_q_128,"void at::native::vectorized_elementwise_kernel<(int)8, at::native::bfloat16_copy_kernel_cuda(at::TensorIteratorBase &)::[lambda(float) (instance 1)], std::array<char *, (unsigned long)2>>(int, T2, T3)",1,0.001184
8,serial_sparse,cold,candidate,compute_graph_projection_layer_5_q_128,"void flashinfer::BatchQKApplyRotaryPosIdsCosSinCacheHeadParallelismKernel<(bool)0, (unsigned int)128, (unsigned int)8, (unsigned int)16, __nv_bfloat16, long>(T5 *, T5 *, T5 *, T5 *, float *, T6 *, unsigned int, unsigned int, unsigned int, unsigned int, unsigned long, unsigned long, unsigned long, unsigned long, unsigned long, unsigned long, unsigned long, unsigned long)",1,0.0024
8,serial_sparse,cold,candidate,compute_graph_projection_layer_5_q_128,quantize_kernel,2,0.003072
8,serial_sparse,cold,candidate,compute_graph_projection_layer_5_q_128,"void at::native::vectorized_elementwise_kernel<(int)4, at::native::AUnaryFunctor<float, float, float, at::native::binary_internal::MulFunctor<float>>, std::array<char *, (unsigned long)2>>(int, T2, T3)",2,0.002112
8,serial_sparse,cold,candidate,compute_graph_projection_layer_5_q_128,"void at::native::vectorized_elementwise_kernel<(int)4, at::native::BinaryFunctor<float, float, float, at::native::binary_internal::MulFunctor<float>>, std::array<char *, (unsigned long)3>>(int, T2, T3)",1,0.001152
8,serial_sparse,cold,candidate,compute_graph_projection_layer_5_q_128,"void at::native::<unnamed>::CatArrayBatchedCopy_vectorized<at::native::<unnamed>::OpaqueType<(unsigned int)2>, unsigned int, (int)2, (int)128, (int)1, (int)16, (int)8>(char *, at::native::<unnamed>::CatArrInputTensorMetadata<T1, T2, T4, T5>, at::native::<unnamed>::TensorSizeStride<T2, (unsigned int)4>, int, T2)",1,0.001888
8,serial_sparse,cold,candidate,compute_graph_finish_layer_5_q_128,kernel_cutlass_kernel_operatorsdeepseek_v32norm_fusedLocalFusedRMSNorm_object_at__tensorptrbf16gmemalign128oi64716871681_tensorptrbf16gmemalign128oi64716871681_tensorptrf32gmemalign16o716_0,1,0.003424
8,serial_sparse,cold,candidate,compute_graph_finish_layer_5_q_128,"void flashinfer::activation::act_and_mul_kernel<__nv_bfloat16, &silu>(T1 *, const T1 *, int)",1,0.00496
8,serial_sparse,cold,candidate,compute_graph_projection_layer_6_q_128,kernel_cutlass_kernel_operatorsdeepseek_v32norm_plainLocalPlainRMSNorm_object_at__tensorptrbf16gmemalign128oi64716871681_tensorptrf32gmemalign16o71681_tensorptrbf16gmemalign128oi647168716_0,1,0.003264
8,serial_sparse,cold,candidate,compute_graph_projection_layer_6_q_128,"void at::native::elementwise_kernel<(int)128, (int)2, void at::native::gpu_kernel_impl_nocast<at::native::CUDAFunctor_add<long>>(at::TensorIteratorBase &, const T1 &)::[lambda(int) (instance 1)]>(int, T3)",1,0.0016
8,serial_sparse,cold,candidate,compute_graph_projection_layer_6_q_128,"void at::native::unrolled_elementwise_kernel<at::native::direct_copy_kernel_cuda(at::TensorIteratorBase &)::[lambda() (instance 3)]::operator ()() const::[lambda() (instance 7)]::operator ()() const::[lambda(float) (instance 1)], std::array<char *, (unsigned long)2>, (int)4, TrivialOffsetCalculator<(int)1, unsigned int>, TrivialOffsetCalculator<(int)1, unsigned int>, at::native::memory::LoadWithCast<(int)1>, at::native::memory::StoreWithCast<(int)1>>(int, T1, T2, T4, T5, T6, T7)",3,0.007968
8,serial_sparse,cold,candidate,compute_graph_projection_layer_6_q_128,kernel_cutlass_kernel_operatorsdeepseek_v32norm_plainLocalPlainRMSNorm_object_at__tensorptrbf16gmemalign128oi64153615361_tensorptrf32gmemalign16o15361_tensorptrbf16gmemalign128oi641536153_0,1,0.002368
8,serial_sparse,cold,candidate,compute_graph_projection_layer_6_q_128,"void at::native::elementwise_kernel<(int)128, (int)2, void at::native::gpu_kernel_impl_nocast<at::native::BinaryFunctor<float, float, float, at::native::binary_internal::MulFunctor<float>>>(at::TensorIteratorBase &, const T1 &)::[lambda(int) (instance 1)]>(int, T3)",1,0.001472
8,serial_sparse,cold,candidate,compute_graph_projection_layer_6_q_128,"void <unnamed>::elementwise_kernel_with_index<int, at::native::arange_cuda_out(const c10::Scalar &, const c10::Scalar &, const c10::Scalar &, at::Tensor &)::[lambda() (instance 1)]::operator ()() const::[lambda() (instance 4)]::operator ()() const::[lambda(long) (instance 1)]>(T1, T2, function_traits<T2>::result_type *)",1,0.000768
8,serial_sparse,cold,candidate,compute_graph_projection_layer_6_q_128,"void at::native::vectorized_elementwise_kernel<(int)4, at::native::cos_kernel_cuda(at::TensorIteratorBase &)::[lambda() (instance 2)]::operator ()() const::[lambda() (instance 2)]::operator ()() const::[lambda(float) (instance 1)], std::array<char *, (unsigned long)2>>(int, T2, T3)",1,0.001696
8,serial_sparse,cold,candidate,compute_graph_projection_layer_6_q_128,"void at::native::vectorized_elementwise_kernel<(int)4, at::native::sin_kernel_cuda(at::TensorIteratorBase &)::[lambda() (instance 2)]::operator ()() const::[lambda() (instance 2)]::operator ()() const::[lambda(float) (instance 1)], std::array<char *, (unsigned long)2>>(int, T2, T3)",1,0.001696
8,serial_sparse,cold,candidate,compute_graph_projection_layer_6_q_128,"void at::native::<unnamed>::CatArrayBatchedCopy_vectorized<at::native::<unnamed>::OpaqueType<(unsigned int)4>, unsigned int, (int)2, (int)128, (int)1, (int)16, (int)4>(char *, at::native::<unnamed>::CatArrInputTensorMetadata<T1, T2, T4, T5>, at::native::<unnamed>::TensorSizeStride<T2, (unsigned int)4>, int, T2)",1,0.00128
8,serial_sparse,cold,candidate,compute_graph_projection_layer_6_q_128,"void at::native::elementwise_kernel<(int)128, (int)4, void at::native::gpu_kernel_impl_nocast<at::native::direct_copy_kernel_cuda(at::TensorIteratorBase &)::[lambda() (instance 3)]::operator ()() const::[lambda() (instance 12)]::operator ()() const::[lambda(c10::BFloat16) (instance 1)]>(at::TensorIteratorBase &, const T1 &)::[lambda(int) (instance 1)]>(int, T3)",1,0.002464
8,serial_sparse,cold,candidate,compute_graph_projection_layer_6_q_128,kernel_cutlass_kernel_operatorsdeepseek_v32norm_plainLocalPlainRMSNorm_object_at__tensorptrbf16gmemalign128oi645125121_tensorptrf32gmemalign16o5121_tensorptrbf16gmemalign128oi645125121____0,1,0.001408
8,serial_sparse,cold,candidate,compute_graph_projection_layer_6_q_128,"void flashinfer::BatchQKApplyRotaryPosIdsCosSinCacheHeadParallelismKernel<(bool)1, (unsigned int)64, (unsigned int)8, (unsigned int)8, __nv_bfloat16, long>(T5 *, T5 *, T5 *, T5 *, float *, T6 *, unsigned int, unsigned int, unsigned int, unsigned int, unsigned long, unsigned long, unsigned long, unsigned long, unsigned long, unsigned long, unsigned long, unsigned long)",1,0.00272
8,serial_sparse,cold,candidate,compute_graph_projection_layer_6_q_128,"void at::native::<unnamed>::vectorized_layer_norm_kernel<float, float, (bool)0>(int, T2, const T1 *, const T1 *, const T1 *, T2 *, T2 *, T1 *)",1,0.00304
8,serial_sparse,cold,candidate,compute_graph_projection_layer_6_q_128,"void at::native::vectorized_elementwise_kernel<(int)8, at::native::bfloat16_copy_kernel_cuda(at::TensorIteratorBase &)::[lambda(float) (instance 1)], std::array<char *, (unsigned long)2>>(int, T2, T3)",1,0.001216
8,serial_sparse,cold,candidate,compute_graph_projection_layer_6_q_128,"void flashinfer::BatchQKApplyRotaryPosIdsCosSinCacheHeadParallelismKernel<(bool)0, (unsigned int)128, (unsigned int)8, (unsigned int)16, __nv_bfloat16, long>(T5 *, T5 *, T5 *, T5 *, float *, T6 *, unsigned int, unsigned int, unsigned int, unsigned int, unsigned long, unsigned long, unsigned long, unsigned long, unsigned long, unsigned long, unsigned long, unsigned long)",1,0.0024
8,serial_sparse,cold,candidate,compute_graph_projection_layer_6_q_128,quantize_kernel,2,0.00304
8,serial_sparse,cold,candidate,compute_graph_projection_layer_6_q_128,"void at::native::vectorized_elementwise_kernel<(int)4, at::native::AUnaryFunctor<float, float, float, at::native::binary_internal::MulFunctor<float>>, std::array<char *, (unsigned long)2>>(int, T2, T3)",2,0.002208
8,serial_sparse,cold,candidate,compute_graph_projection_layer_6_q_128,"void at::native::vectorized_elementwise_kernel<(int)4, at::native::BinaryFunctor<float, float, float, at::native::binary_internal::MulFunctor<float>>, std::array<char *, (unsigned long)3>>(int, T2, T3)",1,0.001184
8,serial_sparse,cold,candidate,compute_graph_projection_layer_6_q_128,"void at::native::<unnamed>::CatArrayBatchedCopy_vectorized<at::native::<unnamed>::OpaqueType<(unsigned int)2>, unsigned int, (int)2, (int)128, (int)1, (int)16, (int)8>(char *, at::native::<unnamed>::CatArrInputTensorMetadata<T1, T2, T4, T5>, at::native::<unnamed>::TensorSizeStride<T2, (unsigned int)4>, int, T2)",1,0.001856
8,serial_sparse,cold,candidate,compute_graph_finish_layer_6_q_128,kernel_cutlass_kernel_operatorsdeepseek_v32norm_fusedLocalFusedRMSNorm_object_at__tensorptrbf16gmemalign128oi64716871681_tensorptrbf16gmemalign128oi64716871681_tensorptrf32gmemalign16o716_0,1,0.003296
8,serial_sparse,cold,candidate,compute_graph_finish_layer_6_q_128,"void flashinfer::activation::act_and_mul_kernel<__nv_bfloat16, &silu>(T1 *, const T1 *, int)",1,0.004992
8,serial_sparse,cold,candidate,compute_graph_projection_layer_7_q_128,kernel_cutlass_kernel_operatorsdeepseek_v32norm_fusedLocalFusedRMSNorm_object_at__tensorptrbf16gmemalign128oi64716871681_tensorptrbf16gmemalign128oi64716871681_tensorptrf32gmemalign16o716_0,1,0.003424
8,serial_sparse,cold,candidate,compute_graph_projection_layer_7_q_128,"void at::native::elementwise_kernel<(int)128, (int)2, void at::native::gpu_kernel_impl_nocast<at::native::CUDAFunctor_add<long>>(at::TensorIteratorBase &, const T1 &)::[lambda(int) (instance 1)]>(int, T3)",1,0.001824
8,serial_sparse,cold,candidate,compute_graph_projection_layer_7_q_128,"void at::native::unrolled_elementwise_kernel<at::native::direct_copy_kernel_cuda(at::TensorIteratorBase &)::[lambda() (instance 3)]::operator ()() const::[lambda() (instance 7)]::operator ()() const::[lambda(float) (instance 1)], std::array<char *, (unsigned long)2>, (int)4, TrivialOffsetCalculator<(int)1, unsigned int>, TrivialOffsetCalculator<(int)1, unsigned int>, at::native::memory::LoadWithCast<(int)1>, at::native::memory::StoreWithCast<(int)1>>(int, T1, T2, T4, T5, T6, T7)",3,0.008064
8,serial_sparse,cold,candidate,compute_graph_projection_layer_7_q_128,kernel_cutlass_kernel_operatorsdeepseek_v32norm_plainLocalPlainRMSNorm_object_at__tensorptrbf16gmemalign128oi64153615361_tensorptrf32gmemalign16o15361_tensorptrbf16gmemalign128oi641536153_0,1,0.002304
8,serial_sparse,cold,candidate,compute_graph_projection_layer_7_q_128,"void at::native::elementwise_kernel<(int)128, (int)2, void at::native::gpu_kernel_impl_nocast<at::native::BinaryFunctor<float, float, float, at::native::binary_internal::MulFunctor<float>>>(at::TensorIteratorBase &, const T1 &)::[lambda(int) (instance 1)]>(int, T3)",1,0.001536
8,serial_sparse,cold,candidate,compute_graph_projection_layer_7_q_128,"void <unnamed>::elementwise_kernel_with_index<int, at::native::arange_cuda_out(const c10::Scalar &, const c10::Scalar &, const c10::Scalar &, at::Tensor &)::[lambda() (instance 1)]::operator ()() const::[lambda() (instance 4)]::operator ()() const::[lambda(long) (instance 1)]>(T1, T2, function_traits<T2>::result_type *)",1,0.000896
8,serial_sparse,cold,candidate,compute_graph_projection_layer_7_q_128,"void at::native::vectorized_elementwise_kernel<(int)4, at::native::cos_kernel_cuda(at::TensorIteratorBase &)::[lambda() (instance 2)]::operator ()() const::[lambda() (instance 2)]::operator ()() const::[lambda(float) (instance 1)], std::array<char *, (unsigned long)2>>(int, T2, T3)",1,0.001728
8,serial_sparse,cold,candidate,compute_graph_projection_layer_7_q_128,"void at::native::vectorized_elementwise_kernel<(int)4, at::native::sin_kernel_cuda(at::TensorIteratorBase &)::[lambda() (instance 2)]::operator ()() const::[lambda() (instance 2)]::operator ()() const::[lambda(float) (instance 1)], std::array<char *, (unsigned long)2>>(int, T2, T3)",1,0.001728
8,serial_sparse,cold,candidate,compute_graph_projection_layer_7_q_128,"void at::native::<unnamed>::CatArrayBatchedCopy_vectorized<at::native::<unnamed>::OpaqueType<(unsigned int)4>, unsigned int, (int)2, (int)128, (int)1, (int)16, (int)4>(char *, at::native::<unnamed>::CatArrInputTensorMetadata<T1, T2, T4, T5>, at::native::<unnamed>::TensorSizeStride<T2, (unsigned int)4>, int, T2)",1,0.001344
8,serial_sparse,cold,candidate,compute_graph_projection_layer_7_q_128,"void at::native::elementwise_kernel<(int)128, (int)4, void at::native::gpu_kernel_impl_nocast<at::native::direct_copy_kernel_cuda(at::TensorIteratorBase &)::[lambda() (instance 3)]::operator ()() const::[lambda() (instance 12)]::operator ()() const::[lambda(c10::BFloat16) (instance 1)]>(at::TensorIteratorBase &, const T1 &)::[lambda(int) (instance 1)]>(int, T3)",1,0.002496
8,serial_sparse,cold,candidate,compute_graph_projection_layer_7_q_128,kernel_cutlass_kernel_operatorsdeepseek_v32norm_plainLocalPlainRMSNorm_object_at__tensorptrbf16gmemalign128oi645125121_tensorptrf32gmemalign16o5121_tensorptrbf16gmemalign128oi645125121____0,1,0.00144
8,serial_sparse,cold,candidate,compute_graph_projection_layer_7_q_128,"void flashinfer::BatchQKApplyRotaryPosIdsCosSinCacheHeadParallelismKernel<(bool)1, (unsigned int)64, (unsigned int)8, (unsigned int)8, __nv_bfloat16, long>(T5 *, T5 *, T5 *, T5 *, float *, T6 *, unsigned int, unsigned int, unsigned int, unsigned int, unsigned long, unsigned long, unsigned long, unsigned long, unsigned long, unsigned long, unsigned long, unsigned long)",1,0.002912
8,serial_sparse,cold,candidate,compute_graph_projection_layer_7_q_128,"void at::native::<unnamed>::vectorized_layer_norm_kernel<float, float, (bool)0>(int, T2, const T1 *, const T1 *, const T1 *, T2 *, T2 *, T1 *)",1,0.00304
8,serial_sparse,cold,candidate,compute_graph_projection_layer_7_q_128,"void at::native::vectorized_elementwise_kernel<(int)8, at::native::bfloat16_copy_kernel_cuda(at::TensorIteratorBase &)::[lambda(float) (instance 1)], std::array<char *, (unsigned long)2>>(int, T2, T3)",1,0.001152
8,serial_sparse,cold,candidate,compute_graph_projection_layer_7_q_128,"void flashinfer::BatchQKApplyRotaryPosIdsCosSinCacheHeadParallelismKernel<(bool)0, (unsigned int)128, (unsigned int)8, (unsigned int)16, __nv_bfloat16, long>(T5 *, T5 *, T5 *, T5 *, float *, T6 *, unsigned int, unsigned int, unsigned int, unsigned int, unsigned long, unsigned long, unsigned long, unsigned long, unsigned long, unsigned long, unsigned long, unsigned long)",1,0.002368
8,serial_sparse,cold,candidate,compute_graph_projection_layer_7_q_128,quantize_kernel,2,0.002881
8,serial_sparse,cold,candidate,compute_graph_projection_layer_7_q_128,"void at::native::vectorized_elementwise_kernel<(int)4, at::native::AUnaryFunctor<float, float, float, at::native::binary_internal::MulFunctor<float>>, std::array<char *, (unsigned long)2>>(int, T2, T3)",2,0.002208
8,serial_sparse,cold,candidate,compute_graph_projection_layer_7_q_128,"void at::native::vectorized_elementwise_kernel<(int)4, at::native::BinaryFunctor<float, float, float, at::native::binary_internal::MulFunctor<float>>, std::array<char *, (unsigned long)3>>(int, T2, T3)",1,0.001216
8,serial_sparse,cold,candidate,compute_graph_projection_layer_7_q_128,"void at::native::<unnamed>::CatArrayBatchedCopy_vectorized<at::native::<unnamed>::OpaqueType<(unsigned int)2>, unsigned int, (int)2, (int)128, (int)1, (int)16, (int)8>(char *, at::native::<unnamed>::CatArrInputTensorMetadata<T1, T2, T4, T5>, at::native::<unnamed>::TensorSizeStride<T2, (unsigned int)4>, int, T2)",1,0.001952
8,serial_sparse,cold,candidate,compute_graph_finish_layer_7_q_128,kernel_cutlass_kernel_operatorsdeepseek_v32norm_fusedLocalFusedRMSNorm_object_at__tensorptrbf16gmemalign128oi64716871681_tensorptrbf16gmemalign128oi64716871681_tensorptrf32gmemalign16o716_0,1,0.003424
8,serial_sparse,cold,candidate,compute_graph_finish_layer_7_q_128,"void flashinfer::activation::act_and_mul_kernel<__nv_bfloat16, &silu>(T1 *, const T1 *, int)",1,0.004896
8,serial_sparse,cold,candidate,compute_graph_projection_layer_8_q_128,kernel_cutlass_kernel_operatorsdeepseek_v32norm_fusedLocalFusedRMSNorm_object_at__tensorptrbf16gmemalign128oi64716871681_tensorptrbf16gmemalign128oi64716871681_tensorptrf32gmemalign16o716_0,1,0.003552
8,serial_sparse,cold,candidate,compute_graph_projection_layer_8_q_128,"void at::native::elementwise_kernel<(int)128, (int)2, void at::native::gpu_kernel_impl_nocast<at::native::CUDAFunctor_add<long>>(at::TensorIteratorBase &, const T1 &)::[lambda(int) (instance 1)]>(int, T3)",1,0.002048
8,serial_sparse,cold,candidate,compute_graph_projection_layer_8_q_128,"void at::native::unrolled_elementwise_kernel<at::native::direct_copy_kernel_cuda(at::TensorIteratorBase &)::[lambda() (instance 3)]::operator ()() const::[lambda() (instance 7)]::operator ()() const::[lambda(float) (instance 1)], std::array<char *, (unsigned long)2>, (int)4, TrivialOffsetCalculator<(int)1, unsigned int>, TrivialOffsetCalculator<(int)1, unsigned int>, at::native::memory::LoadWithCast<(int)1>, at::native::memory::StoreWithCast<(int)1>>(int, T1, T2, T4, T5, T6, T7)",3,0.00832
8,serial_sparse,cold,candidate,compute_graph_projection_layer_8_q_128,kernel_cutlass_kernel_operatorsdeepseek_v32norm_plainLocalPlainRMSNorm_object_at__tensorptrbf16gmemalign128oi64153615361_tensorptrf32gmemalign16o15361_tensorptrbf16gmemalign128oi641536153_0,1,0.002144
8,serial_sparse,cold,candidate,compute_graph_projection_layer_8_q_128,"void at::native::elementwise_kernel<(int)128, (int)2, void at::native::gpu_kernel_impl_nocast<at::native::BinaryFunctor<float, float, float, at::native::binary_internal::MulFunctor<float>>>(at::TensorIteratorBase &, const T1 &)::[lambda(int) (instance 1)]>(int, T3)",1,0.001504
8,serial_sparse,cold,candidate,compute_graph_projection_layer_8_q_128,"void <unnamed>::elementwise_kernel_with_index<int, at::native::arange_cuda_out(const c10::Scalar &, const c10::Scalar &, const c10::Scalar &, at::Tensor &)::[lambda() (instance 1)]::operator ()() const::[lambda() (instance 4)]::operator ()() const::[lambda(long) (instance 1)]>(T1, T2, function_traits<T2>::result_type *)",1,0.000832
8,serial_sparse,cold,candidate,compute_graph_projection_layer_8_q_128,"void at::native::vectorized_elementwise_kernel<(int)4, at::native::cos_kernel_cuda(at::TensorIteratorBase &)::[lambda() (instance 2)]::operator ()() const::[lambda() (instance 2)]::operator ()() const::[lambda(float) (instance 1)], std::array<char *, (unsigned long)2>>(int, T2, T3)",1,0.001664
8,serial_sparse,cold,candidate,compute_graph_projection_layer_8_q_128,"void at::native::vectorized_elementwise_kernel<(int)4, at::native::sin_kernel_cuda(at::TensorIteratorBase &)::[lambda() (instance 2)]::operator ()() const::[lambda() (instance 2)]::operator ()() const::[lambda(float) (instance 1)], std::array<char *, (unsigned long)2>>(int, T2, T3)",1,0.001696
8,serial_sparse,cold,candidate,compute_graph_projection_layer_8_q_128,"void at::native::<unnamed>::CatArrayBatchedCopy_vectorized<at::native::<unnamed>::OpaqueType<(unsigned int)4>, unsigned int, (int)2, (int)128, (int)1, (int)16, (int)4>(char *, at::native::<unnamed>::CatArrInputTensorMetadata<T1, T2, T4, T5>, at::native::<unnamed>::TensorSizeStride<T2, (unsigned int)4>, int, T2)",1,0.00128
8,serial_sparse,cold,candidate,compute_graph_projection_layer_8_q_128,"void at::native::elementwise_kernel<(int)128, (int)4, void at::native::gpu_kernel_impl_nocast<at::native::direct_copy_kernel_cuda(at::TensorIteratorBase &)::[lambda() (instance 3)]::operator ()() const::[lambda() (instance 12)]::operator ()() const::[lambda(c10::BFloat16) (instance 1)]>(at::TensorIteratorBase &, const T1 &)::[lambda(int) (instance 1)]>(int, T3)",1,0.002368
8,serial_sparse,cold,candidate,compute_graph_projection_layer_8_q_128,kernel_cutlass_kernel_operatorsdeepseek_v32norm_plainLocalPlainRMSNorm_object_at__tensorptrbf16gmemalign128oi645125121_tensorptrf32gmemalign16o5121_tensorptrbf16gmemalign128oi645125121____0,1,0.001504
8,serial_sparse,cold,candidate,compute_graph_projection_layer_8_q_128,"void flashinfer::BatchQKApplyRotaryPosIdsCosSinCacheHeadParallelismKernel<(bool)1, (unsigned int)64, (unsigned int)8, (unsigned int)8, __nv_bfloat16, long>(T5 *, T5 *, T5 *, T5 *, float *, T6 *, unsigned int, unsigned int, unsigned int, unsigned int, unsigned long, unsigned long, unsigned long, unsigned long, unsigned long, unsigned long, unsigned long, unsigned long)",1,0.00288
8,serial_sparse,cold,candidate,compute_graph_projection_layer_8_q_128,"void at::native::<unnamed>::vectorized_layer_norm_kernel<float, float, (bool)0>(int, T2, const T1 *, const T1 *, const T1 *, T2 *, T2 *, T1 *)",1,0.002944
8,serial_sparse,cold,candidate,compute_graph_projection_layer_8_q_128,"void at::native::vectorized_elementwise_kernel<(int)8, at::native::bfloat16_copy_kernel_cuda(at::TensorIteratorBase &)::[lambda(float) (instance 1)], std::array<char *, (unsigned long)2>>(int, T2, T3)",1,0.001184
8,serial_sparse,cold,candidate,compute_graph_projection_layer_8_q_128,"void flashinfer::BatchQKApplyRotaryPosIdsCosSinCacheHeadParallelismKernel<(bool)0, (unsigned int)128, (unsigned int)8, (unsigned int)16, __nv_bfloat16, long>(T5 *, T5 *, T5 *, T5 *, float *, T6 *, unsigned int, unsigned int, unsigned int, unsigned int, unsigned long, unsigned long, unsigned long, unsigned long, unsigned long, unsigned long, unsigned long, unsigned long)",1,0.0024
8,serial_sparse,cold,candidate,compute_graph_projection_layer_8_q_128,quantize_kernel,2,0.002976
8,serial_sparse,cold,candidate,compute_graph_projection_layer_8_q_128,"void at::native::vectorized_elementwise_kernel<(int)4, at::native::AUnaryFunctor<float, float, float, at::native::binary_internal::MulFunctor<float>>, std::array<char *, (unsigned long)2>>(int, T2, T3)",2,0.002176
8,serial_sparse,cold,candidate,compute_graph_projection_layer_8_q_128,"void at::native::vectorized_elementwise_kernel<(int)4, at::native::BinaryFunctor<float, float, float, at::native::binary_internal::MulFunctor<float>>, std::array<char *, (unsigned long)3>>(int, T2, T3)",1,0.001216
8,serial_sparse,cold,candidate,compute_graph_projection_layer_8_q_128,"void at::native::<unnamed>::CatArrayBatchedCopy_vectorized<at::native::<unnamed>::OpaqueType<(unsigned int)2>, unsigned int, (int)2, (int)128, (int)1, (int)16, (int)8>(char *, at::native::<unnamed>::CatArrInputTensorMetadata<T1, T2, T4, T5>, at::native::<unnamed>::TensorSizeStride<T2, (unsigned int)4>, int, T2)",1,0.00224
8,serial_sparse,cold,candidate,compute_graph_finish_layer_8_q_128,kernel_cutlass_kernel_operatorsdeepseek_v32norm_fusedLocalFusedRMSNorm_object_at__tensorptrbf16gmemalign128oi64716871681_tensorptrbf16gmemalign128oi64716871681_tensorptrf32gmemalign16o716_0,1,0.003456
8,serial_sparse,cold,candidate,compute_graph_finish_layer_8_q_128,"void flashinfer::activation::act_and_mul_kernel<__nv_bfloat16, &silu>(T1 *, const T1 *, int)",1,0.005152
8,serial_sparse,cold,candidate,compute_graph_projection_layer_9_q_128,kernel_cutlass_kernel_operatorsdeepseek_v32norm_plainLocalPlainRMSNorm_object_at__tensorptrbf16gmemalign128oi64716871681_tensorptrf32gmemalign16o71681_tensorptrbf16gmemalign128oi647168716_0,1,0.003136
8,serial_sparse,cold,candidate,compute_graph_projection_layer_9_q_128,"void at::native::elementwise_kernel<(int)128, (int)2, void at::native::gpu_kernel_impl_nocast<at::native::CUDAFunctor_add<long>>(at::TensorIteratorBase &, const T1 &)::[lambda(int) (instance 1)]>(int, T3)",1,0.001792
8,serial_sparse,cold,candidate,compute_graph_projection_layer_9_q_128,"void at::native::unrolled_elementwise_kernel<at::native::direct_copy_kernel_cuda(at::TensorIteratorBase &)::[lambda() (instance 3)]::operator ()() const::[lambda() (instance 7)]::operator ()() const::[lambda(float) (instance 1)], std::array<char *, (unsigned long)2>, (int)4, TrivialOffsetCalculator<(int)1, unsigned int>, TrivialOffsetCalculator<(int)1, unsigned int>, at::native::memory::LoadWithCast<(int)1>, at::native::memory::StoreWithCast<(int)1>>(int, T1, T2, T4, T5, T6, T7)",3,0.008096
8,serial_sparse,cold,candidate,compute_graph_projection_layer_9_q_128,kernel_cutlass_kernel_operatorsdeepseek_v32norm_plainLocalPlainRMSNorm_object_at__tensorptrbf16gmemalign128oi64153615361_tensorptrf32gmemalign16o15361_tensorptrbf16gmemalign128oi641536153_0,1,0.002336
8,serial_sparse,cold,candidate,compute_graph_projection_layer_9_q_128,"void at::native::elementwise_kernel<(int)128, (int)2, void at::native::gpu_kernel_impl_nocast<at::native::BinaryFunctor<float, float, float, at::native::binary_internal::MulFunctor<float>>>(at::TensorIteratorBase &, const T1 &)::[lambda(int) (instance 1)]>(int, T3)",1,0.001472
8,serial_sparse,cold,candidate,compute_graph_projection_layer_9_q_128,"void <unnamed>::elementwise_kernel_with_index<int, at::native::arange_cuda_out(const c10::Scalar &, const c10::Scalar &, const c10::Scalar &, at::Tensor &)::[lambda() (instance 1)]::operator ()() const::[lambda() (instance 4)]::operator ()() const::[lambda(long) (instance 1)]>(T1, T2, function_traits<T2>::result_type *)",1,0.000832
8,serial_sparse,cold,candidate,compute_graph_projection_layer_9_q_128,"void at::native::vectorized_elementwise_kernel<(int)4, at::native::cos_kernel_cuda(at::TensorIteratorBase &)::[lambda() (instance 2)]::operator ()() const::[lambda() (instance 2)]::operator ()() const::[lambda(float) (instance 1)], std::array<char *, (unsigned long)2>>(int, T2, T3)",1,0.001696
8,serial_sparse,cold,candidate,compute_graph_projection_layer_9_q_128,"void at::native::vectorized_elementwise_kernel<(int)4, at::native::sin_kernel_cuda(at::TensorIteratorBase &)::[lambda() (instance 2)]::operator ()() const::[lambda() (instance 2)]::operator ()() const::[lambda(float) (instance 1)], std::array<char *, (unsigned long)2>>(int, T2, T3)",1,0.001664
8,serial_sparse,cold,candidate,compute_graph_projection_layer_9_q_128,"void at::native::<unnamed>::CatArrayBatchedCopy_vectorized<at::native::<unnamed>::OpaqueType<(unsigned int)4>, unsigned int, (int)2, (int)128, (int)1, (int)16, (int)4>(char *, at::native::<unnamed>::CatArrInputTensorMetadata<T1, T2, T4, T5>, at::native::<unnamed>::TensorSizeStride<T2, (unsigned int)4>, int, T2)",1,0.00128
8,serial_sparse,cold,candidate,compute_graph_projection_layer_9_q_128,"void at::native::elementwise_kernel<(int)128, (int)4, void at::native::gpu_kernel_impl_nocast<at::native::direct_copy_kernel_cuda(at::TensorIteratorBase &)::[lambda() (instance 3)]::operator ()() const::[lambda() (instance 12)]::operator ()() const::[lambda(c10::BFloat16) (instance 1)]>(at::TensorIteratorBase &, const T1 &)::[lambda(int) (instance 1)]>(int, T3)",1,0.002432
8,serial_sparse,cold,candidate,compute_graph_projection_layer_9_q_128,kernel_cutlass_kernel_operatorsdeepseek_v32norm_plainLocalPlainRMSNorm_object_at__tensorptrbf16gmemalign128oi645125121_tensorptrf32gmemalign16o5121_tensorptrbf16gmemalign128oi645125121____0,1,0.001472
8,serial_sparse,cold,candidate,compute_graph_projection_layer_9_q_128,"void flashinfer::BatchQKApplyRotaryPosIdsCosSinCacheHeadParallelismKernel<(bool)1, (unsigned int)64, (unsigned int)8, (unsigned int)8, __nv_bfloat16, long>(T5 *, T5 *, T5 *, T5 *, float *, T6 *, unsigned int, unsigned int, unsigned int, unsigned int, unsigned long, unsigned long, unsigned long, unsigned long, unsigned long, unsigned long, unsigned long, unsigned long)",1,0.00304
8,serial_sparse,cold,candidate,compute_graph_projection_layer_9_q_128,"void at::native::<unnamed>::vectorized_layer_norm_kernel<float, float, (bool)0>(int, T2, const T1 *, const T1 *, const T1 *, T2 *, T2 *, T1 *)",1,0.003008
8,serial_sparse,cold,candidate,compute_graph_projection_layer_9_q_128,"void at::native::vectorized_elementwise_kernel<(int)8, at::native::bfloat16_copy_kernel_cuda(at::TensorIteratorBase &)::[lambda(float) (instance 1)], std::array<char *, (unsigned long)2>>(int, T2, T3)",1,0.001152
8,serial_sparse,cold,candidate,compute_graph_projection_layer_9_q_128,"void flashinfer::BatchQKApplyRotaryPosIdsCosSinCacheHeadParallelismKernel<(bool)0, (unsigned int)128, (unsigned int)8, (unsigned int)16, __nv_bfloat16, long>(T5 *, T5 *, T5 *, T5 *, float *, T6 *, unsigned int, unsigned int, unsigned int, unsigned int, unsigned long, unsigned long, unsigned long, unsigned long, unsigned long, unsigned long, unsigned long, unsigned long)",1,0.002432
8,serial_sparse,cold,candidate,compute_graph_projection_layer_9_q_128,quantize_kernel,2,0.002912
8,serial_sparse,cold,candidate,compute_graph_projection_layer_9_q_128,"void at::native::vectorized_elementwise_kernel<(int)4, at::native::AUnaryFunctor<float, float, float, at::native::binary_internal::MulFunctor<float>>, std::array<char *, (unsigned long)2>>(int, T2, T3)",2,0.00224
8,serial_sparse,cold,candidate,compute_graph_projection_layer_9_q_128,"void at::native::vectorized_elementwise_kernel<(int)4, at::native::BinaryFunctor<float, float, float, at::native::binary_internal::MulFunctor<float>>, std::array<char *, (unsigned long)3>>(int, T2, T3)",1,0.001216
8,serial_sparse,cold,candidate,compute_graph_projection_layer_9_q_128,"void at::native::<unnamed>::CatArrayBatchedCopy_vectorized<at::native::<unnamed>::OpaqueType<(unsigned int)2>, unsigned int, (int)2, (int)128, (int)1, (int)16, (int)8>(char *, at::native::<unnamed>::CatArrInputTensorMetadata<T1, T2, T4, T5>, at::native::<unnamed>::TensorSizeStride<T2, (unsigned int)4>, int, T2)",1,0.001984
8,serial_sparse,cold,candidate,compute_graph_finish_layer_9_q_128,kernel_cutlass_kernel_operatorsdeepseek_v32norm_fusedLocalFusedRMSNorm_object_at__tensorptrbf16gmemalign128oi64716871681_tensorptrbf16gmemalign128oi64716871681_tensorptrf32gmemalign16o716_0,1,0.003424
8,serial_sparse,cold,candidate,compute_graph_finish_layer_9_q_128,"void flashinfer::activation::act_and_mul_kernel<__nv_bfloat16, &silu>(T1 *, const T1 *, int)",1,0.004832
8,serial_sparse,cold,candidate,final_norm_lm_head,"void at::native::unrolled_elementwise_kernel<at::native::direct_copy_kernel_cuda(at::TensorIteratorBase &)::[lambda() (instance 3)]::operator ()() const::[lambda() (instance 7)]::operator ()() const::[lambda(float) (instance 1)], std::array<char *, (unsigned long)2>, (int)4, TrivialOffsetCalculator<(int)1, unsigned int>, TrivialOffsetCalculator<(int)1, unsigned int>, at::native::memory::LoadWithCast<(int)1>, at::native::memory::StoreWithCast<(int)1>>(int, T1, T2, T4, T5, T6, T7)",3,0.01184
8,serial_sparse,cold,candidate,final_norm_lm_head,"void at::native::vectorized_elementwise_kernel<(int)4, at::native::CUDAFunctor_add<float>, std::array<char *, (unsigned long)3>>(int, T2, T3)",1,0.003136
8,serial_sparse,cold,candidate,final_norm_lm_head,kernel_cutlass_kernel_flashinfernormkernelsrmsnormRMSNormKernel_object_at__tensorptrf32gmemalign128oi64716871681_tensorptrf32gmemalign16o71681_tensorptrf32gmemalign128oi64716871681___True_0,1,0.002912
8,serial_sparse,cold,candidate,final_norm_lm_head,"void at::native::vectorized_elementwise_kernel<(int)8, at::native::bfloat16_copy_kernel_cuda(at::TensorIteratorBase &)::[lambda(float) (instance 1)], std::array<char *, (unsigned long)2>>(int, T2, T3)",1,0.002176
8,serial_sparse,cold,request,request,MEMCPY,1,0.01264
8,serial_sparse,cold,admission,pool_allocate_session,MEMCPY,1,0.00128
8,serial_sparse,cold,history,forward,MEMCPY,12,0.013376
8,serial_sparse,cold,history,compute_graph_projection_inputs,MEMCPY,1024,7.575034
8,serial_sparse,cold,history,compute_graph_owned_writeback_source,MEMCPY,640,0.923714
8,serial_sparse,cold,history,index_cache_write,MEMCPY,1280,1.685379
8,serial_sparse,cold,history,cache_torch_argsort,MEMCPY,10,0.016064
8,serial_sparse,cold,history,pool_operation,MEMCPY,10,0.011744
8,serial_sparse,cold,history,pool_write_host,MEMCPY,640,16.036919
8,serial_sparse,cold,history,replay_input_copy,MEMCPY,704,5.582444
8,serial_sparse,cold,history,chunk,MEMCPY,10,0.01008
8,serial_sparse,cold,diagnostics,cache_metrics,MEMCPY,20,0.050944
8,serial_sparse,cold,candidate,forward,MEMCPY,12,0.01392
8,serial_sparse,cold,candidate,pool_operation,MEMCPY,30,0.082912
8,serial_sparse,cold,candidate,compute_graph_projection_inputs,MEMCPY,16,0.026816
8,serial_sparse,cold,candidate,index_cache_write,MEMCPY,20,0.01808
8,serial_sparse,cold,candidate,replay_input_copy,MEMCPY,11,0.023232
8,serial_sparse,cold,candidate,chunk,MEMCPY,11,0.012864
8,serial_sparse,cold,history,cache_torch_argsort,MEMSET,100,0.096001
9,serial_sparse,revisit,candidate,forward,"void at::native::reduce_kernel<(int)512, (int)1, at::native::ReduceOp<long, at::native::func_wrapper_t<long, at::native::MinNanFunctor<long>>, unsigned int, long, (int)4, (int)4>>(T3)",1,0.001728
9,serial_sparse,revisit,candidate,forward,"void at::native::reduce_kernel<(int)512, (int)1, at::native::ReduceOp<long, at::native::func_wrapper_t<long, at::native::MaxNanFunctor<long>>, unsigned int, long, (int)4, (int)4>>(T3)",1,0.001888
9,serial_sparse,revisit,candidate,forward,"void at::native::vectorized_elementwise_kernel<(int)2, at::native::FillFunctor<long>, std::array<char *, (unsigned long)1>>(int, T2, T3)",5,0.00384
9,serial_sparse,revisit,candidate,forward,"void at::native::unrolled_elementwise_kernel<at::native::FillFunctor<long>, std::array<char *, (unsigned long)1>, (int)4, TrivialOffsetCalculator<(int)0, unsigned int>, TrivialOffsetCalculator<(int)1, unsigned int>, at::native::memory::LoadWithoutCast, at::native::memory::StoreWithoutCast>(int, T1, T2, T4, T5, T6, T7)",5,0.003488
9,serial_sparse,revisit,candidate,embedding,"void at::native::vectorized_gather_kernel<(int)16, long>(char *, char *, T2 *, int, long, long, long, long, bool)",1,0.0024
9,serial_sparse,revisit,candidate,compute_graph_projection_inputs,"void at::native::vectorized_elementwise_kernel<(int)2, at::native::FillFunctor<long>, std::array<char *, (unsigned long)1>>(int, T2, T3)",10,0.007424
9,serial_sparse,revisit,candidate,compute_graph_projection_layer_0_q_128,kernel_cutlass_kernel_operatorsdeepseek_v32norm_plainLocalPlainRMSNorm_object_at__tensorptrbf16gmemalign128oi64716871681_tensorptrf32gmemalign16o71681_tensorptrbf16gmemalign128oi647168716_0,1,0.002944
9,serial_sparse,revisit,candidate,compute_graph_projection_layer_0_q_128,"void at::native::elementwise_kernel<(int)128, (int)2, void at::native::gpu_kernel_impl_nocast<at::native::CUDAFunctor_add<long>>(at::TensorIteratorBase &, const T1 &)::[lambda(int) (instance 1)]>(int, T3)",1,0.001984
9,serial_sparse,revisit,candidate,compute_graph_projection_layer_0_q_128,"void at::native::unrolled_elementwise_kernel<at::native::direct_copy_kernel_cuda(at::TensorIteratorBase &)::[lambda() (instance 3)]::operator ()() const::[lambda() (instance 7)]::operator ()() const::[lambda(float) (instance 1)], std::array<char *, (unsigned long)2>, (int)4, TrivialOffsetCalculator<(int)1, unsigned int>, TrivialOffsetCalculator<(int)1, unsigned int>, at::native::memory::LoadWithCast<(int)1>, at::native::memory::StoreWithCast<(int)1>>(int, T1, T2, T4, T5, T6, T7)",3,0.007744
9,serial_sparse,revisit,candidate,compute_graph_projection_layer_0_q_128,kernel_cutlass_kernel_operatorsdeepseek_v32norm_plainLocalPlainRMSNorm_object_at__tensorptrbf16gmemalign128oi64153615361_tensorptrf32gmemalign16o15361_tensorptrbf16gmemalign128oi641536153_0,1,0.002304
9,serial_sparse,revisit,candidate,compute_graph_projection_layer_0_q_128,"void at::native::elementwise_kernel<(int)128, (int)2, void at::native::gpu_kernel_impl_nocast<at::native::BinaryFunctor<float, float, float, at::native::binary_internal::MulFunctor<float>>>(at::TensorIteratorBase &, const T1 &)::[lambda(int) (instance 1)]>(int, T3)",1,0.00144
9,serial_sparse,revisit,candidate,compute_graph_projection_layer_0_q_128,"void <unnamed>::elementwise_kernel_with_index<int, at::native::arange_cuda_out(const c10::Scalar &, const c10::Scalar &, const c10::Scalar &, at::Tensor &)::[lambda() (instance 1)]::operator ()() const::[lambda() (instance 4)]::operator ()() const::[lambda(long) (instance 1)]>(T1, T2, function_traits<T2>::result_type *)",1,0.000832
9,serial_sparse,revisit,candidate,compute_graph_projection_layer_0_q_128,"void at::native::vectorized_elementwise_kernel<(int)4, at::native::cos_kernel_cuda(at::TensorIteratorBase &)::[lambda() (instance 2)]::operator ()() const::[lambda() (instance 2)]::operator ()() const::[lambda(float) (instance 1)], std::array<char *, (unsigned long)2>>(int, T2, T3)",1,0.001664
9,serial_sparse,revisit,candidate,compute_graph_projection_layer_0_q_128,"void at::native::vectorized_elementwise_kernel<(int)4, at::native::sin_kernel_cuda(at::TensorIteratorBase &)::[lambda() (instance 2)]::operator ()() const::[lambda() (instance 2)]::operator ()() const::[lambda(float) (instance 1)], std::array<char *, (unsigned long)2>>(int, T2, T3)",1,0.001696
9,serial_sparse,revisit,candidate,compute_graph_projection_layer_0_q_128,"void at::native::<unnamed>::CatArrayBatchedCopy_vectorized<at::native::<unnamed>::OpaqueType<(unsigned int)4>, unsigned int, (int)2, (int)128, (int)1, (int)16, (int)4>(char *, at::native::<unnamed>::CatArrInputTensorMetadata<T1, T2, T4, T5>, at::native::<unnamed>::TensorSizeStride<T2, (unsigned int)4>, int, T2)",1,0.001312
9,serial_sparse,revisit,candidate,compute_graph_projection_layer_0_q_128,"void at::native::elementwise_kernel<(int)128, (int)4, void at::native::gpu_kernel_impl_nocast<at::native::direct_copy_kernel_cuda(at::TensorIteratorBase &)::[lambda() (instance 3)]::operator ()() const::[lambda() (instance 12)]::operator ()() const::[lambda(c10::BFloat16) (instance 1)]>(at::TensorIteratorBase &, const T1 &)::[lambda(int) (instance 1)]>(int, T3)",1,0.002272
9,serial_sparse,revisit,candidate,compute_graph_projection_layer_0_q_128,kernel_cutlass_kernel_operatorsdeepseek_v32norm_plainLocalPlainRMSNorm_object_at__tensorptrbf16gmemalign128oi645125121_tensorptrf32gmemalign16o5121_tensorptrbf16gmemalign128oi645125121____0,1,0.00144
9,serial_sparse,revisit,candidate,compute_graph_projection_layer_0_q_128,"void flashinfer::BatchQKApplyRotaryPosIdsCosSinCacheHeadParallelismKernel<(bool)1, (unsigned int)64, (unsigned int)8, (unsigned int)8, __nv_bfloat16, long>(T5 *, T5 *, T5 *, T5 *, float *, T6 *, unsigned int, unsigned int, unsigned int, unsigned int, unsigned long, unsigned long, unsigned long, unsigned long, unsigned long, unsigned long, unsigned long, unsigned long)",1,0.00272
9,serial_sparse,revisit,candidate,compute_graph_projection_layer_0_q_128,"void at::native::<unnamed>::vectorized_layer_norm_kernel<float, float, (bool)0>(int, T2, const T1 *, const T1 *, const T1 *, T2 *, T2 *, T1 *)",1,0.003072
9,serial_sparse,revisit,candidate,compute_graph_projection_layer_0_q_128,"void at::native::vectorized_elementwise_kernel<(int)8, at::native::bfloat16_copy_kernel_cuda(at::TensorIteratorBase &)::[lambda(float) (instance 1)], std::array<char *, (unsigned long)2>>(int, T2, T3)",1,0.00112
9,serial_sparse,revisit,candidate,compute_graph_projection_layer_0_q_128,"void flashinfer::BatchQKApplyRotaryPosIdsCosSinCacheHeadParallelismKernel<(bool)0, (unsigned int)128, (unsigned int)8, (unsigned int)16, __nv_bfloat16, long>(T5 *, T5 *, T5 *, T5 *, float *, T6 *, unsigned int, unsigned int, unsigned int, unsigned int, unsigned long, unsigned long, unsigned long, unsigned long, unsigned long, unsigned long, unsigned long, unsigned long)",1,0.002336
9,serial_sparse,revisit,candidate,compute_graph_projection_layer_0_q_128,quantize_kernel,2,0.002912
9,serial_sparse,revisit,candidate,compute_graph_projection_layer_0_q_128,"void at::native::vectorized_elementwise_kernel<(int)4, at::native::AUnaryFunctor<float, float, float, at::native::binary_internal::MulFunctor<float>>, std::array<char *, (unsigned long)2>>(int, T2, T3)",2,0.002144
9,serial_sparse,revisit,candidate,compute_graph_projection_layer_0_q_128,"void at::native::vectorized_elementwise_kernel<(int)4, at::native::BinaryFunctor<float, float, float, at::native::binary_internal::MulFunctor<float>>, std::array<char *, (unsigned long)3>>(int, T2, T3)",1,0.001152
9,serial_sparse,revisit,candidate,compute_graph_projection_layer_0_q_128,"void at::native::<unnamed>::CatArrayBatchedCopy_vectorized<at::native::<unnamed>::OpaqueType<(unsigned int)2>, unsigned int, (int)2, (int)128, (int)1, (int)16, (int)8>(char *, at::native::<unnamed>::CatArrInputTensorMetadata<T1, T2, T4, T5>, at::native::<unnamed>::TensorSizeStride<T2, (unsigned int)4>, int, T2)",1,0.001888
9,serial_sparse,revisit,candidate,exact_topk,"void at::native::elementwise_kernel<(int)128, (int)2, void at::native::gpu_kernel_impl_nocast<at::native::direct_copy_kernel_cuda(at::TensorIteratorBase &)::[lambda() (instance 3)]::operator ()() const::[lambda() (instance 7)]::operator ()() const::[lambda(float) (instance 1)]>(at::TensorIteratorBase &, const T1 &)::[lambda(int) (instance 1)]>(int, T3)",10,0.245604
9,serial_sparse,revisit,candidate,exact_topk,"void flashinfer::sampling::FilteredTopKUnifiedKernel<float, int, (int)4, (bool)1, (flashinfer::sampling::FilteredTopKMode)0, (flashinfer::sampling::TopKTieBreak)1, flashinfer::sampling::DirectPageTableKernelPolicy<int>, >(const T1 *, T2 *, T1 *, const T2 *, long, const T2 *, const T2 *, const T2 *, const T2 *, unsigned int, unsigned int, unsigned int, T8...)",10,0.337666
9,serial_sparse,revisit,candidate,exact_topk,"void flashinfer::sampling::FinalizeTopKIndicesKernel<(bool)1, (flashinfer::sampling::FilteredTopKMode)0, (unsigned int)256, (unsigned int)8, float, int, flashinfer::sampling::DirectPageTableKernelPolicy<int>, >(T6 *, T5 *, const T6 *, long, const T6 *, const T6 *, unsigned int, unsigned int, T8...)",10,0.112865
9,serial_sparse,revisit,candidate,exact_topk,"void flashinfer::sampling::StableSortTopKByValueKernel<(unsigned int)256, (unsigned int)8, int, float>(T3 *, T4 *, unsigned int, unsigned int)",10,0.141633
9,serial_sparse,revisit,candidate,exact_topk,mask_kernel,10,0.012544
9,serial_sparse,revisit,candidate,pool_operation,"echo_native::sparse_union_clear(unsigned int *, long, unsigned int *, unsigned int *)",10,0.009792
9,serial_sparse,revisit,candidate,pool_operation,"void echo_native::sparse_union_kernel<(bool)0>(const int *, long, unsigned int *, int, int)",10,0.280418
9,serial_sparse,revisit,candidate,pool_operation,"echo_native::sparse_classify_kernel(const unsigned int *, const int *, const int *, const long *, int, long *, long *, int *, unsigned int *, unsigned int *, unsigned long long *, int, int, int, long)",10,0.041409
9,serial_sparse,revisit,candidate,cache_torch_argsort,"at::native::<unnamed>::fill_reverse_indices_kernel(long *, int, at::cuda::detail::IntDivider<unsigned int>)",10,0.013088
9,serial_sparse,revisit,candidate,cache_torch_argsort,"void at_cuda_detail::cub::detail::radix_sort::DeviceRadixSortHistogramKernel<at_cuda_detail::cub::detail::radix::policy_hub<long, at::cuda::cub::detail::OpaqueType<(int)8>, unsigned long long>::Policy1000, (at_cuda_detail::cub::SortOrder)0, long, unsigned long long, at_cuda_detail::cub::detail::identity_decomposer_t>(T4 *, const T3 *, T4, int, int, T5)",10,0.032929
9,serial_sparse,revisit,candidate,cache_torch_argsort,"void at_cuda_detail::cub::detail::radix_sort::DeviceRadixSortExclusiveSumKernel<at_cuda_detail::cub::detail::radix::policy_hub<long, at::cuda::cub::detail::OpaqueType<(int)8>, unsigned long long>::Policy1000, unsigned long long>(T2 *)",10,0.011584
9,serial_sparse,revisit,candidate,cache_torch_argsort,"void at_cuda_detail::cub::detail::radix_sort::DeviceRadixSortOnesweepKernel<at_cuda_detail::cub::detail::radix::policy_hub<long, at::cuda::cub::detail::OpaqueType<(int)8>, unsigned long long>::Policy1000, (at_cuda_detail::cub::SortOrder)0, long, at::cuda::cub::detail::OpaqueType<(int)8>, unsigned long long, int, int, at_cuda_detail::cub::detail::identity_decomposer_t>(T7 *, T7 *, T5 *, const T5 *, T3 *, const T3 *, T4 *, const T4 *, T6, int, int, T8)",80,0.47994
9,serial_sparse,revisit,candidate,pool_operation,"void at::native::unrolled_elementwise_kernel<at::native::direct_copy_kernel_cuda(at::TensorIteratorBase &)::[lambda() (instance 3)]::operator ()() const::[lambda() (instance 4)]::operator ()() const::[lambda(long) (instance 1)], std::array<char *, (unsigned long)2>, (int)4, TrivialOffsetCalculator<(int)1, unsigned int>, TrivialOffsetCalculator<(int)1, unsigned int>, at::native::memory::LoadWithCast<(int)1>, at::native::memory::StoreWithCast<(int)1>>(int, T1, T2, T4, T5, T6, T7)",10,0.027424
9,serial_sparse,revisit,candidate,pool_operation,"void at_cuda_detail::cub::detail::scan::DeviceScanInitKernel<at_cuda_detail::cub::ScanTileState<long, (bool)1>>(T1, int)",10,0.007776
9,serial_sparse,revisit,candidate,pool_operation,"void at_cuda_detail::cub::detail::scan::DeviceScanKernel<at_cuda_detail::cub::detail::scan::policy_hub<long, long, long, unsigned int, std::plus<long>>::Policy1000, const long *, long *, at_cuda_detail::cub::ScanTileState<long, (bool)1>, std::plus<long>, at_cuda_detail::cub::NullType, unsigned int, long, (bool)0, at_cuda_detail::cub::NullType>(T2, T3, T4, int, T5, T6, T7)",10,0.034304
9,serial_sparse,revisit,candidate,pool_operation,"echo_native::sparse_compact_kernel(const long *, const int *, int *, long *, long *, bool *, unsigned long long *, long *, long *, int, int, int, int, long)",10,0.05856
9,serial_sparse,revisit,candidate,host_gather,"<unnamed>::gather_records(const unsigned char *, unsigned char *, const long *, const long *, long, long, long, long)",10,1.559816
9,serial_sparse,revisit,candidate,pool_operation,"echo_native::sparse_publish_kernel(const long *, const long *, int, int *, long *, long *, bool *, long *, int, int, long)",10,0.029762
9,serial_sparse,revisit,candidate,pool_operation,"echo_native::sparse_map_kernel(const int *, int *, long, const int *, const int *, int, int, int, int)",10,0.061633
9,serial_sparse,revisit,candidate,compute_graph_finish_layer_0_q_128,kernel_cutlass_kernel_operatorsdeepseek_v32norm_fusedLocalFusedRMSNorm_object_at__tensorptrbf16gmemalign128oi64716871681_tensorptrbf16gmemalign128oi64716871681_tensorptrf32gmemalign16o716_0,1,0.003232
9,serial_sparse,revisit,candidate,compute_graph_finish_layer_0_q_128,"void flashinfer::activation::act_and_mul_kernel<__nv_bfloat16, &silu>(T1 *, const T1 *, int)",1,0.004672
9,serial_sparse,revisit,candidate,compute_graph_projection_layer_1_q_128,kernel_cutlass_kernel_operatorsdeepseek_v32norm_fusedLocalFusedRMSNorm_object_at__tensorptrbf16gmemalign128oi64716871681_tensorptrbf16gmemalign128oi64716871681_tensorptrf32gmemalign16o716_0,1,0.003232
9,serial_sparse,revisit,candidate,compute_graph_projection_layer_1_q_128,"void at::native::elementwise_kernel<(int)128, (int)2, void at::native::gpu_kernel_impl_nocast<at::native::CUDAFunctor_add<long>>(at::TensorIteratorBase &, const T1 &)::[lambda(int) (instance 1)]>(int, T3)",1,0.001824
9,serial_sparse,revisit,candidate,compute_graph_projection_layer_1_q_128,"void at::native::unrolled_elementwise_kernel<at::native::direct_copy_kernel_cuda(at::TensorIteratorBase &)::[lambda() (instance 3)]::operator ()() const::[lambda() (instance 7)]::operator ()() const::[lambda(float) (instance 1)], std::array<char *, (unsigned long)2>, (int)4, TrivialOffsetCalculator<(int)1, unsigned int>, TrivialOffsetCalculator<(int)1, unsigned int>, at::native::memory::LoadWithCast<(int)1>, at::native::memory::StoreWithCast<(int)1>>(int, T1, T2, T4, T5, T6, T7)",3,0.007872
9,serial_sparse,revisit,candidate,compute_graph_projection_layer_1_q_128,kernel_cutlass_kernel_operatorsdeepseek_v32norm_plainLocalPlainRMSNorm_object_at__tensorptrbf16gmemalign128oi64153615361_tensorptrf32gmemalign16o15361_tensorptrbf16gmemalign128oi641536153_0,1,0.002048
9,serial_sparse,revisit,candidate,compute_graph_projection_layer_1_q_128,"void at::native::elementwise_kernel<(int)128, (int)2, void at::native::gpu_kernel_impl_nocast<at::native::BinaryFunctor<float, float, float, at::native::binary_internal::MulFunctor<float>>>(at::TensorIteratorBase &, const T1 &)::[lambda(int) (instance 1)]>(int, T3)",1,0.00144
9,serial_sparse,revisit,candidate,compute_graph_projection_layer_1_q_128,"void <unnamed>::elementwise_kernel_with_index<int, at::native::arange_cuda_out(const c10::Scalar &, const c10::Scalar &, const c10::Scalar &, at::Tensor &)::[lambda() (instance 1)]::operator ()() const::[lambda() (instance 4)]::operator ()() const::[lambda(long) (instance 1)]>(T1, T2, function_traits<T2>::result_type *)",1,0.000768
9,serial_sparse,revisit,candidate,compute_graph_projection_layer_1_q_128,"void at::native::vectorized_elementwise_kernel<(int)4, at::native::cos_kernel_cuda(at::TensorIteratorBase &)::[lambda() (instance 2)]::operator ()() const::[lambda() (instance 2)]::operator ()() const::[lambda(float) (instance 1)], std::array<char *, (unsigned long)2>>(int, T2, T3)",1,0.001632
9,serial_sparse,revisit,candidate,compute_graph_projection_layer_1_q_128,"void at::native::vectorized_elementwise_kernel<(int)4, at::native::sin_kernel_cuda(at::TensorIteratorBase &)::[lambda() (instance 2)]::operator ()() const::[lambda() (instance 2)]::operator ()() const::[lambda(float) (instance 1)], std::array<char *, (unsigned long)2>>(int, T2, T3)",1,0.001664
9,serial_sparse,revisit,candidate,compute_graph_projection_layer_1_q_128,"void at::native::<unnamed>::CatArrayBatchedCopy_vectorized<at::native::<unnamed>::OpaqueType<(unsigned int)4>, unsigned int, (int)2, (int)128, (int)1, (int)16, (int)4>(char *, at::native::<unnamed>::CatArrInputTensorMetadata<T1, T2, T4, T5>, at::native::<unnamed>::TensorSizeStride<T2, (unsigned int)4>, int, T2)",1,0.00128
9,serial_sparse,revisit,candidate,compute_graph_projection_layer_1_q_128,"void at::native::elementwise_kernel<(int)128, (int)4, void at::native::gpu_kernel_impl_nocast<at::native::direct_copy_kernel_cuda(at::TensorIteratorBase &)::[lambda() (instance 3)]::operator ()() const::[lambda() (instance 12)]::operator ()() const::[lambda(c10::BFloat16) (instance 1)]>(at::TensorIteratorBase &, const T1 &)::[lambda(int) (instance 1)]>(int, T3)",1,0.002368
9,serial_sparse,revisit,candidate,compute_graph_projection_layer_1_q_128,kernel_cutlass_kernel_operatorsdeepseek_v32norm_plainLocalPlainRMSNorm_object_at__tensorptrbf16gmemalign128oi645125121_tensorptrf32gmemalign16o5121_tensorptrbf16gmemalign128oi645125121____0,1,0.00144
9,serial_sparse,revisit,candidate,compute_graph_projection_layer_1_q_128,"void flashinfer::BatchQKApplyRotaryPosIdsCosSinCacheHeadParallelismKernel<(bool)1, (unsigned int)64, (unsigned int)8, (unsigned int)8, __nv_bfloat16, long>(T5 *, T5 *, T5 *, T5 *, float *, T6 *, unsigned int, unsigned int, unsigned int, unsigned int, unsigned long, unsigned long, unsigned long, unsigned long, unsigned long, unsigned long, unsigned long, unsigned long)",1,0.002752
9,serial_sparse,revisit,candidate,compute_graph_projection_layer_1_q_128,"void at::native::<unnamed>::vectorized_layer_norm_kernel<float, float, (bool)0>(int, T2, const T1 *, const T1 *, const T1 *, T2 *, T2 *, T1 *)",1,0.002848
9,serial_sparse,revisit,candidate,compute_graph_projection_layer_1_q_128,"void at::native::vectorized_elementwise_kernel<(int)8, at::native::bfloat16_copy_kernel_cuda(at::TensorIteratorBase &)::[lambda(float) (instance 1)], std::array<char *, (unsigned long)2>>(int, T2, T3)",1,0.00112
9,serial_sparse,revisit,candidate,compute_graph_projection_layer_1_q_128,"void flashinfer::BatchQKApplyRotaryPosIdsCosSinCacheHeadParallelismKernel<(bool)0, (unsigned int)128, (unsigned int)8, (unsigned int)16, __nv_bfloat16, long>(T5 *, T5 *, T5 *, T5 *, float *, T6 *, unsigned int, unsigned int, unsigned int, unsigned int, unsigned long, unsigned long, unsigned long, unsigned long, unsigned long, unsigned long, unsigned long, unsigned long)",1,0.002336
9,serial_sparse,revisit,candidate,compute_graph_projection_layer_1_q_128,quantize_kernel,2,0.002848
9,serial_sparse,revisit,candidate,compute_graph_projection_layer_1_q_128,"void at::native::vectorized_elementwise_kernel<(int)4, at::native::AUnaryFunctor<float, float, float, at::native::binary_internal::MulFunctor<float>>, std::array<char *, (unsigned long)2>>(int, T2, T3)",2,0.002016
9,serial_sparse,revisit,candidate,compute_graph_projection_layer_1_q_128,"void at::native::vectorized_elementwise_kernel<(int)4, at::native::BinaryFunctor<float, float, float, at::native::binary_internal::MulFunctor<float>>, std::array<char *, (unsigned long)3>>(int, T2, T3)",1,0.00112
9,serial_sparse,revisit,candidate,compute_graph_projection_layer_1_q_128,"void at::native::<unnamed>::CatArrayBatchedCopy_vectorized<at::native::<unnamed>::OpaqueType<(unsigned int)2>, unsigned int, (int)2, (int)128, (int)1, (int)16, (int)8>(char *, at::native::<unnamed>::CatArrInputTensorMetadata<T1, T2, T4, T5>, at::native::<unnamed>::TensorSizeStride<T2, (unsigned int)4>, int, T2)",1,0.002112
9,serial_sparse,revisit,candidate,compute_graph_finish_layer_1_q_128,kernel_cutlass_kernel_operatorsdeepseek_v32norm_fusedLocalFusedRMSNorm_object_at__tensorptrbf16gmemalign128oi64716871681_tensorptrbf16gmemalign128oi64716871681_tensorptrf32gmemalign16o716_0,1,0.003264
9,serial_sparse,revisit,candidate,compute_graph_finish_layer_1_q_128,"void flashinfer::activation::act_and_mul_kernel<__nv_bfloat16, &silu>(T1 *, const T1 *, int)",1,0.004896
9,serial_sparse,revisit,candidate,compute_graph_projection_layer_2_q_128,kernel_cutlass_kernel_operatorsdeepseek_v32norm_fusedLocalFusedRMSNorm_object_at__tensorptrbf16gmemalign128oi64716871681_tensorptrbf16gmemalign128oi64716871681_tensorptrf32gmemalign16o716_0,1,0.003168
9,serial_sparse,revisit,candidate,compute_graph_projection_layer_2_q_128,"void at::native::elementwise_kernel<(int)128, (int)2, void at::native::gpu_kernel_impl_nocast<at::native::CUDAFunctor_add<long>>(at::TensorIteratorBase &, const T1 &)::[lambda(int) (instance 1)]>(int, T3)",1,0.001824
9,serial_sparse,revisit,candidate,compute_graph_projection_layer_2_q_128,"void at::native::unrolled_elementwise_kernel<at::native::direct_copy_kernel_cuda(at::TensorIteratorBase &)::[lambda() (instance 3)]::operator ()() const::[lambda() (instance 7)]::operator ()() const::[lambda(float) (instance 1)], std::array<char *, (unsigned long)2>, (int)4, TrivialOffsetCalculator<(int)1, unsigned int>, TrivialOffsetCalculator<(int)1, unsigned int>, at::native::memory::LoadWithCast<(int)1>, at::native::memory::StoreWithCast<(int)1>>(int, T1, T2, T4, T5, T6, T7)",3,0.00768
9,serial_sparse,revisit,candidate,compute_graph_projection_layer_2_q_128,kernel_cutlass_kernel_operatorsdeepseek_v32norm_plainLocalPlainRMSNorm_object_at__tensorptrbf16gmemalign128oi64153615361_tensorptrf32gmemalign16o15361_tensorptrbf16gmemalign128oi641536153_0,1,0.00224
9,serial_sparse,revisit,candidate,compute_graph_projection_layer_2_q_128,"void at::native::elementwise_kernel<(int)128, (int)2, void at::native::gpu_kernel_impl_nocast<at::native::BinaryFunctor<float, float, float, at::native::binary_internal::MulFunctor<float>>>(at::TensorIteratorBase &, const T1 &)::[lambda(int) (instance 1)]>(int, T3)",1,0.001504
9,serial_sparse,revisit,candidate,compute_graph_projection_layer_2_q_128,"void <unnamed>::elementwise_kernel_with_index<int, at::native::arange_cuda_out(const c10::Scalar &, const c10::Scalar &, const c10::Scalar &, at::Tensor &)::[lambda() (instance 1)]::operator ()() const::[lambda() (instance 4)]::operator ()() const::[lambda(long) (instance 1)]>(T1, T2, function_traits<T2>::result_type *)",1,0.000832
9,serial_sparse,revisit,candidate,compute_graph_projection_layer_2_q_128,"void at::native::vectorized_elementwise_kernel<(int)4, at::native::cos_kernel_cuda(at::TensorIteratorBase &)::[lambda() (instance 2)]::operator ()() const::[lambda() (instance 2)]::operator ()() const::[lambda(float) (instance 1)], std::array<char *, (unsigned long)2>>(int, T2, T3)",1,0.001664
9,serial_sparse,revisit,candidate,compute_graph_projection_layer_2_q_128,"void at::native::vectorized_elementwise_kernel<(int)4, at::native::sin_kernel_cuda(at::TensorIteratorBase &)::[lambda() (instance 2)]::operator ()() const::[lambda() (instance 2)]::operator ()() const::[lambda(float) (instance 1)], std::array<char *, (unsigned long)2>>(int, T2, T3)",1,0.0016
9,serial_sparse,revisit,candidate,compute_graph_projection_layer_2_q_128,"void at::native::<unnamed>::CatArrayBatchedCopy_vectorized<at::native::<unnamed>::OpaqueType<(unsigned int)4>, unsigned int, (int)2, (int)128, (int)1, (int)16, (int)4>(char *, at::native::<unnamed>::CatArrInputTensorMetadata<T1, T2, T4, T5>, at::native::<unnamed>::TensorSizeStride<T2, (unsigned int)4>, int, T2)",1,0.00128
9,serial_sparse,revisit,candidate,compute_graph_projection_layer_2_q_128,"void at::native::elementwise_kernel<(int)128, (int)4, void at::native::gpu_kernel_impl_nocast<at::native::direct_copy_kernel_cuda(at::TensorIteratorBase &)::[lambda() (instance 3)]::operator ()() const::[lambda() (instance 12)]::operator ()() const::[lambda(c10::BFloat16) (instance 1)]>(at::TensorIteratorBase &, const T1 &)::[lambda(int) (instance 1)]>(int, T3)",1,0.002272
9,serial_sparse,revisit,candidate,compute_graph_projection_layer_2_q_128,kernel_cutlass_kernel_operatorsdeepseek_v32norm_plainLocalPlainRMSNorm_object_at__tensorptrbf16gmemalign128oi645125121_tensorptrf32gmemalign16o5121_tensorptrbf16gmemalign128oi645125121____0,1,0.00144
9,serial_sparse,revisit,candidate,compute_graph_projection_layer_2_q_128,"void flashinfer::BatchQKApplyRotaryPosIdsCosSinCacheHeadParallelismKernel<(bool)1, (unsigned int)64, (unsigned int)8, (unsigned int)8, __nv_bfloat16, long>(T5 *, T5 *, T5 *, T5 *, float *, T6 *, unsigned int, unsigned int, unsigned int, unsigned int, unsigned long, unsigned long, unsigned long, unsigned long, unsigned long, unsigned long, unsigned long, unsigned long)",1,0.002688
9,serial_sparse,revisit,candidate,compute_graph_projection_layer_2_q_128,"void at::native::<unnamed>::vectorized_layer_norm_kernel<float, float, (bool)0>(int, T2, const T1 *, const T1 *, const T1 *, T2 *, T2 *, T1 *)",1,0.00288
9,serial_sparse,revisit,candidate,compute_graph_projection_layer_2_q_128,"void at::native::vectorized_elementwise_kernel<(int)8, at::native::bfloat16_copy_kernel_cuda(at::TensorIteratorBase &)::[lambda(float) (instance 1)], std::array<char *, (unsigned long)2>>(int, T2, T3)",1,0.00112
9,serial_sparse,revisit,candidate,compute_graph_projection_layer_2_q_128,"void flashinfer::BatchQKApplyRotaryPosIdsCosSinCacheHeadParallelismKernel<(bool)0, (unsigned int)128, (unsigned int)8, (unsigned int)16, __nv_bfloat16, long>(T5 *, T5 *, T5 *, T5 *, float *, T6 *, unsigned int, unsigned int, unsigned int, unsigned int, unsigned long, unsigned long, unsigned long, unsigned long, unsigned long, unsigned long, unsigned long, unsigned long)",1,0.002368
9,serial_sparse,revisit,candidate,compute_graph_projection_layer_2_q_128,quantize_kernel,2,0.002976
9,serial_sparse,revisit,candidate,compute_graph_projection_layer_2_q_128,"void at::native::vectorized_elementwise_kernel<(int)4, at::native::AUnaryFunctor<float, float, float, at::native::binary_internal::MulFunctor<float>>, std::array<char *, (unsigned long)2>>(int, T2, T3)",2,0.002048
9,serial_sparse,revisit,candidate,compute_graph_projection_layer_2_q_128,"void at::native::vectorized_elementwise_kernel<(int)4, at::native::BinaryFunctor<float, float, float, at::native::binary_internal::MulFunctor<float>>, std::array<char *, (unsigned long)3>>(int, T2, T3)",1,0.001152
9,serial_sparse,revisit,candidate,compute_graph_projection_layer_2_q_128,"void at::native::<unnamed>::CatArrayBatchedCopy_vectorized<at::native::<unnamed>::OpaqueType<(unsigned int)2>, unsigned int, (int)2, (int)128, (int)1, (int)16, (int)8>(char *, at::native::<unnamed>::CatArrInputTensorMetadata<T1, T2, T4, T5>, at::native::<unnamed>::TensorSizeStride<T2, (unsigned int)4>, int, T2)",1,0.002016
9,serial_sparse,revisit,candidate,compute_graph_finish_layer_2_q_128,kernel_cutlass_kernel_operatorsdeepseek_v32norm_fusedLocalFusedRMSNorm_object_at__tensorptrbf16gmemalign128oi64716871681_tensorptrbf16gmemalign128oi64716871681_tensorptrf32gmemalign16o716_0,1,0.003328
9,serial_sparse,revisit,candidate,compute_graph_finish_layer_2_q_128,"void flashinfer::activation::act_and_mul_kernel<__nv_bfloat16, &silu>(T1 *, const T1 *, int)",1,0.0048
9,serial_sparse,revisit,candidate,compute_graph_projection_layer_3_q_128,kernel_cutlass_kernel_operatorsdeepseek_v32norm_plainLocalPlainRMSNorm_object_at__tensorptrbf16gmemalign128oi64716871681_tensorptrf32gmemalign16o71681_tensorptrbf16gmemalign128oi647168716_0,1,0.002689
9,serial_sparse,revisit,candidate,compute_graph_projection_layer_3_q_128,"void at::native::elementwise_kernel<(int)128, (int)2, void at::native::gpu_kernel_impl_nocast<at::native::CUDAFunctor_add<long>>(at::TensorIteratorBase &, const T1 &)::[lambda(int) (instance 1)]>(int, T3)",1,0.001952
9,serial_sparse,revisit,candidate,compute_graph_projection_layer_3_q_128,"void at::native::unrolled_elementwise_kernel<at::native::direct_copy_kernel_cuda(at::TensorIteratorBase &)::[lambda() (instance 3)]::operator ()() const::[lambda() (instance 7)]::operator ()() const::[lambda(float) (instance 1)], std::array<char *, (unsigned long)2>, (int)4, TrivialOffsetCalculator<(int)1, unsigned int>, TrivialOffsetCalculator<(int)1, unsigned int>, at::native::memory::LoadWithCast<(int)1>, at::native::memory::StoreWithCast<(int)1>>(int, T1, T2, T4, T5, T6, T7)",3,0.007808
9,serial_sparse,revisit,candidate,compute_graph_projection_layer_3_q_128,kernel_cutlass_kernel_operatorsdeepseek_v32norm_plainLocalPlainRMSNorm_object_at__tensorptrbf16gmemalign128oi64153615361_tensorptrf32gmemalign16o15361_tensorptrbf16gmemalign128oi641536153_0,1,0.001984
9,serial_sparse,revisit,candidate,compute_graph_projection_layer_3_q_128,"void at::native::elementwise_kernel<(int)128, (int)2, void at::native::gpu_kernel_impl_nocast<at::native::BinaryFunctor<float, float, float, at::native::binary_internal::MulFunctor<float>>>(at::TensorIteratorBase &, const T1 &)::[lambda(int) (instance 1)]>(int, T3)",1,0.00144
9,serial_sparse,revisit,candidate,compute_graph_projection_layer_3_q_128,"void <unnamed>::elementwise_kernel_with_index<int, at::native::arange_cuda_out(const c10::Scalar &, const c10::Scalar &, const c10::Scalar &, at::Tensor &)::[lambda() (instance 1)]::operator ()() const::[lambda() (instance 4)]::operator ()() const::[lambda(long) (instance 1)]>(T1, T2, function_traits<T2>::result_type *)",1,0.000864
9,serial_sparse,revisit,candidate,compute_graph_projection_layer_3_q_128,"void at::native::vectorized_elementwise_kernel<(int)4, at::native::cos_kernel_cuda(at::TensorIteratorBase &)::[lambda() (instance 2)]::operator ()() const::[lambda() (instance 2)]::operator ()() const::[lambda(float) (instance 1)], std::array<char *, (unsigned long)2>>(int, T2, T3)",1,0.001632
9,serial_sparse,revisit,candidate,compute_graph_projection_layer_3_q_128,"void at::native::vectorized_elementwise_kernel<(int)4, at::native::sin_kernel_cuda(at::TensorIteratorBase &)::[lambda() (instance 2)]::operator ()() const::[lambda() (instance 2)]::operator ()() const::[lambda(float) (instance 1)], std::array<char *, (unsigned long)2>>(int, T2, T3)",1,0.001664
9,serial_sparse,revisit,candidate,compute_graph_projection_layer_3_q_128,"void at::native::<unnamed>::CatArrayBatchedCopy_vectorized<at::native::<unnamed>::OpaqueType<(unsigned int)4>, unsigned int, (int)2, (int)128, (int)1, (int)16, (int)4>(char *, at::native::<unnamed>::CatArrInputTensorMetadata<T1, T2, T4, T5>, at::native::<unnamed>::TensorSizeStride<T2, (unsigned int)4>, int, T2)",1,0.00128
9,serial_sparse,revisit,candidate,compute_graph_projection_layer_3_q_128,"void at::native::elementwise_kernel<(int)128, (int)4, void at::native::gpu_kernel_impl_nocast<at::native::direct_copy_kernel_cuda(at::TensorIteratorBase &)::[lambda() (instance 3)]::operator ()() const::[lambda() (instance 12)]::operator ()() const::[lambda(c10::BFloat16) (instance 1)]>(at::TensorIteratorBase &, const T1 &)::[lambda(int) (instance 1)]>(int, T3)",1,0.002272
9,serial_sparse,revisit,candidate,compute_graph_projection_layer_3_q_128,kernel_cutlass_kernel_operatorsdeepseek_v32norm_plainLocalPlainRMSNorm_object_at__tensorptrbf16gmemalign128oi645125121_tensorptrf32gmemalign16o5121_tensorptrbf16gmemalign128oi645125121____0,1,0.001376
9,serial_sparse,revisit,candidate,compute_graph_projection_layer_3_q_128,"void flashinfer::BatchQKApplyRotaryPosIdsCosSinCacheHeadParallelismKernel<(bool)1, (unsigned int)64, (unsigned int)8, (unsigned int)8, __nv_bfloat16, long>(T5 *, T5 *, T5 *, T5 *, float *, T6 *, unsigned int, unsigned int, unsigned int, unsigned int, unsigned long, unsigned long, unsigned long, unsigned long, unsigned long, unsigned long, unsigned long, unsigned long)",1,0.002656
9,serial_sparse,revisit,candidate,compute_graph_projection_layer_3_q_128,"void at::native::<unnamed>::vectorized_layer_norm_kernel<float, float, (bool)0>(int, T2, const T1 *, const T1 *, const T1 *, T2 *, T2 *, T1 *)",1,0.003072
9,serial_sparse,revisit,candidate,compute_graph_projection_layer_3_q_128,"void at::native::vectorized_elementwise_kernel<(int)8, at::native::bfloat16_copy_kernel_cuda(at::TensorIteratorBase &)::[lambda(float) (instance 1)], std::array<char *, (unsigned long)2>>(int, T2, T3)",1,0.001184
9,serial_sparse,revisit,candidate,compute_graph_projection_layer_3_q_128,"void flashinfer::BatchQKApplyRotaryPosIdsCosSinCacheHeadParallelismKernel<(bool)0, (unsigned int)128, (unsigned int)8, (unsigned int)16, __nv_bfloat16, long>(T5 *, T5 *, T5 *, T5 *, float *, T6 *, unsigned int, unsigned int, unsigned int, unsigned int, unsigned long, unsigned long, unsigned long, unsigned long, unsigned long, unsigned long, unsigned long, unsigned long)",1,0.002336
9,serial_sparse,revisit,candidate,compute_graph_projection_layer_3_q_128,quantize_kernel,2,0.002944
9,serial_sparse,revisit,candidate,compute_graph_projection_layer_3_q_128,"void at::native::vectorized_elementwise_kernel<(int)4, at::native::AUnaryFunctor<float, float, float, at::native::binary_internal::MulFunctor<float>>, std::array<char *, (unsigned long)2>>(int, T2, T3)",2,0.00208
9,serial_sparse,revisit,candidate,compute_graph_projection_layer_3_q_128,"void at::native::vectorized_elementwise_kernel<(int)4, at::native::BinaryFunctor<float, float, float, at::native::binary_internal::MulFunctor<float>>, std::array<char *, (unsigned long)3>>(int, T2, T3)",1,0.001088
9,serial_sparse,revisit,candidate,compute_graph_projection_layer_3_q_128,"void at::native::<unnamed>::CatArrayBatchedCopy_vectorized<at::native::<unnamed>::OpaqueType<(unsigned int)2>, unsigned int, (int)2, (int)128, (int)1, (int)16, (int)8>(char *, at::native::<unnamed>::CatArrInputTensorMetadata<T1, T2, T4, T5>, at::native::<unnamed>::TensorSizeStride<T2, (unsigned int)4>, int, T2)",1,0.001824
9,serial_sparse,revisit,candidate,compute_graph_finish_layer_3_q_128,kernel_cutlass_kernel_operatorsdeepseek_v32norm_fusedLocalFusedRMSNorm_object_at__tensorptrbf16gmemalign128oi64716871681_tensorptrbf16gmemalign128oi64716871681_tensorptrf32gmemalign16o716_0,1,0.003328
9,serial_sparse,revisit,candidate,compute_graph_finish_layer_3_q_128,"void flashinfer::activation::act_and_mul_kernel<__nv_bfloat16, &silu>(T1 *, const T1 *, int)",1,0.004736
9,serial_sparse,revisit,candidate,compute_graph_projection_layer_4_q_128,kernel_cutlass_kernel_operatorsdeepseek_v32norm_fusedLocalFusedRMSNorm_object_at__tensorptrbf16gmemalign128oi64716871681_tensorptrbf16gmemalign128oi64716871681_tensorptrf32gmemalign16o716_0,1,0.003072
9,serial_sparse,revisit,candidate,compute_graph_projection_layer_4_q_128,"void at::native::elementwise_kernel<(int)128, (int)2, void at::native::gpu_kernel_impl_nocast<at::native::CUDAFunctor_add<long>>(at::TensorIteratorBase &, const T1 &)::[lambda(int) (instance 1)]>(int, T3)",1,0.00192
9,serial_sparse,revisit,candidate,compute_graph_projection_layer_4_q_128,"void at::native::unrolled_elementwise_kernel<at::native::direct_copy_kernel_cuda(at::TensorIteratorBase &)::[lambda() (instance 3)]::operator ()() const::[lambda() (instance 7)]::operator ()() const::[lambda(float) (instance 1)], std::array<char *, (unsigned long)2>, (int)4, TrivialOffsetCalculator<(int)1, unsigned int>, TrivialOffsetCalculator<(int)1, unsigned int>, at::native::memory::LoadWithCast<(int)1>, at::native::memory::StoreWithCast<(int)1>>(int, T1, T2, T4, T5, T6, T7)",3,0.007616
9,serial_sparse,revisit,candidate,compute_graph_projection_layer_4_q_128,kernel_cutlass_kernel_operatorsdeepseek_v32norm_plainLocalPlainRMSNorm_object_at__tensorptrbf16gmemalign128oi64153615361_tensorptrf32gmemalign16o15361_tensorptrbf16gmemalign128oi641536153_0,1,0.002112
9,serial_sparse,revisit,candidate,compute_graph_projection_layer_4_q_128,"void at::native::elementwise_kernel<(int)128, (int)2, void at::native::gpu_kernel_impl_nocast<at::native::BinaryFunctor<float, float, float, at::native::binary_internal::MulFunctor<float>>>(at::TensorIteratorBase &, const T1 &)::[lambda(int) (instance 1)]>(int, T3)",1,0.001504
9,serial_sparse,revisit,candidate,compute_graph_projection_layer_4_q_128,"void <unnamed>::elementwise_kernel_with_index<int, at::native::arange_cuda_out(const c10::Scalar &, const c10::Scalar &, const c10::Scalar &, at::Tensor &)::[lambda() (instance 1)]::operator ()() const::[lambda() (instance 4)]::operator ()() const::[lambda(long) (instance 1)]>(T1, T2, function_traits<T2>::result_type *)",1,0.000832
9,serial_sparse,revisit,candidate,compute_graph_projection_layer_4_q_128,"void at::native::vectorized_elementwise_kernel<(int)4, at::native::cos_kernel_cuda(at::TensorIteratorBase &)::[lambda() (instance 2)]::operator ()() const::[lambda() (instance 2)]::operator ()() const::[lambda(float) (instance 1)], std::array<char *, (unsigned long)2>>(int, T2, T3)",1,0.001632
9,serial_sparse,revisit,candidate,compute_graph_projection_layer_4_q_128,"void at::native::vectorized_elementwise_kernel<(int)4, at::native::sin_kernel_cuda(at::TensorIteratorBase &)::[lambda() (instance 2)]::operator ()() const::[lambda() (instance 2)]::operator ()() const::[lambda(float) (instance 1)], std::array<char *, (unsigned long)2>>(int, T2, T3)",1,0.001632
9,serial_sparse,revisit,candidate,compute_graph_projection_layer_4_q_128,"void at::native::<unnamed>::CatArrayBatchedCopy_vectorized<at::native::<unnamed>::OpaqueType<(unsigned int)4>, unsigned int, (int)2, (int)128, (int)1, (int)16, (int)4>(char *, at::native::<unnamed>::CatArrInputTensorMetadata<T1, T2, T4, T5>, at::native::<unnamed>::TensorSizeStride<T2, (unsigned int)4>, int, T2)",1,0.00128
9,serial_sparse,revisit,candidate,compute_graph_projection_layer_4_q_128,"void at::native::elementwise_kernel<(int)128, (int)4, void at::native::gpu_kernel_impl_nocast<at::native::direct_copy_kernel_cuda(at::TensorIteratorBase &)::[lambda() (instance 3)]::operator ()() const::[lambda() (instance 12)]::operator ()() const::[lambda(c10::BFloat16) (instance 1)]>(at::TensorIteratorBase &, const T1 &)::[lambda(int) (instance 1)]>(int, T3)",1,0.002272
9,serial_sparse,revisit,candidate,compute_graph_projection_layer_4_q_128,kernel_cutlass_kernel_operatorsdeepseek_v32norm_plainLocalPlainRMSNorm_object_at__tensorptrbf16gmemalign128oi645125121_tensorptrf32gmemalign16o5121_tensorptrbf16gmemalign128oi645125121____0,1,0.0016
9,serial_sparse,revisit,candidate,compute_graph_projection_layer_4_q_128,"void flashinfer::BatchQKApplyRotaryPosIdsCosSinCacheHeadParallelismKernel<(bool)1, (unsigned int)64, (unsigned int)8, (unsigned int)8, __nv_bfloat16, long>(T5 *, T5 *, T5 *, T5 *, float *, T6 *, unsigned int, unsigned int, unsigned int, unsigned int, unsigned long, unsigned long, unsigned long, unsigned long, unsigned long, unsigned long, unsigned long, unsigned long)",1,0.003552
9,serial_sparse,revisit,candidate,compute_graph_projection_layer_4_q_128,"void at::native::<unnamed>::vectorized_layer_norm_kernel<float, float, (bool)0>(int, T2, const T1 *, const T1 *, const T1 *, T2 *, T2 *, T1 *)",1,0.002816
9,serial_sparse,revisit,candidate,compute_graph_projection_layer_4_q_128,"void at::native::vectorized_elementwise_kernel<(int)8, at::native::bfloat16_copy_kernel_cuda(at::TensorIteratorBase &)::[lambda(float) (instance 1)], std::array<char *, (unsigned long)2>>(int, T2, T3)",1,0.00112
9,serial_sparse,revisit,candidate,compute_graph_projection_layer_4_q_128,"void flashinfer::BatchQKApplyRotaryPosIdsCosSinCacheHeadParallelismKernel<(bool)0, (unsigned int)128, (unsigned int)8, (unsigned int)16, __nv_bfloat16, long>(T5 *, T5 *, T5 *, T5 *, float *, T6 *, unsigned int, unsigned int, unsigned int, unsigned int, unsigned long, unsigned long, unsigned long, unsigned long, unsigned long, unsigned long, unsigned long, unsigned long)",1,0.002368
9,serial_sparse,revisit,candidate,compute_graph_projection_layer_4_q_128,quantize_kernel,2,0.002977
9,serial_sparse,revisit,candidate,compute_graph_projection_layer_4_q_128,"void at::native::vectorized_elementwise_kernel<(int)4, at::native::AUnaryFunctor<float, float, float, at::native::binary_internal::MulFunctor<float>>, std::array<char *, (unsigned long)2>>(int, T2, T3)",2,0.002016
9,serial_sparse,revisit,candidate,compute_graph_projection_layer_4_q_128,"void at::native::vectorized_elementwise_kernel<(int)4, at::native::BinaryFunctor<float, float, float, at::native::binary_internal::MulFunctor<float>>, std::array<char *, (unsigned long)3>>(int, T2, T3)",1,0.001152
9,serial_sparse,revisit,candidate,compute_graph_projection_layer_4_q_128,"void at::native::<unnamed>::CatArrayBatchedCopy_vectorized<at::native::<unnamed>::OpaqueType<(unsigned int)2>, unsigned int, (int)2, (int)128, (int)1, (int)16, (int)8>(char *, at::native::<unnamed>::CatArrInputTensorMetadata<T1, T2, T4, T5>, at::native::<unnamed>::TensorSizeStride<T2, (unsigned int)4>, int, T2)",1,0.001856
9,serial_sparse,revisit,candidate,compute_graph_finish_layer_4_q_128,kernel_cutlass_kernel_operatorsdeepseek_v32norm_fusedLocalFusedRMSNorm_object_at__tensorptrbf16gmemalign128oi64716871681_tensorptrbf16gmemalign128oi64716871681_tensorptrf32gmemalign16o716_0,1,0.00336
9,serial_sparse,revisit,candidate,compute_graph_finish_layer_4_q_128,"void flashinfer::activation::act_and_mul_kernel<__nv_bfloat16, &silu>(T1 *, const T1 *, int)",1,0.004832
9,serial_sparse,revisit,candidate,compute_graph_projection_layer_5_q_128,kernel_cutlass_kernel_operatorsdeepseek_v32norm_fusedLocalFusedRMSNorm_object_at__tensorptrbf16gmemalign128oi64716871681_tensorptrbf16gmemalign128oi64716871681_tensorptrf32gmemalign16o716_0,1,0.003136
9,serial_sparse,revisit,candidate,compute_graph_projection_layer_5_q_128,"void at::native::elementwise_kernel<(int)128, (int)2, void at::native::gpu_kernel_impl_nocast<at::native::CUDAFunctor_add<long>>(at::TensorIteratorBase &, const T1 &)::[lambda(int) (instance 1)]>(int, T3)",1,0.001536
9,serial_sparse,revisit,candidate,compute_graph_projection_layer_5_q_128,"void at::native::unrolled_elementwise_kernel<at::native::direct_copy_kernel_cuda(at::TensorIteratorBase &)::[lambda() (instance 3)]::operator ()() const::[lambda() (instance 7)]::operator ()() const::[lambda(float) (instance 1)], std::array<char *, (unsigned long)2>, (int)4, TrivialOffsetCalculator<(int)1, unsigned int>, TrivialOffsetCalculator<(int)1, unsigned int>, at::native::memory::LoadWithCast<(int)1>, at::native::memory::StoreWithCast<(int)1>>(int, T1, T2, T4, T5, T6, T7)",3,0.007936
9,serial_sparse,revisit,candidate,compute_graph_projection_layer_5_q_128,kernel_cutlass_kernel_operatorsdeepseek_v32norm_plainLocalPlainRMSNorm_object_at__tensorptrbf16gmemalign128oi64153615361_tensorptrf32gmemalign16o15361_tensorptrbf16gmemalign128oi641536153_0,1,0.002272
9,serial_sparse,revisit,candidate,compute_graph_projection_layer_5_q_128,"void at::native::elementwise_kernel<(int)128, (int)2, void at::native::gpu_kernel_impl_nocast<at::native::BinaryFunctor<float, float, float, at::native::binary_internal::MulFunctor<float>>>(at::TensorIteratorBase &, const T1 &)::[lambda(int) (instance 1)]>(int, T3)",1,0.00144
9,serial_sparse,revisit,candidate,compute_graph_projection_layer_5_q_128,"void <unnamed>::elementwise_kernel_with_index<int, at::native::arange_cuda_out(const c10::Scalar &, const c10::Scalar &, const c10::Scalar &, at::Tensor &)::[lambda() (instance 1)]::operator ()() const::[lambda() (instance 4)]::operator ()() const::[lambda(long) (instance 1)]>(T1, T2, function_traits<T2>::result_type *)",1,0.000704
9,serial_sparse,revisit,candidate,compute_graph_projection_layer_5_q_128,"void at::native::vectorized_elementwise_kernel<(int)4, at::native::cos_kernel_cuda(at::TensorIteratorBase &)::[lambda() (instance 2)]::operator ()() const::[lambda() (instance 2)]::operator ()() const::[lambda(float) (instance 1)], std::array<char *, (unsigned long)2>>(int, T2, T3)",1,0.0016
9,serial_sparse,revisit,candidate,compute_graph_projection_layer_5_q_128,"void at::native::vectorized_elementwise_kernel<(int)4, at::native::sin_kernel_cuda(at::TensorIteratorBase &)::[lambda() (instance 2)]::operator ()() const::[lambda() (instance 2)]::operator ()() const::[lambda(float) (instance 1)], std::array<char *, (unsigned long)2>>(int, T2, T3)",1,0.0016
9,serial_sparse,revisit,candidate,compute_graph_projection_layer_5_q_128,"void at::native::<unnamed>::CatArrayBatchedCopy_vectorized<at::native::<unnamed>::OpaqueType<(unsigned int)4>, unsigned int, (int)2, (int)128, (int)1, (int)16, (int)4>(char *, at::native::<unnamed>::CatArrInputTensorMetadata<T1, T2, T4, T5>, at::native::<unnamed>::TensorSizeStride<T2, (unsigned int)4>, int, T2)",1,0.001216
9,serial_sparse,revisit,candidate,compute_graph_projection_layer_5_q_128,"void at::native::elementwise_kernel<(int)128, (int)4, void at::native::gpu_kernel_impl_nocast<at::native::direct_copy_kernel_cuda(at::TensorIteratorBase &)::[lambda() (instance 3)]::operator ()() const::[lambda() (instance 12)]::operator ()() const::[lambda(c10::BFloat16) (instance 1)]>(at::TensorIteratorBase &, const T1 &)::[lambda(int) (instance 1)]>(int, T3)",1,0.002304
9,serial_sparse,revisit,candidate,compute_graph_projection_layer_5_q_128,kernel_cutlass_kernel_operatorsdeepseek_v32norm_plainLocalPlainRMSNorm_object_at__tensorptrbf16gmemalign128oi645125121_tensorptrf32gmemalign16o5121_tensorptrbf16gmemalign128oi645125121____0,1,0.002176
9,serial_sparse,revisit,candidate,compute_graph_projection_layer_5_q_128,"void flashinfer::BatchQKApplyRotaryPosIdsCosSinCacheHeadParallelismKernel<(bool)1, (unsigned int)64, (unsigned int)8, (unsigned int)8, __nv_bfloat16, long>(T5 *, T5 *, T5 *, T5 *, float *, T6 *, unsigned int, unsigned int, unsigned int, unsigned int, unsigned long, unsigned long, unsigned long, unsigned long, unsigned long, unsigned long, unsigned long, unsigned long)",1,0.002688
9,serial_sparse,revisit,candidate,compute_graph_projection_layer_5_q_128,"void at::native::<unnamed>::vectorized_layer_norm_kernel<float, float, (bool)0>(int, T2, const T1 *, const T1 *, const T1 *, T2 *, T2 *, T1 *)",1,0.00288
9,serial_sparse,revisit,candidate,compute_graph_projection_layer_5_q_128,"void at::native::vectorized_elementwise_kernel<(int)8, at::native::bfloat16_copy_kernel_cuda(at::TensorIteratorBase &)::[lambda(float) (instance 1)], std::array<char *, (unsigned long)2>>(int, T2, T3)",1,0.001184
9,serial_sparse,revisit,candidate,compute_graph_projection_layer_5_q_128,"void flashinfer::BatchQKApplyRotaryPosIdsCosSinCacheHeadParallelismKernel<(bool)0, (unsigned int)128, (unsigned int)8, (unsigned int)16, __nv_bfloat16, long>(T5 *, T5 *, T5 *, T5 *, float *, T6 *, unsigned int, unsigned int, unsigned int, unsigned int, unsigned long, unsigned long, unsigned long, unsigned long, unsigned long, unsigned long, unsigned long, unsigned long)",1,0.002336
9,serial_sparse,revisit,candidate,compute_graph_projection_layer_5_q_128,quantize_kernel,2,0.002976
9,serial_sparse,revisit,candidate,compute_graph_projection_layer_5_q_128,"void at::native::vectorized_elementwise_kernel<(int)4, at::native::AUnaryFunctor<float, float, float, at::native::binary_internal::MulFunctor<float>>, std::array<char *, (unsigned long)2>>(int, T2, T3)",2,0.002048
9,serial_sparse,revisit,candidate,compute_graph_projection_layer_5_q_128,"void at::native::vectorized_elementwise_kernel<(int)4, at::native::BinaryFunctor<float, float, float, at::native::binary_internal::MulFunctor<float>>, std::array<char *, (unsigned long)3>>(int, T2, T3)",1,0.00112
9,serial_sparse,revisit,candidate,compute_graph_projection_layer_5_q_128,"void at::native::<unnamed>::CatArrayBatchedCopy_vectorized<at::native::<unnamed>::OpaqueType<(unsigned int)2>, unsigned int, (int)2, (int)128, (int)1, (int)16, (int)8>(char *, at::native::<unnamed>::CatArrInputTensorMetadata<T1, T2, T4, T5>, at::native::<unnamed>::TensorSizeStride<T2, (unsigned int)4>, int, T2)",1,0.001952
9,serial_sparse,revisit,candidate,compute_graph_finish_layer_5_q_128,kernel_cutlass_kernel_operatorsdeepseek_v32norm_fusedLocalFusedRMSNorm_object_at__tensorptrbf16gmemalign128oi64716871681_tensorptrbf16gmemalign128oi64716871681_tensorptrf32gmemalign16o716_0,1,0.0032
9,serial_sparse,revisit,candidate,compute_graph_finish_layer_5_q_128,"void flashinfer::activation::act_and_mul_kernel<__nv_bfloat16, &silu>(T1 *, const T1 *, int)",1,0.004992
9,serial_sparse,revisit,candidate,compute_graph_projection_layer_6_q_128,kernel_cutlass_kernel_operatorsdeepseek_v32norm_plainLocalPlainRMSNorm_object_at__tensorptrbf16gmemalign128oi64716871681_tensorptrf32gmemalign16o71681_tensorptrbf16gmemalign128oi647168716_0,1,0.00272
9,serial_sparse,revisit,candidate,compute_graph_projection_layer_6_q_128,"void at::native::elementwise_kernel<(int)128, (int)2, void at::native::gpu_kernel_impl_nocast<at::native::CUDAFunctor_add<long>>(at::TensorIteratorBase &, const T1 &)::[lambda(int) (instance 1)]>(int, T3)",1,0.0016
9,serial_sparse,revisit,candidate,compute_graph_projection_layer_6_q_128,"void at::native::unrolled_elementwise_kernel<at::native::direct_copy_kernel_cuda(at::TensorIteratorBase &)::[lambda() (instance 3)]::operator ()() const::[lambda() (instance 7)]::operator ()() const::[lambda(float) (instance 1)], std::array<char *, (unsigned long)2>, (int)4, TrivialOffsetCalculator<(int)1, unsigned int>, TrivialOffsetCalculator<(int)1, unsigned int>, at::native::memory::LoadWithCast<(int)1>, at::native::memory::StoreWithCast<(int)1>>(int, T1, T2, T4, T5, T6, T7)",3,0.00768
9,serial_sparse,revisit,candidate,compute_graph_projection_layer_6_q_128,kernel_cutlass_kernel_operatorsdeepseek_v32norm_plainLocalPlainRMSNorm_object_at__tensorptrbf16gmemalign128oi64153615361_tensorptrf32gmemalign16o15361_tensorptrbf16gmemalign128oi641536153_0,1,0.002016
9,serial_sparse,revisit,candidate,compute_graph_projection_layer_6_q_128,"void at::native::elementwise_kernel<(int)128, (int)2, void at::native::gpu_kernel_impl_nocast<at::native::BinaryFunctor<float, float, float, at::native::binary_internal::MulFunctor<float>>>(at::TensorIteratorBase &, const T1 &)::[lambda(int) (instance 1)]>(int, T3)",1,0.001408
9,serial_sparse,revisit,candidate,compute_graph_projection_layer_6_q_128,"void <unnamed>::elementwise_kernel_with_index<int, at::native::arange_cuda_out(const c10::Scalar &, const c10::Scalar &, const c10::Scalar &, at::Tensor &)::[lambda() (instance 1)]::operator ()() const::[lambda() (instance 4)]::operator ()() const::[lambda(long) (instance 1)]>(T1, T2, function_traits<T2>::result_type *)",1,0.0008
9,serial_sparse,revisit,candidate,compute_graph_projection_layer_6_q_128,"void at::native::vectorized_elementwise_kernel<(int)4, at::native::cos_kernel_cuda(at::TensorIteratorBase &)::[lambda() (instance 2)]::operator ()() const::[lambda() (instance 2)]::operator ()() const::[lambda(float) (instance 1)], std::array<char *, (unsigned long)2>>(int, T2, T3)",1,0.0016
9,serial_sparse,revisit,candidate,compute_graph_projection_layer_6_q_128,"void at::native::vectorized_elementwise_kernel<(int)4, at::native::sin_kernel_cuda(at::TensorIteratorBase &)::[lambda() (instance 2)]::operator ()() const::[lambda() (instance 2)]::operator ()() const::[lambda(float) (instance 1)], std::array<char *, (unsigned long)2>>(int, T2, T3)",1,0.0016
9,serial_sparse,revisit,candidate,compute_graph_projection_layer_6_q_128,"void at::native::<unnamed>::CatArrayBatchedCopy_vectorized<at::native::<unnamed>::OpaqueType<(unsigned int)4>, unsigned int, (int)2, (int)128, (int)1, (int)16, (int)4>(char *, at::native::<unnamed>::CatArrInputTensorMetadata<T1, T2, T4, T5>, at::native::<unnamed>::TensorSizeStride<T2, (unsigned int)4>, int, T2)",1,0.001248
9,serial_sparse,revisit,candidate,compute_graph_projection_layer_6_q_128,"void at::native::elementwise_kernel<(int)128, (int)4, void at::native::gpu_kernel_impl_nocast<at::native::direct_copy_kernel_cuda(at::TensorIteratorBase &)::[lambda() (instance 3)]::operator ()() const::[lambda() (instance 12)]::operator ()() const::[lambda(c10::BFloat16) (instance 1)]>(at::TensorIteratorBase &, const T1 &)::[lambda(int) (instance 1)]>(int, T3)",1,0.002336
9,serial_sparse,revisit,candidate,compute_graph_projection_layer_6_q_128,kernel_cutlass_kernel_operatorsdeepseek_v32norm_plainLocalPlainRMSNorm_object_at__tensorptrbf16gmemalign128oi645125121_tensorptrf32gmemalign16o5121_tensorptrbf16gmemalign128oi645125121____0,1,0.001376
9,serial_sparse,revisit,candidate,compute_graph_projection_layer_6_q_128,"void flashinfer::BatchQKApplyRotaryPosIdsCosSinCacheHeadParallelismKernel<(bool)1, (unsigned int)64, (unsigned int)8, (unsigned int)8, __nv_bfloat16, long>(T5 *, T5 *, T5 *, T5 *, float *, T6 *, unsigned int, unsigned int, unsigned int, unsigned int, unsigned long, unsigned long, unsigned long, unsigned long, unsigned long, unsigned long, unsigned long, unsigned long)",1,0.002688
9,serial_sparse,revisit,candidate,compute_graph_projection_layer_6_q_128,"void at::native::<unnamed>::vectorized_layer_norm_kernel<float, float, (bool)0>(int, T2, const T1 *, const T1 *, const T1 *, T2 *, T2 *, T1 *)",1,0.003104
9,serial_sparse,revisit,candidate,compute_graph_projection_layer_6_q_128,"void at::native::vectorized_elementwise_kernel<(int)8, at::native::bfloat16_copy_kernel_cuda(at::TensorIteratorBase &)::[lambda(float) (instance 1)], std::array<char *, (unsigned long)2>>(int, T2, T3)",1,0.001184
9,serial_sparse,revisit,candidate,compute_graph_projection_layer_6_q_128,"void flashinfer::BatchQKApplyRotaryPosIdsCosSinCacheHeadParallelismKernel<(bool)0, (unsigned int)128, (unsigned int)8, (unsigned int)16, __nv_bfloat16, long>(T5 *, T5 *, T5 *, T5 *, float *, T6 *, unsigned int, unsigned int, unsigned int, unsigned int, unsigned long, unsigned long, unsigned long, unsigned long, unsigned long, unsigned long, unsigned long, unsigned long)",1,0.002336
9,serial_sparse,revisit,candidate,compute_graph_projection_layer_6_q_128,quantize_kernel,2,0.002944
9,serial_sparse,revisit,candidate,compute_graph_projection_layer_6_q_128,"void at::native::vectorized_elementwise_kernel<(int)4, at::native::AUnaryFunctor<float, float, float, at::native::binary_internal::MulFunctor<float>>, std::array<char *, (unsigned long)2>>(int, T2, T3)",2,0.002112
9,serial_sparse,revisit,candidate,compute_graph_projection_layer_6_q_128,"void at::native::vectorized_elementwise_kernel<(int)4, at::native::BinaryFunctor<float, float, float, at::native::binary_internal::MulFunctor<float>>, std::array<char *, (unsigned long)3>>(int, T2, T3)",1,0.001152
9,serial_sparse,revisit,candidate,compute_graph_projection_layer_6_q_128,"void at::native::<unnamed>::CatArrayBatchedCopy_vectorized<at::native::<unnamed>::OpaqueType<(unsigned int)2>, unsigned int, (int)2, (int)128, (int)1, (int)16, (int)8>(char *, at::native::<unnamed>::CatArrInputTensorMetadata<T1, T2, T4, T5>, at::native::<unnamed>::TensorSizeStride<T2, (unsigned int)4>, int, T2)",1,0.001792
9,serial_sparse,revisit,candidate,compute_graph_finish_layer_6_q_128,kernel_cutlass_kernel_operatorsdeepseek_v32norm_fusedLocalFusedRMSNorm_object_at__tensorptrbf16gmemalign128oi64716871681_tensorptrbf16gmemalign128oi64716871681_tensorptrf32gmemalign16o716_0,1,0.003264
9,serial_sparse,revisit,candidate,compute_graph_finish_layer_6_q_128,"void flashinfer::activation::act_and_mul_kernel<__nv_bfloat16, &silu>(T1 *, const T1 *, int)",1,0.004992
9,serial_sparse,revisit,candidate,compute_graph_projection_layer_7_q_128,kernel_cutlass_kernel_operatorsdeepseek_v32norm_fusedLocalFusedRMSNorm_object_at__tensorptrbf16gmemalign128oi64716871681_tensorptrbf16gmemalign128oi64716871681_tensorptrf32gmemalign16o716_0,1,0.003328
9,serial_sparse,revisit,candidate,compute_graph_projection_layer_7_q_128,"void at::native::elementwise_kernel<(int)128, (int)2, void at::native::gpu_kernel_impl_nocast<at::native::CUDAFunctor_add<long>>(at::TensorIteratorBase &, const T1 &)::[lambda(int) (instance 1)]>(int, T3)",1,0.00176
9,serial_sparse,revisit,candidate,compute_graph_projection_layer_7_q_128,"void at::native::unrolled_elementwise_kernel<at::native::direct_copy_kernel_cuda(at::TensorIteratorBase &)::[lambda() (instance 3)]::operator ()() const::[lambda() (instance 7)]::operator ()() const::[lambda(float) (instance 1)], std::array<char *, (unsigned long)2>, (int)4, TrivialOffsetCalculator<(int)1, unsigned int>, TrivialOffsetCalculator<(int)1, unsigned int>, at::native::memory::LoadWithCast<(int)1>, at::native::memory::StoreWithCast<(int)1>>(int, T1, T2, T4, T5, T6, T7)",3,0.008224
9,serial_sparse,revisit,candidate,compute_graph_projection_layer_7_q_128,kernel_cutlass_kernel_operatorsdeepseek_v32norm_plainLocalPlainRMSNorm_object_at__tensorptrbf16gmemalign128oi64153615361_tensorptrf32gmemalign16o15361_tensorptrbf16gmemalign128oi641536153_0,1,0.00208
9,serial_sparse,revisit,candidate,compute_graph_projection_layer_7_q_128,"void at::native::elementwise_kernel<(int)128, (int)2, void at::native::gpu_kernel_impl_nocast<at::native::BinaryFunctor<float, float, float, at::native::binary_internal::MulFunctor<float>>>(at::TensorIteratorBase &, const T1 &)::[lambda(int) (instance 1)]>(int, T3)",1,0.001472
9,serial_sparse,revisit,candidate,compute_graph_projection_layer_7_q_128,"void <unnamed>::elementwise_kernel_with_index<int, at::native::arange_cuda_out(const c10::Scalar &, const c10::Scalar &, const c10::Scalar &, at::Tensor &)::[lambda() (instance 1)]::operator ()() const::[lambda() (instance 4)]::operator ()() const::[lambda(long) (instance 1)]>(T1, T2, function_traits<T2>::result_type *)",1,0.000832
9,serial_sparse,revisit,candidate,compute_graph_projection_layer_7_q_128,"void at::native::vectorized_elementwise_kernel<(int)4, at::native::cos_kernel_cuda(at::TensorIteratorBase &)::[lambda() (instance 2)]::operator ()() const::[lambda() (instance 2)]::operator ()() const::[lambda(float) (instance 1)], std::array<char *, (unsigned long)2>>(int, T2, T3)",1,0.001632
9,serial_sparse,revisit,candidate,compute_graph_projection_layer_7_q_128,"void at::native::vectorized_elementwise_kernel<(int)4, at::native::sin_kernel_cuda(at::TensorIteratorBase &)::[lambda() (instance 2)]::operator ()() const::[lambda() (instance 2)]::operator ()() const::[lambda(float) (instance 1)], std::array<char *, (unsigned long)2>>(int, T2, T3)",1,0.001632
9,serial_sparse,revisit,candidate,compute_graph_projection_layer_7_q_128,"void at::native::<unnamed>::CatArrayBatchedCopy_vectorized<at::native::<unnamed>::OpaqueType<(unsigned int)4>, unsigned int, (int)2, (int)128, (int)1, (int)16, (int)4>(char *, at::native::<unnamed>::CatArrInputTensorMetadata<T1, T2, T4, T5>, at::native::<unnamed>::TensorSizeStride<T2, (unsigned int)4>, int, T2)",1,0.00128
9,serial_sparse,revisit,candidate,compute_graph_projection_layer_7_q_128,"void at::native::elementwise_kernel<(int)128, (int)4, void at::native::gpu_kernel_impl_nocast<at::native::direct_copy_kernel_cuda(at::TensorIteratorBase &)::[lambda() (instance 3)]::operator ()() const::[lambda() (instance 12)]::operator ()() const::[lambda(c10::BFloat16) (instance 1)]>(at::TensorIteratorBase &, const T1 &)::[lambda(int) (instance 1)]>(int, T3)",1,0.002208
9,serial_sparse,revisit,candidate,compute_graph_projection_layer_7_q_128,kernel_cutlass_kernel_operatorsdeepseek_v32norm_plainLocalPlainRMSNorm_object_at__tensorptrbf16gmemalign128oi645125121_tensorptrf32gmemalign16o5121_tensorptrbf16gmemalign128oi645125121____0,1,0.001376
9,serial_sparse,revisit,candidate,compute_graph_projection_layer_7_q_128,"void flashinfer::BatchQKApplyRotaryPosIdsCosSinCacheHeadParallelismKernel<(bool)1, (unsigned int)64, (unsigned int)8, (unsigned int)8, __nv_bfloat16, long>(T5 *, T5 *, T5 *, T5 *, float *, T6 *, unsigned int, unsigned int, unsigned int, unsigned int, unsigned long, unsigned long, unsigned long, unsigned long, unsigned long, unsigned long, unsigned long, unsigned long)",1,0.002656
9,serial_sparse,revisit,candidate,compute_graph_projection_layer_7_q_128,"void at::native::<unnamed>::vectorized_layer_norm_kernel<float, float, (bool)0>(int, T2, const T1 *, const T1 *, const T1 *, T2 *, T2 *, T1 *)",1,0.002848
9,serial_sparse,revisit,candidate,compute_graph_projection_layer_7_q_128,"void at::native::vectorized_elementwise_kernel<(int)8, at::native::bfloat16_copy_kernel_cuda(at::TensorIteratorBase &)::[lambda(float) (instance 1)], std::array<char *, (unsigned long)2>>(int, T2, T3)",1,0.00112
9,serial_sparse,revisit,candidate,compute_graph_projection_layer_7_q_128,"void flashinfer::BatchQKApplyRotaryPosIdsCosSinCacheHeadParallelismKernel<(bool)0, (unsigned int)128, (unsigned int)8, (unsigned int)16, __nv_bfloat16, long>(T5 *, T5 *, T5 *, T5 *, float *, T6 *, unsigned int, unsigned int, unsigned int, unsigned int, unsigned long, unsigned long, unsigned long, unsigned long, unsigned long, unsigned long, unsigned long, unsigned long)",1,0.002272
9,serial_sparse,revisit,candidate,compute_graph_projection_layer_7_q_128,quantize_kernel,2,0.002816
9,serial_sparse,revisit,candidate,compute_graph_projection_layer_7_q_128,"void at::native::vectorized_elementwise_kernel<(int)4, at::native::AUnaryFunctor<float, float, float, at::native::binary_internal::MulFunctor<float>>, std::array<char *, (unsigned long)2>>(int, T2, T3)",2,0.002144
9,serial_sparse,revisit,candidate,compute_graph_projection_layer_7_q_128,"void at::native::vectorized_elementwise_kernel<(int)4, at::native::BinaryFunctor<float, float, float, at::native::binary_internal::MulFunctor<float>>, std::array<char *, (unsigned long)3>>(int, T2, T3)",1,0.001152
9,serial_sparse,revisit,candidate,compute_graph_projection_layer_7_q_128,"void at::native::<unnamed>::CatArrayBatchedCopy_vectorized<at::native::<unnamed>::OpaqueType<(unsigned int)2>, unsigned int, (int)2, (int)128, (int)1, (int)16, (int)8>(char *, at::native::<unnamed>::CatArrInputTensorMetadata<T1, T2, T4, T5>, at::native::<unnamed>::TensorSizeStride<T2, (unsigned int)4>, int, T2)",1,0.001952
9,serial_sparse,revisit,candidate,compute_graph_finish_layer_7_q_128,kernel_cutlass_kernel_operatorsdeepseek_v32norm_fusedLocalFusedRMSNorm_object_at__tensorptrbf16gmemalign128oi64716871681_tensorptrbf16gmemalign128oi64716871681_tensorptrf32gmemalign16o716_0,1,0.003264
9,serial_sparse,revisit,candidate,compute_graph_finish_layer_7_q_128,"void flashinfer::activation::act_and_mul_kernel<__nv_bfloat16, &silu>(T1 *, const T1 *, int)",1,0.004896
9,serial_sparse,revisit,candidate,compute_graph_projection_layer_8_q_128,kernel_cutlass_kernel_operatorsdeepseek_v32norm_fusedLocalFusedRMSNorm_object_at__tensorptrbf16gmemalign128oi64716871681_tensorptrbf16gmemalign128oi64716871681_tensorptrf32gmemalign16o716_0,1,0.003168
9,serial_sparse,revisit,candidate,compute_graph_projection_layer_8_q_128,"void at::native::elementwise_kernel<(int)128, (int)2, void at::native::gpu_kernel_impl_nocast<at::native::CUDAFunctor_add<long>>(at::TensorIteratorBase &, const T1 &)::[lambda(int) (instance 1)]>(int, T3)",1,0.001824
9,serial_sparse,revisit,candidate,compute_graph_projection_layer_8_q_128,"void at::native::unrolled_elementwise_kernel<at::native::direct_copy_kernel_cuda(at::TensorIteratorBase &)::[lambda() (instance 3)]::operator ()() const::[lambda() (instance 7)]::operator ()() const::[lambda(float) (instance 1)], std::array<char *, (unsigned long)2>, (int)4, TrivialOffsetCalculator<(int)1, unsigned int>, TrivialOffsetCalculator<(int)1, unsigned int>, at::native::memory::LoadWithCast<(int)1>, at::native::memory::StoreWithCast<(int)1>>(int, T1, T2, T4, T5, T6, T7)",3,0.007648
9,serial_sparse,revisit,candidate,compute_graph_projection_layer_8_q_128,kernel_cutlass_kernel_operatorsdeepseek_v32norm_plainLocalPlainRMSNorm_object_at__tensorptrbf16gmemalign128oi64153615361_tensorptrf32gmemalign16o15361_tensorptrbf16gmemalign128oi641536153_0,1,0.002112
9,serial_sparse,revisit,candidate,compute_graph_projection_layer_8_q_128,"void at::native::elementwise_kernel<(int)128, (int)2, void at::native::gpu_kernel_impl_nocast<at::native::BinaryFunctor<float, float, float, at::native::binary_internal::MulFunctor<float>>>(at::TensorIteratorBase &, const T1 &)::[lambda(int) (instance 1)]>(int, T3)",1,0.001696
9,serial_sparse,revisit,candidate,compute_graph_projection_layer_8_q_128,"void <unnamed>::elementwise_kernel_with_index<int, at::native::arange_cuda_out(const c10::Scalar &, const c10::Scalar &, const c10::Scalar &, at::Tensor &)::[lambda() (instance 1)]::operator ()() const::[lambda() (instance 4)]::operator ()() const::[lambda(long) (instance 1)]>(T1, T2, function_traits<T2>::result_type *)",1,0.000704
9,serial_sparse,revisit,candidate,compute_graph_projection_layer_8_q_128,"void at::native::vectorized_elementwise_kernel<(int)4, at::native::cos_kernel_cuda(at::TensorIteratorBase &)::[lambda() (instance 2)]::operator ()() const::[lambda() (instance 2)]::operator ()() const::[lambda(float) (instance 1)], std::array<char *, (unsigned long)2>>(int, T2, T3)",1,0.001569
9,serial_sparse,revisit,candidate,compute_graph_projection_layer_8_q_128,"void at::native::vectorized_elementwise_kernel<(int)4, at::native::sin_kernel_cuda(at::TensorIteratorBase &)::[lambda() (instance 2)]::operator ()() const::[lambda() (instance 2)]::operator ()() const::[lambda(float) (instance 1)], std::array<char *, (unsigned long)2>>(int, T2, T3)",1,0.001632
9,serial_sparse,revisit,candidate,compute_graph_projection_layer_8_q_128,"void at::native::<unnamed>::CatArrayBatchedCopy_vectorized<at::native::<unnamed>::OpaqueType<(unsigned int)4>, unsigned int, (int)2, (int)128, (int)1, (int)16, (int)4>(char *, at::native::<unnamed>::CatArrInputTensorMetadata<T1, T2, T4, T5>, at::native::<unnamed>::TensorSizeStride<T2, (unsigned int)4>, int, T2)",1,0.001184
9,serial_sparse,revisit,candidate,compute_graph_projection_layer_8_q_128,"void at::native::elementwise_kernel<(int)128, (int)4, void at::native::gpu_kernel_impl_nocast<at::native::direct_copy_kernel_cuda(at::TensorIteratorBase &)::[lambda() (instance 3)]::operator ()() const::[lambda() (instance 12)]::operator ()() const::[lambda(c10::BFloat16) (instance 1)]>(at::TensorIteratorBase &, const T1 &)::[lambda(int) (instance 1)]>(int, T3)",1,0.002272
9,serial_sparse,revisit,candidate,compute_graph_projection_layer_8_q_128,kernel_cutlass_kernel_operatorsdeepseek_v32norm_plainLocalPlainRMSNorm_object_at__tensorptrbf16gmemalign128oi645125121_tensorptrf32gmemalign16o5121_tensorptrbf16gmemalign128oi645125121____0,1,0.001536
9,serial_sparse,revisit,candidate,compute_graph_projection_layer_8_q_128,"void flashinfer::BatchQKApplyRotaryPosIdsCosSinCacheHeadParallelismKernel<(bool)1, (unsigned int)64, (unsigned int)8, (unsigned int)8, __nv_bfloat16, long>(T5 *, T5 *, T5 *, T5 *, float *, T6 *, unsigned int, unsigned int, unsigned int, unsigned int, unsigned long, unsigned long, unsigned long, unsigned long, unsigned long, unsigned long, unsigned long, unsigned long)",1,0.002752
9,serial_sparse,revisit,candidate,compute_graph_projection_layer_8_q_128,"void at::native::<unnamed>::vectorized_layer_norm_kernel<float, float, (bool)0>(int, T2, const T1 *, const T1 *, const T1 *, T2 *, T2 *, T1 *)",1,0.002784
9,serial_sparse,revisit,candidate,compute_graph_projection_layer_8_q_128,"void at::native::vectorized_elementwise_kernel<(int)8, at::native::bfloat16_copy_kernel_cuda(at::TensorIteratorBase &)::[lambda(float) (instance 1)], std::array<char *, (unsigned long)2>>(int, T2, T3)",1,0.00112
9,serial_sparse,revisit,candidate,compute_graph_projection_layer_8_q_128,"void flashinfer::BatchQKApplyRotaryPosIdsCosSinCacheHeadParallelismKernel<(bool)0, (unsigned int)128, (unsigned int)8, (unsigned int)16, __nv_bfloat16, long>(T5 *, T5 *, T5 *, T5 *, float *, T6 *, unsigned int, unsigned int, unsigned int, unsigned int, unsigned long, unsigned long, unsigned long, unsigned long, unsigned long, unsigned long, unsigned long, unsigned long)",1,0.002304
9,serial_sparse,revisit,candidate,compute_graph_projection_layer_8_q_128,quantize_kernel,2,0.00288
9,serial_sparse,revisit,candidate,compute_graph_projection_layer_8_q_128,"void at::native::vectorized_elementwise_kernel<(int)4, at::native::AUnaryFunctor<float, float, float, at::native::binary_internal::MulFunctor<float>>, std::array<char *, (unsigned long)2>>(int, T2, T3)",2,0.002144
9,serial_sparse,revisit,candidate,compute_graph_projection_layer_8_q_128,"void at::native::vectorized_elementwise_kernel<(int)4, at::native::BinaryFunctor<float, float, float, at::native::binary_internal::MulFunctor<float>>, std::array<char *, (unsigned long)3>>(int, T2, T3)",1,0.001184
9,serial_sparse,revisit,candidate,compute_graph_projection_layer_8_q_128,"void at::native::<unnamed>::CatArrayBatchedCopy_vectorized<at::native::<unnamed>::OpaqueType<(unsigned int)2>, unsigned int, (int)2, (int)128, (int)1, (int)16, (int)8>(char *, at::native::<unnamed>::CatArrInputTensorMetadata<T1, T2, T4, T5>, at::native::<unnamed>::TensorSizeStride<T2, (unsigned int)4>, int, T2)",1,0.001984
9,serial_sparse,revisit,candidate,compute_graph_finish_layer_8_q_128,kernel_cutlass_kernel_operatorsdeepseek_v32norm_fusedLocalFusedRMSNorm_object_at__tensorptrbf16gmemalign128oi64716871681_tensorptrbf16gmemalign128oi64716871681_tensorptrf32gmemalign16o716_0,1,0.003264
9,serial_sparse,revisit,candidate,compute_graph_finish_layer_8_q_128,"void flashinfer::activation::act_and_mul_kernel<__nv_bfloat16, &silu>(T1 *, const T1 *, int)",1,0.004864
9,serial_sparse,revisit,candidate,compute_graph_projection_layer_9_q_128,kernel_cutlass_kernel_operatorsdeepseek_v32norm_plainLocalPlainRMSNorm_object_at__tensorptrbf16gmemalign128oi64716871681_tensorptrf32gmemalign16o71681_tensorptrbf16gmemalign128oi647168716_0,1,0.002912
9,serial_sparse,revisit,candidate,compute_graph_projection_layer_9_q_128,"void at::native::elementwise_kernel<(int)128, (int)2, void at::native::gpu_kernel_impl_nocast<at::native::CUDAFunctor_add<long>>(at::TensorIteratorBase &, const T1 &)::[lambda(int) (instance 1)]>(int, T3)",1,0.00192
9,serial_sparse,revisit,candidate,compute_graph_projection_layer_9_q_128,"void at::native::unrolled_elementwise_kernel<at::native::direct_copy_kernel_cuda(at::TensorIteratorBase &)::[lambda() (instance 3)]::operator ()() const::[lambda() (instance 7)]::operator ()() const::[lambda(float) (instance 1)], std::array<char *, (unsigned long)2>, (int)4, TrivialOffsetCalculator<(int)1, unsigned int>, TrivialOffsetCalculator<(int)1, unsigned int>, at::native::memory::LoadWithCast<(int)1>, at::native::memory::StoreWithCast<(int)1>>(int, T1, T2, T4, T5, T6, T7)",3,0.007712
9,serial_sparse,revisit,candidate,compute_graph_projection_layer_9_q_128,kernel_cutlass_kernel_operatorsdeepseek_v32norm_plainLocalPlainRMSNorm_object_at__tensorptrbf16gmemalign128oi64153615361_tensorptrf32gmemalign16o15361_tensorptrbf16gmemalign128oi641536153_0,1,0.002272
9,serial_sparse,revisit,candidate,compute_graph_projection_layer_9_q_128,"void at::native::elementwise_kernel<(int)128, (int)2, void at::native::gpu_kernel_impl_nocast<at::native::BinaryFunctor<float, float, float, at::native::binary_internal::MulFunctor<float>>>(at::TensorIteratorBase &, const T1 &)::[lambda(int) (instance 1)]>(int, T3)",1,0.001408
9,serial_sparse,revisit,candidate,compute_graph_projection_layer_9_q_128,"void <unnamed>::elementwise_kernel_with_index<int, at::native::arange_cuda_out(const c10::Scalar &, const c10::Scalar &, const c10::Scalar &, at::Tensor &)::[lambda() (instance 1)]::operator ()() const::[lambda() (instance 4)]::operator ()() const::[lambda(long) (instance 1)]>(T1, T2, function_traits<T2>::result_type *)",1,0.0008
9,serial_sparse,revisit,candidate,compute_graph_projection_layer_9_q_128,"void at::native::vectorized_elementwise_kernel<(int)4, at::native::cos_kernel_cuda(at::TensorIteratorBase &)::[lambda() (instance 2)]::operator ()() const::[lambda() (instance 2)]::operator ()() const::[lambda(float) (instance 1)], std::array<char *, (unsigned long)2>>(int, T2, T3)",1,0.0016
9,serial_sparse,revisit,candidate,compute_graph_projection_layer_9_q_128,"void at::native::vectorized_elementwise_kernel<(int)4, at::native::sin_kernel_cuda(at::TensorIteratorBase &)::[lambda() (instance 2)]::operator ()() const::[lambda() (instance 2)]::operator ()() const::[lambda(float) (instance 1)], std::array<char *, (unsigned long)2>>(int, T2, T3)",1,0.001568
9,serial_sparse,revisit,candidate,compute_graph_projection_layer_9_q_128,"void at::native::<unnamed>::CatArrayBatchedCopy_vectorized<at::native::<unnamed>::OpaqueType<(unsigned int)4>, unsigned int, (int)2, (int)128, (int)1, (int)16, (int)4>(char *, at::native::<unnamed>::CatArrInputTensorMetadata<T1, T2, T4, T5>, at::native::<unnamed>::TensorSizeStride<T2, (unsigned int)4>, int, T2)",1,0.001248
9,serial_sparse,revisit,candidate,compute_graph_projection_layer_9_q_128,"void at::native::elementwise_kernel<(int)128, (int)4, void at::native::gpu_kernel_impl_nocast<at::native::direct_copy_kernel_cuda(at::TensorIteratorBase &)::[lambda() (instance 3)]::operator ()() const::[lambda() (instance 12)]::operator ()() const::[lambda(c10::BFloat16) (instance 1)]>(at::TensorIteratorBase &, const T1 &)::[lambda(int) (instance 1)]>(int, T3)",1,0.002336
9,serial_sparse,revisit,candidate,compute_graph_projection_layer_9_q_128,kernel_cutlass_kernel_operatorsdeepseek_v32norm_plainLocalPlainRMSNorm_object_at__tensorptrbf16gmemalign128oi645125121_tensorptrf32gmemalign16o5121_tensorptrbf16gmemalign128oi645125121____0,1,0.0016
9,serial_sparse,revisit,candidate,compute_graph_projection_layer_9_q_128,"void flashinfer::BatchQKApplyRotaryPosIdsCosSinCacheHeadParallelismKernel<(bool)1, (unsigned int)64, (unsigned int)8, (unsigned int)8, __nv_bfloat16, long>(T5 *, T5 *, T5 *, T5 *, float *, T6 *, unsigned int, unsigned int, unsigned int, unsigned int, unsigned long, unsigned long, unsigned long, unsigned long, unsigned long, unsigned long, unsigned long, unsigned long)",1,0.002816
9,serial_sparse,revisit,candidate,compute_graph_projection_layer_9_q_128,"void at::native::<unnamed>::vectorized_layer_norm_kernel<float, float, (bool)0>(int, T2, const T1 *, const T1 *, const T1 *, T2 *, T2 *, T1 *)",1,0.002912
9,serial_sparse,revisit,candidate,compute_graph_projection_layer_9_q_128,"void at::native::vectorized_elementwise_kernel<(int)8, at::native::bfloat16_copy_kernel_cuda(at::TensorIteratorBase &)::[lambda(float) (instance 1)], std::array<char *, (unsigned long)2>>(int, T2, T3)",1,0.00112
9,serial_sparse,revisit,candidate,compute_graph_projection_layer_9_q_128,"void flashinfer::BatchQKApplyRotaryPosIdsCosSinCacheHeadParallelismKernel<(bool)0, (unsigned int)128, (unsigned int)8, (unsigned int)16, __nv_bfloat16, long>(T5 *, T5 *, T5 *, T5 *, float *, T6 *, unsigned int, unsigned int, unsigned int, unsigned int, unsigned long, unsigned long, unsigned long, unsigned long, unsigned long, unsigned long, unsigned long, unsigned long)",1,0.002368
9,serial_sparse,revisit,candidate,compute_graph_projection_layer_9_q_128,quantize_kernel,2,0.002848
9,serial_sparse,revisit,candidate,compute_graph_projection_layer_9_q_128,"void at::native::vectorized_elementwise_kernel<(int)4, at::native::AUnaryFunctor<float, float, float, at::native::binary_internal::MulFunctor<float>>, std::array<char *, (unsigned long)2>>(int, T2, T3)",2,0.002144
9,serial_sparse,revisit,candidate,compute_graph_projection_layer_9_q_128,"void at::native::vectorized_elementwise_kernel<(int)4, at::native::BinaryFunctor<float, float, float, at::native::binary_internal::MulFunctor<float>>, std::array<char *, (unsigned long)3>>(int, T2, T3)",1,0.001152
9,serial_sparse,revisit,candidate,compute_graph_projection_layer_9_q_128,"void at::native::<unnamed>::CatArrayBatchedCopy_vectorized<at::native::<unnamed>::OpaqueType<(unsigned int)2>, unsigned int, (int)2, (int)128, (int)1, (int)16, (int)8>(char *, at::native::<unnamed>::CatArrInputTensorMetadata<T1, T2, T4, T5>, at::native::<unnamed>::TensorSizeStride<T2, (unsigned int)4>, int, T2)",1,0.00208
9,serial_sparse,revisit,candidate,compute_graph_finish_layer_9_q_128,kernel_cutlass_kernel_operatorsdeepseek_v32norm_fusedLocalFusedRMSNorm_object_at__tensorptrbf16gmemalign128oi64716871681_tensorptrbf16gmemalign128oi64716871681_tensorptrf32gmemalign16o716_0,1,0.003264
9,serial_sparse,revisit,candidate,compute_graph_finish_layer_9_q_128,"void flashinfer::activation::act_and_mul_kernel<__nv_bfloat16, &silu>(T1 *, const T1 *, int)",1,0.00464
9,serial_sparse,revisit,candidate,final_norm_lm_head,"void at::native::unrolled_elementwise_kernel<at::native::direct_copy_kernel_cuda(at::TensorIteratorBase &)::[lambda() (instance 3)]::operator ()() const::[lambda() (instance 7)]::operator ()() const::[lambda(float) (instance 1)], std::array<char *, (unsigned long)2>, (int)4, TrivialOffsetCalculator<(int)1, unsigned int>, TrivialOffsetCalculator<(int)1, unsigned int>, at::native::memory::LoadWithCast<(int)1>, at::native::memory::StoreWithCast<(int)1>>(int, T1, T2, T4, T5, T6, T7)",3,0.011776
9,serial_sparse,revisit,candidate,final_norm_lm_head,"void at::native::vectorized_elementwise_kernel<(int)4, at::native::CUDAFunctor_add<float>, std::array<char *, (unsigned long)3>>(int, T2, T3)",1,0.002848
9,serial_sparse,revisit,candidate,final_norm_lm_head,kernel_cutlass_kernel_flashinfernormkernelsrmsnormRMSNormKernel_object_at__tensorptrf32gmemalign128oi64716871681_tensorptrf32gmemalign16o71681_tensorptrf32gmemalign128oi64716871681___True_0,1,0.002752
9,serial_sparse,revisit,candidate,final_norm_lm_head,"void at::native::vectorized_elementwise_kernel<(int)8, at::native::bfloat16_copy_kernel_cuda(at::TensorIteratorBase &)::[lambda(float) (instance 1)], std::array<char *, (unsigned long)2>>(int, T2, T3)",1,0.00208
9,serial_sparse,revisit,request,request,MEMCPY,1,0.012384
9,serial_sparse,revisit,candidate,forward,MEMCPY,12,0.0144
9,serial_sparse,revisit,candidate,pool_operation,MEMCPY,40,0.102144
9,serial_sparse,revisit,candidate,compute_graph_projection_inputs,MEMCPY,16,0.026624
9,serial_sparse,revisit,candidate,index_cache_write,MEMCPY,20,0.018016
9,serial_sparse,revisit,candidate,cache_torch_argsort,MEMCPY,10,0.01616
9,serial_sparse,revisit,candidate,replay_input_copy,MEMCPY,11,0.023104
9,serial_sparse,revisit,candidate,chunk,MEMCPY,11,0.012448
9,serial_sparse,revisit,diagnostics,cache_metrics,MEMCPY,10,0.025793
9,serial_sparse,revisit,candidate,cache_torch_argsort,MEMSET,100,0.094688
11,dense_prefetch,cold,admission,pool_allocate_session,"void at::native::vectorized_elementwise_kernel<(int)2, at::native::FillFunctor<long>, std::array<char *, (unsigned long)1>>(int, T2, T3)",1,0.000896
11,dense_prefetch,cold,admission,prefix_pool_acquire,"void at::native::vectorized_elementwise_kernel<(int)4, at::native::FillFunctor<float>, std::array<char *, (unsigned long)1>>(int, T2, T3)",10,0.007104
11,dense_prefetch,cold,history,forward,"void at::native::reduce_kernel<(int)512, (int)1, at::native::ReduceOp<long, at::native::func_wrapper_t<long, at::native::MinNanFunctor<long>>, unsigned int, long, (int)4, (int)4>>(T3)",1,0.010912
11,dense_prefetch,cold,history,forward,"void at::native::reduce_kernel<(int)512, (int)1, at::native::ReduceOp<long, at::native::func_wrapper_t<long, at::native::MaxNanFunctor<long>>, unsigned int, long, (int)4, (int)4>>(T3)",1,0.009152
11,dense_prefetch,cold,history,forward,"void at::native::vectorized_elementwise_kernel<(int)2, at::native::FillFunctor<long>, std::array<char *, (unsigned long)1>>(int, T2, T3)",5,0.00384
11,dense_prefetch,cold,history,forward,"void at::native::unrolled_elementwise_kernel<at::native::FillFunctor<long>, std::array<char *, (unsigned long)1>, (int)4, TrivialOffsetCalculator<(int)0, unsigned int>, TrivialOffsetCalculator<(int)1, unsigned int>, at::native::memory::LoadWithoutCast, at::native::memory::StoreWithoutCast>(int, T1, T2, T4, T5, T6, T7)",5,0.003456
11,dense_prefetch,cold,history,embedding,"void at::native::vectorized_gather_kernel<(int)16, long>(char *, char *, T2 *, int, long, long, long, long, bool)",64,0.462917
11,dense_prefetch,cold,history,pool_operation,"echo_native::protect_resident_history_kernel(const int *, const int *, int, long *, long *, int, int, long)",640,1.502853
11,dense_prefetch,cold,history,compute_graph_projection_inputs,"void at::native::vectorized_elementwise_kernel<(int)2, at::native::FillFunctor<long>, std::array<char *, (unsigned long)1>>(int, T2, T3)",640,0.517216
11,dense_prefetch,cold,history,compute_graph_projection_layer_0_q_1024,kernel_cutlass_kernel_operatorsdeepseek_v32norm_plainLocalPlainRMSNorm_object_at__tensorptrbf16gmemalign128oi64716871681_tensorptrf32gmemalign16o71681_tensorptrbf16gmemalign128oi647168716_0,64,0.554562
11,dense_prefetch,cold,history,compute_graph_projection_layer_0_q_1024,"void at::native::elementwise_kernel<(int)128, (int)2, void at::native::gpu_kernel_impl_nocast<at::native::CUDAFunctor_add<long>>(at::TensorIteratorBase &, const T1 &)::[lambda(int) (instance 1)]>(int, T3)",64,0.121088
11,dense_prefetch,cold,history,compute_graph_projection_layer_0_q_1024,"void at::native::unrolled_elementwise_kernel<at::native::direct_copy_kernel_cuda(at::TensorIteratorBase &)::[lambda() (instance 3)]::operator ()() const::[lambda() (instance 7)]::operator ()() const::[lambda(float) (instance 1)], std::array<char *, (unsigned long)2>, (int)4, TrivialOffsetCalculator<(int)1, unsigned int>, TrivialOffsetCalculator<(int)1, unsigned int>, at::native::memory::LoadWithCast<(int)1>, at::native::memory::StoreWithCast<(int)1>>(int, T1, T2, T4, T5, T6, T7)",192,1.865304
11,dense_prefetch,cold,history,compute_graph_projection_layer_0_q_1024,kernel_cutlass_kernel_operatorsdeepseek_v32norm_plainLocalPlainRMSNorm_object_at__tensorptrbf16gmemalign128oi64153615361_tensorptrf32gmemalign16o15361_tensorptrbf16gmemalign128oi641536153_0,64,0.19216
11,dense_prefetch,cold,history,compute_graph_projection_layer_0_q_1024,"void at::native::elementwise_kernel<(int)128, (int)2, void at::native::gpu_kernel_impl_nocast<at::native::BinaryFunctor<float, float, float, at::native::binary_internal::MulFunctor<float>>>(at::TensorIteratorBase &, const T1 &)::[lambda(int) (instance 1)]>(int, T3)",64,0.113952
11,dense_prefetch,cold,history,compute_graph_projection_layer_0_q_1024,"void <unnamed>::elementwise_kernel_with_index<int, at::native::arange_cuda_out(const c10::Scalar &, const c10::Scalar &, const c10::Scalar &, at::Tensor &)::[lambda() (instance 1)]::operator ()() const::[lambda() (instance 4)]::operator ()() const::[lambda(long) (instance 1)]>(T1, T2, function_traits<T2>::result_type *)",64,0.05536
11,dense_prefetch,cold,history,compute_graph_projection_layer_0_q_1024,"void at::native::vectorized_elementwise_kernel<(int)4, at::native::cos_kernel_cuda(at::TensorIteratorBase &)::[lambda() (instance 2)]::operator ()() const::[lambda() (instance 2)]::operator ()() const::[lambda(float) (instance 1)], std::array<char *, (unsigned long)2>>(int, T2, T3)",64,0.122816
11,dense_prefetch,cold,history,compute_graph_projection_layer_0_q_1024,"void at::native::vectorized_elementwise_kernel<(int)4, at::native::sin_kernel_cuda(at::TensorIteratorBase &)::[lambda() (instance 2)]::operator ()() const::[lambda() (instance 2)]::operator ()() const::[lambda(float) (instance 1)], std::array<char *, (unsigned long)2>>(int, T2, T3)",64,0.120224
11,dense_prefetch,cold,history,compute_graph_projection_layer_0_q_1024,"void at::native::<unnamed>::CatArrayBatchedCopy_vectorized<at::native::<unnamed>::OpaqueType<(unsigned int)4>, unsigned int, (int)2, (int)128, (int)1, (int)16, (int)4>(char *, at::native::<unnamed>::CatArrInputTensorMetadata<T1, T2, T4, T5>, at::native::<unnamed>::TensorSizeStride<T2, (unsigned int)4>, int, T2)",64,0.097472
11,dense_prefetch,cold,history,compute_graph_projection_layer_0_q_1024,"void at::native::elementwise_kernel<(int)128, (int)4, void at::native::gpu_kernel_impl_nocast<at::native::direct_copy_kernel_cuda(at::TensorIteratorBase &)::[lambda() (instance 3)]::operator ()() const::[lambda() (instance 12)]::operator ()() const::[lambda(c10::BFloat16) (instance 1)]>(at::TensorIteratorBase &, const T1 &)::[lambda(int) (instance 1)]>(int, T3)",64,0.170176
11,dense_prefetch,cold,history,compute_graph_projection_layer_0_q_1024,kernel_cutlass_kernel_operatorsdeepseek_v32norm_plainLocalPlainRMSNorm_object_at__tensorptrbf16gmemalign128oi645125121_tensorptrf32gmemalign16o5121_tensorptrbf16gmemalign128oi645125121____0,64,0.113474
11,dense_prefetch,cold,history,compute_graph_projection_layer_0_q_1024,"void flashinfer::BatchQKApplyRotaryPosIdsCosSinCacheHeadParallelismKernel<(bool)1, (unsigned int)64, (unsigned int)8, (unsigned int)8, __nv_bfloat16, long>(T5 *, T5 *, T5 *, T5 *, float *, T6 *, unsigned int, unsigned int, unsigned int, unsigned int, unsigned long, unsigned long, unsigned long, unsigned long, unsigned long, unsigned long, unsigned long, unsigned long)",64,0.70211
11,dense_prefetch,cold,history,compute_graph_projection_layer_0_q_1024,"void at::native::<unnamed>::vectorized_layer_norm_kernel<float, float, (bool)0>(int, T2, const T1 *, const T1 *, const T1 *, T2 *, T2 *, T1 *)",64,0.23008
11,dense_prefetch,cold,history,compute_graph_projection_layer_0_q_1024,"void at::native::vectorized_elementwise_kernel<(int)8, at::native::bfloat16_copy_kernel_cuda(at::TensorIteratorBase &)::[lambda(float) (instance 1)], std::array<char *, (unsigned long)2>>(int, T2, T3)",64,0.085057
11,dense_prefetch,cold,history,compute_graph_projection_layer_0_q_1024,"void flashinfer::BatchQKApplyRotaryPosIdsCosSinCacheHeadParallelismKernel<(bool)0, (unsigned int)128, (unsigned int)8, (unsigned int)16, __nv_bfloat16, long>(T5 *, T5 *, T5 *, T5 *, float *, T6 *, unsigned int, unsigned int, unsigned int, unsigned int, unsigned long, unsigned long, unsigned long, unsigned long, unsigned long, unsigned long, unsigned long, unsigned long)",64,0.702049
11,dense_prefetch,cold,history,compute_graph_projection_layer_0_q_1024,quantize_kernel,128,0.431463
11,dense_prefetch,cold,history,compute_graph_projection_layer_0_q_1024,"void at::native::vectorized_elementwise_kernel<(int)4, at::native::AUnaryFunctor<float, float, float, at::native::binary_internal::MulFunctor<float>>, std::array<char *, (unsigned long)2>>(int, T2, T3)",128,0.152672
11,dense_prefetch,cold,history,compute_graph_projection_layer_0_q_1024,"void at::native::vectorized_elementwise_kernel<(int)4, at::native::BinaryFunctor<float, float, float, at::native::binary_internal::MulFunctor<float>>, std::array<char *, (unsigned long)3>>(int, T2, T3)",64,0.112384
11,dense_prefetch,cold,history,compute_graph_projection_layer_0_q_1024,"void at::native::<unnamed>::CatArrayBatchedCopy_vectorized<at::native::<unnamed>::OpaqueType<(unsigned int)2>, unsigned int, (int)2, (int)128, (int)1, (int)16, (int)8>(char *, at::native::<unnamed>::CatArrInputTensorMetadata<T1, T2, T4, T5>, at::native::<unnamed>::TensorSizeStride<T2, (unsigned int)4>, int, T2)",64,0.171936
11,dense_prefetch,cold,history,exact_topk,"void flashinfer::sampling::FilteredTopKUnifiedKernel<float, int, (int)4, (bool)1, (flashinfer::sampling::FilteredTopKMode)0, (flashinfer::sampling::TopKTieBreak)1, flashinfer::sampling::DirectPageTableKernelPolicy<int>, >(const T1 *, T2 *, T1 *, const T2 *, long, const T2 *, const T2 *, const T2 *, const T2 *, unsigned int, unsigned int, unsigned int, T8...)",640,107.038861
11,dense_prefetch,cold,history,exact_topk,"void flashinfer::sampling::FinalizeTopKIndicesKernel<(bool)1, (flashinfer::sampling::FilteredTopKMode)0, (unsigned int)128, (unsigned int)8, float, int, flashinfer::sampling::DirectPageTableKernelPolicy<int>, >(T6 *, T5 *, const T6 *, long, const T6 *, const T6 *, unsigned int, unsigned int, T8...)",10,0.253601
11,dense_prefetch,cold,history,exact_topk,"void flashinfer::sampling::StableSortTopKByValueKernel<(unsigned int)128, (unsigned int)8, int, float>(T3 *, T4 *, unsigned int, unsigned int)",10,0.329728
11,dense_prefetch,cold,history,exact_topk,mask_kernel,640,1.646279
11,dense_prefetch,cold,history,cache_torch_argsort,"at::native::<unnamed>::fill_reverse_indices_kernel(long *, int, at::cuda::detail::IntDivider<unsigned int>)",10,0.012864
11,dense_prefetch,cold,history,cache_torch_argsort,"void at_cuda_detail::cub::detail::radix_sort::DeviceRadixSortHistogramKernel<at_cuda_detail::cub::detail::radix::policy_hub<long, at::cuda::cub::detail::OpaqueType<(int)8>, unsigned long long>::Policy1000, (at_cuda_detail::cub::SortOrder)0, long, unsigned long long, at_cuda_detail::cub::detail::identity_decomposer_t>(T4 *, const T3 *, T4, int, int, T5)",10,0.032384
11,dense_prefetch,cold,history,cache_torch_argsort,"void at_cuda_detail::cub::detail::radix_sort::DeviceRadixSortExclusiveSumKernel<at_cuda_detail::cub::detail::radix::policy_hub<long, at::cuda::cub::detail::OpaqueType<(int)8>, unsigned long long>::Policy1000, unsigned long long>(T2 *)",10,0.011552
11,dense_prefetch,cold,history,cache_torch_argsort,"void at_cuda_detail::cub::detail::radix_sort::DeviceRadixSortOnesweepKernel<at_cuda_detail::cub::detail::radix::policy_hub<long, at::cuda::cub::detail::OpaqueType<(int)8>, unsigned long long>::Policy1000, (at_cuda_detail::cub::SortOrder)0, long, at::cuda::cub::detail::OpaqueType<(int)8>, unsigned long long, int, int, at_cuda_detail::cub::detail::identity_decomposer_t>(T7 *, T7 *, T5 *, const T5 *, T3 *, const T3 *, T4 *, const T4 *, T6, int, int, T8)",80,0.418304
11,dense_prefetch,cold,history,pool_operation,"void at::native::vectorized_elementwise_kernel<(int)2, at::native::CUDAFunctorOnSelf_add<long>, std::array<char *, (unsigned long)2>>(int, T2, T3)",10,0.013632
11,dense_prefetch,cold,history,pool_operation,"void echo_native::planned_append_kernel<uint4>(const char *, char *, int, long, const int *, const long *, int *, long *, int, int, long *, bool *, long *, unsigned long long *, int, long)",640,3.041958
11,dense_prefetch,cold,history,pool_operation,"echo_native::resident_union_clear(unsigned int *, long, unsigned int *)",640,0.669028
11,dense_prefetch,cold,history,pool_operation,"void echo_native::resident_selection_kernel<(bool)1>(const int *, int *, long, const int *, const int *, int, long *, long *, unsigned int *, unsigned int *, unsigned long long *, int, int, bool, int, int, long)",640,64.450522
11,dense_prefetch,cold,history,compute_graph_finish_layer_0_q_1024,kernel_cutlass_kernel_operatorsdeepseek_v32norm_fusedLocalFusedRMSNorm_object_at__tensorptrbf16gmemalign128oi64716871681_tensorptrbf16gmemalign128oi64716871681_tensorptrf32gmemalign16o716_0,64,0.927653
11,dense_prefetch,cold,history,compute_graph_finish_layer_0_q_1024,"void flashinfer::activation::act_and_mul_kernel<__nv_bfloat16, &silu>(T1 *, const T1 *, int)",64,1.859977
11,dense_prefetch,cold,history,compute_graph_projection_layer_1_q_1024,kernel_cutlass_kernel_operatorsdeepseek_v32norm_fusedLocalFusedRMSNorm_object_at__tensorptrbf16gmemalign128oi64716871681_tensorptrbf16gmemalign128oi64716871681_tensorptrf32gmemalign16o716_0,64,0.9433
11,dense_prefetch,cold,history,compute_graph_projection_layer_1_q_1024,"void at::native::elementwise_kernel<(int)128, (int)2, void at::native::gpu_kernel_impl_nocast<at::native::CUDAFunctor_add<long>>(at::TensorIteratorBase &, const T1 &)::[lambda(int) (instance 1)]>(int, T3)",64,0.126304
11,dense_prefetch,cold,history,compute_graph_projection_layer_1_q_1024,"void at::native::unrolled_elementwise_kernel<at::native::direct_copy_kernel_cuda(at::TensorIteratorBase &)::[lambda() (instance 3)]::operator ()() const::[lambda() (instance 7)]::operator ()() const::[lambda(float) (instance 1)], std::array<char *, (unsigned long)2>, (int)4, TrivialOffsetCalculator<(int)1, unsigned int>, TrivialOffsetCalculator<(int)1, unsigned int>, at::native::memory::LoadWithCast<(int)1>, at::native::memory::StoreWithCast<(int)1>>(int, T1, T2, T4, T5, T6, T7)",192,1.862441
11,dense_prefetch,cold,history,compute_graph_projection_layer_1_q_1024,kernel_cutlass_kernel_operatorsdeepseek_v32norm_plainLocalPlainRMSNorm_object_at__tensorptrbf16gmemalign128oi64153615361_tensorptrf32gmemalign16o15361_tensorptrbf16gmemalign128oi641536153_0,64,0.192576
11,dense_prefetch,cold,history,compute_graph_projection_layer_1_q_1024,"void at::native::elementwise_kernel<(int)128, (int)2, void at::native::gpu_kernel_impl_nocast<at::native::BinaryFunctor<float, float, float, at::native::binary_internal::MulFunctor<float>>>(at::TensorIteratorBase &, const T1 &)::[lambda(int) (instance 1)]>(int, T3)",64,0.122146
11,dense_prefetch,cold,history,compute_graph_projection_layer_1_q_1024,"void <unnamed>::elementwise_kernel_with_index<int, at::native::arange_cuda_out(const c10::Scalar &, const c10::Scalar &, const c10::Scalar &, at::Tensor &)::[lambda() (instance 1)]::operator ()() const::[lambda() (instance 4)]::operator ()() const::[lambda(long) (instance 1)]>(T1, T2, function_traits<T2>::result_type *)",64,0.054464
11,dense_prefetch,cold,history,compute_graph_projection_layer_1_q_1024,"void at::native::vectorized_elementwise_kernel<(int)4, at::native::cos_kernel_cuda(at::TensorIteratorBase &)::[lambda() (instance 2)]::operator ()() const::[lambda() (instance 2)]::operator ()() const::[lambda(float) (instance 1)], std::array<char *, (unsigned long)2>>(int, T2, T3)",64,0.119776
11,dense_prefetch,cold,history,compute_graph_projection_layer_1_q_1024,"void at::native::vectorized_elementwise_kernel<(int)4, at::native::sin_kernel_cuda(at::TensorIteratorBase &)::[lambda() (instance 2)]::operator ()() const::[lambda() (instance 2)]::operator ()() const::[lambda(float) (instance 1)], std::array<char *, (unsigned long)2>>(int, T2, T3)",64,0.117537
11,dense_prefetch,cold,history,compute_graph_projection_layer_1_q_1024,"void at::native::<unnamed>::CatArrayBatchedCopy_vectorized<at::native::<unnamed>::OpaqueType<(unsigned int)4>, unsigned int, (int)2, (int)128, (int)1, (int)16, (int)4>(char *, at::native::<unnamed>::CatArrInputTensorMetadata<T1, T2, T4, T5>, at::native::<unnamed>::TensorSizeStride<T2, (unsigned int)4>, int, T2)",64,0.097504
11,dense_prefetch,cold,history,compute_graph_projection_layer_1_q_1024,"void at::native::elementwise_kernel<(int)128, (int)4, void at::native::gpu_kernel_impl_nocast<at::native::direct_copy_kernel_cuda(at::TensorIteratorBase &)::[lambda() (instance 3)]::operator ()() const::[lambda() (instance 12)]::operator ()() const::[lambda(c10::BFloat16) (instance 1)]>(at::TensorIteratorBase &, const T1 &)::[lambda(int) (instance 1)]>(int, T3)",64,0.168544
11,dense_prefetch,cold,history,compute_graph_projection_layer_1_q_1024,kernel_cutlass_kernel_operatorsdeepseek_v32norm_plainLocalPlainRMSNorm_object_at__tensorptrbf16gmemalign128oi645125121_tensorptrf32gmemalign16o5121_tensorptrbf16gmemalign128oi645125121____0,64,0.117312
11,dense_prefetch,cold,history,compute_graph_projection_layer_1_q_1024,"void flashinfer::BatchQKApplyRotaryPosIdsCosSinCacheHeadParallelismKernel<(bool)1, (unsigned int)64, (unsigned int)8, (unsigned int)8, __nv_bfloat16, long>(T5 *, T5 *, T5 *, T5 *, float *, T6 *, unsigned int, unsigned int, unsigned int, unsigned int, unsigned long, unsigned long, unsigned long, unsigned long, unsigned long, unsigned long, unsigned long, unsigned long)",64,0.710116
11,dense_prefetch,cold,history,compute_graph_projection_layer_1_q_1024,"void at::native::<unnamed>::vectorized_layer_norm_kernel<float, float, (bool)0>(int, T2, const T1 *, const T1 *, const T1 *, T2 *, T2 *, T1 *)",64,0.226528
11,dense_prefetch,cold,history,compute_graph_projection_layer_1_q_1024,"void at::native::vectorized_elementwise_kernel<(int)8, at::native::bfloat16_copy_kernel_cuda(at::TensorIteratorBase &)::[lambda(float) (instance 1)], std::array<char *, (unsigned long)2>>(int, T2, T3)",64,0.084833
11,dense_prefetch,cold,history,compute_graph_projection_layer_1_q_1024,"void flashinfer::BatchQKApplyRotaryPosIdsCosSinCacheHeadParallelismKernel<(bool)0, (unsigned int)128, (unsigned int)8, (unsigned int)16, __nv_bfloat16, long>(T5 *, T5 *, T5 *, T5 *, float *, T6 *, unsigned int, unsigned int, unsigned int, unsigned int, unsigned long, unsigned long, unsigned long, unsigned long, unsigned long, unsigned long, unsigned long, unsigned long)",64,0.709153
11,dense_prefetch,cold,history,compute_graph_projection_layer_1_q_1024,quantize_kernel,128,0.424096
11,dense_prefetch,cold,history,compute_graph_projection_layer_1_q_1024,"void at::native::vectorized_elementwise_kernel<(int)4, at::native::AUnaryFunctor<float, float, float, at::native::binary_internal::MulFunctor<float>>, std::array<char *, (unsigned long)2>>(int, T2, T3)",128,0.146816
11,dense_prefetch,cold,history,compute_graph_projection_layer_1_q_1024,"void at::native::vectorized_elementwise_kernel<(int)4, at::native::BinaryFunctor<float, float, float, at::native::binary_internal::MulFunctor<float>>, std::array<char *, (unsigned long)3>>(int, T2, T3)",64,0.111104
11,dense_prefetch,cold,history,compute_graph_projection_layer_1_q_1024,"void at::native::<unnamed>::CatArrayBatchedCopy_vectorized<at::native::<unnamed>::OpaqueType<(unsigned int)2>, unsigned int, (int)2, (int)128, (int)1, (int)16, (int)8>(char *, at::native::<unnamed>::CatArrInputTensorMetadata<T1, T2, T4, T5>, at::native::<unnamed>::TensorSizeStride<T2, (unsigned int)4>, int, T2)",64,0.17184
11,dense_prefetch,cold,history,compute_graph_finish_layer_1_q_1024,kernel_cutlass_kernel_operatorsdeepseek_v32norm_fusedLocalFusedRMSNorm_object_at__tensorptrbf16gmemalign128oi64716871681_tensorptrbf16gmemalign128oi64716871681_tensorptrf32gmemalign16o716_0,64,0.92794
11,dense_prefetch,cold,history,compute_graph_finish_layer_1_q_1024,"void flashinfer::activation::act_and_mul_kernel<__nv_bfloat16, &silu>(T1 *, const T1 *, int)",64,1.860903
11,dense_prefetch,cold,history,compute_graph_projection_layer_2_q_1024,kernel_cutlass_kernel_operatorsdeepseek_v32norm_fusedLocalFusedRMSNorm_object_at__tensorptrbf16gmemalign128oi64716871681_tensorptrbf16gmemalign128oi64716871681_tensorptrf32gmemalign16o716_0,64,0.931138
11,dense_prefetch,cold,history,compute_graph_projection_layer_2_q_1024,"void at::native::elementwise_kernel<(int)128, (int)2, void at::native::gpu_kernel_impl_nocast<at::native::CUDAFunctor_add<long>>(at::TensorIteratorBase &, const T1 &)::[lambda(int) (instance 1)]>(int, T3)",64,0.12768
11,dense_prefetch,cold,history,compute_graph_projection_layer_2_q_1024,"void at::native::unrolled_elementwise_kernel<at::native::direct_copy_kernel_cuda(at::TensorIteratorBase &)::[lambda() (instance 3)]::operator ()() const::[lambda() (instance 7)]::operator ()() const::[lambda(float) (instance 1)], std::array<char *, (unsigned long)2>, (int)4, TrivialOffsetCalculator<(int)1, unsigned int>, TrivialOffsetCalculator<(int)1, unsigned int>, at::native::memory::LoadWithCast<(int)1>, at::native::memory::StoreWithCast<(int)1>>(int, T1, T2, T4, T5, T6, T7)",192,1.873379
11,dense_prefetch,cold,history,compute_graph_projection_layer_2_q_1024,kernel_cutlass_kernel_operatorsdeepseek_v32norm_plainLocalPlainRMSNorm_object_at__tensorptrbf16gmemalign128oi64153615361_tensorptrf32gmemalign16o15361_tensorptrbf16gmemalign128oi641536153_0,64,0.196769
11,dense_prefetch,cold,history,compute_graph_projection_layer_2_q_1024,"void at::native::elementwise_kernel<(int)128, (int)2, void at::native::gpu_kernel_impl_nocast<at::native::BinaryFunctor<float, float, float, at::native::binary_internal::MulFunctor<float>>>(at::TensorIteratorBase &, const T1 &)::[lambda(int) (instance 1)]>(int, T3)",64,0.124256
11,dense_prefetch,cold,history,compute_graph_projection_layer_2_q_1024,"void <unnamed>::elementwise_kernel_with_index<int, at::native::arange_cuda_out(const c10::Scalar &, const c10::Scalar &, const c10::Scalar &, at::Tensor &)::[lambda() (instance 1)]::operator ()() const::[lambda() (instance 4)]::operator ()() const::[lambda(long) (instance 1)]>(T1, T2, function_traits<T2>::result_type *)",64,0.057408
11,dense_prefetch,cold,history,compute_graph_projection_layer_2_q_1024,"void at::native::vectorized_elementwise_kernel<(int)4, at::native::cos_kernel_cuda(at::TensorIteratorBase &)::[lambda() (instance 2)]::operator ()() const::[lambda() (instance 2)]::operator ()() const::[lambda(float) (instance 1)], std::array<char *, (unsigned long)2>>(int, T2, T3)",64,0.123744
11,dense_prefetch,cold,history,compute_graph_projection_layer_2_q_1024,"void at::native::vectorized_elementwise_kernel<(int)4, at::native::sin_kernel_cuda(at::TensorIteratorBase &)::[lambda() (instance 2)]::operator ()() const::[lambda() (instance 2)]::operator ()() const::[lambda(float) (instance 1)], std::array<char *, (unsigned long)2>>(int, T2, T3)",64,0.11936
11,dense_prefetch,cold,history,compute_graph_projection_layer_2_q_1024,"void at::native::<unnamed>::CatArrayBatchedCopy_vectorized<at::native::<unnamed>::OpaqueType<(unsigned int)4>, unsigned int, (int)2, (int)128, (int)1, (int)16, (int)4>(char *, at::native::<unnamed>::CatArrInputTensorMetadata<T1, T2, T4, T5>, at::native::<unnamed>::TensorSizeStride<T2, (unsigned int)4>, int, T2)",64,0.100192
11,dense_prefetch,cold,history,compute_graph_projection_layer_2_q_1024,"void at::native::elementwise_kernel<(int)128, (int)4, void at::native::gpu_kernel_impl_nocast<at::native::direct_copy_kernel_cuda(at::TensorIteratorBase &)::[lambda() (instance 3)]::operator ()() const::[lambda() (instance 12)]::operator ()() const::[lambda(c10::BFloat16) (instance 1)]>(at::TensorIteratorBase &, const T1 &)::[lambda(int) (instance 1)]>(int, T3)",64,0.164672
11,dense_prefetch,cold,history,compute_graph_projection_layer_2_q_1024,kernel_cutlass_kernel_operatorsdeepseek_v32norm_plainLocalPlainRMSNorm_object_at__tensorptrbf16gmemalign128oi645125121_tensorptrf32gmemalign16o5121_tensorptrbf16gmemalign128oi645125121____0,64,0.117024
11,dense_prefetch,cold,history,compute_graph_projection_layer_2_q_1024,"void flashinfer::BatchQKApplyRotaryPosIdsCosSinCacheHeadParallelismKernel<(bool)1, (unsigned int)64, (unsigned int)8, (unsigned int)8, __nv_bfloat16, long>(T5 *, T5 *, T5 *, T5 *, float *, T6 *, unsigned int, unsigned int, unsigned int, unsigned int, unsigned long, unsigned long, unsigned long, unsigned long, unsigned long, unsigned long, unsigned long, unsigned long)",64,0.698529
11,dense_prefetch,cold,history,compute_graph_projection_layer_2_q_1024,"void at::native::<unnamed>::vectorized_layer_norm_kernel<float, float, (bool)0>(int, T2, const T1 *, const T1 *, const T1 *, T2 *, T2 *, T1 *)",64,0.224224
11,dense_prefetch,cold,history,compute_graph_projection_layer_2_q_1024,"void at::native::vectorized_elementwise_kernel<(int)8, at::native::bfloat16_copy_kernel_cuda(at::TensorIteratorBase &)::[lambda(float) (instance 1)], std::array<char *, (unsigned long)2>>(int, T2, T3)",64,0.086688
11,dense_prefetch,cold,history,compute_graph_projection_layer_2_q_1024,"void flashinfer::BatchQKApplyRotaryPosIdsCosSinCacheHeadParallelismKernel<(bool)0, (unsigned int)128, (unsigned int)8, (unsigned int)16, __nv_bfloat16, long>(T5 *, T5 *, T5 *, T5 *, float *, T6 *, unsigned int, unsigned int, unsigned int, unsigned int, unsigned long, unsigned long, unsigned long, unsigned long, unsigned long, unsigned long, unsigned long, unsigned long)",64,0.703361
11,dense_prefetch,cold,history,compute_graph_projection_layer_2_q_1024,quantize_kernel,128,0.429984
11,dense_prefetch,cold,history,compute_graph_projection_layer_2_q_1024,"void at::native::vectorized_elementwise_kernel<(int)4, at::native::AUnaryFunctor<float, float, float, at::native::binary_internal::MulFunctor<float>>, std::array<char *, (unsigned long)2>>(int, T2, T3)",128,0.145921
11,dense_prefetch,cold,history,compute_graph_projection_layer_2_q_1024,"void at::native::vectorized_elementwise_kernel<(int)4, at::native::BinaryFunctor<float, float, float, at::native::binary_internal::MulFunctor<float>>, std::array<char *, (unsigned long)3>>(int, T2, T3)",64,0.111904
11,dense_prefetch,cold,history,compute_graph_projection_layer_2_q_1024,"void at::native::<unnamed>::CatArrayBatchedCopy_vectorized<at::native::<unnamed>::OpaqueType<(unsigned int)2>, unsigned int, (int)2, (int)128, (int)1, (int)16, (int)8>(char *, at::native::<unnamed>::CatArrInputTensorMetadata<T1, T2, T4, T5>, at::native::<unnamed>::TensorSizeStride<T2, (unsigned int)4>, int, T2)",64,0.170209
11,dense_prefetch,cold,history,compute_graph_finish_layer_2_q_1024,kernel_cutlass_kernel_operatorsdeepseek_v32norm_fusedLocalFusedRMSNorm_object_at__tensorptrbf16gmemalign128oi64716871681_tensorptrbf16gmemalign128oi64716871681_tensorptrf32gmemalign16o716_0,64,0.927235
11,dense_prefetch,cold,history,compute_graph_finish_layer_2_q_1024,"void flashinfer::activation::act_and_mul_kernel<__nv_bfloat16, &silu>(T1 *, const T1 *, int)",64,1.865608
11,dense_prefetch,cold,history,compute_graph_projection_layer_3_q_1024,kernel_cutlass_kernel_operatorsdeepseek_v32norm_plainLocalPlainRMSNorm_object_at__tensorptrbf16gmemalign128oi64716871681_tensorptrf32gmemalign16o71681_tensorptrbf16gmemalign128oi647168716_0,64,0.545248
11,dense_prefetch,cold,history,compute_graph_projection_layer_3_q_1024,"void at::native::elementwise_kernel<(int)128, (int)2, void at::native::gpu_kernel_impl_nocast<at::native::CUDAFunctor_add<long>>(at::TensorIteratorBase &, const T1 &)::[lambda(int) (instance 1)]>(int, T3)",64,0.125824
11,dense_prefetch,cold,history,compute_graph_projection_layer_3_q_1024,"void at::native::unrolled_elementwise_kernel<at::native::direct_copy_kernel_cuda(at::TensorIteratorBase &)::[lambda() (instance 3)]::operator ()() const::[lambda() (instance 7)]::operator ()() const::[lambda(float) (instance 1)], std::array<char *, (unsigned long)2>, (int)4, TrivialOffsetCalculator<(int)1, unsigned int>, TrivialOffsetCalculator<(int)1, unsigned int>, at::native::memory::LoadWithCast<(int)1>, at::native::memory::StoreWithCast<(int)1>>(int, T1, T2, T4, T5, T6, T7)",192,1.867112
11,dense_prefetch,cold,history,compute_graph_projection_layer_3_q_1024,kernel_cutlass_kernel_operatorsdeepseek_v32norm_plainLocalPlainRMSNorm_object_at__tensorptrbf16gmemalign128oi64153615361_tensorptrf32gmemalign16o15361_tensorptrbf16gmemalign128oi641536153_0,64,0.192704
11,dense_prefetch,cold,history,compute_graph_projection_layer_3_q_1024,"void at::native::elementwise_kernel<(int)128, (int)2, void at::native::gpu_kernel_impl_nocast<at::native::BinaryFunctor<float, float, float, at::native::binary_internal::MulFunctor<float>>>(at::TensorIteratorBase &, const T1 &)::[lambda(int) (instance 1)]>(int, T3)",64,0.113601
11,dense_prefetch,cold,history,compute_graph_projection_layer_3_q_1024,"void <unnamed>::elementwise_kernel_with_index<int, at::native::arange_cuda_out(const c10::Scalar &, const c10::Scalar &, const c10::Scalar &, at::Tensor &)::[lambda() (instance 1)]::operator ()() const::[lambda() (instance 4)]::operator ()() const::[lambda(long) (instance 1)]>(T1, T2, function_traits<T2>::result_type *)",64,0.052129
11,dense_prefetch,cold,history,compute_graph_projection_layer_3_q_1024,"void at::native::vectorized_elementwise_kernel<(int)4, at::native::cos_kernel_cuda(at::TensorIteratorBase &)::[lambda() (instance 2)]::operator ()() const::[lambda() (instance 2)]::operator ()() const::[lambda(float) (instance 1)], std::array<char *, (unsigned long)2>>(int, T2, T3)",64,0.12112
11,dense_prefetch,cold,history,compute_graph_projection_layer_3_q_1024,"void at::native::vectorized_elementwise_kernel<(int)4, at::native::sin_kernel_cuda(at::TensorIteratorBase &)::[lambda() (instance 2)]::operator ()() const::[lambda() (instance 2)]::operator ()() const::[lambda(float) (instance 1)], std::array<char *, (unsigned long)2>>(int, T2, T3)",64,0.116993
11,dense_prefetch,cold,history,compute_graph_projection_layer_3_q_1024,"void at::native::<unnamed>::CatArrayBatchedCopy_vectorized<at::native::<unnamed>::OpaqueType<(unsigned int)4>, unsigned int, (int)2, (int)128, (int)1, (int)16, (int)4>(char *, at::native::<unnamed>::CatArrInputTensorMetadata<T1, T2, T4, T5>, at::native::<unnamed>::TensorSizeStride<T2, (unsigned int)4>, int, T2)",64,0.100608
11,dense_prefetch,cold,history,compute_graph_projection_layer_3_q_1024,"void at::native::elementwise_kernel<(int)128, (int)4, void at::native::gpu_kernel_impl_nocast<at::native::direct_copy_kernel_cuda(at::TensorIteratorBase &)::[lambda() (instance 3)]::operator ()() const::[lambda() (instance 12)]::operator ()() const::[lambda(c10::BFloat16) (instance 1)]>(at::TensorIteratorBase &, const T1 &)::[lambda(int) (instance 1)]>(int, T3)",64,0.165888
11,dense_prefetch,cold,history,compute_graph_projection_layer_3_q_1024,kernel_cutlass_kernel_operatorsdeepseek_v32norm_plainLocalPlainRMSNorm_object_at__tensorptrbf16gmemalign128oi645125121_tensorptrf32gmemalign16o5121_tensorptrbf16gmemalign128oi645125121____0,64,0.119105
11,dense_prefetch,cold,history,compute_graph_projection_layer_3_q_1024,"void flashinfer::BatchQKApplyRotaryPosIdsCosSinCacheHeadParallelismKernel<(bool)1, (unsigned int)64, (unsigned int)8, (unsigned int)8, __nv_bfloat16, long>(T5 *, T5 *, T5 *, T5 *, float *, T6 *, unsigned int, unsigned int, unsigned int, unsigned int, unsigned long, unsigned long, unsigned long, unsigned long, unsigned long, unsigned long, unsigned long, unsigned long)",64,0.700899
11,dense_prefetch,cold,history,compute_graph_projection_layer_3_q_1024,"void at::native::<unnamed>::vectorized_layer_norm_kernel<float, float, (bool)0>(int, T2, const T1 *, const T1 *, const T1 *, T2 *, T2 *, T1 *)",64,0.227552
11,dense_prefetch,cold,history,compute_graph_projection_layer_3_q_1024,"void at::native::vectorized_elementwise_kernel<(int)8, at::native::bfloat16_copy_kernel_cuda(at::TensorIteratorBase &)::[lambda(float) (instance 1)], std::array<char *, (unsigned long)2>>(int, T2, T3)",64,0.08576
11,dense_prefetch,cold,history,compute_graph_projection_layer_3_q_1024,"void flashinfer::BatchQKApplyRotaryPosIdsCosSinCacheHeadParallelismKernel<(bool)0, (unsigned int)128, (unsigned int)8, (unsigned int)16, __nv_bfloat16, long>(T5 *, T5 *, T5 *, T5 *, float *, T6 *, unsigned int, unsigned int, unsigned int, unsigned int, unsigned long, unsigned long, unsigned long, unsigned long, unsigned long, unsigned long, unsigned long, unsigned long)",64,0.696579
11,dense_prefetch,cold,history,compute_graph_projection_layer_3_q_1024,quantize_kernel,128,0.431489
11,dense_prefetch,cold,history,compute_graph_projection_layer_3_q_1024,"void at::native::vectorized_elementwise_kernel<(int)4, at::native::AUnaryFunctor<float, float, float, at::native::binary_internal::MulFunctor<float>>, std::array<char *, (unsigned long)2>>(int, T2, T3)",128,0.152545
11,dense_prefetch,cold,history,compute_graph_projection_layer_3_q_1024,"void at::native::vectorized_elementwise_kernel<(int)4, at::native::BinaryFunctor<float, float, float, at::native::binary_internal::MulFunctor<float>>, std::array<char *, (unsigned long)3>>(int, T2, T3)",64,0.115232
11,dense_prefetch,cold,history,compute_graph_projection_layer_3_q_1024,"void at::native::<unnamed>::CatArrayBatchedCopy_vectorized<at::native::<unnamed>::OpaqueType<(unsigned int)2>, unsigned int, (int)2, (int)128, (int)1, (int)16, (int)8>(char *, at::native::<unnamed>::CatArrInputTensorMetadata<T1, T2, T4, T5>, at::native::<unnamed>::TensorSizeStride<T2, (unsigned int)4>, int, T2)",64,0.172866
11,dense_prefetch,cold,history,compute_graph_finish_layer_3_q_1024,kernel_cutlass_kernel_operatorsdeepseek_v32norm_fusedLocalFusedRMSNorm_object_at__tensorptrbf16gmemalign128oi64716871681_tensorptrbf16gmemalign128oi64716871681_tensorptrf32gmemalign16o716_0,64,0.928104
11,dense_prefetch,cold,history,compute_graph_finish_layer_3_q_1024,"void flashinfer::activation::act_and_mul_kernel<__nv_bfloat16, &silu>(T1 *, const T1 *, int)",64,1.860324
11,dense_prefetch,cold,history,compute_graph_projection_layer_4_q_1024,kernel_cutlass_kernel_operatorsdeepseek_v32norm_fusedLocalFusedRMSNorm_object_at__tensorptrbf16gmemalign128oi64716871681_tensorptrbf16gmemalign128oi64716871681_tensorptrf32gmemalign16o716_0,64,0.936995
11,dense_prefetch,cold,history,compute_graph_projection_layer_4_q_1024,"void at::native::elementwise_kernel<(int)128, (int)2, void at::native::gpu_kernel_impl_nocast<at::native::CUDAFunctor_add<long>>(at::TensorIteratorBase &, const T1 &)::[lambda(int) (instance 1)]>(int, T3)",64,0.132672
11,dense_prefetch,cold,history,compute_graph_projection_layer_4_q_1024,"void at::native::unrolled_elementwise_kernel<at::native::direct_copy_kernel_cuda(at::TensorIteratorBase &)::[lambda() (instance 3)]::operator ()() const::[lambda() (instance 7)]::operator ()() const::[lambda(float) (instance 1)], std::array<char *, (unsigned long)2>, (int)4, TrivialOffsetCalculator<(int)1, unsigned int>, TrivialOffsetCalculator<(int)1, unsigned int>, at::native::memory::LoadWithCast<(int)1>, at::native::memory::StoreWithCast<(int)1>>(int, T1, T2, T4, T5, T6, T7)",192,1.874346
11,dense_prefetch,cold,history,compute_graph_projection_layer_4_q_1024,kernel_cutlass_kernel_operatorsdeepseek_v32norm_plainLocalPlainRMSNorm_object_at__tensorptrbf16gmemalign128oi64153615361_tensorptrf32gmemalign16o15361_tensorptrbf16gmemalign128oi641536153_0,64,0.197217
11,dense_prefetch,cold,history,compute_graph_projection_layer_4_q_1024,"void at::native::elementwise_kernel<(int)128, (int)2, void at::native::gpu_kernel_impl_nocast<at::native::BinaryFunctor<float, float, float, at::native::binary_internal::MulFunctor<float>>>(at::TensorIteratorBase &, const T1 &)::[lambda(int) (instance 1)]>(int, T3)",64,0.113281
11,dense_prefetch,cold,history,compute_graph_projection_layer_4_q_1024,"void <unnamed>::elementwise_kernel_with_index<int, at::native::arange_cuda_out(const c10::Scalar &, const c10::Scalar &, const c10::Scalar &, at::Tensor &)::[lambda() (instance 1)]::operator ()() const::[lambda() (instance 4)]::operator ()() const::[lambda(long) (instance 1)]>(T1, T2, function_traits<T2>::result_type *)",64,0.055585
11,dense_prefetch,cold,history,compute_graph_projection_layer_4_q_1024,"void at::native::vectorized_elementwise_kernel<(int)4, at::native::cos_kernel_cuda(at::TensorIteratorBase &)::[lambda() (instance 2)]::operator ()() const::[lambda() (instance 2)]::operator ()() const::[lambda(float) (instance 1)], std::array<char *, (unsigned long)2>>(int, T2, T3)",64,0.124066
11,dense_prefetch,cold,history,compute_graph_projection_layer_4_q_1024,"void at::native::vectorized_elementwise_kernel<(int)4, at::native::sin_kernel_cuda(at::TensorIteratorBase &)::[lambda() (instance 2)]::operator ()() const::[lambda() (instance 2)]::operator ()() const::[lambda(float) (instance 1)], std::array<char *, (unsigned long)2>>(int, T2, T3)",64,0.11632
11,dense_prefetch,cold,history,compute_graph_projection_layer_4_q_1024,"void at::native::<unnamed>::CatArrayBatchedCopy_vectorized<at::native::<unnamed>::OpaqueType<(unsigned int)4>, unsigned int, (int)2, (int)128, (int)1, (int)16, (int)4>(char *, at::native::<unnamed>::CatArrInputTensorMetadata<T1, T2, T4, T5>, at::native::<unnamed>::TensorSizeStride<T2, (unsigned int)4>, int, T2)",64,0.097216
11,dense_prefetch,cold,history,compute_graph_projection_layer_4_q_1024,"void at::native::elementwise_kernel<(int)128, (int)4, void at::native::gpu_kernel_impl_nocast<at::native::direct_copy_kernel_cuda(at::TensorIteratorBase &)::[lambda() (instance 3)]::operator ()() const::[lambda() (instance 12)]::operator ()() const::[lambda(c10::BFloat16) (instance 1)]>(at::TensorIteratorBase &, const T1 &)::[lambda(int) (instance 1)]>(int, T3)",64,0.16512
11,dense_prefetch,cold,history,compute_graph_projection_layer_4_q_1024,kernel_cutlass_kernel_operatorsdeepseek_v32norm_plainLocalPlainRMSNorm_object_at__tensorptrbf16gmemalign128oi645125121_tensorptrf32gmemalign16o5121_tensorptrbf16gmemalign128oi645125121____0,64,0.116032
11,dense_prefetch,cold,history,compute_graph_projection_layer_4_q_1024,"void flashinfer::BatchQKApplyRotaryPosIdsCosSinCacheHeadParallelismKernel<(bool)1, (unsigned int)64, (unsigned int)8, (unsigned int)8, __nv_bfloat16, long>(T5 *, T5 *, T5 *, T5 *, float *, T6 *, unsigned int, unsigned int, unsigned int, unsigned int, unsigned long, unsigned long, unsigned long, unsigned long, unsigned long, unsigned long, unsigned long, unsigned long)",64,0.704321
11,dense_prefetch,cold,history,compute_graph_projection_layer_4_q_1024,"void at::native::<unnamed>::vectorized_layer_norm_kernel<float, float, (bool)0>(int, T2, const T1 *, const T1 *, const T1 *, T2 *, T2 *, T1 *)",64,0.227361
11,dense_prefetch,cold,history,compute_graph_projection_layer_4_q_1024,"void at::native::vectorized_elementwise_kernel<(int)8, at::native::bfloat16_copy_kernel_cuda(at::TensorIteratorBase &)::[lambda(float) (instance 1)], std::array<char *, (unsigned long)2>>(int, T2, T3)",64,0.085248
11,dense_prefetch,cold,history,compute_graph_projection_layer_4_q_1024,"void flashinfer::BatchQKApplyRotaryPosIdsCosSinCacheHeadParallelismKernel<(bool)0, (unsigned int)128, (unsigned int)8, (unsigned int)16, __nv_bfloat16, long>(T5 *, T5 *, T5 *, T5 *, float *, T6 *, unsigned int, unsigned int, unsigned int, unsigned int, unsigned long, unsigned long, unsigned long, unsigned long, unsigned long, unsigned long, unsigned long, unsigned long)",64,0.700899
11,dense_prefetch,cold,history,compute_graph_projection_layer_4_q_1024,quantize_kernel,128,0.431203
11,dense_prefetch,cold,history,compute_graph_projection_layer_4_q_1024,"void at::native::vectorized_elementwise_kernel<(int)4, at::native::AUnaryFunctor<float, float, float, at::native::binary_internal::MulFunctor<float>>, std::array<char *, (unsigned long)2>>(int, T2, T3)",128,0.152321
11,dense_prefetch,cold,history,compute_graph_projection_layer_4_q_1024,"void at::native::vectorized_elementwise_kernel<(int)4, at::native::BinaryFunctor<float, float, float, at::native::binary_internal::MulFunctor<float>>, std::array<char *, (unsigned long)3>>(int, T2, T3)",64,0.112704
11,dense_prefetch,cold,history,compute_graph_projection_layer_4_q_1024,"void at::native::<unnamed>::CatArrayBatchedCopy_vectorized<at::native::<unnamed>::OpaqueType<(unsigned int)2>, unsigned int, (int)2, (int)128, (int)1, (int)16, (int)8>(char *, at::native::<unnamed>::CatArrInputTensorMetadata<T1, T2, T4, T5>, at::native::<unnamed>::TensorSizeStride<T2, (unsigned int)4>, int, T2)",64,0.171523
11,dense_prefetch,cold,history,compute_graph_finish_layer_4_q_1024,kernel_cutlass_kernel_operatorsdeepseek_v32norm_fusedLocalFusedRMSNorm_object_at__tensorptrbf16gmemalign128oi64716871681_tensorptrbf16gmemalign128oi64716871681_tensorptrf32gmemalign16o716_0,64,0.928547
11,dense_prefetch,cold,history,compute_graph_finish_layer_4_q_1024,"void flashinfer::activation::act_and_mul_kernel<__nv_bfloat16, &silu>(T1 *, const T1 *, int)",64,1.868585
11,dense_prefetch,cold,history,compute_graph_projection_layer_5_q_1024,kernel_cutlass_kernel_operatorsdeepseek_v32norm_fusedLocalFusedRMSNorm_object_at__tensorptrbf16gmemalign128oi64716871681_tensorptrbf16gmemalign128oi64716871681_tensorptrf32gmemalign16o716_0,64,0.949089
11,dense_prefetch,cold,history,compute_graph_projection_layer_5_q_1024,"void at::native::elementwise_kernel<(int)128, (int)2, void at::native::gpu_kernel_impl_nocast<at::native::CUDAFunctor_add<long>>(at::TensorIteratorBase &, const T1 &)::[lambda(int) (instance 1)]>(int, T3)",64,0.129473
11,dense_prefetch,cold,history,compute_graph_projection_layer_5_q_1024,"void at::native::unrolled_elementwise_kernel<at::native::direct_copy_kernel_cuda(at::TensorIteratorBase &)::[lambda() (instance 3)]::operator ()() const::[lambda() (instance 7)]::operator ()() const::[lambda(float) (instance 1)], std::array<char *, (unsigned long)2>, (int)4, TrivialOffsetCalculator<(int)1, unsigned int>, TrivialOffsetCalculator<(int)1, unsigned int>, at::native::memory::LoadWithCast<(int)1>, at::native::memory::StoreWithCast<(int)1>>(int, T1, T2, T4, T5, T6, T7)",192,1.854308
11,dense_prefetch,cold,history,compute_graph_projection_layer_5_q_1024,kernel_cutlass_kernel_operatorsdeepseek_v32norm_plainLocalPlainRMSNorm_object_at__tensorptrbf16gmemalign128oi64153615361_tensorptrf32gmemalign16o15361_tensorptrbf16gmemalign128oi641536153_0,64,0.192001
11,dense_prefetch,cold,history,compute_graph_projection_layer_5_q_1024,"void at::native::elementwise_kernel<(int)128, (int)2, void at::native::gpu_kernel_impl_nocast<at::native::BinaryFunctor<float, float, float, at::native::binary_internal::MulFunctor<float>>>(at::TensorIteratorBase &, const T1 &)::[lambda(int) (instance 1)]>(int, T3)",64,0.11904
11,dense_prefetch,cold,history,compute_graph_projection_layer_5_q_1024,"void <unnamed>::elementwise_kernel_with_index<int, at::native::arange_cuda_out(const c10::Scalar &, const c10::Scalar &, const c10::Scalar &, at::Tensor &)::[lambda() (instance 1)]::operator ()() const::[lambda() (instance 4)]::operator ()() const::[lambda(long) (instance 1)]>(T1, T2, function_traits<T2>::result_type *)",64,0.0536
11,dense_prefetch,cold,history,compute_graph_projection_layer_5_q_1024,"void at::native::vectorized_elementwise_kernel<(int)4, at::native::cos_kernel_cuda(at::TensorIteratorBase &)::[lambda() (instance 2)]::operator ()() const::[lambda() (instance 2)]::operator ()() const::[lambda(float) (instance 1)], std::array<char *, (unsigned long)2>>(int, T2, T3)",64,0.123042
11,dense_prefetch,cold,history,compute_graph_projection_layer_5_q_1024,"void at::native::vectorized_elementwise_kernel<(int)4, at::native::sin_kernel_cuda(at::TensorIteratorBase &)::[lambda() (instance 2)]::operator ()() const::[lambda() (instance 2)]::operator ()() const::[lambda(float) (instance 1)], std::array<char *, (unsigned long)2>>(int, T2, T3)",64,0.118944
11,dense_prefetch,cold,history,compute_graph_projection_layer_5_q_1024,"void at::native::<unnamed>::CatArrayBatchedCopy_vectorized<at::native::<unnamed>::OpaqueType<(unsigned int)4>, unsigned int, (int)2, (int)128, (int)1, (int)16, (int)4>(char *, at::native::<unnamed>::CatArrInputTensorMetadata<T1, T2, T4, T5>, at::native::<unnamed>::TensorSizeStride<T2, (unsigned int)4>, int, T2)",64,0.100544
11,dense_prefetch,cold,history,compute_graph_projection_layer_5_q_1024,"void at::native::elementwise_kernel<(int)128, (int)4, void at::native::gpu_kernel_impl_nocast<at::native::direct_copy_kernel_cuda(at::TensorIteratorBase &)::[lambda() (instance 3)]::operator ()() const::[lambda() (instance 12)]::operator ()() const::[lambda(c10::BFloat16) (instance 1)]>(at::TensorIteratorBase &, const T1 &)::[lambda(int) (instance 1)]>(int, T3)",64,0.165664
11,dense_prefetch,cold,history,compute_graph_projection_layer_5_q_1024,kernel_cutlass_kernel_operatorsdeepseek_v32norm_plainLocalPlainRMSNorm_object_at__tensorptrbf16gmemalign128oi645125121_tensorptrf32gmemalign16o5121_tensorptrbf16gmemalign128oi645125121____0,64,0.1168
11,dense_prefetch,cold,history,compute_graph_projection_layer_5_q_1024,"void flashinfer::BatchQKApplyRotaryPosIdsCosSinCacheHeadParallelismKernel<(bool)1, (unsigned int)64, (unsigned int)8, (unsigned int)8, __nv_bfloat16, long>(T5 *, T5 *, T5 *, T5 *, float *, T6 *, unsigned int, unsigned int, unsigned int, unsigned int, unsigned long, unsigned long, unsigned long, unsigned long, unsigned long, unsigned long, unsigned long, unsigned long)",64,0.689539
11,dense_prefetch,cold,history,compute_graph_projection_layer_5_q_1024,"void at::native::<unnamed>::vectorized_layer_norm_kernel<float, float, (bool)0>(int, T2, const T1 *, const T1 *, const T1 *, T2 *, T2 *, T1 *)",64,0.231201
11,dense_prefetch,cold,history,compute_graph_projection_layer_5_q_1024,"void at::native::vectorized_elementwise_kernel<(int)8, at::native::bfloat16_copy_kernel_cuda(at::TensorIteratorBase &)::[lambda(float) (instance 1)], std::array<char *, (unsigned long)2>>(int, T2, T3)",64,0.088352
11,dense_prefetch,cold,history,compute_graph_projection_layer_5_q_1024,"void flashinfer::BatchQKApplyRotaryPosIdsCosSinCacheHeadParallelismKernel<(bool)0, (unsigned int)128, (unsigned int)8, (unsigned int)16, __nv_bfloat16, long>(T5 *, T5 *, T5 *, T5 *, float *, T6 *, unsigned int, unsigned int, unsigned int, unsigned int, unsigned long, unsigned long, unsigned long, unsigned long, unsigned long, unsigned long, unsigned long, unsigned long)",64,0.71565
11,dense_prefetch,cold,history,compute_graph_projection_layer_5_q_1024,quantize_kernel,128,0.422529
11,dense_prefetch,cold,history,compute_graph_projection_layer_5_q_1024,"void at::native::vectorized_elementwise_kernel<(int)4, at::native::AUnaryFunctor<float, float, float, at::native::binary_internal::MulFunctor<float>>, std::array<char *, (unsigned long)2>>(int, T2, T3)",128,0.145921
11,dense_prefetch,cold,history,compute_graph_projection_layer_5_q_1024,"void at::native::vectorized_elementwise_kernel<(int)4, at::native::BinaryFunctor<float, float, float, at::native::binary_internal::MulFunctor<float>>, std::array<char *, (unsigned long)3>>(int, T2, T3)",64,0.108896
11,dense_prefetch,cold,history,compute_graph_projection_layer_5_q_1024,"void at::native::<unnamed>::CatArrayBatchedCopy_vectorized<at::native::<unnamed>::OpaqueType<(unsigned int)2>, unsigned int, (int)2, (int)128, (int)1, (int)16, (int)8>(char *, at::native::<unnamed>::CatArrInputTensorMetadata<T1, T2, T4, T5>, at::native::<unnamed>::TensorSizeStride<T2, (unsigned int)4>, int, T2)",64,0.166496
11,dense_prefetch,cold,history,compute_graph_finish_layer_5_q_1024,kernel_cutlass_kernel_operatorsdeepseek_v32norm_fusedLocalFusedRMSNorm_object_at__tensorptrbf16gmemalign128oi64716871681_tensorptrbf16gmemalign128oi64716871681_tensorptrf32gmemalign16o716_0,64,0.933414
11,dense_prefetch,cold,history,compute_graph_finish_layer_5_q_1024,"void flashinfer::activation::act_and_mul_kernel<__nv_bfloat16, &silu>(T1 *, const T1 *, int)",64,1.861253
11,dense_prefetch,cold,history,compute_graph_projection_layer_6_q_1024,kernel_cutlass_kernel_operatorsdeepseek_v32norm_plainLocalPlainRMSNorm_object_at__tensorptrbf16gmemalign128oi64716871681_tensorptrf32gmemalign16o71681_tensorptrbf16gmemalign128oi647168716_0,64,0.546818
11,dense_prefetch,cold,history,compute_graph_projection_layer_6_q_1024,"void at::native::elementwise_kernel<(int)128, (int)2, void at::native::gpu_kernel_impl_nocast<at::native::CUDAFunctor_add<long>>(at::TensorIteratorBase &, const T1 &)::[lambda(int) (instance 1)]>(int, T3)",64,0.125152
11,dense_prefetch,cold,history,compute_graph_projection_layer_6_q_1024,"void at::native::unrolled_elementwise_kernel<at::native::direct_copy_kernel_cuda(at::TensorIteratorBase &)::[lambda() (instance 3)]::operator ()() const::[lambda() (instance 7)]::operator ()() const::[lambda(float) (instance 1)], std::array<char *, (unsigned long)2>, (int)4, TrivialOffsetCalculator<(int)1, unsigned int>, TrivialOffsetCalculator<(int)1, unsigned int>, at::native::memory::LoadWithCast<(int)1>, at::native::memory::StoreWithCast<(int)1>>(int, T1, T2, T4, T5, T6, T7)",192,1.868615
11,dense_prefetch,cold,history,compute_graph_projection_layer_6_q_1024,kernel_cutlass_kernel_operatorsdeepseek_v32norm_plainLocalPlainRMSNorm_object_at__tensorptrbf16gmemalign128oi64153615361_tensorptrf32gmemalign16o15361_tensorptrbf16gmemalign128oi641536153_0,64,0.194464
11,dense_prefetch,cold,history,compute_graph_projection_layer_6_q_1024,"void at::native::elementwise_kernel<(int)128, (int)2, void at::native::gpu_kernel_impl_nocast<at::native::BinaryFunctor<float, float, float, at::native::binary_internal::MulFunctor<float>>>(at::TensorIteratorBase &, const T1 &)::[lambda(int) (instance 1)]>(int, T3)",64,0.120321
11,dense_prefetch,cold,history,compute_graph_projection_layer_6_q_1024,"void <unnamed>::elementwise_kernel_with_index<int, at::native::arange_cuda_out(const c10::Scalar &, const c10::Scalar &, const c10::Scalar &, at::Tensor &)::[lambda() (instance 1)]::operator ()() const::[lambda() (instance 4)]::operator ()() const::[lambda(long) (instance 1)]>(T1, T2, function_traits<T2>::result_type *)",64,0.057376
11,dense_prefetch,cold,history,compute_graph_projection_layer_6_q_1024,"void at::native::vectorized_elementwise_kernel<(int)4, at::native::cos_kernel_cuda(at::TensorIteratorBase &)::[lambda() (instance 2)]::operator ()() const::[lambda() (instance 2)]::operator ()() const::[lambda(float) (instance 1)], std::array<char *, (unsigned long)2>>(int, T2, T3)",64,0.123136
11,dense_prefetch,cold,history,compute_graph_projection_layer_6_q_1024,"void at::native::vectorized_elementwise_kernel<(int)4, at::native::sin_kernel_cuda(at::TensorIteratorBase &)::[lambda() (instance 2)]::operator ()() const::[lambda() (instance 2)]::operator ()() const::[lambda(float) (instance 1)], std::array<char *, (unsigned long)2>>(int, T2, T3)",64,0.118752
11,dense_prefetch,cold,history,compute_graph_projection_layer_6_q_1024,"void at::native::<unnamed>::CatArrayBatchedCopy_vectorized<at::native::<unnamed>::OpaqueType<(unsigned int)4>, unsigned int, (int)2, (int)128, (int)1, (int)16, (int)4>(char *, at::native::<unnamed>::CatArrInputTensorMetadata<T1, T2, T4, T5>, at::native::<unnamed>::TensorSizeStride<T2, (unsigned int)4>, int, T2)",64,0.099936
11,dense_prefetch,cold,history,compute_graph_projection_layer_6_q_1024,"void at::native::elementwise_kernel<(int)128, (int)4, void at::native::gpu_kernel_impl_nocast<at::native::direct_copy_kernel_cuda(at::TensorIteratorBase &)::[lambda() (instance 3)]::operator ()() const::[lambda() (instance 12)]::operator ()() const::[lambda(c10::BFloat16) (instance 1)]>(at::TensorIteratorBase &, const T1 &)::[lambda(int) (instance 1)]>(int, T3)",64,0.16877
11,dense_prefetch,cold,history,compute_graph_projection_layer_6_q_1024,kernel_cutlass_kernel_operatorsdeepseek_v32norm_plainLocalPlainRMSNorm_object_at__tensorptrbf16gmemalign128oi645125121_tensorptrf32gmemalign16o5121_tensorptrbf16gmemalign128oi645125121____0,64,0.122113
11,dense_prefetch,cold,history,compute_graph_projection_layer_6_q_1024,"void flashinfer::BatchQKApplyRotaryPosIdsCosSinCacheHeadParallelismKernel<(bool)1, (unsigned int)64, (unsigned int)8, (unsigned int)8, __nv_bfloat16, long>(T5 *, T5 *, T5 *, T5 *, float *, T6 *, unsigned int, unsigned int, unsigned int, unsigned int, unsigned long, unsigned long, unsigned long, unsigned long, unsigned long, unsigned long, unsigned long, unsigned long)",64,0.707905
11,dense_prefetch,cold,history,compute_graph_projection_layer_6_q_1024,"void at::native::<unnamed>::vectorized_layer_norm_kernel<float, float, (bool)0>(int, T2, const T1 *, const T1 *, const T1 *, T2 *, T2 *, T1 *)",64,0.23216
11,dense_prefetch,cold,history,compute_graph_projection_layer_6_q_1024,"void at::native::vectorized_elementwise_kernel<(int)8, at::native::bfloat16_copy_kernel_cuda(at::TensorIteratorBase &)::[lambda(float) (instance 1)], std::array<char *, (unsigned long)2>>(int, T2, T3)",64,0.084289
11,dense_prefetch,cold,history,compute_graph_projection_layer_6_q_1024,"void flashinfer::BatchQKApplyRotaryPosIdsCosSinCacheHeadParallelismKernel<(bool)0, (unsigned int)128, (unsigned int)8, (unsigned int)16, __nv_bfloat16, long>(T5 *, T5 *, T5 *, T5 *, float *, T6 *, unsigned int, unsigned int, unsigned int, unsigned int, unsigned long, unsigned long, unsigned long, unsigned long, unsigned long, unsigned long, unsigned long, unsigned long)",64,0.701792
11,dense_prefetch,cold,history,compute_graph_projection_layer_6_q_1024,quantize_kernel,128,0.429312
11,dense_prefetch,cold,history,compute_graph_projection_layer_6_q_1024,"void at::native::vectorized_elementwise_kernel<(int)4, at::native::AUnaryFunctor<float, float, float, at::native::binary_internal::MulFunctor<float>>, std::array<char *, (unsigned long)2>>(int, T2, T3)",128,0.14608
11,dense_prefetch,cold,history,compute_graph_projection_layer_6_q_1024,"void at::native::vectorized_elementwise_kernel<(int)4, at::native::BinaryFunctor<float, float, float, at::native::binary_internal::MulFunctor<float>>, std::array<char *, (unsigned long)3>>(int, T2, T3)",64,0.107905
11,dense_prefetch,cold,history,compute_graph_projection_layer_6_q_1024,"void at::native::<unnamed>::CatArrayBatchedCopy_vectorized<at::native::<unnamed>::OpaqueType<(unsigned int)2>, unsigned int, (int)2, (int)128, (int)1, (int)16, (int)8>(char *, at::native::<unnamed>::CatArrInputTensorMetadata<T1, T2, T4, T5>, at::native::<unnamed>::TensorSizeStride<T2, (unsigned int)4>, int, T2)",64,0.169185
11,dense_prefetch,cold,history,compute_graph_finish_layer_6_q_1024,kernel_cutlass_kernel_operatorsdeepseek_v32norm_fusedLocalFusedRMSNorm_object_at__tensorptrbf16gmemalign128oi64716871681_tensorptrbf16gmemalign128oi64716871681_tensorptrf32gmemalign16o716_0,64,0.92378
11,dense_prefetch,cold,history,compute_graph_finish_layer_6_q_1024,"void flashinfer::activation::act_and_mul_kernel<__nv_bfloat16, &silu>(T1 *, const T1 *, int)",64,1.861766
11,dense_prefetch,cold,history,compute_graph_projection_layer_7_q_1024,kernel_cutlass_kernel_operatorsdeepseek_v32norm_fusedLocalFusedRMSNorm_object_at__tensorptrbf16gmemalign128oi64716871681_tensorptrbf16gmemalign128oi64716871681_tensorptrf32gmemalign16o716_0,64,0.949153
11,dense_prefetch,cold,history,compute_graph_projection_layer_7_q_1024,"void at::native::elementwise_kernel<(int)128, (int)2, void at::native::gpu_kernel_impl_nocast<at::native::CUDAFunctor_add<long>>(at::TensorIteratorBase &, const T1 &)::[lambda(int) (instance 1)]>(int, T3)",64,0.129472
11,dense_prefetch,cold,history,compute_graph_projection_layer_7_q_1024,"void at::native::unrolled_elementwise_kernel<at::native::direct_copy_kernel_cuda(at::TensorIteratorBase &)::[lambda() (instance 3)]::operator ()() const::[lambda() (instance 7)]::operator ()() const::[lambda(float) (instance 1)], std::array<char *, (unsigned long)2>, (int)4, TrivialOffsetCalculator<(int)1, unsigned int>, TrivialOffsetCalculator<(int)1, unsigned int>, at::native::memory::LoadWithCast<(int)1>, at::native::memory::StoreWithCast<(int)1>>(int, T1, T2, T4, T5, T6, T7)",192,1.866852
11,dense_prefetch,cold,history,compute_graph_projection_layer_7_q_1024,kernel_cutlass_kernel_operatorsdeepseek_v32norm_plainLocalPlainRMSNorm_object_at__tensorptrbf16gmemalign128oi64153615361_tensorptrf32gmemalign16o15361_tensorptrbf16gmemalign128oi641536153_0,64,0.198528
11,dense_prefetch,cold,history,compute_graph_projection_layer_7_q_1024,"void at::native::elementwise_kernel<(int)128, (int)2, void at::native::gpu_kernel_impl_nocast<at::native::BinaryFunctor<float, float, float, at::native::binary_internal::MulFunctor<float>>>(at::TensorIteratorBase &, const T1 &)::[lambda(int) (instance 1)]>(int, T3)",64,0.11984
11,dense_prefetch,cold,history,compute_graph_projection_layer_7_q_1024,"void <unnamed>::elementwise_kernel_with_index<int, at::native::arange_cuda_out(const c10::Scalar &, const c10::Scalar &, const c10::Scalar &, at::Tensor &)::[lambda() (instance 1)]::operator ()() const::[lambda() (instance 4)]::operator ()() const::[lambda(long) (instance 1)]>(T1, T2, function_traits<T2>::result_type *)",64,0.053312
11,dense_prefetch,cold,history,compute_graph_projection_layer_7_q_1024,"void at::native::vectorized_elementwise_kernel<(int)4, at::native::cos_kernel_cuda(at::TensorIteratorBase &)::[lambda() (instance 2)]::operator ()() const::[lambda() (instance 2)]::operator ()() const::[lambda(float) (instance 1)], std::array<char *, (unsigned long)2>>(int, T2, T3)",64,0.120064
11,dense_prefetch,cold,history,compute_graph_projection_layer_7_q_1024,"void at::native::vectorized_elementwise_kernel<(int)4, at::native::sin_kernel_cuda(at::TensorIteratorBase &)::[lambda() (instance 2)]::operator ()() const::[lambda() (instance 2)]::operator ()() const::[lambda(float) (instance 1)], std::array<char *, (unsigned long)2>>(int, T2, T3)",64,0.116449
11,dense_prefetch,cold,history,compute_graph_projection_layer_7_q_1024,"void at::native::<unnamed>::CatArrayBatchedCopy_vectorized<at::native::<unnamed>::OpaqueType<(unsigned int)4>, unsigned int, (int)2, (int)128, (int)1, (int)16, (int)4>(char *, at::native::<unnamed>::CatArrInputTensorMetadata<T1, T2, T4, T5>, at::native::<unnamed>::TensorSizeStride<T2, (unsigned int)4>, int, T2)",64,0.096992
11,dense_prefetch,cold,history,compute_graph_projection_layer_7_q_1024,"void at::native::elementwise_kernel<(int)128, (int)4, void at::native::gpu_kernel_impl_nocast<at::native::direct_copy_kernel_cuda(at::TensorIteratorBase &)::[lambda() (instance 3)]::operator ()() const::[lambda() (instance 12)]::operator ()() const::[lambda(c10::BFloat16) (instance 1)]>(at::TensorIteratorBase &, const T1 &)::[lambda(int) (instance 1)]>(int, T3)",64,0.165761
11,dense_prefetch,cold,history,compute_graph_projection_layer_7_q_1024,kernel_cutlass_kernel_operatorsdeepseek_v32norm_plainLocalPlainRMSNorm_object_at__tensorptrbf16gmemalign128oi645125121_tensorptrf32gmemalign16o5121_tensorptrbf16gmemalign128oi645125121____0,64,0.116706
11,dense_prefetch,cold,history,compute_graph_projection_layer_7_q_1024,"void flashinfer::BatchQKApplyRotaryPosIdsCosSinCacheHeadParallelismKernel<(bool)1, (unsigned int)64, (unsigned int)8, (unsigned int)8, __nv_bfloat16, long>(T5 *, T5 *, T5 *, T5 *, float *, T6 *, unsigned int, unsigned int, unsigned int, unsigned int, unsigned long, unsigned long, unsigned long, unsigned long, unsigned long, unsigned long, unsigned long, unsigned long)",64,0.69834
11,dense_prefetch,cold,history,compute_graph_projection_layer_7_q_1024,"void at::native::<unnamed>::vectorized_layer_norm_kernel<float, float, (bool)0>(int, T2, const T1 *, const T1 *, const T1 *, T2 *, T2 *, T1 *)",64,0.233376
11,dense_prefetch,cold,history,compute_graph_projection_layer_7_q_1024,"void at::native::vectorized_elementwise_kernel<(int)8, at::native::bfloat16_copy_kernel_cuda(at::TensorIteratorBase &)::[lambda(float) (instance 1)], std::array<char *, (unsigned long)2>>(int, T2, T3)",64,0.087808
11,dense_prefetch,cold,history,compute_graph_projection_layer_7_q_1024,"void flashinfer::BatchQKApplyRotaryPosIdsCosSinCacheHeadParallelismKernel<(bool)0, (unsigned int)128, (unsigned int)8, (unsigned int)16, __nv_bfloat16, long>(T5 *, T5 *, T5 *, T5 *, float *, T6 *, unsigned int, unsigned int, unsigned int, unsigned int, unsigned long, unsigned long, unsigned long, unsigned long, unsigned long, unsigned long, unsigned long, unsigned long)",64,0.701313
11,dense_prefetch,cold,history,compute_graph_projection_layer_7_q_1024,quantize_kernel,128,0.429728
11,dense_prefetch,cold,history,compute_graph_projection_layer_7_q_1024,"void at::native::vectorized_elementwise_kernel<(int)4, at::native::AUnaryFunctor<float, float, float, at::native::binary_internal::MulFunctor<float>>, std::array<char *, (unsigned long)2>>(int, T2, T3)",128,0.149504
11,dense_prefetch,cold,history,compute_graph_projection_layer_7_q_1024,"void at::native::vectorized_elementwise_kernel<(int)4, at::native::BinaryFunctor<float, float, float, at::native::binary_internal::MulFunctor<float>>, std::array<char *, (unsigned long)3>>(int, T2, T3)",64,0.114945
11,dense_prefetch,cold,history,compute_graph_projection_layer_7_q_1024,"void at::native::<unnamed>::CatArrayBatchedCopy_vectorized<at::native::<unnamed>::OpaqueType<(unsigned int)2>, unsigned int, (int)2, (int)128, (int)1, (int)16, (int)8>(char *, at::native::<unnamed>::CatArrInputTensorMetadata<T1, T2, T4, T5>, at::native::<unnamed>::TensorSizeStride<T2, (unsigned int)4>, int, T2)",64,0.171649
11,dense_prefetch,cold,history,compute_graph_finish_layer_7_q_1024,kernel_cutlass_kernel_operatorsdeepseek_v32norm_fusedLocalFusedRMSNorm_object_at__tensorptrbf16gmemalign128oi64716871681_tensorptrbf16gmemalign128oi64716871681_tensorptrf32gmemalign16o716_0,64,0.923554
11,dense_prefetch,cold,history,compute_graph_finish_layer_7_q_1024,"void flashinfer::activation::act_and_mul_kernel<__nv_bfloat16, &silu>(T1 *, const T1 *, int)",64,1.870374
11,dense_prefetch,cold,history,compute_graph_projection_layer_8_q_1024,kernel_cutlass_kernel_operatorsdeepseek_v32norm_fusedLocalFusedRMSNorm_object_at__tensorptrbf16gmemalign128oi64716871681_tensorptrbf16gmemalign128oi64716871681_tensorptrf32gmemalign16o716_0,64,0.941282
11,dense_prefetch,cold,history,compute_graph_projection_layer_8_q_1024,"void at::native::elementwise_kernel<(int)128, (int)2, void at::native::gpu_kernel_impl_nocast<at::native::CUDAFunctor_add<long>>(at::TensorIteratorBase &, const T1 &)::[lambda(int) (instance 1)]>(int, T3)",64,0.131777
11,dense_prefetch,cold,history,compute_graph_projection_layer_8_q_1024,"void at::native::unrolled_elementwise_kernel<at::native::direct_copy_kernel_cuda(at::TensorIteratorBase &)::[lambda() (instance 3)]::operator ()() const::[lambda() (instance 7)]::operator ()() const::[lambda(float) (instance 1)], std::array<char *, (unsigned long)2>, (int)4, TrivialOffsetCalculator<(int)1, unsigned int>, TrivialOffsetCalculator<(int)1, unsigned int>, at::native::memory::LoadWithCast<(int)1>, at::native::memory::StoreWithCast<(int)1>>(int, T1, T2, T4, T5, T6, T7)",192,1.860355
11,dense_prefetch,cold,history,compute_graph_projection_layer_8_q_1024,kernel_cutlass_kernel_operatorsdeepseek_v32norm_plainLocalPlainRMSNorm_object_at__tensorptrbf16gmemalign128oi64153615361_tensorptrf32gmemalign16o15361_tensorptrbf16gmemalign128oi641536153_0,64,0.196928
11,dense_prefetch,cold,history,compute_graph_projection_layer_8_q_1024,"void at::native::elementwise_kernel<(int)128, (int)2, void at::native::gpu_kernel_impl_nocast<at::native::BinaryFunctor<float, float, float, at::native::binary_internal::MulFunctor<float>>>(at::TensorIteratorBase &, const T1 &)::[lambda(int) (instance 1)]>(int, T3)",64,0.122656
11,dense_prefetch,cold,history,compute_graph_projection_layer_8_q_1024,"void <unnamed>::elementwise_kernel_with_index<int, at::native::arange_cuda_out(const c10::Scalar &, const c10::Scalar &, const c10::Scalar &, at::Tensor &)::[lambda() (instance 1)]::operator ()() const::[lambda() (instance 4)]::operator ()() const::[lambda(long) (instance 1)]>(T1, T2, function_traits<T2>::result_type *)",64,0.058272
11,dense_prefetch,cold,history,compute_graph_projection_layer_8_q_1024,"void at::native::vectorized_elementwise_kernel<(int)4, at::native::cos_kernel_cuda(at::TensorIteratorBase &)::[lambda() (instance 2)]::operator ()() const::[lambda() (instance 2)]::operator ()() const::[lambda(float) (instance 1)], std::array<char *, (unsigned long)2>>(int, T2, T3)",64,0.120384
11,dense_prefetch,cold,history,compute_graph_projection_layer_8_q_1024,"void at::native::vectorized_elementwise_kernel<(int)4, at::native::sin_kernel_cuda(at::TensorIteratorBase &)::[lambda() (instance 2)]::operator ()() const::[lambda() (instance 2)]::operator ()() const::[lambda(float) (instance 1)], std::array<char *, (unsigned long)2>>(int, T2, T3)",64,0.11616
11,dense_prefetch,cold,history,compute_graph_projection_layer_8_q_1024,"void at::native::<unnamed>::CatArrayBatchedCopy_vectorized<at::native::<unnamed>::OpaqueType<(unsigned int)4>, unsigned int, (int)2, (int)128, (int)1, (int)16, (int)4>(char *, at::native::<unnamed>::CatArrInputTensorMetadata<T1, T2, T4, T5>, at::native::<unnamed>::TensorSizeStride<T2, (unsigned int)4>, int, T2)",64,0.096576
11,dense_prefetch,cold,history,compute_graph_projection_layer_8_q_1024,"void at::native::elementwise_kernel<(int)128, (int)4, void at::native::gpu_kernel_impl_nocast<at::native::direct_copy_kernel_cuda(at::TensorIteratorBase &)::[lambda() (instance 3)]::operator ()() const::[lambda() (instance 12)]::operator ()() const::[lambda(c10::BFloat16) (instance 1)]>(at::TensorIteratorBase &, const T1 &)::[lambda(int) (instance 1)]>(int, T3)",64,0.168001
11,dense_prefetch,cold,history,compute_graph_projection_layer_8_q_1024,kernel_cutlass_kernel_operatorsdeepseek_v32norm_plainLocalPlainRMSNorm_object_at__tensorptrbf16gmemalign128oi645125121_tensorptrf32gmemalign16o5121_tensorptrbf16gmemalign128oi645125121____0,64,0.11648
11,dense_prefetch,cold,history,compute_graph_projection_layer_8_q_1024,"void flashinfer::BatchQKApplyRotaryPosIdsCosSinCacheHeadParallelismKernel<(bool)1, (unsigned int)64, (unsigned int)8, (unsigned int)8, __nv_bfloat16, long>(T5 *, T5 *, T5 *, T5 *, float *, T6 *, unsigned int, unsigned int, unsigned int, unsigned int, unsigned long, unsigned long, unsigned long, unsigned long, unsigned long, unsigned long, unsigned long, unsigned long)",64,0.695461
11,dense_prefetch,cold,history,compute_graph_projection_layer_8_q_1024,"void at::native::<unnamed>::vectorized_layer_norm_kernel<float, float, (bool)0>(int, T2, const T1 *, const T1 *, const T1 *, T2 *, T2 *, T1 *)",64,0.22576
11,dense_prefetch,cold,history,compute_graph_projection_layer_8_q_1024,"void at::native::vectorized_elementwise_kernel<(int)8, at::native::bfloat16_copy_kernel_cuda(at::TensorIteratorBase &)::[lambda(float) (instance 1)], std::array<char *, (unsigned long)2>>(int, T2, T3)",64,0.087393
11,dense_prefetch,cold,history,compute_graph_projection_layer_8_q_1024,"void flashinfer::BatchQKApplyRotaryPosIdsCosSinCacheHeadParallelismKernel<(bool)0, (unsigned int)128, (unsigned int)8, (unsigned int)16, __nv_bfloat16, long>(T5 *, T5 *, T5 *, T5 *, float *, T6 *, unsigned int, unsigned int, unsigned int, unsigned int, unsigned long, unsigned long, unsigned long, unsigned long, unsigned long, unsigned long, unsigned long, unsigned long)",64,0.709954
11,dense_prefetch,cold,history,compute_graph_projection_layer_8_q_1024,quantize_kernel,128,0.428416
11,dense_prefetch,cold,history,compute_graph_projection_layer_8_q_1024,"void at::native::vectorized_elementwise_kernel<(int)4, at::native::AUnaryFunctor<float, float, float, at::native::binary_internal::MulFunctor<float>>, std::array<char *, (unsigned long)2>>(int, T2, T3)",128,0.151905
11,dense_prefetch,cold,history,compute_graph_projection_layer_8_q_1024,"void at::native::vectorized_elementwise_kernel<(int)4, at::native::BinaryFunctor<float, float, float, at::native::binary_internal::MulFunctor<float>>, std::array<char *, (unsigned long)3>>(int, T2, T3)",64,0.113985
11,dense_prefetch,cold,history,compute_graph_projection_layer_8_q_1024,"void at::native::<unnamed>::CatArrayBatchedCopy_vectorized<at::native::<unnamed>::OpaqueType<(unsigned int)2>, unsigned int, (int)2, (int)128, (int)1, (int)16, (int)8>(char *, at::native::<unnamed>::CatArrInputTensorMetadata<T1, T2, T4, T5>, at::native::<unnamed>::TensorSizeStride<T2, (unsigned int)4>, int, T2)",64,0.17152
11,dense_prefetch,cold,history,compute_graph_finish_layer_8_q_1024,kernel_cutlass_kernel_operatorsdeepseek_v32norm_fusedLocalFusedRMSNorm_object_at__tensorptrbf16gmemalign128oi64716871681_tensorptrbf16gmemalign128oi64716871681_tensorptrf32gmemalign16o716_0,64,0.936069
11,dense_prefetch,cold,history,compute_graph_finish_layer_8_q_1024,"void flashinfer::activation::act_and_mul_kernel<__nv_bfloat16, &silu>(T1 *, const T1 *, int)",64,1.860935
11,dense_prefetch,cold,history,compute_graph_projection_layer_9_q_1024,kernel_cutlass_kernel_operatorsdeepseek_v32norm_plainLocalPlainRMSNorm_object_at__tensorptrbf16gmemalign128oi64716871681_tensorptrf32gmemalign16o71681_tensorptrbf16gmemalign128oi647168716_0,64,0.548288
11,dense_prefetch,cold,history,compute_graph_projection_layer_9_q_1024,"void at::native::elementwise_kernel<(int)128, (int)2, void at::native::gpu_kernel_impl_nocast<at::native::CUDAFunctor_add<long>>(at::TensorIteratorBase &, const T1 &)::[lambda(int) (instance 1)]>(int, T3)",64,0.119905
11,dense_prefetch,cold,history,compute_graph_projection_layer_9_q_1024,"void at::native::unrolled_elementwise_kernel<at::native::direct_copy_kernel_cuda(at::TensorIteratorBase &)::[lambda() (instance 3)]::operator ()() const::[lambda() (instance 7)]::operator ()() const::[lambda(float) (instance 1)], std::array<char *, (unsigned long)2>, (int)4, TrivialOffsetCalculator<(int)1, unsigned int>, TrivialOffsetCalculator<(int)1, unsigned int>, at::native::memory::LoadWithCast<(int)1>, at::native::memory::StoreWithCast<(int)1>>(int, T1, T2, T4, T5, T6, T7)",192,1.863942
11,dense_prefetch,cold,history,compute_graph_projection_layer_9_q_1024,kernel_cutlass_kernel_operatorsdeepseek_v32norm_plainLocalPlainRMSNorm_object_at__tensorptrbf16gmemalign128oi64153615361_tensorptrf32gmemalign16o15361_tensorptrbf16gmemalign128oi641536153_0,64,0.19568
11,dense_prefetch,cold,history,compute_graph_projection_layer_9_q_1024,"void at::native::elementwise_kernel<(int)128, (int)2, void at::native::gpu_kernel_impl_nocast<at::native::BinaryFunctor<float, float, float, at::native::binary_internal::MulFunctor<float>>>(at::TensorIteratorBase &, const T1 &)::[lambda(int) (instance 1)]>(int, T3)",64,0.118977
11,dense_prefetch,cold,history,compute_graph_projection_layer_9_q_1024,"void <unnamed>::elementwise_kernel_with_index<int, at::native::arange_cuda_out(const c10::Scalar &, const c10::Scalar &, const c10::Scalar &, at::Tensor &)::[lambda() (instance 1)]::operator ()() const::[lambda() (instance 4)]::operator ()() const::[lambda(long) (instance 1)]>(T1, T2, function_traits<T2>::result_type *)",64,0.053824
11,dense_prefetch,cold,history,compute_graph_projection_layer_9_q_1024,"void at::native::vectorized_elementwise_kernel<(int)4, at::native::cos_kernel_cuda(at::TensorIteratorBase &)::[lambda() (instance 2)]::operator ()() const::[lambda() (instance 2)]::operator ()() const::[lambda(float) (instance 1)], std::array<char *, (unsigned long)2>>(int, T2, T3)",64,0.120512
11,dense_prefetch,cold,history,compute_graph_projection_layer_9_q_1024,"void at::native::vectorized_elementwise_kernel<(int)4, at::native::sin_kernel_cuda(at::TensorIteratorBase &)::[lambda() (instance 2)]::operator ()() const::[lambda() (instance 2)]::operator ()() const::[lambda(float) (instance 1)], std::array<char *, (unsigned long)2>>(int, T2, T3)",64,0.116192
11,dense_prefetch,cold,history,compute_graph_projection_layer_9_q_1024,"void at::native::<unnamed>::CatArrayBatchedCopy_vectorized<at::native::<unnamed>::OpaqueType<(unsigned int)4>, unsigned int, (int)2, (int)128, (int)1, (int)16, (int)4>(char *, at::native::<unnamed>::CatArrInputTensorMetadata<T1, T2, T4, T5>, at::native::<unnamed>::TensorSizeStride<T2, (unsigned int)4>, int, T2)",64,0.097025
11,dense_prefetch,cold,history,compute_graph_projection_layer_9_q_1024,"void at::native::elementwise_kernel<(int)128, (int)4, void at::native::gpu_kernel_impl_nocast<at::native::direct_copy_kernel_cuda(at::TensorIteratorBase &)::[lambda() (instance 3)]::operator ()() const::[lambda() (instance 12)]::operator ()() const::[lambda(c10::BFloat16) (instance 1)]>(at::TensorIteratorBase &, const T1 &)::[lambda(int) (instance 1)]>(int, T3)",64,0.168321
11,dense_prefetch,cold,history,compute_graph_projection_layer_9_q_1024,kernel_cutlass_kernel_operatorsdeepseek_v32norm_plainLocalPlainRMSNorm_object_at__tensorptrbf16gmemalign128oi645125121_tensorptrf32gmemalign16o5121_tensorptrbf16gmemalign128oi645125121____0,64,0.121792
11,dense_prefetch,cold,history,compute_graph_projection_layer_9_q_1024,"void flashinfer::BatchQKApplyRotaryPosIdsCosSinCacheHeadParallelismKernel<(bool)1, (unsigned int)64, (unsigned int)8, (unsigned int)8, __nv_bfloat16, long>(T5 *, T5 *, T5 *, T5 *, float *, T6 *, unsigned int, unsigned int, unsigned int, unsigned int, unsigned long, unsigned long, unsigned long, unsigned long, unsigned long, unsigned long, unsigned long, unsigned long)",64,0.700003
11,dense_prefetch,cold,history,compute_graph_projection_layer_9_q_1024,"void at::native::<unnamed>::vectorized_layer_norm_kernel<float, float, (bool)0>(int, T2, const T1 *, const T1 *, const T1 *, T2 *, T2 *, T1 *)",64,0.2304
11,dense_prefetch,cold,history,compute_graph_projection_layer_9_q_1024,"void at::native::vectorized_elementwise_kernel<(int)8, at::native::bfloat16_copy_kernel_cuda(at::TensorIteratorBase &)::[lambda(float) (instance 1)], std::array<char *, (unsigned long)2>>(int, T2, T3)",64,0.083488
11,dense_prefetch,cold,history,compute_graph_projection_layer_9_q_1024,"void flashinfer::BatchQKApplyRotaryPosIdsCosSinCacheHeadParallelismKernel<(bool)0, (unsigned int)128, (unsigned int)8, (unsigned int)16, __nv_bfloat16, long>(T5 *, T5 *, T5 *, T5 *, float *, T6 *, unsigned int, unsigned int, unsigned int, unsigned int, unsigned long, unsigned long, unsigned long, unsigned long, unsigned long, unsigned long, unsigned long, unsigned long)",64,0.715619
11,dense_prefetch,cold,history,compute_graph_projection_layer_9_q_1024,quantize_kernel,128,0.425441
11,dense_prefetch,cold,history,compute_graph_projection_layer_9_q_1024,"void at::native::vectorized_elementwise_kernel<(int)4, at::native::AUnaryFunctor<float, float, float, at::native::binary_internal::MulFunctor<float>>, std::array<char *, (unsigned long)2>>(int, T2, T3)",128,0.152864
11,dense_prefetch,cold,history,compute_graph_projection_layer_9_q_1024,"void at::native::vectorized_elementwise_kernel<(int)4, at::native::BinaryFunctor<float, float, float, at::native::binary_internal::MulFunctor<float>>, std::array<char *, (unsigned long)3>>(int, T2, T3)",64,0.114817
11,dense_prefetch,cold,history,compute_graph_projection_layer_9_q_1024,"void at::native::<unnamed>::CatArrayBatchedCopy_vectorized<at::native::<unnamed>::OpaqueType<(unsigned int)2>, unsigned int, (int)2, (int)128, (int)1, (int)16, (int)8>(char *, at::native::<unnamed>::CatArrInputTensorMetadata<T1, T2, T4, T5>, at::native::<unnamed>::TensorSizeStride<T2, (unsigned int)4>, int, T2)",64,0.169889
11,dense_prefetch,cold,history,compute_graph_finish_layer_9_q_1024,kernel_cutlass_kernel_operatorsdeepseek_v32norm_fusedLocalFusedRMSNorm_object_at__tensorptrbf16gmemalign128oi64716871681_tensorptrbf16gmemalign128oi64716871681_tensorptrf32gmemalign16o716_0,64,0.926085
11,dense_prefetch,cold,history,compute_graph_finish_layer_9_q_1024,"void flashinfer::activation::act_and_mul_kernel<__nv_bfloat16, &silu>(T1 *, const T1 *, int)",64,1.856071
11,dense_prefetch,cold,history,final_norm_lm_head,"void at::native::unrolled_elementwise_kernel<at::native::direct_copy_kernel_cuda(at::TensorIteratorBase &)::[lambda() (instance 3)]::operator ()() const::[lambda() (instance 7)]::operator ()() const::[lambda(float) (instance 1)], std::array<char *, (unsigned long)2>, (int)4, TrivialOffsetCalculator<(int)1, unsigned int>, TrivialOffsetCalculator<(int)1, unsigned int>, at::native::memory::LoadWithCast<(int)1>, at::native::memory::StoreWithCast<(int)1>>(int, T1, T2, T4, T5, T6, T7)",129,2.865002
11,dense_prefetch,cold,history,final_norm_lm_head,"void at::native::vectorized_elementwise_kernel<(int)4, at::native::CUDAFunctor_add<float>, std::array<char *, (unsigned long)3>>(int, T2, T3)",64,1.335298
11,dense_prefetch,cold,history,final_norm_lm_head,kernel_cutlass_kernel_flashinfernormkernelsrmsnormRMSNormKernel_object_at__tensorptrf32gmemalign128oi64716871681_tensorptrf32gmemalign16o71681_tensorptrf32gmemalign128oi64716871681___True_0,64,0.998979
11,dense_prefetch,cold,history,final_norm_lm_head,"void at::native::vectorized_elementwise_kernel<(int)8, at::native::bfloat16_copy_kernel_cuda(at::TensorIteratorBase &)::[lambda(float) (instance 1)], std::array<char *, (unsigned long)2>>(int, T2, T3)",64,0.52704
11,dense_prefetch,cold,history,exact_topk,"void flashinfer::sampling::FinalizeTopKIndicesKernel<(bool)1, (flashinfer::sampling::FilteredTopKMode)0, (unsigned int)256, (unsigned int)8, float, int, flashinfer::sampling::DirectPageTableKernelPolicy<int>, >(T6 *, T5 *, const T6 *, long, const T6 *, const T6 *, unsigned int, unsigned int, T8...)",630,35.307982
11,dense_prefetch,cold,history,exact_topk,"void flashinfer::sampling::StableSortTopKByValueKernel<(unsigned int)256, (unsigned int)8, int, float>(T3 *, T4 *, unsigned int, unsigned int)",630,45.35932
11,dense_prefetch,cold,history,chunk,"void at::native::<unnamed>::CatArrayBatchedCopy_vectorized<at::native::<unnamed>::OpaqueType<(unsigned int)2>, unsigned int, (int)1, (int)128, (int)1, (int)16, (int)8>(char *, at::native::<unnamed>::CatArrInputTensorMetadata<T1, T2, T4, T5>, at::native::<unnamed>::TensorSizeStride<T2, (unsigned int)4>, int, T2)",1,0.436929
11,dense_prefetch,cold,candidate,forward,"void at::native::reduce_kernel<(int)512, (int)1, at::native::ReduceOp<long, at::native::func_wrapper_t<long, at::native::MinNanFunctor<long>>, unsigned int, long, (int)4, (int)4>>(T3)",1,0.00224
11,dense_prefetch,cold,candidate,forward,"void at::native::reduce_kernel<(int)512, (int)1, at::native::ReduceOp<long, at::native::func_wrapper_t<long, at::native::MaxNanFunctor<long>>, unsigned int, long, (int)4, (int)4>>(T3)",1,0.002112
11,dense_prefetch,cold,candidate,forward,"void at::native::vectorized_elementwise_kernel<(int)2, at::native::FillFunctor<long>, std::array<char *, (unsigned long)1>>(int, T2, T3)",5,0.004096
11,dense_prefetch,cold,candidate,forward,"void at::native::unrolled_elementwise_kernel<at::native::FillFunctor<long>, std::array<char *, (unsigned long)1>, (int)4, TrivialOffsetCalculator<(int)0, unsigned int>, TrivialOffsetCalculator<(int)1, unsigned int>, at::native::memory::LoadWithoutCast, at::native::memory::StoreWithoutCast>(int, T1, T2, T4, T5, T6, T7)",5,0.003648
11,dense_prefetch,cold,candidate,embedding,"void at::native::vectorized_gather_kernel<(int)16, long>(char *, char *, T2 *, int, long, long, long, long, bool)",1,0.00368
11,dense_prefetch,cold,candidate,pool_operation,"echo_native::protect_resident_history_kernel(const int *, const int *, int, long *, long *, int, int, long)",10,0.029184
11,dense_prefetch,cold,candidate,compute_graph_projection_inputs,"void at::native::vectorized_elementwise_kernel<(int)2, at::native::FillFunctor<long>, std::array<char *, (unsigned long)1>>(int, T2, T3)",10,0.007936
11,dense_prefetch,cold,candidate,compute_graph_projection_layer_0_q_128,kernel_cutlass_kernel_operatorsdeepseek_v32norm_plainLocalPlainRMSNorm_object_at__tensorptrbf16gmemalign128oi64716871681_tensorptrf32gmemalign16o71681_tensorptrbf16gmemalign128oi647168716_0,1,0.003008
11,dense_prefetch,cold,candidate,compute_graph_projection_layer_0_q_128,"void at::native::elementwise_kernel<(int)128, (int)2, void at::native::gpu_kernel_impl_nocast<at::native::CUDAFunctor_add<long>>(at::TensorIteratorBase &, const T1 &)::[lambda(int) (instance 1)]>(int, T3)",1,0.001792
11,dense_prefetch,cold,candidate,compute_graph_projection_layer_0_q_128,"void at::native::unrolled_elementwise_kernel<at::native::direct_copy_kernel_cuda(at::TensorIteratorBase &)::[lambda() (instance 3)]::operator ()() const::[lambda() (instance 7)]::operator ()() const::[lambda(float) (instance 1)], std::array<char *, (unsigned long)2>, (int)4, TrivialOffsetCalculator<(int)1, unsigned int>, TrivialOffsetCalculator<(int)1, unsigned int>, at::native::memory::LoadWithCast<(int)1>, at::native::memory::StoreWithCast<(int)1>>(int, T1, T2, T4, T5, T6, T7)",3,0.008288
11,dense_prefetch,cold,candidate,compute_graph_projection_layer_0_q_128,kernel_cutlass_kernel_operatorsdeepseek_v32norm_plainLocalPlainRMSNorm_object_at__tensorptrbf16gmemalign128oi64153615361_tensorptrf32gmemalign16o15361_tensorptrbf16gmemalign128oi641536153_0,1,0.0024
11,dense_prefetch,cold,candidate,compute_graph_projection_layer_0_q_128,"void at::native::elementwise_kernel<(int)128, (int)2, void at::native::gpu_kernel_impl_nocast<at::native::BinaryFunctor<float, float, float, at::native::binary_internal::MulFunctor<float>>>(at::TensorIteratorBase &, const T1 &)::[lambda(int) (instance 1)]>(int, T3)",1,0.001536
11,dense_prefetch,cold,candidate,compute_graph_projection_layer_0_q_128,"void <unnamed>::elementwise_kernel_with_index<int, at::native::arange_cuda_out(const c10::Scalar &, const c10::Scalar &, const c10::Scalar &, at::Tensor &)::[lambda() (instance 1)]::operator ()() const::[lambda() (instance 4)]::operator ()() const::[lambda(long) (instance 1)]>(T1, T2, function_traits<T2>::result_type *)",1,0.000864
11,dense_prefetch,cold,candidate,compute_graph_projection_layer_0_q_128,"void at::native::vectorized_elementwise_kernel<(int)4, at::native::cos_kernel_cuda(at::TensorIteratorBase &)::[lambda() (instance 2)]::operator ()() const::[lambda() (instance 2)]::operator ()() const::[lambda(float) (instance 1)], std::array<char *, (unsigned long)2>>(int, T2, T3)",1,0.00176
11,dense_prefetch,cold,candidate,compute_graph_projection_layer_0_q_128,"void at::native::vectorized_elementwise_kernel<(int)4, at::native::sin_kernel_cuda(at::TensorIteratorBase &)::[lambda() (instance 2)]::operator ()() const::[lambda() (instance 2)]::operator ()() const::[lambda(float) (instance 1)], std::array<char *, (unsigned long)2>>(int, T2, T3)",1,0.00176
11,dense_prefetch,cold,candidate,compute_graph_projection_layer_0_q_128,"void at::native::<unnamed>::CatArrayBatchedCopy_vectorized<at::native::<unnamed>::OpaqueType<(unsigned int)4>, unsigned int, (int)2, (int)128, (int)1, (int)16, (int)4>(char *, at::native::<unnamed>::CatArrInputTensorMetadata<T1, T2, T4, T5>, at::native::<unnamed>::TensorSizeStride<T2, (unsigned int)4>, int, T2)",1,0.001376
11,dense_prefetch,cold,candidate,compute_graph_projection_layer_0_q_128,"void at::native::elementwise_kernel<(int)128, (int)4, void at::native::gpu_kernel_impl_nocast<at::native::direct_copy_kernel_cuda(at::TensorIteratorBase &)::[lambda() (instance 3)]::operator ()() const::[lambda() (instance 12)]::operator ()() const::[lambda(c10::BFloat16) (instance 1)]>(at::TensorIteratorBase &, const T1 &)::[lambda(int) (instance 1)]>(int, T3)",1,0.0024
11,dense_prefetch,cold,candidate,compute_graph_projection_layer_0_q_128,kernel_cutlass_kernel_operatorsdeepseek_v32norm_plainLocalPlainRMSNorm_object_at__tensorptrbf16gmemalign128oi645125121_tensorptrf32gmemalign16o5121_tensorptrbf16gmemalign128oi645125121____0,1,0.001504
11,dense_prefetch,cold,candidate,compute_graph_projection_layer_0_q_128,"void flashinfer::BatchQKApplyRotaryPosIdsCosSinCacheHeadParallelismKernel<(bool)1, (unsigned int)64, (unsigned int)8, (unsigned int)8, __nv_bfloat16, long>(T5 *, T5 *, T5 *, T5 *, float *, T6 *, unsigned int, unsigned int, unsigned int, unsigned int, unsigned long, unsigned long, unsigned long, unsigned long, unsigned long, unsigned long, unsigned long, unsigned long)",1,0.002752
11,dense_prefetch,cold,candidate,compute_graph_projection_layer_0_q_128,"void at::native::<unnamed>::vectorized_layer_norm_kernel<float, float, (bool)0>(int, T2, const T1 *, const T1 *, const T1 *, T2 *, T2 *, T1 *)",1,0.003136
11,dense_prefetch,cold,candidate,compute_graph_projection_layer_0_q_128,"void at::native::vectorized_elementwise_kernel<(int)8, at::native::bfloat16_copy_kernel_cuda(at::TensorIteratorBase &)::[lambda(float) (instance 1)], std::array<char *, (unsigned long)2>>(int, T2, T3)",1,0.001184
11,dense_prefetch,cold,candidate,compute_graph_projection_layer_0_q_128,"void flashinfer::BatchQKApplyRotaryPosIdsCosSinCacheHeadParallelismKernel<(bool)0, (unsigned int)128, (unsigned int)8, (unsigned int)16, __nv_bfloat16, long>(T5 *, T5 *, T5 *, T5 *, float *, T6 *, unsigned int, unsigned int, unsigned int, unsigned int, unsigned long, unsigned long, unsigned long, unsigned long, unsigned long, unsigned long, unsigned long, unsigned long)",1,0.002496
11,dense_prefetch,cold,candidate,compute_graph_projection_layer_0_q_128,quantize_kernel,2,0.003072
11,dense_prefetch,cold,candidate,compute_graph_projection_layer_0_q_128,"void at::native::vectorized_elementwise_kernel<(int)4, at::native::AUnaryFunctor<float, float, float, at::native::binary_internal::MulFunctor<float>>, std::array<char *, (unsigned long)2>>(int, T2, T3)",2,0.002208
11,dense_prefetch,cold,candidate,compute_graph_projection_layer_0_q_128,"void at::native::vectorized_elementwise_kernel<(int)4, at::native::BinaryFunctor<float, float, float, at::native::binary_internal::MulFunctor<float>>, std::array<char *, (unsigned long)3>>(int, T2, T3)",1,0.001216
11,dense_prefetch,cold,candidate,compute_graph_projection_layer_0_q_128,"void at::native::<unnamed>::CatArrayBatchedCopy_vectorized<at::native::<unnamed>::OpaqueType<(unsigned int)2>, unsigned int, (int)2, (int)128, (int)1, (int)16, (int)8>(char *, at::native::<unnamed>::CatArrInputTensorMetadata<T1, T2, T4, T5>, at::native::<unnamed>::TensorSizeStride<T2, (unsigned int)4>, int, T2)",1,0.00208
11,dense_prefetch,cold,candidate,exact_topk,"void at::native::elementwise_kernel<(int)128, (int)2, void at::native::gpu_kernel_impl_nocast<at::native::direct_copy_kernel_cuda(at::TensorIteratorBase &)::[lambda() (instance 3)]::operator ()() const::[lambda() (instance 7)]::operator ()() const::[lambda(float) (instance 1)]>(at::TensorIteratorBase &, const T1 &)::[lambda(int) (instance 1)]>(int, T3)",10,0.248706
11,dense_prefetch,cold,candidate,exact_topk,"void flashinfer::sampling::FilteredTopKUnifiedKernel<float, int, (int)4, (bool)1, (flashinfer::sampling::FilteredTopKMode)0, (flashinfer::sampling::TopKTieBreak)1, flashinfer::sampling::DirectPageTableKernelPolicy<int>, >(const T1 *, T2 *, T1 *, const T2 *, long, const T2 *, const T2 *, const T2 *, const T2 *, unsigned int, unsigned int, unsigned int, T8...)",10,0.348097
11,dense_prefetch,cold,candidate,exact_topk,"void flashinfer::sampling::FinalizeTopKIndicesKernel<(bool)1, (flashinfer::sampling::FilteredTopKMode)0, (unsigned int)256, (unsigned int)8, float, int, flashinfer::sampling::DirectPageTableKernelPolicy<int>, >(T6 *, T5 *, const T6 *, long, const T6 *, const T6 *, unsigned int, unsigned int, T8...)",10,0.115872
11,dense_prefetch,cold,candidate,exact_topk,"void flashinfer::sampling::StableSortTopKByValueKernel<(unsigned int)256, (unsigned int)8, int, float>(T3 *, T4 *, unsigned int, unsigned int)",10,0.144896
11,dense_prefetch,cold,candidate,exact_topk,mask_kernel,10,0.013216
11,dense_prefetch,cold,candidate,pool_operation,"echo_native::resident_union_clear(unsigned int *, long, unsigned int *)",10,0.010016
11,dense_prefetch,cold,candidate,pool_operation,"void echo_native::resident_selection_kernel<(bool)0>(const int *, int *, long, const int *, const int *, int, long *, long *, unsigned int *, unsigned int *, unsigned long long *, int, int, bool, int, int, long)",10,0.325024
11,dense_prefetch,cold,candidate,compute_graph_finish_layer_0_q_128,kernel_cutlass_kernel_operatorsdeepseek_v32norm_fusedLocalFusedRMSNorm_object_at__tensorptrbf16gmemalign128oi64716871681_tensorptrbf16gmemalign128oi64716871681_tensorptrf32gmemalign16o716_0,1,0.003424
11,dense_prefetch,cold,candidate,compute_graph_finish_layer_0_q_128,"void flashinfer::activation::act_and_mul_kernel<__nv_bfloat16, &silu>(T1 *, const T1 *, int)",1,0.005024
11,dense_prefetch,cold,candidate,compute_graph_projection_layer_1_q_128,kernel_cutlass_kernel_operatorsdeepseek_v32norm_fusedLocalFusedRMSNorm_object_at__tensorptrbf16gmemalign128oi64716871681_tensorptrbf16gmemalign128oi64716871681_tensorptrf32gmemalign16o716_0,1,0.003872
11,dense_prefetch,cold,candidate,compute_graph_projection_layer_1_q_128,"void at::native::elementwise_kernel<(int)128, (int)2, void at::native::gpu_kernel_impl_nocast<at::native::CUDAFunctor_add<long>>(at::TensorIteratorBase &, const T1 &)::[lambda(int) (instance 1)]>(int, T3)",1,0.002048
11,dense_prefetch,cold,candidate,compute_graph_projection_layer_1_q_128,"void at::native::unrolled_elementwise_kernel<at::native::direct_copy_kernel_cuda(at::TensorIteratorBase &)::[lambda() (instance 3)]::operator ()() const::[lambda() (instance 7)]::operator ()() const::[lambda(float) (instance 1)], std::array<char *, (unsigned long)2>, (int)4, TrivialOffsetCalculator<(int)1, unsigned int>, TrivialOffsetCalculator<(int)1, unsigned int>, at::native::memory::LoadWithCast<(int)1>, at::native::memory::StoreWithCast<(int)1>>(int, T1, T2, T4, T5, T6, T7)",3,0.008128
11,dense_prefetch,cold,candidate,compute_graph_projection_layer_1_q_128,kernel_cutlass_kernel_operatorsdeepseek_v32norm_plainLocalPlainRMSNorm_object_at__tensorptrbf16gmemalign128oi64153615361_tensorptrf32gmemalign16o15361_tensorptrbf16gmemalign128oi641536153_0,1,0.002336
11,dense_prefetch,cold,candidate,compute_graph_projection_layer_1_q_128,"void at::native::elementwise_kernel<(int)128, (int)2, void at::native::gpu_kernel_impl_nocast<at::native::BinaryFunctor<float, float, float, at::native::binary_internal::MulFunctor<float>>>(at::TensorIteratorBase &, const T1 &)::[lambda(int) (instance 1)]>(int, T3)",1,0.001504
11,dense_prefetch,cold,candidate,compute_graph_projection_layer_1_q_128,"void <unnamed>::elementwise_kernel_with_index<int, at::native::arange_cuda_out(const c10::Scalar &, const c10::Scalar &, const c10::Scalar &, at::Tensor &)::[lambda() (instance 1)]::operator ()() const::[lambda() (instance 4)]::operator ()() const::[lambda(long) (instance 1)]>(T1, T2, function_traits<T2>::result_type *)",1,0.000864
11,dense_prefetch,cold,candidate,compute_graph_projection_layer_1_q_128,"void at::native::vectorized_elementwise_kernel<(int)4, at::native::cos_kernel_cuda(at::TensorIteratorBase &)::[lambda() (instance 2)]::operator ()() const::[lambda() (instance 2)]::operator ()() const::[lambda(float) (instance 1)], std::array<char *, (unsigned long)2>>(int, T2, T3)",1,0.00176
11,dense_prefetch,cold,candidate,compute_graph_projection_layer_1_q_128,"void at::native::vectorized_elementwise_kernel<(int)4, at::native::sin_kernel_cuda(at::TensorIteratorBase &)::[lambda() (instance 2)]::operator ()() const::[lambda() (instance 2)]::operator ()() const::[lambda(float) (instance 1)], std::array<char *, (unsigned long)2>>(int, T2, T3)",1,0.001792
11,dense_prefetch,cold,candidate,compute_graph_projection_layer_1_q_128,"void at::native::<unnamed>::CatArrayBatchedCopy_vectorized<at::native::<unnamed>::OpaqueType<(unsigned int)4>, unsigned int, (int)2, (int)128, (int)1, (int)16, (int)4>(char *, at::native::<unnamed>::CatArrInputTensorMetadata<T1, T2, T4, T5>, at::native::<unnamed>::TensorSizeStride<T2, (unsigned int)4>, int, T2)",1,0.001344
11,dense_prefetch,cold,candidate,compute_graph_projection_layer_1_q_128,"void at::native::elementwise_kernel<(int)128, (int)4, void at::native::gpu_kernel_impl_nocast<at::native::direct_copy_kernel_cuda(at::TensorIteratorBase &)::[lambda() (instance 3)]::operator ()() const::[lambda() (instance 12)]::operator ()() const::[lambda(c10::BFloat16) (instance 1)]>(at::TensorIteratorBase &, const T1 &)::[lambda(int) (instance 1)]>(int, T3)",1,0.002496
11,dense_prefetch,cold,candidate,compute_graph_projection_layer_1_q_128,kernel_cutlass_kernel_operatorsdeepseek_v32norm_plainLocalPlainRMSNorm_object_at__tensorptrbf16gmemalign128oi645125121_tensorptrf32gmemalign16o5121_tensorptrbf16gmemalign128oi645125121____0,1,0.001536
11,dense_prefetch,cold,candidate,compute_graph_projection_layer_1_q_128,"void flashinfer::BatchQKApplyRotaryPosIdsCosSinCacheHeadParallelismKernel<(bool)1, (unsigned int)64, (unsigned int)8, (unsigned int)8, __nv_bfloat16, long>(T5 *, T5 *, T5 *, T5 *, float *, T6 *, unsigned int, unsigned int, unsigned int, unsigned int, unsigned long, unsigned long, unsigned long, unsigned long, unsigned long, unsigned long, unsigned long, unsigned long)",1,0.002784
11,dense_prefetch,cold,candidate,compute_graph_projection_layer_1_q_128,"void at::native::<unnamed>::vectorized_layer_norm_kernel<float, float, (bool)0>(int, T2, const T1 *, const T1 *, const T1 *, T2 *, T2 *, T1 *)",1,0.00304
11,dense_prefetch,cold,candidate,compute_graph_projection_layer_1_q_128,"void at::native::vectorized_elementwise_kernel<(int)8, at::native::bfloat16_copy_kernel_cuda(at::TensorIteratorBase &)::[lambda(float) (instance 1)], std::array<char *, (unsigned long)2>>(int, T2, T3)",1,0.001152
11,dense_prefetch,cold,candidate,compute_graph_projection_layer_1_q_128,"void flashinfer::BatchQKApplyRotaryPosIdsCosSinCacheHeadParallelismKernel<(bool)0, (unsigned int)128, (unsigned int)8, (unsigned int)16, __nv_bfloat16, long>(T5 *, T5 *, T5 *, T5 *, float *, T6 *, unsigned int, unsigned int, unsigned int, unsigned int, unsigned long, unsigned long, unsigned long, unsigned long, unsigned long, unsigned long, unsigned long, unsigned long)",1,0.002496
11,dense_prefetch,cold,candidate,compute_graph_projection_layer_1_q_128,quantize_kernel,2,0.00304
11,dense_prefetch,cold,candidate,compute_graph_projection_layer_1_q_128,"void at::native::vectorized_elementwise_kernel<(int)4, at::native::AUnaryFunctor<float, float, float, at::native::binary_internal::MulFunctor<float>>, std::array<char *, (unsigned long)2>>(int, T2, T3)",2,0.002112
11,dense_prefetch,cold,candidate,compute_graph_projection_layer_1_q_128,"void at::native::vectorized_elementwise_kernel<(int)4, at::native::BinaryFunctor<float, float, float, at::native::binary_internal::MulFunctor<float>>, std::array<char *, (unsigned long)3>>(int, T2, T3)",1,0.001184
11,dense_prefetch,cold,candidate,compute_graph_projection_layer_1_q_128,"void at::native::<unnamed>::CatArrayBatchedCopy_vectorized<at::native::<unnamed>::OpaqueType<(unsigned int)2>, unsigned int, (int)2, (int)128, (int)1, (int)16, (int)8>(char *, at::native::<unnamed>::CatArrInputTensorMetadata<T1, T2, T4, T5>, at::native::<unnamed>::TensorSizeStride<T2, (unsigned int)4>, int, T2)",1,0.002144
11,dense_prefetch,cold,candidate,compute_graph_finish_layer_1_q_128,kernel_cutlass_kernel_operatorsdeepseek_v32norm_fusedLocalFusedRMSNorm_object_at__tensorptrbf16gmemalign128oi64716871681_tensorptrbf16gmemalign128oi64716871681_tensorptrf32gmemalign16o716_0,1,0.003488
11,dense_prefetch,cold,candidate,compute_graph_finish_layer_1_q_128,"void flashinfer::activation::act_and_mul_kernel<__nv_bfloat16, &silu>(T1 *, const T1 *, int)",1,0.005184
11,dense_prefetch,cold,candidate,compute_graph_projection_layer_2_q_128,kernel_cutlass_kernel_operatorsdeepseek_v32norm_fusedLocalFusedRMSNorm_object_at__tensorptrbf16gmemalign128oi64716871681_tensorptrbf16gmemalign128oi64716871681_tensorptrf32gmemalign16o716_0,1,0.003552
11,dense_prefetch,cold,candidate,compute_graph_projection_layer_2_q_128,"void at::native::elementwise_kernel<(int)128, (int)2, void at::native::gpu_kernel_impl_nocast<at::native::CUDAFunctor_add<long>>(at::TensorIteratorBase &, const T1 &)::[lambda(int) (instance 1)]>(int, T3)",1,0.001888
11,dense_prefetch,cold,candidate,compute_graph_projection_layer_2_q_128,"void at::native::unrolled_elementwise_kernel<at::native::direct_copy_kernel_cuda(at::TensorIteratorBase &)::[lambda() (instance 3)]::operator ()() const::[lambda() (instance 7)]::operator ()() const::[lambda(float) (instance 1)], std::array<char *, (unsigned long)2>, (int)4, TrivialOffsetCalculator<(int)1, unsigned int>, TrivialOffsetCalculator<(int)1, unsigned int>, at::native::memory::LoadWithCast<(int)1>, at::native::memory::StoreWithCast<(int)1>>(int, T1, T2, T4, T5, T6, T7)",3,0.008512
11,dense_prefetch,cold,candidate,compute_graph_projection_layer_2_q_128,kernel_cutlass_kernel_operatorsdeepseek_v32norm_plainLocalPlainRMSNorm_object_at__tensorptrbf16gmemalign128oi64153615361_tensorptrf32gmemalign16o15361_tensorptrbf16gmemalign128oi641536153_0,1,0.002432
11,dense_prefetch,cold,candidate,compute_graph_projection_layer_2_q_128,"void at::native::elementwise_kernel<(int)128, (int)2, void at::native::gpu_kernel_impl_nocast<at::native::BinaryFunctor<float, float, float, at::native::binary_internal::MulFunctor<float>>>(at::TensorIteratorBase &, const T1 &)::[lambda(int) (instance 1)]>(int, T3)",1,0.001536
11,dense_prefetch,cold,candidate,compute_graph_projection_layer_2_q_128,"void <unnamed>::elementwise_kernel_with_index<int, at::native::arange_cuda_out(const c10::Scalar &, const c10::Scalar &, const c10::Scalar &, at::Tensor &)::[lambda() (instance 1)]::operator ()() const::[lambda() (instance 4)]::operator ()() const::[lambda(long) (instance 1)]>(T1, T2, function_traits<T2>::result_type *)",1,0.000864
11,dense_prefetch,cold,candidate,compute_graph_projection_layer_2_q_128,"void at::native::vectorized_elementwise_kernel<(int)4, at::native::cos_kernel_cuda(at::TensorIteratorBase &)::[lambda() (instance 2)]::operator ()() const::[lambda() (instance 2)]::operator ()() const::[lambda(float) (instance 1)], std::array<char *, (unsigned long)2>>(int, T2, T3)",1,0.00176
11,dense_prefetch,cold,candidate,compute_graph_projection_layer_2_q_128,"void at::native::vectorized_elementwise_kernel<(int)4, at::native::sin_kernel_cuda(at::TensorIteratorBase &)::[lambda() (instance 2)]::operator ()() const::[lambda() (instance 2)]::operator ()() const::[lambda(float) (instance 1)], std::array<char *, (unsigned long)2>>(int, T2, T3)",1,0.00176
11,dense_prefetch,cold,candidate,compute_graph_projection_layer_2_q_128,"void at::native::<unnamed>::CatArrayBatchedCopy_vectorized<at::native::<unnamed>::OpaqueType<(unsigned int)4>, unsigned int, (int)2, (int)128, (int)1, (int)16, (int)4>(char *, at::native::<unnamed>::CatArrInputTensorMetadata<T1, T2, T4, T5>, at::native::<unnamed>::TensorSizeStride<T2, (unsigned int)4>, int, T2)",1,0.001344
11,dense_prefetch,cold,candidate,compute_graph_projection_layer_2_q_128,"void at::native::elementwise_kernel<(int)128, (int)4, void at::native::gpu_kernel_impl_nocast<at::native::direct_copy_kernel_cuda(at::TensorIteratorBase &)::[lambda() (instance 3)]::operator ()() const::[lambda() (instance 12)]::operator ()() const::[lambda(c10::BFloat16) (instance 1)]>(at::TensorIteratorBase &, const T1 &)::[lambda(int) (instance 1)]>(int, T3)",1,0.0024
11,dense_prefetch,cold,candidate,compute_graph_projection_layer_2_q_128,kernel_cutlass_kernel_operatorsdeepseek_v32norm_plainLocalPlainRMSNorm_object_at__tensorptrbf16gmemalign128oi645125121_tensorptrf32gmemalign16o5121_tensorptrbf16gmemalign128oi645125121____0,1,0.001472
11,dense_prefetch,cold,candidate,compute_graph_projection_layer_2_q_128,"void flashinfer::BatchQKApplyRotaryPosIdsCosSinCacheHeadParallelismKernel<(bool)1, (unsigned int)64, (unsigned int)8, (unsigned int)8, __nv_bfloat16, long>(T5 *, T5 *, T5 *, T5 *, float *, T6 *, unsigned int, unsigned int, unsigned int, unsigned int, unsigned long, unsigned long, unsigned long, unsigned long, unsigned long, unsigned long, unsigned long, unsigned long)",1,0.002816
11,dense_prefetch,cold,candidate,compute_graph_projection_layer_2_q_128,"void at::native::<unnamed>::vectorized_layer_norm_kernel<float, float, (bool)0>(int, T2, const T1 *, const T1 *, const T1 *, T2 *, T2 *, T1 *)",1,0.003232
11,dense_prefetch,cold,candidate,compute_graph_projection_layer_2_q_128,"void at::native::vectorized_elementwise_kernel<(int)8, at::native::bfloat16_copy_kernel_cuda(at::TensorIteratorBase &)::[lambda(float) (instance 1)], std::array<char *, (unsigned long)2>>(int, T2, T3)",1,0.001184
11,dense_prefetch,cold,candidate,compute_graph_projection_layer_2_q_128,"void flashinfer::BatchQKApplyRotaryPosIdsCosSinCacheHeadParallelismKernel<(bool)0, (unsigned int)128, (unsigned int)8, (unsigned int)16, __nv_bfloat16, long>(T5 *, T5 *, T5 *, T5 *, float *, T6 *, unsigned int, unsigned int, unsigned int, unsigned int, unsigned long, unsigned long, unsigned long, unsigned long, unsigned long, unsigned long, unsigned long, unsigned long)",1,0.002464
11,dense_prefetch,cold,candidate,compute_graph_projection_layer_2_q_128,quantize_kernel,2,0.003072
11,dense_prefetch,cold,candidate,compute_graph_projection_layer_2_q_128,"void at::native::vectorized_elementwise_kernel<(int)4, at::native::AUnaryFunctor<float, float, float, at::native::binary_internal::MulFunctor<float>>, std::array<char *, (unsigned long)2>>(int, T2, T3)",2,0.002144
11,dense_prefetch,cold,candidate,compute_graph_projection_layer_2_q_128,"void at::native::vectorized_elementwise_kernel<(int)4, at::native::BinaryFunctor<float, float, float, at::native::binary_internal::MulFunctor<float>>, std::array<char *, (unsigned long)3>>(int, T2, T3)",1,0.001184
11,dense_prefetch,cold,candidate,compute_graph_projection_layer_2_q_128,"void at::native::<unnamed>::CatArrayBatchedCopy_vectorized<at::native::<unnamed>::OpaqueType<(unsigned int)2>, unsigned int, (int)2, (int)128, (int)1, (int)16, (int)8>(char *, at::native::<unnamed>::CatArrInputTensorMetadata<T1, T2, T4, T5>, at::native::<unnamed>::TensorSizeStride<T2, (unsigned int)4>, int, T2)",1,0.00208
11,dense_prefetch,cold,candidate,compute_graph_finish_layer_2_q_128,kernel_cutlass_kernel_operatorsdeepseek_v32norm_fusedLocalFusedRMSNorm_object_at__tensorptrbf16gmemalign128oi64716871681_tensorptrbf16gmemalign128oi64716871681_tensorptrf32gmemalign16o716_0,1,0.003424
11,dense_prefetch,cold,candidate,compute_graph_finish_layer_2_q_128,"void flashinfer::activation::act_and_mul_kernel<__nv_bfloat16, &silu>(T1 *, const T1 *, int)",1,0.004896
11,dense_prefetch,cold,candidate,compute_graph_projection_layer_3_q_128,kernel_cutlass_kernel_operatorsdeepseek_v32norm_plainLocalPlainRMSNorm_object_at__tensorptrbf16gmemalign128oi64716871681_tensorptrf32gmemalign16o71681_tensorptrbf16gmemalign128oi647168716_0,1,0.003104
11,dense_prefetch,cold,candidate,compute_graph_projection_layer_3_q_128,"void at::native::elementwise_kernel<(int)128, (int)2, void at::native::gpu_kernel_impl_nocast<at::native::CUDAFunctor_add<long>>(at::TensorIteratorBase &, const T1 &)::[lambda(int) (instance 1)]>(int, T3)",1,0.001984
11,dense_prefetch,cold,candidate,compute_graph_projection_layer_3_q_128,"void at::native::unrolled_elementwise_kernel<at::native::direct_copy_kernel_cuda(at::TensorIteratorBase &)::[lambda() (instance 3)]::operator ()() const::[lambda() (instance 7)]::operator ()() const::[lambda(float) (instance 1)], std::array<char *, (unsigned long)2>, (int)4, TrivialOffsetCalculator<(int)1, unsigned int>, TrivialOffsetCalculator<(int)1, unsigned int>, at::native::memory::LoadWithCast<(int)1>, at::native::memory::StoreWithCast<(int)1>>(int, T1, T2, T4, T5, T6, T7)",3,0.007968
11,dense_prefetch,cold,candidate,compute_graph_projection_layer_3_q_128,kernel_cutlass_kernel_operatorsdeepseek_v32norm_plainLocalPlainRMSNorm_object_at__tensorptrbf16gmemalign128oi64153615361_tensorptrf32gmemalign16o15361_tensorptrbf16gmemalign128oi641536153_0,1,0.00224
11,dense_prefetch,cold,candidate,compute_graph_projection_layer_3_q_128,"void at::native::elementwise_kernel<(int)128, (int)2, void at::native::gpu_kernel_impl_nocast<at::native::BinaryFunctor<float, float, float, at::native::binary_internal::MulFunctor<float>>>(at::TensorIteratorBase &, const T1 &)::[lambda(int) (instance 1)]>(int, T3)",1,0.001472
11,dense_prefetch,cold,candidate,compute_graph_projection_layer_3_q_128,"void <unnamed>::elementwise_kernel_with_index<int, at::native::arange_cuda_out(const c10::Scalar &, const c10::Scalar &, const c10::Scalar &, at::Tensor &)::[lambda() (instance 1)]::operator ()() const::[lambda() (instance 4)]::operator ()() const::[lambda(long) (instance 1)]>(T1, T2, function_traits<T2>::result_type *)",1,0.000864
11,dense_prefetch,cold,candidate,compute_graph_projection_layer_3_q_128,"void at::native::vectorized_elementwise_kernel<(int)4, at::native::cos_kernel_cuda(at::TensorIteratorBase &)::[lambda() (instance 2)]::operator ()() const::[lambda() (instance 2)]::operator ()() const::[lambda(float) (instance 1)], std::array<char *, (unsigned long)2>>(int, T2, T3)",1,0.001664
11,dense_prefetch,cold,candidate,compute_graph_projection_layer_3_q_128,"void at::native::vectorized_elementwise_kernel<(int)4, at::native::sin_kernel_cuda(at::TensorIteratorBase &)::[lambda() (instance 2)]::operator ()() const::[lambda() (instance 2)]::operator ()() const::[lambda(float) (instance 1)], std::array<char *, (unsigned long)2>>(int, T2, T3)",1,0.001728
11,dense_prefetch,cold,candidate,compute_graph_projection_layer_3_q_128,"void at::native::<unnamed>::CatArrayBatchedCopy_vectorized<at::native::<unnamed>::OpaqueType<(unsigned int)4>, unsigned int, (int)2, (int)128, (int)1, (int)16, (int)4>(char *, at::native::<unnamed>::CatArrInputTensorMetadata<T1, T2, T4, T5>, at::native::<unnamed>::TensorSizeStride<T2, (unsigned int)4>, int, T2)",1,0.00128
11,dense_prefetch,cold,candidate,compute_graph_projection_layer_3_q_128,"void at::native::elementwise_kernel<(int)128, (int)4, void at::native::gpu_kernel_impl_nocast<at::native::direct_copy_kernel_cuda(at::TensorIteratorBase &)::[lambda() (instance 3)]::operator ()() const::[lambda() (instance 12)]::operator ()() const::[lambda(c10::BFloat16) (instance 1)]>(at::TensorIteratorBase &, const T1 &)::[lambda(int) (instance 1)]>(int, T3)",1,0.002368
11,dense_prefetch,cold,candidate,compute_graph_projection_layer_3_q_128,kernel_cutlass_kernel_operatorsdeepseek_v32norm_plainLocalPlainRMSNorm_object_at__tensorptrbf16gmemalign128oi645125121_tensorptrf32gmemalign16o5121_tensorptrbf16gmemalign128oi645125121____0,1,0.001376
11,dense_prefetch,cold,candidate,compute_graph_projection_layer_3_q_128,"void flashinfer::BatchQKApplyRotaryPosIdsCosSinCacheHeadParallelismKernel<(bool)1, (unsigned int)64, (unsigned int)8, (unsigned int)8, __nv_bfloat16, long>(T5 *, T5 *, T5 *, T5 *, float *, T6 *, unsigned int, unsigned int, unsigned int, unsigned int, unsigned long, unsigned long, unsigned long, unsigned long, unsigned long, unsigned long, unsigned long, unsigned long)",1,0.002752
11,dense_prefetch,cold,candidate,compute_graph_projection_layer_3_q_128,"void at::native::<unnamed>::vectorized_layer_norm_kernel<float, float, (bool)0>(int, T2, const T1 *, const T1 *, const T1 *, T2 *, T2 *, T1 *)",1,0.003072
11,dense_prefetch,cold,candidate,compute_graph_projection_layer_3_q_128,"void at::native::vectorized_elementwise_kernel<(int)8, at::native::bfloat16_copy_kernel_cuda(at::TensorIteratorBase &)::[lambda(float) (instance 1)], std::array<char *, (unsigned long)2>>(int, T2, T3)",1,0.001184
11,dense_prefetch,cold,candidate,compute_graph_projection_layer_3_q_128,"void flashinfer::BatchQKApplyRotaryPosIdsCosSinCacheHeadParallelismKernel<(bool)0, (unsigned int)128, (unsigned int)8, (unsigned int)16, __nv_bfloat16, long>(T5 *, T5 *, T5 *, T5 *, float *, T6 *, unsigned int, unsigned int, unsigned int, unsigned int, unsigned long, unsigned long, unsigned long, unsigned long, unsigned long, unsigned long, unsigned long, unsigned long)",1,0.002368
11,dense_prefetch,cold,candidate,compute_graph_projection_layer_3_q_128,quantize_kernel,2,0.003008
11,dense_prefetch,cold,candidate,compute_graph_projection_layer_3_q_128,"void at::native::vectorized_elementwise_kernel<(int)4, at::native::AUnaryFunctor<float, float, float, at::native::binary_internal::MulFunctor<float>>, std::array<char *, (unsigned long)2>>(int, T2, T3)",2,0.002144
11,dense_prefetch,cold,candidate,compute_graph_projection_layer_3_q_128,"void at::native::vectorized_elementwise_kernel<(int)4, at::native::BinaryFunctor<float, float, float, at::native::binary_internal::MulFunctor<float>>, std::array<char *, (unsigned long)3>>(int, T2, T3)",1,0.00112
11,dense_prefetch,cold,candidate,compute_graph_projection_layer_3_q_128,"void at::native::<unnamed>::CatArrayBatchedCopy_vectorized<at::native::<unnamed>::OpaqueType<(unsigned int)2>, unsigned int, (int)2, (int)128, (int)1, (int)16, (int)8>(char *, at::native::<unnamed>::CatArrInputTensorMetadata<T1, T2, T4, T5>, at::native::<unnamed>::TensorSizeStride<T2, (unsigned int)4>, int, T2)",1,0.001856
11,dense_prefetch,cold,candidate,compute_graph_finish_layer_3_q_128,kernel_cutlass_kernel_operatorsdeepseek_v32norm_fusedLocalFusedRMSNorm_object_at__tensorptrbf16gmemalign128oi64716871681_tensorptrbf16gmemalign128oi64716871681_tensorptrf32gmemalign16o716_0,1,0.003424
11,dense_prefetch,cold,candidate,compute_graph_finish_layer_3_q_128,"void flashinfer::activation::act_and_mul_kernel<__nv_bfloat16, &silu>(T1 *, const T1 *, int)",1,0.004928
11,dense_prefetch,cold,candidate,compute_graph_projection_layer_4_q_128,kernel_cutlass_kernel_operatorsdeepseek_v32norm_fusedLocalFusedRMSNorm_object_at__tensorptrbf16gmemalign128oi64716871681_tensorptrbf16gmemalign128oi64716871681_tensorptrf32gmemalign16o716_0,1,0.003328
11,dense_prefetch,cold,candidate,compute_graph_projection_layer_4_q_128,"void at::native::elementwise_kernel<(int)128, (int)2, void at::native::gpu_kernel_impl_nocast<at::native::CUDAFunctor_add<long>>(at::TensorIteratorBase &, const T1 &)::[lambda(int) (instance 1)]>(int, T3)",1,0.001696
11,dense_prefetch,cold,candidate,compute_graph_projection_layer_4_q_128,"void at::native::unrolled_elementwise_kernel<at::native::direct_copy_kernel_cuda(at::TensorIteratorBase &)::[lambda() (instance 3)]::operator ()() const::[lambda() (instance 7)]::operator ()() const::[lambda(float) (instance 1)], std::array<char *, (unsigned long)2>, (int)4, TrivialOffsetCalculator<(int)1, unsigned int>, TrivialOffsetCalculator<(int)1, unsigned int>, at::native::memory::LoadWithCast<(int)1>, at::native::memory::StoreWithCast<(int)1>>(int, T1, T2, T4, T5, T6, T7)",3,0.007777
11,dense_prefetch,cold,candidate,compute_graph_projection_layer_4_q_128,kernel_cutlass_kernel_operatorsdeepseek_v32norm_plainLocalPlainRMSNorm_object_at__tensorptrbf16gmemalign128oi64153615361_tensorptrf32gmemalign16o15361_tensorptrbf16gmemalign128oi641536153_0,1,0.002112
11,dense_prefetch,cold,candidate,compute_graph_projection_layer_4_q_128,"void at::native::elementwise_kernel<(int)128, (int)2, void at::native::gpu_kernel_impl_nocast<at::native::BinaryFunctor<float, float, float, at::native::binary_internal::MulFunctor<float>>>(at::TensorIteratorBase &, const T1 &)::[lambda(int) (instance 1)]>(int, T3)",1,0.001536
11,dense_prefetch,cold,candidate,compute_graph_projection_layer_4_q_128,"void <unnamed>::elementwise_kernel_with_index<int, at::native::arange_cuda_out(const c10::Scalar &, const c10::Scalar &, const c10::Scalar &, at::Tensor &)::[lambda() (instance 1)]::operator ()() const::[lambda() (instance 4)]::operator ()() const::[lambda(long) (instance 1)]>(T1, T2, function_traits<T2>::result_type *)",1,0.000832
11,dense_prefetch,cold,candidate,compute_graph_projection_layer_4_q_128,"void at::native::vectorized_elementwise_kernel<(int)4, at::native::cos_kernel_cuda(at::TensorIteratorBase &)::[lambda() (instance 2)]::operator ()() const::[lambda() (instance 2)]::operator ()() const::[lambda(float) (instance 1)], std::array<char *, (unsigned long)2>>(int, T2, T3)",1,0.001696
11,dense_prefetch,cold,candidate,compute_graph_projection_layer_4_q_128,"void at::native::vectorized_elementwise_kernel<(int)4, at::native::sin_kernel_cuda(at::TensorIteratorBase &)::[lambda() (instance 2)]::operator ()() const::[lambda() (instance 2)]::operator ()() const::[lambda(float) (instance 1)], std::array<char *, (unsigned long)2>>(int, T2, T3)",1,0.001728
11,dense_prefetch,cold,candidate,compute_graph_projection_layer_4_q_128,"void at::native::<unnamed>::CatArrayBatchedCopy_vectorized<at::native::<unnamed>::OpaqueType<(unsigned int)4>, unsigned int, (int)2, (int)128, (int)1, (int)16, (int)4>(char *, at::native::<unnamed>::CatArrInputTensorMetadata<T1, T2, T4, T5>, at::native::<unnamed>::TensorSizeStride<T2, (unsigned int)4>, int, T2)",1,0.001312
11,dense_prefetch,cold,candidate,compute_graph_projection_layer_4_q_128,"void at::native::elementwise_kernel<(int)128, (int)4, void at::native::gpu_kernel_impl_nocast<at::native::direct_copy_kernel_cuda(at::TensorIteratorBase &)::[lambda() (instance 3)]::operator ()() const::[lambda() (instance 12)]::operator ()() const::[lambda(c10::BFloat16) (instance 1)]>(at::TensorIteratorBase &, const T1 &)::[lambda(int) (instance 1)]>(int, T3)",1,0.002368
11,dense_prefetch,cold,candidate,compute_graph_projection_layer_4_q_128,kernel_cutlass_kernel_operatorsdeepseek_v32norm_plainLocalPlainRMSNorm_object_at__tensorptrbf16gmemalign128oi645125121_tensorptrf32gmemalign16o5121_tensorptrbf16gmemalign128oi645125121____0,1,0.001632
11,dense_prefetch,cold,candidate,compute_graph_projection_layer_4_q_128,"void flashinfer::BatchQKApplyRotaryPosIdsCosSinCacheHeadParallelismKernel<(bool)1, (unsigned int)64, (unsigned int)8, (unsigned int)8, __nv_bfloat16, long>(T5 *, T5 *, T5 *, T5 *, float *, T6 *, unsigned int, unsigned int, unsigned int, unsigned int, unsigned long, unsigned long, unsigned long, unsigned long, unsigned long, unsigned long, unsigned long, unsigned long)",1,0.00272
11,dense_prefetch,cold,candidate,compute_graph_projection_layer_4_q_128,"void at::native::<unnamed>::vectorized_layer_norm_kernel<float, float, (bool)0>(int, T2, const T1 *, const T1 *, const T1 *, T2 *, T2 *, T1 *)",1,0.003008
11,dense_prefetch,cold,candidate,compute_graph_projection_layer_4_q_128,"void at::native::vectorized_elementwise_kernel<(int)8, at::native::bfloat16_copy_kernel_cuda(at::TensorIteratorBase &)::[lambda(float) (instance 1)], std::array<char *, (unsigned long)2>>(int, T2, T3)",1,0.001152
11,dense_prefetch,cold,candidate,compute_graph_projection_layer_4_q_128,"void flashinfer::BatchQKApplyRotaryPosIdsCosSinCacheHeadParallelismKernel<(bool)0, (unsigned int)128, (unsigned int)8, (unsigned int)16, __nv_bfloat16, long>(T5 *, T5 *, T5 *, T5 *, float *, T6 *, unsigned int, unsigned int, unsigned int, unsigned int, unsigned long, unsigned long, unsigned long, unsigned long, unsigned long, unsigned long, unsigned long, unsigned long)",1,0.002432
11,dense_prefetch,cold,candidate,compute_graph_projection_layer_4_q_128,quantize_kernel,2,0.00304
11,dense_prefetch,cold,candidate,compute_graph_projection_layer_4_q_128,"void at::native::vectorized_elementwise_kernel<(int)4, at::native::AUnaryFunctor<float, float, float, at::native::binary_internal::MulFunctor<float>>, std::array<char *, (unsigned long)2>>(int, T2, T3)",2,0.00208
11,dense_prefetch,cold,candidate,compute_graph_projection_layer_4_q_128,"void at::native::vectorized_elementwise_kernel<(int)4, at::native::BinaryFunctor<float, float, float, at::native::binary_internal::MulFunctor<float>>, std::array<char *, (unsigned long)3>>(int, T2, T3)",1,0.001376
11,dense_prefetch,cold,candidate,compute_graph_projection_layer_4_q_128,"void at::native::<unnamed>::CatArrayBatchedCopy_vectorized<at::native::<unnamed>::OpaqueType<(unsigned int)2>, unsigned int, (int)2, (int)128, (int)1, (int)16, (int)8>(char *, at::native::<unnamed>::CatArrInputTensorMetadata<T1, T2, T4, T5>, at::native::<unnamed>::TensorSizeStride<T2, (unsigned int)4>, int, T2)",1,0.001952
11,dense_prefetch,cold,candidate,compute_graph_finish_layer_4_q_128,kernel_cutlass_kernel_operatorsdeepseek_v32norm_fusedLocalFusedRMSNorm_object_at__tensorptrbf16gmemalign128oi64716871681_tensorptrbf16gmemalign128oi64716871681_tensorptrf32gmemalign16o716_0,1,0.003392
11,dense_prefetch,cold,candidate,compute_graph_finish_layer_4_q_128,"void flashinfer::activation::act_and_mul_kernel<__nv_bfloat16, &silu>(T1 *, const T1 *, int)",1,0.00496
11,dense_prefetch,cold,candidate,compute_graph_projection_layer_5_q_128,kernel_cutlass_kernel_operatorsdeepseek_v32norm_fusedLocalFusedRMSNorm_object_at__tensorptrbf16gmemalign128oi64716871681_tensorptrbf16gmemalign128oi64716871681_tensorptrf32gmemalign16o716_0,1,0.003328
11,dense_prefetch,cold,candidate,compute_graph_projection_layer_5_q_128,"void at::native::elementwise_kernel<(int)128, (int)2, void at::native::gpu_kernel_impl_nocast<at::native::CUDAFunctor_add<long>>(at::TensorIteratorBase &, const T1 &)::[lambda(int) (instance 1)]>(int, T3)",1,0.001728
11,dense_prefetch,cold,candidate,compute_graph_projection_layer_5_q_128,"void at::native::unrolled_elementwise_kernel<at::native::direct_copy_kernel_cuda(at::TensorIteratorBase &)::[lambda() (instance 3)]::operator ()() const::[lambda() (instance 7)]::operator ()() const::[lambda(float) (instance 1)], std::array<char *, (unsigned long)2>, (int)4, TrivialOffsetCalculator<(int)1, unsigned int>, TrivialOffsetCalculator<(int)1, unsigned int>, at::native::memory::LoadWithCast<(int)1>, at::native::memory::StoreWithCast<(int)1>>(int, T1, T2, T4, T5, T6, T7)",3,0.008064
11,dense_prefetch,cold,candidate,compute_graph_projection_layer_5_q_128,kernel_cutlass_kernel_operatorsdeepseek_v32norm_plainLocalPlainRMSNorm_object_at__tensorptrbf16gmemalign128oi64153615361_tensorptrf32gmemalign16o15361_tensorptrbf16gmemalign128oi641536153_0,1,0.00208
11,dense_prefetch,cold,candidate,compute_graph_projection_layer_5_q_128,"void at::native::elementwise_kernel<(int)128, (int)2, void at::native::gpu_kernel_impl_nocast<at::native::BinaryFunctor<float, float, float, at::native::binary_internal::MulFunctor<float>>>(at::TensorIteratorBase &, const T1 &)::[lambda(int) (instance 1)]>(int, T3)",1,0.001728
11,dense_prefetch,cold,candidate,compute_graph_projection_layer_5_q_128,"void <unnamed>::elementwise_kernel_with_index<int, at::native::arange_cuda_out(const c10::Scalar &, const c10::Scalar &, const c10::Scalar &, at::Tensor &)::[lambda() (instance 1)]::operator ()() const::[lambda() (instance 4)]::operator ()() const::[lambda(long) (instance 1)]>(T1, T2, function_traits<T2>::result_type *)",1,0.0008
11,dense_prefetch,cold,candidate,compute_graph_projection_layer_5_q_128,"void at::native::vectorized_elementwise_kernel<(int)4, at::native::cos_kernel_cuda(at::TensorIteratorBase &)::[lambda() (instance 2)]::operator ()() const::[lambda() (instance 2)]::operator ()() const::[lambda(float) (instance 1)], std::array<char *, (unsigned long)2>>(int, T2, T3)",1,0.001664
11,dense_prefetch,cold,candidate,compute_graph_projection_layer_5_q_128,"void at::native::vectorized_elementwise_kernel<(int)4, at::native::sin_kernel_cuda(at::TensorIteratorBase &)::[lambda() (instance 2)]::operator ()() const::[lambda() (instance 2)]::operator ()() const::[lambda(float) (instance 1)], std::array<char *, (unsigned long)2>>(int, T2, T3)",1,0.001664
11,dense_prefetch,cold,candidate,compute_graph_projection_layer_5_q_128,"void at::native::<unnamed>::CatArrayBatchedCopy_vectorized<at::native::<unnamed>::OpaqueType<(unsigned int)4>, unsigned int, (int)2, (int)128, (int)1, (int)16, (int)4>(char *, at::native::<unnamed>::CatArrInputTensorMetadata<T1, T2, T4, T5>, at::native::<unnamed>::TensorSizeStride<T2, (unsigned int)4>, int, T2)",1,0.00128
11,dense_prefetch,cold,candidate,compute_graph_projection_layer_5_q_128,"void at::native::elementwise_kernel<(int)128, (int)4, void at::native::gpu_kernel_impl_nocast<at::native::direct_copy_kernel_cuda(at::TensorIteratorBase &)::[lambda() (instance 3)]::operator ()() const::[lambda() (instance 12)]::operator ()() const::[lambda(c10::BFloat16) (instance 1)]>(at::TensorIteratorBase &, const T1 &)::[lambda(int) (instance 1)]>(int, T3)",1,0.0024
11,dense_prefetch,cold,candidate,compute_graph_projection_layer_5_q_128,kernel_cutlass_kernel_operatorsdeepseek_v32norm_plainLocalPlainRMSNorm_object_at__tensorptrbf16gmemalign128oi645125121_tensorptrf32gmemalign16o5121_tensorptrbf16gmemalign128oi645125121____0,1,0.001504
11,dense_prefetch,cold,candidate,compute_graph_projection_layer_5_q_128,"void flashinfer::BatchQKApplyRotaryPosIdsCosSinCacheHeadParallelismKernel<(bool)1, (unsigned int)64, (unsigned int)8, (unsigned int)8, __nv_bfloat16, long>(T5 *, T5 *, T5 *, T5 *, float *, T6 *, unsigned int, unsigned int, unsigned int, unsigned int, unsigned long, unsigned long, unsigned long, unsigned long, unsigned long, unsigned long, unsigned long, unsigned long)",1,0.00272
11,dense_prefetch,cold,candidate,compute_graph_projection_layer_5_q_128,"void at::native::<unnamed>::vectorized_layer_norm_kernel<float, float, (bool)0>(int, T2, const T1 *, const T1 *, const T1 *, T2 *, T2 *, T1 *)",1,0.002976
11,dense_prefetch,cold,candidate,compute_graph_projection_layer_5_q_128,"void at::native::vectorized_elementwise_kernel<(int)8, at::native::bfloat16_copy_kernel_cuda(at::TensorIteratorBase &)::[lambda(float) (instance 1)], std::array<char *, (unsigned long)2>>(int, T2, T3)",1,0.001216
11,dense_prefetch,cold,candidate,compute_graph_projection_layer_5_q_128,"void flashinfer::BatchQKApplyRotaryPosIdsCosSinCacheHeadParallelismKernel<(bool)0, (unsigned int)128, (unsigned int)8, (unsigned int)16, __nv_bfloat16, long>(T5 *, T5 *, T5 *, T5 *, float *, T6 *, unsigned int, unsigned int, unsigned int, unsigned int, unsigned long, unsigned long, unsigned long, unsigned long, unsigned long, unsigned long, unsigned long, unsigned long)",1,0.002336
11,dense_prefetch,cold,candidate,compute_graph_projection_layer_5_q_128,quantize_kernel,2,0.002944
11,dense_prefetch,cold,candidate,compute_graph_projection_layer_5_q_128,"void at::native::vectorized_elementwise_kernel<(int)4, at::native::AUnaryFunctor<float, float, float, at::native::binary_internal::MulFunctor<float>>, std::array<char *, (unsigned long)2>>(int, T2, T3)",2,0.002048
11,dense_prefetch,cold,candidate,compute_graph_projection_layer_5_q_128,"void at::native::vectorized_elementwise_kernel<(int)4, at::native::BinaryFunctor<float, float, float, at::native::binary_internal::MulFunctor<float>>, std::array<char *, (unsigned long)3>>(int, T2, T3)",1,0.001152
11,dense_prefetch,cold,candidate,compute_graph_projection_layer_5_q_128,"void at::native::<unnamed>::CatArrayBatchedCopy_vectorized<at::native::<unnamed>::OpaqueType<(unsigned int)2>, unsigned int, (int)2, (int)128, (int)1, (int)16, (int)8>(char *, at::native::<unnamed>::CatArrInputTensorMetadata<T1, T2, T4, T5>, at::native::<unnamed>::TensorSizeStride<T2, (unsigned int)4>, int, T2)",1,0.001888
11,dense_prefetch,cold,candidate,compute_graph_finish_layer_5_q_128,kernel_cutlass_kernel_operatorsdeepseek_v32norm_fusedLocalFusedRMSNorm_object_at__tensorptrbf16gmemalign128oi64716871681_tensorptrbf16gmemalign128oi64716871681_tensorptrf32gmemalign16o716_0,1,0.003328
11,dense_prefetch,cold,candidate,compute_graph_finish_layer_5_q_128,"void flashinfer::activation::act_and_mul_kernel<__nv_bfloat16, &silu>(T1 *, const T1 *, int)",1,0.005088
11,dense_prefetch,cold,candidate,compute_graph_projection_layer_6_q_128,kernel_cutlass_kernel_operatorsdeepseek_v32norm_plainLocalPlainRMSNorm_object_at__tensorptrbf16gmemalign128oi64716871681_tensorptrf32gmemalign16o71681_tensorptrbf16gmemalign128oi647168716_0,1,0.003104
11,dense_prefetch,cold,candidate,compute_graph_projection_layer_6_q_128,"void at::native::elementwise_kernel<(int)128, (int)2, void at::native::gpu_kernel_impl_nocast<at::native::CUDAFunctor_add<long>>(at::TensorIteratorBase &, const T1 &)::[lambda(int) (instance 1)]>(int, T3)",1,0.001728
11,dense_prefetch,cold,candidate,compute_graph_projection_layer_6_q_128,"void at::native::unrolled_elementwise_kernel<at::native::direct_copy_kernel_cuda(at::TensorIteratorBase &)::[lambda() (instance 3)]::operator ()() const::[lambda() (instance 7)]::operator ()() const::[lambda(float) (instance 1)], std::array<char *, (unsigned long)2>, (int)4, TrivialOffsetCalculator<(int)1, unsigned int>, TrivialOffsetCalculator<(int)1, unsigned int>, at::native::memory::LoadWithCast<(int)1>, at::native::memory::StoreWithCast<(int)1>>(int, T1, T2, T4, T5, T6, T7)",3,0.008064
11,dense_prefetch,cold,candidate,compute_graph_projection_layer_6_q_128,kernel_cutlass_kernel_operatorsdeepseek_v32norm_plainLocalPlainRMSNorm_object_at__tensorptrbf16gmemalign128oi64153615361_tensorptrf32gmemalign16o15361_tensorptrbf16gmemalign128oi641536153_0,1,0.00224
11,dense_prefetch,cold,candidate,compute_graph_projection_layer_6_q_128,"void at::native::elementwise_kernel<(int)128, (int)2, void at::native::gpu_kernel_impl_nocast<at::native::BinaryFunctor<float, float, float, at::native::binary_internal::MulFunctor<float>>>(at::TensorIteratorBase &, const T1 &)::[lambda(int) (instance 1)]>(int, T3)",1,0.001472
11,dense_prefetch,cold,candidate,compute_graph_projection_layer_6_q_128,"void <unnamed>::elementwise_kernel_with_index<int, at::native::arange_cuda_out(const c10::Scalar &, const c10::Scalar &, const c10::Scalar &, at::Tensor &)::[lambda() (instance 1)]::operator ()() const::[lambda() (instance 4)]::operator ()() const::[lambda(long) (instance 1)]>(T1, T2, function_traits<T2>::result_type *)",1,0.0008
11,dense_prefetch,cold,candidate,compute_graph_projection_layer_6_q_128,"void at::native::vectorized_elementwise_kernel<(int)4, at::native::cos_kernel_cuda(at::TensorIteratorBase &)::[lambda() (instance 2)]::operator ()() const::[lambda() (instance 2)]::operator ()() const::[lambda(float) (instance 1)], std::array<char *, (unsigned long)2>>(int, T2, T3)",1,0.001632
11,dense_prefetch,cold,candidate,compute_graph_projection_layer_6_q_128,"void at::native::vectorized_elementwise_kernel<(int)4, at::native::sin_kernel_cuda(at::TensorIteratorBase &)::[lambda() (instance 2)]::operator ()() const::[lambda() (instance 2)]::operator ()() const::[lambda(float) (instance 1)], std::array<char *, (unsigned long)2>>(int, T2, T3)",1,0.001664
11,dense_prefetch,cold,candidate,compute_graph_projection_layer_6_q_128,"void at::native::<unnamed>::CatArrayBatchedCopy_vectorized<at::native::<unnamed>::OpaqueType<(unsigned int)4>, unsigned int, (int)2, (int)128, (int)1, (int)16, (int)4>(char *, at::native::<unnamed>::CatArrInputTensorMetadata<T1, T2, T4, T5>, at::native::<unnamed>::TensorSizeStride<T2, (unsigned int)4>, int, T2)",1,0.00128
11,dense_prefetch,cold,candidate,compute_graph_projection_layer_6_q_128,"void at::native::elementwise_kernel<(int)128, (int)4, void at::native::gpu_kernel_impl_nocast<at::native::direct_copy_kernel_cuda(at::TensorIteratorBase &)::[lambda() (instance 3)]::operator ()() const::[lambda() (instance 12)]::operator ()() const::[lambda(c10::BFloat16) (instance 1)]>(at::TensorIteratorBase &, const T1 &)::[lambda(int) (instance 1)]>(int, T3)",1,0.0024
11,dense_prefetch,cold,candidate,compute_graph_projection_layer_6_q_128,kernel_cutlass_kernel_operatorsdeepseek_v32norm_plainLocalPlainRMSNorm_object_at__tensorptrbf16gmemalign128oi645125121_tensorptrf32gmemalign16o5121_tensorptrbf16gmemalign128oi645125121____0,1,0.00144
11,dense_prefetch,cold,candidate,compute_graph_projection_layer_6_q_128,"void flashinfer::BatchQKApplyRotaryPosIdsCosSinCacheHeadParallelismKernel<(bool)1, (unsigned int)64, (unsigned int)8, (unsigned int)8, __nv_bfloat16, long>(T5 *, T5 *, T5 *, T5 *, float *, T6 *, unsigned int, unsigned int, unsigned int, unsigned int, unsigned long, unsigned long, unsigned long, unsigned long, unsigned long, unsigned long, unsigned long, unsigned long)",1,0.00272
11,dense_prefetch,cold,candidate,compute_graph_projection_layer_6_q_128,"void at::native::<unnamed>::vectorized_layer_norm_kernel<float, float, (bool)0>(int, T2, const T1 *, const T1 *, const T1 *, T2 *, T2 *, T1 *)",1,0.002976
11,dense_prefetch,cold,candidate,compute_graph_projection_layer_6_q_128,"void at::native::vectorized_elementwise_kernel<(int)8, at::native::bfloat16_copy_kernel_cuda(at::TensorIteratorBase &)::[lambda(float) (instance 1)], std::array<char *, (unsigned long)2>>(int, T2, T3)",1,0.001184
11,dense_prefetch,cold,candidate,compute_graph_projection_layer_6_q_128,"void flashinfer::BatchQKApplyRotaryPosIdsCosSinCacheHeadParallelismKernel<(bool)0, (unsigned int)128, (unsigned int)8, (unsigned int)16, __nv_bfloat16, long>(T5 *, T5 *, T5 *, T5 *, float *, T6 *, unsigned int, unsigned int, unsigned int, unsigned int, unsigned long, unsigned long, unsigned long, unsigned long, unsigned long, unsigned long, unsigned long, unsigned long)",1,0.002401
11,dense_prefetch,cold,candidate,compute_graph_projection_layer_6_q_128,quantize_kernel,2,0.003008
11,dense_prefetch,cold,candidate,compute_graph_projection_layer_6_q_128,"void at::native::vectorized_elementwise_kernel<(int)4, at::native::AUnaryFunctor<float, float, float, at::native::binary_internal::MulFunctor<float>>, std::array<char *, (unsigned long)2>>(int, T2, T3)",2,0.002176
11,dense_prefetch,cold,candidate,compute_graph_projection_layer_6_q_128,"void at::native::vectorized_elementwise_kernel<(int)4, at::native::BinaryFunctor<float, float, float, at::native::binary_internal::MulFunctor<float>>, std::array<char *, (unsigned long)3>>(int, T2, T3)",1,0.001184
11,dense_prefetch,cold,candidate,compute_graph_projection_layer_6_q_128,"void at::native::<unnamed>::CatArrayBatchedCopy_vectorized<at::native::<unnamed>::OpaqueType<(unsigned int)2>, unsigned int, (int)2, (int)128, (int)1, (int)16, (int)8>(char *, at::native::<unnamed>::CatArrInputTensorMetadata<T1, T2, T4, T5>, at::native::<unnamed>::TensorSizeStride<T2, (unsigned int)4>, int, T2)",1,0.001824
11,dense_prefetch,cold,candidate,compute_graph_finish_layer_6_q_128,kernel_cutlass_kernel_operatorsdeepseek_v32norm_fusedLocalFusedRMSNorm_object_at__tensorptrbf16gmemalign128oi64716871681_tensorptrbf16gmemalign128oi64716871681_tensorptrf32gmemalign16o716_0,1,0.003328
11,dense_prefetch,cold,candidate,compute_graph_finish_layer_6_q_128,"void flashinfer::activation::act_and_mul_kernel<__nv_bfloat16, &silu>(T1 *, const T1 *, int)",1,0.00496
11,dense_prefetch,cold,candidate,compute_graph_projection_layer_7_q_128,kernel_cutlass_kernel_operatorsdeepseek_v32norm_fusedLocalFusedRMSNorm_object_at__tensorptrbf16gmemalign128oi64716871681_tensorptrbf16gmemalign128oi64716871681_tensorptrf32gmemalign16o716_0,1,0.003616
11,dense_prefetch,cold,candidate,compute_graph_projection_layer_7_q_128,"void at::native::elementwise_kernel<(int)128, (int)2, void at::native::gpu_kernel_impl_nocast<at::native::CUDAFunctor_add<long>>(at::TensorIteratorBase &, const T1 &)::[lambda(int) (instance 1)]>(int, T3)",1,0.001792
11,dense_prefetch,cold,candidate,compute_graph_projection_layer_7_q_128,"void at::native::unrolled_elementwise_kernel<at::native::direct_copy_kernel_cuda(at::TensorIteratorBase &)::[lambda() (instance 3)]::operator ()() const::[lambda() (instance 7)]::operator ()() const::[lambda(float) (instance 1)], std::array<char *, (unsigned long)2>, (int)4, TrivialOffsetCalculator<(int)1, unsigned int>, TrivialOffsetCalculator<(int)1, unsigned int>, at::native::memory::LoadWithCast<(int)1>, at::native::memory::StoreWithCast<(int)1>>(int, T1, T2, T4, T5, T6, T7)",3,0.00784
11,dense_prefetch,cold,candidate,compute_graph_projection_layer_7_q_128,kernel_cutlass_kernel_operatorsdeepseek_v32norm_plainLocalPlainRMSNorm_object_at__tensorptrbf16gmemalign128oi64153615361_tensorptrf32gmemalign16o15361_tensorptrbf16gmemalign128oi641536153_0,1,0.00224
11,dense_prefetch,cold,candidate,compute_graph_projection_layer_7_q_128,"void at::native::elementwise_kernel<(int)128, (int)2, void at::native::gpu_kernel_impl_nocast<at::native::BinaryFunctor<float, float, float, at::native::binary_internal::MulFunctor<float>>>(at::TensorIteratorBase &, const T1 &)::[lambda(int) (instance 1)]>(int, T3)",1,0.001536
11,dense_prefetch,cold,candidate,compute_graph_projection_layer_7_q_128,"void <unnamed>::elementwise_kernel_with_index<int, at::native::arange_cuda_out(const c10::Scalar &, const c10::Scalar &, const c10::Scalar &, at::Tensor &)::[lambda() (instance 1)]::operator ()() const::[lambda() (instance 4)]::operator ()() const::[lambda(long) (instance 1)]>(T1, T2, function_traits<T2>::result_type *)",1,0.000864
11,dense_prefetch,cold,candidate,compute_graph_projection_layer_7_q_128,"void at::native::vectorized_elementwise_kernel<(int)4, at::native::cos_kernel_cuda(at::TensorIteratorBase &)::[lambda() (instance 2)]::operator ()() const::[lambda() (instance 2)]::operator ()() const::[lambda(float) (instance 1)], std::array<char *, (unsigned long)2>>(int, T2, T3)",1,0.001696
11,dense_prefetch,cold,candidate,compute_graph_projection_layer_7_q_128,"void at::native::vectorized_elementwise_kernel<(int)4, at::native::sin_kernel_cuda(at::TensorIteratorBase &)::[lambda() (instance 2)]::operator ()() const::[lambda() (instance 2)]::operator ()() const::[lambda(float) (instance 1)], std::array<char *, (unsigned long)2>>(int, T2, T3)",1,0.001728
11,dense_prefetch,cold,candidate,compute_graph_projection_layer_7_q_128,"void at::native::<unnamed>::CatArrayBatchedCopy_vectorized<at::native::<unnamed>::OpaqueType<(unsigned int)4>, unsigned int, (int)2, (int)128, (int)1, (int)16, (int)4>(char *, at::native::<unnamed>::CatArrInputTensorMetadata<T1, T2, T4, T5>, at::native::<unnamed>::TensorSizeStride<T2, (unsigned int)4>, int, T2)",1,0.001312
11,dense_prefetch,cold,candidate,compute_graph_projection_layer_7_q_128,"void at::native::elementwise_kernel<(int)128, (int)4, void at::native::gpu_kernel_impl_nocast<at::native::direct_copy_kernel_cuda(at::TensorIteratorBase &)::[lambda() (instance 3)]::operator ()() const::[lambda() (instance 12)]::operator ()() const::[lambda(c10::BFloat16) (instance 1)]>(at::TensorIteratorBase &, const T1 &)::[lambda(int) (instance 1)]>(int, T3)",1,0.002304
11,dense_prefetch,cold,candidate,compute_graph_projection_layer_7_q_128,kernel_cutlass_kernel_operatorsdeepseek_v32norm_plainLocalPlainRMSNorm_object_at__tensorptrbf16gmemalign128oi645125121_tensorptrf32gmemalign16o5121_tensorptrbf16gmemalign128oi645125121____0,1,0.001408
11,dense_prefetch,cold,candidate,compute_graph_projection_layer_7_q_128,"void flashinfer::BatchQKApplyRotaryPosIdsCosSinCacheHeadParallelismKernel<(bool)1, (unsigned int)64, (unsigned int)8, (unsigned int)8, __nv_bfloat16, long>(T5 *, T5 *, T5 *, T5 *, float *, T6 *, unsigned int, unsigned int, unsigned int, unsigned int, unsigned long, unsigned long, unsigned long, unsigned long, unsigned long, unsigned long, unsigned long, unsigned long)",1,0.00272
11,dense_prefetch,cold,candidate,compute_graph_projection_layer_7_q_128,"void at::native::<unnamed>::vectorized_layer_norm_kernel<float, float, (bool)0>(int, T2, const T1 *, const T1 *, const T1 *, T2 *, T2 *, T1 *)",1,0.002912
11,dense_prefetch,cold,candidate,compute_graph_projection_layer_7_q_128,"void at::native::vectorized_elementwise_kernel<(int)8, at::native::bfloat16_copy_kernel_cuda(at::TensorIteratorBase &)::[lambda(float) (instance 1)], std::array<char *, (unsigned long)2>>(int, T2, T3)",1,0.001152
11,dense_prefetch,cold,candidate,compute_graph_projection_layer_7_q_128,"void flashinfer::BatchQKApplyRotaryPosIdsCosSinCacheHeadParallelismKernel<(bool)0, (unsigned int)128, (unsigned int)8, (unsigned int)16, __nv_bfloat16, long>(T5 *, T5 *, T5 *, T5 *, float *, T6 *, unsigned int, unsigned int, unsigned int, unsigned int, unsigned long, unsigned long, unsigned long, unsigned long, unsigned long, unsigned long, unsigned long, unsigned long)",1,0.002336
11,dense_prefetch,cold,candidate,compute_graph_projection_layer_7_q_128,quantize_kernel,2,0.002912
11,dense_prefetch,cold,candidate,compute_graph_projection_layer_7_q_128,"void at::native::vectorized_elementwise_kernel<(int)4, at::native::AUnaryFunctor<float, float, float, at::native::binary_internal::MulFunctor<float>>, std::array<char *, (unsigned long)2>>(int, T2, T3)",2,0.002208
11,dense_prefetch,cold,candidate,compute_graph_projection_layer_7_q_128,"void at::native::vectorized_elementwise_kernel<(int)4, at::native::BinaryFunctor<float, float, float, at::native::binary_internal::MulFunctor<float>>, std::array<char *, (unsigned long)3>>(int, T2, T3)",1,0.001184
11,dense_prefetch,cold,candidate,compute_graph_projection_layer_7_q_128,"void at::native::<unnamed>::CatArrayBatchedCopy_vectorized<at::native::<unnamed>::OpaqueType<(unsigned int)2>, unsigned int, (int)2, (int)128, (int)1, (int)16, (int)8>(char *, at::native::<unnamed>::CatArrInputTensorMetadata<T1, T2, T4, T5>, at::native::<unnamed>::TensorSizeStride<T2, (unsigned int)4>, int, T2)",1,0.001888
11,dense_prefetch,cold,candidate,compute_graph_finish_layer_7_q_128,kernel_cutlass_kernel_operatorsdeepseek_v32norm_fusedLocalFusedRMSNorm_object_at__tensorptrbf16gmemalign128oi64716871681_tensorptrbf16gmemalign128oi64716871681_tensorptrf32gmemalign16o716_0,1,0.00336
11,dense_prefetch,cold,candidate,compute_graph_finish_layer_7_q_128,"void flashinfer::activation::act_and_mul_kernel<__nv_bfloat16, &silu>(T1 *, const T1 *, int)",1,0.004832
11,dense_prefetch,cold,candidate,compute_graph_projection_layer_8_q_128,kernel_cutlass_kernel_operatorsdeepseek_v32norm_fusedLocalFusedRMSNorm_object_at__tensorptrbf16gmemalign128oi64716871681_tensorptrbf16gmemalign128oi64716871681_tensorptrf32gmemalign16o716_0,1,0.003648
11,dense_prefetch,cold,candidate,compute_graph_projection_layer_8_q_128,"void at::native::elementwise_kernel<(int)128, (int)2, void at::native::gpu_kernel_impl_nocast<at::native::CUDAFunctor_add<long>>(at::TensorIteratorBase &, const T1 &)::[lambda(int) (instance 1)]>(int, T3)",1,0.001728
11,dense_prefetch,cold,candidate,compute_graph_projection_layer_8_q_128,"void at::native::unrolled_elementwise_kernel<at::native::direct_copy_kernel_cuda(at::TensorIteratorBase &)::[lambda() (instance 3)]::operator ()() const::[lambda() (instance 7)]::operator ()() const::[lambda(float) (instance 1)], std::array<char *, (unsigned long)2>, (int)4, TrivialOffsetCalculator<(int)1, unsigned int>, TrivialOffsetCalculator<(int)1, unsigned int>, at::native::memory::LoadWithCast<(int)1>, at::native::memory::StoreWithCast<(int)1>>(int, T1, T2, T4, T5, T6, T7)",3,0.007936
11,dense_prefetch,cold,candidate,compute_graph_projection_layer_8_q_128,kernel_cutlass_kernel_operatorsdeepseek_v32norm_plainLocalPlainRMSNorm_object_at__tensorptrbf16gmemalign128oi64153615361_tensorptrf32gmemalign16o15361_tensorptrbf16gmemalign128oi641536153_0,1,0.002272
11,dense_prefetch,cold,candidate,compute_graph_projection_layer_8_q_128,"void at::native::elementwise_kernel<(int)128, (int)2, void at::native::gpu_kernel_impl_nocast<at::native::BinaryFunctor<float, float, float, at::native::binary_internal::MulFunctor<float>>>(at::TensorIteratorBase &, const T1 &)::[lambda(int) (instance 1)]>(int, T3)",1,0.001504
11,dense_prefetch,cold,candidate,compute_graph_projection_layer_8_q_128,"void <unnamed>::elementwise_kernel_with_index<int, at::native::arange_cuda_out(const c10::Scalar &, const c10::Scalar &, const c10::Scalar &, at::Tensor &)::[lambda() (instance 1)]::operator ()() const::[lambda() (instance 4)]::operator ()() const::[lambda(long) (instance 1)]>(T1, T2, function_traits<T2>::result_type *)",1,0.000832
11,dense_prefetch,cold,candidate,compute_graph_projection_layer_8_q_128,"void at::native::vectorized_elementwise_kernel<(int)4, at::native::cos_kernel_cuda(at::TensorIteratorBase &)::[lambda() (instance 2)]::operator ()() const::[lambda() (instance 2)]::operator ()() const::[lambda(float) (instance 1)], std::array<char *, (unsigned long)2>>(int, T2, T3)",1,0.001632
11,dense_prefetch,cold,candidate,compute_graph_projection_layer_8_q_128,"void at::native::vectorized_elementwise_kernel<(int)4, at::native::sin_kernel_cuda(at::TensorIteratorBase &)::[lambda() (instance 2)]::operator ()() const::[lambda() (instance 2)]::operator ()() const::[lambda(float) (instance 1)], std::array<char *, (unsigned long)2>>(int, T2, T3)",1,0.001632
11,dense_prefetch,cold,candidate,compute_graph_projection_layer_8_q_128,"void at::native::<unnamed>::CatArrayBatchedCopy_vectorized<at::native::<unnamed>::OpaqueType<(unsigned int)4>, unsigned int, (int)2, (int)128, (int)1, (int)16, (int)4>(char *, at::native::<unnamed>::CatArrInputTensorMetadata<T1, T2, T4, T5>, at::native::<unnamed>::TensorSizeStride<T2, (unsigned int)4>, int, T2)",1,0.001216
11,dense_prefetch,cold,candidate,compute_graph_projection_layer_8_q_128,"void at::native::elementwise_kernel<(int)128, (int)4, void at::native::gpu_kernel_impl_nocast<at::native::direct_copy_kernel_cuda(at::TensorIteratorBase &)::[lambda() (instance 3)]::operator ()() const::[lambda() (instance 12)]::operator ()() const::[lambda(c10::BFloat16) (instance 1)]>(at::TensorIteratorBase &, const T1 &)::[lambda(int) (instance 1)]>(int, T3)",1,0.002336
11,dense_prefetch,cold,candidate,compute_graph_projection_layer_8_q_128,kernel_cutlass_kernel_operatorsdeepseek_v32norm_plainLocalPlainRMSNorm_object_at__tensorptrbf16gmemalign128oi645125121_tensorptrf32gmemalign16o5121_tensorptrbf16gmemalign128oi645125121____0,1,0.00144
11,dense_prefetch,cold,candidate,compute_graph_projection_layer_8_q_128,"void flashinfer::BatchQKApplyRotaryPosIdsCosSinCacheHeadParallelismKernel<(bool)1, (unsigned int)64, (unsigned int)8, (unsigned int)8, __nv_bfloat16, long>(T5 *, T5 *, T5 *, T5 *, float *, T6 *, unsigned int, unsigned int, unsigned int, unsigned int, unsigned long, unsigned long, unsigned long, unsigned long, unsigned long, unsigned long, unsigned long, unsigned long)",1,0.002784
11,dense_prefetch,cold,candidate,compute_graph_projection_layer_8_q_128,"void at::native::<unnamed>::vectorized_layer_norm_kernel<float, float, (bool)0>(int, T2, const T1 *, const T1 *, const T1 *, T2 *, T2 *, T1 *)",1,0.002912
11,dense_prefetch,cold,candidate,compute_graph_projection_layer_8_q_128,"void at::native::vectorized_elementwise_kernel<(int)8, at::native::bfloat16_copy_kernel_cuda(at::TensorIteratorBase &)::[lambda(float) (instance 1)], std::array<char *, (unsigned long)2>>(int, T2, T3)",1,0.001152
11,dense_prefetch,cold,candidate,compute_graph_projection_layer_8_q_128,"void flashinfer::BatchQKApplyRotaryPosIdsCosSinCacheHeadParallelismKernel<(bool)0, (unsigned int)128, (unsigned int)8, (unsigned int)16, __nv_bfloat16, long>(T5 *, T5 *, T5 *, T5 *, float *, T6 *, unsigned int, unsigned int, unsigned int, unsigned int, unsigned long, unsigned long, unsigned long, unsigned long, unsigned long, unsigned long, unsigned long, unsigned long)",1,0.002368
11,dense_prefetch,cold,candidate,compute_graph_projection_layer_8_q_128,quantize_kernel,2,0.002912
11,dense_prefetch,cold,candidate,compute_graph_projection_layer_8_q_128,"void at::native::vectorized_elementwise_kernel<(int)4, at::native::AUnaryFunctor<float, float, float, at::native::binary_internal::MulFunctor<float>>, std::array<char *, (unsigned long)2>>(int, T2, T3)",2,0.002176
11,dense_prefetch,cold,candidate,compute_graph_projection_layer_8_q_128,"void at::native::vectorized_elementwise_kernel<(int)4, at::native::BinaryFunctor<float, float, float, at::native::binary_internal::MulFunctor<float>>, std::array<char *, (unsigned long)3>>(int, T2, T3)",1,0.001184
11,dense_prefetch,cold,candidate,compute_graph_projection_layer_8_q_128,"void at::native::<unnamed>::CatArrayBatchedCopy_vectorized<at::native::<unnamed>::OpaqueType<(unsigned int)2>, unsigned int, (int)2, (int)128, (int)1, (int)16, (int)8>(char *, at::native::<unnamed>::CatArrInputTensorMetadata<T1, T2, T4, T5>, at::native::<unnamed>::TensorSizeStride<T2, (unsigned int)4>, int, T2)",1,0.001952
11,dense_prefetch,cold,candidate,compute_graph_finish_layer_8_q_128,kernel_cutlass_kernel_operatorsdeepseek_v32norm_fusedLocalFusedRMSNorm_object_at__tensorptrbf16gmemalign128oi64716871681_tensorptrbf16gmemalign128oi64716871681_tensorptrf32gmemalign16o716_0,1,0.003392
11,dense_prefetch,cold,candidate,compute_graph_finish_layer_8_q_128,"void flashinfer::activation::act_and_mul_kernel<__nv_bfloat16, &silu>(T1 *, const T1 *, int)",1,0.004992
11,dense_prefetch,cold,candidate,compute_graph_projection_layer_9_q_128,kernel_cutlass_kernel_operatorsdeepseek_v32norm_plainLocalPlainRMSNorm_object_at__tensorptrbf16gmemalign128oi64716871681_tensorptrf32gmemalign16o71681_tensorptrbf16gmemalign128oi647168716_0,1,0.003296
11,dense_prefetch,cold,candidate,compute_graph_projection_layer_9_q_128,"void at::native::elementwise_kernel<(int)128, (int)2, void at::native::gpu_kernel_impl_nocast<at::native::CUDAFunctor_add<long>>(at::TensorIteratorBase &, const T1 &)::[lambda(int) (instance 1)]>(int, T3)",1,0.001984
11,dense_prefetch,cold,candidate,compute_graph_projection_layer_9_q_128,"void at::native::unrolled_elementwise_kernel<at::native::direct_copy_kernel_cuda(at::TensorIteratorBase &)::[lambda() (instance 3)]::operator ()() const::[lambda() (instance 7)]::operator ()() const::[lambda(float) (instance 1)], std::array<char *, (unsigned long)2>, (int)4, TrivialOffsetCalculator<(int)1, unsigned int>, TrivialOffsetCalculator<(int)1, unsigned int>, at::native::memory::LoadWithCast<(int)1>, at::native::memory::StoreWithCast<(int)1>>(int, T1, T2, T4, T5, T6, T7)",3,0.007905
11,dense_prefetch,cold,candidate,compute_graph_projection_layer_9_q_128,kernel_cutlass_kernel_operatorsdeepseek_v32norm_plainLocalPlainRMSNorm_object_at__tensorptrbf16gmemalign128oi64153615361_tensorptrf32gmemalign16o15361_tensorptrbf16gmemalign128oi641536153_0,1,0.00208
11,dense_prefetch,cold,candidate,compute_graph_projection_layer_9_q_128,"void at::native::elementwise_kernel<(int)128, (int)2, void at::native::gpu_kernel_impl_nocast<at::native::BinaryFunctor<float, float, float, at::native::binary_internal::MulFunctor<float>>>(at::TensorIteratorBase &, const T1 &)::[lambda(int) (instance 1)]>(int, T3)",1,0.001568
11,dense_prefetch,cold,candidate,compute_graph_projection_layer_9_q_128,"void <unnamed>::elementwise_kernel_with_index<int, at::native::arange_cuda_out(const c10::Scalar &, const c10::Scalar &, const c10::Scalar &, at::Tensor &)::[lambda() (instance 1)]::operator ()() const::[lambda() (instance 4)]::operator ()() const::[lambda(long) (instance 1)]>(T1, T2, function_traits<T2>::result_type *)",1,0.0008
11,dense_prefetch,cold,candidate,compute_graph_projection_layer_9_q_128,"void at::native::vectorized_elementwise_kernel<(int)4, at::native::cos_kernel_cuda(at::TensorIteratorBase &)::[lambda() (instance 2)]::operator ()() const::[lambda() (instance 2)]::operator ()() const::[lambda(float) (instance 1)], std::array<char *, (unsigned long)2>>(int, T2, T3)",1,0.001664
11,dense_prefetch,cold,candidate,compute_graph_projection_layer_9_q_128,"void at::native::vectorized_elementwise_kernel<(int)4, at::native::sin_kernel_cuda(at::TensorIteratorBase &)::[lambda() (instance 2)]::operator ()() const::[lambda() (instance 2)]::operator ()() const::[lambda(float) (instance 1)], std::array<char *, (unsigned long)2>>(int, T2, T3)",1,0.001664
11,dense_prefetch,cold,candidate,compute_graph_projection_layer_9_q_128,"void at::native::<unnamed>::CatArrayBatchedCopy_vectorized<at::native::<unnamed>::OpaqueType<(unsigned int)4>, unsigned int, (int)2, (int)128, (int)1, (int)16, (int)4>(char *, at::native::<unnamed>::CatArrInputTensorMetadata<T1, T2, T4, T5>, at::native::<unnamed>::TensorSizeStride<T2, (unsigned int)4>, int, T2)",1,0.001248
11,dense_prefetch,cold,candidate,compute_graph_projection_layer_9_q_128,"void at::native::elementwise_kernel<(int)128, (int)4, void at::native::gpu_kernel_impl_nocast<at::native::direct_copy_kernel_cuda(at::TensorIteratorBase &)::[lambda() (instance 3)]::operator ()() const::[lambda() (instance 12)]::operator ()() const::[lambda(c10::BFloat16) (instance 1)]>(at::TensorIteratorBase &, const T1 &)::[lambda(int) (instance 1)]>(int, T3)",1,0.0024
11,dense_prefetch,cold,candidate,compute_graph_projection_layer_9_q_128,kernel_cutlass_kernel_operatorsdeepseek_v32norm_plainLocalPlainRMSNorm_object_at__tensorptrbf16gmemalign128oi645125121_tensorptrf32gmemalign16o5121_tensorptrbf16gmemalign128oi645125121____0,1,0.001472
11,dense_prefetch,cold,candidate,compute_graph_projection_layer_9_q_128,"void flashinfer::BatchQKApplyRotaryPosIdsCosSinCacheHeadParallelismKernel<(bool)1, (unsigned int)64, (unsigned int)8, (unsigned int)8, __nv_bfloat16, long>(T5 *, T5 *, T5 *, T5 *, float *, T6 *, unsigned int, unsigned int, unsigned int, unsigned int, unsigned long, unsigned long, unsigned long, unsigned long, unsigned long, unsigned long, unsigned long, unsigned long)",1,0.00272
11,dense_prefetch,cold,candidate,compute_graph_projection_layer_9_q_128,"void at::native::<unnamed>::vectorized_layer_norm_kernel<float, float, (bool)0>(int, T2, const T1 *, const T1 *, const T1 *, T2 *, T2 *, T1 *)",1,0.003168
11,dense_prefetch,cold,candidate,compute_graph_projection_layer_9_q_128,"void at::native::vectorized_elementwise_kernel<(int)8, at::native::bfloat16_copy_kernel_cuda(at::TensorIteratorBase &)::[lambda(float) (instance 1)], std::array<char *, (unsigned long)2>>(int, T2, T3)",1,0.00112
11,dense_prefetch,cold,candidate,compute_graph_projection_layer_9_q_128,"void flashinfer::BatchQKApplyRotaryPosIdsCosSinCacheHeadParallelismKernel<(bool)0, (unsigned int)128, (unsigned int)8, (unsigned int)16, __nv_bfloat16, long>(T5 *, T5 *, T5 *, T5 *, float *, T6 *, unsigned int, unsigned int, unsigned int, unsigned int, unsigned long, unsigned long, unsigned long, unsigned long, unsigned long, unsigned long, unsigned long, unsigned long)",1,0.002368
11,dense_prefetch,cold,candidate,compute_graph_projection_layer_9_q_128,quantize_kernel,2,0.002944
11,dense_prefetch,cold,candidate,compute_graph_projection_layer_9_q_128,"void at::native::vectorized_elementwise_kernel<(int)4, at::native::AUnaryFunctor<float, float, float, at::native::binary_internal::MulFunctor<float>>, std::array<char *, (unsigned long)2>>(int, T2, T3)",2,0.00224
11,dense_prefetch,cold,candidate,compute_graph_projection_layer_9_q_128,"void at::native::vectorized_elementwise_kernel<(int)4, at::native::BinaryFunctor<float, float, float, at::native::binary_internal::MulFunctor<float>>, std::array<char *, (unsigned long)3>>(int, T2, T3)",1,0.001184
11,dense_prefetch,cold,candidate,compute_graph_projection_layer_9_q_128,"void at::native::<unnamed>::CatArrayBatchedCopy_vectorized<at::native::<unnamed>::OpaqueType<(unsigned int)2>, unsigned int, (int)2, (int)128, (int)1, (int)16, (int)8>(char *, at::native::<unnamed>::CatArrInputTensorMetadata<T1, T2, T4, T5>, at::native::<unnamed>::TensorSizeStride<T2, (unsigned int)4>, int, T2)",1,0.00208
11,dense_prefetch,cold,candidate,compute_graph_finish_layer_9_q_128,kernel_cutlass_kernel_operatorsdeepseek_v32norm_fusedLocalFusedRMSNorm_object_at__tensorptrbf16gmemalign128oi64716871681_tensorptrbf16gmemalign128oi64716871681_tensorptrf32gmemalign16o716_0,1,0.003392
11,dense_prefetch,cold,candidate,compute_graph_finish_layer_9_q_128,"void flashinfer::activation::act_and_mul_kernel<__nv_bfloat16, &silu>(T1 *, const T1 *, int)",1,0.004928
11,dense_prefetch,cold,candidate,final_norm_lm_head,"void at::native::unrolled_elementwise_kernel<at::native::direct_copy_kernel_cuda(at::TensorIteratorBase &)::[lambda() (instance 3)]::operator ()() const::[lambda() (instance 7)]::operator ()() const::[lambda(float) (instance 1)], std::array<char *, (unsigned long)2>, (int)4, TrivialOffsetCalculator<(int)1, unsigned int>, TrivialOffsetCalculator<(int)1, unsigned int>, at::native::memory::LoadWithCast<(int)1>, at::native::memory::StoreWithCast<(int)1>>(int, T1, T2, T4, T5, T6, T7)",3,0.011648
11,dense_prefetch,cold,candidate,final_norm_lm_head,"void at::native::vectorized_elementwise_kernel<(int)4, at::native::CUDAFunctor_add<float>, std::array<char *, (unsigned long)3>>(int, T2, T3)",1,0.002944
11,dense_prefetch,cold,candidate,final_norm_lm_head,kernel_cutlass_kernel_flashinfernormkernelsrmsnormRMSNormKernel_object_at__tensorptrf32gmemalign128oi64716871681_tensorptrf32gmemalign16o71681_tensorptrf32gmemalign128oi64716871681___True_0,1,0.002848
11,dense_prefetch,cold,candidate,final_norm_lm_head,"void at::native::vectorized_elementwise_kernel<(int)8, at::native::bfloat16_copy_kernel_cuda(at::TensorIteratorBase &)::[lambda(float) (instance 1)], std::array<char *, (unsigned long)2>>(int, T2, T3)",1,0.002112
11,dense_prefetch,cold,request,request,MEMCPY,1,0.012416
11,dense_prefetch,cold,admission,pool_allocate_session,MEMCPY,1,0.00128
11,dense_prefetch,cold,history,forward,MEMCPY,12,0.01344
11,dense_prefetch,cold,history,compute_graph_projection_inputs,MEMCPY,1024,7.588995
11,dense_prefetch,cold,history,compute_graph_owned_writeback_source,MEMCPY,640,0.919585
11,dense_prefetch,cold,history,index_cache_write,MEMCPY,1280,1.687268
11,dense_prefetch,cold,history,cache_torch_argsort,MEMCPY,10,0.016064
11,dense_prefetch,cold,history,pool_operation,MEMCPY,10,0.01184
11,dense_prefetch,cold,history,pool_write_host,MEMCPY,640,16.052342
11,dense_prefetch,cold,history,replay_input_copy,MEMCPY,704,5.583476
11,dense_prefetch,cold,history,chunk,MEMCPY,10,0.010656
11,dense_prefetch,cold,diagnostics,cache_metrics,MEMCPY,20,0.050848
11,dense_prefetch,cold,candidate,forward,MEMCPY,12,0.0144
11,dense_prefetch,cold,candidate,pool_operation,MEMCPY,30,0.08272
11,dense_prefetch,cold,candidate,compute_graph_projection_inputs,MEMCPY,16,0.026112
11,dense_prefetch,cold,candidate,index_cache_write,MEMCPY,20,0.017952
11,dense_prefetch,cold,candidate,replay_input_copy,MEMCPY,11,0.023137
11,dense_prefetch,cold,candidate,chunk,MEMCPY,11,0.013184
11,dense_prefetch,cold,history,cache_torch_argsort,MEMSET,100,0.095648
12,dense_prefetch,revisit,candidate,forward,"void at::native::reduce_kernel<(int)512, (int)1, at::native::ReduceOp<long, at::native::func_wrapper_t<long, at::native::MinNanFunctor<long>>, unsigned int, long, (int)4, (int)4>>(T3)",1,0.001856
12,dense_prefetch,revisit,candidate,forward,"void at::native::reduce_kernel<(int)512, (int)1, at::native::ReduceOp<long, at::native::func_wrapper_t<long, at::native::MaxNanFunctor<long>>, unsigned int, long, (int)4, (int)4>>(T3)",1,0.001888
12,dense_prefetch,revisit,candidate,forward,"void at::native::vectorized_elementwise_kernel<(int)2, at::native::FillFunctor<long>, std::array<char *, (unsigned long)1>>(int, T2, T3)",5,0.003808
12,dense_prefetch,revisit,candidate,forward,"void at::native::unrolled_elementwise_kernel<at::native::FillFunctor<long>, std::array<char *, (unsigned long)1>, (int)4, TrivialOffsetCalculator<(int)0, unsigned int>, TrivialOffsetCalculator<(int)1, unsigned int>, at::native::memory::LoadWithoutCast, at::native::memory::StoreWithoutCast>(int, T1, T2, T4, T5, T6, T7)",5,0.003392
12,dense_prefetch,revisit,candidate,embedding,"void at::native::vectorized_gather_kernel<(int)16, long>(char *, char *, T2 *, int, long, long, long, long, bool)",1,0.0024
12,dense_prefetch,revisit,candidate,pool_operation,echo_native::dense_miss_count_clear(unsigned int *),10,0.007008
12,dense_prefetch,revisit,candidate,pool_operation,"echo_native::dense_history_classify_kernel(const int *, const int *, const long *, int, long *, long *, int *, unsigned int *, int, int, long)",10,0.032224
12,dense_prefetch,revisit,candidate,cache_torch_argsort,"at::native::<unnamed>::fill_reverse_indices_kernel(long *, int, at::cuda::detail::IntDivider<unsigned int>)",10,0.013056
12,dense_prefetch,revisit,candidate,cache_torch_argsort,"void at_cuda_detail::cub::detail::radix_sort::DeviceRadixSortHistogramKernel<at_cuda_detail::cub::detail::radix::policy_hub<long, at::cuda::cub::detail::OpaqueType<(int)8>, unsigned long long>::Policy1000, (at_cuda_detail::cub::SortOrder)0, long, unsigned long long, at_cuda_detail::cub::detail::identity_decomposer_t>(T4 *, const T3 *, T4, int, int, T5)",10,0.032352
12,dense_prefetch,revisit,candidate,cache_torch_argsort,"void at_cuda_detail::cub::detail::radix_sort::DeviceRadixSortExclusiveSumKernel<at_cuda_detail::cub::detail::radix::policy_hub<long, at::cuda::cub::detail::OpaqueType<(int)8>, unsigned long long>::Policy1000, unsigned long long>(T2 *)",10,0.011776
12,dense_prefetch,revisit,candidate,cache_torch_argsort,"void at_cuda_detail::cub::detail::radix_sort::DeviceRadixSortOnesweepKernel<at_cuda_detail::cub::detail::radix::policy_hub<long, at::cuda::cub::detail::OpaqueType<(int)8>, unsigned long long>::Policy1000, (at_cuda_detail::cub::SortOrder)0, long, at::cuda::cub::detail::OpaqueType<(int)8>, unsigned long long, int, int, at_cuda_detail::cub::detail::identity_decomposer_t>(T7 *, T7 *, T5 *, const T5 *, T3 *, const T3 *, T4 *, const T4 *, T6, int, int, T8)",80,0.465985
12,dense_prefetch,revisit,candidate,pool_operation,"void at::native::unrolled_elementwise_kernel<at::native::direct_copy_kernel_cuda(at::TensorIteratorBase &)::[lambda() (instance 3)]::operator ()() const::[lambda() (instance 4)]::operator ()() const::[lambda(long) (instance 1)], std::array<char *, (unsigned long)2>, (int)4, TrivialOffsetCalculator<(int)1, unsigned int>, TrivialOffsetCalculator<(int)1, unsigned int>, at::native::memory::LoadWithCast<(int)1>, at::native::memory::StoreWithCast<(int)1>>(int, T1, T2, T4, T5, T6, T7)",10,0.027648
12,dense_prefetch,revisit,candidate,pool_operation,"void at_cuda_detail::cub::detail::scan::DeviceScanInitKernel<at_cuda_detail::cub::ScanTileState<long, (bool)1>>(T1, int)",10,0.007552
12,dense_prefetch,revisit,candidate,pool_operation,"void at_cuda_detail::cub::detail::scan::DeviceScanKernel<at_cuda_detail::cub::detail::scan::policy_hub<long, long, long, unsigned int, std::plus<long>>::Policy1000, const long *, long *, at_cuda_detail::cub::ScanTileState<long, (bool)1>, std::plus<long>, at_cuda_detail::cub::NullType, unsigned int, long, (bool)0, at_cuda_detail::cub::NullType>(T2, T3, T4, int, T5, T6, T7)",10,0.030688
12,dense_prefetch,revisit,candidate,pool_operation,"echo_native::dense_history_reserve_kernel(const long *, const long *, const int *, int *, long *, long *, bool *, long *, unsigned long long *, long *, long *, int, int, int, int, long)",10,0.056928
12,dense_prefetch,revisit,candidate,host_gather,"<unnamed>::gather_records(const unsigned char *, unsigned char *, const long *, const long *, long, long, long, long)",10,14.723376
12,dense_prefetch,revisit,candidate,compute_graph_projection_inputs,"void at::native::vectorized_elementwise_kernel<(int)2, at::native::FillFunctor<long>, std::array<char *, (unsigned long)1>>(int, T2, T3)",10,0.007617
12,dense_prefetch,revisit,candidate,compute_graph_projection_layer_0_q_128,kernel_cutlass_kernel_operatorsdeepseek_v32norm_plainLocalPlainRMSNorm_object_at__tensorptrbf16gmemalign128oi64716871681_tensorptrf32gmemalign16o71681_tensorptrbf16gmemalign128oi647168716_0,1,0.002784
12,dense_prefetch,revisit,candidate,compute_graph_projection_layer_0_q_128,"void at::native::elementwise_kernel<(int)128, (int)2, void at::native::gpu_kernel_impl_nocast<at::native::CUDAFunctor_add<long>>(at::TensorIteratorBase &, const T1 &)::[lambda(int) (instance 1)]>(int, T3)",1,0.00176
12,dense_prefetch,revisit,candidate,compute_graph_projection_layer_0_q_128,"void at::native::unrolled_elementwise_kernel<at::native::direct_copy_kernel_cuda(at::TensorIteratorBase &)::[lambda() (instance 3)]::operator ()() const::[lambda() (instance 7)]::operator ()() const::[lambda(float) (instance 1)], std::array<char *, (unsigned long)2>, (int)4, TrivialOffsetCalculator<(int)1, unsigned int>, TrivialOffsetCalculator<(int)1, unsigned int>, at::native::memory::LoadWithCast<(int)1>, at::native::memory::StoreWithCast<(int)1>>(int, T1, T2, T4, T5, T6, T7)",3,0.007968
12,dense_prefetch,revisit,candidate,compute_graph_projection_layer_0_q_128,kernel_cutlass_kernel_operatorsdeepseek_v32norm_plainLocalPlainRMSNorm_object_at__tensorptrbf16gmemalign128oi64153615361_tensorptrf32gmemalign16o15361_tensorptrbf16gmemalign128oi641536153_0,1,0.002304
12,dense_prefetch,revisit,candidate,compute_graph_projection_layer_0_q_128,"void at::native::elementwise_kernel<(int)128, (int)2, void at::native::gpu_kernel_impl_nocast<at::native::BinaryFunctor<float, float, float, at::native::binary_internal::MulFunctor<float>>>(at::TensorIteratorBase &, const T1 &)::[lambda(int) (instance 1)]>(int, T3)",1,0.001472
12,dense_prefetch,revisit,candidate,compute_graph_projection_layer_0_q_128,"void <unnamed>::elementwise_kernel_with_index<int, at::native::arange_cuda_out(const c10::Scalar &, const c10::Scalar &, const c10::Scalar &, at::Tensor &)::[lambda() (instance 1)]::operator ()() const::[lambda() (instance 4)]::operator ()() const::[lambda(long) (instance 1)]>(T1, T2, function_traits<T2>::result_type *)",1,0.000864
12,dense_prefetch,revisit,candidate,compute_graph_projection_layer_0_q_128,"void at::native::vectorized_elementwise_kernel<(int)4, at::native::cos_kernel_cuda(at::TensorIteratorBase &)::[lambda() (instance 2)]::operator ()() const::[lambda() (instance 2)]::operator ()() const::[lambda(float) (instance 1)], std::array<char *, (unsigned long)2>>(int, T2, T3)",1,0.001632
12,dense_prefetch,revisit,candidate,compute_graph_projection_layer_0_q_128,"void at::native::vectorized_elementwise_kernel<(int)4, at::native::sin_kernel_cuda(at::TensorIteratorBase &)::[lambda() (instance 2)]::operator ()() const::[lambda() (instance 2)]::operator ()() const::[lambda(float) (instance 1)], std::array<char *, (unsigned long)2>>(int, T2, T3)",1,0.001664
12,dense_prefetch,revisit,candidate,compute_graph_projection_layer_0_q_128,"void at::native::<unnamed>::CatArrayBatchedCopy_vectorized<at::native::<unnamed>::OpaqueType<(unsigned int)4>, unsigned int, (int)2, (int)128, (int)1, (int)16, (int)4>(char *, at::native::<unnamed>::CatArrInputTensorMetadata<T1, T2, T4, T5>, at::native::<unnamed>::TensorSizeStride<T2, (unsigned int)4>, int, T2)",1,0.001312
12,dense_prefetch,revisit,candidate,compute_graph_projection_layer_0_q_128,"void at::native::elementwise_kernel<(int)128, (int)4, void at::native::gpu_kernel_impl_nocast<at::native::direct_copy_kernel_cuda(at::TensorIteratorBase &)::[lambda() (instance 3)]::operator ()() const::[lambda() (instance 12)]::operator ()() const::[lambda(c10::BFloat16) (instance 1)]>(at::TensorIteratorBase &, const T1 &)::[lambda(int) (instance 1)]>(int, T3)",1,0.00224
12,dense_prefetch,revisit,candidate,compute_graph_projection_layer_0_q_128,kernel_cutlass_kernel_operatorsdeepseek_v32norm_plainLocalPlainRMSNorm_object_at__tensorptrbf16gmemalign128oi645125121_tensorptrf32gmemalign16o5121_tensorptrbf16gmemalign128oi645125121____0,1,0.001536
12,dense_prefetch,revisit,candidate,compute_graph_projection_layer_0_q_128,"void flashinfer::BatchQKApplyRotaryPosIdsCosSinCacheHeadParallelismKernel<(bool)1, (unsigned int)64, (unsigned int)8, (unsigned int)8, __nv_bfloat16, long>(T5 *, T5 *, T5 *, T5 *, float *, T6 *, unsigned int, unsigned int, unsigned int, unsigned int, unsigned long, unsigned long, unsigned long, unsigned long, unsigned long, unsigned long, unsigned long, unsigned long)",1,0.002912
12,dense_prefetch,revisit,candidate,compute_graph_projection_layer_0_q_128,"void at::native::<unnamed>::vectorized_layer_norm_kernel<float, float, (bool)0>(int, T2, const T1 *, const T1 *, const T1 *, T2 *, T2 *, T1 *)",1,0.002816
12,dense_prefetch,revisit,candidate,compute_graph_projection_layer_0_q_128,"void at::native::vectorized_elementwise_kernel<(int)8, at::native::bfloat16_copy_kernel_cuda(at::TensorIteratorBase &)::[lambda(float) (instance 1)], std::array<char *, (unsigned long)2>>(int, T2, T3)",1,0.00112
12,dense_prefetch,revisit,candidate,compute_graph_projection_layer_0_q_128,"void flashinfer::BatchQKApplyRotaryPosIdsCosSinCacheHeadParallelismKernel<(bool)0, (unsigned int)128, (unsigned int)8, (unsigned int)16, __nv_bfloat16, long>(T5 *, T5 *, T5 *, T5 *, float *, T6 *, unsigned int, unsigned int, unsigned int, unsigned int, unsigned long, unsigned long, unsigned long, unsigned long, unsigned long, unsigned long, unsigned long, unsigned long)",1,0.002336
12,dense_prefetch,revisit,candidate,compute_graph_projection_layer_0_q_128,quantize_kernel,2,0.002912
12,dense_prefetch,revisit,candidate,compute_graph_projection_layer_0_q_128,"void at::native::vectorized_elementwise_kernel<(int)4, at::native::AUnaryFunctor<float, float, float, at::native::binary_internal::MulFunctor<float>>, std::array<char *, (unsigned long)2>>(int, T2, T3)",2,0.002144
12,dense_prefetch,revisit,candidate,compute_graph_projection_layer_0_q_128,"void at::native::vectorized_elementwise_kernel<(int)4, at::native::BinaryFunctor<float, float, float, at::native::binary_internal::MulFunctor<float>>, std::array<char *, (unsigned long)3>>(int, T2, T3)",1,0.001152
12,dense_prefetch,revisit,candidate,compute_graph_projection_layer_0_q_128,"void at::native::<unnamed>::CatArrayBatchedCopy_vectorized<at::native::<unnamed>::OpaqueType<(unsigned int)2>, unsigned int, (int)2, (int)128, (int)1, (int)16, (int)8>(char *, at::native::<unnamed>::CatArrInputTensorMetadata<T1, T2, T4, T5>, at::native::<unnamed>::TensorSizeStride<T2, (unsigned int)4>, int, T2)",1,0.001856
12,dense_prefetch,revisit,candidate,exact_topk,"void at::native::elementwise_kernel<(int)128, (int)2, void at::native::gpu_kernel_impl_nocast<at::native::direct_copy_kernel_cuda(at::TensorIteratorBase &)::[lambda() (instance 3)]::operator ()() const::[lambda() (instance 7)]::operator ()() const::[lambda(float) (instance 1)]>(at::TensorIteratorBase &, const T1 &)::[lambda(int) (instance 1)]>(int, T3)",10,0.244707
12,dense_prefetch,revisit,candidate,exact_topk,"void flashinfer::sampling::FilteredTopKUnifiedKernel<float, int, (int)4, (bool)1, (flashinfer::sampling::FilteredTopKMode)0, (flashinfer::sampling::TopKTieBreak)1, flashinfer::sampling::DirectPageTableKernelPolicy<int>, >(const T1 *, T2 *, T1 *, const T2 *, long, const T2 *, const T2 *, const T2 *, const T2 *, unsigned int, unsigned int, unsigned int, T8...)",10,0.333825
12,dense_prefetch,revisit,candidate,exact_topk,"void flashinfer::sampling::FinalizeTopKIndicesKernel<(bool)1, (flashinfer::sampling::FilteredTopKMode)0, (unsigned int)256, (unsigned int)8, float, int, flashinfer::sampling::DirectPageTableKernelPolicy<int>, >(T6 *, T5 *, const T6 *, long, const T6 *, const T6 *, unsigned int, unsigned int, T8...)",10,0.110657
12,dense_prefetch,revisit,candidate,exact_topk,"void flashinfer::sampling::StableSortTopKByValueKernel<(unsigned int)256, (unsigned int)8, int, float>(T3 *, T4 *, unsigned int, unsigned int)",10,0.138658
12,dense_prefetch,revisit,candidate,exact_topk,mask_kernel,10,0.012576
12,dense_prefetch,revisit,candidate,pool_operation,"echo_native::resident_union_clear(unsigned int *, long, unsigned int *)",10,0.009696
12,dense_prefetch,revisit,candidate,pool_operation,"void echo_native::resident_selection_kernel<(bool)0>(const int *, int *, long, const int *, const int *, int, long *, long *, unsigned int *, unsigned int *, unsigned long long *, int, int, bool, int, int, long)",10,0.325025
12,dense_prefetch,revisit,candidate,compute_graph_finish_layer_0_q_128,kernel_cutlass_kernel_operatorsdeepseek_v32norm_fusedLocalFusedRMSNorm_object_at__tensorptrbf16gmemalign128oi64716871681_tensorptrbf16gmemalign128oi64716871681_tensorptrf32gmemalign16o716_0,1,0.0032
12,dense_prefetch,revisit,candidate,compute_graph_finish_layer_0_q_128,"void flashinfer::activation::act_and_mul_kernel<__nv_bfloat16, &silu>(T1 *, const T1 *, int)",1,0.004736
12,dense_prefetch,revisit,candidate,compute_graph_projection_layer_1_q_128,kernel_cutlass_kernel_operatorsdeepseek_v32norm_fusedLocalFusedRMSNorm_object_at__tensorptrbf16gmemalign128oi64716871681_tensorptrbf16gmemalign128oi64716871681_tensorptrf32gmemalign16o716_0,1,0.003648
12,dense_prefetch,revisit,candidate,compute_graph_projection_layer_1_q_128,"void at::native::elementwise_kernel<(int)128, (int)2, void at::native::gpu_kernel_impl_nocast<at::native::CUDAFunctor_add<long>>(at::TensorIteratorBase &, const T1 &)::[lambda(int) (instance 1)]>(int, T3)",1,0.002208
12,dense_prefetch,revisit,candidate,compute_graph_projection_layer_1_q_128,"void at::native::unrolled_elementwise_kernel<at::native::direct_copy_kernel_cuda(at::TensorIteratorBase &)::[lambda() (instance 3)]::operator ()() const::[lambda() (instance 7)]::operator ()() const::[lambda(float) (instance 1)], std::array<char *, (unsigned long)2>, (int)4, TrivialOffsetCalculator<(int)1, unsigned int>, TrivialOffsetCalculator<(int)1, unsigned int>, at::native::memory::LoadWithCast<(int)1>, at::native::memory::StoreWithCast<(int)1>>(int, T1, T2, T4, T5, T6, T7)",3,0.00768
12,dense_prefetch,revisit,candidate,compute_graph_projection_layer_1_q_128,kernel_cutlass_kernel_operatorsdeepseek_v32norm_plainLocalPlainRMSNorm_object_at__tensorptrbf16gmemalign128oi64153615361_tensorptrf32gmemalign16o15361_tensorptrbf16gmemalign128oi641536153_0,1,0.002144
12,dense_prefetch,revisit,candidate,compute_graph_projection_layer_1_q_128,"void at::native::elementwise_kernel<(int)128, (int)2, void at::native::gpu_kernel_impl_nocast<at::native::BinaryFunctor<float, float, float, at::native::binary_internal::MulFunctor<float>>>(at::TensorIteratorBase &, const T1 &)::[lambda(int) (instance 1)]>(int, T3)",1,0.00144
12,dense_prefetch,revisit,candidate,compute_graph_projection_layer_1_q_128,"void <unnamed>::elementwise_kernel_with_index<int, at::native::arange_cuda_out(const c10::Scalar &, const c10::Scalar &, const c10::Scalar &, at::Tensor &)::[lambda() (instance 1)]::operator ()() const::[lambda() (instance 4)]::operator ()() const::[lambda(long) (instance 1)]>(T1, T2, function_traits<T2>::result_type *)",1,0.000768
12,dense_prefetch,revisit,candidate,compute_graph_projection_layer_1_q_128,"void at::native::vectorized_elementwise_kernel<(int)4, at::native::cos_kernel_cuda(at::TensorIteratorBase &)::[lambda() (instance 2)]::operator ()() const::[lambda() (instance 2)]::operator ()() const::[lambda(float) (instance 1)], std::array<char *, (unsigned long)2>>(int, T2, T3)",1,0.001664
12,dense_prefetch,revisit,candidate,compute_graph_projection_layer_1_q_128,"void at::native::vectorized_elementwise_kernel<(int)4, at::native::sin_kernel_cuda(at::TensorIteratorBase &)::[lambda() (instance 2)]::operator ()() const::[lambda() (instance 2)]::operator ()() const::[lambda(float) (instance 1)], std::array<char *, (unsigned long)2>>(int, T2, T3)",1,0.001696
12,dense_prefetch,revisit,candidate,compute_graph_projection_layer_1_q_128,"void at::native::<unnamed>::CatArrayBatchedCopy_vectorized<at::native::<unnamed>::OpaqueType<(unsigned int)4>, unsigned int, (int)2, (int)128, (int)1, (int)16, (int)4>(char *, at::native::<unnamed>::CatArrInputTensorMetadata<T1, T2, T4, T5>, at::native::<unnamed>::TensorSizeStride<T2, (unsigned int)4>, int, T2)",1,0.00128
12,dense_prefetch,revisit,candidate,compute_graph_projection_layer_1_q_128,"void at::native::elementwise_kernel<(int)128, (int)4, void at::native::gpu_kernel_impl_nocast<at::native::direct_copy_kernel_cuda(at::TensorIteratorBase &)::[lambda() (instance 3)]::operator ()() const::[lambda() (instance 12)]::operator ()() const::[lambda(c10::BFloat16) (instance 1)]>(at::TensorIteratorBase &, const T1 &)::[lambda(int) (instance 1)]>(int, T3)",1,0.0024
12,dense_prefetch,revisit,candidate,compute_graph_projection_layer_1_q_128,kernel_cutlass_kernel_operatorsdeepseek_v32norm_plainLocalPlainRMSNorm_object_at__tensorptrbf16gmemalign128oi645125121_tensorptrf32gmemalign16o5121_tensorptrbf16gmemalign128oi645125121____0,1,0.001504
12,dense_prefetch,revisit,candidate,compute_graph_projection_layer_1_q_128,"void flashinfer::BatchQKApplyRotaryPosIdsCosSinCacheHeadParallelismKernel<(bool)1, (unsigned int)64, (unsigned int)8, (unsigned int)8, __nv_bfloat16, long>(T5 *, T5 *, T5 *, T5 *, float *, T6 *, unsigned int, unsigned int, unsigned int, unsigned int, unsigned long, unsigned long, unsigned long, unsigned long, unsigned long, unsigned long, unsigned long, unsigned long)",1,0.002752
12,dense_prefetch,revisit,candidate,compute_graph_projection_layer_1_q_128,"void at::native::<unnamed>::vectorized_layer_norm_kernel<float, float, (bool)0>(int, T2, const T1 *, const T1 *, const T1 *, T2 *, T2 *, T1 *)",1,0.002848
12,dense_prefetch,revisit,candidate,compute_graph_projection_layer_1_q_128,"void at::native::vectorized_elementwise_kernel<(int)8, at::native::bfloat16_copy_kernel_cuda(at::TensorIteratorBase &)::[lambda(float) (instance 1)], std::array<char *, (unsigned long)2>>(int, T2, T3)",1,0.00112
12,dense_prefetch,revisit,candidate,compute_graph_projection_layer_1_q_128,"void flashinfer::BatchQKApplyRotaryPosIdsCosSinCacheHeadParallelismKernel<(bool)0, (unsigned int)128, (unsigned int)8, (unsigned int)16, __nv_bfloat16, long>(T5 *, T5 *, T5 *, T5 *, float *, T6 *, unsigned int, unsigned int, unsigned int, unsigned int, unsigned long, unsigned long, unsigned long, unsigned long, unsigned long, unsigned long, unsigned long, unsigned long)",1,0.002368
12,dense_prefetch,revisit,candidate,compute_graph_projection_layer_1_q_128,quantize_kernel,2,0.00288
12,dense_prefetch,revisit,candidate,compute_graph_projection_layer_1_q_128,"void at::native::vectorized_elementwise_kernel<(int)4, at::native::AUnaryFunctor<float, float, float, at::native::binary_internal::MulFunctor<float>>, std::array<char *, (unsigned long)2>>(int, T2, T3)",2,0.002016
12,dense_prefetch,revisit,candidate,compute_graph_projection_layer_1_q_128,"void at::native::vectorized_elementwise_kernel<(int)4, at::native::BinaryFunctor<float, float, float, at::native::binary_internal::MulFunctor<float>>, std::array<char *, (unsigned long)3>>(int, T2, T3)",1,0.00112
12,dense_prefetch,revisit,candidate,compute_graph_projection_layer_1_q_128,"void at::native::<unnamed>::CatArrayBatchedCopy_vectorized<at::native::<unnamed>::OpaqueType<(unsigned int)2>, unsigned int, (int)2, (int)128, (int)1, (int)16, (int)8>(char *, at::native::<unnamed>::CatArrInputTensorMetadata<T1, T2, T4, T5>, at::native::<unnamed>::TensorSizeStride<T2, (unsigned int)4>, int, T2)",1,0.001856
12,dense_prefetch,revisit,candidate,compute_graph_finish_layer_1_q_128,kernel_cutlass_kernel_operatorsdeepseek_v32norm_fusedLocalFusedRMSNorm_object_at__tensorptrbf16gmemalign128oi64716871681_tensorptrbf16gmemalign128oi64716871681_tensorptrf32gmemalign16o716_0,1,0.003264
12,dense_prefetch,revisit,candidate,compute_graph_finish_layer_1_q_128,"void flashinfer::activation::act_and_mul_kernel<__nv_bfloat16, &silu>(T1 *, const T1 *, int)",1,0.0048
12,dense_prefetch,revisit,candidate,compute_graph_projection_layer_2_q_128,kernel_cutlass_kernel_operatorsdeepseek_v32norm_fusedLocalFusedRMSNorm_object_at__tensorptrbf16gmemalign128oi64716871681_tensorptrbf16gmemalign128oi64716871681_tensorptrf32gmemalign16o716_0,1,0.003168
12,dense_prefetch,revisit,candidate,compute_graph_projection_layer_2_q_128,"void at::native::elementwise_kernel<(int)128, (int)2, void at::native::gpu_kernel_impl_nocast<at::native::CUDAFunctor_add<long>>(at::TensorIteratorBase &, const T1 &)::[lambda(int) (instance 1)]>(int, T3)",1,0.001824
12,dense_prefetch,revisit,candidate,compute_graph_projection_layer_2_q_128,"void at::native::unrolled_elementwise_kernel<at::native::direct_copy_kernel_cuda(at::TensorIteratorBase &)::[lambda() (instance 3)]::operator ()() const::[lambda() (instance 7)]::operator ()() const::[lambda(float) (instance 1)], std::array<char *, (unsigned long)2>, (int)4, TrivialOffsetCalculator<(int)1, unsigned int>, TrivialOffsetCalculator<(int)1, unsigned int>, at::native::memory::LoadWithCast<(int)1>, at::native::memory::StoreWithCast<(int)1>>(int, T1, T2, T4, T5, T6, T7)",3,0.007712
12,dense_prefetch,revisit,candidate,compute_graph_projection_layer_2_q_128,kernel_cutlass_kernel_operatorsdeepseek_v32norm_plainLocalPlainRMSNorm_object_at__tensorptrbf16gmemalign128oi64153615361_tensorptrf32gmemalign16o15361_tensorptrbf16gmemalign128oi641536153_0,1,0.00224
12,dense_prefetch,revisit,candidate,compute_graph_projection_layer_2_q_128,"void at::native::elementwise_kernel<(int)128, (int)2, void at::native::gpu_kernel_impl_nocast<at::native::BinaryFunctor<float, float, float, at::native::binary_internal::MulFunctor<float>>>(at::TensorIteratorBase &, const T1 &)::[lambda(int) (instance 1)]>(int, T3)",1,0.001472
12,dense_prefetch,revisit,candidate,compute_graph_projection_layer_2_q_128,"void <unnamed>::elementwise_kernel_with_index<int, at::native::arange_cuda_out(const c10::Scalar &, const c10::Scalar &, const c10::Scalar &, at::Tensor &)::[lambda() (instance 1)]::operator ()() const::[lambda() (instance 4)]::operator ()() const::[lambda(long) (instance 1)]>(T1, T2, function_traits<T2>::result_type *)",1,0.000864
12,dense_prefetch,revisit,candidate,compute_graph_projection_layer_2_q_128,"void at::native::vectorized_elementwise_kernel<(int)4, at::native::cos_kernel_cuda(at::TensorIteratorBase &)::[lambda() (instance 2)]::operator ()() const::[lambda() (instance 2)]::operator ()() const::[lambda(float) (instance 1)], std::array<char *, (unsigned long)2>>(int, T2, T3)",1,0.001664
12,dense_prefetch,revisit,candidate,compute_graph_projection_layer_2_q_128,"void at::native::vectorized_elementwise_kernel<(int)4, at::native::sin_kernel_cuda(at::TensorIteratorBase &)::[lambda() (instance 2)]::operator ()() const::[lambda() (instance 2)]::operator ()() const::[lambda(float) (instance 1)], std::array<char *, (unsigned long)2>>(int, T2, T3)",1,0.001632
12,dense_prefetch,revisit,candidate,compute_graph_projection_layer_2_q_128,"void at::native::<unnamed>::CatArrayBatchedCopy_vectorized<at::native::<unnamed>::OpaqueType<(unsigned int)4>, unsigned int, (int)2, (int)128, (int)1, (int)16, (int)4>(char *, at::native::<unnamed>::CatArrInputTensorMetadata<T1, T2, T4, T5>, at::native::<unnamed>::TensorSizeStride<T2, (unsigned int)4>, int, T2)",1,0.001248
12,dense_prefetch,revisit,candidate,compute_graph_projection_layer_2_q_128,"void at::native::elementwise_kernel<(int)128, (int)4, void at::native::gpu_kernel_impl_nocast<at::native::direct_copy_kernel_cuda(at::TensorIteratorBase &)::[lambda() (instance 3)]::operator ()() const::[lambda() (instance 12)]::operator ()() const::[lambda(c10::BFloat16) (instance 1)]>(at::TensorIteratorBase &, const T1 &)::[lambda(int) (instance 1)]>(int, T3)",1,0.00224
12,dense_prefetch,revisit,candidate,compute_graph_projection_layer_2_q_128,kernel_cutlass_kernel_operatorsdeepseek_v32norm_plainLocalPlainRMSNorm_object_at__tensorptrbf16gmemalign128oi645125121_tensorptrf32gmemalign16o5121_tensorptrbf16gmemalign128oi645125121____0,1,0.001408
12,dense_prefetch,revisit,candidate,compute_graph_projection_layer_2_q_128,"void flashinfer::BatchQKApplyRotaryPosIdsCosSinCacheHeadParallelismKernel<(bool)1, (unsigned int)64, (unsigned int)8, (unsigned int)8, __nv_bfloat16, long>(T5 *, T5 *, T5 *, T5 *, float *, T6 *, unsigned int, unsigned int, unsigned int, unsigned int, unsigned long, unsigned long, unsigned long, unsigned long, unsigned long, unsigned long, unsigned long, unsigned long)",1,0.002656
12,dense_prefetch,revisit,candidate,compute_graph_projection_layer_2_q_128,"void at::native::<unnamed>::vectorized_layer_norm_kernel<float, float, (bool)0>(int, T2, const T1 *, const T1 *, const T1 *, T2 *, T2 *, T1 *)",1,0.00288
12,dense_prefetch,revisit,candidate,compute_graph_projection_layer_2_q_128,"void at::native::vectorized_elementwise_kernel<(int)8, at::native::bfloat16_copy_kernel_cuda(at::TensorIteratorBase &)::[lambda(float) (instance 1)], std::array<char *, (unsigned long)2>>(int, T2, T3)",1,0.00112
12,dense_prefetch,revisit,candidate,compute_graph_projection_layer_2_q_128,"void flashinfer::BatchQKApplyRotaryPosIdsCosSinCacheHeadParallelismKernel<(bool)0, (unsigned int)128, (unsigned int)8, (unsigned int)16, __nv_bfloat16, long>(T5 *, T5 *, T5 *, T5 *, float *, T6 *, unsigned int, unsigned int, unsigned int, unsigned int, unsigned long, unsigned long, unsigned long, unsigned long, unsigned long, unsigned long, unsigned long, unsigned long)",1,0.002336
12,dense_prefetch,revisit,candidate,compute_graph_projection_layer_2_q_128,quantize_kernel,2,0.002976
12,dense_prefetch,revisit,candidate,compute_graph_projection_layer_2_q_128,"void at::native::vectorized_elementwise_kernel<(int)4, at::native::AUnaryFunctor<float, float, float, at::native::binary_internal::MulFunctor<float>>, std::array<char *, (unsigned long)2>>(int, T2, T3)",2,0.00208
12,dense_prefetch,revisit,candidate,compute_graph_projection_layer_2_q_128,"void at::native::vectorized_elementwise_kernel<(int)4, at::native::BinaryFunctor<float, float, float, at::native::binary_internal::MulFunctor<float>>, std::array<char *, (unsigned long)3>>(int, T2, T3)",1,0.001152
12,dense_prefetch,revisit,candidate,compute_graph_projection_layer_2_q_128,"void at::native::<unnamed>::CatArrayBatchedCopy_vectorized<at::native::<unnamed>::OpaqueType<(unsigned int)2>, unsigned int, (int)2, (int)128, (int)1, (int)16, (int)8>(char *, at::native::<unnamed>::CatArrInputTensorMetadata<T1, T2, T4, T5>, at::native::<unnamed>::TensorSizeStride<T2, (unsigned int)4>, int, T2)",1,0.001952
12,dense_prefetch,revisit,candidate,compute_graph_finish_layer_2_q_128,kernel_cutlass_kernel_operatorsdeepseek_v32norm_fusedLocalFusedRMSNorm_object_at__tensorptrbf16gmemalign128oi64716871681_tensorptrbf16gmemalign128oi64716871681_tensorptrf32gmemalign16o716_0,1,0.003296
12,dense_prefetch,revisit,candidate,compute_graph_finish_layer_2_q_128,"void flashinfer::activation::act_and_mul_kernel<__nv_bfloat16, &silu>(T1 *, const T1 *, int)",1,0.0048
12,dense_prefetch,revisit,candidate,compute_graph_projection_layer_3_q_128,kernel_cutlass_kernel_operatorsdeepseek_v32norm_plainLocalPlainRMSNorm_object_at__tensorptrbf16gmemalign128oi64716871681_tensorptrf32gmemalign16o71681_tensorptrbf16gmemalign128oi647168716_0,1,0.003264
12,dense_prefetch,revisit,candidate,compute_graph_projection_layer_3_q_128,"void at::native::elementwise_kernel<(int)128, (int)2, void at::native::gpu_kernel_impl_nocast<at::native::CUDAFunctor_add<long>>(at::TensorIteratorBase &, const T1 &)::[lambda(int) (instance 1)]>(int, T3)",1,0.001824
12,dense_prefetch,revisit,candidate,compute_graph_projection_layer_3_q_128,"void at::native::unrolled_elementwise_kernel<at::native::direct_copy_kernel_cuda(at::TensorIteratorBase &)::[lambda() (instance 3)]::operator ()() const::[lambda() (instance 7)]::operator ()() const::[lambda(float) (instance 1)], std::array<char *, (unsigned long)2>, (int)4, TrivialOffsetCalculator<(int)1, unsigned int>, TrivialOffsetCalculator<(int)1, unsigned int>, at::native::memory::LoadWithCast<(int)1>, at::native::memory::StoreWithCast<(int)1>>(int, T1, T2, T4, T5, T6, T7)",3,0.00768
12,dense_prefetch,revisit,candidate,compute_graph_projection_layer_3_q_128,kernel_cutlass_kernel_operatorsdeepseek_v32norm_plainLocalPlainRMSNorm_object_at__tensorptrbf16gmemalign128oi64153615361_tensorptrf32gmemalign16o15361_tensorptrbf16gmemalign128oi641536153_0,1,0.001984
12,dense_prefetch,revisit,candidate,compute_graph_projection_layer_3_q_128,"void at::native::elementwise_kernel<(int)128, (int)2, void at::native::gpu_kernel_impl_nocast<at::native::BinaryFunctor<float, float, float, at::native::binary_internal::MulFunctor<float>>>(at::TensorIteratorBase &, const T1 &)::[lambda(int) (instance 1)]>(int, T3)",1,0.001472
12,dense_prefetch,revisit,candidate,compute_graph_projection_layer_3_q_128,"void <unnamed>::elementwise_kernel_with_index<int, at::native::arange_cuda_out(const c10::Scalar &, const c10::Scalar &, const c10::Scalar &, at::Tensor &)::[lambda() (instance 1)]::operator ()() const::[lambda() (instance 4)]::operator ()() const::[lambda(long) (instance 1)]>(T1, T2, function_traits<T2>::result_type *)",1,0.000864
12,dense_prefetch,revisit,candidate,compute_graph_projection_layer_3_q_128,"void at::native::vectorized_elementwise_kernel<(int)4, at::native::cos_kernel_cuda(at::TensorIteratorBase &)::[lambda() (instance 2)]::operator ()() const::[lambda() (instance 2)]::operator ()() const::[lambda(float) (instance 1)], std::array<char *, (unsigned long)2>>(int, T2, T3)",1,0.001632
12,dense_prefetch,revisit,candidate,compute_graph_projection_layer_3_q_128,"void at::native::vectorized_elementwise_kernel<(int)4, at::native::sin_kernel_cuda(at::TensorIteratorBase &)::[lambda() (instance 2)]::operator ()() const::[lambda() (instance 2)]::operator ()() const::[lambda(float) (instance 1)], std::array<char *, (unsigned long)2>>(int, T2, T3)",1,0.001664
12,dense_prefetch,revisit,candidate,compute_graph_projection_layer_3_q_128,"void at::native::<unnamed>::CatArrayBatchedCopy_vectorized<at::native::<unnamed>::OpaqueType<(unsigned int)4>, unsigned int, (int)2, (int)128, (int)1, (int)16, (int)4>(char *, at::native::<unnamed>::CatArrInputTensorMetadata<T1, T2, T4, T5>, at::native::<unnamed>::TensorSizeStride<T2, (unsigned int)4>, int, T2)",1,0.00128
12,dense_prefetch,revisit,candidate,compute_graph_projection_layer_3_q_128,"void at::native::elementwise_kernel<(int)128, (int)4, void at::native::gpu_kernel_impl_nocast<at::native::direct_copy_kernel_cuda(at::TensorIteratorBase &)::[lambda() (instance 3)]::operator ()() const::[lambda() (instance 12)]::operator ()() const::[lambda(c10::BFloat16) (instance 1)]>(at::TensorIteratorBase &, const T1 &)::[lambda(int) (instance 1)]>(int, T3)",1,0.002368
12,dense_prefetch,revisit,candidate,compute_graph_projection_layer_3_q_128,kernel_cutlass_kernel_operatorsdeepseek_v32norm_plainLocalPlainRMSNorm_object_at__tensorptrbf16gmemalign128oi645125121_tensorptrf32gmemalign16o5121_tensorptrbf16gmemalign128oi645125121____0,1,0.001504
12,dense_prefetch,revisit,candidate,compute_graph_projection_layer_3_q_128,"void flashinfer::BatchQKApplyRotaryPosIdsCosSinCacheHeadParallelismKernel<(bool)1, (unsigned int)64, (unsigned int)8, (unsigned int)8, __nv_bfloat16, long>(T5 *, T5 *, T5 *, T5 *, float *, T6 *, unsigned int, unsigned int, unsigned int, unsigned int, unsigned long, unsigned long, unsigned long, unsigned long, unsigned long, unsigned long, unsigned long, unsigned long)",1,0.002624
12,dense_prefetch,revisit,candidate,compute_graph_projection_layer_3_q_128,"void at::native::<unnamed>::vectorized_layer_norm_kernel<float, float, (bool)0>(int, T2, const T1 *, const T1 *, const T1 *, T2 *, T2 *, T1 *)",1,0.00288
12,dense_prefetch,revisit,candidate,compute_graph_projection_layer_3_q_128,"void at::native::vectorized_elementwise_kernel<(int)8, at::native::bfloat16_copy_kernel_cuda(at::TensorIteratorBase &)::[lambda(float) (instance 1)], std::array<char *, (unsigned long)2>>(int, T2, T3)",1,0.001184
12,dense_prefetch,revisit,candidate,compute_graph_projection_layer_3_q_128,"void flashinfer::BatchQKApplyRotaryPosIdsCosSinCacheHeadParallelismKernel<(bool)0, (unsigned int)128, (unsigned int)8, (unsigned int)16, __nv_bfloat16, long>(T5 *, T5 *, T5 *, T5 *, float *, T6 *, unsigned int, unsigned int, unsigned int, unsigned int, unsigned long, unsigned long, unsigned long, unsigned long, unsigned long, unsigned long, unsigned long, unsigned long)",1,0.002304
12,dense_prefetch,revisit,candidate,compute_graph_projection_layer_3_q_128,quantize_kernel,2,0.002848
12,dense_prefetch,revisit,candidate,compute_graph_projection_layer_3_q_128,"void at::native::vectorized_elementwise_kernel<(int)4, at::native::AUnaryFunctor<float, float, float, at::native::binary_internal::MulFunctor<float>>, std::array<char *, (unsigned long)2>>(int, T2, T3)",2,0.002112
12,dense_prefetch,revisit,candidate,compute_graph_projection_layer_3_q_128,"void at::native::vectorized_elementwise_kernel<(int)4, at::native::BinaryFunctor<float, float, float, at::native::binary_internal::MulFunctor<float>>, std::array<char *, (unsigned long)3>>(int, T2, T3)",1,0.001088
12,dense_prefetch,revisit,candidate,compute_graph_projection_layer_3_q_128,"void at::native::<unnamed>::CatArrayBatchedCopy_vectorized<at::native::<unnamed>::OpaqueType<(unsigned int)2>, unsigned int, (int)2, (int)128, (int)1, (int)16, (int)8>(char *, at::native::<unnamed>::CatArrInputTensorMetadata<T1, T2, T4, T5>, at::native::<unnamed>::TensorSizeStride<T2, (unsigned int)4>, int, T2)",1,0.001856
12,dense_prefetch,revisit,candidate,compute_graph_finish_layer_3_q_128,kernel_cutlass_kernel_operatorsdeepseek_v32norm_fusedLocalFusedRMSNorm_object_at__tensorptrbf16gmemalign128oi64716871681_tensorptrbf16gmemalign128oi64716871681_tensorptrf32gmemalign16o716_0,1,0.003296
12,dense_prefetch,revisit,candidate,compute_graph_finish_layer_3_q_128,"void flashinfer::activation::act_and_mul_kernel<__nv_bfloat16, &silu>(T1 *, const T1 *, int)",1,0.004768
12,dense_prefetch,revisit,candidate,compute_graph_projection_layer_4_q_128,kernel_cutlass_kernel_operatorsdeepseek_v32norm_fusedLocalFusedRMSNorm_object_at__tensorptrbf16gmemalign128oi64716871681_tensorptrbf16gmemalign128oi64716871681_tensorptrf32gmemalign16o716_0,1,0.0032
12,dense_prefetch,revisit,candidate,compute_graph_projection_layer_4_q_128,"void at::native::elementwise_kernel<(int)128, (int)2, void at::native::gpu_kernel_impl_nocast<at::native::CUDAFunctor_add<long>>(at::TensorIteratorBase &, const T1 &)::[lambda(int) (instance 1)]>(int, T3)",1,0.001664
12,dense_prefetch,revisit,candidate,compute_graph_projection_layer_4_q_128,"void at::native::unrolled_elementwise_kernel<at::native::direct_copy_kernel_cuda(at::TensorIteratorBase &)::[lambda() (instance 3)]::operator ()() const::[lambda() (instance 7)]::operator ()() const::[lambda(float) (instance 1)], std::array<char *, (unsigned long)2>, (int)4, TrivialOffsetCalculator<(int)1, unsigned int>, TrivialOffsetCalculator<(int)1, unsigned int>, at::native::memory::LoadWithCast<(int)1>, at::native::memory::StoreWithCast<(int)1>>(int, T1, T2, T4, T5, T6, T7)",3,0.007872
12,dense_prefetch,revisit,candidate,compute_graph_projection_layer_4_q_128,kernel_cutlass_kernel_operatorsdeepseek_v32norm_plainLocalPlainRMSNorm_object_at__tensorptrbf16gmemalign128oi64153615361_tensorptrf32gmemalign16o15361_tensorptrbf16gmemalign128oi641536153_0,1,0.002304
12,dense_prefetch,revisit,candidate,compute_graph_projection_layer_4_q_128,"void at::native::elementwise_kernel<(int)128, (int)2, void at::native::gpu_kernel_impl_nocast<at::native::BinaryFunctor<float, float, float, at::native::binary_internal::MulFunctor<float>>>(at::TensorIteratorBase &, const T1 &)::[lambda(int) (instance 1)]>(int, T3)",1,0.001504
12,dense_prefetch,revisit,candidate,compute_graph_projection_layer_4_q_128,"void <unnamed>::elementwise_kernel_with_index<int, at::native::arange_cuda_out(const c10::Scalar &, const c10::Scalar &, const c10::Scalar &, at::Tensor &)::[lambda() (instance 1)]::operator ()() const::[lambda() (instance 4)]::operator ()() const::[lambda(long) (instance 1)]>(T1, T2, function_traits<T2>::result_type *)",1,0.000832
12,dense_prefetch,revisit,candidate,compute_graph_projection_layer_4_q_128,"void at::native::vectorized_elementwise_kernel<(int)4, at::native::cos_kernel_cuda(at::TensorIteratorBase &)::[lambda() (instance 2)]::operator ()() const::[lambda() (instance 2)]::operator ()() const::[lambda(float) (instance 1)], std::array<char *, (unsigned long)2>>(int, T2, T3)",1,0.001664
12,dense_prefetch,revisit,candidate,compute_graph_projection_layer_4_q_128,"void at::native::vectorized_elementwise_kernel<(int)4, at::native::sin_kernel_cuda(at::TensorIteratorBase &)::[lambda() (instance 2)]::operator ()() const::[lambda() (instance 2)]::operator ()() const::[lambda(float) (instance 1)], std::array<char *, (unsigned long)2>>(int, T2, T3)",1,0.001664
12,dense_prefetch,revisit,candidate,compute_graph_projection_layer_4_q_128,"void at::native::<unnamed>::CatArrayBatchedCopy_vectorized<at::native::<unnamed>::OpaqueType<(unsigned int)4>, unsigned int, (int)2, (int)128, (int)1, (int)16, (int)4>(char *, at::native::<unnamed>::CatArrInputTensorMetadata<T1, T2, T4, T5>, at::native::<unnamed>::TensorSizeStride<T2, (unsigned int)4>, int, T2)",1,0.00128
12,dense_prefetch,revisit,candidate,compute_graph_projection_layer_4_q_128,"void at::native::elementwise_kernel<(int)128, (int)4, void at::native::gpu_kernel_impl_nocast<at::native::direct_copy_kernel_cuda(at::TensorIteratorBase &)::[lambda() (instance 3)]::operator ()() const::[lambda() (instance 12)]::operator ()() const::[lambda(c10::BFloat16) (instance 1)]>(at::TensorIteratorBase &, const T1 &)::[lambda(int) (instance 1)]>(int, T3)",1,0.002272
12,dense_prefetch,revisit,candidate,compute_graph_projection_layer_4_q_128,kernel_cutlass_kernel_operatorsdeepseek_v32norm_plainLocalPlainRMSNorm_object_at__tensorptrbf16gmemalign128oi645125121_tensorptrf32gmemalign16o5121_tensorptrbf16gmemalign128oi645125121____0,1,0.00144
12,dense_prefetch,revisit,candidate,compute_graph_projection_layer_4_q_128,"void flashinfer::BatchQKApplyRotaryPosIdsCosSinCacheHeadParallelismKernel<(bool)1, (unsigned int)64, (unsigned int)8, (unsigned int)8, __nv_bfloat16, long>(T5 *, T5 *, T5 *, T5 *, float *, T6 *, unsigned int, unsigned int, unsigned int, unsigned int, unsigned long, unsigned long, unsigned long, unsigned long, unsigned long, unsigned long, unsigned long, unsigned long)",1,0.00272
12,dense_prefetch,revisit,candidate,compute_graph_projection_layer_4_q_128,"void at::native::<unnamed>::vectorized_layer_norm_kernel<float, float, (bool)0>(int, T2, const T1 *, const T1 *, const T1 *, T2 *, T2 *, T1 *)",1,0.002816
12,dense_prefetch,revisit,candidate,compute_graph_projection_layer_4_q_128,"void at::native::vectorized_elementwise_kernel<(int)8, at::native::bfloat16_copy_kernel_cuda(at::TensorIteratorBase &)::[lambda(float) (instance 1)], std::array<char *, (unsigned long)2>>(int, T2, T3)",1,0.00112
12,dense_prefetch,revisit,candidate,compute_graph_projection_layer_4_q_128,"void flashinfer::BatchQKApplyRotaryPosIdsCosSinCacheHeadParallelismKernel<(bool)0, (unsigned int)128, (unsigned int)8, (unsigned int)16, __nv_bfloat16, long>(T5 *, T5 *, T5 *, T5 *, float *, T6 *, unsigned int, unsigned int, unsigned int, unsigned int, unsigned long, unsigned long, unsigned long, unsigned long, unsigned long, unsigned long, unsigned long, unsigned long)",1,0.002368
12,dense_prefetch,revisit,candidate,compute_graph_projection_layer_4_q_128,quantize_kernel,2,0.002944
12,dense_prefetch,revisit,candidate,compute_graph_projection_layer_4_q_128,"void at::native::vectorized_elementwise_kernel<(int)4, at::native::AUnaryFunctor<float, float, float, at::native::binary_internal::MulFunctor<float>>, std::array<char *, (unsigned long)2>>(int, T2, T3)",2,0.002016
12,dense_prefetch,revisit,candidate,compute_graph_projection_layer_4_q_128,"void at::native::vectorized_elementwise_kernel<(int)4, at::native::BinaryFunctor<float, float, float, at::native::binary_internal::MulFunctor<float>>, std::array<char *, (unsigned long)3>>(int, T2, T3)",1,0.00112
12,dense_prefetch,revisit,candidate,compute_graph_projection_layer_4_q_128,"void at::native::<unnamed>::CatArrayBatchedCopy_vectorized<at::native::<unnamed>::OpaqueType<(unsigned int)2>, unsigned int, (int)2, (int)128, (int)1, (int)16, (int)8>(char *, at::native::<unnamed>::CatArrInputTensorMetadata<T1, T2, T4, T5>, at::native::<unnamed>::TensorSizeStride<T2, (unsigned int)4>, int, T2)",1,0.001792
12,dense_prefetch,revisit,candidate,compute_graph_finish_layer_4_q_128,kernel_cutlass_kernel_operatorsdeepseek_v32norm_fusedLocalFusedRMSNorm_object_at__tensorptrbf16gmemalign128oi64716871681_tensorptrbf16gmemalign128oi64716871681_tensorptrf32gmemalign16o716_0,1,0.003232
12,dense_prefetch,revisit,candidate,compute_graph_finish_layer_4_q_128,"void flashinfer::activation::act_and_mul_kernel<__nv_bfloat16, &silu>(T1 *, const T1 *, int)",1,0.004736
12,dense_prefetch,revisit,candidate,compute_graph_projection_layer_5_q_128,kernel_cutlass_kernel_operatorsdeepseek_v32norm_fusedLocalFusedRMSNorm_object_at__tensorptrbf16gmemalign128oi64716871681_tensorptrbf16gmemalign128oi64716871681_tensorptrf32gmemalign16o716_0,1,0.003137
12,dense_prefetch,revisit,candidate,compute_graph_projection_layer_5_q_128,"void at::native::elementwise_kernel<(int)128, (int)2, void at::native::gpu_kernel_impl_nocast<at::native::CUDAFunctor_add<long>>(at::TensorIteratorBase &, const T1 &)::[lambda(int) (instance 1)]>(int, T3)",1,0.0016
12,dense_prefetch,revisit,candidate,compute_graph_projection_layer_5_q_128,"void at::native::unrolled_elementwise_kernel<at::native::direct_copy_kernel_cuda(at::TensorIteratorBase &)::[lambda() (instance 3)]::operator ()() const::[lambda() (instance 7)]::operator ()() const::[lambda(float) (instance 1)], std::array<char *, (unsigned long)2>, (int)4, TrivialOffsetCalculator<(int)1, unsigned int>, TrivialOffsetCalculator<(int)1, unsigned int>, at::native::memory::LoadWithCast<(int)1>, at::native::memory::StoreWithCast<(int)1>>(int, T1, T2, T4, T5, T6, T7)",3,0.007904
12,dense_prefetch,revisit,candidate,compute_graph_projection_layer_5_q_128,kernel_cutlass_kernel_operatorsdeepseek_v32norm_plainLocalPlainRMSNorm_object_at__tensorptrbf16gmemalign128oi64153615361_tensorptrf32gmemalign16o15361_tensorptrbf16gmemalign128oi641536153_0,1,0.002016
12,dense_prefetch,revisit,candidate,compute_graph_projection_layer_5_q_128,"void at::native::elementwise_kernel<(int)128, (int)2, void at::native::gpu_kernel_impl_nocast<at::native::BinaryFunctor<float, float, float, at::native::binary_internal::MulFunctor<float>>>(at::TensorIteratorBase &, const T1 &)::[lambda(int) (instance 1)]>(int, T3)",1,0.001472
12,dense_prefetch,revisit,candidate,compute_graph_projection_layer_5_q_128,"void <unnamed>::elementwise_kernel_with_index<int, at::native::arange_cuda_out(const c10::Scalar &, const c10::Scalar &, const c10::Scalar &, at::Tensor &)::[lambda() (instance 1)]::operator ()() const::[lambda() (instance 4)]::operator ()() const::[lambda(long) (instance 1)]>(T1, T2, function_traits<T2>::result_type *)",1,0.000704
12,dense_prefetch,revisit,candidate,compute_graph_projection_layer_5_q_128,"void at::native::vectorized_elementwise_kernel<(int)4, at::native::cos_kernel_cuda(at::TensorIteratorBase &)::[lambda() (instance 2)]::operator ()() const::[lambda() (instance 2)]::operator ()() const::[lambda(float) (instance 1)], std::array<char *, (unsigned long)2>>(int, T2, T3)",1,0.0016
12,dense_prefetch,revisit,candidate,compute_graph_projection_layer_5_q_128,"void at::native::vectorized_elementwise_kernel<(int)4, at::native::sin_kernel_cuda(at::TensorIteratorBase &)::[lambda() (instance 2)]::operator ()() const::[lambda() (instance 2)]::operator ()() const::[lambda(float) (instance 1)], std::array<char *, (unsigned long)2>>(int, T2, T3)",1,0.0016
12,dense_prefetch,revisit,candidate,compute_graph_projection_layer_5_q_128,"void at::native::<unnamed>::CatArrayBatchedCopy_vectorized<at::native::<unnamed>::OpaqueType<(unsigned int)4>, unsigned int, (int)2, (int)128, (int)1, (int)16, (int)4>(char *, at::native::<unnamed>::CatArrInputTensorMetadata<T1, T2, T4, T5>, at::native::<unnamed>::TensorSizeStride<T2, (unsigned int)4>, int, T2)",1,0.001216
12,dense_prefetch,revisit,candidate,compute_graph_projection_layer_5_q_128,"void at::native::elementwise_kernel<(int)128, (int)4, void at::native::gpu_kernel_impl_nocast<at::native::direct_copy_kernel_cuda(at::TensorIteratorBase &)::[lambda() (instance 3)]::operator ()() const::[lambda() (instance 12)]::operator ()() const::[lambda(c10::BFloat16) (instance 1)]>(at::TensorIteratorBase &, const T1 &)::[lambda(int) (instance 1)]>(int, T3)",1,0.002304
12,dense_prefetch,revisit,candidate,compute_graph_projection_layer_5_q_128,kernel_cutlass_kernel_operatorsdeepseek_v32norm_plainLocalPlainRMSNorm_object_at__tensorptrbf16gmemalign128oi645125121_tensorptrf32gmemalign16o5121_tensorptrbf16gmemalign128oi645125121____0,1,0.0016
12,dense_prefetch,revisit,candidate,compute_graph_projection_layer_5_q_128,"void flashinfer::BatchQKApplyRotaryPosIdsCosSinCacheHeadParallelismKernel<(bool)1, (unsigned int)64, (unsigned int)8, (unsigned int)8, __nv_bfloat16, long>(T5 *, T5 *, T5 *, T5 *, float *, T6 *, unsigned int, unsigned int, unsigned int, unsigned int, unsigned long, unsigned long, unsigned long, unsigned long, unsigned long, unsigned long, unsigned long, unsigned long)",1,0.002592
12,dense_prefetch,revisit,candidate,compute_graph_projection_layer_5_q_128,"void at::native::<unnamed>::vectorized_layer_norm_kernel<float, float, (bool)0>(int, T2, const T1 *, const T1 *, const T1 *, T2 *, T2 *, T1 *)",1,0.00288
12,dense_prefetch,revisit,candidate,compute_graph_projection_layer_5_q_128,"void at::native::vectorized_elementwise_kernel<(int)8, at::native::bfloat16_copy_kernel_cuda(at::TensorIteratorBase &)::[lambda(float) (instance 1)], std::array<char *, (unsigned long)2>>(int, T2, T3)",1,0.001152
12,dense_prefetch,revisit,candidate,compute_graph_projection_layer_5_q_128,"void flashinfer::BatchQKApplyRotaryPosIdsCosSinCacheHeadParallelismKernel<(bool)0, (unsigned int)128, (unsigned int)8, (unsigned int)16, __nv_bfloat16, long>(T5 *, T5 *, T5 *, T5 *, float *, T6 *, unsigned int, unsigned int, unsigned int, unsigned int, unsigned long, unsigned long, unsigned long, unsigned long, unsigned long, unsigned long, unsigned long, unsigned long)",1,0.002336
12,dense_prefetch,revisit,candidate,compute_graph_projection_layer_5_q_128,quantize_kernel,2,0.002976
12,dense_prefetch,revisit,candidate,compute_graph_projection_layer_5_q_128,"void at::native::vectorized_elementwise_kernel<(int)4, at::native::AUnaryFunctor<float, float, float, at::native::binary_internal::MulFunctor<float>>, std::array<char *, (unsigned long)2>>(int, T2, T3)",2,0.002048
12,dense_prefetch,revisit,candidate,compute_graph_projection_layer_5_q_128,"void at::native::vectorized_elementwise_kernel<(int)4, at::native::BinaryFunctor<float, float, float, at::native::binary_internal::MulFunctor<float>>, std::array<char *, (unsigned long)3>>(int, T2, T3)",1,0.00112
12,dense_prefetch,revisit,candidate,compute_graph_projection_layer_5_q_128,"void at::native::<unnamed>::CatArrayBatchedCopy_vectorized<at::native::<unnamed>::OpaqueType<(unsigned int)2>, unsigned int, (int)2, (int)128, (int)1, (int)16, (int)8>(char *, at::native::<unnamed>::CatArrInputTensorMetadata<T1, T2, T4, T5>, at::native::<unnamed>::TensorSizeStride<T2, (unsigned int)4>, int, T2)",1,0.001728
12,dense_prefetch,revisit,candidate,compute_graph_finish_layer_5_q_128,kernel_cutlass_kernel_operatorsdeepseek_v32norm_fusedLocalFusedRMSNorm_object_at__tensorptrbf16gmemalign128oi64716871681_tensorptrbf16gmemalign128oi64716871681_tensorptrf32gmemalign16o716_0,1,0.004032
12,dense_prefetch,revisit,candidate,compute_graph_finish_layer_5_q_128,"void flashinfer::activation::act_and_mul_kernel<__nv_bfloat16, &silu>(T1 *, const T1 *, int)",1,0.004928
12,dense_prefetch,revisit,candidate,compute_graph_projection_layer_6_q_128,kernel_cutlass_kernel_operatorsdeepseek_v32norm_plainLocalPlainRMSNorm_object_at__tensorptrbf16gmemalign128oi64716871681_tensorptrf32gmemalign16o71681_tensorptrbf16gmemalign128oi647168716_0,1,0.003168
12,dense_prefetch,revisit,candidate,compute_graph_projection_layer_6_q_128,"void at::native::elementwise_kernel<(int)128, (int)2, void at::native::gpu_kernel_impl_nocast<at::native::CUDAFunctor_add<long>>(at::TensorIteratorBase &, const T1 &)::[lambda(int) (instance 1)]>(int, T3)",1,0.001664
12,dense_prefetch,revisit,candidate,compute_graph_projection_layer_6_q_128,"void at::native::unrolled_elementwise_kernel<at::native::direct_copy_kernel_cuda(at::TensorIteratorBase &)::[lambda() (instance 3)]::operator ()() const::[lambda() (instance 7)]::operator ()() const::[lambda(float) (instance 1)], std::array<char *, (unsigned long)2>, (int)4, TrivialOffsetCalculator<(int)1, unsigned int>, TrivialOffsetCalculator<(int)1, unsigned int>, at::native::memory::LoadWithCast<(int)1>, at::native::memory::StoreWithCast<(int)1>>(int, T1, T2, T4, T5, T6, T7)",3,0.007904
12,dense_prefetch,revisit,candidate,compute_graph_projection_layer_6_q_128,kernel_cutlass_kernel_operatorsdeepseek_v32norm_plainLocalPlainRMSNorm_object_at__tensorptrbf16gmemalign128oi64153615361_tensorptrf32gmemalign16o15361_tensorptrbf16gmemalign128oi641536153_0,1,0.001984
12,dense_prefetch,revisit,candidate,compute_graph_projection_layer_6_q_128,"void at::native::elementwise_kernel<(int)128, (int)2, void at::native::gpu_kernel_impl_nocast<at::native::BinaryFunctor<float, float, float, at::native::binary_internal::MulFunctor<float>>>(at::TensorIteratorBase &, const T1 &)::[lambda(int) (instance 1)]>(int, T3)",1,0.001408
12,dense_prefetch,revisit,candidate,compute_graph_projection_layer_6_q_128,"void <unnamed>::elementwise_kernel_with_index<int, at::native::arange_cuda_out(const c10::Scalar &, const c10::Scalar &, const c10::Scalar &, at::Tensor &)::[lambda() (instance 1)]::operator ()() const::[lambda() (instance 4)]::operator ()() const::[lambda(long) (instance 1)]>(T1, T2, function_traits<T2>::result_type *)",1,0.000768
12,dense_prefetch,revisit,candidate,compute_graph_projection_layer_6_q_128,"void at::native::vectorized_elementwise_kernel<(int)4, at::native::cos_kernel_cuda(at::TensorIteratorBase &)::[lambda() (instance 2)]::operator ()() const::[lambda() (instance 2)]::operator ()() const::[lambda(float) (instance 1)], std::array<char *, (unsigned long)2>>(int, T2, T3)",1,0.0016
12,dense_prefetch,revisit,candidate,compute_graph_projection_layer_6_q_128,"void at::native::vectorized_elementwise_kernel<(int)4, at::native::sin_kernel_cuda(at::TensorIteratorBase &)::[lambda() (instance 2)]::operator ()() const::[lambda() (instance 2)]::operator ()() const::[lambda(float) (instance 1)], std::array<char *, (unsigned long)2>>(int, T2, T3)",1,0.001568
12,dense_prefetch,revisit,candidate,compute_graph_projection_layer_6_q_128,"void at::native::<unnamed>::CatArrayBatchedCopy_vectorized<at::native::<unnamed>::OpaqueType<(unsigned int)4>, unsigned int, (int)2, (int)128, (int)1, (int)16, (int)4>(char *, at::native::<unnamed>::CatArrInputTensorMetadata<T1, T2, T4, T5>, at::native::<unnamed>::TensorSizeStride<T2, (unsigned int)4>, int, T2)",1,0.001216
12,dense_prefetch,revisit,candidate,compute_graph_projection_layer_6_q_128,"void at::native::elementwise_kernel<(int)128, (int)4, void at::native::gpu_kernel_impl_nocast<at::native::direct_copy_kernel_cuda(at::TensorIteratorBase &)::[lambda() (instance 3)]::operator ()() const::[lambda() (instance 12)]::operator ()() const::[lambda(c10::BFloat16) (instance 1)]>(at::TensorIteratorBase &, const T1 &)::[lambda(int) (instance 1)]>(int, T3)",1,0.002336
12,dense_prefetch,revisit,candidate,compute_graph_projection_layer_6_q_128,kernel_cutlass_kernel_operatorsdeepseek_v32norm_plainLocalPlainRMSNorm_object_at__tensorptrbf16gmemalign128oi645125121_tensorptrf32gmemalign16o5121_tensorptrbf16gmemalign128oi645125121____0,1,0.001504
12,dense_prefetch,revisit,candidate,compute_graph_projection_layer_6_q_128,"void flashinfer::BatchQKApplyRotaryPosIdsCosSinCacheHeadParallelismKernel<(bool)1, (unsigned int)64, (unsigned int)8, (unsigned int)8, __nv_bfloat16, long>(T5 *, T5 *, T5 *, T5 *, float *, T6 *, unsigned int, unsigned int, unsigned int, unsigned int, unsigned long, unsigned long, unsigned long, unsigned long, unsigned long, unsigned long, unsigned long, unsigned long)",1,0.00256
12,dense_prefetch,revisit,candidate,compute_graph_projection_layer_6_q_128,"void at::native::<unnamed>::vectorized_layer_norm_kernel<float, float, (bool)0>(int, T2, const T1 *, const T1 *, const T1 *, T2 *, T2 *, T1 *)",1,0.00288
12,dense_prefetch,revisit,candidate,compute_graph_projection_layer_6_q_128,"void at::native::vectorized_elementwise_kernel<(int)8, at::native::bfloat16_copy_kernel_cuda(at::TensorIteratorBase &)::[lambda(float) (instance 1)], std::array<char *, (unsigned long)2>>(int, T2, T3)",1,0.001184
12,dense_prefetch,revisit,candidate,compute_graph_projection_layer_6_q_128,"void flashinfer::BatchQKApplyRotaryPosIdsCosSinCacheHeadParallelismKernel<(bool)0, (unsigned int)128, (unsigned int)8, (unsigned int)16, __nv_bfloat16, long>(T5 *, T5 *, T5 *, T5 *, float *, T6 *, unsigned int, unsigned int, unsigned int, unsigned int, unsigned long, unsigned long, unsigned long, unsigned long, unsigned long, unsigned long, unsigned long, unsigned long)",1,0.002336
12,dense_prefetch,revisit,candidate,compute_graph_projection_layer_6_q_128,quantize_kernel,2,0.002944
12,dense_prefetch,revisit,candidate,compute_graph_projection_layer_6_q_128,"void at::native::vectorized_elementwise_kernel<(int)4, at::native::AUnaryFunctor<float, float, float, at::native::binary_internal::MulFunctor<float>>, std::array<char *, (unsigned long)2>>(int, T2, T3)",2,0.002112
12,dense_prefetch,revisit,candidate,compute_graph_projection_layer_6_q_128,"void at::native::vectorized_elementwise_kernel<(int)4, at::native::BinaryFunctor<float, float, float, at::native::binary_internal::MulFunctor<float>>, std::array<char *, (unsigned long)3>>(int, T2, T3)",1,0.001152
12,dense_prefetch,revisit,candidate,compute_graph_projection_layer_6_q_128,"void at::native::<unnamed>::CatArrayBatchedCopy_vectorized<at::native::<unnamed>::OpaqueType<(unsigned int)2>, unsigned int, (int)2, (int)128, (int)1, (int)16, (int)8>(char *, at::native::<unnamed>::CatArrInputTensorMetadata<T1, T2, T4, T5>, at::native::<unnamed>::TensorSizeStride<T2, (unsigned int)4>, int, T2)",1,0.00176
12,dense_prefetch,revisit,candidate,compute_graph_finish_layer_6_q_128,kernel_cutlass_kernel_operatorsdeepseek_v32norm_fusedLocalFusedRMSNorm_object_at__tensorptrbf16gmemalign128oi64716871681_tensorptrbf16gmemalign128oi64716871681_tensorptrf32gmemalign16o716_0,1,0.003232
12,dense_prefetch,revisit,candidate,compute_graph_finish_layer_6_q_128,"void flashinfer::activation::act_and_mul_kernel<__nv_bfloat16, &silu>(T1 *, const T1 *, int)",1,0.005024
12,dense_prefetch,revisit,candidate,compute_graph_projection_layer_7_q_128,kernel_cutlass_kernel_operatorsdeepseek_v32norm_fusedLocalFusedRMSNorm_object_at__tensorptrbf16gmemalign128oi64716871681_tensorptrbf16gmemalign128oi64716871681_tensorptrf32gmemalign16o716_0,1,0.003552
12,dense_prefetch,revisit,candidate,compute_graph_projection_layer_7_q_128,"void at::native::elementwise_kernel<(int)128, (int)2, void at::native::gpu_kernel_impl_nocast<at::native::CUDAFunctor_add<long>>(at::TensorIteratorBase &, const T1 &)::[lambda(int) (instance 1)]>(int, T3)",1,0.001888
12,dense_prefetch,revisit,candidate,compute_graph_projection_layer_7_q_128,"void at::native::unrolled_elementwise_kernel<at::native::direct_copy_kernel_cuda(at::TensorIteratorBase &)::[lambda() (instance 3)]::operator ()() const::[lambda() (instance 7)]::operator ()() const::[lambda(float) (instance 1)], std::array<char *, (unsigned long)2>, (int)4, TrivialOffsetCalculator<(int)1, unsigned int>, TrivialOffsetCalculator<(int)1, unsigned int>, at::native::memory::LoadWithCast<(int)1>, at::native::memory::StoreWithCast<(int)1>>(int, T1, T2, T4, T5, T6, T7)",3,0.007776
12,dense_prefetch,revisit,candidate,compute_graph_projection_layer_7_q_128,kernel_cutlass_kernel_operatorsdeepseek_v32norm_plainLocalPlainRMSNorm_object_at__tensorptrbf16gmemalign128oi64153615361_tensorptrf32gmemalign16o15361_tensorptrbf16gmemalign128oi641536153_0,1,0.002208
12,dense_prefetch,revisit,candidate,compute_graph_projection_layer_7_q_128,"void at::native::elementwise_kernel<(int)128, (int)2, void at::native::gpu_kernel_impl_nocast<at::native::BinaryFunctor<float, float, float, at::native::binary_internal::MulFunctor<float>>>(at::TensorIteratorBase &, const T1 &)::[lambda(int) (instance 1)]>(int, T3)",1,0.001504
12,dense_prefetch,revisit,candidate,compute_graph_projection_layer_7_q_128,"void <unnamed>::elementwise_kernel_with_index<int, at::native::arange_cuda_out(const c10::Scalar &, const c10::Scalar &, const c10::Scalar &, at::Tensor &)::[lambda() (instance 1)]::operator ()() const::[lambda() (instance 4)]::operator ()() const::[lambda(long) (instance 1)]>(T1, T2, function_traits<T2>::result_type *)",1,0.000864
12,dense_prefetch,revisit,candidate,compute_graph_projection_layer_7_q_128,"void at::native::vectorized_elementwise_kernel<(int)4, at::native::cos_kernel_cuda(at::TensorIteratorBase &)::[lambda() (instance 2)]::operator ()() const::[lambda() (instance 2)]::operator ()() const::[lambda(float) (instance 1)], std::array<char *, (unsigned long)2>>(int, T2, T3)",1,0.001664
12,dense_prefetch,revisit,candidate,compute_graph_projection_layer_7_q_128,"void at::native::vectorized_elementwise_kernel<(int)4, at::native::sin_kernel_cuda(at::TensorIteratorBase &)::[lambda() (instance 2)]::operator ()() const::[lambda() (instance 2)]::operator ()() const::[lambda(float) (instance 1)], std::array<char *, (unsigned long)2>>(int, T2, T3)",1,0.001664
12,dense_prefetch,revisit,candidate,compute_graph_projection_layer_7_q_128,"void at::native::<unnamed>::CatArrayBatchedCopy_vectorized<at::native::<unnamed>::OpaqueType<(unsigned int)4>, unsigned int, (int)2, (int)128, (int)1, (int)16, (int)4>(char *, at::native::<unnamed>::CatArrInputTensorMetadata<T1, T2, T4, T5>, at::native::<unnamed>::TensorSizeStride<T2, (unsigned int)4>, int, T2)",1,0.00128
12,dense_prefetch,revisit,candidate,compute_graph_projection_layer_7_q_128,"void at::native::elementwise_kernel<(int)128, (int)4, void at::native::gpu_kernel_impl_nocast<at::native::direct_copy_kernel_cuda(at::TensorIteratorBase &)::[lambda() (instance 3)]::operator ()() const::[lambda() (instance 12)]::operator ()() const::[lambda(c10::BFloat16) (instance 1)]>(at::TensorIteratorBase &, const T1 &)::[lambda(int) (instance 1)]>(int, T3)",1,0.00224
12,dense_prefetch,revisit,candidate,compute_graph_projection_layer_7_q_128,kernel_cutlass_kernel_operatorsdeepseek_v32norm_plainLocalPlainRMSNorm_object_at__tensorptrbf16gmemalign128oi645125121_tensorptrf32gmemalign16o5121_tensorptrbf16gmemalign128oi645125121____0,1,0.001376
12,dense_prefetch,revisit,candidate,compute_graph_projection_layer_7_q_128,"void flashinfer::BatchQKApplyRotaryPosIdsCosSinCacheHeadParallelismKernel<(bool)1, (unsigned int)64, (unsigned int)8, (unsigned int)8, __nv_bfloat16, long>(T5 *, T5 *, T5 *, T5 *, float *, T6 *, unsigned int, unsigned int, unsigned int, unsigned int, unsigned long, unsigned long, unsigned long, unsigned long, unsigned long, unsigned long, unsigned long, unsigned long)",1,0.002688
12,dense_prefetch,revisit,candidate,compute_graph_projection_layer_7_q_128,"void at::native::<unnamed>::vectorized_layer_norm_kernel<float, float, (bool)0>(int, T2, const T1 *, const T1 *, const T1 *, T2 *, T2 *, T1 *)",1,0.002816
12,dense_prefetch,revisit,candidate,compute_graph_projection_layer_7_q_128,"void at::native::vectorized_elementwise_kernel<(int)8, at::native::bfloat16_copy_kernel_cuda(at::TensorIteratorBase &)::[lambda(float) (instance 1)], std::array<char *, (unsigned long)2>>(int, T2, T3)",1,0.00112
12,dense_prefetch,revisit,candidate,compute_graph_projection_layer_7_q_128,"void flashinfer::BatchQKApplyRotaryPosIdsCosSinCacheHeadParallelismKernel<(bool)0, (unsigned int)128, (unsigned int)8, (unsigned int)16, __nv_bfloat16, long>(T5 *, T5 *, T5 *, T5 *, float *, T6 *, unsigned int, unsigned int, unsigned int, unsigned int, unsigned long, unsigned long, unsigned long, unsigned long, unsigned long, unsigned long, unsigned long, unsigned long)",1,0.002304
12,dense_prefetch,revisit,candidate,compute_graph_projection_layer_7_q_128,quantize_kernel,2,0.002816
12,dense_prefetch,revisit,candidate,compute_graph_projection_layer_7_q_128,"void at::native::vectorized_elementwise_kernel<(int)4, at::native::AUnaryFunctor<float, float, float, at::native::binary_internal::MulFunctor<float>>, std::array<char *, (unsigned long)2>>(int, T2, T3)",2,0.002144
12,dense_prefetch,revisit,candidate,compute_graph_projection_layer_7_q_128,"void at::native::vectorized_elementwise_kernel<(int)4, at::native::BinaryFunctor<float, float, float, at::native::binary_internal::MulFunctor<float>>, std::array<char *, (unsigned long)3>>(int, T2, T3)",1,0.001152
12,dense_prefetch,revisit,candidate,compute_graph_projection_layer_7_q_128,"void at::native::<unnamed>::CatArrayBatchedCopy_vectorized<at::native::<unnamed>::OpaqueType<(unsigned int)2>, unsigned int, (int)2, (int)128, (int)1, (int)16, (int)8>(char *, at::native::<unnamed>::CatArrInputTensorMetadata<T1, T2, T4, T5>, at::native::<unnamed>::TensorSizeStride<T2, (unsigned int)4>, int, T2)",1,0.001856
12,dense_prefetch,revisit,candidate,compute_graph_finish_layer_7_q_128,kernel_cutlass_kernel_operatorsdeepseek_v32norm_fusedLocalFusedRMSNorm_object_at__tensorptrbf16gmemalign128oi64716871681_tensorptrbf16gmemalign128oi64716871681_tensorptrf32gmemalign16o716_0,1,0.003328
12,dense_prefetch,revisit,candidate,compute_graph_finish_layer_7_q_128,"void flashinfer::activation::act_and_mul_kernel<__nv_bfloat16, &silu>(T1 *, const T1 *, int)",1,0.004864
12,dense_prefetch,revisit,candidate,compute_graph_projection_layer_8_q_128,kernel_cutlass_kernel_operatorsdeepseek_v32norm_fusedLocalFusedRMSNorm_object_at__tensorptrbf16gmemalign128oi64716871681_tensorptrbf16gmemalign128oi64716871681_tensorptrf32gmemalign16o716_0,1,0.00336
12,dense_prefetch,revisit,candidate,compute_graph_projection_layer_8_q_128,"void at::native::elementwise_kernel<(int)128, (int)2, void at::native::gpu_kernel_impl_nocast<at::native::CUDAFunctor_add<long>>(at::TensorIteratorBase &, const T1 &)::[lambda(int) (instance 1)]>(int, T3)",1,0.0016
12,dense_prefetch,revisit,candidate,compute_graph_projection_layer_8_q_128,"void at::native::unrolled_elementwise_kernel<at::native::direct_copy_kernel_cuda(at::TensorIteratorBase &)::[lambda() (instance 3)]::operator ()() const::[lambda() (instance 7)]::operator ()() const::[lambda(float) (instance 1)], std::array<char *, (unsigned long)2>, (int)4, TrivialOffsetCalculator<(int)1, unsigned int>, TrivialOffsetCalculator<(int)1, unsigned int>, at::native::memory::LoadWithCast<(int)1>, at::native::memory::StoreWithCast<(int)1>>(int, T1, T2, T4, T5, T6, T7)",3,0.007648
12,dense_prefetch,revisit,candidate,compute_graph_projection_layer_8_q_128,kernel_cutlass_kernel_operatorsdeepseek_v32norm_plainLocalPlainRMSNorm_object_at__tensorptrbf16gmemalign128oi64153615361_tensorptrf32gmemalign16o15361_tensorptrbf16gmemalign128oi641536153_0,1,0.00224
12,dense_prefetch,revisit,candidate,compute_graph_projection_layer_8_q_128,"void at::native::elementwise_kernel<(int)128, (int)2, void at::native::gpu_kernel_impl_nocast<at::native::BinaryFunctor<float, float, float, at::native::binary_internal::MulFunctor<float>>>(at::TensorIteratorBase &, const T1 &)::[lambda(int) (instance 1)]>(int, T3)",1,0.001568
12,dense_prefetch,revisit,candidate,compute_graph_projection_layer_8_q_128,"void <unnamed>::elementwise_kernel_with_index<int, at::native::arange_cuda_out(const c10::Scalar &, const c10::Scalar &, const c10::Scalar &, at::Tensor &)::[lambda() (instance 1)]::operator ()() const::[lambda() (instance 4)]::operator ()() const::[lambda(long) (instance 1)]>(T1, T2, function_traits<T2>::result_type *)",1,0.000736
12,dense_prefetch,revisit,candidate,compute_graph_projection_layer_8_q_128,"void at::native::vectorized_elementwise_kernel<(int)4, at::native::cos_kernel_cuda(at::TensorIteratorBase &)::[lambda() (instance 2)]::operator ()() const::[lambda() (instance 2)]::operator ()() const::[lambda(float) (instance 1)], std::array<char *, (unsigned long)2>>(int, T2, T3)",1,0.001568
12,dense_prefetch,revisit,candidate,compute_graph_projection_layer_8_q_128,"void at::native::vectorized_elementwise_kernel<(int)4, at::native::sin_kernel_cuda(at::TensorIteratorBase &)::[lambda() (instance 2)]::operator ()() const::[lambda() (instance 2)]::operator ()() const::[lambda(float) (instance 1)], std::array<char *, (unsigned long)2>>(int, T2, T3)",1,0.001632
12,dense_prefetch,revisit,candidate,compute_graph_projection_layer_8_q_128,"void at::native::<unnamed>::CatArrayBatchedCopy_vectorized<at::native::<unnamed>::OpaqueType<(unsigned int)4>, unsigned int, (int)2, (int)128, (int)1, (int)16, (int)4>(char *, at::native::<unnamed>::CatArrInputTensorMetadata<T1, T2, T4, T5>, at::native::<unnamed>::TensorSizeStride<T2, (unsigned int)4>, int, T2)",1,0.001248
12,dense_prefetch,revisit,candidate,compute_graph_projection_layer_8_q_128,"void at::native::elementwise_kernel<(int)128, (int)4, void at::native::gpu_kernel_impl_nocast<at::native::direct_copy_kernel_cuda(at::TensorIteratorBase &)::[lambda() (instance 3)]::operator ()() const::[lambda() (instance 12)]::operator ()() const::[lambda(c10::BFloat16) (instance 1)]>(at::TensorIteratorBase &, const T1 &)::[lambda(int) (instance 1)]>(int, T3)",1,0.002304
12,dense_prefetch,revisit,candidate,compute_graph_projection_layer_8_q_128,kernel_cutlass_kernel_operatorsdeepseek_v32norm_plainLocalPlainRMSNorm_object_at__tensorptrbf16gmemalign128oi645125121_tensorptrf32gmemalign16o5121_tensorptrbf16gmemalign128oi645125121____0,1,0.001632
12,dense_prefetch,revisit,candidate,compute_graph_projection_layer_8_q_128,"void flashinfer::BatchQKApplyRotaryPosIdsCosSinCacheHeadParallelismKernel<(bool)1, (unsigned int)64, (unsigned int)8, (unsigned int)8, __nv_bfloat16, long>(T5 *, T5 *, T5 *, T5 *, float *, T6 *, unsigned int, unsigned int, unsigned int, unsigned int, unsigned long, unsigned long, unsigned long, unsigned long, unsigned long, unsigned long, unsigned long, unsigned long)",1,0.00272
12,dense_prefetch,revisit,candidate,compute_graph_projection_layer_8_q_128,"void at::native::<unnamed>::vectorized_layer_norm_kernel<float, float, (bool)0>(int, T2, const T1 *, const T1 *, const T1 *, T2 *, T2 *, T1 *)",1,0.002784
12,dense_prefetch,revisit,candidate,compute_graph_projection_layer_8_q_128,"void at::native::vectorized_elementwise_kernel<(int)8, at::native::bfloat16_copy_kernel_cuda(at::TensorIteratorBase &)::[lambda(float) (instance 1)], std::array<char *, (unsigned long)2>>(int, T2, T3)",1,0.00112
12,dense_prefetch,revisit,candidate,compute_graph_projection_layer_8_q_128,"void flashinfer::BatchQKApplyRotaryPosIdsCosSinCacheHeadParallelismKernel<(bool)0, (unsigned int)128, (unsigned int)8, (unsigned int)16, __nv_bfloat16, long>(T5 *, T5 *, T5 *, T5 *, float *, T6 *, unsigned int, unsigned int, unsigned int, unsigned int, unsigned long, unsigned long, unsigned long, unsigned long, unsigned long, unsigned long, unsigned long, unsigned long)",1,0.002272
12,dense_prefetch,revisit,candidate,compute_graph_projection_layer_8_q_128,quantize_kernel,2,0.002848
12,dense_prefetch,revisit,candidate,compute_graph_projection_layer_8_q_128,"void at::native::vectorized_elementwise_kernel<(int)4, at::native::AUnaryFunctor<float, float, float, at::native::binary_internal::MulFunctor<float>>, std::array<char *, (unsigned long)2>>(int, T2, T3)",2,0.002112
12,dense_prefetch,revisit,candidate,compute_graph_projection_layer_8_q_128,"void at::native::vectorized_elementwise_kernel<(int)4, at::native::BinaryFunctor<float, float, float, at::native::binary_internal::MulFunctor<float>>, std::array<char *, (unsigned long)3>>(int, T2, T3)",1,0.001152
12,dense_prefetch,revisit,candidate,compute_graph_projection_layer_8_q_128,"void at::native::<unnamed>::CatArrayBatchedCopy_vectorized<at::native::<unnamed>::OpaqueType<(unsigned int)2>, unsigned int, (int)2, (int)128, (int)1, (int)16, (int)8>(char *, at::native::<unnamed>::CatArrInputTensorMetadata<T1, T2, T4, T5>, at::native::<unnamed>::TensorSizeStride<T2, (unsigned int)4>, int, T2)",1,0.002048
12,dense_prefetch,revisit,candidate,compute_graph_finish_layer_8_q_128,kernel_cutlass_kernel_operatorsdeepseek_v32norm_fusedLocalFusedRMSNorm_object_at__tensorptrbf16gmemalign128oi64716871681_tensorptrbf16gmemalign128oi64716871681_tensorptrf32gmemalign16o716_0,1,0.003232
12,dense_prefetch,revisit,candidate,compute_graph_finish_layer_8_q_128,"void flashinfer::activation::act_and_mul_kernel<__nv_bfloat16, &silu>(T1 *, const T1 *, int)",1,0.005024
12,dense_prefetch,revisit,candidate,compute_graph_projection_layer_9_q_128,kernel_cutlass_kernel_operatorsdeepseek_v32norm_plainLocalPlainRMSNorm_object_at__tensorptrbf16gmemalign128oi64716871681_tensorptrf32gmemalign16o71681_tensorptrbf16gmemalign128oi647168716_0,1,0.003296
12,dense_prefetch,revisit,candidate,compute_graph_projection_layer_9_q_128,"void at::native::elementwise_kernel<(int)128, (int)2, void at::native::gpu_kernel_impl_nocast<at::native::CUDAFunctor_add<long>>(at::TensorIteratorBase &, const T1 &)::[lambda(int) (instance 1)]>(int, T3)",1,0.002016
12,dense_prefetch,revisit,candidate,compute_graph_projection_layer_9_q_128,"void at::native::unrolled_elementwise_kernel<at::native::direct_copy_kernel_cuda(at::TensorIteratorBase &)::[lambda() (instance 3)]::operator ()() const::[lambda() (instance 7)]::operator ()() const::[lambda(float) (instance 1)], std::array<char *, (unsigned long)2>, (int)4, TrivialOffsetCalculator<(int)1, unsigned int>, TrivialOffsetCalculator<(int)1, unsigned int>, at::native::memory::LoadWithCast<(int)1>, at::native::memory::StoreWithCast<(int)1>>(int, T1, T2, T4, T5, T6, T7)",3,0.007648
12,dense_prefetch,revisit,candidate,compute_graph_projection_layer_9_q_128,kernel_cutlass_kernel_operatorsdeepseek_v32norm_plainLocalPlainRMSNorm_object_at__tensorptrbf16gmemalign128oi64153615361_tensorptrf32gmemalign16o15361_tensorptrbf16gmemalign128oi641536153_0,1,0.00224
12,dense_prefetch,revisit,candidate,compute_graph_projection_layer_9_q_128,"void at::native::elementwise_kernel<(int)128, (int)2, void at::native::gpu_kernel_impl_nocast<at::native::BinaryFunctor<float, float, float, at::native::binary_internal::MulFunctor<float>>>(at::TensorIteratorBase &, const T1 &)::[lambda(int) (instance 1)]>(int, T3)",1,0.001344
12,dense_prefetch,revisit,candidate,compute_graph_projection_layer_9_q_128,"void <unnamed>::elementwise_kernel_with_index<int, at::native::arange_cuda_out(const c10::Scalar &, const c10::Scalar &, const c10::Scalar &, at::Tensor &)::[lambda() (instance 1)]::operator ()() const::[lambda() (instance 4)]::operator ()() const::[lambda(long) (instance 1)]>(T1, T2, function_traits<T2>::result_type *)",1,0.0008
12,dense_prefetch,revisit,candidate,compute_graph_projection_layer_9_q_128,"void at::native::vectorized_elementwise_kernel<(int)4, at::native::cos_kernel_cuda(at::TensorIteratorBase &)::[lambda() (instance 2)]::operator ()() const::[lambda() (instance 2)]::operator ()() const::[lambda(float) (instance 1)], std::array<char *, (unsigned long)2>>(int, T2, T3)",1,0.0016
12,dense_prefetch,revisit,candidate,compute_graph_projection_layer_9_q_128,"void at::native::vectorized_elementwise_kernel<(int)4, at::native::sin_kernel_cuda(at::TensorIteratorBase &)::[lambda() (instance 2)]::operator ()() const::[lambda() (instance 2)]::operator ()() const::[lambda(float) (instance 1)], std::array<char *, (unsigned long)2>>(int, T2, T3)",1,0.0016
12,dense_prefetch,revisit,candidate,compute_graph_projection_layer_9_q_128,"void at::native::<unnamed>::CatArrayBatchedCopy_vectorized<at::native::<unnamed>::OpaqueType<(unsigned int)4>, unsigned int, (int)2, (int)128, (int)1, (int)16, (int)4>(char *, at::native::<unnamed>::CatArrInputTensorMetadata<T1, T2, T4, T5>, at::native::<unnamed>::TensorSizeStride<T2, (unsigned int)4>, int, T2)",1,0.001248
12,dense_prefetch,revisit,candidate,compute_graph_projection_layer_9_q_128,"void at::native::elementwise_kernel<(int)128, (int)4, void at::native::gpu_kernel_impl_nocast<at::native::direct_copy_kernel_cuda(at::TensorIteratorBase &)::[lambda() (instance 3)]::operator ()() const::[lambda() (instance 12)]::operator ()() const::[lambda(c10::BFloat16) (instance 1)]>(at::TensorIteratorBase &, const T1 &)::[lambda(int) (instance 1)]>(int, T3)",1,0.002304
12,dense_prefetch,revisit,candidate,compute_graph_projection_layer_9_q_128,kernel_cutlass_kernel_operatorsdeepseek_v32norm_plainLocalPlainRMSNorm_object_at__tensorptrbf16gmemalign128oi645125121_tensorptrf32gmemalign16o5121_tensorptrbf16gmemalign128oi645125121____0,1,0.001408
12,dense_prefetch,revisit,candidate,compute_graph_projection_layer_9_q_128,"void flashinfer::BatchQKApplyRotaryPosIdsCosSinCacheHeadParallelismKernel<(bool)1, (unsigned int)64, (unsigned int)8, (unsigned int)8, __nv_bfloat16, long>(T5 *, T5 *, T5 *, T5 *, float *, T6 *, unsigned int, unsigned int, unsigned int, unsigned int, unsigned long, unsigned long, unsigned long, unsigned long, unsigned long, unsigned long, unsigned long, unsigned long)",1,0.002752
12,dense_prefetch,revisit,candidate,compute_graph_projection_layer_9_q_128,"void at::native::<unnamed>::vectorized_layer_norm_kernel<float, float, (bool)0>(int, T2, const T1 *, const T1 *, const T1 *, T2 *, T2 *, T1 *)",1,0.002816
12,dense_prefetch,revisit,candidate,compute_graph_projection_layer_9_q_128,"void at::native::vectorized_elementwise_kernel<(int)8, at::native::bfloat16_copy_kernel_cuda(at::TensorIteratorBase &)::[lambda(float) (instance 1)], std::array<char *, (unsigned long)2>>(int, T2, T3)",1,0.00112
12,dense_prefetch,revisit,candidate,compute_graph_projection_layer_9_q_128,"void flashinfer::BatchQKApplyRotaryPosIdsCosSinCacheHeadParallelismKernel<(bool)0, (unsigned int)128, (unsigned int)8, (unsigned int)16, __nv_bfloat16, long>(T5 *, T5 *, T5 *, T5 *, float *, T6 *, unsigned int, unsigned int, unsigned int, unsigned int, unsigned long, unsigned long, unsigned long, unsigned long, unsigned long, unsigned long, unsigned long, unsigned long)",1,0.002336
12,dense_prefetch,revisit,candidate,compute_graph_projection_layer_9_q_128,quantize_kernel,2,0.002848
12,dense_prefetch,revisit,candidate,compute_graph_projection_layer_9_q_128,"void at::native::vectorized_elementwise_kernel<(int)4, at::native::AUnaryFunctor<float, float, float, at::native::binary_internal::MulFunctor<float>>, std::array<char *, (unsigned long)2>>(int, T2, T3)",2,0.002144
12,dense_prefetch,revisit,candidate,compute_graph_projection_layer_9_q_128,"void at::native::vectorized_elementwise_kernel<(int)4, at::native::BinaryFunctor<float, float, float, at::native::binary_internal::MulFunctor<float>>, std::array<char *, (unsigned long)3>>(int, T2, T3)",1,0.001184
12,dense_prefetch,revisit,candidate,compute_graph_projection_layer_9_q_128,"void at::native::<unnamed>::CatArrayBatchedCopy_vectorized<at::native::<unnamed>::OpaqueType<(unsigned int)2>, unsigned int, (int)2, (int)128, (int)1, (int)16, (int)8>(char *, at::native::<unnamed>::CatArrInputTensorMetadata<T1, T2, T4, T5>, at::native::<unnamed>::TensorSizeStride<T2, (unsigned int)4>, int, T2)",1,0.001888
12,dense_prefetch,revisit,candidate,compute_graph_finish_layer_9_q_128,kernel_cutlass_kernel_operatorsdeepseek_v32norm_fusedLocalFusedRMSNorm_object_at__tensorptrbf16gmemalign128oi64716871681_tensorptrbf16gmemalign128oi64716871681_tensorptrf32gmemalign16o716_0,1,0.003232
12,dense_prefetch,revisit,candidate,compute_graph_finish_layer_9_q_128,"void flashinfer::activation::act_and_mul_kernel<__nv_bfloat16, &silu>(T1 *, const T1 *, int)",1,0.0048
12,dense_prefetch,revisit,candidate,final_norm_lm_head,"void at::native::unrolled_elementwise_kernel<at::native::direct_copy_kernel_cuda(at::TensorIteratorBase &)::[lambda() (instance 3)]::operator ()() const::[lambda() (instance 7)]::operator ()() const::[lambda(float) (instance 1)], std::array<char *, (unsigned long)2>, (int)4, TrivialOffsetCalculator<(int)1, unsigned int>, TrivialOffsetCalculator<(int)1, unsigned int>, at::native::memory::LoadWithCast<(int)1>, at::native::memory::StoreWithCast<(int)1>>(int, T1, T2, T4, T5, T6, T7)",3,0.011424
12,dense_prefetch,revisit,candidate,final_norm_lm_head,"void at::native::vectorized_elementwise_kernel<(int)4, at::native::CUDAFunctor_add<float>, std::array<char *, (unsigned long)3>>(int, T2, T3)",1,0.003008
12,dense_prefetch,revisit,candidate,final_norm_lm_head,kernel_cutlass_kernel_flashinfernormkernelsrmsnormRMSNormKernel_object_at__tensorptrf32gmemalign128oi64716871681_tensorptrf32gmemalign16o71681_tensorptrf32gmemalign128oi64716871681___True_0,1,0.002784
12,dense_prefetch,revisit,candidate,final_norm_lm_head,"void at::native::vectorized_elementwise_kernel<(int)8, at::native::bfloat16_copy_kernel_cuda(at::TensorIteratorBase &)::[lambda(float) (instance 1)], std::array<char *, (unsigned long)2>>(int, T2, T3)",1,0.00192
12,dense_prefetch,revisit,request,request,MEMCPY,1,0.012384
12,dense_prefetch,revisit,candidate,forward,MEMCPY,12,0.013728
12,dense_prefetch,revisit,candidate,pool_operation,MEMCPY,40,0.251395
12,dense_prefetch,revisit,candidate,cache_torch_argsort,MEMCPY,10,0.015424
12,dense_prefetch,revisit,candidate,compute_graph_projection_inputs,MEMCPY,16,0.031232
12,dense_prefetch,revisit,candidate,index_cache_write,MEMCPY,20,0.017728
12,dense_prefetch,revisit,candidate,replay_input_copy,MEMCPY,11,0.316193
12,dense_prefetch,revisit,candidate,chunk,MEMCPY,11,0.012288
12,dense_prefetch,revisit,diagnostics,cache_metrics,MEMCPY,10,0.0256
12,dense_prefetch,revisit,candidate,cache_torch_argsort,MEMSET,100,0.094977
