method,phase,lane,kind,start_ns,end_ns,raw_start_ns,raw_end_ns,stream,device_id,process,scope_label,correlation,graph_id,graph_node_id,stage,layer,name,io_kind,bytes,start_ms,end_ms
hbm,prefill,GPU control,kernel,665478795,665479531,665478795,665479531,7,0,341870085406720,echo/hbm/prefill_annotated/layer_1/compute_graph_projection_inputs/call_3489,429081,,,compute_graph_projection_inputs,layer_1,"void at::native::vectorized_elementwise_kernel<(int)2, at::native::FillFunctor<long>, std::array<char *, (unsigned long)1>>(int, T2, T3)",,,0.021472,0.022208
hbm,prefill,Compute,kernel,665484779,665500715,665484779,665500715,7,0,341870085406720,echo/hbm/prefill_annotated/layer_1/compute_graph_projection_layer_1_q_1024/call_3490,429087,20,85899345920,compute_graph_projection_layer_1_q_1024,layer_1,kernel_cutlass_kernel_operatorsdeepseek_v32norm_fusedLocalFusedRMSNorm_object_at__tensorptrbf16gmemalign128oi64716871681_tensorptrbf16gmemalign128oi64716871681_tensorptrf32gmemalign16o716_0,,,0.027456,0.043392
hbm,prefill,Compute,kernel,665500971,665502795,665500971,665502795,7,0,341870085406720,echo/hbm/prefill_annotated/layer_1/compute_graph_projection_layer_1_q_1024/call_3490,429087,20,85899345921,compute_graph_projection_layer_1_q_1024,layer_1,"void at::native::elementwise_kernel<(int)128, (int)2, void at::native::gpu_kernel_impl_nocast<at::native::CUDAFunctor_add<long>>(at::TensorIteratorBase &, const T1 &)::[lambda(int) (instance 1)]>(int, T3)",,,0.043648,0.045472
hbm,prefill,Compute,kernel,665503435,665505707,665503435,665505707,7,0,341870085406720,echo/hbm/prefill_annotated/layer_1/compute_graph_projection_layer_1_q_1024/call_3490,429087,20,85899345922,compute_graph_projection_layer_1_q_1024,layer_1,"void at::native::unrolled_elementwise_kernel<at::native::direct_copy_kernel_cuda(at::TensorIteratorBase &)::[lambda() (instance 3)]::operator ()() const::[lambda() (instance 7)]::operator ()() const::[lambda(float) (instance 1)], std::array<char *, (unsigned long)2>, (int)4, TrivialOffsetCalculator<(int)1, unsigned int>, TrivialOffsetCalculator<(int)1, unsigned int>, at::native::memory::LoadWithCast<(int)1>, at::native::memory::StoreWithCast<(int)1>>(int, T1, T2, T4, T5, T6, T7)",,,0.046112,0.048384
hbm,prefill,Compute,kernel,665506123,665507371,665506123,665507371,7,0,341870085406720,echo/hbm/prefill_annotated/layer_1/compute_graph_projection_layer_1_q_1024/call_3490,429087,20,85899345923,compute_graph_projection_layer_1_q_1024,layer_1,"void at::native::vectorized_elementwise_kernel<(int)2, at::native::CUDAFunctorOnSelf_add<long>, std::array<char *, (unsigned long)2>>(int, T2, T3)",,,0.0488,0.050048
hbm,prefill,Compute,kernel,665507723,665509355,665507723,665509355,7,0,341870085406720,echo/hbm/prefill_annotated/layer_1/compute_graph_projection_layer_1_q_1024/call_3490,429087,20,85899345924,compute_graph_projection_layer_1_q_1024,layer_1,"void at::native::unrolled_elementwise_kernel<at::native::direct_copy_kernel_cuda(at::TensorIteratorBase &)::[lambda() (instance 3)]::operator ()() const::[lambda() (instance 3)]::operator ()() const::[lambda(int) (instance 1)], std::array<char *, (unsigned long)2>, (int)4, TrivialOffsetCalculator<(int)1, unsigned int>, TrivialOffsetCalculator<(int)1, unsigned int>, at::native::memory::LoadWithCast<(int)1>, at::native::memory::StoreWithCast<(int)1>>(int, T1, T2, T4, T5, T6, T7)",,,0.0504,0.052032
hbm,prefill,Compute,kernel,665509771,665514859,665509771,665514859,7,0,341870085406720,echo/hbm/prefill_annotated/layer_1/compute_graph_projection_layer_1_q_1024/call_3490,429087,20,85899345925,q_a_proj,layer_1,activation_quantization,,,0.052448,0.057536
hbm,prefill,Compute,kernel,665515435,665517515,665515435,665517515,7,0,341870085406720,echo/hbm/prefill_annotated/layer_1/compute_graph_projection_layer_1_q_1024/call_3490,429087,20,85899345926,q_a_proj,layer_1,"void deep_gemm::transpose_fp32<(unsigned int)512, (unsigned int)64, (unsigned int)56, (unsigned int)128, (unsigned int)57>(const float *, float *, unsigned int)",,,0.058112,0.060192
hbm,prefill,Compute,kernel,665517899,665538891,665517899,665538891,7,0,341870085406720,echo/hbm/prefill_annotated/layer_1/compute_graph_projection_layer_1_q_1024/call_3490,429087,20,85899345927,q_a_proj,layer_1,"void deep_gemm::sm90_fp8_gemm_1d2d_impl<(cute::UMMA::Major)0, (unsigned int)0, (unsigned int)1536, (unsigned int)7168, (unsigned int)1, (unsigned int)128, (unsigned int)96, (unsigned int)128, (unsigned int)128, (unsigned int)128, (unsigned int)64, (unsigned int)7, (unsigned int)128, (unsigned int)256, (unsigned int)1, (bool)0, (unsigned int)132, (deep_gemm::GemmType)0, cutlass::bfloat16_t>(float *, int *, unsigned int, unsigned int, unsigned int, CUtensorMap_st, CUtensorMap_st, CUtensorMap_st, CUtensorMap_st)",,,0.060576,0.081568
hbm,prefill,Compute,kernel,665539883,665542795,665539883,665542795,7,0,341870085406720,echo/hbm/prefill_annotated/layer_1/compute_graph_projection_layer_1_q_1024/call_3490,429087,20,85899345928,compute_graph_projection_layer_1_q_1024,layer_1,kernel_cutlass_kernel_operatorsdeepseek_v32norm_plainLocalPlainRMSNorm_object_at__tensorptrbf16gmemalign128oi64153615361_tensorptrf32gmemalign16o15361_tensorptrbf16gmemalign128oi641536153_0,,,0.08256,0.085472
hbm,prefill,Compute,kernel,665543243,665545003,665543243,665545003,7,0,341870085406720,echo/hbm/prefill_annotated/layer_1/compute_graph_projection_layer_1_q_1024/call_3490,429087,20,85899345929,compute_graph_projection_layer_1_q_1024,layer_1,"void at::native::elementwise_kernel<(int)128, (int)2, void at::native::gpu_kernel_impl_nocast<at::native::BinaryFunctor<float, float, float, at::native::binary_internal::MulFunctor<float>>>(at::TensorIteratorBase &, const T1 &)::[lambda(int) (instance 1)]>(int, T3)",,,0.08592,0.08768
hbm,prefill,Compute,kernel,665545419,665546251,665545419,665546251,7,0,341870085406720,echo/hbm/prefill_annotated/layer_1/compute_graph_projection_layer_1_q_1024/call_3490,429087,20,85899345930,compute_graph_projection_layer_1_q_1024,layer_1,"void <unnamed>::elementwise_kernel_with_index<int, at::native::arange_cuda_out(const c10::Scalar &, const c10::Scalar &, const c10::Scalar &, at::Tensor &)::[lambda() (instance 1)]::operator ()() const::[lambda() (instance 4)]::operator ()() const::[lambda(long) (instance 1)]>(T1, T2, function_traits<T2>::result_type *)",,,0.088096,0.088928
hbm,prefill,Compute,kernel,665546731,665548619,665546731,665548619,7,0,341870085406720,echo/hbm/prefill_annotated/layer_1/compute_graph_projection_layer_1_q_1024/call_3490,429087,20,85899345931,compute_graph_projection_layer_1_q_1024,layer_1,"void at::native::vectorized_elementwise_kernel<(int)4, at::native::cos_kernel_cuda(at::TensorIteratorBase &)::[lambda() (instance 2)]::operator ()() const::[lambda() (instance 2)]::operator ()() const::[lambda(float) (instance 1)], std::array<char *, (unsigned long)2>>(int, T2, T3)",,,0.089408,0.091296
hbm,prefill,Compute,kernel,665549035,665550923,665549035,665550923,7,0,341870085406720,echo/hbm/prefill_annotated/layer_1/compute_graph_projection_layer_1_q_1024/call_3490,429087,20,85899345932,compute_graph_projection_layer_1_q_1024,layer_1,"void at::native::vectorized_elementwise_kernel<(int)4, at::native::sin_kernel_cuda(at::TensorIteratorBase &)::[lambda() (instance 2)]::operator ()() const::[lambda() (instance 2)]::operator ()() const::[lambda(float) (instance 1)], std::array<char *, (unsigned long)2>>(int, T2, T3)",,,0.091712,0.0936
hbm,prefill,Compute,kernel,665551371,665552939,665551371,665552939,7,0,341870085406720,echo/hbm/prefill_annotated/layer_1/compute_graph_projection_layer_1_q_1024/call_3490,429087,20,85899345933,compute_graph_projection_layer_1_q_1024,layer_1,"void at::native::<unnamed>::CatArrayBatchedCopy_vectorized<at::native::<unnamed>::OpaqueType<(unsigned int)4>, unsigned int, (int)2, (int)128, (int)1, (int)16, (int)4>(char *, at::native::<unnamed>::CatArrInputTensorMetadata<T1, T2, T4, T5>, at::native::<unnamed>::TensorSizeStride<T2, (unsigned int)4>, int, T2)",,,0.094048,0.095616
hbm,prefill,Compute,kernel,665553355,665555659,665553355,665555659,7,0,341870085406720,echo/hbm/prefill_annotated/layer_1/compute_graph_projection_layer_1_q_1024/call_3490,429087,20,85899345934,q_b_proj,layer_1,activation_quantization,,,0.096032,0.098336
hbm,prefill,Compute,kernel,665556043,665557611,665556043,665557611,7,0,341870085406720,echo/hbm/prefill_annotated/layer_1/compute_graph_projection_layer_1_q_1024/call_3490,429087,20,85899345935,q_b_proj,layer_1,"void deep_gemm::transpose_fp32<(unsigned int)512, (unsigned int)64, (unsigned int)12, (unsigned int)128, (unsigned int)13>(const float *, float *, unsigned int)",,,0.09872,0.100288
hbm,prefill,Compute,kernel,665558059,665621643,665558059,665621643,7,0,341870085406720,echo/hbm/prefill_annotated/layer_1/compute_graph_projection_layer_1_q_1024/call_3490,429087,20,85899345936,q_b_proj,layer_1,"void deep_gemm::sm90_fp8_gemm_1d2d_impl<(cute::UMMA::Major)0, (unsigned int)0, (unsigned int)24576, (unsigned int)1536, (unsigned int)1, (unsigned int)256, (unsigned int)128, (unsigned int)128, (unsigned int)128, (unsigned int)128, (unsigned int)128, (unsigned int)3, (unsigned int)128, (unsigned int)256, (unsigned int)2, (bool)1, (unsigned int)132, (deep_gemm::GemmType)0, cutlass::bfloat16_t>(float *, int *, unsigned int, unsigned int, unsigned int, CUtensorMap_st, CUtensorMap_st, CUtensorMap_st, CUtensorMap_st)",,,0.100736,0.16432
hbm,prefill,Compute,kernel,665629163,665686891,665629163,665686891,7,0,341870085406720,echo/hbm/prefill_annotated/layer_1/compute_graph_projection_layer_1_q_1024/call_3490,429087,20,85899345938,q_absorb,layer_1,nvjet_sm90_tst_256x128_64x4_1x2_h_bz_coopA_NNT,,,0.17184,0.229568
hbm,prefill,Compute,kernel,665687147,665697067,665687147,665697067,7,0,341870085406720,echo/hbm/prefill_annotated/layer_1/compute_graph_projection_layer_1_q_1024/call_3490,429087,20,85899345939,kv_a_proj,layer_1,activation_quantization,,,0.229824,0.239744
hbm,prefill,Compute,kernel,665697483,665699531,665697483,665699531,7,0,341870085406720,echo/hbm/prefill_annotated/layer_1/compute_graph_projection_layer_1_q_1024/call_3490,429087,20,85899345940,kv_a_proj,layer_1,"void deep_gemm::transpose_fp32<(unsigned int)512, (unsigned int)64, (unsigned int)56, (unsigned int)128, (unsigned int)57>(const float *, float *, unsigned int)",,,0.24016,0.242208
hbm,prefill,Compute,kernel,665700107,665718155,665700107,665718155,7,0,341870085406720,echo/hbm/prefill_annotated/layer_1/compute_graph_projection_layer_1_q_1024/call_3490,429087,20,85899345941,kv_a_proj,layer_1,"void deep_gemm::sm90_fp8_gemm_1d2d_impl<(cute::UMMA::Major)0, (unsigned int)0, (unsigned int)576, (unsigned int)7168, (unsigned int)1, (unsigned int)64, (unsigned int)80, (unsigned int)128, (unsigned int)128, (unsigned int)128, (unsigned int)32, (unsigned int)11, (unsigned int)128, (unsigned int)128, (unsigned int)1, (bool)0, (unsigned int)132, (deep_gemm::GemmType)0, cutlass::bfloat16_t>(float *, int *, unsigned int, unsigned int, unsigned int, CUtensorMap_st, CUtensorMap_st, CUtensorMap_st, CUtensorMap_st)",,,0.242784,0.260832
hbm,prefill,Compute,kernel,665718635,665721259,665718635,665721259,7,0,341870085406720,echo/hbm/prefill_annotated/layer_1/compute_graph_projection_layer_1_q_1024/call_3490,429087,20,85899345942,compute_graph_projection_layer_1_q_1024,layer_1,"void at::native::elementwise_kernel<(int)128, (int)4, void at::native::gpu_kernel_impl_nocast<at::native::direct_copy_kernel_cuda(at::TensorIteratorBase &)::[lambda() (instance 3)]::operator ()() const::[lambda() (instance 12)]::operator ()() const::[lambda(c10::BFloat16) (instance 1)]>(at::TensorIteratorBase &, const T1 &)::[lambda(int) (instance 1)]>(int, T3)",,,0.261312,0.263936
hbm,prefill,Compute,kernel,665721963,665723723,665721963,665723723,7,0,341870085406720,echo/hbm/prefill_annotated/layer_1/compute_graph_projection_layer_1_q_1024/call_3490,429087,20,85899345943,compute_graph_projection_layer_1_q_1024,layer_1,kernel_cutlass_kernel_operatorsdeepseek_v32norm_plainLocalPlainRMSNorm_object_at__tensorptrbf16gmemalign128oi645125121_tensorptrf32gmemalign16o5121_tensorptrbf16gmemalign128oi645125121____0,,,0.26464,0.2664
hbm,prefill,Compute,kernel,665724139,665734954,665724139,665734954,7,0,341870085406720,echo/hbm/prefill_annotated/layer_1/compute_graph_projection_layer_1_q_1024/call_3490,429087,20,85899345944,compute_graph_projection_layer_1_q_1024,layer_1,"void flashinfer::BatchQKApplyRotaryPosIdsCosSinCacheHeadParallelismKernel<(bool)1, (unsigned int)64, (unsigned int)8, (unsigned int)8, __nv_bfloat16, long>(T5 *, T5 *, T5 *, T5 *, float *, T6 *, unsigned int, unsigned int, unsigned int, unsigned int, unsigned long, unsigned long, unsigned long, unsigned long, unsigned long, unsigned long, unsigned long, unsigned long)",,,0.266816,0.277631
hbm,prefill,Compute,kernel,665735210,665738890,665735210,665738890,7,0,341870085406720,echo/hbm/prefill_annotated/layer_1/compute_graph_projection_layer_1_q_1024/call_3490,429087,20,85899345945,index_q_proj,layer_1,activation_quantization,,,0.277887,0.281567
hbm,prefill,Compute,kernel,665739274,665740778,665739274,665740778,7,0,341870085406720,echo/hbm/prefill_annotated/layer_1/compute_graph_projection_layer_1_q_1024/call_3490,429087,20,85899345946,index_q_proj,layer_1,"void deep_gemm::transpose_fp32<(unsigned int)512, (unsigned int)64, (unsigned int)12, (unsigned int)128, (unsigned int)13>(const float *, float *, unsigned int)",,,0.281951,0.283455
hbm,prefill,Compute,kernel,665741258,665765514,665741258,665765514,7,0,341870085406720,echo/hbm/prefill_annotated/layer_1/compute_graph_projection_layer_1_q_1024/call_3490,429087,20,85899345947,index_q_proj,layer_1,"void deep_gemm::sm90_fp8_gemm_1d2d_impl<(cute::UMMA::Major)0, (unsigned int)0, (unsigned int)8192, (unsigned int)1536, (unsigned int)1, (unsigned int)256, (unsigned int)128, (unsigned int)128, (unsigned int)128, (unsigned int)128, (unsigned int)128, (unsigned int)3, (unsigned int)128, (unsigned int)256, (unsigned int)2, (bool)1, (unsigned int)132, (deep_gemm::GemmType)0, cutlass::bfloat16_t>(float *, int *, unsigned int, unsigned int, unsigned int, CUtensorMap_st, CUtensorMap_st, CUtensorMap_st, CUtensorMap_st)",,,0.283935,0.308191
hbm,prefill,Compute,kernel,665766250,665773386,665766250,665773386,7,0,341870085406720,echo/hbm/prefill_annotated/layer_1/compute_graph_projection_layer_1_q_1024/call_3490,429087,20,85899345948,index_k_proj,layer_1,activation_quantization,,,0.308927,0.316063
hbm,prefill,Compute,kernel,665773898,665775914,665773898,665775914,7,0,341870085406720,echo/hbm/prefill_annotated/layer_1/compute_graph_projection_layer_1_q_1024/call_3490,429087,20,85899345949,index_k_proj,layer_1,"void deep_gemm::transpose_fp32<(unsigned int)512, (unsigned int)64, (unsigned int)56, (unsigned int)128, (unsigned int)57>(const float *, float *, unsigned int)",,,0.316575,0.318591
hbm,prefill,Compute,kernel,665776330,665786218,665776330,665786218,7,0,341870085406720,echo/hbm/prefill_annotated/layer_1/compute_graph_projection_layer_1_q_1024/call_3490,429087,20,85899345950,index_k_proj,layer_1,"void deep_gemm::sm90_fp8_gemm_1d2d_impl<(cute::UMMA::Major)0, (unsigned int)0, (unsigned int)128, (unsigned int)7168, (unsigned int)1, (unsigned int)64, (unsigned int)16, (unsigned int)128, (unsigned int)128, (unsigned int)128, (unsigned int)32, (unsigned int)16, (unsigned int)128, (unsigned int)128, (unsigned int)1, (bool)0, (unsigned int)132, (deep_gemm::GemmType)0, cutlass::bfloat16_t>(float *, int *, unsigned int, unsigned int, unsigned int, CUtensorMap_st, CUtensorMap_st, CUtensorMap_st, CUtensorMap_st)",,,0.319007,0.328895
hbm,prefill,Compute,kernel,665786634,665789546,665786634,665789546,7,0,341870085406720,echo/hbm/prefill_annotated/layer_1/compute_graph_projection_layer_1_q_1024/call_3490,429087,20,85899345951,compute_graph_projection_layer_1_q_1024,layer_1,"void at::native::unrolled_elementwise_kernel<at::native::direct_copy_kernel_cuda(at::TensorIteratorBase &)::[lambda() (instance 3)]::operator ()() const::[lambda() (instance 7)]::operator ()() const::[lambda(float) (instance 1)], std::array<char *, (unsigned long)2>, (int)4, TrivialOffsetCalculator<(int)1, unsigned int>, TrivialOffsetCalculator<(int)1, unsigned int>, at::native::memory::LoadWithCast<(int)1>, at::native::memory::StoreWithCast<(int)1>>(int, T1, T2, T4, T5, T6, T7)",,,0.329311,0.332223
hbm,prefill,Compute,kernel,665790026,665793482,665790026,665793482,7,0,341870085406720,echo/hbm/prefill_annotated/layer_1/compute_graph_projection_layer_1_q_1024/call_3490,429087,20,85899345952,compute_graph_projection_layer_1_q_1024,layer_1,"void at::native::<unnamed>::vectorized_layer_norm_kernel<float, float, (bool)0>(int, T2, const T1 *, const T1 *, const T1 *, T2 *, T2 *, T1 *)",,,0.332703,0.336159
hbm,prefill,Compute,kernel,665793930,665795274,665793930,665795274,7,0,341870085406720,echo/hbm/prefill_annotated/layer_1/compute_graph_projection_layer_1_q_1024/call_3490,429087,20,85899345953,compute_graph_projection_layer_1_q_1024,layer_1,"void at::native::vectorized_elementwise_kernel<(int)8, at::native::bfloat16_copy_kernel_cuda(at::TensorIteratorBase &)::[lambda(float) (instance 1)], std::array<char *, (unsigned long)2>>(int, T2, T3)",,,0.336607,0.337951
hbm,prefill,Compute,kernel,665795722,665806890,665795722,665806890,7,0,341870085406720,echo/hbm/prefill_annotated/layer_1/compute_graph_projection_layer_1_q_1024/call_3490,429087,20,85899345954,compute_graph_projection_layer_1_q_1024,layer_1,"void flashinfer::BatchQKApplyRotaryPosIdsCosSinCacheHeadParallelismKernel<(bool)0, (unsigned int)128, (unsigned int)8, (unsigned int)16, __nv_bfloat16, long>(T5 *, T5 *, T5 *, T5 *, float *, T6 *, unsigned int, unsigned int, unsigned int, unsigned int, unsigned long, unsigned long, unsigned long, unsigned long, unsigned long, unsigned long, unsigned long, unsigned long)",,,0.338399,0.349567
hbm,prefill,Compute,kernel,665807146,665812554,665807146,665812554,7,0,341870085406720,echo/hbm/prefill_annotated/layer_1/compute_graph_projection_layer_1_q_1024/call_3490,429087,20,85899345955,compute_graph_projection_layer_1_q_1024,layer_1,quantize_kernel,,,0.349823,0.355231
hbm,prefill,Compute,kernel,665812970,665814346,665812970,665814346,7,0,341870085406720,echo/hbm/prefill_annotated/layer_1/compute_graph_projection_layer_1_q_1024/call_3490,429087,20,85899345956,compute_graph_projection_layer_1_q_1024,layer_1,quantize_kernel,,,0.355647,0.357023
hbm,prefill,Compute,kernel,665814730,665838314,665814730,665838314,7,0,341870085406720,echo/hbm/prefill_annotated/layer_1/compute_graph_projection_layer_1_q_1024/call_3490,429087,20,85899345957,compute_graph_projection_layer_1_q_1024,layer_1,"void at::native::unrolled_elementwise_kernel<at::native::direct_copy_kernel_cuda(at::TensorIteratorBase &)::[lambda() (instance 3)]::operator ()() const::[lambda() (instance 7)]::operator ()() const::[lambda(float) (instance 1)], std::array<char *, (unsigned long)2>, (int)4, TrivialOffsetCalculator<(int)1, unsigned int>, TrivialOffsetCalculator<(int)1, unsigned int>, at::native::memory::LoadWithCast<(int)1>, at::native::memory::StoreWithCast<(int)1>>(int, T1, T2, T4, T5, T6, T7)",,,0.357407,0.380991
hbm,prefill,Compute,kernel,665838762,665873066,665838762,665873066,7,0,341870085406720,echo/hbm/prefill_annotated/layer_1/compute_graph_projection_layer_1_q_1024/call_3490,429087,20,85899345958,index_weights_proj,layer_1,sm80_xmma_gemm_f32f32_f32f32_f32_tn_n_tilesize128x64x8_stage3_warpsize2x2x1_ffma_aligna4_alignc4_execute_kernel__5x_cublas,,,0.381439,0.415743
hbm,prefill,Compute,kernel,665873482,665880298,665873482,665880298,7,0,341870085406720,echo/hbm/prefill_annotated/layer_1/compute_graph_projection_layer_1_q_1024/call_3490,429087,20,85899345959,index_weights_proj,layer_1,sm80_xmma_gemm_f32f32_f32f32_f32_tn_n_tilesize128x64x8_stage3_warpsize2x2x1_ffma_aligna4_alignc4_execute_split_k_kernel__5x_cublas,,,0.416159,0.422975
hbm,prefill,Compute,kernel,665880714,665882026,665880714,665882026,7,0,341870085406720,echo/hbm/prefill_annotated/layer_1/compute_graph_projection_layer_1_q_1024/call_3490,429087,20,85899345960,compute_graph_projection_layer_1_q_1024,layer_1,"void at::native::vectorized_elementwise_kernel<(int)4, at::native::AUnaryFunctor<float, float, float, at::native::binary_internal::MulFunctor<float>>, std::array<char *, (unsigned long)2>>(int, T2, T3)",,,0.423391,0.424703
hbm,prefill,Compute,kernel,665882410,665884266,665882410,665884266,7,0,341870085406720,echo/hbm/prefill_annotated/layer_1/compute_graph_projection_layer_1_q_1024/call_3490,429087,20,85899345961,compute_graph_projection_layer_1_q_1024,layer_1,"void at::native::vectorized_elementwise_kernel<(int)4, at::native::BinaryFunctor<float, float, float, at::native::binary_internal::MulFunctor<float>>, std::array<char *, (unsigned long)3>>(int, T2, T3)",,,0.425087,0.426943
hbm,prefill,Compute,kernel,665884650,665885802,665884650,665885802,7,0,341870085406720,echo/hbm/prefill_annotated/layer_1/compute_graph_projection_layer_1_q_1024/call_3490,429087,20,85899345962,compute_graph_projection_layer_1_q_1024,layer_1,"void at::native::vectorized_elementwise_kernel<(int)4, at::native::AUnaryFunctor<float, float, float, at::native::binary_internal::MulFunctor<float>>, std::array<char *, (unsigned long)2>>(int, T2, T3)",,,0.427327,0.428479
hbm,prefill,Compute,kernel,665886186,665888810,665886186,665888810,7,0,341870085406720,echo/hbm/prefill_annotated/layer_1/compute_graph_projection_layer_1_q_1024/call_3490,429087,20,85899345963,compute_graph_projection_layer_1_q_1024,layer_1,"void at::native::<unnamed>::CatArrayBatchedCopy_vectorized<at::native::<unnamed>::OpaqueType<(unsigned int)2>, unsigned int, (int)2, (int)128, (int)1, (int)16, (int)8>(char *, at::native::<unnamed>::CatArrInputTensorMetadata<T1, T2, T4, T5>, at::native::<unnamed>::TensorSizeStride<T2, (unsigned int)4>, int, T2)",,,0.428863,0.431487
hbm,prefill,Compute,kernel,665898026,667042376,665898026,667042376,7,0,341870085406720,echo/hbm/prefill_annotated/layer_1/indexer_qk/call_3494,429132,,,indexer_qk,layer_1,"void deep_gemm::sm90_fp8_mqa_logits<(unsigned int)64, (unsigned int)128, (unsigned int)2, (unsigned int)256, (unsigned int)3, (unsigned int)3, (unsigned int)132, (unsigned int)128, (unsigned int)512, float>(unsigned int, unsigned int, unsigned int, unsigned int *, unsigned int *, T10 *, CUtensorMap_st, CUtensorMap_st, CUtensorMap_st, CUtensorMap_st)",,,0.440703,1.585053
hbm,prefill,Compute,kernel,667044968,667045928,667044968,667045928,7,0,341870085406720,echo/hbm/prefill_annotated/layer_1/indexer_qk/call_3494,429147,,,indexer_qk,layer_1,"void <unnamed>::elementwise_kernel_with_index<int, at::native::arange_cuda_out(const c10::Scalar &, const c10::Scalar &, const c10::Scalar &, at::Tensor &)::[lambda() (instance 1)]::operator ()() const::[lambda() (instance 4)]::operator ()() const::[lambda(long) (instance 1)]>(T1, T2, function_traits<T2>::result_type *)",,,1.587645,1.588605
hbm,prefill,Compute,kernel,667047080,667053288,667047080,667053288,7,0,341870085406720,echo/hbm/prefill_annotated/layer_1/indexer_qk/call_3494,429167,,,indexer_qk,layer_1,"void at::native::elementwise_kernel<(int)128, (int)4, void at::native::gpu_kernel_impl<at::native::<unnamed>::CompareFunctor<long>>(at::TensorIteratorBase &, const T1 &)::[lambda(int) (instance 1)]>(int, T3)",,,1.589757,1.595965
hbm,prefill,Compute,kernel,667054856,667059880,667054856,667059880,7,0,341870085406720,echo/hbm/prefill_annotated/layer_1/indexer_qk/call_3494,429174,,,indexer_qk,layer_1,"void at::native::elementwise_kernel<(int)128, (int)2, void at::native::gpu_kernel_impl_nocast<at::native::<unnamed>::masked_fill_kernel(at::TensorIterator &, const c10::Scalar &)::[lambda() (instance 1)]::operator ()() const::[lambda() (instance 7)]::operator ()() const::[lambda(float, bool) (instance 1)]>(at::TensorIteratorBase &, const T1 &)::[lambda(int) (instance 1)]>(int, T3)",,,1.597533,1.602557
hbm,prefill,Compute,kernel,667061096,667322248,667061096,667322248,7,0,341870085406720,echo/hbm/prefill_annotated/layer_1/exact_topk/call_3495,429198,,,exact_topk,layer_1,"void flashinfer::sampling::FilteredTopKUnifiedKernel<float, int, (int)4, (bool)1, (flashinfer::sampling::FilteredTopKMode)0, (flashinfer::sampling::TopKTieBreak)1, flashinfer::sampling::DirectPageTableKernelPolicy<int>, >(const T1 *, T2 *, T1 *, const T2 *, long, const T2 *, const T2 *, const T2 *, const T2 *, unsigned int, unsigned int, unsigned int, T8...)",,,1.603773,1.864925
hbm,prefill,Compute,kernel,667324808,667384104,667324808,667384104,7,0,341870085406720,echo/hbm/prefill_annotated/layer_1/exact_topk/call_3495,429199,,,exact_topk,layer_1,"void flashinfer::sampling::FinalizeTopKIndicesKernel<(bool)1, (flashinfer::sampling::FilteredTopKMode)0, (unsigned int)256, (unsigned int)8, float, int, flashinfer::sampling::DirectPageTableKernelPolicy<int>, >(T6 *, T5 *, const T6 *, long, const T6 *, const T6 *, unsigned int, unsigned int, T8...)",,,1.867485,1.926781
hbm,prefill,Compute,kernel,667385224,667456936,667385224,667456936,7,0,341870085406720,echo/hbm/prefill_annotated/layer_1/exact_topk/call_3495,429200,,,exact_topk,layer_1,"void flashinfer::sampling::StableSortTopKByValueKernel<(unsigned int)256, (unsigned int)8, int, float>(T3 *, T4 *, unsigned int, unsigned int)",,,1.927901,1.999613
hbm,prefill,Compute,kernel,667458280,667460936,667458280,667460936,7,0,341870085406720,echo/hbm/prefill_annotated/layer_1/exact_topk/call_3495,429205,,,exact_topk,layer_1,mask_kernel,,,2.000957,2.003613
hbm,prefill,GPU control,kernel,667466184,667466952,667466184,667466952,7,0,341870085406720,echo/hbm/prefill_annotated/layer_1/cache_write/call_3496,429232,,,cache_write,layer_1,"void <unnamed>::elementwise_kernel_with_index<int, at::native::arange_cuda_out(const c10::Scalar &, const c10::Scalar &, const c10::Scalar &, at::Tensor &)::[lambda() (instance 1)]::operator ()() const::[lambda() (instance 4)]::operator ()() const::[lambda(long) (instance 1)]>(T1, T2, function_traits<T2>::result_type *)",,,2.008861,2.009629
hbm,prefill,GPU control,kernel,667468296,667469928,667468296,667469928,7,0,341870085406720,echo/hbm/prefill_annotated/layer_1/cache_write/call_3496,429246,,,cache_write,layer_1,"void at::native::unrolled_elementwise_kernel<at::native::direct_copy_kernel_cuda(at::TensorIteratorBase &)::[lambda() (instance 3)]::operator ()() const::[lambda() (instance 3)]::operator ()() const::[lambda(int) (instance 1)], std::array<char *, (unsigned long)2>, (int)4, TrivialOffsetCalculator<(int)1, unsigned int>, TrivialOffsetCalculator<(int)1, unsigned int>, at::native::memory::LoadWithCast<(int)1>, at::native::memory::StoreWithCast<(int)1>>(int, T1, T2, T4, T5, T6, T7)",,,2.010973,2.012605
hbm,prefill,Compute,kernel,667474952,668444326,667474952,668444326,7,0,341870085406720,echo/hbm/prefill_annotated/layer_1/mla_qk_pv/call_3498,429298,,,mla_qk_pv,layer_1,"void sm90::prefill::sparse_fwd::sparse_attn_fwd_kernel<sm90::prefill::sparse_fwd::KernelTemplate<(int)576, (bool)0>, sm90::prefill::sparse_fwd::KernelTemplate<(int)576, (bool)0>::TmaParams<cute::tuple<int, int, int>, cute::TiledCopy<cute::Copy_Atom<cute::Copy_Traits<cute::SM90_TMA_LOAD, cute::C<(int)65536>, cute::AuxTmaParams<cute::tuple<cute::ScaledBasis<cute::C<(int)1>, (int)1>, cute::ScaledBasis<cute::C<(int)1>, (int)0>, cute::ScaledBasis<cute::C<(int)1>, (int)2>>, const cute::Layout<cute::tuple<cute::C<(int)64>, cute::C<(int)64>, cute::C<(int)1>>, cute::tuple<cute::ScaledBasis<cute::C<(int)1>, (int)1>, cute::ScaledBasis<cute::C<(int)1>, (int)0>, cute::ScaledBasis<cute::C<(int)1>, (int)2>>> &, const cute::Swizzle<(int)3, (int)4, (int)3> &>>, cutlass::bfloat16_t>, cute::Layout<cute::tuple<cute::C<(int)1>, cute::tuple<cute::tuple<cute::tuple<cute::C<(int)64>, cute::C<(int)64>>, cute::C<(int)9>>>>, cute::tuple<cute::C<(int)0>, cute::tuple<cute::tuple<cute::tuple<cute::C<(int)64>, cute::C<(int)1>>, cute::C<(int)4096>>>>>, cute::tuple<cute::C<(int)64>, cute::C<(int)576>>>>>(SparseAttnFwdParams, T2)",,,2.017629,2.987003
hbm,prefill,Compute,kernel,668448710,668500742,668448710,668500742,7,0,341870085406720,echo/hbm/prefill_annotated/layer_1/v_expand/call_3501,429313,,,v_expand,layer_1,nvjet_sm90_tst_128x256_64x4_1x2_h_bz_coopA_NNN,,,2.991387,3.043419
hbm,prefill,Compute,kernel,668504710,668516422,668504710,668516422,7,0,341870085406720,echo/hbm/prefill_annotated/layer_1/compute_graph_finish_layer_1_q_1024/call_3502,429318,23,98784247808,o_proj,layer_1,activation_quantization,,,3.047387,3.059099
hbm,prefill,Compute,kernel,668516710,668520582,668516710,668520582,7,0,341870085406720,echo/hbm/prefill_annotated/layer_1/compute_graph_finish_layer_1_q_1024/call_3502,429318,23,98784247809,o_proj,layer_1,"void deep_gemm::transpose_fp32<(unsigned int)512, (unsigned int)64, (unsigned int)128, (unsigned int)128, (unsigned int)129>(const float *, float *, unsigned int)",,,3.059387,3.063259
hbm,prefill,Compute,kernel,668520998,668722117,668520998,668722117,7,0,341870085406720,echo/hbm/prefill_annotated/layer_1/compute_graph_finish_layer_1_q_1024/call_3502,429318,23,98784247810,o_proj,layer_1,"void deep_gemm::sm90_fp8_gemm_1d2d_impl<(cute::UMMA::Major)0, (unsigned int)0, (unsigned int)7168, (unsigned int)16384, (unsigned int)1, (unsigned int)256, (unsigned int)112, (unsigned int)128, (unsigned int)128, (unsigned int)128, (unsigned int)32, (unsigned int)3, (unsigned int)128, (unsigned int)256, (unsigned int)2, (bool)1, (unsigned int)132, (deep_gemm::GemmType)0, cutlass::bfloat16_t>(float *, int *, unsigned int, unsigned int, unsigned int, CUtensorMap_st, CUtensorMap_st, CUtensorMap_st, CUtensorMap_st)",,,3.063675,3.264794
hbm,prefill,Compute,kernel,668722725,668737157,668722725,668737157,7,0,341870085406720,echo/hbm/prefill_annotated/layer_1/compute_graph_finish_layer_1_q_1024/call_3502,429318,23,98784247811,compute_graph_finish_layer_1_q_1024,layer_1,kernel_cutlass_kernel_operatorsdeepseek_v32norm_fusedLocalFusedRMSNorm_object_at__tensorptrbf16gmemalign128oi64716871681_tensorptrbf16gmemalign128oi64716871681_tensorptrf32gmemalign16o716_0,,,3.265402,3.279834
hbm,prefill,Compute,kernel,668737413,668742373,668737413,668742373,7,0,341870085406720,echo/hbm/prefill_annotated/layer_1/compute_graph_finish_layer_1_q_1024/call_3502,429318,23,98784247812,mlp_gate,layer_1,activation_quantization,,,3.28009,3.28505
hbm,prefill,Compute,kernel,668742789,668744837,668742789,668744837,7,0,341870085406720,echo/hbm/prefill_annotated/layer_1/compute_graph_finish_layer_1_q_1024/call_3502,429318,23,98784247813,mlp_gate,layer_1,"void deep_gemm::transpose_fp32<(unsigned int)512, (unsigned int)64, (unsigned int)56, (unsigned int)128, (unsigned int)57>(const float *, float *, unsigned int)",,,3.285466,3.287514
hbm,prefill,Compute,kernel,668745317,668970437,668745317,668970437,7,0,341870085406720,echo/hbm/prefill_annotated/layer_1/compute_graph_finish_layer_1_q_1024/call_3502,429318,23,98784247814,mlp_gate,layer_1,"void deep_gemm::sm90_fp8_gemm_1d2d_impl<(cute::UMMA::Major)0, (unsigned int)0, (unsigned int)18432, (unsigned int)7168, (unsigned int)1, (unsigned int)256, (unsigned int)112, (unsigned int)128, (unsigned int)128, (unsigned int)128, (unsigned int)32, (unsigned int)3, (unsigned int)128, (unsigned int)256, (unsigned int)2, (bool)1, (unsigned int)132, (deep_gemm::GemmType)0, cutlass::bfloat16_t>(float *, int *, unsigned int, unsigned int, unsigned int, CUtensorMap_st, CUtensorMap_st, CUtensorMap_st, CUtensorMap_st)",,,3.287994,3.513114
hbm,prefill,Compute,kernel,668970757,668973157,668970757,668973157,7,0,341870085406720,echo/hbm/prefill_annotated/layer_1/compute_graph_finish_layer_1_q_1024/call_3502,429318,23,98784247815,mlp_up,layer_1,"void deep_gemm::transpose_fp32<(unsigned int)512, (unsigned int)64, (unsigned int)56, (unsigned int)128, (unsigned int)57>(const float *, float *, unsigned int)",,,3.513434,3.515834
hbm,prefill,Compute,kernel,668973573,669198117,668973573,669198117,7,0,341870085406720,echo/hbm/prefill_annotated/layer_1/compute_graph_finish_layer_1_q_1024/call_3502,429318,23,98784247816,mlp_up,layer_1,"void deep_gemm::sm90_fp8_gemm_1d2d_impl<(cute::UMMA::Major)0, (unsigned int)0, (unsigned int)18432, (unsigned int)7168, (unsigned int)1, (unsigned int)256, (unsigned int)112, (unsigned int)128, (unsigned int)128, (unsigned int)128, (unsigned int)32, (unsigned int)3, (unsigned int)128, (unsigned int)256, (unsigned int)2, (bool)1, (unsigned int)132, (deep_gemm::GemmType)0, cutlass::bfloat16_t>(float *, int *, unsigned int, unsigned int, unsigned int, CUtensorMap_st, CUtensorMap_st, CUtensorMap_st, CUtensorMap_st)",,,3.51625,3.740794
hbm,prefill,Compute,kernel,669198757,669227781,669198757,669227781,7,0,341870085406720,echo/hbm/prefill_annotated/layer_1/compute_graph_finish_layer_1_q_1024/call_3502,429318,23,98784247817,compute_graph_finish_layer_1_q_1024,layer_1,"void flashinfer::activation::act_and_mul_kernel<__nv_bfloat16, &silu>(T1 *, const T1 *, int)",,,3.741434,3.770458
hbm,prefill,Compute,kernel,669228069,669242149,669228069,669242149,7,0,341870085406720,echo/hbm/prefill_annotated/layer_1/compute_graph_finish_layer_1_q_1024/call_3502,429318,23,98784247818,mlp_down,layer_1,activation_quantization,,,3.770746,3.784826
hbm,prefill,Compute,kernel,669242469,669246725,669242469,669246725,7,0,341870085406720,echo/hbm/prefill_annotated/layer_1/compute_graph_finish_layer_1_q_1024/call_3502,429318,23,98784247819,mlp_down,layer_1,"void deep_gemm::transpose_fp32<(unsigned int)512, (unsigned int)64, (unsigned int)144, (unsigned int)128, (unsigned int)145>(const float *, float *, unsigned int)",,,3.785146,3.789402
hbm,prefill,Compute,kernel,669247173,669471748,669247173,669471748,7,0,341870085406720,echo/hbm/prefill_annotated/layer_1/compute_graph_finish_layer_1_q_1024/call_3502,429318,23,98784247820,mlp_down,layer_1,"void deep_gemm::sm90_fp8_gemm_1d2d_impl<(cute::UMMA::Major)0, (unsigned int)0, (unsigned int)7168, (unsigned int)18432, (unsigned int)1, (unsigned int)256, (unsigned int)112, (unsigned int)128, (unsigned int)128, (unsigned int)128, (unsigned int)32, (unsigned int)3, (unsigned int)128, (unsigned int)256, (unsigned int)2, (bool)1, (unsigned int)132, (deep_gemm::GemmType)0, cutlass::bfloat16_t>(float *, int *, unsigned int, unsigned int, unsigned int, CUtensorMap_st, CUtensorMap_st, CUtensorMap_st, CUtensorMap_st)",,,3.78985,4.014425
hbm,prefill,GPU control,memcpy,665460043,665467211,665460043,665467211,7,0,341870085406720,echo/hbm/prefill_annotated/layer_1/compute_graph_projection_inputs/call_3489,429064,0,,compute_graph_projection_inputs,layer_1,Device-to-Device,Device-to-Device,14680064,0.00272,0.009888
hbm,prefill,GPU control,memcpy,665469291,665477579,665469291,665477579,7,0,341870085406720,echo/hbm/prefill_annotated/layer_1/compute_graph_projection_inputs/call_3489,429072,0,,compute_graph_projection_inputs,layer_1,Device-to-Device,Device-to-Device,14680064,0.011968,0.020256
hbm,prefill,GPU control,memcpy,665892106,665893578,665892106,665893578,7,0,341870085406720,echo/hbm/prefill_annotated/layer_1/index_cache_write/call_3491,429092,0,,index_cache_write,layer_1,Device-to-Device,Device-to-Device,131072,0.434783,0.436255
hbm,prefill,GPU control,memcpy,665894890,665895850,665894890,665895850,7,0,341870085406720,echo/hbm/prefill_annotated/layer_1/index_cache_write/call_3491,429100,0,,index_cache_write,layer_1,Device-to-Device,Device-to-Device,4096,0.437567,0.438527
hbm,prefill,GPU control,memcpy,667463112,667464904,667463112,667464904,7,0,341870085406720,echo/hbm/prefill_annotated/layer_1/cache_write/call_3496,429212,0,,cache_write,layer_1,Device-to-Device,Device-to-Device,1179648,2.005789,2.007581
hbm,prefill,GPU control,memcpy,667471016,667471816,667471016,667471816,7,0,341870085406720,echo/hbm/prefill_annotated/layer_1/cache_write/call_3496,429253,0,,cache_write,layer_1,Device-to-Device,Device-to-Device,4096,2.013693,2.014493
hbm,prefill,GPU control,memcpy,667472968,667473800,667472968,667473800,7,0,341870085406720,echo/hbm/prefill_annotated/layer_1/cache_write/call_3496,429261,0,,cache_write,layer_1,Device-to-Device,Device-to-Device,8192,2.015645,2.016477
hbm,prefill,GPU control,memset,665622955,665623755,665622955,665623755,7,0,341870085406720,echo/hbm/prefill_annotated/layer_1/compute_graph_projection_layer_1_q_1024/call_3490,429087,0,85899345937,q_absorb,layer_1,memset,,4,0.165632,0.166432
hbm,prefill,GPU control,memset,668445958,668446694,668445958,668446694,7,0,341870085406720,echo/hbm/prefill_annotated/layer_1/v_expand/call_3501,429312,0,,v_expand,layer_1,memset,,4,2.988635,2.989371
hbm,prefill,CPU CUDA API,api,665457323,669471748,515135700,673904455,,,,echo/hbm/prefill_annotated/shared/forward_misc/call_0,429708,,,forward_misc,shared,cudaDeviceSynchronize_v3020,,,0.0,4.014425
hbm,prefill,CPU control,nvtx,665457323,669471748,28051311,674017721,,,,echo/hbm/prefill_annotated/shared/forward_misc/call_0,,,,forward_misc,shared,forward_misc,,,0.0,4.014425
hbm,extend,GPU control,kernel,30310826,30311594,30310826,30311594,7,0,341870085406720,echo/hbm/extend_annotated/layer_1/compute_graph_projection_inputs/call_24,430405,,,compute_graph_projection_inputs,layer_1,"void at::native::vectorized_elementwise_kernel<(int)2, at::native::FillFunctor<long>, std::array<char *, (unsigned long)1>>(int, T2, T3)",,,0.007744,0.008512
hbm,extend,Compute,kernel,30418794,30422058,30418794,30422058,7,0,341870085406720,echo/hbm/extend_annotated/layer_1/compute_graph_projection_layer_1_q_128/call_25,430411,14,60129542144,compute_graph_projection_layer_1_q_128,layer_1,kernel_cutlass_kernel_operatorsdeepseek_v32norm_fusedLocalFusedRMSNorm_object_at__tensorptrbf16gmemalign128oi64716871681_tensorptrbf16gmemalign128oi64716871681_tensorptrf32gmemalign16o716_0,,,0.115712,0.118976
hbm,extend,Compute,kernel,30422666,30424394,30422666,30424394,7,0,341870085406720,echo/hbm/extend_annotated/layer_1/compute_graph_projection_layer_1_q_128/call_25,430411,14,60129542145,compute_graph_projection_layer_1_q_128,layer_1,"void at::native::elementwise_kernel<(int)128, (int)2, void at::native::gpu_kernel_impl_nocast<at::native::CUDAFunctor_add<long>>(at::TensorIteratorBase &, const T1 &)::[lambda(int) (instance 1)]>(int, T3)",,,0.119584,0.121312
hbm,extend,Compute,kernel,30425034,30426378,30425034,30426378,7,0,341870085406720,echo/hbm/extend_annotated/layer_1/compute_graph_projection_layer_1_q_128/call_25,430411,14,60129542146,compute_graph_projection_layer_1_q_128,layer_1,"void at::native::unrolled_elementwise_kernel<at::native::direct_copy_kernel_cuda(at::TensorIteratorBase &)::[lambda() (instance 3)]::operator ()() const::[lambda() (instance 7)]::operator ()() const::[lambda(float) (instance 1)], std::array<char *, (unsigned long)2>, (int)4, TrivialOffsetCalculator<(int)1, unsigned int>, TrivialOffsetCalculator<(int)1, unsigned int>, at::native::memory::LoadWithCast<(int)1>, at::native::memory::StoreWithCast<(int)1>>(int, T1, T2, T4, T5, T6, T7)",,,0.121952,0.123296
hbm,extend,Compute,kernel,30426954,30428074,30426954,30428074,7,0,341870085406720,echo/hbm/extend_annotated/layer_1/compute_graph_projection_layer_1_q_128/call_25,430411,14,60129542147,compute_graph_projection_layer_1_q_128,layer_1,"void at::native::vectorized_elementwise_kernel<(int)2, at::native::CUDAFunctorOnSelf_add<long>, std::array<char *, (unsigned long)2>>(int, T2, T3)",,,0.123872,0.124992
hbm,extend,Compute,kernel,30428458,30429642,30428458,30429642,7,0,341870085406720,echo/hbm/extend_annotated/layer_1/compute_graph_projection_layer_1_q_128/call_25,430411,14,60129542148,compute_graph_projection_layer_1_q_128,layer_1,"void at::native::unrolled_elementwise_kernel<at::native::direct_copy_kernel_cuda(at::TensorIteratorBase &)::[lambda() (instance 3)]::operator ()() const::[lambda() (instance 3)]::operator ()() const::[lambda(int) (instance 1)], std::array<char *, (unsigned long)2>, (int)4, TrivialOffsetCalculator<(int)1, unsigned int>, TrivialOffsetCalculator<(int)1, unsigned int>, at::native::memory::LoadWithCast<(int)1>, at::native::memory::StoreWithCast<(int)1>>(int, T1, T2, T4, T5, T6, T7)",,,0.125376,0.12656
hbm,extend,Compute,kernel,30430058,30432042,30430058,30432042,7,0,341870085406720,echo/hbm/extend_annotated/layer_1/compute_graph_projection_layer_1_q_128/call_25,430411,14,60129542149,q_a_proj,layer_1,activation_quantization,,,0.126976,0.12896
hbm,extend,Compute,kernel,30432650,30434570,30432650,30434570,7,0,341870085406720,echo/hbm/extend_annotated/layer_1/compute_graph_projection_layer_1_q_128/call_25,430411,14,60129542150,q_a_proj,layer_1,"void deep_gemm::transpose_fp32<(unsigned int)512, (unsigned int)64, (unsigned int)56, (unsigned int)128, (unsigned int)57>(const float *, float *, unsigned int)",,,0.129568,0.131488
hbm,extend,Compute,kernel,30434954,30445098,30434954,30445098,7,0,341870085406720,echo/hbm/extend_annotated/layer_1/compute_graph_projection_layer_1_q_128/call_25,430411,14,60129542151,q_a_proj,layer_1,"void deep_gemm::sm90_fp8_gemm_1d2d_impl<(cute::UMMA::Major)0, (unsigned int)0, (unsigned int)1536, (unsigned int)7168, (unsigned int)1, (unsigned int)64, (unsigned int)32, (unsigned int)128, (unsigned int)128, (unsigned int)128, (unsigned int)64, (unsigned int)16, (unsigned int)128, (unsigned int)128, (unsigned int)1, (bool)0, (unsigned int)132, (deep_gemm::GemmType)0, cutlass::bfloat16_t>(float *, int *, unsigned int, unsigned int, unsigned int, CUtensorMap_st, CUtensorMap_st, CUtensorMap_st, CUtensorMap_st)",,,0.131872,0.142016
hbm,extend,Compute,kernel,30445802,30448106,30445802,30448106,7,0,341870085406720,echo/hbm/extend_annotated/layer_1/compute_graph_projection_layer_1_q_128/call_25,430411,14,60129542152,compute_graph_projection_layer_1_q_128,layer_1,kernel_cutlass_kernel_operatorsdeepseek_v32norm_plainLocalPlainRMSNorm_object_at__tensorptrbf16gmemalign128oi64153615361_tensorptrf32gmemalign16o15361_tensorptrbf16gmemalign128oi641536153_0,,,0.14272,0.145024
hbm,extend,Compute,kernel,30448522,30449962,30448522,30449962,7,0,341870085406720,echo/hbm/extend_annotated/layer_1/compute_graph_projection_layer_1_q_128/call_25,430411,14,60129542153,compute_graph_projection_layer_1_q_128,layer_1,"void at::native::elementwise_kernel<(int)128, (int)2, void at::native::gpu_kernel_impl_nocast<at::native::BinaryFunctor<float, float, float, at::native::binary_internal::MulFunctor<float>>>(at::TensorIteratorBase &, const T1 &)::[lambda(int) (instance 1)]>(int, T3)",,,0.14544,0.14688
hbm,extend,Compute,kernel,30450378,30451210,30450378,30451210,7,0,341870085406720,echo/hbm/extend_annotated/layer_1/compute_graph_projection_layer_1_q_128/call_25,430411,14,60129542154,compute_graph_projection_layer_1_q_128,layer_1,"void <unnamed>::elementwise_kernel_with_index<int, at::native::arange_cuda_out(const c10::Scalar &, const c10::Scalar &, const c10::Scalar &, at::Tensor &)::[lambda() (instance 1)]::operator ()() const::[lambda() (instance 4)]::operator ()() const::[lambda(long) (instance 1)]>(T1, T2, function_traits<T2>::result_type *)",,,0.147296,0.148128
hbm,extend,Compute,kernel,30451626,30453290,30451626,30453290,7,0,341870085406720,echo/hbm/extend_annotated/layer_1/compute_graph_projection_layer_1_q_128/call_25,430411,14,60129542155,compute_graph_projection_layer_1_q_128,layer_1,"void at::native::vectorized_elementwise_kernel<(int)4, at::native::cos_kernel_cuda(at::TensorIteratorBase &)::[lambda() (instance 2)]::operator ()() const::[lambda() (instance 2)]::operator ()() const::[lambda(float) (instance 1)], std::array<char *, (unsigned long)2>>(int, T2, T3)",,,0.148544,0.150208
hbm,extend,Compute,kernel,30453834,30455434,30453834,30455434,7,0,341870085406720,echo/hbm/extend_annotated/layer_1/compute_graph_projection_layer_1_q_128/call_25,430411,14,60129542156,compute_graph_projection_layer_1_q_128,layer_1,"void at::native::vectorized_elementwise_kernel<(int)4, at::native::sin_kernel_cuda(at::TensorIteratorBase &)::[lambda() (instance 2)]::operator ()() const::[lambda() (instance 2)]::operator ()() const::[lambda(float) (instance 1)], std::array<char *, (unsigned long)2>>(int, T2, T3)",,,0.150752,0.152352
hbm,extend,Compute,kernel,30455850,30457162,30455850,30457162,7,0,341870085406720,echo/hbm/extend_annotated/layer_1/compute_graph_projection_layer_1_q_128/call_25,430411,14,60129542157,compute_graph_projection_layer_1_q_128,layer_1,"void at::native::<unnamed>::CatArrayBatchedCopy_vectorized<at::native::<unnamed>::OpaqueType<(unsigned int)4>, unsigned int, (int)2, (int)128, (int)1, (int)16, (int)4>(char *, at::native::<unnamed>::CatArrInputTensorMetadata<T1, T2, T4, T5>, at::native::<unnamed>::TensorSizeStride<T2, (unsigned int)4>, int, T2)",,,0.152768,0.15408
hbm,extend,Compute,kernel,30457578,30459498,30457578,30459498,7,0,341870085406720,echo/hbm/extend_annotated/layer_1/compute_graph_projection_layer_1_q_128/call_25,430411,14,60129542158,q_b_proj,layer_1,activation_quantization,,,0.154496,0.156416
hbm,extend,Compute,kernel,30459882,30461258,30459882,30461258,7,0,341870085406720,echo/hbm/extend_annotated/layer_1/compute_graph_projection_layer_1_q_128/call_25,430411,14,60129542159,q_b_proj,layer_1,"void deep_gemm::transpose_fp32<(unsigned int)512, (unsigned int)64, (unsigned int)12, (unsigned int)128, (unsigned int)13>(const float *, float *, unsigned int)",,,0.1568,0.158176
hbm,extend,Compute,kernel,30461642,30477354,30461642,30477354,7,0,341870085406720,echo/hbm/extend_annotated/layer_1/compute_graph_projection_layer_1_q_128/call_25,430411,14,60129542160,q_b_proj,layer_1,"void deep_gemm::sm90_fp8_gemm_1d2d_impl<(cute::UMMA::Major)0, (unsigned int)0, (unsigned int)24576, (unsigned int)1536, (unsigned int)1, (unsigned int)128, (unsigned int)192, (unsigned int)128, (unsigned int)128, (unsigned int)128, (unsigned int)128, (unsigned int)4, (unsigned int)128, (unsigned int)256, (unsigned int)1, (bool)0, (unsigned int)132, (deep_gemm::GemmType)0, cutlass::bfloat16_t>(float *, int *, unsigned int, unsigned int, unsigned int, CUtensorMap_st, CUtensorMap_st, CUtensorMap_st, CUtensorMap_st)",,,0.15856,0.174272
hbm,extend,Compute,kernel,30478058,30488490,30478058,30488490,7,0,341870085406720,echo/hbm/extend_annotated/layer_1/compute_graph_projection_layer_1_q_128/call_25,430411,14,60129542161,q_absorb,layer_1,nvjet_sm90_tst_256x128_64x4_2x1_v_bz_coopA_NNT,,,0.174976,0.185408
hbm,extend,Compute,kernel,30488746,30492714,30488746,30492714,7,0,341870085406720,echo/hbm/extend_annotated/layer_1/compute_graph_projection_layer_1_q_128/call_25,430411,14,60129542162,kv_a_proj,layer_1,activation_quantization,,,0.185664,0.189632
hbm,extend,Compute,kernel,30493130,30494986,30493130,30494986,7,0,341870085406720,echo/hbm/extend_annotated/layer_1/compute_graph_projection_layer_1_q_128/call_25,430411,14,60129542163,kv_a_proj,layer_1,"void deep_gemm::transpose_fp32<(unsigned int)512, (unsigned int)64, (unsigned int)56, (unsigned int)128, (unsigned int)57>(const float *, float *, unsigned int)",,,0.190048,0.191904
hbm,extend,Compute,kernel,30495402,30504490,30495402,30504490,7,0,341870085406720,echo/hbm/extend_annotated/layer_1/compute_graph_projection_layer_1_q_128/call_25,430411,14,60129542164,kv_a_proj,layer_1,"void deep_gemm::sm90_fp8_gemm_1d2d_impl<(cute::UMMA::Major)0, (unsigned int)0, (unsigned int)576, (unsigned int)7168, (unsigned int)1, (unsigned int)64, (unsigned int)16, (unsigned int)128, (unsigned int)128, (unsigned int)128, (unsigned int)32, (unsigned int)16, (unsigned int)128, (unsigned int)128, (unsigned int)1, (bool)0, (unsigned int)132, (deep_gemm::GemmType)0, cutlass::bfloat16_t>(float *, int *, unsigned int, unsigned int, unsigned int, CUtensorMap_st, CUtensorMap_st, CUtensorMap_st, CUtensorMap_st)",,,0.19232,0.201408
hbm,extend,Compute,kernel,30504938,30507242,30504938,30507242,7,0,341870085406720,echo/hbm/extend_annotated/layer_1/compute_graph_projection_layer_1_q_128/call_25,430411,14,60129542165,compute_graph_projection_layer_1_q_128,layer_1,"void at::native::elementwise_kernel<(int)128, (int)4, void at::native::gpu_kernel_impl_nocast<at::native::direct_copy_kernel_cuda(at::TensorIteratorBase &)::[lambda() (instance 3)]::operator ()() const::[lambda() (instance 12)]::operator ()() const::[lambda(c10::BFloat16) (instance 1)]>(at::TensorIteratorBase &, const T1 &)::[lambda(int) (instance 1)]>(int, T3)",,,0.201856,0.20416
hbm,extend,Compute,kernel,30508042,30509386,30508042,30509386,7,0,341870085406720,echo/hbm/extend_annotated/layer_1/compute_graph_projection_layer_1_q_128/call_25,430411,14,60129542166,compute_graph_projection_layer_1_q_128,layer_1,kernel_cutlass_kernel_operatorsdeepseek_v32norm_plainLocalPlainRMSNorm_object_at__tensorptrbf16gmemalign128oi645125121_tensorptrf32gmemalign16o5121_tensorptrbf16gmemalign128oi645125121____0,,,0.20496,0.206304
hbm,extend,Compute,kernel,30509866,30512586,30509866,30512586,7,0,341870085406720,echo/hbm/extend_annotated/layer_1/compute_graph_projection_layer_1_q_128/call_25,430411,14,60129542167,compute_graph_projection_layer_1_q_128,layer_1,"void flashinfer::BatchQKApplyRotaryPosIdsCosSinCacheHeadParallelismKernel<(bool)1, (unsigned int)64, (unsigned int)8, (unsigned int)8, __nv_bfloat16, long>(T5 *, T5 *, T5 *, T5 *, float *, T6 *, unsigned int, unsigned int, unsigned int, unsigned int, unsigned long, unsigned long, unsigned long, unsigned long, unsigned long, unsigned long, unsigned long, unsigned long)",,,0.206784,0.209504
hbm,extend,Compute,kernel,30513002,30515562,30513002,30515562,7,0,341870085406720,echo/hbm/extend_annotated/layer_1/compute_graph_projection_layer_1_q_128/call_25,430411,14,60129542168,index_q_proj,layer_1,activation_quantization,,,0.20992,0.21248
hbm,extend,Compute,kernel,30516170,30517578,30516170,30517578,7,0,341870085406720,echo/hbm/extend_annotated/layer_1/compute_graph_projection_layer_1_q_128/call_25,430411,14,60129542169,index_q_proj,layer_1,"void deep_gemm::transpose_fp32<(unsigned int)512, (unsigned int)64, (unsigned int)12, (unsigned int)128, (unsigned int)13>(const float *, float *, unsigned int)",,,0.213088,0.214496
hbm,extend,Compute,kernel,30517994,30525546,30517994,30525546,7,0,341870085406720,echo/hbm/extend_annotated/layer_1/compute_graph_projection_layer_1_q_128/call_25,430411,14,60129542170,index_q_proj,layer_1,"void deep_gemm::sm90_fp8_gemm_1d2d_impl<(cute::UMMA::Major)0, (unsigned int)0, (unsigned int)8192, (unsigned int)1536, (unsigned int)1, (unsigned int)64, (unsigned int)128, (unsigned int)128, (unsigned int)128, (unsigned int)128, (unsigned int)128, (unsigned int)8, (unsigned int)128, (unsigned int)128, (unsigned int)1, (bool)0, (unsigned int)132, (deep_gemm::GemmType)0, cutlass::bfloat16_t>(float *, int *, unsigned int, unsigned int, unsigned int, CUtensorMap_st, CUtensorMap_st, CUtensorMap_st, CUtensorMap_st)",,,0.214912,0.222464
hbm,extend,Compute,kernel,30525930,30528842,30525930,30528842,7,0,341870085406720,echo/hbm/extend_annotated/layer_1/compute_graph_projection_layer_1_q_128/call_25,430411,14,60129542171,index_k_proj,layer_1,activation_quantization,,,0.222848,0.22576
hbm,extend,Compute,kernel,30529258,30531114,30529258,30531114,7,0,341870085406720,echo/hbm/extend_annotated/layer_1/compute_graph_projection_layer_1_q_128/call_25,430411,14,60129542172,index_k_proj,layer_1,"void deep_gemm::transpose_fp32<(unsigned int)512, (unsigned int)64, (unsigned int)56, (unsigned int)128, (unsigned int)57>(const float *, float *, unsigned int)",,,0.226176,0.228032
hbm,extend,Compute,kernel,30531530,30540202,30531530,30540202,7,0,341870085406720,echo/hbm/extend_annotated/layer_1/compute_graph_projection_layer_1_q_128/call_25,430411,14,60129542173,index_k_proj,layer_1,"void deep_gemm::sm90_fp8_gemm_1d2d_impl<(cute::UMMA::Major)0, (unsigned int)0, (unsigned int)128, (unsigned int)7168, (unsigned int)1, (unsigned int)64, (unsigned int)16, (unsigned int)128, (unsigned int)128, (unsigned int)128, (unsigned int)32, (unsigned int)16, (unsigned int)128, (unsigned int)128, (unsigned int)1, (bool)0, (unsigned int)132, (deep_gemm::GemmType)0, cutlass::bfloat16_t>(float *, int *, unsigned int, unsigned int, unsigned int, CUtensorMap_st, CUtensorMap_st, CUtensorMap_st, CUtensorMap_st)",,,0.228448,0.23712
hbm,extend,Compute,kernel,30540618,30543370,30540618,30543370,7,0,341870085406720,echo/hbm/extend_annotated/layer_1/compute_graph_projection_layer_1_q_128/call_25,430411,14,60129542174,compute_graph_projection_layer_1_q_128,layer_1,"void at::native::unrolled_elementwise_kernel<at::native::direct_copy_kernel_cuda(at::TensorIteratorBase &)::[lambda() (instance 3)]::operator ()() const::[lambda() (instance 7)]::operator ()() const::[lambda(float) (instance 1)], std::array<char *, (unsigned long)2>, (int)4, TrivialOffsetCalculator<(int)1, unsigned int>, TrivialOffsetCalculator<(int)1, unsigned int>, at::native::memory::LoadWithCast<(int)1>, at::native::memory::StoreWithCast<(int)1>>(int, T1, T2, T4, T5, T6, T7)",,,0.237536,0.240288
hbm,extend,Compute,kernel,30543818,30546634,30543818,30546634,7,0,341870085406720,echo/hbm/extend_annotated/layer_1/compute_graph_projection_layer_1_q_128/call_25,430411,14,60129542175,compute_graph_projection_layer_1_q_128,layer_1,"void at::native::<unnamed>::vectorized_layer_norm_kernel<float, float, (bool)0>(int, T2, const T1 *, const T1 *, const T1 *, T2 *, T2 *, T1 *)",,,0.240736,0.243552
hbm,extend,Compute,kernel,30547210,30548362,30547210,30548362,7,0,341870085406720,echo/hbm/extend_annotated/layer_1/compute_graph_projection_layer_1_q_128/call_25,430411,14,60129542176,compute_graph_projection_layer_1_q_128,layer_1,"void at::native::vectorized_elementwise_kernel<(int)8, at::native::bfloat16_copy_kernel_cuda(at::TensorIteratorBase &)::[lambda(float) (instance 1)], std::array<char *, (unsigned long)2>>(int, T2, T3)",,,0.244128,0.24528
hbm,extend,Compute,kernel,30548746,30551082,30548746,30551082,7,0,341870085406720,echo/hbm/extend_annotated/layer_1/compute_graph_projection_layer_1_q_128/call_25,430411,14,60129542177,compute_graph_projection_layer_1_q_128,layer_1,"void flashinfer::BatchQKApplyRotaryPosIdsCosSinCacheHeadParallelismKernel<(bool)0, (unsigned int)128, (unsigned int)8, (unsigned int)16, __nv_bfloat16, long>(T5 *, T5 *, T5 *, T5 *, float *, T6 *, unsigned int, unsigned int, unsigned int, unsigned int, unsigned long, unsigned long, unsigned long, unsigned long, unsigned long, unsigned long, unsigned long, unsigned long)",,,0.245664,0.248
hbm,extend,Compute,kernel,30551466,30553162,30551466,30553162,7,0,341870085406720,echo/hbm/extend_annotated/layer_1/compute_graph_projection_layer_1_q_128/call_25,430411,14,60129542178,compute_graph_projection_layer_1_q_128,layer_1,quantize_kernel,,,0.248384,0.25008
hbm,extend,Compute,kernel,30553802,30554954,30553802,30554954,7,0,341870085406720,echo/hbm/extend_annotated/layer_1/compute_graph_projection_layer_1_q_128/call_25,430411,14,60129542179,compute_graph_projection_layer_1_q_128,layer_1,quantize_kernel,,,0.25072,0.251872
hbm,extend,Compute,kernel,30555402,30559338,30555402,30559338,7,0,341870085406720,echo/hbm/extend_annotated/layer_1/compute_graph_projection_layer_1_q_128/call_25,430411,14,60129542180,compute_graph_projection_layer_1_q_128,layer_1,"void at::native::unrolled_elementwise_kernel<at::native::direct_copy_kernel_cuda(at::TensorIteratorBase &)::[lambda() (instance 3)]::operator ()() const::[lambda() (instance 7)]::operator ()() const::[lambda(float) (instance 1)], std::array<char *, (unsigned long)2>, (int)4, TrivialOffsetCalculator<(int)1, unsigned int>, TrivialOffsetCalculator<(int)1, unsigned int>, at::native::memory::LoadWithCast<(int)1>, at::native::memory::StoreWithCast<(int)1>>(int, T1, T2, T4, T5, T6, T7)",,,0.25232,0.256256
hbm,extend,Compute,kernel,30559754,30570826,30559754,30570826,7,0,341870085406720,echo/hbm/extend_annotated/layer_1/compute_graph_projection_layer_1_q_128/call_25,430411,14,60129542181,index_weights_proj,layer_1,void cutlass::Kernel2<cutlass_80_simt_sgemm_64x64_8x5_tn_align1>(T1::Params),,,0.256672,0.267744
hbm,extend,Compute,kernel,30571210,30574538,30571210,30574538,7,0,341870085406720,echo/hbm/extend_annotated/layer_1/compute_graph_projection_layer_1_q_128/call_25,430411,14,60129542182,index_weights_proj,layer_1,"void cublasLt::splitKreduce_kernel<(int)32, (int)16, int, float, float, float, float, (bool)0, float, float, float, (bool)1, (bool)0, (bool)0, (bool)0>(cublasLt::cublasSplitKParams<T6>, const T4 *, const T10 *, T9 *, T5 *, const T6 *, const T6 *, const T11 *, const T4 *, T11 *, void *, long, T6 *, int *, T6 *, T6 *, const T6 *, const T6 *, const T6 *, const T6 *, const T6 *)",,,0.268128,0.271456
hbm,extend,Compute,kernel,30574954,30576042,30574954,30576042,7,0,341870085406720,echo/hbm/extend_annotated/layer_1/compute_graph_projection_layer_1_q_128/call_25,430411,14,60129542183,compute_graph_projection_layer_1_q_128,layer_1,"void at::native::vectorized_elementwise_kernel<(int)4, at::native::AUnaryFunctor<float, float, float, at::native::binary_internal::MulFunctor<float>>, std::array<char *, (unsigned long)2>>(int, T2, T3)",,,0.271872,0.27296
hbm,extend,Compute,kernel,30576522,30577642,30576522,30577642,7,0,341870085406720,echo/hbm/extend_annotated/layer_1/compute_graph_projection_layer_1_q_128/call_25,430411,14,60129542184,compute_graph_projection_layer_1_q_128,layer_1,"void at::native::vectorized_elementwise_kernel<(int)4, at::native::BinaryFunctor<float, float, float, at::native::binary_internal::MulFunctor<float>>, std::array<char *, (unsigned long)3>>(int, T2, T3)",,,0.27344,0.27456
hbm,extend,Compute,kernel,30578058,30579082,30578058,30579082,7,0,341870085406720,echo/hbm/extend_annotated/layer_1/compute_graph_projection_layer_1_q_128/call_25,430411,14,60129542185,compute_graph_projection_layer_1_q_128,layer_1,"void at::native::vectorized_elementwise_kernel<(int)4, at::native::AUnaryFunctor<float, float, float, at::native::binary_internal::MulFunctor<float>>, std::array<char *, (unsigned long)2>>(int, T2, T3)",,,0.274976,0.276
hbm,extend,Compute,kernel,30579530,30581578,30579530,30581578,7,0,341870085406720,echo/hbm/extend_annotated/layer_1/compute_graph_projection_layer_1_q_128/call_25,430411,14,60129542186,compute_graph_projection_layer_1_q_128,layer_1,"void at::native::<unnamed>::CatArrayBatchedCopy_vectorized<at::native::<unnamed>::OpaqueType<(unsigned int)2>, unsigned int, (int)2, (int)128, (int)1, (int)16, (int)8>(char *, at::native::<unnamed>::CatArrInputTensorMetadata<T1, T2, T4, T5>, at::native::<unnamed>::TensorSizeStride<T2, (unsigned int)4>, int, T2)",,,0.276448,0.278496
hbm,extend,Compute,kernel,30609386,30873962,30609386,30873962,7,0,341870085406720,echo/hbm/extend_annotated/layer_1/indexer_qk/call_29,430456,,,indexer_qk,layer_1,"void deep_gemm::sm90_fp8_mqa_logits<(unsigned int)64, (unsigned int)128, (unsigned int)2, (unsigned int)256, (unsigned int)3, (unsigned int)3, (unsigned int)132, (unsigned int)128, (unsigned int)512, float>(unsigned int, unsigned int, unsigned int, unsigned int *, unsigned int *, T10 *, CUtensorMap_st, CUtensorMap_st, CUtensorMap_st, CUtensorMap_st)",,,0.306304,0.57088
hbm,extend,Compute,kernel,30875433,30876137,30875433,30876137,7,0,341870085406720,echo/hbm/extend_annotated/layer_1/indexer_qk/call_29,430471,,,indexer_qk,layer_1,"void <unnamed>::elementwise_kernel_with_index<int, at::native::arange_cuda_out(const c10::Scalar &, const c10::Scalar &, const c10::Scalar &, at::Tensor &)::[lambda() (instance 1)]::operator ()() const::[lambda() (instance 4)]::operator ()() const::[lambda(long) (instance 1)]>(T1, T2, function_traits<T2>::result_type *)",,,0.572351,0.573055
hbm,extend,Compute,kernel,30877321,30880777,30877321,30880777,7,0,341870085406720,echo/hbm/extend_annotated/layer_1/indexer_qk/call_29,430491,,,indexer_qk,layer_1,"void at::native::elementwise_kernel<(int)128, (int)4, void at::native::gpu_kernel_impl<at::native::<unnamed>::CompareFunctor<long>>(at::TensorIteratorBase &, const T1 &)::[lambda(int) (instance 1)]>(int, T3)",,,0.574239,0.577695
hbm,extend,Compute,kernel,30882377,30884457,30882377,30884457,7,0,341870085406720,echo/hbm/extend_annotated/layer_1/indexer_qk/call_29,430498,,,indexer_qk,layer_1,"void at::native::elementwise_kernel<(int)128, (int)2, void at::native::gpu_kernel_impl_nocast<at::native::<unnamed>::masked_fill_kernel(at::TensorIterator &, const c10::Scalar &)::[lambda() (instance 1)]::operator ()() const::[lambda() (instance 7)]::operator ()() const::[lambda(float, bool) (instance 1)]>(at::TensorIteratorBase &, const T1 &)::[lambda(int) (instance 1)]>(int, T3)",,,0.579295,0.581375
hbm,extend,Compute,kernel,30885641,30910089,30885641,30910089,7,0,341870085406720,echo/hbm/extend_annotated/layer_1/exact_topk/call_30,430515,,,exact_topk,layer_1,"void at::native::elementwise_kernel<(int)128, (int)2, void at::native::gpu_kernel_impl_nocast<at::native::direct_copy_kernel_cuda(at::TensorIteratorBase &)::[lambda() (instance 3)]::operator ()() const::[lambda() (instance 7)]::operator ()() const::[lambda(float) (instance 1)]>(at::TensorIteratorBase &, const T1 &)::[lambda(int) (instance 1)]>(int, T3)",,,0.582559,0.607007
hbm,extend,Compute,kernel,30911625,30943497,30911625,30943497,7,0,341870085406720,echo/hbm/extend_annotated/layer_1/exact_topk/call_30,430540,,,exact_topk,layer_1,"void flashinfer::sampling::FilteredTopKUnifiedKernel<float, int, (int)4, (bool)1, (flashinfer::sampling::FilteredTopKMode)0, (flashinfer::sampling::TopKTieBreak)1, flashinfer::sampling::DirectPageTableKernelPolicy<int>, >(const T1 *, T2 *, T1 *, const T2 *, long, const T2 *, const T2 *, const T2 *, const T2 *, unsigned int, unsigned int, unsigned int, T8...)",,,0.608543,0.640415
hbm,extend,Compute,kernel,30944745,30956169,30944745,30956169,7,0,341870085406720,echo/hbm/extend_annotated/layer_1/exact_topk/call_30,430541,,,exact_topk,layer_1,"void flashinfer::sampling::FinalizeTopKIndicesKernel<(bool)1, (flashinfer::sampling::FilteredTopKMode)0, (unsigned int)256, (unsigned int)8, float, int, flashinfer::sampling::DirectPageTableKernelPolicy<int>, >(T6 *, T5 *, const T6 *, long, const T6 *, const T6 *, unsigned int, unsigned int, T8...)",,,0.641663,0.653087
hbm,extend,Compute,kernel,30958249,30972457,30958249,30972457,7,0,341870085406720,echo/hbm/extend_annotated/layer_1/exact_topk/call_30,430542,,,exact_topk,layer_1,"void flashinfer::sampling::StableSortTopKByValueKernel<(unsigned int)256, (unsigned int)8, int, float>(T3 *, T4 *, unsigned int, unsigned int)",,,0.655167,0.669375
hbm,extend,Compute,kernel,30973609,30975049,30973609,30975049,7,0,341870085406720,echo/hbm/extend_annotated/layer_1/exact_topk/call_30,430547,,,exact_topk,layer_1,mask_kernel,,,0.670527,0.671967
hbm,extend,GPU control,kernel,30979113,30979913,30979113,30979913,7,0,341870085406720,echo/hbm/extend_annotated/layer_1/cache_write/call_31,430574,,,cache_write,layer_1,"void <unnamed>::elementwise_kernel_with_index<int, at::native::arange_cuda_out(const c10::Scalar &, const c10::Scalar &, const c10::Scalar &, at::Tensor &)::[lambda() (instance 1)]::operator ()() const::[lambda() (instance 4)]::operator ()() const::[lambda(long) (instance 1)]>(T1, T2, function_traits<T2>::result_type *)",,,0.676031,0.676831
hbm,extend,GPU control,kernel,30981065,30982217,30981065,30982217,7,0,341870085406720,echo/hbm/extend_annotated/layer_1/cache_write/call_31,430588,,,cache_write,layer_1,"void at::native::unrolled_elementwise_kernel<at::native::direct_copy_kernel_cuda(at::TensorIteratorBase &)::[lambda() (instance 3)]::operator ()() const::[lambda() (instance 3)]::operator ()() const::[lambda(int) (instance 1)], std::array<char *, (unsigned long)2>, (int)4, TrivialOffsetCalculator<(int)1, unsigned int>, TrivialOffsetCalculator<(int)1, unsigned int>, at::native::memory::LoadWithCast<(int)1>, at::native::memory::StoreWithCast<(int)1>>(int, T1, T2, T4, T5, T6, T7)",,,0.677983,0.679135
hbm,extend,Compute,kernel,31051209,31171881,31051209,31171881,7,0,341870085406720,echo/hbm/extend_annotated/layer_1/mla_qk_pv/call_33,430640,,,mla_qk_pv,layer_1,"void sm90::prefill::sparse_fwd::sparse_attn_fwd_kernel<sm90::prefill::sparse_fwd::KernelTemplate<(int)576, (bool)0>, sm90::prefill::sparse_fwd::KernelTemplate<(int)576, (bool)0>::TmaParams<cute::tuple<int, int, int>, cute::TiledCopy<cute::Copy_Atom<cute::Copy_Traits<cute::SM90_TMA_LOAD, cute::C<(int)65536>, cute::AuxTmaParams<cute::tuple<cute::ScaledBasis<cute::C<(int)1>, (int)1>, cute::ScaledBasis<cute::C<(int)1>, (int)0>, cute::ScaledBasis<cute::C<(int)1>, (int)2>>, const cute::Layout<cute::tuple<cute::C<(int)64>, cute::C<(int)64>, cute::C<(int)1>>, cute::tuple<cute::ScaledBasis<cute::C<(int)1>, (int)1>, cute::ScaledBasis<cute::C<(int)1>, (int)0>, cute::ScaledBasis<cute::C<(int)1>, (int)2>>> &, const cute::Swizzle<(int)3, (int)4, (int)3> &>>, cutlass::bfloat16_t>, cute::Layout<cute::tuple<cute::C<(int)1>, cute::tuple<cute::tuple<cute::tuple<cute::C<(int)64>, cute::C<(int)64>>, cute::C<(int)9>>>>, cute::tuple<cute::C<(int)0>, cute::tuple<cute::tuple<cute::tuple<cute::C<(int)64>, cute::C<(int)1>>, cute::C<(int)4096>>>>>, cute::tuple<cute::C<(int)64>, cute::C<(int)576>>>>>(SparseAttnFwdParams, T2)",,,0.748127,0.868799
hbm,extend,Compute,kernel,31173193,31183273,31173193,31183273,7,0,341870085406720,echo/hbm/extend_annotated/layer_1/v_expand/call_36,430654,,,v_expand,layer_1,nvjet_sm90_tst_128x128_64x6_1x1_h_bz_NNT,,,0.870111,0.880191
hbm,extend,Compute,kernel,31237609,31240265,31237609,31240265,7,0,341870085406720,echo/hbm/extend_annotated/layer_1/compute_graph_finish_layer_1_q_128/call_37,430659,17,73014444032,o_proj,layer_1,activation_quantization,,,0.934527,0.937183
hbm,extend,Compute,kernel,31240809,31244297,31240809,31244297,7,0,341870085406720,echo/hbm/extend_annotated/layer_1/compute_graph_finish_layer_1_q_128/call_37,430659,17,73014444033,o_proj,layer_1,"void deep_gemm::transpose_fp32<(unsigned int)512, (unsigned int)64, (unsigned int)128, (unsigned int)128, (unsigned int)129>(const float *, float *, unsigned int)",,,0.937727,0.941215
hbm,extend,Compute,kernel,31244681,31288169,31244681,31288169,7,0,341870085406720,echo/hbm/extend_annotated/layer_1/compute_graph_finish_layer_1_q_128/call_37,430659,17,73014444034,o_proj,layer_1,"void deep_gemm::sm90_fp8_gemm_1d2d_impl<(cute::UMMA::Major)0, (unsigned int)0, (unsigned int)7168, (unsigned int)16384, (unsigned int)1, (unsigned int)64, (unsigned int)112, (unsigned int)128, (unsigned int)128, (unsigned int)128, (unsigned int)32, (unsigned int)9, (unsigned int)128, (unsigned int)128, (unsigned int)1, (bool)0, (unsigned int)132, (deep_gemm::GemmType)0, cutlass::bfloat16_t>(float *, int *, unsigned int, unsigned int, unsigned int, CUtensorMap_st, CUtensorMap_st, CUtensorMap_st, CUtensorMap_st)",,,0.941599,0.985087
hbm,extend,Compute,kernel,31288777,31292009,31288777,31292009,7,0,341870085406720,echo/hbm/extend_annotated/layer_1/compute_graph_finish_layer_1_q_128/call_37,430659,17,73014444035,compute_graph_finish_layer_1_q_128,layer_1,kernel_cutlass_kernel_operatorsdeepseek_v32norm_fusedLocalFusedRMSNorm_object_at__tensorptrbf16gmemalign128oi64716871681_tensorptrbf16gmemalign128oi64716871681_tensorptrf32gmemalign16o716_0,,,0.985695,0.988927
hbm,extend,Compute,kernel,31292393,31294345,31292393,31294345,7,0,341870085406720,echo/hbm/extend_annotated/layer_1/compute_graph_finish_layer_1_q_128/call_37,430659,17,73014444036,mlp_gate,layer_1,activation_quantization,,,0.989311,0.991263
hbm,extend,Compute,kernel,31294729,31296617,31294729,31296617,7,0,341870085406720,echo/hbm/extend_annotated/layer_1/compute_graph_finish_layer_1_q_128/call_37,430659,17,73014444037,mlp_gate,layer_1,"void deep_gemm::transpose_fp32<(unsigned int)512, (unsigned int)64, (unsigned int)56, (unsigned int)128, (unsigned int)57>(const float *, float *, unsigned int)",,,0.991647,0.993535
hbm,extend,Compute,kernel,31297033,31334761,31297033,31334761,7,0,341870085406720,echo/hbm/extend_annotated/layer_1/compute_graph_finish_layer_1_q_128/call_37,430659,17,73014444038,mlp_gate,layer_1,"void deep_gemm::sm90_fp8_gemm_1d2d_impl<(cute::UMMA::Major)0, (unsigned int)0, (unsigned int)18432, (unsigned int)7168, (unsigned int)1, (unsigned int)128, (unsigned int)144, (unsigned int)128, (unsigned int)128, (unsigned int)128, (unsigned int)32, (unsigned int)5, (unsigned int)128, (unsigned int)256, (unsigned int)1, (bool)0, (unsigned int)132, (deep_gemm::GemmType)0, cutlass::bfloat16_t>(float *, int *, unsigned int, unsigned int, unsigned int, CUtensorMap_st, CUtensorMap_st, CUtensorMap_st, CUtensorMap_st)",,,0.993951,1.031679
hbm,extend,Compute,kernel,31334953,31337065,31334953,31337065,7,0,341870085406720,echo/hbm/extend_annotated/layer_1/compute_graph_finish_layer_1_q_128/call_37,430659,17,73014444039,mlp_up,layer_1,"void deep_gemm::transpose_fp32<(unsigned int)512, (unsigned int)64, (unsigned int)56, (unsigned int)128, (unsigned int)57>(const float *, float *, unsigned int)",,,1.031871,1.033983
hbm,extend,Compute,kernel,31337545,31374473,31337545,31374473,7,0,341870085406720,echo/hbm/extend_annotated/layer_1/compute_graph_finish_layer_1_q_128/call_37,430659,17,73014444040,mlp_up,layer_1,"void deep_gemm::sm90_fp8_gemm_1d2d_impl<(cute::UMMA::Major)0, (unsigned int)0, (unsigned int)18432, (unsigned int)7168, (unsigned int)1, (unsigned int)128, (unsigned int)144, (unsigned int)128, (unsigned int)128, (unsigned int)128, (unsigned int)32, (unsigned int)5, (unsigned int)128, (unsigned int)256, (unsigned int)1, (bool)0, (unsigned int)132, (deep_gemm::GemmType)0, cutlass::bfloat16_t>(float *, int *, unsigned int, unsigned int, unsigned int, CUtensorMap_st, CUtensorMap_st, CUtensorMap_st, CUtensorMap_st)",,,1.034463,1.071391
hbm,extend,Compute,kernel,31375209,31380073,31375209,31380073,7,0,341870085406720,echo/hbm/extend_annotated/layer_1/compute_graph_finish_layer_1_q_128/call_37,430659,17,73014444041,compute_graph_finish_layer_1_q_128,layer_1,"void flashinfer::activation::act_and_mul_kernel<__nv_bfloat16, &silu>(T1 *, const T1 *, int)",,,1.072127,1.076991
hbm,extend,Compute,kernel,31380521,31382985,31380521,31382985,7,0,341870085406720,echo/hbm/extend_annotated/layer_1/compute_graph_finish_layer_1_q_128/call_37,430659,17,73014444042,mlp_down,layer_1,activation_quantization,,,1.077439,1.079903
hbm,extend,Compute,kernel,31383401,31387305,31383401,31387305,7,0,341870085406720,echo/hbm/extend_annotated/layer_1/compute_graph_finish_layer_1_q_128/call_37,430659,17,73014444043,mlp_down,layer_1,"void deep_gemm::transpose_fp32<(unsigned int)512, (unsigned int)64, (unsigned int)144, (unsigned int)128, (unsigned int)145>(const float *, float *, unsigned int)",,,1.080319,1.084223
hbm,extend,Compute,kernel,31387721,31436137,31387721,31436137,7,0,341870085406720,echo/hbm/extend_annotated/layer_1/compute_graph_finish_layer_1_q_128/call_37,430659,17,73014444044,mlp_down,layer_1,"void deep_gemm::sm90_fp8_gemm_1d2d_impl<(cute::UMMA::Major)0, (unsigned int)0, (unsigned int)7168, (unsigned int)18432, (unsigned int)1, (unsigned int)64, (unsigned int)112, (unsigned int)128, (unsigned int)128, (unsigned int)128, (unsigned int)32, (unsigned int)9, (unsigned int)128, (unsigned int)128, (unsigned int)1, (bool)0, (unsigned int)132, (deep_gemm::GemmType)0, cutlass::bfloat16_t>(float *, int *, unsigned int, unsigned int, unsigned int, CUtensorMap_st, CUtensorMap_st, CUtensorMap_st, CUtensorMap_st)",,,1.084639,1.133055
hbm,extend,GPU control,memcpy,30304714,30306314,30304714,30306314,7,0,341870085406720,echo/hbm/extend_annotated/layer_1/compute_graph_projection_inputs/call_24,430388,0,,compute_graph_projection_inputs,layer_1,Device-to-Device,Device-to-Device,1835008,0.001632,0.003232
hbm,extend,GPU control,memcpy,30307594,30309642,30307594,30309642,7,0,341870085406720,echo/hbm/extend_annotated/layer_1/compute_graph_projection_inputs/call_24,430396,0,,compute_graph_projection_inputs,layer_1,Device-to-Device,Device-to-Device,1835008,0.004512,0.00656
hbm,extend,GPU control,memcpy,30583082,30584106,30583082,30584106,7,0,341870085406720,echo/hbm/extend_annotated/layer_1/index_cache_write/call_26,430416,0,,index_cache_write,layer_1,Device-to-Device,Device-to-Device,16384,0.28,0.281024
hbm,extend,GPU control,memcpy,30585194,30585962,30585194,30585962,7,0,341870085406720,echo/hbm/extend_annotated/layer_1/index_cache_write/call_26,430424,0,,index_cache_write,layer_1,Device-to-Device,Device-to-Device,512,0.282112,0.28288
hbm,extend,GPU control,memcpy,30976297,30977737,30976297,30977737,7,0,341870085406720,echo/hbm/extend_annotated/layer_1/cache_write/call_31,430554,0,,cache_write,layer_1,Device-to-Device,Device-to-Device,147456,0.673215,0.674655
hbm,extend,GPU control,memcpy,30983433,30984233,30983433,30984233,7,0,341870085406720,echo/hbm/extend_annotated/layer_1/cache_write/call_31,430595,0,,cache_write,layer_1,Device-to-Device,Device-to-Device,512,0.680351,0.681151
hbm,extend,GPU control,memcpy,30985513,30986409,30985513,30986409,7,0,341870085406720,echo/hbm/extend_annotated/layer_1/cache_write/call_31,430603,0,,cache_write,layer_1,Device-to-Device,Device-to-Device,1024,0.682431,0.683327
hbm,extend,CPU CUDA API,api,30315053,30413625,30315053,30413625,,,,echo/hbm/extend_annotated/layer_1/compute_graph_projection_layer_1_q_128/call_25,430411,,,compute_graph_projection_layer_1_q_128,layer_1,cudaGraphLaunch_v10000,,,0.011971,0.110543
hbm,extend,CPU CUDA API,api,30436303,30443900,30436303,30443900,,,,echo/hbm/extend_annotated/layer_1/index_cache_write/call_26,430416,,,index_cache_write,layer_1,cudaMemcpyAsync_v3020,,,0.133221,0.140818
hbm,extend,CPU CUDA API,api,30451259,30456483,30451259,30456483,,,,echo/hbm/extend_annotated/layer_1/index_cache_write/call_26,430424,,,index_cache_write,layer_1,cudaMemcpyAsync_v3020,,,0.148177,0.153401
hbm,extend,CPU CUDA API,api,30625657,30630711,30625657,30630711,,,,echo/hbm/extend_annotated/layer_1/indexer_qk/call_29,430471,,,indexer_qk,layer_1,cudaLaunchKernel_v7000,,,0.322575,0.327629
hbm,extend,CPU CUDA API,api,30654938,30660209,30654938,30660209,,,,echo/hbm/extend_annotated/layer_1/indexer_qk/call_29,430491,,,indexer_qk,layer_1,cudaLaunchKernel_v7000,,,0.351856,0.357127
hbm,extend,CPU CUDA API,api,30670438,30676013,30670438,30676013,,,,echo/hbm/extend_annotated/layer_1/indexer_qk/call_29,430498,,,indexer_qk,layer_1,cudaLaunchKernel_v7000,,,0.367356,0.372931
hbm,extend,CPU CUDA API,api,30722510,30727555,30722510,30727555,,,,echo/hbm/extend_annotated/layer_1/exact_topk/call_30,430515,,,exact_topk,layer_1,cudaLaunchKernel_v7000,,,0.419428,0.424473
hbm,extend,CPU CUDA API,api,30763837,30768921,30763837,30768921,,,,echo/hbm/extend_annotated/layer_1/exact_topk/call_30,430540,,,exact_topk,layer_1,cudaLaunchKernel_v7000,,,0.460755,0.465839
hbm,extend,CPU CUDA API,api,30769380,30773579,30769380,30773579,,,,echo/hbm/extend_annotated/layer_1/exact_topk/call_30,430541,,,exact_topk,layer_1,cudaLaunchKernel_v7000,,,0.466298,0.470497
hbm,extend,CPU CUDA API,api,30774308,30778934,30774308,30778934,,,,echo/hbm/extend_annotated/layer_1/exact_topk/call_30,430542,,,exact_topk,layer_1,cudaLaunchKernel_v7000,,,0.471226,0.475852
hbm,extend,CPU CUDA API,api,30862714,30871213,30862714,30871213,,,,echo/hbm/extend_annotated/layer_1/cache_write/call_31,430554,,,cache_write,layer_1,cudaMemcpyAsync_v3020,,,0.559632,0.568131
hbm,extend,CPU CUDA API,api,30883663,30888051,30883663,30888051,,,,echo/hbm/extend_annotated/layer_1/cache_write/call_31,430574,,,cache_write,layer_1,cudaLaunchKernel_v7000,,,0.580581,0.584969
hbm,extend,CPU CUDA API,api,30899585,30904150,30899585,30904150,,,,echo/hbm/extend_annotated/layer_1/cache_write/call_31,430588,,,cache_write,layer_1,cudaLaunchKernel_v7000,,,0.596503,0.601068
hbm,extend,CPU CUDA API,api,30910551,30916724,30910551,30916724,,,,echo/hbm/extend_annotated/layer_1/cache_write/call_31,430595,,,cache_write,layer_1,cudaMemcpyAsync_v3020,,,0.607469,0.613642
hbm,extend,CPU CUDA API,api,30923065,30928387,30923065,30928387,,,,echo/hbm/extend_annotated/layer_1/cache_write/call_31,430603,,,cache_write,layer_1,cudaMemcpyAsync_v3020,,,0.619983,0.625305
hbm,extend,CPU CUDA API,api,31034856,31035893,31034856,31035893,,,,echo/hbm/extend_annotated/layer_1/mla_qk_pv/call_33,430634,,,mla_qk_pv,layer_1,cudaGetDriverEntryPointByVersion_v12050,,,0.731774,0.732811
hbm,extend,CPU CUDA API,api,31037010,31037229,31037010,31037229,,,,echo/hbm/extend_annotated/layer_1/mla_qk_pv/call_33,430636,,,mla_qk_pv,layer_1,cudaGetDriverEntryPointByVersion_v12050,,,0.733928,0.734147
hbm,extend,CPU CUDA API,api,31042607,31049823,31042607,31049823,,,,echo/hbm/extend_annotated/layer_1/mla_qk_pv/call_33,430640,,,mla_qk_pv,layer_1,cudaLaunchKernelExC_v11060,,,0.739525,0.746741
hbm,extend,CPU CUDA API,api,31195820,31233911,31195820,31233911,,,,echo/hbm/extend_annotated/layer_1/compute_graph_finish_layer_1_q_128/call_37,430659,,,compute_graph_finish_layer_1_q_128,layer_1,cudaGraphLaunch_v10000,,,0.892738,0.930829
hbm,extend,CPU CUDA API,api,31372378,31381904,31372378,31381904,,,,echo/hbm/extend_annotated/layer_2/compute_graph_projection_inputs/call_42,430667,,,compute_graph_projection_inputs,layer_2,cudaMemcpyAsync_v3020,,,1.069296,1.078822
hbm,extend,CPU CUDA API,api,31387257,31393234,31387257,31393234,,,,echo/hbm/extend_annotated/layer_2/compute_graph_projection_inputs/call_42,430675,,,compute_graph_projection_inputs,layer_2,cudaMemcpyAsync_v3020,,,1.084175,1.090152
hbm,extend,CPU CUDA API,api,31400992,31406492,31400992,31406492,,,,echo/hbm/extend_annotated/layer_2/compute_graph_projection_inputs/call_42,430684,,,compute_graph_projection_inputs,layer_2,cudaLaunchKernel_v7000,,,1.09791,1.10341
hbm,extend,CPU CUDA API,api,31425117,31436137,31425117,31510227,,,,echo/hbm/extend_annotated/layer_2/compute_graph_projection_layer_2_q_128/call_43,430690,,,compute_graph_projection_layer_2_q_128,layer_2,cudaGraphLaunch_v10000,,,1.122035,1.133055
hbm,extend,CPU CUDA API,api,30585029,30585760,30585029,30585760,,,,echo/hbm/extend_annotated/layer_1/indexer_qk/call_29,430450,,,indexer_qk,layer_1,cuTensorMapEncodeTiled,,,0.281947,0.282678
hbm,extend,CPU CUDA API,api,30586252,30586411,30586252,30586411,,,,echo/hbm/extend_annotated/layer_1/indexer_qk/call_29,430451,,,indexer_qk,layer_1,cuTensorMapEncodeTiled,,,0.28317,0.283329
hbm,extend,CPU CUDA API,api,30586779,30586984,30586779,30586984,,,,echo/hbm/extend_annotated/layer_1/indexer_qk/call_29,430452,,,indexer_qk,layer_1,cuTensorMapEncodeTiled,,,0.283697,0.283902
hbm,extend,CPU CUDA API,api,30587323,30587441,30587323,30587441,,,,echo/hbm/extend_annotated/layer_1/indexer_qk/call_29,430453,,,indexer_qk,layer_1,cuTensorMapEncodeTiled,,,0.284241,0.284359
hbm,extend,CPU CUDA API,api,30601775,30607726,30601775,30607726,,,,echo/hbm/extend_annotated/layer_1/indexer_qk/call_29,430456,,,indexer_qk,layer_1,cuLaunchKernelEx,,,0.298693,0.304644
hbm,extend,CPU CUDA API,api,30625332,30625535,30625332,30625535,,,,echo/hbm/extend_annotated/layer_1/indexer_qk/call_29,430470,,,indexer_qk,layer_1,cuKernelGetName,,,0.32225,0.322453
hbm,extend,CPU CUDA API,api,30654634,30654818,30654634,30654818,,,,echo/hbm/extend_annotated/layer_1/indexer_qk/call_29,430490,,,indexer_qk,layer_1,cuKernelGetName,,,0.351552,0.351736
hbm,extend,CPU CUDA API,api,30670222,30670348,30670222,30670348,,,,echo/hbm/extend_annotated/layer_1/indexer_qk/call_29,430497,,,indexer_qk,layer_1,cuKernelGetName,,,0.36714,0.367266
hbm,extend,CPU CUDA API,api,30722113,30722317,30722113,30722317,,,,echo/hbm/extend_annotated/layer_1/exact_topk/call_30,430514,,,exact_topk,layer_1,cuKernelGetName,,,0.419031,0.419235
hbm,extend,CPU CUDA API,api,30820231,30824072,30820231,30824072,,,,echo/hbm/extend_annotated/layer_1/exact_topk/call_30,430547,,,exact_topk,layer_1,cuLaunchKernelEx,,,0.517149,0.52099
hbm,extend,CPU CUDA API,api,30883334,30883475,30883334,30883475,,,,echo/hbm/extend_annotated/layer_1/cache_write/call_31,430573,,,cache_write,layer_1,cuKernelGetName,,,0.580252,0.580393
hbm,extend,CPU CUDA API,api,30899248,30899386,30899248,30899386,,,,echo/hbm/extend_annotated/layer_1/cache_write/call_31,430587,,,cache_write,layer_1,cuKernelGetName,,,0.596166,0.596304
hbm,extend,CPU CUDA API,api,31036155,31036797,31036155,31036797,,,,echo/hbm/extend_annotated/layer_1/mla_qk_pv/call_33,430635,,,mla_qk_pv,layer_1,cuTensorMapEncodeTiled,,,0.733073,0.733715
hbm,extend,CPU CUDA API,api,31037357,31037551,31037357,31037551,,,,echo/hbm/extend_annotated/layer_1/mla_qk_pv/call_33,430637,,,mla_qk_pv,layer_1,cuTensorMapEncodeTiled,,,0.734275,0.734469
hbm,extend,CPU CUDA API,api,31158395,31158956,31158395,31158956,,,,echo/hbm/extend_annotated/layer_1/v_expand/call_36,430651,,,v_expand,layer_1,cuKernelGetAttribute,,,0.855313,0.855874
hbm,extend,CPU CUDA API,api,31159134,31159279,31159134,31159279,,,,echo/hbm/extend_annotated/layer_1/v_expand/call_36,430652,,,v_expand,layer_1,cuKernelGetAttribute,,,0.856052,0.856197
hbm,extend,CPU CUDA API,api,31160532,31166562,31160532,31166562,,,,echo/hbm/extend_annotated/layer_1/v_expand/call_36,430654,,,v_expand,layer_1,cuLaunchKernelEx,,,0.85745,0.86348
hbm,extend,CPU CUDA API,api,31400503,31400815,31400503,31400815,,,,echo/hbm/extend_annotated/layer_2/compute_graph_projection_inputs/call_42,430683,,,compute_graph_projection_inputs,layer_2,cuKernelGetName,,,1.097421,1.097733
hbm,extend,CPU control,nvtx,30303082,31436137,27831676,33175885,,,,echo/hbm/extend_annotated/shared/forward_misc/call_0,,,,forward_misc,shared,forward_misc,,,0.0,1.133055
hbm,extend,CPU control,nvtx,30303082,31246584,30165190,31246584,,,,echo/hbm/extend_annotated/layer_1/layer_misc/call_21,,,,layer_misc,layer_1,layer_misc,,,0.0,0.943502
hbm,extend,CPU control,nvtx,30303082,30417458,30233446,30417458,,,,echo/hbm/extend_annotated/layer_1/attention_projection/call_23,,,,attention_projection,layer_1,attention_projection,,,0.0,0.114376
hbm,extend,CPU control,nvtx,30311513,30415235,30311513,30415235,,,,echo/hbm/extend_annotated/layer_1/compute_graph_projection_layer_1_q_128/call_25,,,,compute_graph_projection_layer_1_q_128,layer_1,compute_graph_projection_layer_1_q_128,,,0.008431,0.112153
hbm,extend,CPU control,nvtx,30426989,30460633,30426989,30460633,,,,echo/hbm/extend_annotated/layer_1/index_cache_write/call_26,,,,index_cache_write,layer_1,index_cache_write,,,0.123907,0.157551
hbm,extend,CPU control,nvtx,30470409,30471492,30470409,30471492,,,,echo/hbm/extend_annotated/layer_1/offload_prepare/call_27,,,,offload_prepare,layer_1,offload_prepare,,,0.167327,0.16841
hbm,extend,CPU control,nvtx,30482352,30685296,30482352,30685296,,,,echo/hbm/extend_annotated/layer_1/indexer_aux/call_28,,,,indexer_aux,layer_1,indexer_aux,,,0.17927,0.382214
hbm,extend,CPU control,nvtx,30538490,30682205,30538490,30682205,,,,echo/hbm/extend_annotated/layer_1/indexer_qk/call_29,,,,indexer_qk,layer_1,indexer_qk,,,0.235408,0.379123
hbm,extend,CPU control,nvtx,30698826,30830384,30698826,30830384,,,,echo/hbm/extend_annotated/layer_1/exact_topk/call_30,,,,exact_topk,layer_1,exact_topk,,,0.395744,0.527302
hbm,extend,CPU control,nvtx,30847703,30934177,30847703,30934177,,,,echo/hbm/extend_annotated/layer_1/cache_write/call_31,,,,cache_write,layer_1,cache_write,,,0.544621,0.631095
hbm,extend,CPU control,nvtx,30948654,31058658,30948654,31058658,,,,echo/hbm/extend_annotated/layer_1/sparse_mla_aux/call_32,,,,sparse_mla_aux,layer_1,sparse_mla_aux,,,0.645572,0.755576
hbm,extend,CPU control,nvtx,30993991,31056732,30993991,31056732,,,,echo/hbm/extend_annotated/layer_1/mla_qk_pv/call_33,,,,mla_qk_pv,layer_1,mla_qk_pv,,,0.690909,0.75365
hbm,extend,CPU control,nvtx,31070815,31237820,31070815,31237820,,,,echo/hbm/extend_annotated/layer_1/attention_output/call_34,,,,attention_output,layer_1,attention_output,,,0.767733,0.934738
hbm,extend,CPU control,nvtx,31086553,31175898,31086553,31175898,,,,echo/hbm/extend_annotated/layer_1/compute_graph_value_expansion/call_35,,,,compute_graph_value_expansion,layer_1,compute_graph_value_expansion,,,0.783471,0.872816
hbm,extend,CPU control,nvtx,31123844,31169818,31123844,31169818,,,,echo/hbm/extend_annotated/layer_1/v_expand/call_36,,,,v_expand,layer_1,v_expand,,,0.820762,0.866736
hbm,extend,CPU control,nvtx,31191366,31235629,31191366,31235629,,,,echo/hbm/extend_annotated/layer_1/compute_graph_finish_layer_1_q_128/call_37,,,,compute_graph_finish_layer_1_q_128,layer_1,compute_graph_finish_layer_1_q_128,,,0.888284,0.932547
hbm,extend,CPU control,nvtx,31266849,31271871,31266849,31271871,,,,echo/hbm/extend_annotated/shared/hidden_transfer/call_38,,,,hidden_transfer,shared,hidden_transfer,,,0.963767,0.968789
hbm,extend,CPU control,nvtx,31287626,31436137,31287626,32324766,,,,echo/hbm/extend_annotated/layer_2/layer_misc/call_39,,,,layer_misc,layer_2,layer_misc,,,0.984544,1.133055
hbm,extend,CPU control,nvtx,31339175,31340474,31339175,31340474,,,,echo/hbm/extend_annotated/layer_2/offload_source_reservation/call_40,,,,offload_source_reservation,layer_2,offload_source_reservation,,,1.036093,1.037392
hbm,extend,CPU control,nvtx,31349878,31436137,31349878,31520599,,,,echo/hbm/extend_annotated/layer_2/attention_projection/call_41,,,,attention_projection,layer_2,attention_projection,,,1.046796,1.133055
hbm,extend,CPU control,nvtx,31366555,31408837,31366555,31408837,,,,echo/hbm/extend_annotated/layer_2/compute_graph_projection_inputs/call_42,,,,compute_graph_projection_inputs,layer_2,compute_graph_projection_inputs,,,1.063473,1.105755
hbm,extend,CPU control,nvtx,31421884,31436137,31421884,31518320,,,,echo/hbm/extend_annotated/layer_2/compute_graph_projection_layer_2_q_128/call_43,,,,compute_graph_projection_layer_2_q_128,layer_2,compute_graph_projection_layer_2_q_128,,,1.118802,1.133055
echo,prefill,GPU control,kernel,734339132,734339932,734339132,734339932,7,0,341870085406720,echo/echo/prefill_annotated/layer_1/compute_graph_projection_inputs/call_3869,528077,,,compute_graph_projection_inputs,layer_1,"void at::native::vectorized_elementwise_kernel<(int)2, at::native::FillFunctor<long>, std::array<char *, (unsigned long)1>>(int, T2, T3)",,,0.020512,0.021312
echo,prefill,Compute,kernel,734344508,734359356,734344508,734359356,7,0,341870085406720,echo/echo/prefill_annotated/layer_1/compute_graph_projection_layer_1_q_1024/call_3870,528083,20,85899345920,compute_graph_projection_layer_1_q_1024,layer_1,kernel_cutlass_kernel_operatorsdeepseek_v32norm_fusedLocalFusedRMSNorm_object_at__tensorptrbf16gmemalign128oi64716871681_tensorptrbf16gmemalign128oi64716871681_tensorptrf32gmemalign16o716_0,,,0.025888,0.040736
echo,prefill,Compute,kernel,734359644,734361372,734359644,734361372,7,0,341870085406720,echo/echo/prefill_annotated/layer_1/compute_graph_projection_layer_1_q_1024/call_3870,528083,20,85899345921,compute_graph_projection_layer_1_q_1024,layer_1,"void at::native::elementwise_kernel<(int)128, (int)2, void at::native::gpu_kernel_impl_nocast<at::native::CUDAFunctor_add<long>>(at::TensorIteratorBase &, const T1 &)::[lambda(int) (instance 1)]>(int, T3)",,,0.041024,0.042752
echo,prefill,Compute,kernel,734361756,734363964,734361756,734363964,7,0,341870085406720,echo/echo/prefill_annotated/layer_1/compute_graph_projection_layer_1_q_1024/call_3870,528083,20,85899345922,compute_graph_projection_layer_1_q_1024,layer_1,"void at::native::unrolled_elementwise_kernel<at::native::direct_copy_kernel_cuda(at::TensorIteratorBase &)::[lambda() (instance 3)]::operator ()() const::[lambda() (instance 7)]::operator ()() const::[lambda(float) (instance 1)], std::array<char *, (unsigned long)2>, (int)4, TrivialOffsetCalculator<(int)1, unsigned int>, TrivialOffsetCalculator<(int)1, unsigned int>, at::native::memory::LoadWithCast<(int)1>, at::native::memory::StoreWithCast<(int)1>>(int, T1, T2, T4, T5, T6, T7)",,,0.043136,0.045344
echo,prefill,Compute,kernel,734364380,734365596,734364380,734365596,7,0,341870085406720,echo/echo/prefill_annotated/layer_1/compute_graph_projection_layer_1_q_1024/call_3870,528083,20,85899345923,compute_graph_projection_layer_1_q_1024,layer_1,"void at::native::vectorized_elementwise_kernel<(int)2, at::native::CUDAFunctorOnSelf_add<long>, std::array<char *, (unsigned long)2>>(int, T2, T3)",,,0.04576,0.046976
echo,prefill,Compute,kernel,734365948,734367516,734365948,734367516,7,0,341870085406720,echo/echo/prefill_annotated/layer_1/compute_graph_projection_layer_1_q_1024/call_3870,528083,20,85899345924,compute_graph_projection_layer_1_q_1024,layer_1,"void at::native::unrolled_elementwise_kernel<at::native::direct_copy_kernel_cuda(at::TensorIteratorBase &)::[lambda() (instance 3)]::operator ()() const::[lambda() (instance 3)]::operator ()() const::[lambda(int) (instance 1)], std::array<char *, (unsigned long)2>, (int)4, TrivialOffsetCalculator<(int)1, unsigned int>, TrivialOffsetCalculator<(int)1, unsigned int>, at::native::memory::LoadWithCast<(int)1>, at::native::memory::StoreWithCast<(int)1>>(int, T1, T2, T4, T5, T6, T7)",,,0.047328,0.048896
echo,prefill,Compute,kernel,734368156,734373020,734368156,734373020,7,0,341870085406720,echo/echo/prefill_annotated/layer_1/compute_graph_projection_layer_1_q_1024/call_3870,528083,20,85899345925,q_a_proj,layer_1,activation_quantization,,,0.049536,0.0544
echo,prefill,Compute,kernel,734373404,734375420,734373404,734375420,7,0,341870085406720,echo/echo/prefill_annotated/layer_1/compute_graph_projection_layer_1_q_1024/call_3870,528083,20,85899345926,q_a_proj,layer_1,"void deep_gemm::transpose_fp32<(unsigned int)512, (unsigned int)64, (unsigned int)56, (unsigned int)128, (unsigned int)57>(const float *, float *, unsigned int)",,,0.054784,0.0568
echo,prefill,Compute,kernel,734375804,734396156,734375804,734396156,7,0,341870085406720,echo/echo/prefill_annotated/layer_1/compute_graph_projection_layer_1_q_1024/call_3870,528083,20,85899345927,q_a_proj,layer_1,"void deep_gemm::sm90_fp8_gemm_1d2d_impl<(cute::UMMA::Major)0, (unsigned int)0, (unsigned int)1536, (unsigned int)7168, (unsigned int)1, (unsigned int)128, (unsigned int)96, (unsigned int)128, (unsigned int)128, (unsigned int)128, (unsigned int)64, (unsigned int)7, (unsigned int)128, (unsigned int)256, (unsigned int)1, (bool)0, (unsigned int)132, (deep_gemm::GemmType)0, cutlass::bfloat16_t>(float *, int *, unsigned int, unsigned int, unsigned int, CUtensorMap_st, CUtensorMap_st, CUtensorMap_st, CUtensorMap_st)",,,0.057184,0.077536
echo,prefill,Compute,kernel,734397116,734399996,734397116,734399996,7,0,341870085406720,echo/echo/prefill_annotated/layer_1/compute_graph_projection_layer_1_q_1024/call_3870,528083,20,85899345928,compute_graph_projection_layer_1_q_1024,layer_1,kernel_cutlass_kernel_operatorsdeepseek_v32norm_plainLocalPlainRMSNorm_object_at__tensorptrbf16gmemalign128oi64153615361_tensorptrf32gmemalign16o15361_tensorptrbf16gmemalign128oi641536153_0,,,0.078496,0.081376
echo,prefill,Compute,kernel,734400444,734402236,734400444,734402236,7,0,341870085406720,echo/echo/prefill_annotated/layer_1/compute_graph_projection_layer_1_q_1024/call_3870,528083,20,85899345929,compute_graph_projection_layer_1_q_1024,layer_1,"void at::native::elementwise_kernel<(int)128, (int)2, void at::native::gpu_kernel_impl_nocast<at::native::BinaryFunctor<float, float, float, at::native::binary_internal::MulFunctor<float>>>(at::TensorIteratorBase &, const T1 &)::[lambda(int) (instance 1)]>(int, T3)",,,0.081824,0.083616
echo,prefill,Compute,kernel,734402684,734403484,734402684,734403484,7,0,341870085406720,echo/echo/prefill_annotated/layer_1/compute_graph_projection_layer_1_q_1024/call_3870,528083,20,85899345930,compute_graph_projection_layer_1_q_1024,layer_1,"void <unnamed>::elementwise_kernel_with_index<int, at::native::arange_cuda_out(const c10::Scalar &, const c10::Scalar &, const c10::Scalar &, at::Tensor &)::[lambda() (instance 1)]::operator ()() const::[lambda() (instance 4)]::operator ()() const::[lambda(long) (instance 1)]>(T1, T2, function_traits<T2>::result_type *)",,,0.084064,0.084864
echo,prefill,Compute,kernel,734403964,734405820,734403964,734405820,7,0,341870085406720,echo/echo/prefill_annotated/layer_1/compute_graph_projection_layer_1_q_1024/call_3870,528083,20,85899345931,compute_graph_projection_layer_1_q_1024,layer_1,"void at::native::vectorized_elementwise_kernel<(int)4, at::native::cos_kernel_cuda(at::TensorIteratorBase &)::[lambda() (instance 2)]::operator ()() const::[lambda() (instance 2)]::operator ()() const::[lambda(float) (instance 1)], std::array<char *, (unsigned long)2>>(int, T2, T3)",,,0.085344,0.0872
echo,prefill,Compute,kernel,734406428,734408284,734406428,734408284,7,0,341870085406720,echo/echo/prefill_annotated/layer_1/compute_graph_projection_layer_1_q_1024/call_3870,528083,20,85899345932,compute_graph_projection_layer_1_q_1024,layer_1,"void at::native::vectorized_elementwise_kernel<(int)4, at::native::sin_kernel_cuda(at::TensorIteratorBase &)::[lambda() (instance 2)]::operator ()() const::[lambda() (instance 2)]::operator ()() const::[lambda(float) (instance 1)], std::array<char *, (unsigned long)2>>(int, T2, T3)",,,0.087808,0.089664
echo,prefill,Compute,kernel,734408924,734410460,734408924,734410460,7,0,341870085406720,echo/echo/prefill_annotated/layer_1/compute_graph_projection_layer_1_q_1024/call_3870,528083,20,85899345933,compute_graph_projection_layer_1_q_1024,layer_1,"void at::native::<unnamed>::CatArrayBatchedCopy_vectorized<at::native::<unnamed>::OpaqueType<(unsigned int)4>, unsigned int, (int)2, (int)128, (int)1, (int)16, (int)4>(char *, at::native::<unnamed>::CatArrInputTensorMetadata<T1, T2, T4, T5>, at::native::<unnamed>::TensorSizeStride<T2, (unsigned int)4>, int, T2)",,,0.090304,0.09184
echo,prefill,Compute,kernel,734410876,734413116,734410876,734413116,7,0,341870085406720,echo/echo/prefill_annotated/layer_1/compute_graph_projection_layer_1_q_1024/call_3870,528083,20,85899345934,q_b_proj,layer_1,activation_quantization,,,0.092256,0.094496
echo,prefill,Compute,kernel,734413500,734415004,734413500,734415004,7,0,341870085406720,echo/echo/prefill_annotated/layer_1/compute_graph_projection_layer_1_q_1024/call_3870,528083,20,85899345935,q_b_proj,layer_1,"void deep_gemm::transpose_fp32<(unsigned int)512, (unsigned int)64, (unsigned int)12, (unsigned int)128, (unsigned int)13>(const float *, float *, unsigned int)",,,0.09488,0.096384
echo,prefill,Compute,kernel,734415452,734477788,734415452,734477788,7,0,341870085406720,echo/echo/prefill_annotated/layer_1/compute_graph_projection_layer_1_q_1024/call_3870,528083,20,85899345936,q_b_proj,layer_1,"void deep_gemm::sm90_fp8_gemm_1d2d_impl<(cute::UMMA::Major)0, (unsigned int)0, (unsigned int)24576, (unsigned int)1536, (unsigned int)1, (unsigned int)256, (unsigned int)128, (unsigned int)128, (unsigned int)128, (unsigned int)128, (unsigned int)128, (unsigned int)3, (unsigned int)128, (unsigned int)256, (unsigned int)2, (bool)1, (unsigned int)132, (deep_gemm::GemmType)0, cutlass::bfloat16_t>(float *, int *, unsigned int, unsigned int, unsigned int, CUtensorMap_st, CUtensorMap_st, CUtensorMap_st, CUtensorMap_st)",,,0.096832,0.159168
echo,prefill,Compute,kernel,734485500,734542716,734485500,734542716,7,0,341870085406720,echo/echo/prefill_annotated/layer_1/compute_graph_projection_layer_1_q_1024/call_3870,528083,20,85899345938,q_absorb,layer_1,nvjet_sm90_tst_256x128_64x4_1x2_h_bz_coopA_NNT,,,0.16688,0.224096
echo,prefill,Compute,kernel,734542940,734551420,734542940,734551420,7,0,341870085406720,echo/echo/prefill_annotated/layer_1/compute_graph_projection_layer_1_q_1024/call_3870,528083,20,85899345939,kv_a_proj,layer_1,activation_quantization,,,0.22432,0.2328
echo,prefill,Compute,kernel,734551804,734553788,734551804,734553788,7,0,341870085406720,echo/echo/prefill_annotated/layer_1/compute_graph_projection_layer_1_q_1024/call_3870,528083,20,85899345940,kv_a_proj,layer_1,"void deep_gemm::transpose_fp32<(unsigned int)512, (unsigned int)64, (unsigned int)56, (unsigned int)128, (unsigned int)57>(const float *, float *, unsigned int)",,,0.233184,0.235168
echo,prefill,Compute,kernel,734554204,734571036,734554204,734571036,7,0,341870085406720,echo/echo/prefill_annotated/layer_1/compute_graph_projection_layer_1_q_1024/call_3870,528083,20,85899345941,kv_a_proj,layer_1,"void deep_gemm::sm90_fp8_gemm_1d2d_impl<(cute::UMMA::Major)0, (unsigned int)0, (unsigned int)576, (unsigned int)7168, (unsigned int)1, (unsigned int)64, (unsigned int)80, (unsigned int)128, (unsigned int)128, (unsigned int)128, (unsigned int)32, (unsigned int)11, (unsigned int)128, (unsigned int)128, (unsigned int)1, (bool)0, (unsigned int)132, (deep_gemm::GemmType)0, cutlass::bfloat16_t>(float *, int *, unsigned int, unsigned int, unsigned int, CUtensorMap_st, CUtensorMap_st, CUtensorMap_st, CUtensorMap_st)",,,0.235584,0.252416
echo,prefill,Compute,kernel,734571484,734574044,734571484,734574044,7,0,341870085406720,echo/echo/prefill_annotated/layer_1/compute_graph_projection_layer_1_q_1024/call_3870,528083,20,85899345942,compute_graph_projection_layer_1_q_1024,layer_1,"void at::native::elementwise_kernel<(int)128, (int)4, void at::native::gpu_kernel_impl_nocast<at::native::direct_copy_kernel_cuda(at::TensorIteratorBase &)::[lambda() (instance 3)]::operator ()() const::[lambda() (instance 12)]::operator ()() const::[lambda(c10::BFloat16) (instance 1)]>(at::TensorIteratorBase &, const T1 &)::[lambda(int) (instance 1)]>(int, T3)",,,0.252864,0.255424
echo,prefill,Compute,kernel,734574908,734576860,734574908,734576860,7,0,341870085406720,echo/echo/prefill_annotated/layer_1/compute_graph_projection_layer_1_q_1024/call_3870,528083,20,85899345943,compute_graph_projection_layer_1_q_1024,layer_1,kernel_cutlass_kernel_operatorsdeepseek_v32norm_plainLocalPlainRMSNorm_object_at__tensorptrbf16gmemalign128oi645125121_tensorptrf32gmemalign16o5121_tensorptrbf16gmemalign128oi645125121____0,,,0.256288,0.25824
echo,prefill,Compute,kernel,734577276,734587964,734577276,734587964,7,0,341870085406720,echo/echo/prefill_annotated/layer_1/compute_graph_projection_layer_1_q_1024/call_3870,528083,20,85899345944,compute_graph_projection_layer_1_q_1024,layer_1,"void flashinfer::BatchQKApplyRotaryPosIdsCosSinCacheHeadParallelismKernel<(bool)1, (unsigned int)64, (unsigned int)8, (unsigned int)8, __nv_bfloat16, long>(T5 *, T5 *, T5 *, T5 *, float *, T6 *, unsigned int, unsigned int, unsigned int, unsigned int, unsigned long, unsigned long, unsigned long, unsigned long, unsigned long, unsigned long, unsigned long, unsigned long)",,,0.258656,0.269344
echo,prefill,Compute,kernel,734588220,734591868,734588220,734591868,7,0,341870085406720,echo/echo/prefill_annotated/layer_1/compute_graph_projection_layer_1_q_1024/call_3870,528083,20,85899345945,index_q_proj,layer_1,activation_quantization,,,0.2696,0.273248
echo,prefill,Compute,kernel,734592252,734593724,734592252,734593724,7,0,341870085406720,echo/echo/prefill_annotated/layer_1/compute_graph_projection_layer_1_q_1024/call_3870,528083,20,85899345946,index_q_proj,layer_1,"void deep_gemm::transpose_fp32<(unsigned int)512, (unsigned int)64, (unsigned int)12, (unsigned int)128, (unsigned int)13>(const float *, float *, unsigned int)",,,0.273632,0.275104
echo,prefill,Compute,kernel,734594172,734618396,734594172,734618396,7,0,341870085406720,echo/echo/prefill_annotated/layer_1/compute_graph_projection_layer_1_q_1024/call_3870,528083,20,85899345947,index_q_proj,layer_1,"void deep_gemm::sm90_fp8_gemm_1d2d_impl<(cute::UMMA::Major)0, (unsigned int)0, (unsigned int)8192, (unsigned int)1536, (unsigned int)1, (unsigned int)256, (unsigned int)128, (unsigned int)128, (unsigned int)128, (unsigned int)128, (unsigned int)128, (unsigned int)3, (unsigned int)128, (unsigned int)256, (unsigned int)2, (bool)1, (unsigned int)132, (deep_gemm::GemmType)0, cutlass::bfloat16_t>(float *, int *, unsigned int, unsigned int, unsigned int, CUtensorMap_st, CUtensorMap_st, CUtensorMap_st, CUtensorMap_st)",,,0.275552,0.299776
echo,prefill,Compute,kernel,734619228,734626300,734619228,734626300,7,0,341870085406720,echo/echo/prefill_annotated/layer_1/compute_graph_projection_layer_1_q_1024/call_3870,528083,20,85899345948,index_k_proj,layer_1,activation_quantization,,,0.300608,0.30768
echo,prefill,Compute,kernel,734626876,734628828,734626876,734628828,7,0,341870085406720,echo/echo/prefill_annotated/layer_1/compute_graph_projection_layer_1_q_1024/call_3870,528083,20,85899345949,index_k_proj,layer_1,"void deep_gemm::transpose_fp32<(unsigned int)512, (unsigned int)64, (unsigned int)56, (unsigned int)128, (unsigned int)57>(const float *, float *, unsigned int)",,,0.308256,0.310208
echo,prefill,Compute,kernel,734629212,734638716,734629212,734638716,7,0,341870085406720,echo/echo/prefill_annotated/layer_1/compute_graph_projection_layer_1_q_1024/call_3870,528083,20,85899345950,index_k_proj,layer_1,"void deep_gemm::sm90_fp8_gemm_1d2d_impl<(cute::UMMA::Major)0, (unsigned int)0, (unsigned int)128, (unsigned int)7168, (unsigned int)1, (unsigned int)64, (unsigned int)16, (unsigned int)128, (unsigned int)128, (unsigned int)128, (unsigned int)32, (unsigned int)16, (unsigned int)128, (unsigned int)128, (unsigned int)1, (bool)0, (unsigned int)132, (deep_gemm::GemmType)0, cutlass::bfloat16_t>(float *, int *, unsigned int, unsigned int, unsigned int, CUtensorMap_st, CUtensorMap_st, CUtensorMap_st, CUtensorMap_st)",,,0.310592,0.320096
echo,prefill,Compute,kernel,734639132,734641948,734639132,734641948,7,0,341870085406720,echo/echo/prefill_annotated/layer_1/compute_graph_projection_layer_1_q_1024/call_3870,528083,20,85899345951,compute_graph_projection_layer_1_q_1024,layer_1,"void at::native::unrolled_elementwise_kernel<at::native::direct_copy_kernel_cuda(at::TensorIteratorBase &)::[lambda() (instance 3)]::operator ()() const::[lambda() (instance 7)]::operator ()() const::[lambda(float) (instance 1)], std::array<char *, (unsigned long)2>, (int)4, TrivialOffsetCalculator<(int)1, unsigned int>, TrivialOffsetCalculator<(int)1, unsigned int>, at::native::memory::LoadWithCast<(int)1>, at::native::memory::StoreWithCast<(int)1>>(int, T1, T2, T4, T5, T6, T7)",,,0.320512,0.323328
echo,prefill,Compute,kernel,734642588,734646076,734642588,734646076,7,0,341870085406720,echo/echo/prefill_annotated/layer_1/compute_graph_projection_layer_1_q_1024/call_3870,528083,20,85899345952,compute_graph_projection_layer_1_q_1024,layer_1,"void at::native::<unnamed>::vectorized_layer_norm_kernel<float, float, (bool)0>(int, T2, const T1 *, const T1 *, const T1 *, T2 *, T2 *, T1 *)",,,0.323968,0.327456
echo,prefill,Compute,kernel,734646524,734647804,734646524,734647804,7,0,341870085406720,echo/echo/prefill_annotated/layer_1/compute_graph_projection_layer_1_q_1024/call_3870,528083,20,85899345953,compute_graph_projection_layer_1_q_1024,layer_1,"void at::native::vectorized_elementwise_kernel<(int)8, at::native::bfloat16_copy_kernel_cuda(at::TensorIteratorBase &)::[lambda(float) (instance 1)], std::array<char *, (unsigned long)2>>(int, T2, T3)",,,0.327904,0.329184
echo,prefill,Compute,kernel,734648284,734659324,734648284,734659324,7,0,341870085406720,echo/echo/prefill_annotated/layer_1/compute_graph_projection_layer_1_q_1024/call_3870,528083,20,85899345954,compute_graph_projection_layer_1_q_1024,layer_1,"void flashinfer::BatchQKApplyRotaryPosIdsCosSinCacheHeadParallelismKernel<(bool)0, (unsigned int)128, (unsigned int)8, (unsigned int)16, __nv_bfloat16, long>(T5 *, T5 *, T5 *, T5 *, float *, T6 *, unsigned int, unsigned int, unsigned int, unsigned int, unsigned long, unsigned long, unsigned long, unsigned long, unsigned long, unsigned long, unsigned long, unsigned long)",,,0.329664,0.340704
echo,prefill,Compute,kernel,734659580,734664892,734659580,734664892,7,0,341870085406720,echo/echo/prefill_annotated/layer_1/compute_graph_projection_layer_1_q_1024/call_3870,528083,20,85899345955,compute_graph_projection_layer_1_q_1024,layer_1,quantize_kernel,,,0.34096,0.346272
echo,prefill,Compute,kernel,734665372,734666684,734665372,734666684,7,0,341870085406720,echo/echo/prefill_annotated/layer_1/compute_graph_projection_layer_1_q_1024/call_3870,528083,20,85899345956,compute_graph_projection_layer_1_q_1024,layer_1,quantize_kernel,,,0.346752,0.348064
echo,prefill,Compute,kernel,734667324,734690684,734667324,734690684,7,0,341870085406720,echo/echo/prefill_annotated/layer_1/compute_graph_projection_layer_1_q_1024/call_3870,528083,20,85899345957,compute_graph_projection_layer_1_q_1024,layer_1,"void at::native::unrolled_elementwise_kernel<at::native::direct_copy_kernel_cuda(at::TensorIteratorBase &)::[lambda() (instance 3)]::operator ()() const::[lambda() (instance 7)]::operator ()() const::[lambda(float) (instance 1)], std::array<char *, (unsigned long)2>, (int)4, TrivialOffsetCalculator<(int)1, unsigned int>, TrivialOffsetCalculator<(int)1, unsigned int>, at::native::memory::LoadWithCast<(int)1>, at::native::memory::StoreWithCast<(int)1>>(int, T1, T2, T4, T5, T6, T7)",,,0.348704,0.372064
echo,prefill,Compute,kernel,734691228,734725564,734691228,734725564,7,0,341870085406720,echo/echo/prefill_annotated/layer_1/compute_graph_projection_layer_1_q_1024/call_3870,528083,20,85899345958,index_weights_proj,layer_1,sm80_xmma_gemm_f32f32_f32f32_f32_tn_n_tilesize128x64x8_stage3_warpsize2x2x1_ffma_aligna4_alignc4_execute_kernel__5x_cublas,,,0.372608,0.406944
echo,prefill,Compute,kernel,734725948,734732668,734725948,734732668,7,0,341870085406720,echo/echo/prefill_annotated/layer_1/compute_graph_projection_layer_1_q_1024/call_3870,528083,20,85899345959,index_weights_proj,layer_1,sm80_xmma_gemm_f32f32_f32f32_f32_tn_n_tilesize128x64x8_stage3_warpsize2x2x1_ffma_aligna4_alignc4_execute_split_k_kernel__5x_cublas,,,0.407328,0.414048
echo,prefill,Compute,kernel,734733244,734734492,734733244,734734492,7,0,341870085406720,echo/echo/prefill_annotated/layer_1/compute_graph_projection_layer_1_q_1024/call_3870,528083,20,85899345960,compute_graph_projection_layer_1_q_1024,layer_1,"void at::native::vectorized_elementwise_kernel<(int)4, at::native::AUnaryFunctor<float, float, float, at::native::binary_internal::MulFunctor<float>>, std::array<char *, (unsigned long)2>>(int, T2, T3)",,,0.414624,0.415872
echo,prefill,Compute,kernel,734734876,734736668,734734876,734736668,7,0,341870085406720,echo/echo/prefill_annotated/layer_1/compute_graph_projection_layer_1_q_1024/call_3870,528083,20,85899345961,compute_graph_projection_layer_1_q_1024,layer_1,"void at::native::vectorized_elementwise_kernel<(int)4, at::native::BinaryFunctor<float, float, float, at::native::binary_internal::MulFunctor<float>>, std::array<char *, (unsigned long)3>>(int, T2, T3)",,,0.416256,0.418048
echo,prefill,Compute,kernel,734737052,734738172,734737052,734738172,7,0,341870085406720,echo/echo/prefill_annotated/layer_1/compute_graph_projection_layer_1_q_1024/call_3870,528083,20,85899345962,compute_graph_projection_layer_1_q_1024,layer_1,"void at::native::vectorized_elementwise_kernel<(int)4, at::native::AUnaryFunctor<float, float, float, at::native::binary_internal::MulFunctor<float>>, std::array<char *, (unsigned long)2>>(int, T2, T3)",,,0.418432,0.419552
echo,prefill,Compute,kernel,734738556,734741116,734738556,734741116,7,0,341870085406720,echo/echo/prefill_annotated/layer_1/compute_graph_projection_layer_1_q_1024/call_3870,528083,20,85899345963,compute_graph_projection_layer_1_q_1024,layer_1,"void at::native::<unnamed>::CatArrayBatchedCopy_vectorized<at::native::<unnamed>::OpaqueType<(unsigned int)2>, unsigned int, (int)2, (int)128, (int)1, (int)16, (int)8>(char *, at::native::<unnamed>::CatArrInputTensorMetadata<T1, T2, T4, T5>, at::native::<unnamed>::TensorSizeStride<T2, (unsigned int)4>, int, T2)",,,0.419936,0.422496
echo,prefill,GPU control,kernel,734786940,734787740,734786940,734787740,7,0,341870085406720,echo/echo/prefill_annotated/layer_1/offload_prepare/call_3873,528163,,,offload_prepare,layer_1,"void at::native::vectorized_elementwise_kernel<(int)2, at::native::FillFunctor<long>, std::array<char *, (unsigned long)1>>(int, T2, T3)",,,0.46832,0.46912
echo,prefill,Compute,kernel,735036475,736130713,735036475,736130713,7,0,341870085406720,echo/echo/prefill_annotated/layer_1/indexer_qk/call_3875,528206,,,indexer_qk,layer_1,"void deep_gemm::sm90_fp8_mqa_logits<(unsigned int)64, (unsigned int)128, (unsigned int)2, (unsigned int)256, (unsigned int)3, (unsigned int)3, (unsigned int)132, (unsigned int)128, (unsigned int)512, float>(unsigned int, unsigned int, unsigned int, unsigned int *, unsigned int *, T10 *, CUtensorMap_st, CUtensorMap_st, CUtensorMap_st, CUtensorMap_st)",,,0.717855,1.812093
echo,prefill,Compute,kernel,736132473,736133209,736132473,736133209,7,0,341870085406720,echo/echo/prefill_annotated/layer_1/indexer_qk/call_3875,528221,,,indexer_qk,layer_1,"void <unnamed>::elementwise_kernel_with_index<int, at::native::arange_cuda_out(const c10::Scalar &, const c10::Scalar &, const c10::Scalar &, at::Tensor &)::[lambda() (instance 1)]::operator ()() const::[lambda() (instance 4)]::operator ()() const::[lambda(long) (instance 1)]>(T1, T2, function_traits<T2>::result_type *)",,,1.813853,1.814589
echo,prefill,Compute,kernel,736134489,736140185,736134489,736140185,7,0,341870085406720,echo/echo/prefill_annotated/layer_1/indexer_qk/call_3875,528241,,,indexer_qk,layer_1,"void at::native::elementwise_kernel<(int)128, (int)4, void at::native::gpu_kernel_impl<at::native::<unnamed>::CompareFunctor<long>>(at::TensorIteratorBase &, const T1 &)::[lambda(int) (instance 1)]>(int, T3)",,,1.815869,1.821565
echo,prefill,Compute,kernel,736141881,736146713,736141881,736146713,7,0,341870085406720,echo/echo/prefill_annotated/layer_1/indexer_qk/call_3875,528248,,,indexer_qk,layer_1,"void at::native::elementwise_kernel<(int)128, (int)2, void at::native::gpu_kernel_impl_nocast<at::native::<unnamed>::masked_fill_kernel(at::TensorIterator &, const c10::Scalar &)::[lambda() (instance 1)]::operator ()() const::[lambda() (instance 7)]::operator ()() const::[lambda(float, bool) (instance 1)]>(at::TensorIteratorBase &, const T1 &)::[lambda(int) (instance 1)]>(int, T3)",,,1.823261,1.828093
echo,prefill,Compute,kernel,736148057,736400953,736148057,736400953,7,0,341870085406720,echo/echo/prefill_annotated/layer_1/exact_topk/call_3876,528272,,,exact_topk,layer_1,"void flashinfer::sampling::FilteredTopKUnifiedKernel<float, int, (int)4, (bool)1, (flashinfer::sampling::FilteredTopKMode)0, (flashinfer::sampling::TopKTieBreak)1, flashinfer::sampling::DirectPageTableKernelPolicy<int>, >(const T1 *, T2 *, T1 *, const T2 *, long, const T2 *, const T2 *, const T2 *, const T2 *, unsigned int, unsigned int, unsigned int, T8...)",,,1.829437,2.082333
echo,prefill,Compute,kernel,736403161,736460377,736403161,736460377,7,0,341870085406720,echo/echo/prefill_annotated/layer_1/exact_topk/call_3876,528273,,,exact_topk,layer_1,"void flashinfer::sampling::FinalizeTopKIndicesKernel<(bool)1, (flashinfer::sampling::FilteredTopKMode)0, (unsigned int)256, (unsigned int)8, float, int, flashinfer::sampling::DirectPageTableKernelPolicy<int>, >(T6 *, T5 *, const T6 *, long, const T6 *, const T6 *, unsigned int, unsigned int, T8...)",,,2.084541,2.141757
echo,prefill,Compute,kernel,736461497,736531097,736461497,736531097,7,0,341870085406720,echo/echo/prefill_annotated/layer_1/exact_topk/call_3876,528274,,,exact_topk,layer_1,"void flashinfer::sampling::StableSortTopKByValueKernel<(unsigned int)256, (unsigned int)8, int, float>(T3 *, T4 *, unsigned int, unsigned int)",,,2.142877,2.212477
echo,prefill,Compute,kernel,736532313,736534841,736532313,736534841,7,0,341870085406720,echo/echo/prefill_annotated/layer_1/exact_topk/call_3876,528279,,,exact_topk,layer_1,mask_kernel,,,2.213693,2.216221
echo,prefill,Compute,kernel,736535993,736537913,736535993,736537913,7,0,341870085406720,echo/echo/prefill_annotated/layer_1/exact_topk/call_3876,528304,,,exact_topk,layer_1,mask_count,,,2.217373,2.219293
echo,prefill,Compute,kernel,736542105,736547161,736542105,736547161,7,0,341870085406720,echo/echo/prefill_annotated/layer_1/exact_topk/call_3876,528319,,,exact_topk,layer_1,"void at::native::reduce_kernel<(int)512, (int)1, at::native::ReduceOp<float, at::native::func_wrapper_t<float, at::native::sum_functor<float, float, float>::operator ()(at::TensorIterator &)::[lambda(float, float) (instance 1)]>, unsigned int, float, (int)4, (int)4>>(T3)",,,2.223485,2.228541
echo,prefill,Compute,kernel,736548345,736549593,736548345,736549593,7,0,341870085406720,echo/echo/prefill_annotated/layer_1/exact_topk/call_3876,528328,,,exact_topk,layer_1,publish,,,2.229725,2.230973
echo,prefill,GPU control,kernel,736550937,736555641,736550937,736555641,7,0,341870085406720,echo/echo/prefill_annotated/layer_1/cache_write/call_3877,528360,,,cache_write,layer_1,"void echo_native::planned_append_kernel<uint4>(const char *, char *, int, long, const int *, const long *, int *, long *, int, int, long *, bool *, long *, unsigned long long *, int, long)",,,2.232317,2.237021
echo,prefill,GPU control,kernel,736556921,736557881,736556921,736557881,7,0,341870085406720,echo/echo/prefill_annotated/layer_1/offload_exact_recall/call_3878,528452,,,offload_exact_recall,layer_1,"echo_native::resident_union_clear(unsigned int *, long, unsigned int *)",,,2.238301,2.239261
echo,prefill,GPU control,kernel,736559097,736672408,736559097,736672408,7,0,341870085406720,echo/echo/prefill_annotated/layer_1/offload_exact_recall/call_3878,528455,,,offload_exact_recall,layer_1,"void echo_native::resident_selection_kernel<(bool)1>(const int *, int *, long, const int *, const int *, int, long *, long *, unsigned int *, unsigned int *, unsigned long long *, int, int, bool, int, int, long)",,,2.240477,2.353788
echo,prefill,Compute,kernel,736673624,737606359,736673624,737606359,7,0,341870085406720,echo/echo/prefill_annotated/layer_1/mla_qk_pv/call_3880,528489,,,mla_qk_pv,layer_1,"void sm90::prefill::sparse_fwd::sparse_attn_fwd_kernel<sm90::prefill::sparse_fwd::KernelTemplate<(int)576, (bool)0>, sm90::prefill::sparse_fwd::KernelTemplate<(int)576, (bool)0>::TmaParams<cute::tuple<int, int, int>, cute::TiledCopy<cute::Copy_Atom<cute::Copy_Traits<cute::SM90_TMA_LOAD, cute::C<(int)65536>, cute::AuxTmaParams<cute::tuple<cute::ScaledBasis<cute::C<(int)1>, (int)1>, cute::ScaledBasis<cute::C<(int)1>, (int)0>, cute::ScaledBasis<cute::C<(int)1>, (int)2>>, const cute::Layout<cute::tuple<cute::C<(int)64>, cute::C<(int)64>, cute::C<(int)1>>, cute::tuple<cute::ScaledBasis<cute::C<(int)1>, (int)1>, cute::ScaledBasis<cute::C<(int)1>, (int)0>, cute::ScaledBasis<cute::C<(int)1>, (int)2>>> &, const cute::Swizzle<(int)3, (int)4, (int)3> &>>, cutlass::bfloat16_t>, cute::Layout<cute::tuple<cute::C<(int)1>, cute::tuple<cute::tuple<cute::tuple<cute::C<(int)64>, cute::C<(int)64>>, cute::C<(int)9>>>>, cute::tuple<cute::C<(int)0>, cute::tuple<cute::tuple<cute::tuple<cute::C<(int)64>, cute::C<(int)1>>, cute::C<(int)4096>>>>>, cute::tuple<cute::C<(int)64>, cute::C<(int)576>>>>>(SparseAttnFwdParams, T2)",,,2.355004,3.287739
echo,prefill,Compute,kernel,737611127,737661815,737611127,737661815,7,0,341870085406720,echo/echo/prefill_annotated/layer_1/v_expand/call_3883,528504,,,v_expand,layer_1,nvjet_sm90_tst_128x256_64x4_1x2_h_bz_coopA_NNN,,,3.292507,3.343195
echo,prefill,Compute,kernel,737665399,737677175,737665399,737677175,7,0,341870085406720,echo/echo/prefill_annotated/layer_1/compute_graph_finish_layer_1_q_1024/call_3884,528509,23,98784247808,o_proj,layer_1,activation_quantization,,,3.346779,3.358555
echo,prefill,Compute,kernel,737677431,737681207,737677431,737681207,7,0,341870085406720,echo/echo/prefill_annotated/layer_1/compute_graph_finish_layer_1_q_1024/call_3884,528509,23,98784247809,o_proj,layer_1,"void deep_gemm::transpose_fp32<(unsigned int)512, (unsigned int)64, (unsigned int)128, (unsigned int)128, (unsigned int)129>(const float *, float *, unsigned int)",,,3.358811,3.362587
echo,prefill,Compute,kernel,737681623,737879638,737681623,737879638,7,0,341870085406720,echo/echo/prefill_annotated/layer_1/compute_graph_finish_layer_1_q_1024/call_3884,528509,23,98784247810,o_proj,layer_1,"void deep_gemm::sm90_fp8_gemm_1d2d_impl<(cute::UMMA::Major)0, (unsigned int)0, (unsigned int)7168, (unsigned int)16384, (unsigned int)1, (unsigned int)256, (unsigned int)112, (unsigned int)128, (unsigned int)128, (unsigned int)128, (unsigned int)32, (unsigned int)3, (unsigned int)128, (unsigned int)256, (unsigned int)2, (bool)1, (unsigned int)132, (deep_gemm::GemmType)0, cutlass::bfloat16_t>(float *, int *, unsigned int, unsigned int, unsigned int, CUtensorMap_st, CUtensorMap_st, CUtensorMap_st, CUtensorMap_st)",,,3.363003,3.561018
echo,prefill,Compute,kernel,737880246,737894582,737880246,737894582,7,0,341870085406720,echo/echo/prefill_annotated/layer_1/compute_graph_finish_layer_1_q_1024/call_3884,528509,23,98784247811,compute_graph_finish_layer_1_q_1024,layer_1,kernel_cutlass_kernel_operatorsdeepseek_v32norm_fusedLocalFusedRMSNorm_object_at__tensorptrbf16gmemalign128oi64716871681_tensorptrbf16gmemalign128oi64716871681_tensorptrf32gmemalign16o716_0,,,3.561626,3.575962
echo,prefill,Compute,kernel,737894870,737899766,737894870,737899766,7,0,341870085406720,echo/echo/prefill_annotated/layer_1/compute_graph_finish_layer_1_q_1024/call_3884,528509,23,98784247812,mlp_gate,layer_1,activation_quantization,,,3.57625,3.581146
echo,prefill,Compute,kernel,737900182,737902166,737900182,737902166,7,0,341870085406720,echo/echo/prefill_annotated/layer_1/compute_graph_finish_layer_1_q_1024/call_3884,528509,23,98784247813,mlp_gate,layer_1,"void deep_gemm::transpose_fp32<(unsigned int)512, (unsigned int)64, (unsigned int)56, (unsigned int)128, (unsigned int)57>(const float *, float *, unsigned int)",,,3.581562,3.583546
echo,prefill,Compute,kernel,737902614,738124630,737902614,738124630,7,0,341870085406720,echo/echo/prefill_annotated/layer_1/compute_graph_finish_layer_1_q_1024/call_3884,528509,23,98784247814,mlp_gate,layer_1,"void deep_gemm::sm90_fp8_gemm_1d2d_impl<(cute::UMMA::Major)0, (unsigned int)0, (unsigned int)18432, (unsigned int)7168, (unsigned int)1, (unsigned int)256, (unsigned int)112, (unsigned int)128, (unsigned int)128, (unsigned int)128, (unsigned int)32, (unsigned int)3, (unsigned int)128, (unsigned int)256, (unsigned int)2, (bool)1, (unsigned int)132, (deep_gemm::GemmType)0, cutlass::bfloat16_t>(float *, int *, unsigned int, unsigned int, unsigned int, CUtensorMap_st, CUtensorMap_st, CUtensorMap_st, CUtensorMap_st)",,,3.583994,3.80601
echo,prefill,Compute,kernel,738124918,738127350,738124918,738127350,7,0,341870085406720,echo/echo/prefill_annotated/layer_1/compute_graph_finish_layer_1_q_1024/call_3884,528509,23,98784247815,mlp_up,layer_1,"void deep_gemm::transpose_fp32<(unsigned int)512, (unsigned int)64, (unsigned int)56, (unsigned int)128, (unsigned int)57>(const float *, float *, unsigned int)",,,3.806298,3.80873
echo,prefill,Compute,kernel,738127926,738350006,738127926,738350006,7,0,341870085406720,echo/echo/prefill_annotated/layer_1/compute_graph_finish_layer_1_q_1024/call_3884,528509,23,98784247816,mlp_up,layer_1,"void deep_gemm::sm90_fp8_gemm_1d2d_impl<(cute::UMMA::Major)0, (unsigned int)0, (unsigned int)18432, (unsigned int)7168, (unsigned int)1, (unsigned int)256, (unsigned int)112, (unsigned int)128, (unsigned int)128, (unsigned int)128, (unsigned int)32, (unsigned int)3, (unsigned int)128, (unsigned int)256, (unsigned int)2, (bool)1, (unsigned int)132, (deep_gemm::GemmType)0, cutlass::bfloat16_t>(float *, int *, unsigned int, unsigned int, unsigned int, CUtensorMap_st, CUtensorMap_st, CUtensorMap_st, CUtensorMap_st)",,,3.809306,4.031386
echo,prefill,Compute,kernel,738350614,738379542,738350614,738379542,7,0,341870085406720,echo/echo/prefill_annotated/layer_1/compute_graph_finish_layer_1_q_1024/call_3884,528509,23,98784247817,compute_graph_finish_layer_1_q_1024,layer_1,"void flashinfer::activation::act_and_mul_kernel<__nv_bfloat16, &silu>(T1 *, const T1 *, int)",,,4.031994,4.060922
echo,prefill,Compute,kernel,738379798,738393526,738379798,738393526,7,0,341870085406720,echo/echo/prefill_annotated/layer_1/compute_graph_finish_layer_1_q_1024/call_3884,528509,23,98784247818,mlp_down,layer_1,activation_quantization,,,4.061178,4.074906
echo,prefill,Compute,kernel,738393878,738397974,738393878,738397974,7,0,341870085406720,echo/echo/prefill_annotated/layer_1/compute_graph_finish_layer_1_q_1024/call_3884,528509,23,98784247819,mlp_down,layer_1,"void deep_gemm::transpose_fp32<(unsigned int)512, (unsigned int)64, (unsigned int)144, (unsigned int)128, (unsigned int)145>(const float *, float *, unsigned int)",,,4.075258,4.079354
echo,prefill,Compute,kernel,738398422,738618613,738398422,738618613,7,0,341870085406720,echo/echo/prefill_annotated/layer_1/compute_graph_finish_layer_1_q_1024/call_3884,528509,23,98784247820,mlp_down,layer_1,"void deep_gemm::sm90_fp8_gemm_1d2d_impl<(cute::UMMA::Major)0, (unsigned int)0, (unsigned int)7168, (unsigned int)18432, (unsigned int)1, (unsigned int)256, (unsigned int)112, (unsigned int)128, (unsigned int)128, (unsigned int)128, (unsigned int)32, (unsigned int)3, (unsigned int)128, (unsigned int)256, (unsigned int)2, (bool)1, (unsigned int)132, (deep_gemm::GemmType)0, cutlass::bfloat16_t>(float *, int *, unsigned int, unsigned int, unsigned int, CUtensorMap_st, CUtensorMap_st, CUtensorMap_st, CUtensorMap_st)",,,4.079802,4.299993
echo,prefill,GPU control,memcpy,734321180,734328220,734321180,734328220,7,0,341870085406720,echo/echo/prefill_annotated/layer_1/compute_graph_projection_inputs/call_3869,528060,0,,compute_graph_projection_inputs,layer_1,Device-to-Device,Device-to-Device,14680064,0.00256,0.0096
echo,prefill,GPU control,memcpy,734329724,734337820,734329724,734337820,7,0,341870085406720,echo/echo/prefill_annotated/layer_1/compute_graph_projection_inputs/call_3869,528068,0,,compute_graph_projection_inputs,layer_1,Device-to-Device,Device-to-Device,14680064,0.011104,0.0192
echo,prefill,GPU control,memcpy,734744572,734746044,734744572,734746044,7,0,341870085406720,echo/echo/prefill_annotated/layer_1/compute_graph_owned_writeback_source/call_3871,528094,0,,compute_graph_owned_writeback_source,layer_1,Device-to-Device,Device-to-Device,1179648,0.425952,0.427424
echo,prefill,GPU control,memcpy,734747356,734748892,734747356,734748892,7,0,341870085406720,echo/echo/prefill_annotated/layer_1/index_cache_write/call_3872,528100,0,,index_cache_write,layer_1,Device-to-Device,Device-to-Device,131072,0.428736,0.430272
echo,prefill,GPU control,memcpy,734750044,734751164,734750044,734751164,7,0,341870085406720,echo/echo/prefill_annotated/layer_1/index_cache_write/call_3872,528108,0,,index_cache_write,layer_1,Device-to-Device,Device-to-Device,4096,0.431424,0.432544
echo,prefill,IO,memcpy,734753052,734753788,734753052,734753788,7,0,341870085406720,echo/echo/prefill_annotated/layer_1/offload_prepare/call_3873,528152,0,,offload_prepare,layer_1,Host-to-Device,Host-to-Device,8,0.434432,0.435168
echo,prefill,IO,memcpy,734803196,734803996,734803196,734803996,7,0,341870085406720,echo/echo/prefill_annotated/layer_1/offload_prepare/call_3873,528174,0,,offload_prepare,layer_1,Host-to-Device,Host-to-Device,8,0.484576,0.485376
echo,prefill,IO,memcpy,736560153,736586713,736560153,736586713,33,0,341870085406720,echo/echo/prefill_annotated/layer_1/cache_write/call_3877,528407,0,,cache_write,layer_1,Device-to-Host,Device-to-Host,1179648,2.241533,2.268093
echo,prefill,GPU control,memset,734479452,734480252,734479452,734480252,7,0,341870085406720,echo/echo/prefill_annotated/layer_1/compute_graph_projection_layer_1_q_1024/call_3870,528083,0,85899345937,q_absorb,layer_1,memset,,4,0.160832,0.161632
echo,prefill,GPU control,memset,736539449,736540185,736539449,736540185,7,0,341870085406720,echo/echo/prefill_annotated/layer_1/exact_topk/call_3876,528316,0,,exact_topk,layer_1,memset,,4,2.220829,2.221565
echo,prefill,GPU control,memset,737607991,737609111,737607991,737609111,7,0,341870085406720,echo/echo/prefill_annotated/layer_1/v_expand/call_3883,528503,0,,v_expand,layer_1,memset,,4,3.289371,3.290491
echo,prefill,CPU CUDA API,api,734318620,734759424,732205758,734759424,,,,echo/echo/prefill_annotated/layer_1/offload_prepare/call_3873,528153,,,offload_prepare,layer_1,cudaStreamSynchronize_v3020,,,0.0,0.440804
echo,prefill,CPU CUDA API,api,734779296,734785772,734779296,734785772,,,,echo/echo/prefill_annotated/layer_1/offload_prepare/call_3873,528163,,,offload_prepare,layer_1,cudaLaunchKernel_v7000,,,0.460676,0.467152
echo,prefill,CPU CUDA API,api,734796305,734796610,734796305,734796610,,,,echo/echo/prefill_annotated/layer_1/offload_prepare/call_3873,528172,,,offload_prepare,layer_1,cudaStreamIsCapturing_v10000,,,0.477685,0.47799
echo,prefill,CPU CUDA API,api,734797174,734801836,734797174,734801836,,,,echo/echo/prefill_annotated/layer_1/offload_prepare/call_3873,528174,,,offload_prepare,layer_1,cudaMemcpyAsync_v3020,,,0.478554,0.483216
echo,prefill,CPU CUDA API,api,734802054,734807705,734802054,734807705,,,,echo/echo/prefill_annotated/layer_1/offload_prepare/call_3873,528175,,,offload_prepare,layer_1,cudaStreamSynchronize_v3020,,,0.483434,0.489085
echo,prefill,CPU CUDA API,api,735052869,735058465,735052869,735058465,,,,echo/echo/prefill_annotated/layer_1/indexer_qk/call_3875,528221,,,indexer_qk,layer_1,cudaLaunchKernel_v7000,,,0.734249,0.739845
echo,prefill,CPU CUDA API,api,735083329,735088247,735083329,735088247,,,,echo/echo/prefill_annotated/layer_1/indexer_qk/call_3875,528241,,,indexer_qk,layer_1,cudaLaunchKernel_v7000,,,0.764709,0.769627
echo,prefill,CPU CUDA API,api,735098718,735103311,735098718,735103311,,,,echo/echo/prefill_annotated/layer_1/indexer_qk/call_3875,528248,,,indexer_qk,layer_1,cudaLaunchKernel_v7000,,,0.780098,0.784691
echo,prefill,CPU CUDA API,api,735172531,735177528,735172531,735177528,,,,echo/echo/prefill_annotated/layer_1/exact_topk/call_3876,528272,,,exact_topk,layer_1,cudaLaunchKernel_v7000,,,0.853911,0.858908
echo,prefill,CPU CUDA API,api,735177961,735181734,735177961,735181734,,,,echo/echo/prefill_annotated/layer_1/exact_topk/call_3876,528273,,,exact_topk,layer_1,cudaLaunchKernel_v7000,,,0.859341,0.863114
echo,prefill,CPU CUDA API,api,735182319,735185864,735182319,735185864,,,,echo/echo/prefill_annotated/layer_1/exact_topk/call_3876,528274,,,exact_topk,layer_1,cudaLaunchKernel_v7000,,,0.863699,0.867244
echo,prefill,CPU CUDA API,api,735301230,735307444,735301230,735307444,,,,echo/echo/prefill_annotated/layer_1/exact_topk/call_3876,528316,,,exact_topk,layer_1,cudaMemsetAsync_v3020,,,0.98261,0.988824
echo,prefill,CPU CUDA API,api,735309118,735314147,735309118,735314147,,,,echo/echo/prefill_annotated/layer_1/exact_topk/call_3876,528319,,,exact_topk,layer_1,cudaLaunchKernel_v7000,,,0.990498,0.995527
echo,prefill,CPU CUDA API,api,735367785,735368395,735367785,735368395,,,,echo/echo/prefill_annotated/layer_1/cache_write/call_3877,528333,,,cache_write,layer_1,cudaStreamIsCapturing_v10000,,,1.049165,1.049775
echo,prefill,CPU CUDA API,api,735376333,735376632,735376333,735376632,,,,echo/echo/prefill_annotated/layer_1/cache_write/call_3877,528337,,,cache_write,layer_1,cudaStreamIsCapturing_v10000,,,1.057713,1.058012
echo,prefill,CPU CUDA API,api,735379847,735380101,735379847,735380101,,,,echo/echo/prefill_annotated/layer_1/cache_write/call_3877,528341,,,cache_write,layer_1,cudaStreamIsCapturing_v10000,,,1.061227,1.061481
echo,prefill,CPU CUDA API,api,735389497,735389758,735389497,735389758,,,,echo/echo/prefill_annotated/layer_1/cache_write/call_3877,528348,,,cache_write,layer_1,cudaStreamIsCapturing_v10000,,,1.070877,1.071138
echo,prefill,CPU CUDA API,api,735457781,735463869,735457781,735463869,,,,echo/echo/prefill_annotated/layer_1/cache_write/call_3877,528360,,,cache_write,layer_1,cudaLaunchKernel_v7000,,,1.139161,1.145249
echo,prefill,CPU CUDA API,api,735474541,735478641,735474541,735478641,,,,echo/echo/prefill_annotated/layer_1/cache_write/call_3877,528363,,,cache_write,layer_1,cudaEventQuery_v3020,,,1.155921,1.160021
echo,prefill,CPU CUDA API,api,735480534,735481568,735480534,735481568,,,,echo/echo/prefill_annotated/layer_1/cache_write/call_3877,528365,,,cache_write,layer_1,cudaEventDestroy_v3020,,,1.161914,1.162948
echo,prefill,CPU CUDA API,api,735484028,735486625,735484028,735486625,,,,echo/echo/prefill_annotated/layer_1/cache_write/call_3877,528370,,,cache_write,layer_1,cudaEventRecord_v3020,,,1.165408,1.168005
echo,prefill,CPU CUDA API,api,735498337,735499880,735498337,735499880,,,,echo/echo/prefill_annotated/layer_1/cache_write/call_3877,528375,,,cache_write,layer_1,cudaEventCreateWithFlags_v3020,,,1.179717,1.18126
echo,prefill,CPU CUDA API,api,735501245,735501518,735501245,735501518,,,,echo/echo/prefill_annotated/layer_1/cache_write/call_3877,528380,,,cache_write,layer_1,cudaStreamIsCapturing_v10000,,,1.182625,1.182898
echo,prefill,CPU CUDA API,api,735501880,735503452,735501880,735503452,,,,echo/echo/prefill_annotated/layer_1/cache_write/call_3877,528381,,,cache_write,layer_1,cudaEventRecordWithFlags_v11010,,,1.18326,1.184832
echo,prefill,CPU CUDA API,api,735505632,735505874,735505632,735505874,,,,echo/echo/prefill_annotated/layer_1/cache_write/call_3877,528386,,,cache_write,layer_1,cudaStreamIsCapturing_v10000,,,1.187012,1.187254
echo,prefill,CPU CUDA API,api,735506227,735508508,735506227,735508508,,,,echo/echo/prefill_annotated/layer_1/cache_write/call_3877,528387,,,cache_write,layer_1,cudaStreamWaitEvent_v3020,,,1.187607,1.189888
echo,prefill,CPU CUDA API,api,735509877,735510225,735509877,735510225,,,,echo/echo/prefill_annotated/layer_1/cache_write/call_3877,528391,,,cache_write,layer_1,cudaEventDestroy_v3020,,,1.191257,1.191605
echo,prefill,CPU CUDA API,api,735547719,735548083,735547719,735548083,,,,echo/echo/prefill_annotated/layer_1/cache_write/call_3877,528405,,,cache_write,layer_1,cudaStreamIsCapturing_v10000,,,1.229099,1.229463
echo,prefill,CPU CUDA API,api,735548731,735559824,735548731,735559824,,,,echo/echo/prefill_annotated/layer_1/cache_write/call_3877,528407,,,cache_write,layer_1,cudaMemcpyAsync_v3020,,,1.230111,1.241204
echo,prefill,CPU CUDA API,api,735568200,735568861,735568200,735568861,,,,echo/echo/prefill_annotated/layer_1/cache_write/call_3877,528411,,,cache_write,layer_1,cudaEventCreateWithFlags_v3020,,,1.24958,1.250241
echo,prefill,CPU CUDA API,api,735570178,735570418,735570178,735570418,,,,echo/echo/prefill_annotated/layer_1/cache_write/call_3877,528416,,,cache_write,layer_1,cudaStreamIsCapturing_v10000,,,1.251558,1.251798
echo,prefill,CPU CUDA API,api,735570637,735571686,735570637,735571686,,,,echo/echo/prefill_annotated/layer_1/cache_write/call_3877,528417,,,cache_write,layer_1,cudaEventRecordWithFlags_v11010,,,1.252017,1.253066
echo,prefill,CPU CUDA API,api,735614557,735614909,735614557,735614909,,,,echo/echo/prefill_annotated/layer_1/offload_exact_recall/call_3878,528427,,,offload_exact_recall,layer_1,cudaStreamIsCapturing_v10000,,,1.295937,1.296289
echo,prefill,CPU CUDA API,api,735617960,735618214,735617960,735618214,,,,echo/echo/prefill_annotated/layer_1/offload_exact_recall/call_3878,528431,,,offload_exact_recall,layer_1,cudaStreamIsCapturing_v10000,,,1.29934,1.299594
echo,prefill,CPU CUDA API,api,735620832,735621074,735620832,735621074,,,,echo/echo/prefill_annotated/layer_1/offload_exact_recall/call_3878,528435,,,offload_exact_recall,layer_1,cudaStreamIsCapturing_v10000,,,1.302212,1.302454
echo,prefill,CPU CUDA API,api,735627983,735630776,735627983,735630776,,,,echo/echo/prefill_annotated/layer_1/offload_exact_recall/call_3878,528439,,,offload_exact_recall,layer_1,cudaEventQuery_v3020,,,1.309363,1.312156
echo,prefill,CPU CUDA API,api,735675837,735682615,735675837,735682615,,,,echo/echo/prefill_annotated/layer_1/offload_exact_recall/call_3878,528452,,,offload_exact_recall,layer_1,cudaLaunchKernel_v7000,,,1.357217,1.363995
echo,prefill,CPU CUDA API,api,735683699,735688084,735683699,735688084,,,,echo/echo/prefill_annotated/layer_1/offload_exact_recall/call_3878,528455,,,offload_exact_recall,layer_1,cudaLaunchKernel_v7000,,,1.365079,1.369464
echo,prefill,CPU CUDA API,api,735800206,735801232,735800206,735801232,,,,echo/echo/prefill_annotated/layer_1/mla_qk_pv/call_3880,528483,,,mla_qk_pv,layer_1,cudaGetDriverEntryPointByVersion_v12050,,,1.481586,1.482612
echo,prefill,CPU CUDA API,api,735802526,735802794,735802526,735802794,,,,echo/echo/prefill_annotated/layer_1/mla_qk_pv/call_3880,528485,,,mla_qk_pv,layer_1,cudaGetDriverEntryPointByVersion_v12050,,,1.483906,1.484174
echo,prefill,CPU CUDA API,api,735808499,735846699,735808499,735846699,,,,echo/echo/prefill_annotated/layer_1/mla_qk_pv/call_3880,528489,,,mla_qk_pv,layer_1,cudaLaunchKernelExC_v11060,,,1.489879,1.528079
echo,prefill,CPU CUDA API,api,735960131,735967443,735960131,735967443,,,,echo/echo/prefill_annotated/layer_1/v_expand/call_3883,528503,,,v_expand,layer_1,cudaMemsetAsync_v3020,,,1.641511,1.648823
echo,prefill,CPU CUDA API,api,736005534,736039244,736005534,736039244,,,,echo/echo/prefill_annotated/layer_1/compute_graph_finish_layer_1_q_1024/call_3884,528509,,,compute_graph_finish_layer_1_q_1024,layer_1,cudaGraphLaunch_v10000,,,1.686914,1.720624
echo,prefill,CPU CUDA API,api,736055613,736056663,736055613,736056663,,,,echo/echo/prefill_annotated/layer_1/layer_misc/call_3866,528514,,,layer_misc,layer_1,cudaEventDestroy_v3020,,,1.736993,1.738043
echo,prefill,CPU CUDA API,api,736058674,736059825,736058674,736059825,,,,echo/echo/prefill_annotated/layer_1/layer_misc/call_3866,528518,,,layer_misc,layer_1,cudaEventCreateWithFlags_v3020,,,1.740054,1.741205
echo,prefill,CPU CUDA API,api,736061182,736061553,736061182,736061553,,,,echo/echo/prefill_annotated/layer_1/layer_misc/call_3866,528523,,,layer_misc,layer_1,cudaStreamIsCapturing_v10000,,,1.742562,1.742933
echo,prefill,CPU CUDA API,api,736061859,736063879,736061859,736063879,,,,echo/echo/prefill_annotated/layer_1/layer_misc/call_3866,528524,,,layer_misc,layer_1,cudaEventRecordWithFlags_v11010,,,1.743239,1.745259
echo,prefill,CPU CUDA API,api,736157016,736157349,736157016,736157349,,,,echo/echo/prefill_annotated/layer_2/layer_misc/call_3886,528533,,,layer_misc,layer_2,cudaStreamIsCapturing_v10000,,,1.838396,1.838729
echo,prefill,CPU CUDA API,api,736160667,736160910,736160667,736160910,,,,echo/echo/prefill_annotated/layer_2/layer_misc/call_3886,528537,,,layer_misc,layer_2,cudaStreamIsCapturing_v10000,,,1.842047,1.84229
echo,prefill,CPU CUDA API,api,736163175,736163415,736163175,736163415,,,,echo/echo/prefill_annotated/layer_2/layer_misc/call_3886,528541,,,layer_misc,layer_2,cudaStreamIsCapturing_v10000,,,1.844555,1.844795
echo,prefill,CPU CUDA API,api,736186627,736186917,736186627,736186917,,,,echo/echo/prefill_annotated/layer_2/offload_source_reservation/call_3887,528546,,,offload_source_reservation,layer_2,cudaStreamIsCapturing_v10000,,,1.868007,1.868297
echo,prefill,CPU CUDA API,api,736189130,736189398,736189130,736189398,,,,echo/echo/prefill_annotated/layer_2/offload_source_reservation/call_3887,528550,,,offload_source_reservation,layer_2,cudaStreamIsCapturing_v10000,,,1.87051,1.870778
echo,prefill,CPU CUDA API,api,736192219,736192480,736192219,736192480,,,,echo/echo/prefill_annotated/layer_2/offload_source_reservation/call_3887,528554,,,offload_source_reservation,layer_2,cudaStreamIsCapturing_v10000,,,1.873599,1.87386
echo,prefill,CPU CUDA API,api,736195135,736197683,736195135,736197683,,,,echo/echo/prefill_annotated/layer_2/offload_source_reservation/call_3887,528555,,,offload_source_reservation,layer_2,cudaEventQuery_v3020,,,1.876515,1.879063
echo,prefill,CPU CUDA API,api,736232370,736246493,736232370,736246493,,,,echo/echo/prefill_annotated/layer_2/compute_graph_projection_inputs/call_3889,528559,,,compute_graph_projection_inputs,layer_2,cudaMemcpyAsync_v3020,,,1.91375,1.927873
echo,prefill,CPU CUDA API,api,736251714,736257172,736251714,736257172,,,,echo/echo/prefill_annotated/layer_2/compute_graph_projection_inputs/call_3889,528567,,,compute_graph_projection_inputs,layer_2,cudaMemcpyAsync_v3020,,,1.933094,1.938552
echo,prefill,CPU CUDA API,api,736265353,736271316,736265353,736271316,,,,echo/echo/prefill_annotated/layer_2/compute_graph_projection_inputs/call_3889,528576,,,compute_graph_projection_inputs,layer_2,cudaLaunchKernel_v7000,,,1.946733,1.952696
echo,prefill,CPU CUDA API,api,736290009,736361883,736290009,736361883,,,,echo/echo/prefill_annotated/layer_2/compute_graph_projection_layer_2_q_1024/call_3890,528582,,,compute_graph_projection_layer_2_q_1024,layer_2,cudaGraphLaunch_v10000,,,1.971389,2.043263
echo,prefill,CPU CUDA API,api,736385726,736392549,736385726,736392549,,,,echo/echo/prefill_annotated/layer_2/compute_graph_owned_writeback_source/call_3891,528593,,,compute_graph_owned_writeback_source,layer_2,cudaMemcpyAsync_v3020,,,2.067106,2.073929
echo,prefill,CPU CUDA API,api,736423844,736429741,736423844,736429741,,,,echo/echo/prefill_annotated/layer_2/index_cache_write/call_3892,528599,,,index_cache_write,layer_2,cudaMemcpyAsync_v3020,,,2.105224,2.111121
echo,prefill,CPU CUDA API,api,736436427,736441326,736436427,736441326,,,,echo/echo/prefill_annotated/layer_2/index_cache_write/call_3892,528607,,,index_cache_write,layer_2,cudaMemcpyAsync_v3020,,,2.117807,2.122706
echo,prefill,CPU CUDA API,api,736446346,736446697,736446346,736446697,,,,echo/echo/prefill_annotated/layer_2/index_cache_write/call_3892,528616,,,index_cache_write,layer_2,cudaStreamIsCapturing_v10000,,,2.127726,2.128077
echo,prefill,CPU CUDA API,api,736464004,736464380,736464004,736464380,,,,echo/echo/prefill_annotated/layer_2/offload_prepare/call_3893,528620,,,offload_prepare,layer_2,cudaStreamIsCapturing_v10000,,,2.145384,2.14576
echo,prefill,CPU CUDA API,api,736466921,736467184,736466921,736467184,,,,echo/echo/prefill_annotated/layer_2/offload_prepare/call_3893,528624,,,offload_prepare,layer_2,cudaStreamIsCapturing_v10000,,,2.148301,2.148564
echo,prefill,CPU CUDA API,api,736470021,736470270,736470021,736470270,,,,echo/echo/prefill_annotated/layer_2/offload_prepare/call_3893,528628,,,offload_prepare,layer_2,cudaStreamIsCapturing_v10000,,,2.151401,2.15165
echo,prefill,CPU CUDA API,api,736472800,736473061,736472800,736473061,,,,echo/echo/prefill_annotated/layer_2/offload_prepare/call_3893,528632,,,offload_prepare,layer_2,cudaStreamIsCapturing_v10000,,,2.15418,2.154441
echo,prefill,CPU CUDA API,api,736496653,736496975,736496653,736496975,,,,echo/echo/prefill_annotated/layer_2/offload_prepare/call_3893,528649,,,offload_prepare,layer_2,cudaStreamIsCapturing_v10000,,,2.178033,2.178355
echo,prefill,CPU CUDA API,api,736497553,736504895,736497553,736504895,,,,echo/echo/prefill_annotated/layer_2/offload_prepare/call_3893,528651,,,offload_prepare,layer_2,cudaMemcpyAsync_v3020,,,2.178933,2.186275
echo,prefill,CPU CUDA API,api,736505329,738618613,736505329,739059929,,,,echo/echo/prefill_annotated/layer_2/offload_prepare/call_3893,528652,,,offload_prepare,layer_2,cudaStreamSynchronize_v3020,,,2.186709,4.299993
echo,prefill,CPU CUDA API,api,734778839,734779090,734778839,734779090,,,,echo/echo/prefill_annotated/layer_1/offload_prepare/call_3873,528162,,,offload_prepare,layer_1,cuKernelGetName,,,0.460219,0.46047
echo,prefill,CPU CUDA API,api,735013393,735014081,735013393,735014081,,,,echo/echo/prefill_annotated/layer_1/indexer_qk/call_3875,528200,,,indexer_qk,layer_1,cuTensorMapEncodeTiled,,,0.694773,0.695461
echo,prefill,CPU CUDA API,api,735014486,735014615,735014486,735014615,,,,echo/echo/prefill_annotated/layer_1/indexer_qk/call_3875,528201,,,indexer_qk,layer_1,cuTensorMapEncodeTiled,,,0.695866,0.695995
echo,prefill,CPU CUDA API,api,735014980,735015199,735014980,735015199,,,,echo/echo/prefill_annotated/layer_1/indexer_qk/call_3875,528202,,,indexer_qk,layer_1,cuTensorMapEncodeTiled,,,0.69636,0.696579
echo,prefill,CPU CUDA API,api,735015461,735015600,735015461,735015600,,,,echo/echo/prefill_annotated/layer_1/indexer_qk/call_3875,528203,,,indexer_qk,layer_1,cuTensorMapEncodeTiled,,,0.696841,0.69698
echo,prefill,CPU CUDA API,api,735029050,735035101,735029050,735035101,,,,echo/echo/prefill_annotated/layer_1/indexer_qk/call_3875,528206,,,indexer_qk,layer_1,cuLaunchKernelEx,,,0.71043,0.716481
echo,prefill,CPU CUDA API,api,735052511,735052697,735052511,735052697,,,,echo/echo/prefill_annotated/layer_1/indexer_qk/call_3875,528220,,,indexer_qk,layer_1,cuKernelGetName,,,0.733891,0.734077
echo,prefill,CPU CUDA API,api,735083089,735083215,735083089,735083215,,,,echo/echo/prefill_annotated/layer_1/indexer_qk/call_3875,528240,,,indexer_qk,layer_1,cuKernelGetName,,,0.764469,0.764595
echo,prefill,CPU CUDA API,api,735098472,735098610,735098472,735098610,,,,echo/echo/prefill_annotated/layer_1/indexer_qk/call_3875,528247,,,indexer_qk,layer_1,cuKernelGetName,,,0.779852,0.77999
echo,prefill,CPU CUDA API,api,735218836,735222531,735218836,735222531,,,,echo/echo/prefill_annotated/layer_1/exact_topk/call_3876,528279,,,exact_topk,layer_1,cuLaunchKernelEx,,,0.900216,0.903911
echo,prefill,CPU CUDA API,api,735280957,735284718,735280957,735284718,,,,echo/echo/prefill_annotated/layer_1/exact_topk/call_3876,528304,,,exact_topk,layer_1,cuLaunchKernelEx,,,0.962337,0.966098
echo,prefill,CPU CUDA API,api,735308784,735308932,735308784,735308932,,,,echo/echo/prefill_annotated/layer_1/exact_topk/call_3876,528318,,,exact_topk,layer_1,cuKernelGetName,,,0.990164,0.990312
echo,prefill,CPU CUDA API,api,735333019,735336548,735333019,735336548,,,,echo/echo/prefill_annotated/layer_1/exact_topk/call_3876,528328,,,exact_topk,layer_1,cuLaunchKernelEx,,,1.014399,1.017928
echo,prefill,CPU CUDA API,api,735457369,735457592,735457369,735457592,,,,echo/echo/prefill_annotated/layer_1/cache_write/call_3877,528359,,,cache_write,layer_1,cuKernelGetName,,,1.138749,1.138972
echo,prefill,CPU CUDA API,api,735675427,735675622,735675427,735675622,,,,echo/echo/prefill_annotated/layer_1/offload_exact_recall/call_3878,528451,,,offload_exact_recall,layer_1,cuKernelGetName,,,1.356807,1.357002
echo,prefill,CPU CUDA API,api,735683486,735683603,735683486,735683603,,,,echo/echo/prefill_annotated/layer_1/offload_exact_recall/call_3878,528454,,,offload_exact_recall,layer_1,cuKernelGetName,,,1.364866,1.364983
echo,prefill,CPU CUDA API,api,735801577,735802294,735801577,735802294,,,,echo/echo/prefill_annotated/layer_1/mla_qk_pv/call_3880,528484,,,mla_qk_pv,layer_1,cuTensorMapEncodeTiled,,,1.482957,1.483674
echo,prefill,CPU CUDA API,api,735802931,735803124,735802931,735803124,,,,echo/echo/prefill_annotated/layer_1/mla_qk_pv/call_3880,528486,,,mla_qk_pv,layer_1,cuTensorMapEncodeTiled,,,1.484311,1.484504
echo,prefill,CPU CUDA API,api,735958371,735958724,735958371,735958724,,,,echo/echo/prefill_annotated/layer_1/v_expand/call_3883,528500,,,v_expand,layer_1,cuKernelGetAttribute,,,1.639751,1.640104
echo,prefill,CPU CUDA API,api,735958882,735959000,735958882,735959000,,,,echo/echo/prefill_annotated/layer_1/v_expand/call_3883,528501,,,v_expand,layer_1,cuKernelGetAttribute,,,1.640262,1.64038
echo,prefill,CPU CUDA API,api,735967931,735974615,735967931,735974615,,,,echo/echo/prefill_annotated/layer_1/v_expand/call_3883,528504,,,v_expand,layer_1,cuLaunchKernelEx,,,1.649311,1.655995
echo,prefill,CPU CUDA API,api,736264848,736265153,736264848,736265153,,,,echo/echo/prefill_annotated/layer_2/compute_graph_projection_inputs/call_3889,528575,,,compute_graph_projection_inputs,layer_2,cuKernelGetName,,,1.946228,1.946533
echo,prefill,CPU control,nvtx,734318620,738618613,28305160,743469750,,,,echo/echo/prefill_annotated/shared/forward_misc/call_0,,,,forward_misc,shared,forward_misc,,,0.0,4.299993
echo,prefill,CPU control,nvtx,734318620,736074856,731828806,736074856,,,,echo/echo/prefill_annotated/layer_1/layer_misc/call_3866,,,,layer_misc,layer_1,layer_misc,,,0.0,1.756236
echo,prefill,CPU control,nvtx,734318620,734812862,732161164,734812862,,,,echo/echo/prefill_annotated/layer_1/offload_prepare/call_3873,,,,offload_prepare,layer_1,offload_prepare,,,0.0,0.494242
echo,prefill,CPU control,nvtx,734829534,735113198,734829534,735113198,,,,echo/echo/prefill_annotated/layer_1/indexer_aux/call_3874,,,,indexer_aux,layer_1,indexer_aux,,,0.510914,0.794578
echo,prefill,CPU control,nvtx,734963594,735109840,734963594,735109840,,,,echo/echo/prefill_annotated/layer_1/indexer_qk/call_3875,,,,indexer_qk,layer_1,indexer_qk,,,0.644974,0.79122
echo,prefill,CPU control,nvtx,735128566,735343265,735128566,735343265,,,,echo/echo/prefill_annotated/layer_1/exact_topk/call_3876,,,,exact_topk,layer_1,exact_topk,,,0.809946,1.024645
echo,prefill,CPU control,nvtx,735362994,735585033,735362994,735585033,,,,echo/echo/prefill_annotated/layer_1/cache_write/call_3877,,,,cache_write,layer_1,cache_write,,,1.044374,1.266413
echo,prefill,CPU control,nvtx,735607658,735694420,735607658,735694420,,,,echo/echo/prefill_annotated/layer_1/offload_exact_recall/call_3878,,,,offload_exact_recall,layer_1,offload_exact_recall,,,1.289038,1.3758
echo,prefill,CPU control,nvtx,735709256,735857390,735709256,735857390,,,,echo/echo/prefill_annotated/layer_1/sparse_mla_aux/call_3879,,,,sparse_mla_aux,layer_1,sparse_mla_aux,,,1.390636,1.53877
echo,prefill,CPU control,nvtx,735757792,735855245,735757792,735855245,,,,echo/echo/prefill_annotated/layer_1/mla_qk_pv/call_3880,,,,mla_qk_pv,layer_1,mla_qk_pv,,,1.439172,1.536625
echo,prefill,CPU control,nvtx,735872469,736043227,735872469,736043227,,,,echo/echo/prefill_annotated/layer_1/attention_output/call_3881,,,,attention_output,layer_1,attention_output,,,1.553849,1.724607
echo,prefill,CPU control,nvtx,735882196,735984598,735882196,735984598,,,,echo/echo/prefill_annotated/layer_1/compute_graph_value_expansion/call_3882,,,,compute_graph_value_expansion,layer_1,compute_graph_value_expansion,,,1.563576,1.665978
echo,prefill,CPU control,nvtx,735922842,735978201,735922842,735978201,,,,echo/echo/prefill_annotated/layer_1/v_expand/call_3883,,,,v_expand,layer_1,v_expand,,,1.604222,1.659581
echo,prefill,CPU control,nvtx,736000779,736040950,736000779,736040950,,,,echo/echo/prefill_annotated/layer_1/compute_graph_finish_layer_1_q_1024/call_3884,,,,compute_graph_finish_layer_1_q_1024,layer_1,compute_graph_finish_layer_1_q_1024,,,1.682159,1.72233
echo,prefill,CPU control,nvtx,736096089,736101257,736096089,736101257,,,,echo/echo/prefill_annotated/shared/hidden_transfer/call_3885,,,,hidden_transfer,shared,hidden_transfer,,,1.777469,1.782637
echo,prefill,CPU control,nvtx,736118172,738618613,736118172,740278632,,,,echo/echo/prefill_annotated/layer_2/layer_misc/call_3886,,,,layer_misc,layer_2,layer_misc,,,1.799552,4.299993
echo,prefill,CPU control,nvtx,736183755,736199797,736183755,736199797,,,,echo/echo/prefill_annotated/layer_2/offload_source_reservation/call_3887,,,,offload_source_reservation,layer_2,offload_source_reservation,,,1.865135,1.881177
echo,prefill,CPU control,nvtx,736209954,736403332,736209954,736403332,,,,echo/echo/prefill_annotated/layer_2/attention_projection/call_3888,,,,attention_projection,layer_2,attention_projection,,,1.891334,2.084712
echo,prefill,CPU control,nvtx,736224070,736273610,736224070,736273610,,,,echo/echo/prefill_annotated/layer_2/compute_graph_projection_inputs/call_3889,,,,compute_graph_projection_inputs,layer_2,compute_graph_projection_inputs,,,1.90545,1.95499
echo,prefill,CPU control,nvtx,736286737,736363788,736286737,736363788,,,,echo/echo/prefill_annotated/layer_2/compute_graph_projection_layer_2_q_1024/call_3890,,,,compute_graph_projection_layer_2_q_1024,layer_2,compute_graph_projection_layer_2_q_1024,,,1.968117,2.045168
echo,prefill,CPU control,nvtx,736375879,736401797,736375879,736401797,,,,echo/echo/prefill_annotated/layer_2/compute_graph_owned_writeback_source/call_3891,,,,compute_graph_owned_writeback_source,layer_2,compute_graph_owned_writeback_source,,,2.057259,2.083177
echo,prefill,CPU control,nvtx,736413693,736448385,736413693,736448385,,,,echo/echo/prefill_annotated/layer_2/index_cache_write/call_3892,,,,index_cache_write,layer_2,index_cache_write,,,2.095073,2.129765
echo,prefill,CPU control,nvtx,736459411,738618613,736459411,739110824,,,,echo/echo/prefill_annotated/layer_2/offload_prepare/call_3893,,,,offload_prepare,layer_2,offload_prepare,,,2.140791,4.299993
echo,extend,GPU control,kernel,33715500,33716268,33715500,33716268,7,0,341870085406720,echo/echo/extend_annotated/layer_1/compute_graph_projection_inputs/call_27,532915,,,compute_graph_projection_inputs,layer_1,"void at::native::vectorized_elementwise_kernel<(int)2, at::native::FillFunctor<long>, std::array<char *, (unsigned long)1>>(int, T2, T3)",,,0.09552,0.096288
echo,extend,Compute,kernel,33843340,33846476,33843340,33846476,7,0,341870085406720,echo/echo/extend_annotated/layer_1/compute_graph_projection_layer_1_q_128/call_28,532921,14,60129542144,compute_graph_projection_layer_1_q_128,layer_1,kernel_cutlass_kernel_operatorsdeepseek_v32norm_fusedLocalFusedRMSNorm_object_at__tensorptrbf16gmemalign128oi64716871681_tensorptrbf16gmemalign128oi64716871681_tensorptrf32gmemalign16o716_0,,,0.22336,0.226496
echo,extend,Compute,kernel,33846892,33848332,33846892,33848332,7,0,341870085406720,echo/echo/extend_annotated/layer_1/compute_graph_projection_layer_1_q_128/call_28,532921,14,60129542145,compute_graph_projection_layer_1_q_128,layer_1,"void at::native::elementwise_kernel<(int)128, (int)2, void at::native::gpu_kernel_impl_nocast<at::native::CUDAFunctor_add<long>>(at::TensorIteratorBase &, const T1 &)::[lambda(int) (instance 1)]>(int, T3)",,,0.226912,0.228352
echo,extend,Compute,kernel,33848812,33850156,33848812,33850156,7,0,341870085406720,echo/echo/extend_annotated/layer_1/compute_graph_projection_layer_1_q_128/call_28,532921,14,60129542146,compute_graph_projection_layer_1_q_128,layer_1,"void at::native::unrolled_elementwise_kernel<at::native::direct_copy_kernel_cuda(at::TensorIteratorBase &)::[lambda() (instance 3)]::operator ()() const::[lambda() (instance 7)]::operator ()() const::[lambda(float) (instance 1)], std::array<char *, (unsigned long)2>, (int)4, TrivialOffsetCalculator<(int)1, unsigned int>, TrivialOffsetCalculator<(int)1, unsigned int>, at::native::memory::LoadWithCast<(int)1>, at::native::memory::StoreWithCast<(int)1>>(int, T1, T2, T4, T5, T6, T7)",,,0.228832,0.230176
echo,extend,Compute,kernel,33850764,33851852,33850764,33851852,7,0,341870085406720,echo/echo/extend_annotated/layer_1/compute_graph_projection_layer_1_q_128/call_28,532921,14,60129542147,compute_graph_projection_layer_1_q_128,layer_1,"void at::native::vectorized_elementwise_kernel<(int)2, at::native::CUDAFunctorOnSelf_add<long>, std::array<char *, (unsigned long)2>>(int, T2, T3)",,,0.230784,0.231872
echo,extend,Compute,kernel,33852236,33853452,33852236,33853452,7,0,341870085406720,echo/echo/extend_annotated/layer_1/compute_graph_projection_layer_1_q_128/call_28,532921,14,60129542148,compute_graph_projection_layer_1_q_128,layer_1,"void at::native::unrolled_elementwise_kernel<at::native::direct_copy_kernel_cuda(at::TensorIteratorBase &)::[lambda() (instance 3)]::operator ()() const::[lambda() (instance 3)]::operator ()() const::[lambda(int) (instance 1)], std::array<char *, (unsigned long)2>, (int)4, TrivialOffsetCalculator<(int)1, unsigned int>, TrivialOffsetCalculator<(int)1, unsigned int>, at::native::memory::LoadWithCast<(int)1>, at::native::memory::StoreWithCast<(int)1>>(int, T1, T2, T4, T5, T6, T7)",,,0.232256,0.233472
echo,extend,Compute,kernel,33853836,33855852,33853836,33855852,7,0,341870085406720,echo/echo/extend_annotated/layer_1/compute_graph_projection_layer_1_q_128/call_28,532921,14,60129542149,q_a_proj,layer_1,activation_quantization,,,0.233856,0.235872
echo,extend,Compute,kernel,33856460,33858380,33856460,33858380,7,0,341870085406720,echo/echo/extend_annotated/layer_1/compute_graph_projection_layer_1_q_128/call_28,532921,14,60129542150,q_a_proj,layer_1,"void deep_gemm::transpose_fp32<(unsigned int)512, (unsigned int)64, (unsigned int)56, (unsigned int)128, (unsigned int)57>(const float *, float *, unsigned int)",,,0.23648,0.2384
echo,extend,Compute,kernel,33858764,33868780,33858764,33868780,7,0,341870085406720,echo/echo/extend_annotated/layer_1/compute_graph_projection_layer_1_q_128/call_28,532921,14,60129542151,q_a_proj,layer_1,"void deep_gemm::sm90_fp8_gemm_1d2d_impl<(cute::UMMA::Major)0, (unsigned int)0, (unsigned int)1536, (unsigned int)7168, (unsigned int)1, (unsigned int)64, (unsigned int)32, (unsigned int)128, (unsigned int)128, (unsigned int)128, (unsigned int)64, (unsigned int)16, (unsigned int)128, (unsigned int)128, (unsigned int)1, (bool)0, (unsigned int)132, (deep_gemm::GemmType)0, cutlass::bfloat16_t>(float *, int *, unsigned int, unsigned int, unsigned int, CUtensorMap_st, CUtensorMap_st, CUtensorMap_st, CUtensorMap_st)",,,0.238784,0.2488
echo,extend,Compute,kernel,33869612,33871916,33869612,33871916,7,0,341870085406720,echo/echo/extend_annotated/layer_1/compute_graph_projection_layer_1_q_128/call_28,532921,14,60129542152,compute_graph_projection_layer_1_q_128,layer_1,kernel_cutlass_kernel_operatorsdeepseek_v32norm_plainLocalPlainRMSNorm_object_at__tensorptrbf16gmemalign128oi64153615361_tensorptrf32gmemalign16o15361_tensorptrbf16gmemalign128oi641536153_0,,,0.249632,0.251936
echo,extend,Compute,kernel,33872332,33873740,33872332,33873740,7,0,341870085406720,echo/echo/extend_annotated/layer_1/compute_graph_projection_layer_1_q_128/call_28,532921,14,60129542153,compute_graph_projection_layer_1_q_128,layer_1,"void at::native::elementwise_kernel<(int)128, (int)2, void at::native::gpu_kernel_impl_nocast<at::native::BinaryFunctor<float, float, float, at::native::binary_internal::MulFunctor<float>>>(at::TensorIteratorBase &, const T1 &)::[lambda(int) (instance 1)]>(int, T3)",,,0.252352,0.25376
echo,extend,Compute,kernel,33874156,33875020,33874156,33875020,7,0,341870085406720,echo/echo/extend_annotated/layer_1/compute_graph_projection_layer_1_q_128/call_28,532921,14,60129542154,compute_graph_projection_layer_1_q_128,layer_1,"void <unnamed>::elementwise_kernel_with_index<int, at::native::arange_cuda_out(const c10::Scalar &, const c10::Scalar &, const c10::Scalar &, at::Tensor &)::[lambda() (instance 1)]::operator ()() const::[lambda() (instance 4)]::operator ()() const::[lambda(long) (instance 1)]>(T1, T2, function_traits<T2>::result_type *)",,,0.254176,0.25504
echo,extend,Compute,kernel,33875404,33877068,33875404,33877068,7,0,341870085406720,echo/echo/extend_annotated/layer_1/compute_graph_projection_layer_1_q_128/call_28,532921,14,60129542155,compute_graph_projection_layer_1_q_128,layer_1,"void at::native::vectorized_elementwise_kernel<(int)4, at::native::cos_kernel_cuda(at::TensorIteratorBase &)::[lambda() (instance 2)]::operator ()() const::[lambda() (instance 2)]::operator ()() const::[lambda(float) (instance 1)], std::array<char *, (unsigned long)2>>(int, T2, T3)",,,0.255424,0.257088
echo,extend,Compute,kernel,33877708,33879308,33877708,33879308,7,0,341870085406720,echo/echo/extend_annotated/layer_1/compute_graph_projection_layer_1_q_128/call_28,532921,14,60129542156,compute_graph_projection_layer_1_q_128,layer_1,"void at::native::vectorized_elementwise_kernel<(int)4, at::native::sin_kernel_cuda(at::TensorIteratorBase &)::[lambda() (instance 2)]::operator ()() const::[lambda() (instance 2)]::operator ()() const::[lambda(float) (instance 1)], std::array<char *, (unsigned long)2>>(int, T2, T3)",,,0.257728,0.259328
echo,extend,Compute,kernel,33879724,33881036,33879724,33881036,7,0,341870085406720,echo/echo/extend_annotated/layer_1/compute_graph_projection_layer_1_q_128/call_28,532921,14,60129542157,compute_graph_projection_layer_1_q_128,layer_1,"void at::native::<unnamed>::CatArrayBatchedCopy_vectorized<at::native::<unnamed>::OpaqueType<(unsigned int)4>, unsigned int, (int)2, (int)128, (int)1, (int)16, (int)4>(char *, at::native::<unnamed>::CatArrInputTensorMetadata<T1, T2, T4, T5>, at::native::<unnamed>::TensorSizeStride<T2, (unsigned int)4>, int, T2)",,,0.259744,0.261056
echo,extend,Compute,kernel,33881452,33883340,33881452,33883340,7,0,341870085406720,echo/echo/extend_annotated/layer_1/compute_graph_projection_layer_1_q_128/call_28,532921,14,60129542158,q_b_proj,layer_1,activation_quantization,,,0.261472,0.26336
echo,extend,Compute,kernel,33883724,33885100,33883724,33885100,7,0,341870085406720,echo/echo/extend_annotated/layer_1/compute_graph_projection_layer_1_q_128/call_28,532921,14,60129542159,q_b_proj,layer_1,"void deep_gemm::transpose_fp32<(unsigned int)512, (unsigned int)64, (unsigned int)12, (unsigned int)128, (unsigned int)13>(const float *, float *, unsigned int)",,,0.263744,0.26512
echo,extend,Compute,kernel,33885516,33901676,33885516,33901676,7,0,341870085406720,echo/echo/extend_annotated/layer_1/compute_graph_projection_layer_1_q_128/call_28,532921,14,60129542160,q_b_proj,layer_1,"void deep_gemm::sm90_fp8_gemm_1d2d_impl<(cute::UMMA::Major)0, (unsigned int)0, (unsigned int)24576, (unsigned int)1536, (unsigned int)1, (unsigned int)128, (unsigned int)192, (unsigned int)128, (unsigned int)128, (unsigned int)128, (unsigned int)128, (unsigned int)4, (unsigned int)128, (unsigned int)256, (unsigned int)1, (bool)0, (unsigned int)132, (deep_gemm::GemmType)0, cutlass::bfloat16_t>(float *, int *, unsigned int, unsigned int, unsigned int, CUtensorMap_st, CUtensorMap_st, CUtensorMap_st, CUtensorMap_st)",,,0.265536,0.281696
echo,extend,Compute,kernel,33902220,33912684,33902220,33912684,7,0,341870085406720,echo/echo/extend_annotated/layer_1/compute_graph_projection_layer_1_q_128/call_28,532921,14,60129542161,q_absorb,layer_1,nvjet_sm90_tst_256x128_64x4_2x1_v_bz_coopA_NNT,,,0.28224,0.292704
echo,extend,Compute,kernel,33913100,33916012,33913100,33916012,7,0,341870085406720,echo/echo/extend_annotated/layer_1/compute_graph_projection_layer_1_q_128/call_28,532921,14,60129542162,kv_a_proj,layer_1,activation_quantization,,,0.29312,0.296032
echo,extend,Compute,kernel,33916428,33918284,33916428,33918284,7,0,341870085406720,echo/echo/extend_annotated/layer_1/compute_graph_projection_layer_1_q_128/call_28,532921,14,60129542163,kv_a_proj,layer_1,"void deep_gemm::transpose_fp32<(unsigned int)512, (unsigned int)64, (unsigned int)56, (unsigned int)128, (unsigned int)57>(const float *, float *, unsigned int)",,,0.296448,0.298304
echo,extend,Compute,kernel,33918700,33928108,33918700,33928108,7,0,341870085406720,echo/echo/extend_annotated/layer_1/compute_graph_projection_layer_1_q_128/call_28,532921,14,60129542164,kv_a_proj,layer_1,"void deep_gemm::sm90_fp8_gemm_1d2d_impl<(cute::UMMA::Major)0, (unsigned int)0, (unsigned int)576, (unsigned int)7168, (unsigned int)1, (unsigned int)64, (unsigned int)16, (unsigned int)128, (unsigned int)128, (unsigned int)128, (unsigned int)32, (unsigned int)16, (unsigned int)128, (unsigned int)128, (unsigned int)1, (bool)0, (unsigned int)132, (deep_gemm::GemmType)0, cutlass::bfloat16_t>(float *, int *, unsigned int, unsigned int, unsigned int, CUtensorMap_st, CUtensorMap_st, CUtensorMap_st, CUtensorMap_st)",,,0.29872,0.308128
echo,extend,Compute,kernel,33928556,33930892,33928556,33930892,7,0,341870085406720,echo/echo/extend_annotated/layer_1/compute_graph_projection_layer_1_q_128/call_28,532921,14,60129542165,compute_graph_projection_layer_1_q_128,layer_1,"void at::native::elementwise_kernel<(int)128, (int)4, void at::native::gpu_kernel_impl_nocast<at::native::direct_copy_kernel_cuda(at::TensorIteratorBase &)::[lambda() (instance 3)]::operator ()() const::[lambda() (instance 12)]::operator ()() const::[lambda(c10::BFloat16) (instance 1)]>(at::TensorIteratorBase &, const T1 &)::[lambda(int) (instance 1)]>(int, T3)",,,0.308576,0.310912
echo,extend,Compute,kernel,33931692,33933196,33931692,33933196,7,0,341870085406720,echo/echo/extend_annotated/layer_1/compute_graph_projection_layer_1_q_128/call_28,532921,14,60129542166,compute_graph_projection_layer_1_q_128,layer_1,kernel_cutlass_kernel_operatorsdeepseek_v32norm_plainLocalPlainRMSNorm_object_at__tensorptrbf16gmemalign128oi645125121_tensorptrf32gmemalign16o5121_tensorptrbf16gmemalign128oi645125121____0,,,0.311712,0.313216
echo,extend,Compute,kernel,33933612,33936268,33933612,33936268,7,0,341870085406720,echo/echo/extend_annotated/layer_1/compute_graph_projection_layer_1_q_128/call_28,532921,14,60129542167,compute_graph_projection_layer_1_q_128,layer_1,"void flashinfer::BatchQKApplyRotaryPosIdsCosSinCacheHeadParallelismKernel<(bool)1, (unsigned int)64, (unsigned int)8, (unsigned int)8, __nv_bfloat16, long>(T5 *, T5 *, T5 *, T5 *, float *, T6 *, unsigned int, unsigned int, unsigned int, unsigned int, unsigned long, unsigned long, unsigned long, unsigned long, unsigned long, unsigned long, unsigned long, unsigned long)",,,0.313632,0.316288
echo,extend,Compute,kernel,33936716,33939404,33936716,33939404,7,0,341870085406720,echo/echo/extend_annotated/layer_1/compute_graph_projection_layer_1_q_128/call_28,532921,14,60129542168,index_q_proj,layer_1,activation_quantization,,,0.316736,0.319424
echo,extend,Compute,kernel,33939788,33941196,33939788,33941196,7,0,341870085406720,echo/echo/extend_annotated/layer_1/compute_graph_projection_layer_1_q_128/call_28,532921,14,60129542169,index_q_proj,layer_1,"void deep_gemm::transpose_fp32<(unsigned int)512, (unsigned int)64, (unsigned int)12, (unsigned int)128, (unsigned int)13>(const float *, float *, unsigned int)",,,0.319808,0.321216
echo,extend,Compute,kernel,33941580,33949260,33941580,33949260,7,0,341870085406720,echo/echo/extend_annotated/layer_1/compute_graph_projection_layer_1_q_128/call_28,532921,14,60129542170,index_q_proj,layer_1,"void deep_gemm::sm90_fp8_gemm_1d2d_impl<(cute::UMMA::Major)0, (unsigned int)0, (unsigned int)8192, (unsigned int)1536, (unsigned int)1, (unsigned int)64, (unsigned int)128, (unsigned int)128, (unsigned int)128, (unsigned int)128, (unsigned int)128, (unsigned int)8, (unsigned int)128, (unsigned int)128, (unsigned int)1, (bool)0, (unsigned int)132, (deep_gemm::GemmType)0, cutlass::bfloat16_t>(float *, int *, unsigned int, unsigned int, unsigned int, CUtensorMap_st, CUtensorMap_st, CUtensorMap_st, CUtensorMap_st)",,,0.3216,0.32928
echo,extend,Compute,kernel,33949644,33952524,33949644,33952524,7,0,341870085406720,echo/echo/extend_annotated/layer_1/compute_graph_projection_layer_1_q_128/call_28,532921,14,60129542171,index_k_proj,layer_1,activation_quantization,,,0.329664,0.332544
echo,extend,Compute,kernel,33952940,33954796,33952940,33954796,7,0,341870085406720,echo/echo/extend_annotated/layer_1/compute_graph_projection_layer_1_q_128/call_28,532921,14,60129542172,index_k_proj,layer_1,"void deep_gemm::transpose_fp32<(unsigned int)512, (unsigned int)64, (unsigned int)56, (unsigned int)128, (unsigned int)57>(const float *, float *, unsigned int)",,,0.33296,0.334816
echo,extend,Compute,kernel,33955180,33964012,33955180,33964012,7,0,341870085406720,echo/echo/extend_annotated/layer_1/compute_graph_projection_layer_1_q_128/call_28,532921,14,60129542173,index_k_proj,layer_1,"void deep_gemm::sm90_fp8_gemm_1d2d_impl<(cute::UMMA::Major)0, (unsigned int)0, (unsigned int)128, (unsigned int)7168, (unsigned int)1, (unsigned int)64, (unsigned int)16, (unsigned int)128, (unsigned int)128, (unsigned int)128, (unsigned int)32, (unsigned int)16, (unsigned int)128, (unsigned int)128, (unsigned int)1, (bool)0, (unsigned int)132, (deep_gemm::GemmType)0, cutlass::bfloat16_t>(float *, int *, unsigned int, unsigned int, unsigned int, CUtensorMap_st, CUtensorMap_st, CUtensorMap_st, CUtensorMap_st)",,,0.3352,0.344032
echo,extend,Compute,kernel,33964428,33967084,33964428,33967084,7,0,341870085406720,echo/echo/extend_annotated/layer_1/compute_graph_projection_layer_1_q_128/call_28,532921,14,60129542174,compute_graph_projection_layer_1_q_128,layer_1,"void at::native::unrolled_elementwise_kernel<at::native::direct_copy_kernel_cuda(at::TensorIteratorBase &)::[lambda() (instance 3)]::operator ()() const::[lambda() (instance 7)]::operator ()() const::[lambda(float) (instance 1)], std::array<char *, (unsigned long)2>, (int)4, TrivialOffsetCalculator<(int)1, unsigned int>, TrivialOffsetCalculator<(int)1, unsigned int>, at::native::memory::LoadWithCast<(int)1>, at::native::memory::StoreWithCast<(int)1>>(int, T1, T2, T4, T5, T6, T7)",,,0.344448,0.347104
echo,extend,Compute,kernel,33967628,33970412,33967628,33970412,7,0,341870085406720,echo/echo/extend_annotated/layer_1/compute_graph_projection_layer_1_q_128/call_28,532921,14,60129542175,compute_graph_projection_layer_1_q_128,layer_1,"void at::native::<unnamed>::vectorized_layer_norm_kernel<float, float, (bool)0>(int, T2, const T1 *, const T1 *, const T1 *, T2 *, T2 *, T1 *)",,,0.347648,0.350432
echo,extend,Compute,kernel,33971084,33972236,33971084,33972236,7,0,341870085406720,echo/echo/extend_annotated/layer_1/compute_graph_projection_layer_1_q_128/call_28,532921,14,60129542176,compute_graph_projection_layer_1_q_128,layer_1,"void at::native::vectorized_elementwise_kernel<(int)8, at::native::bfloat16_copy_kernel_cuda(at::TensorIteratorBase &)::[lambda(float) (instance 1)], std::array<char *, (unsigned long)2>>(int, T2, T3)",,,0.351104,0.352256
echo,extend,Compute,kernel,33972876,33975212,33972876,33975212,7,0,341870085406720,echo/echo/extend_annotated/layer_1/compute_graph_projection_layer_1_q_128/call_28,532921,14,60129542177,compute_graph_projection_layer_1_q_128,layer_1,"void flashinfer::BatchQKApplyRotaryPosIdsCosSinCacheHeadParallelismKernel<(bool)0, (unsigned int)128, (unsigned int)8, (unsigned int)16, __nv_bfloat16, long>(T5 *, T5 *, T5 *, T5 *, float *, T6 *, unsigned int, unsigned int, unsigned int, unsigned int, unsigned long, unsigned long, unsigned long, unsigned long, unsigned long, unsigned long, unsigned long, unsigned long)",,,0.352896,0.355232
echo,extend,Compute,kernel,33975660,33977356,33975660,33977356,7,0,341870085406720,echo/echo/extend_annotated/layer_1/compute_graph_projection_layer_1_q_128/call_28,532921,14,60129542178,compute_graph_projection_layer_1_q_128,layer_1,quantize_kernel,,,0.35568,0.357376
echo,extend,Compute,kernel,33977772,33978924,33977772,33978924,7,0,341870085406720,echo/echo/extend_annotated/layer_1/compute_graph_projection_layer_1_q_128/call_28,532921,14,60129542179,compute_graph_projection_layer_1_q_128,layer_1,quantize_kernel,,,0.357792,0.358944
echo,extend,Compute,kernel,33979468,33983275,33979468,33983275,7,0,341870085406720,echo/echo/extend_annotated/layer_1/compute_graph_projection_layer_1_q_128/call_28,532921,14,60129542180,compute_graph_projection_layer_1_q_128,layer_1,"void at::native::unrolled_elementwise_kernel<at::native::direct_copy_kernel_cuda(at::TensorIteratorBase &)::[lambda() (instance 3)]::operator ()() const::[lambda() (instance 7)]::operator ()() const::[lambda(float) (instance 1)], std::array<char *, (unsigned long)2>, (int)4, TrivialOffsetCalculator<(int)1, unsigned int>, TrivialOffsetCalculator<(int)1, unsigned int>, at::native::memory::LoadWithCast<(int)1>, at::native::memory::StoreWithCast<(int)1>>(int, T1, T2, T4, T5, T6, T7)",,,0.359488,0.363295
echo,extend,Compute,kernel,33983723,33994795,33983723,33994795,7,0,341870085406720,echo/echo/extend_annotated/layer_1/compute_graph_projection_layer_1_q_128/call_28,532921,14,60129542181,index_weights_proj,layer_1,void cutlass::Kernel2<cutlass_80_simt_sgemm_64x64_8x5_tn_align1>(T1::Params),,,0.363743,0.374815
echo,extend,Compute,kernel,33995179,33998475,33995179,33998475,7,0,341870085406720,echo/echo/extend_annotated/layer_1/compute_graph_projection_layer_1_q_128/call_28,532921,14,60129542182,index_weights_proj,layer_1,"void cublasLt::splitKreduce_kernel<(int)32, (int)16, int, float, float, float, float, (bool)0, float, float, float, (bool)1, (bool)0, (bool)0, (bool)0>(cublasLt::cublasSplitKParams<T6>, const T4 *, const T10 *, T9 *, T5 *, const T6 *, const T6 *, const T11 *, const T4 *, T11 *, void *, long, T6 *, int *, T6 *, T6 *, const T6 *, const T6 *, const T6 *, const T6 *, const T6 *)",,,0.375199,0.378495
echo,extend,Compute,kernel,33998891,33999979,33998891,33999979,7,0,341870085406720,echo/echo/extend_annotated/layer_1/compute_graph_projection_layer_1_q_128/call_28,532921,14,60129542183,compute_graph_projection_layer_1_q_128,layer_1,"void at::native::vectorized_elementwise_kernel<(int)4, at::native::AUnaryFunctor<float, float, float, at::native::binary_internal::MulFunctor<float>>, std::array<char *, (unsigned long)2>>(int, T2, T3)",,,0.378911,0.379999
echo,extend,Compute,kernel,34000491,34001643,34000491,34001643,7,0,341870085406720,echo/echo/extend_annotated/layer_1/compute_graph_projection_layer_1_q_128/call_28,532921,14,60129542184,compute_graph_projection_layer_1_q_128,layer_1,"void at::native::vectorized_elementwise_kernel<(int)4, at::native::BinaryFunctor<float, float, float, at::native::binary_internal::MulFunctor<float>>, std::array<char *, (unsigned long)3>>(int, T2, T3)",,,0.380511,0.381663
echo,extend,Compute,kernel,34002283,34003307,34002283,34003307,7,0,341870085406720,echo/echo/extend_annotated/layer_1/compute_graph_projection_layer_1_q_128/call_28,532921,14,60129542185,compute_graph_projection_layer_1_q_128,layer_1,"void at::native::vectorized_elementwise_kernel<(int)4, at::native::AUnaryFunctor<float, float, float, at::native::binary_internal::MulFunctor<float>>, std::array<char *, (unsigned long)2>>(int, T2, T3)",,,0.382303,0.383327
echo,extend,Compute,kernel,34003915,34005995,34003915,34005995,7,0,341870085406720,echo/echo/extend_annotated/layer_1/compute_graph_projection_layer_1_q_128/call_28,532921,14,60129542186,compute_graph_projection_layer_1_q_128,layer_1,"void at::native::<unnamed>::CatArrayBatchedCopy_vectorized<at::native::<unnamed>::OpaqueType<(unsigned int)2>, unsigned int, (int)2, (int)128, (int)1, (int)16, (int)8>(char *, at::native::<unnamed>::CatArrInputTensorMetadata<T1, T2, T4, T5>, at::native::<unnamed>::TensorSizeStride<T2, (unsigned int)4>, int, T2)",,,0.383935,0.386015
echo,extend,GPU control,kernel,34017099,34018411,34017099,34018411,7,0,341870085406720,echo/echo/extend_annotated/layer_1/offload_prepare/call_31,532994,,,offload_prepare,layer_1,"at::native::<unnamed>::fill_reverse_indices_kernel(long *, int, at::cuda::detail::IntDivider<unsigned int>)",,,0.397119,0.398431
echo,extend,GPU control,kernel,34041419,34044587,34041419,34044587,7,0,341870085406720,echo/echo/extend_annotated/layer_1/offload_prepare/call_31,533018,,,offload_prepare,layer_1,"void at_cuda_detail::cub::detail::radix_sort::DeviceRadixSortHistogramKernel<at_cuda_detail::cub::detail::radix::policy_hub<long, at::cuda::cub::detail::OpaqueType<(int)8>, unsigned long long>::Policy1000, (at_cuda_detail::cub::SortOrder)0, long, unsigned long long, at_cuda_detail::cub::detail::identity_decomposer_t>(T4 *, const T3 *, T4, int, int, T5)",,,0.421439,0.424607
echo,extend,GPU control,kernel,34047275,34048555,34047275,34048555,7,0,341870085406720,echo/echo/extend_annotated/layer_1/offload_prepare/call_31,533023,,,offload_prepare,layer_1,"void at_cuda_detail::cub::detail::radix_sort::DeviceRadixSortExclusiveSumKernel<at_cuda_detail::cub::detail::radix::policy_hub<long, at::cuda::cub::detail::OpaqueType<(int)8>, unsigned long long>::Policy1000, unsigned long long>(T2 *)",,,0.427295,0.428575
echo,extend,GPU control,kernel,34056715,34061963,34056715,34061963,7,0,341870085406720,echo/echo/extend_annotated/layer_1/offload_prepare/call_31,533030,,,offload_prepare,layer_1,"void at_cuda_detail::cub::detail::radix_sort::DeviceRadixSortOnesweepKernel<at_cuda_detail::cub::detail::radix::policy_hub<long, at::cuda::cub::detail::OpaqueType<(int)8>, unsigned long long>::Policy1000, (at_cuda_detail::cub::SortOrder)0, long, at::cuda::cub::detail::OpaqueType<(int)8>, unsigned long long, int, int, at_cuda_detail::cub::detail::identity_decomposer_t>(T7 *, T7 *, T5 *, const T5 *, T3 *, const T3 *, T4 *, const T4 *, T6, int, int, T8)",,,0.436735,0.441983
echo,extend,GPU control,kernel,34065803,34070859,34065803,34070859,7,0,341870085406720,echo/echo/extend_annotated/layer_1/offload_prepare/call_31,533037,,,offload_prepare,layer_1,"void at_cuda_detail::cub::detail::radix_sort::DeviceRadixSortOnesweepKernel<at_cuda_detail::cub::detail::radix::policy_hub<long, at::cuda::cub::detail::OpaqueType<(int)8>, unsigned long long>::Policy1000, (at_cuda_detail::cub::SortOrder)0, long, at::cuda::cub::detail::OpaqueType<(int)8>, unsigned long long, int, int, at_cuda_detail::cub::detail::identity_decomposer_t>(T7 *, T7 *, T5 *, const T5 *, T3 *, const T3 *, T4 *, const T4 *, T6, int, int, T8)",,,0.445823,0.450879
echo,extend,GPU control,kernel,34074187,34079307,34074187,34079307,7,0,341870085406720,echo/echo/extend_annotated/layer_1/offload_prepare/call_31,533044,,,offload_prepare,layer_1,"void at_cuda_detail::cub::detail::radix_sort::DeviceRadixSortOnesweepKernel<at_cuda_detail::cub::detail::radix::policy_hub<long, at::cuda::cub::detail::OpaqueType<(int)8>, unsigned long long>::Policy1000, (at_cuda_detail::cub::SortOrder)0, long, at::cuda::cub::detail::OpaqueType<(int)8>, unsigned long long, int, int, at_cuda_detail::cub::detail::identity_decomposer_t>(T7 *, T7 *, T5 *, const T5 *, T3 *, const T3 *, T4 *, const T4 *, T6, int, int, T8)",,,0.454207,0.459327
echo,extend,GPU control,kernel,34082603,34087627,34082603,34087627,7,0,341870085406720,echo/echo/extend_annotated/layer_1/offload_prepare/call_31,533051,,,offload_prepare,layer_1,"void at_cuda_detail::cub::detail::radix_sort::DeviceRadixSortOnesweepKernel<at_cuda_detail::cub::detail::radix::policy_hub<long, at::cuda::cub::detail::OpaqueType<(int)8>, unsigned long long>::Policy1000, (at_cuda_detail::cub::SortOrder)0, long, at::cuda::cub::detail::OpaqueType<(int)8>, unsigned long long, int, int, at_cuda_detail::cub::detail::identity_decomposer_t>(T7 *, T7 *, T5 *, const T5 *, T3 *, const T3 *, T4 *, const T4 *, T6, int, int, T8)",,,0.462623,0.467647
echo,extend,GPU control,kernel,34091019,34096235,34091019,34096235,7,0,341870085406720,echo/echo/extend_annotated/layer_1/offload_prepare/call_31,533058,,,offload_prepare,layer_1,"void at_cuda_detail::cub::detail::radix_sort::DeviceRadixSortOnesweepKernel<at_cuda_detail::cub::detail::radix::policy_hub<long, at::cuda::cub::detail::OpaqueType<(int)8>, unsigned long long>::Policy1000, (at_cuda_detail::cub::SortOrder)0, long, at::cuda::cub::detail::OpaqueType<(int)8>, unsigned long long, int, int, at_cuda_detail::cub::detail::identity_decomposer_t>(T7 *, T7 *, T5 *, const T5 *, T3 *, const T3 *, T4 *, const T4 *, T6, int, int, T8)",,,0.471039,0.476255
echo,extend,GPU control,kernel,34099595,34104619,34099595,34104619,7,0,341870085406720,echo/echo/extend_annotated/layer_1/offload_prepare/call_31,533065,,,offload_prepare,layer_1,"void at_cuda_detail::cub::detail::radix_sort::DeviceRadixSortOnesweepKernel<at_cuda_detail::cub::detail::radix::policy_hub<long, at::cuda::cub::detail::OpaqueType<(int)8>, unsigned long long>::Policy1000, (at_cuda_detail::cub::SortOrder)0, long, at::cuda::cub::detail::OpaqueType<(int)8>, unsigned long long, int, int, at_cuda_detail::cub::detail::identity_decomposer_t>(T7 *, T7 *, T5 *, const T5 *, T3 *, const T3 *, T4 *, const T4 *, T6, int, int, T8)",,,0.479615,0.484639
echo,extend,GPU control,kernel,34108011,34113035,34108011,34113035,7,0,341870085406720,echo/echo/extend_annotated/layer_1/offload_prepare/call_31,533072,,,offload_prepare,layer_1,"void at_cuda_detail::cub::detail::radix_sort::DeviceRadixSortOnesweepKernel<at_cuda_detail::cub::detail::radix::policy_hub<long, at::cuda::cub::detail::OpaqueType<(int)8>, unsigned long long>::Policy1000, (at_cuda_detail::cub::SortOrder)0, long, at::cuda::cub::detail::OpaqueType<(int)8>, unsigned long long, int, int, at_cuda_detail::cub::detail::identity_decomposer_t>(T7 *, T7 *, T5 *, const T5 *, T3 *, const T3 *, T4 *, const T4 *, T6, int, int, T8)",,,0.488031,0.493055
echo,extend,GPU control,kernel,34116459,34122123,34116459,34122123,7,0,341870085406720,echo/echo/extend_annotated/layer_1/offload_prepare/call_31,533079,,,offload_prepare,layer_1,"void at_cuda_detail::cub::detail::radix_sort::DeviceRadixSortOnesweepKernel<at_cuda_detail::cub::detail::radix::policy_hub<long, at::cuda::cub::detail::OpaqueType<(int)8>, unsigned long long>::Policy1000, (at_cuda_detail::cub::SortOrder)0, long, at::cuda::cub::detail::OpaqueType<(int)8>, unsigned long long, int, int, at_cuda_detail::cub::detail::identity_decomposer_t>(T7 *, T7 *, T5 *, const T5 *, T3 *, const T3 *, T4 *, const T4 *, T6, int, int, T8)",,,0.496479,0.502143
echo,extend,GPU control,kernel,34136075,34137323,34136075,34137323,7,0,341870085406720,echo/echo/extend_annotated/layer_1/offload_prepare/call_31,533093,,,offload_prepare,layer_1,"void at::native::vectorized_elementwise_kernel<(int)2, at::native::CUDAFunctorOnSelf_add<long>, std::array<char *, (unsigned long)2>>(int, T2, T3)",,,0.516095,0.517343
echo,extend,GPU control,kernel,34152587,34154443,34152587,34154443,7,0,341870085406720,echo/echo/extend_annotated/layer_1/offload_prepare/call_31,533107,,,offload_prepare,layer_1,"void at::native::unrolled_elementwise_kernel<at::native::direct_copy_kernel_cuda(at::TensorIteratorBase &)::[lambda() (instance 3)]::operator ()() const::[lambda() (instance 3)]::operator ()() const::[lambda(int) (instance 1)], std::array<char *, (unsigned long)2>, (int)4, TrivialOffsetCalculator<(int)1, unsigned int>, TrivialOffsetCalculator<(int)1, unsigned int>, at::native::memory::LoadWithCast<(int)1>, at::native::memory::StoreWithCast<(int)1>>(int, T1, T2, T4, T5, T6, T7)",,,0.532607,0.534463
echo,extend,GPU control,kernel,34176395,34177163,34176395,34177163,7,0,341870085406720,echo/echo/extend_annotated/layer_1/offload_prepare/call_31,533124,,,offload_prepare,layer_1,"void at::native::vectorized_elementwise_kernel<(int)4, at::native::FillFunctor<unsigned int>, std::array<char *, (unsigned long)1>>(int, T2, T3)",,,0.556415,0.557183
echo,extend,GPU control,kernel,34185515,34186443,34185515,34186443,7,0,341870085406720,echo/echo/extend_annotated/layer_1/offload_prepare/call_31,533133,,,offload_prepare,layer_1,"void at::native::vectorized_elementwise_kernel<(int)2, at::native::FillFunctor<long>, std::array<char *, (unsigned long)1>>(int, T2, T3)",,,0.565535,0.566463
echo,extend,GPU control,kernel,34192715,34193483,34192715,34193483,7,0,341870085406720,echo/echo/extend_annotated/layer_1/offload_prepare/call_31,533141,,,offload_prepare,layer_1,"void at::native::vectorized_elementwise_kernel<(int)2, at::native::FillFunctor<long>, std::array<char *, (unsigned long)1>>(int, T2, T3)",,,0.572735,0.573503
echo,extend,GPU control,kernel,34355435,34356203,34355435,34356203,7,0,341870085406720,echo/echo/extend_annotated/layer_1/indexer_fused/call_33,533173,,,indexer_fused,layer_1,"void at::native::vectorized_elementwise_kernel<(int)4, at::native::FillFunctor<unsigned int>, std::array<char *, (unsigned long)1>>(int, T2, T3)",,,0.735455,0.736223
echo,extend,GPU control,kernel,34365035,34365899,34365035,34365899,7,0,341870085406720,echo/echo/extend_annotated/layer_1/indexer_fused/call_33,533182,,,indexer_fused,layer_1,"void at::native::vectorized_elementwise_kernel<(int)2, at::native::FillFunctor<long>, std::array<char *, (unsigned long)1>>(int, T2, T3)",,,0.745055,0.745919
echo,extend,GPU control,kernel,34372267,34373003,34372267,34373003,7,0,341870085406720,echo/echo/extend_annotated/layer_1/indexer_fused/call_33,533190,,,indexer_fused,layer_1,"void at::native::vectorized_elementwise_kernel<(int)2, at::native::FillFunctor<long>, std::array<char *, (unsigned long)1>>(int, T2, T3)",,,0.752287,0.753023
echo,extend,GPU control,kernel,34426379,34427147,34426379,34427147,7,0,341870085406720,echo/echo/extend_annotated/layer_1/indexer_fused/call_33,533224,,,indexer_fused,layer_1,"void at::native::vectorized_elementwise_kernel<(int)4, at::native::FillFunctor<int>, std::array<char *, (unsigned long)1>>(int, T2, T3)",,,0.806399,0.807167
echo,extend,Compute + IO,kernel,34499211,35274986,34499211,35274986,7,0,341870085406720,echo/echo/extend_annotated/layer_1/indexer_fused/call_33,533242,,,indexer_fused,layer_1,"void echo_native::sm90_fp8_mqa_logits_fuse_prefetch<(unsigned int)64, (unsigned int)128, (unsigned int)576, (unsigned int)2, (unsigned int)128, (unsigned int)3, (unsigned int)3, (unsigned int)96, (unsigned int)128, (unsigned int)256, (unsigned int)256, (unsigned int)16384>(unsigned int, unsigned int, unsigned long, unsigned long, unsigned int *, unsigned int *, float *, const int *, const int *, const int *, __nv_bfloat16 *, __nv_bfloat16 *, long *, const int *, long *, int *, unsigned int *, long *, float *, unsigned int, unsigned int, unsigned int, CUtensorMap_st, CUtensorMap_st, CUtensorMap_st, CUtensorMap_st)",,,0.879231,1.655006
echo,extend,GPU control,kernel,35276938,35290537,35276938,35290537,7,0,341870085406720,echo/echo/extend_annotated/layer_1/indexer_fused/call_33,533245,,,indexer_fused,layer_1,"echo_native::clean(float *, int, int, int, int)",,,1.656958,1.670557
echo,extend,GPU control,kernel,35291689,35292425,35291689,35292425,7,0,341870085406720,echo/echo/extend_annotated/layer_1/offload_finalize/call_34,533266,,,offload_finalize,layer_1,"void at::native::vectorized_elementwise_kernel<(int)2, at::native::FillFunctor<long>, std::array<char *, (unsigned long)1>>(int, T2, T3)",,,1.671709,1.672445
echo,extend,GPU control,kernel,35293673,35296329,35293673,35296329,7,0,341870085406720,echo/echo/extend_annotated/layer_1/offload_finalize/call_34,533275,,,offload_finalize,layer_1,"echo_native::finalize_kernel(long *, bool *, const long *, const long *, int)",,,1.673693,1.676349
echo,extend,GPU control,kernel,35297545,35298409,35297545,35298409,7,0,341870085406720,echo/echo/extend_annotated/layer_1/offload_finalize/call_34,533278,,,offload_finalize,layer_1,"echo_native::advance_clock_kernel(long *, long *)",,,1.677565,1.678429
echo,extend,GPU control,kernel,35299497,35300585,35299497,35300585,7,0,341870085406720,echo/echo/extend_annotated/layer_1/offload_finalize/call_34,533284,,,offload_finalize,layer_1,"void at::native::vectorized_elementwise_kernel<(int)2, at::native::CUDAFunctor_add<long>, std::array<char *, (unsigned long)3>>(int, T2, T3)",,,1.679517,1.680605
echo,extend,Compute,kernel,35301801,35330761,35301801,35330761,7,0,341870085406720,echo/echo/extend_annotated/layer_1/exact_topk/call_35,533307,,,exact_topk,layer_1,"void flashinfer::sampling::FilteredTopKUnifiedKernel<float, int, (int)4, (bool)1, (flashinfer::sampling::FilteredTopKMode)0, (flashinfer::sampling::TopKTieBreak)1, flashinfer::sampling::DirectPageTableKernelPolicy<int>, >(const T1 *, T2 *, T1 *, const T2 *, long, const T2 *, const T2 *, const T2 *, const T2 *, unsigned int, unsigned int, unsigned int, T8...)",,,1.681821,1.710781
echo,extend,Compute,kernel,35333225,35344297,35333225,35344297,7,0,341870085406720,echo/echo/extend_annotated/layer_1/exact_topk/call_35,533308,,,exact_topk,layer_1,"void flashinfer::sampling::FinalizeTopKIndicesKernel<(bool)1, (flashinfer::sampling::FilteredTopKMode)0, (unsigned int)256, (unsigned int)8, float, int, flashinfer::sampling::DirectPageTableKernelPolicy<int>, >(T6 *, T5 *, const T6 *, long, const T6 *, const T6 *, unsigned int, unsigned int, T8...)",,,1.713245,1.724317
echo,extend,Compute,kernel,35345513,35359465,35345513,35359465,7,0,341870085406720,echo/echo/extend_annotated/layer_1/exact_topk/call_35,533309,,,exact_topk,layer_1,"void flashinfer::sampling::StableSortTopKByValueKernel<(unsigned int)256, (unsigned int)8, int, float>(T3 *, T4 *, unsigned int, unsigned int)",,,1.725533,1.739485
echo,extend,Compute,kernel,35360617,35361865,35360617,35361865,7,0,341870085406720,echo/echo/extend_annotated/layer_1/exact_topk/call_35,533314,,,exact_topk,layer_1,mask_kernel,,,1.740637,1.741885
echo,extend,Compute,kernel,35363113,35365065,35363113,35365065,7,0,341870085406720,echo/echo/extend_annotated/layer_1/exact_topk/call_35,533339,,,exact_topk,layer_1,mask_count,,,1.743133,1.745085
echo,extend,Compute,kernel,35368713,35373801,35368713,35373801,7,0,341870085406720,echo/echo/extend_annotated/layer_1/exact_topk/call_35,533354,,,exact_topk,layer_1,"void at::native::reduce_kernel<(int)512, (int)1, at::native::ReduceOp<float, at::native::func_wrapper_t<float, at::native::sum_functor<float, float, float>::operator ()(at::TensorIterator &)::[lambda(float, float) (instance 1)]>, unsigned int, float, (int)4, (int)4>>(T3)",,,1.748733,1.753821
echo,extend,Compute,kernel,35375049,35376329,35375049,35376329,7,0,341870085406720,echo/echo/extend_annotated/layer_1/exact_topk/call_35,533363,,,exact_topk,layer_1,publish,,,1.755069,1.756349
echo,extend,GPU control,kernel,35377417,35378089,35377417,35378089,7,0,341870085406720,echo/echo/extend_annotated/layer_1/cache_write/call_36,533394,,,cache_write,layer_1,"void <unnamed>::elementwise_kernel_with_index<int, at::native::arange_cuda_out(const c10::Scalar &, const c10::Scalar &, const c10::Scalar &, at::Tensor &)::[lambda() (instance 1)]::operator ()() const::[lambda() (instance 4)]::operator ()() const::[lambda(long) (instance 1)]>(T1, T2, function_traits<T2>::result_type *)",,,1.757437,1.758109
echo,extend,GPU control,kernel,35379465,35380969,35379465,35380969,7,0,341870085406720,echo/echo/extend_annotated/layer_1/cache_write/call_36,533408,,,cache_write,layer_1,"void at::native::vectorized_elementwise_kernel<(int)2, at::native::BUnaryFunctor<long, long, long, at::native::binary_internal::div_floor_kernel_cuda(at::TensorIteratorBase &)::[lambda() (instance 1)]::operator ()() const::[lambda() (instance 4)]::operator ()() const::[lambda(long, long) (instance 1)]>, std::array<char *, (unsigned long)2>>(int, T2, T3)",,,1.759485,1.760989
echo,extend,GPU control,kernel,35382281,35384073,35382281,35384073,7,0,341870085406720,echo/echo/extend_annotated/layer_1/cache_write/call_36,533420,,,cache_write,layer_1,"void at::native::index_elementwise_kernel<(int)128, (int)4, void at::native::gpu_index_kernel<void at::native::index_kernel_impl<at::native::OpaqueType<(int)4>>(at::TensorIteratorBase &, c10::ArrayRef<long>, c10::ArrayRef<long>)::[lambda(char *, const char *, long) (instance 1)]>(at::TensorIteratorBase &, c10::ArrayRef<long>, c10::ArrayRef<long>, const T1 &, bool)::[lambda(int) (instance 1)]>(long, T3)",,,1.762301,1.764093
echo,extend,GPU control,kernel,35385289,35386505,35385289,35386505,7,0,341870085406720,echo/echo/extend_annotated/layer_1/cache_write/call_36,533436,,,cache_write,layer_1,"void at::native::unrolled_elementwise_kernel<at::native::direct_copy_kernel_cuda(at::TensorIteratorBase &)::[lambda() (instance 3)]::operator ()() const::[lambda() (instance 4)]::operator ()() const::[lambda(long) (instance 1)], std::array<char *, (unsigned long)2>, (int)4, TrivialOffsetCalculator<(int)1, unsigned int>, TrivialOffsetCalculator<(int)1, unsigned int>, at::native::memory::LoadWithCast<(int)1>, at::native::memory::StoreWithCast<(int)1>>(int, T1, T2, T4, T5, T6, T7)",,,1.765309,1.766525
echo,extend,GPU control,kernel,35387849,35388873,35387849,35388873,7,0,341870085406720,echo/echo/extend_annotated/layer_1/cache_write/call_36,533448,,,cache_write,layer_1,"void at::native::vectorized_elementwise_kernel<(int)2, at::native::AUnaryFunctor<long, long, long, at::native::binary_internal::MulFunctor<long>>, std::array<char *, (unsigned long)2>>(int, T2, T3)",,,1.767869,1.768893
echo,extend,GPU control,kernel,35390121,35391625,35390121,35391625,7,0,341870085406720,echo/echo/extend_annotated/layer_1/cache_write/call_36,533459,,,cache_write,layer_1,"void at::native::vectorized_elementwise_kernel<(int)2, at::native::BUnaryFunctor<long, long, long, at::native::remainder_kernel_cuda(at::TensorIteratorBase &)::[lambda() (instance 1)]::operator ()() const::[lambda() (instance 4)]::operator ()() const::[lambda(long, long) (instance 1)]>, std::array<char *, (unsigned long)2>>(int, T2, T3)",,,1.770141,1.771645
echo,extend,GPU control,kernel,35392713,35393737,35392713,35393737,7,0,341870085406720,echo/echo/extend_annotated/layer_1/cache_write/call_36,533470,,,cache_write,layer_1,"void at::native::vectorized_elementwise_kernel<(int)2, at::native::CUDAFunctor_add<long>, std::array<char *, (unsigned long)3>>(int, T2, T3)",,,1.772733,1.773757
echo,extend,GPU control,kernel,35394857,35395913,35394857,35395913,7,0,341870085406720,echo/echo/extend_annotated/layer_1/cache_write/call_36,533485,,,cache_write,layer_1,"void at::native::vectorized_elementwise_kernel<(int)8, at::native::FillFunctor<bool>, std::array<char *, (unsigned long)1>>(int, T2, T3)",,,1.774877,1.775933
echo,extend,GPU control,kernel,35422569,35424233,35422569,35424233,7,0,341870085406720,echo/echo/extend_annotated/layer_1/cache_write/call_36,533512,,,cache_write,layer_1,"void at::native::index_elementwise_kernel<(int)128, (int)4, void at::native::gpu_index_kernel<void at::native::index_kernel_impl<at::native::OpaqueType<(int)4>>(at::TensorIteratorBase &, c10::ArrayRef<long>, c10::ArrayRef<long>)::[lambda(char *, const char *, long) (instance 1)]>(at::TensorIteratorBase &, c10::ArrayRef<long>, c10::ArrayRef<long>, const T1 &, bool)::[lambda(int) (instance 1)]>(long, T3)",,,1.802589,1.804253
echo,extend,GPU control,kernel,35435433,35436553,35435433,35436553,7,0,341870085406720,echo/echo/extend_annotated/layer_1/cache_write/call_36,533528,,,cache_write,layer_1,"void at::native::unrolled_elementwise_kernel<at::native::direct_copy_kernel_cuda(at::TensorIteratorBase &)::[lambda() (instance 3)]::operator ()() const::[lambda() (instance 4)]::operator ()() const::[lambda(long) (instance 1)], std::array<char *, (unsigned long)2>, (int)4, TrivialOffsetCalculator<(int)1, unsigned int>, TrivialOffsetCalculator<(int)1, unsigned int>, at::native::memory::LoadWithCast<(int)1>, at::native::memory::StoreWithCast<(int)1>>(int, T1, T2, T4, T5, T6, T7)",,,1.815453,1.816573
echo,extend,GPU control,kernel,35450601,35451561,35450601,35451561,7,0,341870085406720,echo/echo/extend_annotated/layer_1/cache_write/call_36,533540,,,cache_write,layer_1,"void at::native::vectorized_elementwise_kernel<(int)8, at::native::AUnaryFunctor<long, long, bool, at::native::<unnamed>::CompareEqFunctor<long>>, std::array<char *, (unsigned long)2>>(int, T2, T3)",,,1.830621,1.831581
echo,extend,GPU control,kernel,35469385,35470505,35469385,35470505,7,0,341870085406720,echo/echo/extend_annotated/layer_1/cache_write/call_36,533563,,,cache_write,layer_1,"void at_cuda_detail::cub::detail::reduce::DeviceReduceSingleTileKernel<at_cuda_detail::cub::detail::reduce::policy_hub<int, unsigned long long, cuda::std::__4::plus<void>>::Policy1000, thrust::THRUST_300001_SM_750_800_860_900_1000_1200_NS::transform_iterator<at::native::<unnamed>::NonZeroOp<bool>, const bool *, thrust::THRUST_300001_SM_750_800_860_900_1000_1200_NS::use_default, thrust::THRUST_300001_SM_750_800_860_900_1000_1200_NS::use_default>, int *, unsigned long long, cuda::std::__4::plus<void>, int, int, cuda::std::__4::__identity>(T2, T3, T4, T5, T6, T8)",,,1.849405,1.850525
echo,extend,GPU control,kernel,35500233,35500969,35500233,35500969,7,0,341870085406720,echo/echo/extend_annotated/layer_1/cache_write/call_36,533591,,,cache_write,layer_1,"void at_cuda_detail::cub::detail::scan::DeviceCompactInitKernel<at_cuda_detail::cub::ScanTileState<int, (bool)1>, int *>(T1, int, T2)",,,1.880253,1.880989
echo,extend,GPU control,kernel,35506441,35508137,35506441,35508137,7,0,341870085406720,echo/echo/extend_annotated/layer_1/cache_write/call_36,533597,,,cache_write,layer_1,"void at_cuda_detail::cub::detail::select::DeviceSelectSweepKernel<at_cuda_detail::cub::detail::select::policy_hub<long, bool, int, (bool)0, (at_cuda_detail::cub::SelectImpl)0>::Policy1000, thrust::THRUST_300001_SM_750_800_860_900_1000_1200_NS::counting_iterator<long, thrust::THRUST_300001_SM_750_800_860_900_1000_1200_NS::use_default, thrust::THRUST_300001_SM_750_800_860_900_1000_1200_NS::use_default, thrust::THRUST_300001_SM_750_800_860_900_1000_1200_NS::use_default>, thrust::THRUST_300001_SM_750_800_860_900_1000_1200_NS::transform_iterator<at::native::<unnamed>::NonZeroOp<bool>, const bool *, thrust::THRUST_300001_SM_750_800_860_900_1000_1200_NS::use_default, thrust::THRUST_300001_SM_750_800_860_900_1000_1200_NS::use_default>, long *, int *, at_cuda_detail::cub::ScanTileState<int, (bool)1>, at_cuda_detail::cub::NullType, at_cuda_detail::cub::NullType, int, at_cuda_detail::cub::detail::select::streaming_context_t<long, (bool)1>, (at_cuda_detail::cub::SelectImpl)0>(T2, T3, T4, T5, T6, T7, T8, T9, int, T10, at_cuda_detail::cub::detail::vsmem_t)",,,1.886461,1.888157
echo,extend,GPU control,kernel,35565353,35566761,35565353,35566761,7,0,341870085406720,echo/echo/extend_annotated/layer_1/cache_write/call_36,533645,,,cache_write,layer_1,"void at::native::vectorized_elementwise_kernel<(int)8, at::native::bitwise_not_kernel_cuda(at::TensorIteratorBase &)::[lambda(bool) (instance 1)], std::array<char *, (unsigned long)2>>(int, T2, T3)",,,1.945373,1.946781
echo,extend,GPU control,kernel,35586089,35587625,35586089,35587625,7,0,341870085406720,echo/echo/extend_annotated/layer_1/cache_write/call_36,533683,,,cache_write,layer_1,"void at_cuda_detail::cub::detail::reduce::DeviceReduceKernel<at_cuda_detail::cub::detail::reduce::policy_hub<int, unsigned long long, cuda::std::__4::plus<void>>::Policy1000, thrust::THRUST_300001_SM_750_800_860_900_1000_1200_NS::transform_iterator<at::native::<unnamed>::NonZeroOp<bool>, const bool *, thrust::THRUST_300001_SM_750_800_860_900_1000_1200_NS::use_default, thrust::THRUST_300001_SM_750_800_860_900_1000_1200_NS::use_default>, unsigned long long, cuda::std::__4::plus<void>, int, cuda::std::__4::__identity>(T2, T5 *, T3, at_cuda_detail::cub::GridEvenShare<T3>, T4, T6)",,,1.966109,1.967645
echo,extend,GPU control,kernel,35592233,35593641,35592233,35593641,7,0,341870085406720,echo/echo/extend_annotated/layer_1/cache_write/call_36,533689,,,cache_write,layer_1,"void at_cuda_detail::cub::detail::reduce::DeviceReduceSingleTileKernel<at_cuda_detail::cub::detail::reduce::policy_hub<int, unsigned long long, cuda::std::__4::plus<void>>::Policy1000, int *, int *, int, cuda::std::__4::plus<void>, int, int, cuda::std::__4::__identity>(T2, T3, T4, T5, T6, T8)",,,1.972253,1.973661
echo,extend,GPU control,kernel,35618057,35618793,35618057,35618793,7,0,341870085406720,echo/echo/extend_annotated/layer_1/cache_write/call_36,533721,,,cache_write,layer_1,"void at_cuda_detail::cub::detail::scan::DeviceCompactInitKernel<at_cuda_detail::cub::ScanTileState<int, (bool)1>, int *>(T1, int, T2)",,,1.998077,1.998813
echo,extend,GPU control,kernel,35623305,35626441,35623305,35626441,7,0,341870085406720,echo/echo/extend_annotated/layer_1/cache_write/call_36,533727,,,cache_write,layer_1,"void at_cuda_detail::cub::detail::select::DeviceSelectSweepKernel<at_cuda_detail::cub::detail::select::policy_hub<long, bool, int, (bool)0, (at_cuda_detail::cub::SelectImpl)0>::Policy1000, thrust::THRUST_300001_SM_750_800_860_900_1000_1200_NS::counting_iterator<long, thrust::THRUST_300001_SM_750_800_860_900_1000_1200_NS::use_default, thrust::THRUST_300001_SM_750_800_860_900_1000_1200_NS::use_default, thrust::THRUST_300001_SM_750_800_860_900_1000_1200_NS::use_default>, thrust::THRUST_300001_SM_750_800_860_900_1000_1200_NS::transform_iterator<at::native::<unnamed>::NonZeroOp<bool>, const bool *, thrust::THRUST_300001_SM_750_800_860_900_1000_1200_NS::use_default, thrust::THRUST_300001_SM_750_800_860_900_1000_1200_NS::use_default>, long *, int *, at_cuda_detail::cub::ScanTileState<int, (bool)1>, at_cuda_detail::cub::NullType, at_cuda_detail::cub::NullType, int, at_cuda_detail::cub::detail::select::streaming_context_t<long, (bool)1>, (at_cuda_detail::cub::SelectImpl)0>(T2, T3, T4, T5, T6, T7, T8, T9, int, T10, at_cuda_detail::cub::detail::vsmem_t)",,,2.003325,2.006461
echo,extend,GPU control,kernel,35646089,35651337,35646089,35651337,7,0,341870085406720,echo/echo/extend_annotated/layer_1/cache_write/call_36,533743,,,cache_write,layer_1,"void at::native::index_elementwise_kernel<(int)128, (int)4, void at::native::gpu_index_kernel<void at::native::index_kernel_impl<at::native::OpaqueType<(int)8>>(at::TensorIteratorBase &, c10::ArrayRef<long>, c10::ArrayRef<long>)::[lambda(char *, const char *, long) (instance 1)]>(at::TensorIteratorBase &, c10::ArrayRef<long>, c10::ArrayRef<long>, const T1 &, bool)::[lambda(int) (instance 1)]>(long, T3)",,,2.026109,2.031357
echo,extend,GPU control,kernel,35660233,35661449,35660233,35661449,7,0,341870085406720,echo/echo/extend_annotated/layer_1/cache_write/call_36,533756,,,cache_write,layer_1,"void at::native::vectorized_elementwise_kernel<(int)8, at::native::AUnaryFunctor<long, long, bool, at::native::<unnamed>::CompareEqFunctor<long>>, std::array<char *, (unsigned long)2>>(int, T2, T3)",,,2.040253,2.041469
echo,extend,GPU control,kernel,35672137,35676809,35672137,35676809,7,0,341870085406720,echo/echo/extend_annotated/layer_1/cache_write/call_36,533768,,,cache_write,layer_1,"void at::native::index_elementwise_kernel<(int)128, (int)4, void at::native::gpu_index_kernel<void at::native::index_kernel_impl<at::native::OpaqueType<(int)8>>(at::TensorIteratorBase &, c10::ArrayRef<long>, c10::ArrayRef<long>)::[lambda(char *, const char *, long) (instance 1)]>(at::TensorIteratorBase &, c10::ArrayRef<long>, c10::ArrayRef<long>, const T1 &, bool)::[lambda(int) (instance 1)]>(long, T3)",,,2.052157,2.056829
echo,extend,GPU control,kernel,35686601,35687497,35686601,35687497,7,0,341870085406720,echo/echo/extend_annotated/layer_1/cache_write/call_36,533784,,,cache_write,layer_1,"void at::native::vectorized_elementwise_kernel<(int)2, at::native::FillFunctor<long>, std::array<char *, (unsigned long)1>>(int, T2, T3)",,,2.066621,2.067517
echo,extend,GPU control,kernel,35705225,35707145,35705225,35707145,7,0,341870085406720,echo/echo/extend_annotated/layer_1/cache_write/call_36,533802,,,cache_write,layer_1,"void at::native::elementwise_kernel<(int)128, (int)2, void at::native::gpu_kernel_impl_nocast<at::native::<unnamed>::where_kernel_impl(at::TensorIterator &)::[lambda() (instance 1)]::operator ()() const::[lambda() (instance 8)]::operator ()() const::[lambda(bool, long, long) (instance 1)]>(at::TensorIteratorBase &, const T1 &)::[lambda(int) (instance 1)]>(int, T3)",,,2.085245,2.087165
echo,extend,GPU control,kernel,35733673,35734985,35733673,35734985,7,0,341870085406720,echo/echo/extend_annotated/layer_1/cache_write/call_36,533823,,,cache_write,layer_1,"at::native::<unnamed>::fill_reverse_indices_kernel(long *, int, at::cuda::detail::IntDivider<unsigned int>)",,,2.113693,2.115005
echo,extend,GPU control,kernel,35755497,35758665,35755497,35758665,7,0,341870085406720,echo/echo/extend_annotated/layer_1/cache_write/call_36,533847,,,cache_write,layer_1,"void at_cuda_detail::cub::detail::radix_sort::DeviceRadixSortHistogramKernel<at_cuda_detail::cub::detail::radix::policy_hub<long, at::cuda::cub::detail::OpaqueType<(int)8>, unsigned long long>::Policy1000, (at_cuda_detail::cub::SortOrder)0, long, unsigned long long, at_cuda_detail::cub::detail::identity_decomposer_t>(T4 *, const T3 *, T4, int, int, T5)",,,2.135517,2.138685
echo,extend,GPU control,kernel,35761737,35762889,35761737,35762889,7,0,341870085406720,echo/echo/extend_annotated/layer_1/cache_write/call_36,533852,,,cache_write,layer_1,"void at_cuda_detail::cub::detail::radix_sort::DeviceRadixSortExclusiveSumKernel<at_cuda_detail::cub::detail::radix::policy_hub<long, at::cuda::cub::detail::OpaqueType<(int)8>, unsigned long long>::Policy1000, unsigned long long>(T2 *)",,,2.141757,2.142909
echo,extend,GPU control,kernel,35770921,35776841,35770921,35776841,7,0,341870085406720,echo/echo/extend_annotated/layer_1/cache_write/call_36,533859,,,cache_write,layer_1,"void at_cuda_detail::cub::detail::radix_sort::DeviceRadixSortOnesweepKernel<at_cuda_detail::cub::detail::radix::policy_hub<long, at::cuda::cub::detail::OpaqueType<(int)8>, unsigned long long>::Policy1000, (at_cuda_detail::cub::SortOrder)0, long, at::cuda::cub::detail::OpaqueType<(int)8>, unsigned long long, int, int, at_cuda_detail::cub::detail::identity_decomposer_t>(T7 *, T7 *, T5 *, const T5 *, T3 *, const T3 *, T4 *, const T4 *, T6, int, int, T8)",,,2.150941,2.156861
echo,extend,GPU control,kernel,35780105,35785737,35780105,35785737,7,0,341870085406720,echo/echo/extend_annotated/layer_1/cache_write/call_36,533866,,,cache_write,layer_1,"void at_cuda_detail::cub::detail::radix_sort::DeviceRadixSortOnesweepKernel<at_cuda_detail::cub::detail::radix::policy_hub<long, at::cuda::cub::detail::OpaqueType<(int)8>, unsigned long long>::Policy1000, (at_cuda_detail::cub::SortOrder)0, long, at::cuda::cub::detail::OpaqueType<(int)8>, unsigned long long, int, int, at_cuda_detail::cub::detail::identity_decomposer_t>(T7 *, T7 *, T5 *, const T5 *, T3 *, const T3 *, T4 *, const T4 *, T6, int, int, T8)",,,2.160125,2.165757
echo,extend,GPU control,kernel,35789161,35794857,35789161,35794857,7,0,341870085406720,echo/echo/extend_annotated/layer_1/cache_write/call_36,533873,,,cache_write,layer_1,"void at_cuda_detail::cub::detail::radix_sort::DeviceRadixSortOnesweepKernel<at_cuda_detail::cub::detail::radix::policy_hub<long, at::cuda::cub::detail::OpaqueType<(int)8>, unsigned long long>::Policy1000, (at_cuda_detail::cub::SortOrder)0, long, at::cuda::cub::detail::OpaqueType<(int)8>, unsigned long long, int, int, at_cuda_detail::cub::detail::identity_decomposer_t>(T7 *, T7 *, T5 *, const T5 *, T3 *, const T3 *, T4 *, const T4 *, T6, int, int, T8)",,,2.169181,2.174877
echo,extend,GPU control,kernel,35798409,35804137,35798409,35804137,7,0,341870085406720,echo/echo/extend_annotated/layer_1/cache_write/call_36,533880,,,cache_write,layer_1,"void at_cuda_detail::cub::detail::radix_sort::DeviceRadixSortOnesweepKernel<at_cuda_detail::cub::detail::radix::policy_hub<long, at::cuda::cub::detail::OpaqueType<(int)8>, unsigned long long>::Policy1000, (at_cuda_detail::cub::SortOrder)0, long, at::cuda::cub::detail::OpaqueType<(int)8>, unsigned long long, int, int, at_cuda_detail::cub::detail::identity_decomposer_t>(T7 *, T7 *, T5 *, const T5 *, T3 *, const T3 *, T4 *, const T4 *, T6, int, int, T8)",,,2.178429,2.184157
echo,extend,GPU control,kernel,35807497,35813129,35807497,35813129,7,0,341870085406720,echo/echo/extend_annotated/layer_1/cache_write/call_36,533887,,,cache_write,layer_1,"void at_cuda_detail::cub::detail::radix_sort::DeviceRadixSortOnesweepKernel<at_cuda_detail::cub::detail::radix::policy_hub<long, at::cuda::cub::detail::OpaqueType<(int)8>, unsigned long long>::Policy1000, (at_cuda_detail::cub::SortOrder)0, long, at::cuda::cub::detail::OpaqueType<(int)8>, unsigned long long, int, int, at_cuda_detail::cub::detail::identity_decomposer_t>(T7 *, T7 *, T5 *, const T5 *, T3 *, const T3 *, T4 *, const T4 *, T6, int, int, T8)",,,2.187517,2.193149
echo,extend,GPU control,kernel,35816297,35822025,35816297,35822025,7,0,341870085406720,echo/echo/extend_annotated/layer_1/cache_write/call_36,533894,,,cache_write,layer_1,"void at_cuda_detail::cub::detail::radix_sort::DeviceRadixSortOnesweepKernel<at_cuda_detail::cub::detail::radix::policy_hub<long, at::cuda::cub::detail::OpaqueType<(int)8>, unsigned long long>::Policy1000, (at_cuda_detail::cub::SortOrder)0, long, at::cuda::cub::detail::OpaqueType<(int)8>, unsigned long long, int, int, at_cuda_detail::cub::detail::identity_decomposer_t>(T7 *, T7 *, T5 *, const T5 *, T3 *, const T3 *, T4 *, const T4 *, T6, int, int, T8)",,,2.196317,2.202045
echo,extend,GPU control,kernel,35825417,35831177,35825417,35831177,7,0,341870085406720,echo/echo/extend_annotated/layer_1/cache_write/call_36,533901,,,cache_write,layer_1,"void at_cuda_detail::cub::detail::radix_sort::DeviceRadixSortOnesweepKernel<at_cuda_detail::cub::detail::radix::policy_hub<long, at::cuda::cub::detail::OpaqueType<(int)8>, unsigned long long>::Policy1000, (at_cuda_detail::cub::SortOrder)0, long, at::cuda::cub::detail::OpaqueType<(int)8>, unsigned long long, int, int, at_cuda_detail::cub::detail::identity_decomposer_t>(T7 *, T7 *, T5 *, const T5 *, T3 *, const T3 *, T4 *, const T4 *, T6, int, int, T8)",,,2.205437,2.211197
echo,extend,GPU control,kernel,35834633,35840393,35834633,35840393,7,0,341870085406720,echo/echo/extend_annotated/layer_1/cache_write/call_36,533908,,,cache_write,layer_1,"void at_cuda_detail::cub::detail::radix_sort::DeviceRadixSortOnesweepKernel<at_cuda_detail::cub::detail::radix::policy_hub<long, at::cuda::cub::detail::OpaqueType<(int)8>, unsigned long long>::Policy1000, (at_cuda_detail::cub::SortOrder)0, long, at::cuda::cub::detail::OpaqueType<(int)8>, unsigned long long, int, int, at_cuda_detail::cub::detail::identity_decomposer_t>(T7 *, T7 *, T5 *, const T5 *, T3 *, const T3 *, T4 *, const T4 *, T6, int, int, T8)",,,2.214653,2.220413
echo,extend,GPU control,kernel,35843369,35844809,35843369,35844809,7,0,341870085406720,echo/echo/extend_annotated/layer_1/cache_write/call_36,533926,,,cache_write,layer_1,"void at::native::index_elementwise_kernel<(int)128, (int)4, void at::native::gpu_index_kernel<void at::native::index_kernel_impl<at::native::OpaqueType<(int)8>>(at::TensorIteratorBase &, c10::ArrayRef<long>, c10::ArrayRef<long>)::[lambda(char *, const char *, long) (instance 1)]>(at::TensorIteratorBase &, c10::ArrayRef<long>, c10::ArrayRef<long>, const T1 &, bool)::[lambda(int) (instance 1)]>(long, T3)",,,2.223389,2.224829
echo,extend,GPU control,kernel,35858345,35859689,35858345,35859689,7,0,341870085406720,echo/echo/extend_annotated/layer_1/cache_write/call_36,533940,,,cache_write,layer_1,"void at::native::index_elementwise_kernel<(int)128, (int)4, void at::native::gpu_index_kernel<void at::native::index_kernel_impl<at::native::OpaqueType<(int)8>>(at::TensorIteratorBase &, c10::ArrayRef<long>, c10::ArrayRef<long>)::[lambda(char *, const char *, long) (instance 1)]>(at::TensorIteratorBase &, c10::ArrayRef<long>, c10::ArrayRef<long>, const T1 &, bool)::[lambda(int) (instance 1)]>(long, T3)",,,2.238365,2.239709
echo,extend,GPU control,kernel,35869161,35870153,35869161,35870153,7,0,341870085406720,echo/echo/extend_annotated/layer_1/cache_write/call_36,533953,,,cache_write,layer_1,"void at::native::vectorized_elementwise_kernel<(int)8, at::native::AUnaryFunctor<long, long, bool, at::native::<unnamed>::CompareEqFunctor<long>>, std::array<char *, (unsigned long)2>>(int, T2, T3)",,,2.249181,2.250173
echo,extend,GPU control,kernel,35881769,35882857,35881769,35882857,7,0,341870085406720,echo/echo/extend_annotated/layer_1/cache_write/call_36,533976,,,cache_write,layer_1,"void at_cuda_detail::cub::detail::reduce::DeviceReduceSingleTileKernel<at_cuda_detail::cub::detail::reduce::policy_hub<int, unsigned long long, cuda::std::__4::plus<void>>::Policy1000, thrust::THRUST_300001_SM_750_800_860_900_1000_1200_NS::transform_iterator<at::native::<unnamed>::NonZeroOp<bool>, const bool *, thrust::THRUST_300001_SM_750_800_860_900_1000_1200_NS::use_default, thrust::THRUST_300001_SM_750_800_860_900_1000_1200_NS::use_default>, int *, unsigned long long, cuda::std::__4::plus<void>, int, int, cuda::std::__4::__identity>(T2, T3, T4, T5, T6, T8)",,,2.261789,2.262877
echo,extend,GPU control,kernel,35904713,35905481,35904713,35905481,7,0,341870085406720,echo/echo/extend_annotated/layer_1/cache_write/call_36,534004,,,cache_write,layer_1,"void at_cuda_detail::cub::detail::scan::DeviceCompactInitKernel<at_cuda_detail::cub::ScanTileState<int, (bool)1>, int *>(T1, int, T2)",,,2.284733,2.285501
echo,extend,GPU control,kernel,35909865,35911689,35909865,35911689,7,0,341870085406720,echo/echo/extend_annotated/layer_1/cache_write/call_36,534010,,,cache_write,layer_1,"void at_cuda_detail::cub::detail::select::DeviceSelectSweepKernel<at_cuda_detail::cub::detail::select::policy_hub<long, bool, int, (bool)0, (at_cuda_detail::cub::SelectImpl)0>::Policy1000, thrust::THRUST_300001_SM_750_800_860_900_1000_1200_NS::counting_iterator<long, thrust::THRUST_300001_SM_750_800_860_900_1000_1200_NS::use_default, thrust::THRUST_300001_SM_750_800_860_900_1000_1200_NS::use_default, thrust::THRUST_300001_SM_750_800_860_900_1000_1200_NS::use_default>, thrust::THRUST_300001_SM_750_800_860_900_1000_1200_NS::transform_iterator<at::native::<unnamed>::NonZeroOp<bool>, const bool *, thrust::THRUST_300001_SM_750_800_860_900_1000_1200_NS::use_default, thrust::THRUST_300001_SM_750_800_860_900_1000_1200_NS::use_default>, long *, int *, at_cuda_detail::cub::ScanTileState<int, (bool)1>, at_cuda_detail::cub::NullType, at_cuda_detail::cub::NullType, int, at_cuda_detail::cub::detail::select::streaming_context_t<long, (bool)1>, (at_cuda_detail::cub::SelectImpl)0>(T2, T3, T4, T5, T6, T7, T8, T9, int, T10, at_cuda_detail::cub::detail::vsmem_t)",,,2.289885,2.291709
echo,extend,GPU control,kernel,35975976,35977416,35975976,35977416,7,0,341870085406720,echo/echo/extend_annotated/layer_1/cache_write/call_36,534071,,,cache_write,layer_1,"void at::native::index_elementwise_kernel<(int)128, (int)4, void at::native::gpu_index_kernel<void at::native::index_put_kernel_impl<at::native::OpaqueType<(int)8>>(at::TensorIterator &, c10::ArrayRef<long>, c10::ArrayRef<long>)::[lambda(char *, const char *, long) (instance 1)]>(at::TensorIteratorBase &, c10::ArrayRef<long>, c10::ArrayRef<long>, const T1 &, bool)::[lambda(int) (instance 1)]>(long, T3)",,,2.355996,2.357436
echo,extend,GPU control,kernel,36003784,36005000,36003784,36005000,7,0,341870085406720,echo/echo/extend_annotated/layer_1/cache_write/call_36,534098,,,cache_write,layer_1,"void at::native::index_elementwise_kernel<(int)128, (int)4, void at::native::gpu_index_kernel<void at::native::index_put_kernel_impl<at::native::OpaqueType<(int)8>>(at::TensorIterator &, c10::ArrayRef<long>, c10::ArrayRef<long>)::[lambda(char *, const char *, long) (instance 1)]>(at::TensorIteratorBase &, c10::ArrayRef<long>, c10::ArrayRef<long>, const T1 &, bool)::[lambda(int) (instance 1)]>(long, T3)",,,2.383804,2.38502
echo,extend,GPU control,kernel,36030184,36031720,36030184,36031720,7,0,341870085406720,echo/echo/extend_annotated/layer_1/cache_write/call_36,534125,,,cache_write,layer_1,"void at::native::index_elementwise_kernel<(int)128, (int)4, void at::native::gpu_index_kernel<void at::native::index_put_kernel_impl<at::native::OpaqueType<(int)1>>(at::TensorIterator &, c10::ArrayRef<long>, c10::ArrayRef<long>)::[lambda(char *, const char *, long) (instance 1)]>(at::TensorIteratorBase &, c10::ArrayRef<long>, c10::ArrayRef<long>, const T1 &, bool)::[lambda(int) (instance 1)]>(long, T3)",,,2.410204,2.41174
echo,extend,GPU control,kernel,36044264,36045256,36044264,36045256,7,0,341870085406720,echo/echo/extend_annotated/layer_1/cache_write/call_36,534150,,,cache_write,layer_1,"void at_cuda_detail::cub::detail::reduce::DeviceReduceSingleTileKernel<at_cuda_detail::cub::detail::reduce::policy_hub<int, unsigned long long, cuda::std::__4::plus<void>>::Policy1000, thrust::THRUST_300001_SM_750_800_860_900_1000_1200_NS::transform_iterator<at::native::<unnamed>::NonZeroOp<bool>, const bool *, thrust::THRUST_300001_SM_750_800_860_900_1000_1200_NS::use_default, thrust::THRUST_300001_SM_750_800_860_900_1000_1200_NS::use_default>, int *, unsigned long long, cuda::std::__4::plus<void>, int, int, cuda::std::__4::__identity>(T2, T3, T4, T5, T6, T8)",,,2.424284,2.425276
echo,extend,GPU control,kernel,36065896,36066664,36065896,36066664,7,0,341870085406720,echo/echo/extend_annotated/layer_1/cache_write/call_36,534178,,,cache_write,layer_1,"void at_cuda_detail::cub::detail::scan::DeviceCompactInitKernel<at_cuda_detail::cub::ScanTileState<int, (bool)1>, int *>(T1, int, T2)",,,2.445916,2.446684
echo,extend,GPU control,kernel,36071144,36072616,36071144,36072616,7,0,341870085406720,echo/echo/extend_annotated/layer_1/cache_write/call_36,534184,,,cache_write,layer_1,"void at_cuda_detail::cub::detail::select::DeviceSelectSweepKernel<at_cuda_detail::cub::detail::select::policy_hub<long, bool, int, (bool)0, (at_cuda_detail::cub::SelectImpl)0>::Policy1000, thrust::THRUST_300001_SM_750_800_860_900_1000_1200_NS::counting_iterator<long, thrust::THRUST_300001_SM_750_800_860_900_1000_1200_NS::use_default, thrust::THRUST_300001_SM_750_800_860_900_1000_1200_NS::use_default, thrust::THRUST_300001_SM_750_800_860_900_1000_1200_NS::use_default>, thrust::THRUST_300001_SM_750_800_860_900_1000_1200_NS::transform_iterator<at::native::<unnamed>::NonZeroOp<bool>, const bool *, thrust::THRUST_300001_SM_750_800_860_900_1000_1200_NS::use_default, thrust::THRUST_300001_SM_750_800_860_900_1000_1200_NS::use_default>, long *, int *, at_cuda_detail::cub::ScanTileState<int, (bool)1>, at_cuda_detail::cub::NullType, at_cuda_detail::cub::NullType, int, at_cuda_detail::cub::detail::select::streaming_context_t<long, (bool)1>, (at_cuda_detail::cub::SelectImpl)0>(T2, T3, T4, T5, T6, T7, T8, T9, int, T10, at_cuda_detail::cub::detail::vsmem_t)",,,2.451164,2.452636
echo,extend,GPU control,kernel,36097672,36101672,36097672,36101672,7,0,341870085406720,echo/echo/extend_annotated/layer_1/cache_write/call_36,534204,,,cache_write,layer_1,"void at::native::index_elementwise_kernel<(int)128, (int)4, void at::native::index_copy_kernel_impl<at::native::OpaqueType<(int)2>>(at::TensorIterator &, long, long, long)::[lambda(int) (instance 1)]>(long, T3)",,,2.477692,2.481692
echo,extend,GPU control,kernel,36110088,36111176,36110088,36111176,7,0,341870085406720,echo/echo/extend_annotated/layer_1/cache_write/call_36,534218,,,cache_write,layer_1,"void at::native::unrolled_elementwise_kernel<at::native::direct_copy_kernel_cuda(at::TensorIteratorBase &)::[lambda() (instance 3)]::operator ()() const::[lambda() (instance 3)]::operator ()() const::[lambda(int) (instance 1)], std::array<char *, (unsigned long)2>, (int)4, TrivialOffsetCalculator<(int)1, unsigned int>, TrivialOffsetCalculator<(int)1, unsigned int>, at::native::memory::LoadWithCast<(int)1>, at::native::memory::StoreWithCast<(int)1>>(int, T1, T2, T4, T5, T6, T7)",,,2.490108,2.491196
echo,extend,GPU control,kernel,36122792,36124264,36122792,36124264,7,0,341870085406720,echo/echo/extend_annotated/layer_1/cache_write/call_36,534227,,,cache_write,layer_1,"void at::native::index_elementwise_kernel<(int)128, (int)4, void at::native::gpu_index_kernel<void at::native::index_put_kernel_impl<at::native::OpaqueType<(int)4>>(at::TensorIterator &, c10::ArrayRef<long>, c10::ArrayRef<long>)::[lambda(char *, const char *, long) (instance 1)]>(at::TensorIteratorBase &, c10::ArrayRef<long>, c10::ArrayRef<long>, const T1 &, bool)::[lambda(int) (instance 1)]>(long, T3)",,,2.502812,2.504284
echo,extend,GPU control,kernel,36132968,36134568,36132968,36134568,7,0,341870085406720,echo/echo/extend_annotated/layer_1/cache_write/call_36,534237,,,cache_write,layer_1,"void at::native::index_elementwise_kernel<(int)128, (int)4, void at::native::gpu_index_kernel<void at::native::index_put_kernel_impl<at::native::OpaqueType<(int)8>>(at::TensorIterator &, c10::ArrayRef<long>, c10::ArrayRef<long>)::[lambda(char *, const char *, long) (instance 1)]>(at::TensorIteratorBase &, c10::ArrayRef<long>, c10::ArrayRef<long>, const T1 &, bool)::[lambda(int) (instance 1)]>(long, T3)",,,2.512988,2.514588
echo,extend,GPU control,kernel,36159656,36161128,36159656,36161128,7,0,341870085406720,echo/echo/extend_annotated/layer_1/cache_write/call_36,534264,,,cache_write,layer_1,"void at::native::index_elementwise_kernel<(int)128, (int)4, void at::native::gpu_index_kernel<void at::native::index_put_kernel_impl<at::native::OpaqueType<(int)1>>(at::TensorIterator &, c10::ArrayRef<long>, c10::ArrayRef<long>)::[lambda(char *, const char *, long) (instance 1)]>(at::TensorIteratorBase &, c10::ArrayRef<long>, c10::ArrayRef<long>, const T1 &, bool)::[lambda(int) (instance 1)]>(long, T3)",,,2.539676,2.541148
echo,extend,GPU control,kernel,36187784,36189096,36187784,36189096,7,0,341870085406720,echo/echo/extend_annotated/layer_1/cache_write/call_36,534291,,,cache_write,layer_1,"void at::native::index_elementwise_kernel<(int)128, (int)4, void at::native::gpu_index_kernel<void at::native::index_put_kernel_impl<at::native::OpaqueType<(int)8>>(at::TensorIterator &, c10::ArrayRef<long>, c10::ArrayRef<long>)::[lambda(char *, const char *, long) (instance 1)]>(at::TensorIteratorBase &, c10::ArrayRef<long>, c10::ArrayRef<long>, const T1 &, bool)::[lambda(int) (instance 1)]>(long, T3)",,,2.567804,2.569116
echo,extend,GPU control,kernel,36197000,36197672,36197000,36197672,7,0,341870085406720,echo/echo/extend_annotated/layer_1/cache_write/call_36,534300,,,cache_write,layer_1,"void at::native::vectorized_elementwise_kernel<(int)2, at::native::FillFunctor<long>, std::array<char *, (unsigned long)1>>(int, T2, T3)",,,2.57702,2.577692
echo,extend,GPU control,kernel,36459848,36460776,36459848,36460776,7,0,341870085406720,echo/echo/extend_annotated/layer_1/offload_exact_recall/call_37,534395,,,offload_exact_recall,layer_1,"echo_native::sparse_union_clear(unsigned int *, long, unsigned int *, unsigned int *)",,,2.839868,2.840796
echo,extend,GPU control,kernel,36466472,36485000,36466472,36485000,7,0,341870085406720,echo/echo/extend_annotated/layer_1/offload_exact_recall/call_37,534398,,,offload_exact_recall,layer_1,"void echo_native::sparse_union_kernel<(bool)0>(const int *, long, unsigned int *, int, int)",,,2.846492,2.86502
echo,extend,GPU control,kernel,36486312,36490312,36486312,36490312,7,0,341870085406720,echo/echo/extend_annotated/layer_1/offload_exact_recall/call_37,534401,,,offload_exact_recall,layer_1,"echo_native::sparse_classify_kernel(const unsigned int *, const int *, const int *, const long *, int, long *, long *, int *, unsigned int *, unsigned int *, unsigned long long *, int, int, int, long)",,,2.866332,2.870332
echo,extend,GPU control,kernel,36528008,36529256,36528008,36529256,7,0,341870085406720,echo/echo/extend_annotated/layer_1/offload_exact_recall/call_37,534433,,,offload_exact_recall,layer_1,"at::native::<unnamed>::fill_reverse_indices_kernel(long *, int, at::cuda::detail::IntDivider<unsigned int>)",,,2.908028,2.909276
echo,extend,GPU control,kernel,36549960,36553128,36549960,36553128,7,0,341870085406720,echo/echo/extend_annotated/layer_1/offload_exact_recall/call_37,534457,,,offload_exact_recall,layer_1,"void at_cuda_detail::cub::detail::radix_sort::DeviceRadixSortHistogramKernel<at_cuda_detail::cub::detail::radix::policy_hub<long, at::cuda::cub::detail::OpaqueType<(int)8>, unsigned long long>::Policy1000, (at_cuda_detail::cub::SortOrder)0, long, unsigned long long, at_cuda_detail::cub::detail::identity_decomposer_t>(T4 *, const T3 *, T4, int, int, T5)",,,2.92998,2.933148
echo,extend,GPU control,kernel,36555656,36556808,36555656,36556808,7,0,341870085406720,echo/echo/extend_annotated/layer_1/offload_exact_recall/call_37,534462,,,offload_exact_recall,layer_1,"void at_cuda_detail::cub::detail::radix_sort::DeviceRadixSortExclusiveSumKernel<at_cuda_detail::cub::detail::radix::policy_hub<long, at::cuda::cub::detail::OpaqueType<(int)8>, unsigned long long>::Policy1000, unsigned long long>(T2 *)",,,2.935676,2.936828
echo,extend,GPU control,kernel,36564616,36570536,36564616,36570536,7,0,341870085406720,echo/echo/extend_annotated/layer_1/offload_exact_recall/call_37,534469,,,offload_exact_recall,layer_1,"void at_cuda_detail::cub::detail::radix_sort::DeviceRadixSortOnesweepKernel<at_cuda_detail::cub::detail::radix::policy_hub<long, at::cuda::cub::detail::OpaqueType<(int)8>, unsigned long long>::Policy1000, (at_cuda_detail::cub::SortOrder)0, long, at::cuda::cub::detail::OpaqueType<(int)8>, unsigned long long, int, int, at_cuda_detail::cub::detail::identity_decomposer_t>(T7 *, T7 *, T5 *, const T5 *, T3 *, const T3 *, T4 *, const T4 *, T6, int, int, T8)",,,2.944636,2.950556
echo,extend,GPU control,kernel,36574056,36579751,36574056,36579751,7,0,341870085406720,echo/echo/extend_annotated/layer_1/offload_exact_recall/call_37,534476,,,offload_exact_recall,layer_1,"void at_cuda_detail::cub::detail::radix_sort::DeviceRadixSortOnesweepKernel<at_cuda_detail::cub::detail::radix::policy_hub<long, at::cuda::cub::detail::OpaqueType<(int)8>, unsigned long long>::Policy1000, (at_cuda_detail::cub::SortOrder)0, long, at::cuda::cub::detail::OpaqueType<(int)8>, unsigned long long, int, int, at_cuda_detail::cub::detail::identity_decomposer_t>(T7 *, T7 *, T5 *, const T5 *, T3 *, const T3 *, T4 *, const T4 *, T6, int, int, T8)",,,2.954076,2.959771
echo,extend,GPU control,kernel,36583239,36588903,36583239,36588903,7,0,341870085406720,echo/echo/extend_annotated/layer_1/offload_exact_recall/call_37,534483,,,offload_exact_recall,layer_1,"void at_cuda_detail::cub::detail::radix_sort::DeviceRadixSortOnesweepKernel<at_cuda_detail::cub::detail::radix::policy_hub<long, at::cuda::cub::detail::OpaqueType<(int)8>, unsigned long long>::Policy1000, (at_cuda_detail::cub::SortOrder)0, long, at::cuda::cub::detail::OpaqueType<(int)8>, unsigned long long, int, int, at_cuda_detail::cub::detail::identity_decomposer_t>(T7 *, T7 *, T5 *, const T5 *, T3 *, const T3 *, T4 *, const T4 *, T6, int, int, T8)",,,2.963259,2.968923
echo,extend,GPU control,kernel,36592327,36597927,36592327,36597927,7,0,341870085406720,echo/echo/extend_annotated/layer_1/offload_exact_recall/call_37,534490,,,offload_exact_recall,layer_1,"void at_cuda_detail::cub::detail::radix_sort::DeviceRadixSortOnesweepKernel<at_cuda_detail::cub::detail::radix::policy_hub<long, at::cuda::cub::detail::OpaqueType<(int)8>, unsigned long long>::Policy1000, (at_cuda_detail::cub::SortOrder)0, long, at::cuda::cub::detail::OpaqueType<(int)8>, unsigned long long, int, int, at_cuda_detail::cub::detail::identity_decomposer_t>(T7 *, T7 *, T5 *, const T5 *, T3 *, const T3 *, T4 *, const T4 *, T6, int, int, T8)",,,2.972347,2.977947
echo,extend,GPU control,kernel,36601447,36607143,36601447,36607143,7,0,341870085406720,echo/echo/extend_annotated/layer_1/offload_exact_recall/call_37,534497,,,offload_exact_recall,layer_1,"void at_cuda_detail::cub::detail::radix_sort::DeviceRadixSortOnesweepKernel<at_cuda_detail::cub::detail::radix::policy_hub<long, at::cuda::cub::detail::OpaqueType<(int)8>, unsigned long long>::Policy1000, (at_cuda_detail::cub::SortOrder)0, long, at::cuda::cub::detail::OpaqueType<(int)8>, unsigned long long, int, int, at_cuda_detail::cub::detail::identity_decomposer_t>(T7 *, T7 *, T5 *, const T5 *, T3 *, const T3 *, T4 *, const T4 *, T6, int, int, T8)",,,2.981467,2.987163
echo,extend,GPU control,kernel,36610599,36616231,36610599,36616231,7,0,341870085406720,echo/echo/extend_annotated/layer_1/offload_exact_recall/call_37,534504,,,offload_exact_recall,layer_1,"void at_cuda_detail::cub::detail::radix_sort::DeviceRadixSortOnesweepKernel<at_cuda_detail::cub::detail::radix::policy_hub<long, at::cuda::cub::detail::OpaqueType<(int)8>, unsigned long long>::Policy1000, (at_cuda_detail::cub::SortOrder)0, long, at::cuda::cub::detail::OpaqueType<(int)8>, unsigned long long, int, int, at_cuda_detail::cub::detail::identity_decomposer_t>(T7 *, T7 *, T5 *, const T5 *, T3 *, const T3 *, T4 *, const T4 *, T6, int, int, T8)",,,2.990619,2.996251
echo,extend,GPU control,kernel,36619495,36625191,36619495,36625191,7,0,341870085406720,echo/echo/extend_annotated/layer_1/offload_exact_recall/call_37,534511,,,offload_exact_recall,layer_1,"void at_cuda_detail::cub::detail::radix_sort::DeviceRadixSortOnesweepKernel<at_cuda_detail::cub::detail::radix::policy_hub<long, at::cuda::cub::detail::OpaqueType<(int)8>, unsigned long long>::Policy1000, (at_cuda_detail::cub::SortOrder)0, long, at::cuda::cub::detail::OpaqueType<(int)8>, unsigned long long, int, int, at_cuda_detail::cub::detail::identity_decomposer_t>(T7 *, T7 *, T5 *, const T5 *, T3 *, const T3 *, T4 *, const T4 *, T6, int, int, T8)",,,2.999515,3.005211
echo,extend,GPU control,kernel,36628455,36634151,36628455,36634151,7,0,341870085406720,echo/echo/extend_annotated/layer_1/offload_exact_recall/call_37,534518,,,offload_exact_recall,layer_1,"void at_cuda_detail::cub::detail::radix_sort::DeviceRadixSortOnesweepKernel<at_cuda_detail::cub::detail::radix::policy_hub<long, at::cuda::cub::detail::OpaqueType<(int)8>, unsigned long long>::Policy1000, (at_cuda_detail::cub::SortOrder)0, long, at::cuda::cub::detail::OpaqueType<(int)8>, unsigned long long, int, int, at_cuda_detail::cub::detail::identity_decomposer_t>(T7 *, T7 *, T5 *, const T5 *, T3 *, const T3 *, T4 *, const T4 *, T6, int, int, T8)",,,3.008475,3.014171
echo,extend,GPU control,kernel,36640327,36643047,36640327,36643047,7,0,341870085406720,echo/echo/extend_annotated/layer_1/offload_exact_recall/call_37,534536,,,offload_exact_recall,layer_1,"void at::native::unrolled_elementwise_kernel<at::native::direct_copy_kernel_cuda(at::TensorIteratorBase &)::[lambda() (instance 3)]::operator ()() const::[lambda() (instance 4)]::operator ()() const::[lambda(long) (instance 1)], std::array<char *, (unsigned long)2>, (int)4, TrivialOffsetCalculator<(int)1, unsigned int>, TrivialOffsetCalculator<(int)1, unsigned int>, at::native::memory::LoadWithCast<(int)1>, at::native::memory::StoreWithCast<(int)1>>(int, T1, T2, T4, T5, T6, T7)",,,3.020347,3.023067
echo,extend,GPU control,kernel,36653863,36654535,36653863,36654535,7,0,341870085406720,echo/echo/extend_annotated/layer_1/offload_exact_recall/call_37,534563,,,offload_exact_recall,layer_1,"void at_cuda_detail::cub::detail::scan::DeviceScanInitKernel<at_cuda_detail::cub::ScanTileState<long, (bool)1>>(T1, int)",,,3.033883,3.034555
echo,extend,GPU control,kernel,36661703,36664775,36661703,36664775,7,0,341870085406720,echo/echo/extend_annotated/layer_1/offload_exact_recall/call_37,534575,,,offload_exact_recall,layer_1,"void at_cuda_detail::cub::detail::scan::DeviceScanKernel<at_cuda_detail::cub::detail::scan::policy_hub<long, long, long, unsigned int, std::plus<long>>::Policy1000, const long *, long *, at_cuda_detail::cub::ScanTileState<long, (bool)1>, std::plus<long>, at_cuda_detail::cub::NullType, unsigned int, long, (bool)0, at_cuda_detail::cub::NullType>(T2, T3, T4, int, T5, T6, T7)",,,3.041723,3.044795
echo,extend,GPU control,kernel,36711623,36714503,36711623,36714503,7,0,341870085406720,echo/echo/extend_annotated/layer_1/offload_exact_recall/call_37,534592,,,offload_exact_recall,layer_1,"echo_native::sparse_compact_kernel(const long *, const int *, int *, long *, long *, bool *, unsigned long long *, long *, long *, int, int, int, int, long)",,,3.091643,3.094523
echo,extend,IO,kernel,36753607,36764615,36753607,36764615,7,0,341870085406720,echo/echo/extend_annotated/layer_1/offload_exact_recall/call_37,534606,,,offload_exact_recall,layer_1,"void <unnamed>::gather_records<unsigned int>(const unsigned char *, unsigned char *, const long *, const long *, long, long, long, long, const T1 *)",mapped_host_gather,,3.133627,3.144635
echo,extend,GPU control,kernel,36787559,36790055,36787559,36790055,7,0,341870085406720,echo/echo/extend_annotated/layer_1/offload_exact_recall/call_37,534614,,,offload_exact_recall,layer_1,"echo_native::sparse_publish_kernel(const long *, const long *, int, int *, long *, long *, bool *, long *, int, int, long, const unsigned int *, unsigned long long *)",,,3.167579,3.170075
echo,extend,GPU control,kernel,36815943,36821959,36815943,36821959,7,0,341870085406720,echo/echo/extend_annotated/layer_1/offload_exact_recall/call_37,534622,,,offload_exact_recall,layer_1,"echo_native::sparse_map_kernel(const int *, int *, long, const int *, const int *, int, int, int, int)",,,3.195963,3.201979
echo,extend,Compute,kernel,36962919,37084039,36962919,37084039,7,0,341870085406720,echo/echo/extend_annotated/layer_1/mla_qk_pv/call_39,534656,,,mla_qk_pv,layer_1,"void sm90::prefill::sparse_fwd::sparse_attn_fwd_kernel<sm90::prefill::sparse_fwd::KernelTemplate<(int)576, (bool)0>, sm90::prefill::sparse_fwd::KernelTemplate<(int)576, (bool)0>::TmaParams<cute::tuple<int, int, int>, cute::TiledCopy<cute::Copy_Atom<cute::Copy_Traits<cute::SM90_TMA_LOAD, cute::C<(int)65536>, cute::AuxTmaParams<cute::tuple<cute::ScaledBasis<cute::C<(int)1>, (int)1>, cute::ScaledBasis<cute::C<(int)1>, (int)0>, cute::ScaledBasis<cute::C<(int)1>, (int)2>>, const cute::Layout<cute::tuple<cute::C<(int)64>, cute::C<(int)64>, cute::C<(int)1>>, cute::tuple<cute::ScaledBasis<cute::C<(int)1>, (int)1>, cute::ScaledBasis<cute::C<(int)1>, (int)0>, cute::ScaledBasis<cute::C<(int)1>, (int)2>>> &, const cute::Swizzle<(int)3, (int)4, (int)3> &>>, cutlass::bfloat16_t>, cute::Layout<cute::tuple<cute::C<(int)1>, cute::tuple<cute::tuple<cute::tuple<cute::C<(int)64>, cute::C<(int)64>>, cute::C<(int)9>>>>, cute::tuple<cute::C<(int)0>, cute::tuple<cute::tuple<cute::tuple<cute::C<(int)64>, cute::C<(int)1>>, cute::C<(int)4096>>>>>, cute::tuple<cute::C<(int)64>, cute::C<(int)576>>>>>(SparseAttnFwdParams, T2)",,,3.342939,3.464059
echo,extend,Compute,kernel,37088807,37099495,37088807,37099495,7,0,341870085406720,echo/echo/extend_annotated/layer_1/v_expand/call_42,534670,,,v_expand,layer_1,nvjet_sm90_tst_128x128_64x6_1x1_h_bz_NNT,,,3.468827,3.479515
echo,extend,Compute,kernel,37165543,37168199,37165543,37168199,7,0,341870085406720,echo/echo/extend_annotated/layer_1/compute_graph_finish_layer_1_q_128/call_43,534675,17,73014444032,o_proj,layer_1,activation_quantization,,,3.545563,3.548219
echo,extend,Compute,kernel,37168583,37172103,37168583,37172103,7,0,341870085406720,echo/echo/extend_annotated/layer_1/compute_graph_finish_layer_1_q_128/call_43,534675,17,73014444033,o_proj,layer_1,"void deep_gemm::transpose_fp32<(unsigned int)512, (unsigned int)64, (unsigned int)128, (unsigned int)128, (unsigned int)129>(const float *, float *, unsigned int)",,,3.548603,3.552123
echo,extend,Compute,kernel,37172487,37215815,37172487,37215815,7,0,341870085406720,echo/echo/extend_annotated/layer_1/compute_graph_finish_layer_1_q_128/call_43,534675,17,73014444034,o_proj,layer_1,"void deep_gemm::sm90_fp8_gemm_1d2d_impl<(cute::UMMA::Major)0, (unsigned int)0, (unsigned int)7168, (unsigned int)16384, (unsigned int)1, (unsigned int)64, (unsigned int)112, (unsigned int)128, (unsigned int)128, (unsigned int)128, (unsigned int)32, (unsigned int)9, (unsigned int)128, (unsigned int)128, (unsigned int)1, (bool)0, (unsigned int)132, (deep_gemm::GemmType)0, cutlass::bfloat16_t>(float *, int *, unsigned int, unsigned int, unsigned int, CUtensorMap_st, CUtensorMap_st, CUtensorMap_st, CUtensorMap_st)",,,3.552507,3.595835
echo,extend,Compute,kernel,37216423,37219687,37216423,37219687,7,0,341870085406720,echo/echo/extend_annotated/layer_1/compute_graph_finish_layer_1_q_128/call_43,534675,17,73014444035,compute_graph_finish_layer_1_q_128,layer_1,kernel_cutlass_kernel_operatorsdeepseek_v32norm_fusedLocalFusedRMSNorm_object_at__tensorptrbf16gmemalign128oi64716871681_tensorptrbf16gmemalign128oi64716871681_tensorptrf32gmemalign16o716_0,,,3.596443,3.599707
echo,extend,Compute,kernel,37220071,37222055,37220071,37222055,7,0,341870085406720,echo/echo/extend_annotated/layer_1/compute_graph_finish_layer_1_q_128/call_43,534675,17,73014444036,mlp_gate,layer_1,activation_quantization,,,3.600091,3.602075
echo,extend,Compute,kernel,37222439,37224359,37222439,37224359,7,0,341870085406720,echo/echo/extend_annotated/layer_1/compute_graph_finish_layer_1_q_128/call_43,534675,17,73014444037,mlp_gate,layer_1,"void deep_gemm::transpose_fp32<(unsigned int)512, (unsigned int)64, (unsigned int)56, (unsigned int)128, (unsigned int)57>(const float *, float *, unsigned int)",,,3.602459,3.604379
echo,extend,Compute,kernel,37225319,37263334,37225319,37263334,7,0,341870085406720,echo/echo/extend_annotated/layer_1/compute_graph_finish_layer_1_q_128/call_43,534675,17,73014444038,mlp_gate,layer_1,"void deep_gemm::sm90_fp8_gemm_1d2d_impl<(cute::UMMA::Major)0, (unsigned int)0, (unsigned int)18432, (unsigned int)7168, (unsigned int)1, (unsigned int)128, (unsigned int)144, (unsigned int)128, (unsigned int)128, (unsigned int)128, (unsigned int)32, (unsigned int)5, (unsigned int)128, (unsigned int)256, (unsigned int)1, (bool)0, (unsigned int)132, (deep_gemm::GemmType)0, cutlass::bfloat16_t>(float *, int *, unsigned int, unsigned int, unsigned int, CUtensorMap_st, CUtensorMap_st, CUtensorMap_st, CUtensorMap_st)",,,3.605339,3.643354
echo,extend,Compute,kernel,37263654,37265894,37263654,37265894,7,0,341870085406720,echo/echo/extend_annotated/layer_1/compute_graph_finish_layer_1_q_128/call_43,534675,17,73014444039,mlp_up,layer_1,"void deep_gemm::transpose_fp32<(unsigned int)512, (unsigned int)64, (unsigned int)56, (unsigned int)128, (unsigned int)57>(const float *, float *, unsigned int)",,,3.643674,3.645914
echo,extend,Compute,kernel,37266278,37303782,37266278,37303782,7,0,341870085406720,echo/echo/extend_annotated/layer_1/compute_graph_finish_layer_1_q_128/call_43,534675,17,73014444040,mlp_up,layer_1,"void deep_gemm::sm90_fp8_gemm_1d2d_impl<(cute::UMMA::Major)0, (unsigned int)0, (unsigned int)18432, (unsigned int)7168, (unsigned int)1, (unsigned int)128, (unsigned int)144, (unsigned int)128, (unsigned int)128, (unsigned int)128, (unsigned int)32, (unsigned int)5, (unsigned int)128, (unsigned int)256, (unsigned int)1, (bool)0, (unsigned int)132, (deep_gemm::GemmType)0, cutlass::bfloat16_t>(float *, int *, unsigned int, unsigned int, unsigned int, CUtensorMap_st, CUtensorMap_st, CUtensorMap_st, CUtensorMap_st)",,,3.646298,3.683802
echo,extend,Compute,kernel,37304454,37309414,37304454,37309414,7,0,341870085406720,echo/echo/extend_annotated/layer_1/compute_graph_finish_layer_1_q_128/call_43,534675,17,73014444041,compute_graph_finish_layer_1_q_128,layer_1,"void flashinfer::activation::act_and_mul_kernel<__nv_bfloat16, &silu>(T1 *, const T1 *, int)",,,3.684474,3.689434
echo,extend,Compute,kernel,37309862,37312390,37309862,37312390,7,0,341870085406720,echo/echo/extend_annotated/layer_1/compute_graph_finish_layer_1_q_128/call_43,534675,17,73014444042,mlp_down,layer_1,activation_quantization,,,3.689882,3.69241
echo,extend,Compute,kernel,37312870,37316742,37312870,37316742,7,0,341870085406720,echo/echo/extend_annotated/layer_1/compute_graph_finish_layer_1_q_128/call_43,534675,17,73014444043,mlp_down,layer_1,"void deep_gemm::transpose_fp32<(unsigned int)512, (unsigned int)64, (unsigned int)144, (unsigned int)128, (unsigned int)145>(const float *, float *, unsigned int)",,,3.69289,3.696762
echo,extend,Compute,kernel,37317158,37366086,37317158,37366086,7,0,341870085406720,echo/echo/extend_annotated/layer_1/compute_graph_finish_layer_1_q_128/call_43,534675,17,73014444044,mlp_down,layer_1,"void deep_gemm::sm90_fp8_gemm_1d2d_impl<(cute::UMMA::Major)0, (unsigned int)0, (unsigned int)7168, (unsigned int)18432, (unsigned int)1, (unsigned int)64, (unsigned int)112, (unsigned int)128, (unsigned int)128, (unsigned int)128, (unsigned int)32, (unsigned int)9, (unsigned int)128, (unsigned int)128, (unsigned int)1, (bool)0, (unsigned int)132, (deep_gemm::GemmType)0, cutlass::bfloat16_t>(float *, int *, unsigned int, unsigned int, unsigned int, CUtensorMap_st, CUtensorMap_st, CUtensorMap_st, CUtensorMap_st)",,,3.697178,3.746106
echo,extend,GPU control,memcpy,33686220,33687756,33686220,33687756,7,0,341870085406720,echo/echo/extend_annotated/layer_1/compute_graph_projection_inputs/call_27,532898,0,,compute_graph_projection_inputs,layer_1,Device-to-Device,Device-to-Device,1835008,0.06624,0.067776
echo,extend,GPU control,memcpy,33700460,33702444,33700460,33702444,7,0,341870085406720,echo/echo/extend_annotated/layer_1/compute_graph_projection_inputs/call_27,532906,0,,compute_graph_projection_inputs,layer_1,Device-to-Device,Device-to-Device,1835008,0.08048,0.082464
echo,extend,GPU control,memcpy,34007755,34008971,34007755,34008971,7,0,341870085406720,echo/echo/extend_annotated/layer_1/compute_graph_owned_writeback_source/call_29,532933,0,,compute_graph_owned_writeback_source,layer_1,Device-to-Device,Device-to-Device,147456,0.387775,0.388991
echo,extend,GPU control,memcpy,34010155,34011051,34010155,34011051,7,0,341870085406720,echo/echo/extend_annotated/layer_1/index_cache_write/call_30,532939,0,,index_cache_write,layer_1,Device-to-Device,Device-to-Device,16384,0.390175,0.391071
echo,extend,GPU control,memcpy,34012267,34013003,34012267,34013003,7,0,341870085406720,echo/echo/extend_annotated/layer_1/index_cache_write/call_30,532947,0,,index_cache_write,layer_1,Device-to-Device,Device-to-Device,512,0.392287,0.393023
echo,extend,GPU control,memcpy,34014187,34015851,34014187,34015851,7,0,341870085406720,echo/echo/extend_annotated/layer_1/offload_prepare/call_31,532987,0,,offload_prepare,layer_1,Device-to-Device,Device-to-Device,525312,0.394207,0.395871
echo,extend,GPU control,memcpy,34162571,34163659,34162571,34163659,7,0,341870085406720,echo/echo/extend_annotated/layer_1/offload_prepare/call_31,533114,0,,offload_prepare,layer_1,Device-to-Device,Device-to-Device,262656,0.542591,0.543679
echo,extend,IO,memcpy,34398987,34399723,34398987,34399723,7,0,341870085406720,echo/echo/extend_annotated/layer_1/indexer_fused/call_33,533209,0,,indexer_fused,layer_1,Host-to-Device,Host-to-Device,4,0.779007,0.779743
echo,extend,IO,memcpy,35397673,35398537,35397673,35398537,7,0,341870085406720,echo/echo/extend_annotated/layer_1/cache_write/call_36,533498,0,,cache_write,layer_1,Host-to-Device,Host-to-Device,1,1.777693,1.778557
echo,extend,IO,memcpy,35481161,35483465,35481161,35483465,7,0,341870085406720,echo/echo/extend_annotated/layer_1/cache_write/call_36,533569,0,,cache_write,layer_1,Device-to-Host,Device-to-Host,4,1.861181,1.863485
echo,extend,IO,memcpy,35540553,35541321,35540553,35541321,7,0,341870085406720,echo/echo/extend_annotated/layer_1/cache_write/call_36,533629,0,,cache_write,layer_1,Host-to-Device,Host-to-Device,1,1.920573,1.921341
echo,extend,IO,memcpy,35598569,35600873,35598569,35600873,7,0,341870085406720,echo/echo/extend_annotated/layer_1/cache_write/call_36,533695,0,,cache_write,layer_1,Device-to-Host,Device-to-Host,4,1.978589,1.980893
echo,extend,GPU control,memcpy,35725065,35726281,35725065,35726281,7,0,341870085406720,echo/echo/extend_annotated/layer_1/cache_write/call_36,533816,0,,cache_write,layer_1,Device-to-Device,Device-to-Device,525312,2.105085,2.106301
echo,extend,IO,memcpy,35887881,35890153,35887881,35890153,7,0,341870085406720,echo/echo/extend_annotated/layer_1/cache_write/call_36,533982,0,,cache_write,layer_1,Device-to-Host,Device-to-Host,4,2.267901,2.270173
echo,extend,IO,memcpy,35935976,35936712,35935976,35936712,7,0,341870085406720,echo/echo/extend_annotated/layer_1/cache_write/call_36,534042,0,,cache_write,layer_1,Host-to-Device,Host-to-Device,4,2.315996,2.316732
echo,extend,IO,memcpy,35959112,35959848,35959112,35959848,7,0,341870085406720,echo/echo/extend_annotated/layer_1/cache_write/call_36,534065,0,,cache_write,layer_1,Host-to-Device,Host-to-Device,8,2.339132,2.339868
echo,extend,IO,memcpy,35989928,35990664,35989928,35990664,7,0,341870085406720,echo/echo/extend_annotated/layer_1/cache_write/call_36,534092,0,,cache_write,layer_1,Host-to-Device,Host-to-Device,8,2.369948,2.370684
echo,extend,IO,memcpy,36016488,36017256,36016488,36017256,7,0,341870085406720,echo/echo/extend_annotated/layer_1/cache_write/call_36,534119,0,,cache_write,layer_1,Host-to-Device,Host-to-Device,1,2.396508,2.397276
echo,extend,IO,memcpy,36049736,36052040,36049736,36052040,7,0,341870085406720,echo/echo/extend_annotated/layer_1/cache_write/call_36,534156,0,,cache_write,layer_1,Device-to-Host,Device-to-Host,4,2.429756,2.43206
echo,extend,IO,memcpy,36145800,36146536,36145800,36146536,7,0,341870085406720,echo/echo/extend_annotated/layer_1/cache_write/call_36,534258,0,,cache_write,layer_1,Host-to-Device,Host-to-Device,1,2.52582,2.526556
echo,extend,IO,memcpy,36174120,36174888,36174120,36174888,7,0,341870085406720,echo/echo/extend_annotated/layer_1/cache_write/call_36,534285,0,,cache_write,layer_1,Host-to-Device,Host-to-Device,8,2.55414,2.554908
echo,extend,IO,memcpy,36208616,36209480,36208616,36209480,7,0,341870085406720,echo/echo/extend_annotated/layer_1/cache_write/call_36,534311,0,,cache_write,layer_1,Host-to-Device,Host-to-Device,8,2.588636,2.5895
echo,extend,IO,memcpy,36304296,36309928,36304296,36309928,33,0,341870085406720,echo/echo/extend_annotated/layer_1/cache_write/call_36,534351,0,,cache_write,layer_1,Device-to-Host,Device-to-Host,147456,2.684316,2.689948
echo,extend,GPU control,memcpy,36518184,36519368,36518184,36519368,7,0,341870085406720,echo/echo/extend_annotated/layer_1/offload_exact_recall/call_37,534426,0,,offload_exact_recall,layer_1,Device-to-Device,Device-to-Device,525312,2.898204,2.899388
echo,extend,GPU control,memset,34025643,34026411,34025643,34026411,7,0,341870085406720,echo/echo/extend_annotated/layer_1/offload_prepare/call_31,533007,0,,offload_prepare,layer_1,memset,,32,0.405663,0.406431
echo,extend,GPU control,memset,34030699,34031627,34030699,34031627,7,0,341870085406720,echo/echo/extend_annotated/layer_1/offload_prepare/call_31,533009,0,,offload_prepare,layer_1,memset,,16384,0.410719,0.411647
echo,extend,GPU control,memset,34051403,34052363,34051403,34052363,7,0,341870085406720,echo/echo/extend_annotated/layer_1/offload_prepare/call_31,533027,0,,offload_prepare,layer_1,memset,,15360,0.431423,0.432383
echo,extend,GPU control,memset,34063147,34064107,34063147,34064107,7,0,341870085406720,echo/echo/extend_annotated/layer_1/offload_prepare/call_31,533034,0,,offload_prepare,layer_1,memset,,15360,0.443167,0.444127
echo,extend,GPU control,memset,34072075,34073035,34072075,34073035,7,0,341870085406720,echo/echo/extend_annotated/layer_1/offload_prepare/call_31,533041,0,,offload_prepare,layer_1,memset,,15360,0.452095,0.453055
echo,extend,GPU control,memset,34080523,34081483,34080523,34081483,7,0,341870085406720,echo/echo/extend_annotated/layer_1/offload_prepare/call_31,533048,0,,offload_prepare,layer_1,memset,,15360,0.460543,0.461503
echo,extend,GPU control,memset,34088875,34089835,34088875,34089835,7,0,341870085406720,echo/echo/extend_annotated/layer_1/offload_prepare/call_31,533055,0,,offload_prepare,layer_1,memset,,15360,0.468895,0.469855
echo,extend,GPU control,memset,34097451,34098411,34097451,34098411,7,0,341870085406720,echo/echo/extend_annotated/layer_1/offload_prepare/call_31,533062,0,,offload_prepare,layer_1,memset,,15360,0.477471,0.478431
echo,extend,GPU control,memset,34105867,34106827,34105867,34106827,7,0,341870085406720,echo/echo/extend_annotated/layer_1/offload_prepare/call_31,533069,0,,offload_prepare,layer_1,memset,,15360,0.485887,0.486847
echo,extend,GPU control,memset,34114283,34115243,34114283,34115243,7,0,341870085406720,echo/echo/extend_annotated/layer_1/offload_prepare/call_31,533076,0,,offload_prepare,layer_1,memset,,15360,0.494303,0.495263
echo,extend,GPU control,memset,35366377,35367113,35366377,35367113,7,0,341870085406720,echo/echo/extend_annotated/layer_1/exact_topk/call_35,533351,0,,exact_topk,layer_1,memset,,4,1.746397,1.747133
echo,extend,GPU control,memset,35742249,35742985,35742249,35742985,7,0,341870085406720,echo/echo/extend_annotated/layer_1/cache_write/call_36,533836,0,,cache_write,layer_1,memset,,32,2.122269,2.123005
echo,extend,GPU control,memset,35747305,35748201,35747305,35748201,7,0,341870085406720,echo/echo/extend_annotated/layer_1/cache_write/call_36,533838,0,,cache_write,layer_1,memset,,16384,2.127325,2.128221
echo,extend,GPU control,memset,35765513,35766473,35765513,35766473,7,0,341870085406720,echo/echo/extend_annotated/layer_1/cache_write/call_36,533856,0,,cache_write,layer_1,memset,,15360,2.145533,2.146493
echo,extend,GPU control,memset,35777929,35778889,35777929,35778889,7,0,341870085406720,echo/echo/extend_annotated/layer_1/cache_write/call_36,533863,0,,cache_write,layer_1,memset,,15360,2.157949,2.158909
echo,extend,GPU control,memset,35786953,35787913,35786953,35787913,7,0,341870085406720,echo/echo/extend_annotated/layer_1/cache_write/call_36,533870,0,,cache_write,layer_1,memset,,15360,2.166973,2.167933
echo,extend,GPU control,memset,35796105,35797065,35796105,35797065,7,0,341870085406720,echo/echo/extend_annotated/layer_1/cache_write/call_36,533877,0,,cache_write,layer_1,memset,,15360,2.176125,2.177085
echo,extend,GPU control,memset,35805353,35806313,35805353,35806313,7,0,341870085406720,echo/echo/extend_annotated/layer_1/cache_write/call_36,533884,0,,cache_write,layer_1,memset,,15360,2.185373,2.186333
echo,extend,GPU control,memset,35814281,35815241,35814281,35815241,7,0,341870085406720,echo/echo/extend_annotated/layer_1/cache_write/call_36,533891,0,,cache_write,layer_1,memset,,15360,2.194301,2.195261
echo,extend,GPU control,memset,35823305,35824265,35823305,35824265,7,0,341870085406720,echo/echo/extend_annotated/layer_1/cache_write/call_36,533898,0,,cache_write,layer_1,memset,,15360,2.203325,2.204285
echo,extend,GPU control,memset,35832489,35833449,35832489,35833449,7,0,341870085406720,echo/echo/extend_annotated/layer_1/cache_write/call_36,533905,0,,cache_write,layer_1,memset,,15360,2.212509,2.213469
echo,extend,GPU control,memset,36537000,36537736,36537000,36537736,7,0,341870085406720,echo/echo/extend_annotated/layer_1/offload_exact_recall/call_37,534446,0,,offload_exact_recall,layer_1,memset,,32,2.91702,2.917756
echo,extend,GPU control,memset,36541704,36542600,36541704,36542600,7,0,341870085406720,echo/echo/extend_annotated/layer_1/offload_exact_recall/call_37,534448,0,,offload_exact_recall,layer_1,memset,,16384,2.921724,2.92262
echo,extend,GPU control,memset,36559880,36560840,36559880,36560840,7,0,341870085406720,echo/echo/extend_annotated/layer_1/offload_exact_recall/call_37,534466,0,,offload_exact_recall,layer_1,memset,,15360,2.9399,2.94086
echo,extend,GPU control,memset,36571784,36572776,36571784,36572776,7,0,341870085406720,echo/echo/extend_annotated/layer_1/offload_exact_recall/call_37,534473,0,,offload_exact_recall,layer_1,memset,,15360,2.951804,2.952796
echo,extend,GPU control,memset,36581095,36582055,36581095,36582055,7,0,341870085406720,echo/echo/extend_annotated/layer_1/offload_exact_recall/call_37,534480,0,,offload_exact_recall,layer_1,memset,,15360,2.961115,2.962075
echo,extend,GPU control,memset,36590151,36591111,36590151,36591111,7,0,341870085406720,echo/echo/extend_annotated/layer_1/offload_exact_recall/call_37,534487,0,,offload_exact_recall,layer_1,memset,,15360,2.970171,2.971131
echo,extend,GPU control,memset,36599143,36600135,36599143,36600135,7,0,341870085406720,echo/echo/extend_annotated/layer_1/offload_exact_recall/call_37,534494,0,,offload_exact_recall,layer_1,memset,,15360,2.979163,2.980155
echo,extend,GPU control,memset,36608455,36609415,36608455,36609415,7,0,341870085406720,echo/echo/extend_annotated/layer_1/offload_exact_recall/call_37,534501,0,,offload_exact_recall,layer_1,memset,,15360,2.988475,2.989435
echo,extend,GPU control,memset,36617415,36618375,36617415,36618375,7,0,341870085406720,echo/echo/extend_annotated/layer_1/offload_exact_recall/call_37,534508,0,,offload_exact_recall,layer_1,memset,,15360,2.997435,2.998395
echo,extend,GPU control,memset,36626311,36627271,36626311,36627271,7,0,341870085406720,echo/echo/extend_annotated/layer_1/offload_exact_recall/call_37,534515,0,,offload_exact_recall,layer_1,memset,,15360,3.006331,3.007291
echo,extend,CPU CUDA API,api,33621342,33621634,33621342,33621634,,,,echo/echo/extend_annotated/layer_1/offload_source_reservation/call_25,532891,,,offload_source_reservation,layer_1,cudaStreamIsCapturing_v10000,,,0.001362,0.001654
echo,extend,CPU CUDA API,api,33624052,33624311,33624052,33624311,,,,echo/echo/extend_annotated/layer_1/offload_source_reservation/call_25,532895,,,offload_source_reservation,layer_1,cudaStreamIsCapturing_v10000,,,0.004072,0.004331
echo,extend,CPU CUDA API,api,33670610,33685520,33670610,33685520,,,,echo/echo/extend_annotated/layer_1/compute_graph_projection_inputs/call_27,532898,,,compute_graph_projection_inputs,layer_1,cudaMemcpyAsync_v3020,,,0.05063,0.06554
echo,extend,CPU CUDA API,api,33691183,33698828,33691183,33698828,,,,echo/echo/extend_annotated/layer_1/compute_graph_projection_inputs/call_27,532906,,,compute_graph_projection_inputs,layer_1,cudaMemcpyAsync_v3020,,,0.071203,0.078848
echo,extend,CPU CUDA API,api,33707975,33714498,33707975,33714498,,,,echo/echo/extend_annotated/layer_1/compute_graph_projection_inputs/call_27,532915,,,compute_graph_projection_inputs,layer_1,cudaLaunchKernel_v7000,,,0.087995,0.094518
echo,extend,CPU CUDA API,api,33735765,33838420,33735765,33838420,,,,echo/echo/extend_annotated/layer_1/compute_graph_projection_layer_1_q_128/call_28,532921,,,compute_graph_projection_layer_1_q_128,layer_1,cudaGraphLaunch_v10000,,,0.115785,0.21844
echo,extend,CPU CUDA API,api,33859076,33864159,33859076,33864159,,,,echo/echo/extend_annotated/layer_1/compute_graph_owned_writeback_source/call_29,532927,,,compute_graph_owned_writeback_source,layer_1,cudaEventQuery_v3020,,,0.239096,0.244179
echo,extend,CPU CUDA API,api,33870951,33880033,33870951,33880033,,,,echo/echo/extend_annotated/layer_1/compute_graph_owned_writeback_source/call_29,532933,,,compute_graph_owned_writeback_source,layer_1,cudaMemcpyAsync_v3020,,,0.250971,0.260053
echo,extend,CPU CUDA API,api,33913076,33919525,33913076,33919525,,,,echo/echo/extend_annotated/layer_1/index_cache_write/call_30,532939,,,index_cache_write,layer_1,cudaMemcpyAsync_v3020,,,0.293096,0.299545
echo,extend,CPU CUDA API,api,33926811,33932047,33926811,33932047,,,,echo/echo/extend_annotated/layer_1/index_cache_write/call_30,532947,,,index_cache_write,layer_1,cudaMemcpyAsync_v3020,,,0.306831,0.312067
echo,extend,CPU CUDA API,api,33937424,33937787,33937424,33937787,,,,echo/echo/extend_annotated/layer_1/index_cache_write/call_30,532956,,,index_cache_write,layer_1,cudaStreamIsCapturing_v10000,,,0.317444,0.317807
echo,extend,CPU CUDA API,api,33957363,33957684,33957363,33957684,,,,echo/echo/extend_annotated/layer_1/offload_prepare/call_31,532960,,,offload_prepare,layer_1,cudaStreamIsCapturing_v10000,,,0.337383,0.337704
echo,extend,CPU CUDA API,api,33960199,33960454,33960199,33960454,,,,echo/echo/extend_annotated/layer_1/offload_prepare/call_31,532964,,,offload_prepare,layer_1,cudaStreamIsCapturing_v10000,,,0.340219,0.340474
echo,extend,CPU CUDA API,api,33963159,33963419,33963159,33963419,,,,echo/echo/extend_annotated/layer_1/offload_prepare/call_31,532968,,,offload_prepare,layer_1,cudaStreamIsCapturing_v10000,,,0.343179,0.343439
echo,extend,CPU CUDA API,api,33966268,33966518,33966268,33966518,,,,echo/echo/extend_annotated/layer_1/offload_prepare/call_31,532972,,,offload_prepare,layer_1,cudaStreamIsCapturing_v10000,,,0.346288,0.346538
echo,extend,CPU CUDA API,api,33993623,34000780,33993623,34000780,,,,echo/echo/extend_annotated/layer_1/offload_prepare/call_31,532987,,,offload_prepare,layer_1,cudaMemcpyAsync_v3020,,,0.373643,0.3808
echo,extend,CPU CUDA API,api,34006052,34012092,34006052,34012092,,,,echo/echo/extend_annotated/layer_1/offload_prepare/call_31,532994,,,offload_prepare,layer_1,cudaLaunchKernel_v7000,,,0.386072,0.392112
echo,extend,CPU CUDA API,api,34017878,34023726,34017878,34023726,,,,echo/echo/extend_annotated/layer_1/offload_prepare/call_31,533007,,,offload_prepare,layer_1,cudaMemsetAsync_v3020,,,0.397898,0.403746
echo,extend,CPU CUDA API,api,34024088,34028833,34024088,34028833,,,,echo/echo/extend_annotated/layer_1/offload_prepare/call_31,533009,,,offload_prepare,layer_1,cudaMemsetAsync_v3020,,,0.404108,0.408853
echo,extend,CPU CUDA API,api,34034505,34039437,34034505,34039437,,,,echo/echo/extend_annotated/layer_1/offload_prepare/call_31,533018,,,offload_prepare,layer_1,cudaLaunchKernel_v7000,,,0.414525,0.419457
echo,extend,CPU CUDA API,api,34040946,34044981,34040946,34044981,,,,echo/echo/extend_annotated/layer_1/offload_prepare/call_31,533023,,,offload_prepare,layer_1,cudaLaunchKernel_v7000,,,0.420966,0.425001
echo,extend,CPU CUDA API,api,34045717,34048990,34045717,34048990,,,,echo/echo/extend_annotated/layer_1/offload_prepare/call_31,533027,,,offload_prepare,layer_1,cudaMemsetAsync_v3020,,,0.425737,0.42901
echo,extend,CPU CUDA API,api,34050054,34054295,34050054,34054295,,,,echo/echo/extend_annotated/layer_1/offload_prepare/call_31,533030,,,offload_prepare,layer_1,cudaLaunchKernel_v7000,,,0.430074,0.434315
echo,extend,CPU CUDA API,api,34055022,34058083,34055022,34058083,,,,echo/echo/extend_annotated/layer_1/offload_prepare/call_31,533034,,,offload_prepare,layer_1,cudaMemsetAsync_v3020,,,0.435042,0.438103
echo,extend,CPU CUDA API,api,34058712,34063044,34058712,34063044,,,,echo/echo/extend_annotated/layer_1/offload_prepare/call_31,533037,,,offload_prepare,layer_1,cudaLaunchKernel_v7000,,,0.438732,0.443064
echo,extend,CPU CUDA API,api,34063715,34066619,34063715,34066619,,,,echo/echo/extend_annotated/layer_1/offload_prepare/call_31,533041,,,offload_prepare,layer_1,cudaMemsetAsync_v3020,,,0.443735,0.446639
echo,extend,CPU CUDA API,api,34067221,34070505,34067221,34070505,,,,echo/echo/extend_annotated/layer_1/offload_prepare/call_31,533044,,,offload_prepare,layer_1,cudaLaunchKernel_v7000,,,0.447241,0.450525
echo,extend,CPU CUDA API,api,34071169,34074119,34071169,34074119,,,,echo/echo/extend_annotated/layer_1/offload_prepare/call_31,533048,,,offload_prepare,layer_1,cudaMemsetAsync_v3020,,,0.451189,0.454139
echo,extend,CPU CUDA API,api,34074765,34078070,34074765,34078070,,,,echo/echo/extend_annotated/layer_1/offload_prepare/call_31,533051,,,offload_prepare,layer_1,cudaLaunchKernel_v7000,,,0.454785,0.45809
echo,extend,CPU CUDA API,api,34078742,34081364,34078742,34081364,,,,echo/echo/extend_annotated/layer_1/offload_prepare/call_31,533055,,,offload_prepare,layer_1,cudaMemsetAsync_v3020,,,0.458762,0.461384
echo,extend,CPU CUDA API,api,34081964,34085173,34081964,34085173,,,,echo/echo/extend_annotated/layer_1/offload_prepare/call_31,533058,,,offload_prepare,layer_1,cudaLaunchKernel_v7000,,,0.461984,0.465193
echo,extend,CPU CUDA API,api,34085944,34088893,34085944,34088893,,,,echo/echo/extend_annotated/layer_1/offload_prepare/call_31,533062,,,offload_prepare,layer_1,cudaMemsetAsync_v3020,,,0.465964,0.468913
echo,extend,CPU CUDA API,api,34089560,34093687,34089560,34093687,,,,echo/echo/extend_annotated/layer_1/offload_prepare/call_31,533065,,,offload_prepare,layer_1,cudaLaunchKernel_v7000,,,0.46958,0.473707
echo,extend,CPU CUDA API,api,34094366,34096972,34094366,34096972,,,,echo/echo/extend_annotated/layer_1/offload_prepare/call_31,533069,,,offload_prepare,layer_1,cudaMemsetAsync_v3020,,,0.474386,0.476992
echo,extend,CPU CUDA API,api,34097576,34100994,34097576,34100994,,,,echo/echo/extend_annotated/layer_1/offload_prepare/call_31,533072,,,offload_prepare,layer_1,cudaLaunchKernel_v7000,,,0.477596,0.481014
echo,extend,CPU CUDA API,api,34101688,34104583,34101688,34104583,,,,echo/echo/extend_annotated/layer_1/offload_prepare/call_31,533076,,,offload_prepare,layer_1,cudaMemsetAsync_v3020,,,0.481708,0.484603
echo,extend,CPU CUDA API,api,34105173,34108429,34105173,34108429,,,,echo/echo/extend_annotated/layer_1/offload_prepare/call_31,533079,,,offload_prepare,layer_1,cudaLaunchKernel_v7000,,,0.485193,0.488449
echo,extend,CPU CUDA API,api,34129318,34133908,34129318,34133908,,,,echo/echo/extend_annotated/layer_1/offload_prepare/call_31,533093,,,offload_prepare,layer_1,cudaLaunchKernel_v7000,,,0.509338,0.513928
echo,extend,CPU CUDA API,api,34146052,34150382,34146052,34150382,,,,echo/echo/extend_annotated/layer_1/offload_prepare/call_31,533107,,,offload_prepare,layer_1,cudaLaunchKernel_v7000,,,0.526072,0.530402
echo,extend,CPU CUDA API,api,34155082,34160628,34155082,34160628,,,,echo/echo/extend_annotated/layer_1/offload_prepare/call_31,533114,,,offload_prepare,layer_1,cudaMemcpyAsync_v3020,,,0.535102,0.540648
echo,extend,CPU CUDA API,api,34168918,34174102,34168918,34174102,,,,echo/echo/extend_annotated/layer_1/offload_prepare/call_31,533124,,,offload_prepare,layer_1,cudaLaunchKernel_v7000,,,0.548938,0.554122
echo,extend,CPU CUDA API,api,34179965,34183544,34179965,34183544,,,,echo/echo/extend_annotated/layer_1/offload_prepare/call_31,533133,,,offload_prepare,layer_1,cudaLaunchKernel_v7000,,,0.559985,0.563564
echo,extend,CPU CUDA API,api,34187577,34190833,34187577,34190833,,,,echo/echo/extend_annotated/layer_1/offload_prepare/call_31,533141,,,offload_prepare,layer_1,cudaLaunchKernel_v7000,,,0.567597,0.570853
echo,extend,CPU CUDA API,api,34348282,34353919,34348282,34353919,,,,echo/echo/extend_annotated/layer_1/indexer_fused/call_33,533173,,,indexer_fused,layer_1,cudaLaunchKernel_v7000,,,0.728302,0.733939
echo,extend,CPU CUDA API,api,34359366,34363160,34359366,34363160,,,,echo/echo/extend_annotated/layer_1/indexer_fused/call_33,533182,,,indexer_fused,layer_1,cudaLaunchKernel_v7000,,,0.739386,0.74318
echo,extend,CPU CUDA API,api,34366712,34370176,34366712,34370176,,,,echo/echo/extend_annotated/layer_1/indexer_fused/call_33,533190,,,indexer_fused,layer_1,cudaLaunchKernel_v7000,,,0.746732,0.750196
echo,extend,CPU CUDA API,api,34389310,34389729,34389310,34389729,,,,echo/echo/extend_annotated/layer_1/indexer_fused/call_33,533207,,,indexer_fused,layer_1,cudaStreamIsCapturing_v10000,,,0.76933,0.769749
echo,extend,CPU CUDA API,api,34390304,34397837,34390304,34397837,,,,echo/echo/extend_annotated/layer_1/indexer_fused/call_33,533209,,,indexer_fused,layer_1,cudaMemcpyAsync_v3020,,,0.770324,0.777857
echo,extend,CPU CUDA API,api,34398288,34405568,34398288,34405568,,,,echo/echo/extend_annotated/layer_1/indexer_fused/call_33,533210,,,indexer_fused,layer_1,cudaStreamSynchronize_v3020,,,0.778308,0.785588
echo,extend,CPU CUDA API,api,34420033,34424389,34420033,34424389,,,,echo/echo/extend_annotated/layer_1/indexer_fused/call_33,533224,,,indexer_fused,layer_1,cudaLaunchKernel_v7000,,,0.800053,0.804409
echo,extend,CPU CUDA API,api,34492060,34497524,34492060,34497524,,,,echo/echo/extend_annotated/layer_1/indexer_fused/call_33,533242,,,indexer_fused,layer_1,cudaLaunchKernel_v7000,,,0.87208,0.877544
echo,extend,CPU CUDA API,api,34498669,34503415,34498669,34503415,,,,echo/echo/extend_annotated/layer_1/indexer_fused/call_33,533245,,,indexer_fused,layer_1,cudaLaunchKernel_v7000,,,0.878689,0.883435
echo,extend,CPU CUDA API,api,34547380,34547834,34547380,34547834,,,,echo/echo/extend_annotated/layer_1/offload_finalize/call_34,533254,,,offload_finalize,layer_1,cudaStreamIsCapturing_v10000,,,0.9274,0.927854
echo,extend,CPU CUDA API,api,34550403,34550671,34550403,34550671,,,,echo/echo/extend_annotated/layer_1/offload_finalize/call_34,533258,,,offload_finalize,layer_1,cudaStreamIsCapturing_v10000,,,0.930423,0.930691
echo,extend,CPU CUDA API,api,34553754,34554014,34553754,34554014,,,,echo/echo/extend_annotated/layer_1/offload_finalize/call_34,533262,,,offload_finalize,layer_1,cudaStreamIsCapturing_v10000,,,0.933774,0.934034
echo,extend,CPU CUDA API,api,34561620,34565927,34561620,34565927,,,,echo/echo/extend_annotated/layer_1/offload_finalize/call_34,533266,,,offload_finalize,layer_1,cudaLaunchKernel_v7000,,,0.94164,0.945947
echo,extend,CPU CUDA API,api,34598189,34602706,34598189,34602706,,,,echo/echo/extend_annotated/layer_1/offload_finalize/call_34,533275,,,offload_finalize,layer_1,cudaLaunchKernel_v7000,,,0.978209,0.982726
echo,extend,CPU CUDA API,api,34604036,34607887,34604036,34607887,,,,echo/echo/extend_annotated/layer_1/offload_finalize/call_34,533278,,,offload_finalize,layer_1,cudaLaunchKernel_v7000,,,0.984056,0.987907
echo,extend,CPU CUDA API,api,34619312,34623021,34619312,34623021,,,,echo/echo/extend_annotated/layer_1/offload_finalize/call_34,533284,,,offload_finalize,layer_1,cudaLaunchKernel_v7000,,,0.999332,1.003041
echo,extend,CPU CUDA API,api,34686560,34691557,34686560,34691557,,,,echo/echo/extend_annotated/layer_1/exact_topk/call_35,533307,,,exact_topk,layer_1,cudaLaunchKernel_v7000,,,1.06658,1.071577
echo,extend,CPU CUDA API,api,34692106,34696685,34692106,34696685,,,,echo/echo/extend_annotated/layer_1/exact_topk/call_35,533308,,,exact_topk,layer_1,cudaLaunchKernel_v7000,,,1.072126,1.076705
echo,extend,CPU CUDA API,api,34697537,34701847,34697537,34701847,,,,echo/echo/extend_annotated/layer_1/exact_topk/call_35,533309,,,exact_topk,layer_1,cudaLaunchKernel_v7000,,,1.077557,1.081867
echo,extend,CPU CUDA API,api,34834445,34840654,34834445,34840654,,,,echo/echo/extend_annotated/layer_1/exact_topk/call_35,533351,,,exact_topk,layer_1,cudaMemsetAsync_v3020,,,1.214465,1.220674
echo,extend,CPU CUDA API,api,34842569,34848942,34842569,34848942,,,,echo/echo/extend_annotated/layer_1/exact_topk/call_35,533354,,,exact_topk,layer_1,cudaLaunchKernel_v7000,,,1.222589,1.228962
echo,extend,CPU CUDA API,api,34910977,34911377,34910977,34911377,,,,echo/echo/extend_annotated/layer_1/cache_write/call_36,533368,,,cache_write,layer_1,cudaStreamIsCapturing_v10000,,,1.290997,1.291397
echo,extend,CPU CUDA API,api,34918964,34919235,34918964,34919235,,,,echo/echo/extend_annotated/layer_1/cache_write/call_36,533372,,,cache_write,layer_1,cudaStreamIsCapturing_v10000,,,1.298984,1.299255
echo,extend,CPU CUDA API,api,34922136,34922391,34922136,34922391,,,,echo/echo/extend_annotated/layer_1/cache_write/call_36,533376,,,cache_write,layer_1,cudaStreamIsCapturing_v10000,,,1.302156,1.302411
echo,extend,CPU CUDA API,api,34947090,34953018,34947090,34953018,,,,echo/echo/extend_annotated/layer_1/cache_write/call_36,533394,,,cache_write,layer_1,cudaLaunchKernel_v7000,,,1.32711,1.333038
echo,extend,CPU CUDA API,api,34970590,34975724,34970590,34975724,,,,echo/echo/extend_annotated/layer_1/cache_write/call_36,533408,,,cache_write,layer_1,cudaLaunchKernel_v7000,,,1.35061,1.355744
echo,extend,CPU CUDA API,api,34995989,35001185,34995989,35001185,,,,echo/echo/extend_annotated/layer_1/cache_write/call_36,533420,,,cache_write,layer_1,cudaLaunchKernel_v7000,,,1.376009,1.381205
echo,extend,CPU CUDA API,api,35013847,35017854,35013847,35017854,,,,echo/echo/extend_annotated/layer_1/cache_write/call_36,533436,,,cache_write,layer_1,cudaLaunchKernel_v7000,,,1.393867,1.397874
echo,extend,CPU CUDA API,api,35029392,35034854,35029392,35034854,,,,echo/echo/extend_annotated/layer_1/cache_write/call_36,533448,,,cache_write,layer_1,cudaLaunchKernel_v7000,,,1.409412,1.414874
echo,extend,CPU CUDA API,api,35045794,35050596,35045794,35050596,,,,echo/echo/extend_annotated/layer_1/cache_write/call_36,533459,,,cache_write,layer_1,cudaLaunchKernel_v7000,,,1.425814,1.430616
echo,extend,CPU CUDA API,api,35058325,35061881,35058325,35061881,,,,echo/echo/extend_annotated/layer_1/cache_write/call_36,533470,,,cache_write,layer_1,cudaLaunchKernel_v7000,,,1.438345,1.441901
echo,extend,CPU CUDA API,api,35076874,35081430,35076874,35081430,,,,echo/echo/extend_annotated/layer_1/cache_write/call_36,533485,,,cache_write,layer_1,cudaLaunchKernel_v7000,,,1.456894,1.46145
echo,extend,CPU CUDA API,api,35092778,35093120,35092778,35093120,,,,echo/echo/extend_annotated/layer_1/cache_write/call_36,533496,,,cache_write,layer_1,cudaStreamIsCapturing_v10000,,,1.472798,1.47314
echo,extend,CPU CUDA API,api,35093793,35102343,35093793,35102343,,,,echo/echo/extend_annotated/layer_1/cache_write/call_36,533498,,,cache_write,layer_1,cudaMemcpyAsync_v3020,,,1.473813,1.482363
echo,extend,CPU CUDA API,api,35102678,35403783,35102678,35403783,,,,echo/echo/extend_annotated/layer_1/cache_write/call_36,533499,,,cache_write,layer_1,cudaStreamSynchronize_v3020,,,1.482698,1.783803
echo,extend,CPU CUDA API,api,35416586,35420708,35416586,35420708,,,,echo/echo/extend_annotated/layer_1/cache_write/call_36,533512,,,cache_write,layer_1,cudaLaunchKernel_v7000,,,1.796606,1.800728
echo,extend,CPU CUDA API,api,35429509,35433130,35429509,35433130,,,,echo/echo/extend_annotated/layer_1/cache_write/call_36,533528,,,cache_write,layer_1,cudaLaunchKernel_v7000,,,1.809529,1.81315
echo,extend,CPU CUDA API,api,35444163,35448604,35444163,35448604,,,,echo/echo/extend_annotated/layer_1/cache_write/call_36,533540,,,cache_write,layer_1,cudaLaunchKernel_v7000,,,1.824183,1.828624
echo,extend,CPU CUDA API,api,35461904,35467295,35461904,35467295,,,,echo/echo/extend_annotated/layer_1/cache_write/call_36,533563,,,cache_write,layer_1,cudaLaunchKernel_v7000,,,1.841924,1.847315
echo,extend,CPU CUDA API,api,35472032,35479174,35472032,35479174,,,,echo/echo/extend_annotated/layer_1/cache_write/call_36,533569,,,cache_write,layer_1,cudaMemcpyAsync_v3020,,,1.852052,1.859194
echo,extend,CPU CUDA API,api,35479449,35487096,35479449,35487096,,,,echo/echo/extend_annotated/layer_1/cache_write/call_36,533570,,,cache_write,layer_1,cudaStreamSynchronize_v3020,,,1.859469,1.867116
echo,extend,CPU CUDA API,api,35494010,35498299,35494010,35498299,,,,echo/echo/extend_annotated/layer_1/cache_write/call_36,533591,,,cache_write,layer_1,cudaLaunchKernel_v7000,,,1.87403,1.878319
echo,extend,CPU CUDA API,api,35499858,35504244,35499858,35504244,,,,echo/echo/extend_annotated/layer_1/cache_write/call_36,533597,,,cache_write,layer_1,cudaLaunchKernel_v7000,,,1.879878,1.884264
echo,extend,CPU CUDA API,api,35533642,35534010,35533642,35534010,,,,echo/echo/extend_annotated/layer_1/cache_write/call_36,533627,,,cache_write,layer_1,cudaStreamIsCapturing_v10000,,,1.913662,1.91403
echo,extend,CPU CUDA API,api,35534518,35539010,35534518,35539010,,,,echo/echo/extend_annotated/layer_1/cache_write/call_36,533629,,,cache_write,layer_1,cudaMemcpyAsync_v3020,,,1.914538,1.91903
echo,extend,CPU CUDA API,api,35539185,35544752,35539185,35544752,,,,echo/echo/extend_annotated/layer_1/cache_write/call_36,533630,,,cache_write,layer_1,cudaStreamSynchronize_v3020,,,1.919205,1.924772
echo,extend,CPU CUDA API,api,35559172,35563387,35559172,35563387,,,,echo/echo/extend_annotated/layer_1/cache_write/call_36,533645,,,cache_write,layer_1,cudaLaunchKernel_v7000,,,1.939192,1.943407
echo,extend,CPU CUDA API,api,35580242,35584278,35580242,35584278,,,,echo/echo/extend_annotated/layer_1/cache_write/call_36,533683,,,cache_write,layer_1,cudaLaunchKernel_v7000,,,1.960262,1.964298
echo,extend,CPU CUDA API,api,35586019,35589992,35586019,35589992,,,,echo/echo/extend_annotated/layer_1/cache_write/call_36,533689,,,cache_write,layer_1,cudaLaunchKernel_v7000,,,1.966039,1.970012
echo,extend,CPU CUDA API,api,35592930,35596786,35592930,35596786,,,,echo/echo/extend_annotated/layer_1/cache_write/call_36,533695,,,cache_write,layer_1,cudaMemcpyAsync_v3020,,,1.97295,1.976806
echo,extend,CPU CUDA API,api,35596985,35604170,35596985,35604170,,,,echo/echo/extend_annotated/layer_1/cache_write/call_36,533696,,,cache_write,layer_1,cudaStreamSynchronize_v3020,,,1.977005,1.98419
echo,extend,CPU CUDA API,api,35611792,35615853,35611792,35615853,,,,echo/echo/extend_annotated/layer_1/cache_write/call_36,533721,,,cache_write,layer_1,cudaLaunchKernel_v7000,,,1.991812,1.995873
echo,extend,CPU CUDA API,api,35616985,35620811,35616985,35620811,,,,echo/echo/extend_annotated/layer_1/cache_write/call_36,533727,,,cache_write,layer_1,cudaLaunchKernel_v7000,,,1.997005,2.000831
echo,extend,CPU CUDA API,api,35638043,35643972,35638043,35643972,,,,echo/echo/extend_annotated/layer_1/cache_write/call_36,533743,,,cache_write,layer_1,cudaLaunchKernel_v7000,,,2.018063,2.023992
echo,extend,CPU CUDA API,api,35654088,35657739,35654088,35657739,,,,echo/echo/extend_annotated/layer_1/cache_write/call_36,533756,,,cache_write,layer_1,cudaLaunchKernel_v7000,,,2.034108,2.037759
echo,extend,CPU CUDA API,api,35666335,35670064,35666335,35670064,,,,echo/echo/extend_annotated/layer_1/cache_write/call_36,533768,,,cache_write,layer_1,cudaLaunchKernel_v7000,,,2.046355,2.050084
echo,extend,CPU CUDA API,api,35681057,35684587,35681057,35684587,,,,echo/echo/extend_annotated/layer_1/cache_write/call_36,533784,,,cache_write,layer_1,cudaLaunchKernel_v7000,,,2.061077,2.064607
echo,extend,CPU CUDA API,api,35698235,35703366,35698235,35703366,,,,echo/echo/extend_annotated/layer_1/cache_write/call_36,533802,,,cache_write,layer_1,cudaLaunchKernel_v7000,,,2.078255,2.083386
echo,extend,CPU CUDA API,api,35716115,35723358,35716115,35723358,,,,echo/echo/extend_annotated/layer_1/cache_write/call_36,533816,,,cache_write,layer_1,cudaMemcpyAsync_v3020,,,2.096135,2.103378
echo,extend,CPU CUDA API,api,35727711,35731499,35727711,35731499,,,,echo/echo/extend_annotated/layer_1/cache_write/call_36,533823,,,cache_write,layer_1,cudaLaunchKernel_v7000,,,2.107731,2.111519
echo,extend,CPU CUDA API,api,35736206,35740395,35736206,35740395,,,,echo/echo/extend_annotated/layer_1/cache_write/call_36,533836,,,cache_write,layer_1,cudaMemsetAsync_v3020,,,2.116226,2.120415
echo,extend,CPU CUDA API,api,35740818,35745224,35740818,35745224,,,,echo/echo/extend_annotated/layer_1/cache_write/call_36,533838,,,cache_write,layer_1,cudaMemsetAsync_v3020,,,2.120838,2.125244
echo,extend,CPU CUDA API,api,35748765,35753203,35748765,35753203,,,,echo/echo/extend_annotated/layer_1/cache_write/call_36,533847,,,cache_write,layer_1,cudaLaunchKernel_v7000,,,2.128785,2.133223
echo,extend,CPU CUDA API,api,35754363,35759406,35754363,35759406,,,,echo/echo/extend_annotated/layer_1/cache_write/call_36,533852,,,cache_write,layer_1,cudaLaunchKernel_v7000,,,2.134383,2.139426
echo,extend,CPU CUDA API,api,35760123,35763218,35760123,35763218,,,,echo/echo/extend_annotated/layer_1/cache_write/call_36,533856,,,cache_write,layer_1,cudaMemsetAsync_v3020,,,2.140143,2.143238
echo,extend,CPU CUDA API,api,35764443,35768552,35764443,35768552,,,,echo/echo/extend_annotated/layer_1/cache_write/call_36,533859,,,cache_write,layer_1,cudaLaunchKernel_v7000,,,2.144463,2.148572
echo,extend,CPU CUDA API,api,35769293,35772375,35769293,35772375,,,,echo/echo/extend_annotated/layer_1/cache_write/call_36,533863,,,cache_write,layer_1,cudaMemsetAsync_v3020,,,2.149313,2.152395
echo,extend,CPU CUDA API,api,35772986,35776624,35772986,35776624,,,,echo/echo/extend_annotated/layer_1/cache_write/call_36,533866,,,cache_write,layer_1,cudaLaunchKernel_v7000,,,2.153006,2.156644
echo,extend,CPU CUDA API,api,35777300,35780246,35777300,35780246,,,,echo/echo/extend_annotated/layer_1/cache_write/call_36,533870,,,cache_write,layer_1,cudaMemsetAsync_v3020,,,2.15732,2.160266
echo,extend,CPU CUDA API,api,35780829,35784260,35780829,35784260,,,,echo/echo/extend_annotated/layer_1/cache_write/call_36,533873,,,cache_write,layer_1,cudaLaunchKernel_v7000,,,2.160849,2.16428
echo,extend,CPU CUDA API,api,35784937,35787817,35784937,35787817,,,,echo/echo/extend_annotated/layer_1/cache_write/call_36,533877,,,cache_write,layer_1,cudaMemsetAsync_v3020,,,2.164957,2.167837
echo,extend,CPU CUDA API,api,35788405,35792679,35788405,35792679,,,,echo/echo/extend_annotated/layer_1/cache_write/call_36,533880,,,cache_write,layer_1,cudaLaunchKernel_v7000,,,2.168425,2.172699
echo,extend,CPU CUDA API,api,35793337,35796055,35793337,35796055,,,,echo/echo/extend_annotated/layer_1/cache_write/call_36,533884,,,cache_write,layer_1,cudaMemsetAsync_v3020,,,2.173357,2.176075
echo,extend,CPU CUDA API,api,35796633,35799903,35796633,35799903,,,,echo/echo/extend_annotated/layer_1/cache_write/call_36,533887,,,cache_write,layer_1,cudaLaunchKernel_v7000,,,2.176653,2.179923
echo,extend,CPU CUDA API,api,35800620,35803522,35800620,35803522,,,,echo/echo/extend_annotated/layer_1/cache_write/call_36,533891,,,cache_write,layer_1,cudaMemsetAsync_v3020,,,2.18064,2.183542
echo,extend,CPU CUDA API,api,35804304,35807765,35804304,35807765,,,,echo/echo/extend_annotated/layer_1/cache_write/call_36,533894,,,cache_write,layer_1,cudaLaunchKernel_v7000,,,2.184324,2.187785
echo,extend,CPU CUDA API,api,35808436,35811093,35808436,35811093,,,,echo/echo/extend_annotated/layer_1/cache_write/call_36,533898,,,cache_write,layer_1,cudaMemsetAsync_v3020,,,2.188456,2.191113
echo,extend,CPU CUDA API,api,35811688,35814914,35811688,35814914,,,,echo/echo/extend_annotated/layer_1/cache_write/call_36,533901,,,cache_write,layer_1,cudaLaunchKernel_v7000,,,2.191708,2.194934
echo,extend,CPU CUDA API,api,35815586,35818340,35815586,35818340,,,,echo/echo/extend_annotated/layer_1/cache_write/call_36,533905,,,cache_write,layer_1,cudaMemsetAsync_v3020,,,2.195606,2.19836
echo,extend,CPU CUDA API,api,35818991,35823100,35818991,35823100,,,,echo/echo/extend_annotated/layer_1/cache_write/call_36,533908,,,cache_write,layer_1,cudaLaunchKernel_v7000,,,2.199011,2.20312
echo,extend,CPU CUDA API,api,35836884,35840861,35836884,35840861,,,,echo/echo/extend_annotated/layer_1/cache_write/call_36,533926,,,cache_write,layer_1,cudaLaunchKernel_v7000,,,2.216904,2.220881
echo,extend,CPU CUDA API,api,35852463,35856036,35852463,35856036,,,,echo/echo/extend_annotated/layer_1/cache_write/call_36,533940,,,cache_write,layer_1,cudaLaunchKernel_v7000,,,2.232483,2.236056
echo,extend,CPU CUDA API,api,35863523,35867001,35863523,35867001,,,,echo/echo/extend_annotated/layer_1/cache_write/call_36,533953,,,cache_write,layer_1,cudaLaunchKernel_v7000,,,2.243543,2.247021
echo,extend,CPU CUDA API,api,35875951,35879740,35875951,35879740,,,,echo/echo/extend_annotated/layer_1/cache_write/call_36,533976,,,cache_write,layer_1,cudaLaunchKernel_v7000,,,2.255971,2.25976
echo,extend,CPU CUDA API,api,35882410,35886309,35882410,35886309,,,,echo/echo/extend_annotated/layer_1/cache_write/call_36,533982,,,cache_write,layer_1,cudaMemcpyAsync_v3020,,,2.26243,2.266329
echo,extend,CPU CUDA API,api,35886496,35893677,35886496,35893677,,,,echo/echo/extend_annotated/layer_1/cache_write/call_36,533983,,,cache_write,layer_1,cudaStreamSynchronize_v3020,,,2.266516,2.273697
echo,extend,CPU CUDA API,api,35899025,35902539,35899025,35902539,,,,echo/echo/extend_annotated/layer_1/cache_write/call_36,534004,,,cache_write,layer_1,cudaLaunchKernel_v7000,,,2.279045,2.282559
echo,extend,CPU CUDA API,api,35903721,35907664,35903721,35907664,,,,echo/echo/extend_annotated/layer_1/cache_write/call_36,534010,,,cache_write,layer_1,cudaLaunchKernel_v7000,,,2.283741,2.287684
echo,extend,CPU CUDA API,api,35929295,35929669,35929295,35929669,,,,echo/echo/extend_annotated/layer_1/cache_write/call_36,534040,,,cache_write,layer_1,cudaStreamIsCapturing_v10000,,,2.309315,2.309689
echo,extend,CPU CUDA API,api,35930218,35934265,35930218,35934265,,,,echo/echo/extend_annotated/layer_1/cache_write/call_36,534042,,,cache_write,layer_1,cudaMemcpyAsync_v3020,,,2.310238,2.314285
echo,extend,CPU CUDA API,api,35934454,35940075,35934454,35940075,,,,echo/echo/extend_annotated/layer_1/cache_write/call_36,534043,,,cache_write,layer_1,cudaStreamSynchronize_v3020,,,2.314474,2.320095
echo,extend,CPU CUDA API,api,35953587,35953927,35953587,35953927,,,,echo/echo/extend_annotated/layer_1/cache_write/call_36,534063,,,cache_write,layer_1,cudaStreamIsCapturing_v10000,,,2.333607,2.333947
echo,extend,CPU CUDA API,api,35954402,35957308,35954402,35957308,,,,echo/echo/extend_annotated/layer_1/cache_write/call_36,534065,,,cache_write,layer_1,cudaMemcpyAsync_v3020,,,2.334422,2.337328
echo,extend,CPU CUDA API,api,35957512,35963326,35957512,35963326,,,,echo/echo/extend_annotated/layer_1/cache_write/call_36,534066,,,cache_write,layer_1,cudaStreamSynchronize_v3020,,,2.337532,2.343346
echo,extend,CPU CUDA API,api,35968289,35974085,35968289,35974085,,,,echo/echo/extend_annotated/layer_1/cache_write/call_36,534071,,,cache_write,layer_1,cudaLaunchKernel_v7000,,,2.348309,2.354105
echo,extend,CPU CUDA API,api,35984267,35984539,35984267,35984539,,,,echo/echo/extend_annotated/layer_1/cache_write/call_36,534090,,,cache_write,layer_1,cudaStreamIsCapturing_v10000,,,2.364287,2.364559
echo,extend,CPU CUDA API,api,35985045,35988222,35985045,35988222,,,,echo/echo/extend_annotated/layer_1/cache_write/call_36,534092,,,cache_write,layer_1,cudaMemcpyAsync_v3020,,,2.365065,2.368242
echo,extend,CPU CUDA API,api,35988393,35993877,35988393,35993877,,,,echo/echo/extend_annotated/layer_1/cache_write/call_36,534093,,,cache_write,layer_1,cudaStreamSynchronize_v3020,,,2.368413,2.373897
echo,extend,CPU CUDA API,api,35997528,36001528,35997528,36001528,,,,echo/echo/extend_annotated/layer_1/cache_write/call_36,534098,,,cache_write,layer_1,cudaLaunchKernel_v7000,,,2.377548,2.381548
echo,extend,CPU CUDA API,api,36011146,36011418,36011146,36011418,,,,echo/echo/extend_annotated/layer_1/cache_write/call_36,534117,,,cache_write,layer_1,cudaStreamIsCapturing_v10000,,,2.391166,2.391438
echo,extend,CPU CUDA API,api,36011889,36014759,36011889,36014759,,,,echo/echo/extend_annotated/layer_1/cache_write/call_36,534119,,,cache_write,layer_1,cudaMemcpyAsync_v3020,,,2.391909,2.394779
echo,extend,CPU CUDA API,api,36014948,36020409,36014948,36020409,,,,echo/echo/extend_annotated/layer_1/cache_write/call_36,534120,,,cache_write,layer_1,cudaStreamSynchronize_v3020,,,2.394968,2.400429
echo,extend,CPU CUDA API,api,36024211,36028285,36024211,36028285,,,,echo/echo/extend_annotated/layer_1/cache_write/call_36,534125,,,cache_write,layer_1,cudaLaunchKernel_v7000,,,2.404231,2.408305
echo,extend,CPU CUDA API,api,36038398,36042085,36038398,36042085,,,,echo/echo/extend_annotated/layer_1/cache_write/call_36,534150,,,cache_write,layer_1,cudaLaunchKernel_v7000,,,2.418418,2.422105
echo,extend,CPU CUDA API,api,36044454,36047970,36044454,36047970,,,,echo/echo/extend_annotated/layer_1/cache_write/call_36,534156,,,cache_write,layer_1,cudaMemcpyAsync_v3020,,,2.424474,2.42799
echo,extend,CPU CUDA API,api,36048182,36055325,36048182,36055325,,,,echo/echo/extend_annotated/layer_1/cache_write/call_36,534157,,,cache_write,layer_1,cudaStreamSynchronize_v3020,,,2.428202,2.435345
echo,extend,CPU CUDA API,api,36060350,36063738,36060350,36063738,,,,echo/echo/extend_annotated/layer_1/cache_write/call_36,534178,,,cache_write,layer_1,cudaLaunchKernel_v7000,,,2.44037,2.443758
echo,extend,CPU CUDA API,api,36064895,36068748,36064895,36068748,,,,echo/echo/extend_annotated/layer_1/cache_write/call_36,534184,,,cache_write,layer_1,cudaLaunchKernel_v7000,,,2.444915,2.448768
echo,extend,CPU CUDA API,api,36090642,36095625,36090642,36095625,,,,echo/echo/extend_annotated/layer_1/cache_write/call_36,534204,,,cache_write,layer_1,cudaLaunchKernel_v7000,,,2.470662,2.475645
echo,extend,CPU CUDA API,api,36103999,36108019,36103999,36108019,,,,echo/echo/extend_annotated/layer_1/cache_write/call_36,534218,,,cache_write,layer_1,cudaLaunchKernel_v7000,,,2.484019,2.488039
echo,extend,CPU CUDA API,api,36115586,36120805,36115586,36120805,,,,echo/echo/extend_annotated/layer_1/cache_write/call_36,534227,,,cache_write,layer_1,cudaLaunchKernel_v7000,,,2.495606,2.500825
echo,extend,CPU CUDA API,api,36127079,36130701,36127079,36130701,,,,echo/echo/extend_annotated/layer_1/cache_write/call_36,534237,,,cache_write,layer_1,cudaLaunchKernel_v7000,,,2.507099,2.510721
echo,extend,CPU CUDA API,api,36139861,36140181,36139861,36140181,,,,echo/echo/extend_annotated/layer_1/cache_write/call_36,534256,,,cache_write,layer_1,cudaStreamIsCapturing_v10000,,,2.519881,2.520201
echo,extend,CPU CUDA API,api,36140634,36144061,36140634,36144061,,,,echo/echo/extend_annotated/layer_1/cache_write/call_36,534258,,,cache_write,layer_1,cudaMemcpyAsync_v3020,,,2.520654,2.524081
echo,extend,CPU CUDA API,api,36144261,36149908,36144261,36149908,,,,echo/echo/extend_annotated/layer_1/cache_write/call_36,534259,,,cache_write,layer_1,cudaStreamSynchronize_v3020,,,2.524281,2.529928
echo,extend,CPU CUDA API,api,36153660,36157658,36153660,36157658,,,,echo/echo/extend_annotated/layer_1/cache_write/call_36,534264,,,cache_write,layer_1,cudaLaunchKernel_v7000,,,2.53368,2.537678
echo,extend,CPU CUDA API,api,36168665,36168966,36168665,36168966,,,,echo/echo/extend_annotated/layer_1/cache_write/call_36,534283,,,cache_write,layer_1,cudaStreamIsCapturing_v10000,,,2.548685,2.548986
echo,extend,CPU CUDA API,api,36169447,36172318,36169447,36172318,,,,echo/echo/extend_annotated/layer_1/cache_write/call_36,534285,,,cache_write,layer_1,cudaMemcpyAsync_v3020,,,2.549467,2.552338
echo,extend,CPU CUDA API,api,36172521,36178048,36172521,36178048,,,,echo/echo/extend_annotated/layer_1/cache_write/call_36,534286,,,cache_write,layer_1,cudaStreamSynchronize_v3020,,,2.552541,2.558068
echo,extend,CPU CUDA API,api,36181629,36185501,36181629,36185501,,,,echo/echo/extend_annotated/layer_1/cache_write/call_36,534291,,,cache_write,layer_1,cudaLaunchKernel_v7000,,,2.561649,2.565521
echo,extend,CPU CUDA API,api,36191694,36195015,36191694,36195015,,,,echo/echo/extend_annotated/layer_1/cache_write/call_36,534300,,,cache_write,layer_1,cudaLaunchKernel_v7000,,,2.571714,2.575035
echo,extend,CPU CUDA API,api,36203058,36203414,36203058,36203414,,,,echo/echo/extend_annotated/layer_1/cache_write/call_36,534309,,,cache_write,layer_1,cudaStreamIsCapturing_v10000,,,2.583078,2.583434
echo,extend,CPU CUDA API,api,36203875,36206903,36203875,36206903,,,,echo/echo/extend_annotated/layer_1/cache_write/call_36,534311,,,cache_write,layer_1,cudaMemcpyAsync_v3020,,,2.583895,2.586923
echo,extend,CPU CUDA API,api,36207093,36212663,36207093,36212663,,,,echo/echo/extend_annotated/layer_1/cache_write/call_36,534312,,,cache_write,layer_1,cudaStreamSynchronize_v3020,,,2.587113,2.592683
echo,extend,CPU CUDA API,api,36235119,36236964,36235119,36236964,,,,echo/echo/extend_annotated/layer_1/cache_write/call_36,534319,,,cache_write,layer_1,cudaEventCreateWithFlags_v3020,,,2.615139,2.616984
echo,extend,CPU CUDA API,api,36238422,36238677,36238422,36238677,,,,echo/echo/extend_annotated/layer_1/cache_write/call_36,534324,,,cache_write,layer_1,cudaStreamIsCapturing_v10000,,,2.618442,2.618697
echo,extend,CPU CUDA API,api,36239194,36242471,36239194,36242471,,,,echo/echo/extend_annotated/layer_1/cache_write/call_36,534325,,,cache_write,layer_1,cudaEventRecordWithFlags_v11010,,,2.619214,2.622491
echo,extend,CPU CUDA API,api,36245107,36245349,36245107,36245349,,,,echo/echo/extend_annotated/layer_1/cache_write/call_36,534330,,,cache_write,layer_1,cudaStreamIsCapturing_v10000,,,2.625127,2.625369
echo,extend,CPU CUDA API,api,36246173,36248776,36246173,36248776,,,,echo/echo/extend_annotated/layer_1/cache_write/call_36,534331,,,cache_write,layer_1,cudaStreamWaitEvent_v3020,,,2.626193,2.628796
echo,extend,CPU CUDA API,api,36250324,36251198,36250324,36251198,,,,echo/echo/extend_annotated/layer_1/cache_write/call_36,534335,,,cache_write,layer_1,cudaEventDestroy_v3020,,,2.630344,2.631218
echo,extend,CPU CUDA API,api,36295522,36295891,36295522,36295891,,,,echo/echo/extend_annotated/layer_1/cache_write/call_36,534349,,,cache_write,layer_1,cudaStreamIsCapturing_v10000,,,2.675542,2.675911
echo,extend,CPU CUDA API,api,36296445,36302357,36296445,36302357,,,,echo/echo/extend_annotated/layer_1/cache_write/call_36,534351,,,cache_write,layer_1,cudaMemcpyAsync_v3020,,,2.676465,2.682377
echo,extend,CPU CUDA API,api,36309663,36310760,36309663,36310760,,,,echo/echo/extend_annotated/layer_1/cache_write/call_36,534355,,,cache_write,layer_1,cudaEventCreateWithFlags_v3020,,,2.689683,2.69078
echo,extend,CPU CUDA API,api,36312042,36312305,36312042,36312305,,,,echo/echo/extend_annotated/layer_1/cache_write/call_36,534360,,,cache_write,layer_1,cudaStreamIsCapturing_v10000,,,2.692062,2.692325
echo,extend,CPU CUDA API,api,36312499,36314139,36312499,36314139,,,,echo/echo/extend_annotated/layer_1/cache_write/call_36,534361,,,cache_write,layer_1,cudaEventRecordWithFlags_v11010,,,2.692519,2.694159
echo,extend,CPU CUDA API,api,36369938,36370349,36369938,36370349,,,,echo/echo/extend_annotated/layer_1/offload_exact_recall/call_37,534371,,,offload_exact_recall,layer_1,cudaStreamIsCapturing_v10000,,,2.749958,2.750369
echo,extend,CPU CUDA API,api,36373838,36374164,36373838,36374164,,,,echo/echo/extend_annotated/layer_1/offload_exact_recall/call_37,534375,,,offload_exact_recall,layer_1,cudaStreamIsCapturing_v10000,,,2.753858,2.754184
echo,extend,CPU CUDA API,api,36377225,36377462,36377225,36377462,,,,echo/echo/extend_annotated/layer_1/offload_exact_recall/call_37,534379,,,offload_exact_recall,layer_1,cudaStreamIsCapturing_v10000,,,2.757245,2.757482
echo,extend,CPU CUDA API,api,36450309,36458994,36450309,36458994,,,,echo/echo/extend_annotated/layer_1/offload_exact_recall/call_37,534395,,,offload_exact_recall,layer_1,cudaLaunchKernel_v7000,,,2.830329,2.839014
echo,extend,CPU CUDA API,api,36460272,36464729,36460272,36464729,,,,echo/echo/extend_annotated/layer_1/offload_exact_recall/call_37,534398,,,offload_exact_recall,layer_1,cudaLaunchKernel_v7000,,,2.840292,2.844749
echo,extend,CPU CUDA API,api,36465624,36469962,36465624,36469962,,,,echo/echo/extend_annotated/layer_1/offload_exact_recall/call_37,534401,,,offload_exact_recall,layer_1,cudaLaunchKernel_v7000,,,2.845644,2.849982
echo,extend,CPU CUDA API,api,36482015,36485526,36482015,36485526,,,,echo/echo/extend_annotated/layer_1/offload_exact_recall/call_37,534407,,,offload_exact_recall,layer_1,cudaEventQuery_v3020,,,2.862035,2.865546
echo,extend,CPU CUDA API,api,36487148,36487808,36487148,36487808,,,,echo/echo/extend_annotated/layer_1/offload_exact_recall/call_37,534409,,,offload_exact_recall,layer_1,cudaEventDestroy_v3020,,,2.867168,2.867828
echo,extend,CPU CUDA API,api,36506719,36516599,36506719,36516599,,,,echo/echo/extend_annotated/layer_1/offload_exact_recall/call_37,534426,,,offload_exact_recall,layer_1,cudaMemcpyAsync_v3020,,,2.886739,2.896619
echo,extend,CPU CUDA API,api,36521186,36525757,36521186,36525757,,,,echo/echo/extend_annotated/layer_1/offload_exact_recall/call_37,534433,,,offload_exact_recall,layer_1,cudaLaunchKernel_v7000,,,2.901206,2.905777
echo,extend,CPU CUDA API,api,36530854,36535120,36530854,36535120,,,,echo/echo/extend_annotated/layer_1/offload_exact_recall/call_37,534446,,,offload_exact_recall,layer_1,cudaMemsetAsync_v3020,,,2.910874,2.91514
echo,extend,CPU CUDA API,api,36535478,36539770,36535478,36539770,,,,echo/echo/extend_annotated/layer_1/offload_exact_recall/call_37,534448,,,offload_exact_recall,layer_1,cudaMemsetAsync_v3020,,,2.915498,2.91979
echo,extend,CPU CUDA API,api,36543928,36548050,36543928,36548050,,,,echo/echo/extend_annotated/layer_1/offload_exact_recall/call_37,534457,,,offload_exact_recall,layer_1,cudaLaunchKernel_v7000,,,2.923948,2.92807
echo,extend,CPU CUDA API,api,36549401,36553284,36549401,36553284,,,,echo/echo/extend_annotated/layer_1/offload_exact_recall/call_37,534462,,,offload_exact_recall,layer_1,cudaLaunchKernel_v7000,,,2.929421,2.933304
echo,extend,CPU CUDA API,api,36554012,36557452,36554012,36557452,,,,echo/echo/extend_annotated/layer_1/offload_exact_recall/call_37,534466,,,offload_exact_recall,layer_1,cudaMemsetAsync_v3020,,,2.934032,2.937472
echo,extend,CPU CUDA API,api,36558215,36562186,36558215,36562186,,,,echo/echo/extend_annotated/layer_1/offload_exact_recall/call_37,534469,,,offload_exact_recall,layer_1,cudaLaunchKernel_v7000,,,2.938235,2.942206
echo,extend,CPU CUDA API,api,36562909,36565962,36562909,36565962,,,,echo/echo/extend_annotated/layer_1/offload_exact_recall/call_37,534473,,,offload_exact_recall,layer_1,cudaMemsetAsync_v3020,,,2.942929,2.945982
echo,extend,CPU CUDA API,api,36566584,36571185,36566584,36571185,,,,echo/echo/extend_annotated/layer_1/offload_exact_recall/call_37,534476,,,offload_exact_recall,layer_1,cudaLaunchKernel_v7000,,,2.946604,2.951205
echo,extend,CPU CUDA API,api,36571862,36574669,36571862,36574669,,,,echo/echo/extend_annotated/layer_1/offload_exact_recall/call_37,534480,,,offload_exact_recall,layer_1,cudaMemsetAsync_v3020,,,2.951882,2.954689
echo,extend,CPU CUDA API,api,36575325,36578829,36575325,36578829,,,,echo/echo/extend_annotated/layer_1/offload_exact_recall/call_37,534483,,,offload_exact_recall,layer_1,cudaLaunchKernel_v7000,,,2.955345,2.958849
echo,extend,CPU CUDA API,api,36579492,36582175,36579492,36582175,,,,echo/echo/extend_annotated/layer_1/offload_exact_recall/call_37,534487,,,offload_exact_recall,layer_1,cudaMemsetAsync_v3020,,,2.959512,2.962195
echo,extend,CPU CUDA API,api,36582821,36586202,36582821,36586202,,,,echo/echo/extend_annotated/layer_1/offload_exact_recall/call_37,534490,,,offload_exact_recall,layer_1,cudaLaunchKernel_v7000,,,2.962841,2.966222
echo,extend,CPU CUDA API,api,36586859,36589594,36586859,36589594,,,,echo/echo/extend_annotated/layer_1/offload_exact_recall/call_37,534494,,,offload_exact_recall,layer_1,cudaMemsetAsync_v3020,,,2.966879,2.969614
echo,extend,CPU CUDA API,api,36590212,36593729,36590212,36593729,,,,echo/echo/extend_annotated/layer_1/offload_exact_recall/call_37,534497,,,offload_exact_recall,layer_1,cudaLaunchKernel_v7000,,,2.970232,2.973749
echo,extend,CPU CUDA API,api,36594404,36597067,36594404,36597067,,,,echo/echo/extend_annotated/layer_1/offload_exact_recall/call_37,534501,,,offload_exact_recall,layer_1,cudaMemsetAsync_v3020,,,2.974424,2.977087
echo,extend,CPU CUDA API,api,36597687,36601793,36597687,36601793,,,,echo/echo/extend_annotated/layer_1/offload_exact_recall/call_37,534504,,,offload_exact_recall,layer_1,cudaLaunchKernel_v7000,,,2.977707,2.981813
echo,extend,CPU CUDA API,api,36602456,36605186,36602456,36605186,,,,echo/echo/extend_annotated/layer_1/offload_exact_recall/call_37,534508,,,offload_exact_recall,layer_1,cudaMemsetAsync_v3020,,,2.982476,2.985206
echo,extend,CPU CUDA API,api,36605926,36609330,36605926,36609330,,,,echo/echo/extend_annotated/layer_1/offload_exact_recall/call_37,534511,,,offload_exact_recall,layer_1,cudaLaunchKernel_v7000,,,2.985946,2.98935
echo,extend,CPU CUDA API,api,36610008,36612649,36610008,36612649,,,,echo/echo/extend_annotated/layer_1/offload_exact_recall/call_37,534515,,,offload_exact_recall,layer_1,cudaMemsetAsync_v3020,,,2.990028,2.992669
echo,extend,CPU CUDA API,api,36613302,36616691,36613302,36616691,,,,echo/echo/extend_annotated/layer_1/offload_exact_recall/call_37,534518,,,offload_exact_recall,layer_1,cudaLaunchKernel_v7000,,,2.993322,2.996711
echo,extend,CPU CUDA API,api,36633775,36638404,36633775,36638404,,,,echo/echo/extend_annotated/layer_1/offload_exact_recall/call_37,534536,,,offload_exact_recall,layer_1,cudaLaunchKernel_v7000,,,3.013795,3.018424
echo,extend,CPU CUDA API,api,36647500,36651780,36647500,36651780,,,,echo/echo/extend_annotated/layer_1/offload_exact_recall/call_37,534563,,,offload_exact_recall,layer_1,cudaLaunchKernel_v7000,,,3.02752,3.0318
echo,extend,CPU CUDA API,api,36655732,36659597,36655732,36659597,,,,echo/echo/extend_annotated/layer_1/offload_exact_recall/call_37,534575,,,offload_exact_recall,layer_1,cudaLaunchKernel_v7000,,,3.035752,3.039617
echo,extend,CPU CUDA API,api,36704124,36709490,36704124,36709490,,,,echo/echo/extend_annotated/layer_1/offload_exact_recall/call_37,534592,,,offload_exact_recall,layer_1,cudaLaunchKernel_v7000,,,3.084144,3.08951
echo,extend,CPU CUDA API,api,36746999,36751894,36746999,36751894,,,,echo/echo/extend_annotated/layer_1/offload_exact_recall/call_37,534606,,,offload_exact_recall,layer_1,cudaLaunchKernel_v7000,,,3.127019,3.131914
echo,extend,CPU CUDA API,api,36781150,36785738,36781150,36785738,,,,echo/echo/extend_annotated/layer_1/offload_exact_recall/call_37,534614,,,offload_exact_recall,layer_1,cudaLaunchKernel_v7000,,,3.16117,3.165758
echo,extend,CPU CUDA API,api,36809536,36814113,36809536,36814113,,,,echo/echo/extend_annotated/layer_1/offload_exact_recall/call_37,534622,,,offload_exact_recall,layer_1,cudaLaunchKernel_v7000,,,3.189556,3.194133
echo,extend,CPU CUDA API,api,36944170,36945328,36944170,36945328,,,,echo/echo/extend_annotated/layer_1/mla_qk_pv/call_39,534650,,,mla_qk_pv,layer_1,cudaGetDriverEntryPointByVersion_v12050,,,3.32419,3.325348
echo,extend,CPU CUDA API,api,36946648,36946907,36946648,36946907,,,,echo/echo/extend_annotated/layer_1/mla_qk_pv/call_39,534652,,,mla_qk_pv,layer_1,cudaGetDriverEntryPointByVersion_v12050,,,3.326668,3.326927
echo,extend,CPU CUDA API,api,36953442,36961622,36953442,36961622,,,,echo/echo/extend_annotated/layer_1/mla_qk_pv/call_39,534656,,,mla_qk_pv,layer_1,cudaLaunchKernelExC_v11060,,,3.333462,3.341642
echo,extend,CPU CUDA API,api,37118400,37162085,37118400,37162085,,,,echo/echo/extend_annotated/layer_1/compute_graph_finish_layer_1_q_128/call_43,534675,,,compute_graph_finish_layer_1_q_128,layer_1,cudaGraphLaunch_v10000,,,3.49842,3.542105
echo,extend,CPU CUDA API,api,37178716,37179582,37178716,37179582,,,,echo/echo/extend_annotated/layer_1/layer_misc/call_24,534680,,,layer_misc,layer_1,cudaEventDestroy_v3020,,,3.558736,3.559602
echo,extend,CPU CUDA API,api,37181796,37183086,37181796,37183086,,,,echo/echo/extend_annotated/layer_1/layer_misc/call_24,534684,,,layer_misc,layer_1,cudaEventCreateWithFlags_v3020,,,3.561816,3.563106
echo,extend,CPU CUDA API,api,37184598,37184968,37184598,37184968,,,,echo/echo/extend_annotated/layer_1/layer_misc/call_24,534689,,,layer_misc,layer_1,cudaStreamIsCapturing_v10000,,,3.564618,3.564988
echo,extend,CPU CUDA API,api,37185370,37187926,37185370,37187926,,,,echo/echo/extend_annotated/layer_1/layer_misc/call_24,534690,,,layer_misc,layer_1,cudaEventRecordWithFlags_v11010,,,3.56539,3.567946
echo,extend,CPU CUDA API,api,37192004,37193363,37192004,37193363,,,,echo/echo/extend_annotated/layer_1/layer_misc/call_24,534695,,,layer_misc,layer_1,cudaEventRecord_v3020,,,3.572024,3.573383
echo,extend,CPU CUDA API,api,37296387,37296764,37296387,37296764,,,,echo/echo/extend_annotated/layer_2/layer_misc/call_45,534704,,,layer_misc,layer_2,cudaStreamIsCapturing_v10000,,,3.676407,3.676784
echo,extend,CPU CUDA API,api,37300391,37300653,37300391,37300653,,,,echo/echo/extend_annotated/layer_2/layer_misc/call_45,534708,,,layer_misc,layer_2,cudaStreamIsCapturing_v10000,,,3.680411,3.680673
echo,extend,CPU CUDA API,api,37303067,37303332,37303067,37303332,,,,echo/echo/extend_annotated/layer_2/layer_misc/call_45,534712,,,layer_misc,layer_2,cudaStreamIsCapturing_v10000,,,3.683087,3.683352
echo,extend,CPU CUDA API,api,37330841,37331136,37330841,37331136,,,,echo/echo/extend_annotated/layer_2/offload_source_reservation/call_46,534717,,,offload_source_reservation,layer_2,cudaStreamIsCapturing_v10000,,,3.710861,3.711156
echo,extend,CPU CUDA API,api,37333543,37333795,37333543,37333795,,,,echo/echo/extend_annotated/layer_2/offload_source_reservation/call_46,534721,,,offload_source_reservation,layer_2,cudaStreamIsCapturing_v10000,,,3.713563,3.713815
echo,extend,CPU CUDA API,api,37336488,37336754,37336488,37336754,,,,echo/echo/extend_annotated/layer_2/offload_source_reservation/call_46,534725,,,offload_source_reservation,layer_2,cudaStreamIsCapturing_v10000,,,3.716508,3.716774
echo,extend,CPU CUDA API,api,33707393,33707678,33707393,33707678,,,,echo/echo/extend_annotated/layer_1/compute_graph_projection_inputs/call_27,532914,,,compute_graph_projection_inputs,layer_1,cuKernelGetName,,,0.087413,0.087698
echo,extend,CPU CUDA API,api,34005530,34005841,34005530,34005841,,,,echo/echo/extend_annotated/layer_1/offload_prepare/call_31,532993,,,offload_prepare,layer_1,cuKernelGetName,,,0.38555,0.385861
echo,extend,CPU CUDA API,api,34034218,34034375,34034218,34034375,,,,echo/echo/extend_annotated/layer_1/offload_prepare/call_31,533017,,,offload_prepare,layer_1,cuKernelGetName,,,0.414238,0.414395
echo,extend,CPU CUDA API,api,34040633,34040760,34040633,34040760,,,,echo/echo/extend_annotated/layer_1/offload_prepare/call_31,533022,,,offload_prepare,layer_1,cuKernelGetName,,,0.420653,0.42078
echo,extend,CPU CUDA API,api,34049838,34049964,34049838,34049964,,,,echo/echo/extend_annotated/layer_1/offload_prepare/call_31,533029,,,offload_prepare,layer_1,cuKernelGetName,,,0.429858,0.429984
echo,extend,CPU CUDA API,api,34058528,34058622,34058528,34058622,,,,echo/echo/extend_annotated/layer_1/offload_prepare/call_31,533036,,,offload_prepare,layer_1,cuKernelGetName,,,0.438548,0.438642
echo,extend,CPU CUDA API,api,34067031,34067131,34067031,34067131,,,,echo/echo/extend_annotated/layer_1/offload_prepare/call_31,533043,,,offload_prepare,layer_1,cuKernelGetName,,,0.447051,0.447151
echo,extend,CPU CUDA API,api,34074577,34074677,34074577,34074677,,,,echo/echo/extend_annotated/layer_1/offload_prepare/call_31,533050,,,offload_prepare,layer_1,cuKernelGetName,,,0.454597,0.454697
echo,extend,CPU CUDA API,api,34081784,34081879,34081784,34081879,,,,echo/echo/extend_annotated/layer_1/offload_prepare/call_31,533057,,,offload_prepare,layer_1,cuKernelGetName,,,0.461804,0.461899
echo,extend,CPU CUDA API,api,34089381,34089475,34089381,34089475,,,,echo/echo/extend_annotated/layer_1/offload_prepare/call_31,533064,,,offload_prepare,layer_1,cuKernelGetName,,,0.469401,0.469495
echo,extend,CPU CUDA API,api,34097391,34097489,34097391,34097489,,,,echo/echo/extend_annotated/layer_1/offload_prepare/call_31,533071,,,offload_prepare,layer_1,cuKernelGetName,,,0.477411,0.477509
echo,extend,CPU CUDA API,api,34104999,34105088,34104999,34105088,,,,echo/echo/extend_annotated/layer_1/offload_prepare/call_31,533078,,,offload_prepare,layer_1,cuKernelGetName,,,0.485019,0.485108
echo,extend,CPU CUDA API,api,34128896,34129180,34128896,34129180,,,,echo/echo/extend_annotated/layer_1/offload_prepare/call_31,533092,,,offload_prepare,layer_1,cuKernelGetName,,,0.508916,0.5092
echo,extend,CPU CUDA API,api,34145828,34145962,34145828,34145962,,,,echo/echo/extend_annotated/layer_1/offload_prepare/call_31,533106,,,offload_prepare,layer_1,cuKernelGetName,,,0.525848,0.525982
echo,extend,CPU CUDA API,api,34168555,34168827,34168555,34168827,,,,echo/echo/extend_annotated/layer_1/offload_prepare/call_31,533123,,,offload_prepare,layer_1,cuKernelGetName,,,0.548575,0.548847
echo,extend,CPU CUDA API,api,34179783,34179885,34179783,34179885,,,,echo/echo/extend_annotated/layer_1/offload_prepare/call_31,533132,,,offload_prepare,layer_1,cuKernelGetName,,,0.559803,0.559905
echo,extend,CPU CUDA API,api,34187307,34187405,34187307,34187405,,,,echo/echo/extend_annotated/layer_1/offload_prepare/call_31,533140,,,offload_prepare,layer_1,cuKernelGetName,,,0.567327,0.567425
echo,extend,CPU CUDA API,api,34347968,34348140,34347968,34348140,,,,echo/echo/extend_annotated/layer_1/indexer_fused/call_33,533172,,,indexer_fused,layer_1,cuKernelGetName,,,0.727988,0.72816
echo,extend,CPU CUDA API,api,34359097,34359200,34359097,34359200,,,,echo/echo/extend_annotated/layer_1/indexer_fused/call_33,533181,,,indexer_fused,layer_1,cuKernelGetName,,,0.739117,0.73922
echo,extend,CPU CUDA API,api,34366538,34366633,34366538,34366633,,,,echo/echo/extend_annotated/layer_1/indexer_fused/call_33,533189,,,indexer_fused,layer_1,cuKernelGetName,,,0.746558,0.746653
echo,extend,CPU CUDA API,api,34419673,34419807,34419673,34419807,,,,echo/echo/extend_annotated/layer_1/indexer_fused/call_33,533223,,,indexer_fused,layer_1,cuKernelGetName,,,0.799693,0.799827
echo,extend,CPU CUDA API,api,34483031,34483642,34483031,34483642,,,,echo/echo/extend_annotated/layer_1/indexer_fused/call_33,533234,,,indexer_fused,layer_1,cuTensorMapEncodeTiled,,,0.863051,0.863662
echo,extend,CPU CUDA API,api,34483875,34483996,34483875,34483996,,,,echo/echo/extend_annotated/layer_1/indexer_fused/call_33,533235,,,indexer_fused,layer_1,cuTensorMapEncodeTiled,,,0.863895,0.864016
echo,extend,CPU CUDA API,api,34484103,34484345,34484103,34484345,,,,echo/echo/extend_annotated/layer_1/indexer_fused/call_33,533236,,,indexer_fused,layer_1,cuTensorMapEncodeTiled,,,0.864123,0.864365
echo,extend,CPU CUDA API,api,34484556,34484703,34484556,34484703,,,,echo/echo/extend_annotated/layer_1/indexer_fused/call_33,533237,,,indexer_fused,layer_1,cuTensorMapEncodeTiled,,,0.864576,0.864723
echo,extend,CPU CUDA API,api,34491776,34491879,34491776,34491879,,,,echo/echo/extend_annotated/layer_1/indexer_fused/call_33,533241,,,indexer_fused,layer_1,cuKernelGetName,,,0.871796,0.871899
echo,extend,CPU CUDA API,api,34498207,34498303,34498207,34498303,,,,echo/echo/extend_annotated/layer_1/indexer_fused/call_33,533244,,,indexer_fused,layer_1,cuKernelGetName,,,0.878227,0.878323
echo,extend,CPU CUDA API,api,34561429,34561529,34561429,34561529,,,,echo/echo/extend_annotated/layer_1/offload_finalize/call_34,533265,,,offload_finalize,layer_1,cuKernelGetName,,,0.941449,0.941549
echo,extend,CPU CUDA API,api,34597804,34598078,34597804,34598078,,,,echo/echo/extend_annotated/layer_1/offload_finalize/call_34,533274,,,offload_finalize,layer_1,cuKernelGetName,,,0.977824,0.978098
echo,extend,CPU CUDA API,api,34603743,34603876,34603743,34603876,,,,echo/echo/extend_annotated/layer_1/offload_finalize/call_34,533277,,,offload_finalize,layer_1,cuKernelGetName,,,0.983763,0.983896
echo,extend,CPU CUDA API,api,34619080,34619222,34619080,34619222,,,,echo/echo/extend_annotated/layer_1/offload_finalize/call_34,533283,,,offload_finalize,layer_1,cuKernelGetName,,,0.9991,0.999242
echo,extend,CPU CUDA API,api,34742943,34748455,34742943,34748455,,,,echo/echo/extend_annotated/layer_1/exact_topk/call_35,533314,,,exact_topk,layer_1,cuLaunchKernelEx,,,1.122963,1.128475
echo,extend,CPU CUDA API,api,34811033,34815525,34811033,34815525,,,,echo/echo/extend_annotated/layer_1/exact_topk/call_35,533339,,,exact_topk,layer_1,cuLaunchKernelEx,,,1.191053,1.195545
echo,extend,CPU CUDA API,api,34842170,34842382,34842170,34842382,,,,echo/echo/extend_annotated/layer_1/exact_topk/call_35,533353,,,exact_topk,layer_1,cuKernelGetName,,,1.22219,1.222402
echo,extend,CPU CUDA API,api,34870412,34874288,34870412,34874288,,,,echo/echo/extend_annotated/layer_1/exact_topk/call_35,533363,,,exact_topk,layer_1,cuLaunchKernelEx,,,1.250432,1.254308
echo,extend,CPU CUDA API,api,34946579,34946774,34946579,34946774,,,,echo/echo/extend_annotated/layer_1/cache_write/call_36,533393,,,cache_write,layer_1,cuKernelGetName,,,1.326599,1.326794
echo,extend,CPU CUDA API,api,34970124,34970413,34970124,34970413,,,,echo/echo/extend_annotated/layer_1/cache_write/call_36,533407,,,cache_write,layer_1,cuKernelGetName,,,1.350144,1.350433
echo,extend,CPU CUDA API,api,34995741,34995894,34995741,34995894,,,,echo/echo/extend_annotated/layer_1/cache_write/call_36,533419,,,cache_write,layer_1,cuKernelGetName,,,1.375761,1.375914
echo,extend,CPU CUDA API,api,35013553,35013682,35013553,35013682,,,,echo/echo/extend_annotated/layer_1/cache_write/call_36,533435,,,cache_write,layer_1,cuKernelGetName,,,1.393573,1.393702
echo,extend,CPU CUDA API,api,35029031,35029227,35029031,35029227,,,,echo/echo/extend_annotated/layer_1/cache_write/call_36,533447,,,cache_write,layer_1,cuKernelGetName,,,1.409051,1.409247
echo,extend,CPU CUDA API,api,35045423,35045564,35045423,35045564,,,,echo/echo/extend_annotated/layer_1/cache_write/call_36,533458,,,cache_write,layer_1,cuKernelGetName,,,1.425443,1.425584
echo,extend,CPU CUDA API,api,35058104,35058236,35058104,35058236,,,,echo/echo/extend_annotated/layer_1/cache_write/call_36,533469,,,cache_write,layer_1,cuKernelGetName,,,1.438124,1.438256
echo,extend,CPU CUDA API,api,35076437,35076785,35076437,35076785,,,,echo/echo/extend_annotated/layer_1/cache_write/call_36,533484,,,cache_write,layer_1,cuKernelGetName,,,1.456457,1.456805
echo,extend,CPU CUDA API,api,35416304,35416410,35416304,35416410,,,,echo/echo/extend_annotated/layer_1/cache_write/call_36,533511,,,cache_write,layer_1,cuKernelGetName,,,1.796324,1.79643
echo,extend,CPU CUDA API,api,35429204,35429309,35429204,35429309,,,,echo/echo/extend_annotated/layer_1/cache_write/call_36,533527,,,cache_write,layer_1,cuKernelGetName,,,1.809224,1.809329
echo,extend,CPU CUDA API,api,35443784,35443940,35443784,35443940,,,,echo/echo/extend_annotated/layer_1/cache_write/call_36,533539,,,cache_write,layer_1,cuKernelGetName,,,1.823804,1.82396
echo,extend,CPU CUDA API,api,35461622,35461824,35461622,35461824,,,,echo/echo/extend_annotated/layer_1/cache_write/call_36,533562,,,cache_write,layer_1,cuKernelGetName,,,1.841642,1.841844
echo,extend,CPU CUDA API,api,35493702,35493836,35493702,35493836,,,,echo/echo/extend_annotated/layer_1/cache_write/call_36,533590,,,cache_write,layer_1,cuKernelGetName,,,1.873722,1.873856
echo,extend,CPU CUDA API,api,35499576,35499775,35499576,35499775,,,,echo/echo/extend_annotated/layer_1/cache_write/call_36,533596,,,cache_write,layer_1,cuKernelGetName,,,1.879596,1.879795
echo,extend,CPU CUDA API,api,35558937,35559085,35558937,35559085,,,,echo/echo/extend_annotated/layer_1/cache_write/call_36,533644,,,cache_write,layer_1,cuKernelGetName,,,1.938957,1.939105
echo,extend,CPU CUDA API,api,35580058,35580159,35580058,35580159,,,,echo/echo/extend_annotated/layer_1/cache_write/call_36,533682,,,cache_write,layer_1,cuKernelGetName,,,1.960078,1.960179
echo,extend,CPU CUDA API,api,35585542,35585721,35585542,35585721,,,,echo/echo/extend_annotated/layer_1/cache_write/call_36,533688,,,cache_write,layer_1,cuKernelGetName,,,1.965562,1.965741
echo,extend,CPU CUDA API,api,35611560,35611657,35611560,35611657,,,,echo/echo/extend_annotated/layer_1/cache_write/call_36,533720,,,cache_write,layer_1,cuKernelGetName,,,1.99158,1.991677
echo,extend,CPU CUDA API,api,35616813,35616900,35616813,35616900,,,,echo/echo/extend_annotated/layer_1/cache_write/call_36,533726,,,cache_write,layer_1,cuKernelGetName,,,1.996833,1.99692
echo,extend,CPU CUDA API,api,35637804,35637955,35637804,35637955,,,,echo/echo/extend_annotated/layer_1/cache_write/call_36,533742,,,cache_write,layer_1,cuKernelGetName,,,2.017824,2.017975
echo,extend,CPU CUDA API,api,35653887,35653998,35653887,35653998,,,,echo/echo/extend_annotated/layer_1/cache_write/call_36,533755,,,cache_write,layer_1,cuKernelGetName,,,2.033907,2.034018
echo,extend,CPU CUDA API,api,35666150,35666250,35666150,35666250,,,,echo/echo/extend_annotated/layer_1/cache_write/call_36,533767,,,cache_write,layer_1,cuKernelGetName,,,2.04617,2.04627
echo,extend,CPU CUDA API,api,35680773,35680906,35680773,35680906,,,,echo/echo/extend_annotated/layer_1/cache_write/call_36,533783,,,cache_write,layer_1,cuKernelGetName,,,2.060793,2.060926
echo,extend,CPU CUDA API,api,35697651,35697867,35697651,35697867,,,,echo/echo/extend_annotated/layer_1/cache_write/call_36,533801,,,cache_write,layer_1,cuKernelGetName,,,2.077671,2.077887
echo,extend,CPU CUDA API,api,35727407,35727525,35727407,35727525,,,,echo/echo/extend_annotated/layer_1/cache_write/call_36,533822,,,cache_write,layer_1,cuKernelGetName,,,2.107427,2.107545
echo,extend,CPU CUDA API,api,35748553,35748653,35748553,35748653,,,,echo/echo/extend_annotated/layer_1/cache_write/call_36,533846,,,cache_write,layer_1,cuKernelGetName,,,2.128573,2.128673
echo,extend,CPU CUDA API,api,35754178,35754282,35754178,35754282,,,,echo/echo/extend_annotated/layer_1/cache_write/call_36,533851,,,cache_write,layer_1,cuKernelGetName,,,2.134198,2.134302
echo,extend,CPU CUDA API,api,35764107,35764244,35764107,35764244,,,,echo/echo/extend_annotated/layer_1/cache_write/call_36,533858,,,cache_write,layer_1,cuKernelGetName,,,2.144127,2.144264
echo,extend,CPU CUDA API,api,35772802,35772897,35772802,35772897,,,,echo/echo/extend_annotated/layer_1/cache_write/call_36,533865,,,cache_write,layer_1,cuKernelGetName,,,2.152822,2.152917
echo,extend,CPU CUDA API,api,35780656,35780743,35780656,35780743,,,,echo/echo/extend_annotated/layer_1/cache_write/call_36,533872,,,cache_write,layer_1,cuKernelGetName,,,2.160676,2.160763
echo,extend,CPU CUDA API,api,35788233,35788322,35788233,35788322,,,,echo/echo/extend_annotated/layer_1/cache_write/call_36,533879,,,cache_write,layer_1,cuKernelGetName,,,2.168253,2.168342
echo,extend,CPU CUDA API,api,35796459,35796548,35796459,35796548,,,,echo/echo/extend_annotated/layer_1/cache_write/call_36,533886,,,cache_write,layer_1,cuKernelGetName,,,2.176479,2.176568
echo,extend,CPU CUDA API,api,35804005,35804104,35804005,35804104,,,,echo/echo/extend_annotated/layer_1/cache_write/call_36,533893,,,cache_write,layer_1,cuKernelGetName,,,2.184025,2.184124
echo,extend,CPU CUDA API,api,35811501,35811599,35811501,35811599,,,,echo/echo/extend_annotated/layer_1/cache_write/call_36,533900,,,cache_write,layer_1,cuKernelGetName,,,2.191521,2.191619
echo,extend,CPU CUDA API,api,35818809,35818903,35818809,35818903,,,,echo/echo/extend_annotated/layer_1/cache_write/call_36,533907,,,cache_write,layer_1,cuKernelGetName,,,2.198829,2.198923
echo,extend,CPU CUDA API,api,35836693,35836793,35836693,35836793,,,,echo/echo/extend_annotated/layer_1/cache_write/call_36,533925,,,cache_write,layer_1,cuKernelGetName,,,2.216713,2.216813
echo,extend,CPU CUDA API,api,35852274,35852376,35852274,35852376,,,,echo/echo/extend_annotated/layer_1/cache_write/call_36,533939,,,cache_write,layer_1,cuKernelGetName,,,2.232294,2.232396
echo,extend,CPU CUDA API,api,35863341,35863438,35863341,35863438,,,,echo/echo/extend_annotated/layer_1/cache_write/call_36,533952,,,cache_write,layer_1,cuKernelGetName,,,2.243361,2.243458
echo,extend,CPU CUDA API,api,35875761,35875861,35875761,35875861,,,,echo/echo/extend_annotated/layer_1/cache_write/call_36,533975,,,cache_write,layer_1,cuKernelGetName,,,2.255781,2.255881
echo,extend,CPU CUDA API,api,35898818,35898915,35898818,35898915,,,,echo/echo/extend_annotated/layer_1/cache_write/call_36,534003,,,cache_write,layer_1,cuKernelGetName,,,2.278838,2.278935
echo,extend,CPU CUDA API,api,35903550,35903639,35903550,35903639,,,,echo/echo/extend_annotated/layer_1/cache_write/call_36,534009,,,cache_write,layer_1,cuKernelGetName,,,2.28357,2.283659
echo,extend,CPU CUDA API,api,35967882,35968026,35967882,35968026,,,,echo/echo/extend_annotated/layer_1/cache_write/call_36,534070,,,cache_write,layer_1,cuKernelGetName,,,2.347902,2.348046
echo,extend,CPU CUDA API,api,35997339,35997438,35997339,35997438,,,,echo/echo/extend_annotated/layer_1/cache_write/call_36,534097,,,cache_write,layer_1,cuKernelGetName,,,2.377359,2.377458
echo,extend,CPU CUDA API,api,36023973,36024121,36023973,36024121,,,,echo/echo/extend_annotated/layer_1/cache_write/call_36,534124,,,cache_write,layer_1,cuKernelGetName,,,2.403993,2.404141
echo,extend,CPU CUDA API,api,36038200,36038297,36038200,36038297,,,,echo/echo/extend_annotated/layer_1/cache_write/call_36,534149,,,cache_write,layer_1,cuKernelGetName,,,2.41822,2.418317
echo,extend,CPU CUDA API,api,36060164,36060264,36060164,36060264,,,,echo/echo/extend_annotated/layer_1/cache_write/call_36,534177,,,cache_write,layer_1,cuKernelGetName,,,2.440184,2.440284
echo,extend,CPU CUDA API,api,36064690,36064784,36064690,36064784,,,,echo/echo/extend_annotated/layer_1/cache_write/call_36,534183,,,cache_write,layer_1,cuKernelGetName,,,2.44471,2.444804
echo,extend,CPU CUDA API,api,36090391,36090556,36090391,36090556,,,,echo/echo/extend_annotated/layer_1/cache_write/call_36,534203,,,cache_write,layer_1,cuKernelGetName,,,2.470411,2.470576
echo,extend,CPU CUDA API,api,36103666,36103808,36103666,36103808,,,,echo/echo/extend_annotated/layer_1/cache_write/call_36,534217,,,cache_write,layer_1,cuKernelGetName,,,2.483686,2.483828
echo,extend,CPU CUDA API,api,36115236,36115409,36115236,36115409,,,,echo/echo/extend_annotated/layer_1/cache_write/call_36,534226,,,cache_write,layer_1,cuKernelGetName,,,2.495256,2.495429
echo,extend,CPU CUDA API,api,36126887,36126991,36126887,36126991,,,,echo/echo/extend_annotated/layer_1/cache_write/call_36,534236,,,cache_write,layer_1,cuKernelGetName,,,2.506907,2.507011
echo,extend,CPU CUDA API,api,36153474,36153573,36153474,36153573,,,,echo/echo/extend_annotated/layer_1/cache_write/call_36,534263,,,cache_write,layer_1,cuKernelGetName,,,2.533494,2.533593
echo,extend,CPU CUDA API,api,36181431,36181538,36181431,36181538,,,,echo/echo/extend_annotated/layer_1/cache_write/call_36,534290,,,cache_write,layer_1,cuKernelGetName,,,2.561451,2.561558
echo,extend,CPU CUDA API,api,36191497,36191608,36191497,36191608,,,,echo/echo/extend_annotated/layer_1/cache_write/call_36,534299,,,cache_write,layer_1,cuKernelGetName,,,2.571517,2.571628
echo,extend,CPU CUDA API,api,36449718,36450097,36449718,36450097,,,,echo/echo/extend_annotated/layer_1/offload_exact_recall/call_37,534394,,,offload_exact_recall,layer_1,cuKernelGetName,,,2.829738,2.830117
echo,extend,CPU CUDA API,api,36459757,36459948,36459757,36459948,,,,echo/echo/extend_annotated/layer_1/offload_exact_recall/call_37,534397,,,offload_exact_recall,layer_1,cuKernelGetName,,,2.839777,2.839968
echo,extend,CPU CUDA API,api,36465342,36465454,36465342,36465454,,,,echo/echo/extend_annotated/layer_1/offload_exact_recall/call_37,534400,,,offload_exact_recall,layer_1,cuKernelGetName,,,2.845362,2.845474
echo,extend,CPU CUDA API,api,36520879,36521006,36520879,36521006,,,,echo/echo/extend_annotated/layer_1/offload_exact_recall/call_37,534432,,,offload_exact_recall,layer_1,cuKernelGetName,,,2.900899,2.901026
echo,extend,CPU CUDA API,api,36543713,36543825,36543713,36543825,,,,echo/echo/extend_annotated/layer_1/offload_exact_recall/call_37,534456,,,offload_exact_recall,layer_1,cuKernelGetName,,,2.923733,2.923845
echo,extend,CPU CUDA API,api,36549101,36549201,36549101,36549201,,,,echo/echo/extend_annotated/layer_1/offload_exact_recall/call_37,534461,,,offload_exact_recall,layer_1,cuKernelGetName,,,2.929121,2.929221
echo,extend,CPU CUDA API,api,36558002,36558125,36558002,36558125,,,,echo/echo/extend_annotated/layer_1/offload_exact_recall/call_37,534468,,,offload_exact_recall,layer_1,cuKernelGetName,,,2.938022,2.938145
echo,extend,CPU CUDA API,api,36566401,36566494,36566401,36566494,,,,echo/echo/extend_annotated/layer_1/offload_exact_recall/call_37,534475,,,offload_exact_recall,layer_1,cuKernelGetName,,,2.946421,2.946514
echo,extend,CPU CUDA API,api,36575142,36575233,36575142,36575233,,,,echo/echo/extend_annotated/layer_1/offload_exact_recall/call_37,534482,,,offload_exact_recall,layer_1,cuKernelGetName,,,2.955162,2.955253
echo,extend,CPU CUDA API,api,36582592,36582688,36582592,36582688,,,,echo/echo/extend_annotated/layer_1/offload_exact_recall/call_37,534489,,,offload_exact_recall,layer_1,cuKernelGetName,,,2.962612,2.962708
echo,extend,CPU CUDA API,api,36590020,36590118,36590020,36590118,,,,echo/echo/extend_annotated/layer_1/offload_exact_recall/call_37,534496,,,offload_exact_recall,layer_1,cuKernelGetName,,,2.97004,2.970138
echo,extend,CPU CUDA API,api,36597492,36597592,36597492,36597592,,,,echo/echo/extend_annotated/layer_1/offload_exact_recall/call_37,534503,,,offload_exact_recall,layer_1,cuKernelGetName,,,2.977512,2.977612
echo,extend,CPU CUDA API,api,36605718,36605841,36605718,36605841,,,,echo/echo/extend_annotated/layer_1/offload_exact_recall/call_37,534510,,,offload_exact_recall,layer_1,cuKernelGetName,,,2.985738,2.985861
echo,extend,CPU CUDA API,api,36613085,36613199,36613085,36613199,,,,echo/echo/extend_annotated/layer_1/offload_exact_recall/call_37,534517,,,offload_exact_recall,layer_1,cuKernelGetName,,,2.993105,2.993219
echo,extend,CPU CUDA API,api,36633555,36633684,36633555,36633684,,,,echo/echo/extend_annotated/layer_1/offload_exact_recall/call_37,534535,,,offload_exact_recall,layer_1,cuKernelGetName,,,3.013575,3.013704
echo,extend,CPU CUDA API,api,36647097,36647297,36647097,36647297,,,,echo/echo/extend_annotated/layer_1/offload_exact_recall/call_37,534562,,,offload_exact_recall,layer_1,cuKernelGetName,,,3.027117,3.027317
echo,extend,CPU CUDA API,api,36655559,36655646,36655559,36655646,,,,echo/echo/extend_annotated/layer_1/offload_exact_recall/call_37,534574,,,offload_exact_recall,layer_1,cuKernelGetName,,,3.035579,3.035666
echo,extend,CPU CUDA API,api,36703702,36703844,36703702,36703844,,,,echo/echo/extend_annotated/layer_1/offload_exact_recall/call_37,534591,,,offload_exact_recall,layer_1,cuKernelGetName,,,3.083722,3.083864
echo,extend,CPU CUDA API,api,36746675,36746826,36746675,36746826,,,,echo/echo/extend_annotated/layer_1/offload_exact_recall/call_37,534605,,,offload_exact_recall,layer_1,cuKernelGetName,,,3.126695,3.126846
echo,extend,CPU CUDA API,api,36780831,36780954,36780831,36780954,,,,echo/echo/extend_annotated/layer_1/offload_exact_recall/call_37,534613,,,offload_exact_recall,layer_1,cuKernelGetName,,,3.160851,3.160974
echo,extend,CPU CUDA API,api,36809122,36809405,36809122,36809405,,,,echo/echo/extend_annotated/layer_1/offload_exact_recall/call_37,534621,,,offload_exact_recall,layer_1,cuKernelGetName,,,3.189142,3.189425
echo,extend,CPU CUDA API,api,36945668,36946406,36945668,36946406,,,,echo/echo/extend_annotated/layer_1/mla_qk_pv/call_39,534651,,,mla_qk_pv,layer_1,cuTensorMapEncodeTiled,,,3.325688,3.326426
echo,extend,CPU CUDA API,api,36947031,36947254,36947031,36947254,,,,echo/echo/extend_annotated/layer_1/mla_qk_pv/call_39,534653,,,mla_qk_pv,layer_1,cuTensorMapEncodeTiled,,,3.327051,3.327274
echo,extend,CPU CUDA API,api,37078887,37079447,37078887,37079447,,,,echo/echo/extend_annotated/layer_1/v_expand/call_42,534667,,,v_expand,layer_1,cuKernelGetAttribute,,,3.458907,3.459467
echo,extend,CPU CUDA API,api,37079656,37079820,37079656,37079820,,,,echo/echo/extend_annotated/layer_1/v_expand/call_42,534668,,,v_expand,layer_1,cuKernelGetAttribute,,,3.459676,3.45984
echo,extend,CPU CUDA API,api,37080940,37086974,37080940,37086974,,,,echo/echo/extend_annotated/layer_1/v_expand/call_42,534670,,,v_expand,layer_1,cuLaunchKernelEx,,,3.46096,3.466994
echo,extend,CPU control,nvtx,33619980,37366086,27741843,41762384,,,,echo/echo/extend_annotated/shared/forward_misc/call_0,,,,forward_misc,shared,forward_misc,,,0.0,3.746106
echo,extend,CPU control,nvtx,33619980,37203669,33544737,37203669,,,,echo/echo/extend_annotated/layer_1/layer_misc/call_24,,,,layer_misc,layer_1,layer_misc,,,0.0,3.583689
echo,extend,CPU control,nvtx,33619980,33627516,33615618,33627516,,,,echo/echo/extend_annotated/layer_1/offload_source_reservation/call_25,,,,offload_source_reservation,layer_1,offload_source_reservation,,,0.0,0.007536
echo,extend,CPU control,nvtx,33637861,33889690,33637861,33889690,,,,echo/echo/extend_annotated/layer_1/attention_projection/call_26,,,,attention_projection,layer_1,attention_projection,,,0.017881,0.26971
echo,extend,CPU control,nvtx,33661128,33717061,33661128,33717061,,,,echo/echo/extend_annotated/layer_1/compute_graph_projection_inputs/call_27,,,,compute_graph_projection_inputs,layer_1,compute_graph_projection_inputs,,,0.041148,0.097081
echo,extend,CPU control,nvtx,33731982,33840341,33731982,33840341,,,,echo/echo/extend_annotated/layer_1/compute_graph_projection_layer_1_q_128/call_28,,,,compute_graph_projection_layer_1_q_128,layer_1,compute_graph_projection_layer_1_q_128,,,0.112002,0.220361
echo,extend,CPU control,nvtx,33853469,33888085,33853469,33888085,,,,echo/echo/extend_annotated/layer_1/compute_graph_owned_writeback_source/call_29,,,,compute_graph_owned_writeback_source,layer_1,compute_graph_owned_writeback_source,,,0.233489,0.268105
echo,extend,CPU control,nvtx,33901261,33939527,33901261,33939527,,,,echo/echo/extend_annotated/layer_1/index_cache_write/call_30,,,,index_cache_write,layer_1,index_cache_write,,,0.281281,0.319547
echo,extend,CPU control,nvtx,33951662,34201986,33951662,34201986,,,,echo/echo/extend_annotated/layer_1/offload_prepare/call_31,,,,offload_prepare,layer_1,offload_prepare,,,0.331682,0.582006
echo,extend,CPU control,nvtx,34216854,34524406,34216854,34524406,,,,echo/echo/extend_annotated/layer_1/indexer_prefetch_aux/call_32,,,,indexer_prefetch_aux,layer_1,indexer_prefetch_aux,,,0.596874,0.904426
echo,extend,CPU control,nvtx,34268473,34520834,34268473,34520834,,,,echo/echo/extend_annotated/layer_1/indexer_fused/call_33,,,,indexer_fused,layer_1,indexer_fused,,,0.648493,0.900854
echo,extend,CPU control,nvtx,34543080,34627267,34543080,34627267,,,,echo/echo/extend_annotated/layer_1/offload_finalize/call_34,,,,offload_finalize,layer_1,offload_finalize,,,0.9231,1.007287
echo,extend,CPU control,nvtx,34642198,34880793,34642198,34880793,,,,echo/echo/extend_annotated/layer_1/exact_topk/call_35,,,,exact_topk,layer_1,exact_topk,,,1.022218,1.260813
echo,extend,CPU control,nvtx,34907044,36331123,34907044,36331123,,,,echo/echo/extend_annotated/layer_1/cache_write/call_36,,,,cache_write,layer_1,cache_write,,,1.287064,2.711143
echo,extend,CPU control,nvtx,36361002,36821501,36361002,36821501,,,,echo/echo/extend_annotated/layer_1/offload_exact_recall/call_37,,,,offload_exact_recall,layer_1,offload_exact_recall,,,2.741022,3.201521
echo,extend,CPU control,nvtx,36842993,36971170,36842993,36971170,,,,echo/echo/extend_annotated/layer_1/sparse_mla_aux/call_38,,,,sparse_mla_aux,layer_1,sparse_mla_aux,,,3.223013,3.35119
echo,extend,CPU control,nvtx,36896303,36968954,36896303,36968954,,,,echo/echo/extend_annotated/layer_1/mla_qk_pv/call_39,,,,mla_qk_pv,layer_1,mla_qk_pv,,,3.276323,3.348974
echo,extend,CPU control,nvtx,36986435,37165987,36986435,37165987,,,,echo/echo/extend_annotated/layer_1/attention_output/call_40,,,,attention_output,layer_1,attention_output,,,3.366455,3.546007
echo,extend,CPU control,nvtx,36995990,37096832,36995990,37096832,,,,echo/echo/extend_annotated/layer_1/compute_graph_value_expansion/call_41,,,,compute_graph_value_expansion,layer_1,compute_graph_value_expansion,,,3.37601,3.476852
echo,extend,CPU control,nvtx,37038884,37090553,37038884,37090553,,,,echo/echo/extend_annotated/layer_1/v_expand/call_42,,,,v_expand,layer_1,v_expand,,,3.418904,3.470573
echo,extend,CPU control,nvtx,37113415,37163870,37113415,37163870,,,,echo/echo/extend_annotated/layer_1/compute_graph_finish_layer_1_q_128/call_43,,,,compute_graph_finish_layer_1_q_128,layer_1,compute_graph_finish_layer_1_q_128,,,3.493435,3.54389
echo,extend,CPU control,nvtx,37226022,37231571,37226022,37231571,,,,echo/echo/extend_annotated/shared/hidden_transfer/call_44,,,,hidden_transfer,shared,hidden_transfer,,,3.606042,3.611591
echo,extend,CPU control,nvtx,37250045,37366086,37250045,40872217,,,,echo/echo/extend_annotated/layer_2/layer_misc/call_45,,,,layer_misc,layer_2,layer_misc,,,3.630065,3.746106
echo,extend,CPU control,nvtx,37327793,37339552,37327793,37339552,,,,echo/echo/extend_annotated/layer_2/offload_source_reservation/call_46,,,,offload_source_reservation,layer_2,offload_source_reservation,,,3.707813,3.719572
echo,extend,CPU control,nvtx,37349595,37366086,37349595,37568738,,,,echo/echo/extend_annotated/layer_2/attention_projection/call_47,,,,attention_projection,layer_2,attention_projection,,,3.729615,3.746106
echo,extend,CPU control,nvtx,37365111,37366086,37365111,37415015,,,,echo/echo/extend_annotated/layer_2/compute_graph_projection_inputs/call_48,,,,compute_graph_projection_inputs,layer_2,compute_graph_projection_inputs,,,3.745131,3.746106
serial_sparse,prefill,GPU control,kernel,676910352,676911184,676910352,676911184,7,0,341870085406720,echo/serial_sparse/prefill_annotated/layer_1/compute_graph_projection_inputs/call_3869,625586,,,compute_graph_projection_inputs,layer_1,"void at::native::vectorized_elementwise_kernel<(int)2, at::native::FillFunctor<long>, std::array<char *, (unsigned long)1>>(int, T2, T3)",,,0.02256,0.023392
serial_sparse,prefill,Compute,kernel,676915824,676931024,676915824,676931024,7,0,341870085406720,echo/serial_sparse/prefill_annotated/layer_1/compute_graph_projection_layer_1_q_1024/call_3870,625592,20,85899345920,compute_graph_projection_layer_1_q_1024,layer_1,kernel_cutlass_kernel_operatorsdeepseek_v32norm_fusedLocalFusedRMSNorm_object_at__tensorptrbf16gmemalign128oi64716871681_tensorptrbf16gmemalign128oi64716871681_tensorptrf32gmemalign16o716_0,,,0.028032,0.043232
serial_sparse,prefill,Compute,kernel,676931280,676933328,676931280,676933328,7,0,341870085406720,echo/serial_sparse/prefill_annotated/layer_1/compute_graph_projection_layer_1_q_1024/call_3870,625592,20,85899345921,compute_graph_projection_layer_1_q_1024,layer_1,"void at::native::elementwise_kernel<(int)128, (int)2, void at::native::gpu_kernel_impl_nocast<at::native::CUDAFunctor_add<long>>(at::TensorIteratorBase &, const T1 &)::[lambda(int) (instance 1)]>(int, T3)",,,0.043488,0.045536
serial_sparse,prefill,Compute,kernel,676933904,676936208,676933904,676936208,7,0,341870085406720,echo/serial_sparse/prefill_annotated/layer_1/compute_graph_projection_layer_1_q_1024/call_3870,625592,20,85899345922,compute_graph_projection_layer_1_q_1024,layer_1,"void at::native::unrolled_elementwise_kernel<at::native::direct_copy_kernel_cuda(at::TensorIteratorBase &)::[lambda() (instance 3)]::operator ()() const::[lambda() (instance 7)]::operator ()() const::[lambda(float) (instance 1)], std::array<char *, (unsigned long)2>, (int)4, TrivialOffsetCalculator<(int)1, unsigned int>, TrivialOffsetCalculator<(int)1, unsigned int>, at::native::memory::LoadWithCast<(int)1>, at::native::memory::StoreWithCast<(int)1>>(int, T1, T2, T4, T5, T6, T7)",,,0.046112,0.048416
serial_sparse,prefill,Compute,kernel,676936592,676937840,676936592,676937840,7,0,341870085406720,echo/serial_sparse/prefill_annotated/layer_1/compute_graph_projection_layer_1_q_1024/call_3870,625592,20,85899345923,compute_graph_projection_layer_1_q_1024,layer_1,"void at::native::vectorized_elementwise_kernel<(int)2, at::native::CUDAFunctorOnSelf_add<long>, std::array<char *, (unsigned long)2>>(int, T2, T3)",,,0.0488,0.050048
serial_sparse,prefill,Compute,kernel,676938256,676939920,676938256,676939920,7,0,341870085406720,echo/serial_sparse/prefill_annotated/layer_1/compute_graph_projection_layer_1_q_1024/call_3870,625592,20,85899345924,compute_graph_projection_layer_1_q_1024,layer_1,"void at::native::unrolled_elementwise_kernel<at::native::direct_copy_kernel_cuda(at::TensorIteratorBase &)::[lambda() (instance 3)]::operator ()() const::[lambda() (instance 3)]::operator ()() const::[lambda(int) (instance 1)], std::array<char *, (unsigned long)2>, (int)4, TrivialOffsetCalculator<(int)1, unsigned int>, TrivialOffsetCalculator<(int)1, unsigned int>, at::native::memory::LoadWithCast<(int)1>, at::native::memory::StoreWithCast<(int)1>>(int, T1, T2, T4, T5, T6, T7)",,,0.050464,0.052128
serial_sparse,prefill,Compute,kernel,676940336,676945584,676940336,676945584,7,0,341870085406720,echo/serial_sparse/prefill_annotated/layer_1/compute_graph_projection_layer_1_q_1024/call_3870,625592,20,85899345925,q_a_proj,layer_1,activation_quantization,,,0.052544,0.057792
serial_sparse,prefill,Compute,kernel,676946000,676948080,676946000,676948080,7,0,341870085406720,echo/serial_sparse/prefill_annotated/layer_1/compute_graph_projection_layer_1_q_1024/call_3870,625592,20,85899345926,q_a_proj,layer_1,"void deep_gemm::transpose_fp32<(unsigned int)512, (unsigned int)64, (unsigned int)56, (unsigned int)128, (unsigned int)57>(const float *, float *, unsigned int)",,,0.058208,0.060288
serial_sparse,prefill,Compute,kernel,676948464,676969968,676948464,676969968,7,0,341870085406720,echo/serial_sparse/prefill_annotated/layer_1/compute_graph_projection_layer_1_q_1024/call_3870,625592,20,85899345927,q_a_proj,layer_1,"void deep_gemm::sm90_fp8_gemm_1d2d_impl<(cute::UMMA::Major)0, (unsigned int)0, (unsigned int)1536, (unsigned int)7168, (unsigned int)1, (unsigned int)128, (unsigned int)96, (unsigned int)128, (unsigned int)128, (unsigned int)128, (unsigned int)64, (unsigned int)7, (unsigned int)128, (unsigned int)256, (unsigned int)1, (bool)0, (unsigned int)132, (deep_gemm::GemmType)0, cutlass::bfloat16_t>(float *, int *, unsigned int, unsigned int, unsigned int, CUtensorMap_st, CUtensorMap_st, CUtensorMap_st, CUtensorMap_st)",,,0.060672,0.082176
serial_sparse,prefill,Compute,kernel,676970832,676973680,676970832,676973680,7,0,341870085406720,echo/serial_sparse/prefill_annotated/layer_1/compute_graph_projection_layer_1_q_1024/call_3870,625592,20,85899345928,compute_graph_projection_layer_1_q_1024,layer_1,kernel_cutlass_kernel_operatorsdeepseek_v32norm_plainLocalPlainRMSNorm_object_at__tensorptrbf16gmemalign128oi64153615361_tensorptrf32gmemalign16o15361_tensorptrbf16gmemalign128oi641536153_0,,,0.08304,0.085888
serial_sparse,prefill,Compute,kernel,676974128,676975952,676974128,676975952,7,0,341870085406720,echo/serial_sparse/prefill_annotated/layer_1/compute_graph_projection_layer_1_q_1024/call_3870,625592,20,85899345929,compute_graph_projection_layer_1_q_1024,layer_1,"void at::native::elementwise_kernel<(int)128, (int)2, void at::native::gpu_kernel_impl_nocast<at::native::BinaryFunctor<float, float, float, at::native::binary_internal::MulFunctor<float>>>(at::TensorIteratorBase &, const T1 &)::[lambda(int) (instance 1)]>(int, T3)",,,0.086336,0.08816
serial_sparse,prefill,Compute,kernel,676976368,676977232,676976368,676977232,7,0,341870085406720,echo/serial_sparse/prefill_annotated/layer_1/compute_graph_projection_layer_1_q_1024/call_3870,625592,20,85899345930,compute_graph_projection_layer_1_q_1024,layer_1,"void <unnamed>::elementwise_kernel_with_index<int, at::native::arange_cuda_out(const c10::Scalar &, const c10::Scalar &, const c10::Scalar &, at::Tensor &)::[lambda() (instance 1)]::operator ()() const::[lambda() (instance 4)]::operator ()() const::[lambda(long) (instance 1)]>(T1, T2, function_traits<T2>::result_type *)",,,0.088576,0.08944
serial_sparse,prefill,Compute,kernel,676977712,676979600,676977712,676979600,7,0,341870085406720,echo/serial_sparse/prefill_annotated/layer_1/compute_graph_projection_layer_1_q_1024/call_3870,625592,20,85899345931,compute_graph_projection_layer_1_q_1024,layer_1,"void at::native::vectorized_elementwise_kernel<(int)4, at::native::cos_kernel_cuda(at::TensorIteratorBase &)::[lambda() (instance 2)]::operator ()() const::[lambda() (instance 2)]::operator ()() const::[lambda(float) (instance 1)], std::array<char *, (unsigned long)2>>(int, T2, T3)",,,0.08992,0.091808
serial_sparse,prefill,Compute,kernel,676980016,676981936,676980016,676981936,7,0,341870085406720,echo/serial_sparse/prefill_annotated/layer_1/compute_graph_projection_layer_1_q_1024/call_3870,625592,20,85899345932,compute_graph_projection_layer_1_q_1024,layer_1,"void at::native::vectorized_elementwise_kernel<(int)4, at::native::sin_kernel_cuda(at::TensorIteratorBase &)::[lambda() (instance 2)]::operator ()() const::[lambda() (instance 2)]::operator ()() const::[lambda(float) (instance 1)], std::array<char *, (unsigned long)2>>(int, T2, T3)",,,0.092224,0.094144
serial_sparse,prefill,Compute,kernel,676982384,676983952,676982384,676983952,7,0,341870085406720,echo/serial_sparse/prefill_annotated/layer_1/compute_graph_projection_layer_1_q_1024/call_3870,625592,20,85899345933,compute_graph_projection_layer_1_q_1024,layer_1,"void at::native::<unnamed>::CatArrayBatchedCopy_vectorized<at::native::<unnamed>::OpaqueType<(unsigned int)4>, unsigned int, (int)2, (int)128, (int)1, (int)16, (int)4>(char *, at::native::<unnamed>::CatArrInputTensorMetadata<T1, T2, T4, T5>, at::native::<unnamed>::TensorSizeStride<T2, (unsigned int)4>, int, T2)",,,0.094592,0.09616
serial_sparse,prefill,Compute,kernel,676984368,676986704,676984368,676986704,7,0,341870085406720,echo/serial_sparse/prefill_annotated/layer_1/compute_graph_projection_layer_1_q_1024/call_3870,625592,20,85899345934,q_b_proj,layer_1,activation_quantization,,,0.096576,0.098912
serial_sparse,prefill,Compute,kernel,676987088,676988656,676987088,676988656,7,0,341870085406720,echo/serial_sparse/prefill_annotated/layer_1/compute_graph_projection_layer_1_q_1024/call_3870,625592,20,85899345935,q_b_proj,layer_1,"void deep_gemm::transpose_fp32<(unsigned int)512, (unsigned int)64, (unsigned int)12, (unsigned int)128, (unsigned int)13>(const float *, float *, unsigned int)",,,0.099296,0.100864
serial_sparse,prefill,Compute,kernel,676989104,677053808,676989104,677053808,7,0,341870085406720,echo/serial_sparse/prefill_annotated/layer_1/compute_graph_projection_layer_1_q_1024/call_3870,625592,20,85899345936,q_b_proj,layer_1,"void deep_gemm::sm90_fp8_gemm_1d2d_impl<(cute::UMMA::Major)0, (unsigned int)0, (unsigned int)24576, (unsigned int)1536, (unsigned int)1, (unsigned int)256, (unsigned int)128, (unsigned int)128, (unsigned int)128, (unsigned int)128, (unsigned int)128, (unsigned int)3, (unsigned int)128, (unsigned int)256, (unsigned int)2, (bool)1, (unsigned int)132, (deep_gemm::GemmType)0, cutlass::bfloat16_t>(float *, int *, unsigned int, unsigned int, unsigned int, CUtensorMap_st, CUtensorMap_st, CUtensorMap_st, CUtensorMap_st)",,,0.101312,0.166016
serial_sparse,prefill,Compute,kernel,677061520,677118576,677061520,677118576,7,0,341870085406720,echo/serial_sparse/prefill_annotated/layer_1/compute_graph_projection_layer_1_q_1024/call_3870,625592,20,85899345938,q_absorb,layer_1,nvjet_sm90_tst_256x128_64x4_1x2_h_bz_coopA_NNT,,,0.173728,0.230784
serial_sparse,prefill,Compute,kernel,677118800,677127600,677118800,677127600,7,0,341870085406720,echo/serial_sparse/prefill_annotated/layer_1/compute_graph_projection_layer_1_q_1024/call_3870,625592,20,85899345939,kv_a_proj,layer_1,activation_quantization,,,0.231008,0.239808
serial_sparse,prefill,Compute,kernel,677127888,677129936,677127888,677129936,7,0,341870085406720,echo/serial_sparse/prefill_annotated/layer_1/compute_graph_projection_layer_1_q_1024/call_3870,625592,20,85899345940,kv_a_proj,layer_1,"void deep_gemm::transpose_fp32<(unsigned int)512, (unsigned int)64, (unsigned int)56, (unsigned int)128, (unsigned int)57>(const float *, float *, unsigned int)",,,0.240096,0.242144
serial_sparse,prefill,Compute,kernel,677130352,677148400,677130352,677148400,7,0,341870085406720,echo/serial_sparse/prefill_annotated/layer_1/compute_graph_projection_layer_1_q_1024/call_3870,625592,20,85899345941,kv_a_proj,layer_1,"void deep_gemm::sm90_fp8_gemm_1d2d_impl<(cute::UMMA::Major)0, (unsigned int)0, (unsigned int)576, (unsigned int)7168, (unsigned int)1, (unsigned int)64, (unsigned int)80, (unsigned int)128, (unsigned int)128, (unsigned int)128, (unsigned int)32, (unsigned int)11, (unsigned int)128, (unsigned int)128, (unsigned int)1, (bool)0, (unsigned int)132, (deep_gemm::GemmType)0, cutlass::bfloat16_t>(float *, int *, unsigned int, unsigned int, unsigned int, CUtensorMap_st, CUtensorMap_st, CUtensorMap_st, CUtensorMap_st)",,,0.24256,0.260608
serial_sparse,prefill,Compute,kernel,677149072,677151856,677149072,677151856,7,0,341870085406720,echo/serial_sparse/prefill_annotated/layer_1/compute_graph_projection_layer_1_q_1024/call_3870,625592,20,85899345942,compute_graph_projection_layer_1_q_1024,layer_1,"void at::native::elementwise_kernel<(int)128, (int)4, void at::native::gpu_kernel_impl_nocast<at::native::direct_copy_kernel_cuda(at::TensorIteratorBase &)::[lambda() (instance 3)]::operator ()() const::[lambda() (instance 12)]::operator ()() const::[lambda(c10::BFloat16) (instance 1)]>(at::TensorIteratorBase &, const T1 &)::[lambda(int) (instance 1)]>(int, T3)",,,0.26128,0.264064
serial_sparse,prefill,Compute,kernel,677152592,677154768,677152592,677154768,7,0,341870085406720,echo/serial_sparse/prefill_annotated/layer_1/compute_graph_projection_layer_1_q_1024/call_3870,625592,20,85899345943,compute_graph_projection_layer_1_q_1024,layer_1,kernel_cutlass_kernel_operatorsdeepseek_v32norm_plainLocalPlainRMSNorm_object_at__tensorptrbf16gmemalign128oi645125121_tensorptrf32gmemalign16o5121_tensorptrbf16gmemalign128oi645125121____0,,,0.2648,0.266976
serial_sparse,prefill,Compute,kernel,677155184,677165904,677155184,677165904,7,0,341870085406720,echo/serial_sparse/prefill_annotated/layer_1/compute_graph_projection_layer_1_q_1024/call_3870,625592,20,85899345944,compute_graph_projection_layer_1_q_1024,layer_1,"void flashinfer::BatchQKApplyRotaryPosIdsCosSinCacheHeadParallelismKernel<(bool)1, (unsigned int)64, (unsigned int)8, (unsigned int)8, __nv_bfloat16, long>(T5 *, T5 *, T5 *, T5 *, float *, T6 *, unsigned int, unsigned int, unsigned int, unsigned int, unsigned long, unsigned long, unsigned long, unsigned long, unsigned long, unsigned long, unsigned long, unsigned long)",,,0.267392,0.278112
serial_sparse,prefill,Compute,kernel,677166160,677169872,677166160,677169872,7,0,341870085406720,echo/serial_sparse/prefill_annotated/layer_1/compute_graph_projection_layer_1_q_1024/call_3870,625592,20,85899345945,index_q_proj,layer_1,activation_quantization,,,0.278368,0.28208
serial_sparse,prefill,Compute,kernel,677170288,677171824,677170288,677171824,7,0,341870085406720,echo/serial_sparse/prefill_annotated/layer_1/compute_graph_projection_layer_1_q_1024/call_3870,625592,20,85899345946,index_q_proj,layer_1,"void deep_gemm::transpose_fp32<(unsigned int)512, (unsigned int)64, (unsigned int)12, (unsigned int)128, (unsigned int)13>(const float *, float *, unsigned int)",,,0.282496,0.284032
serial_sparse,prefill,Compute,kernel,677172272,677196752,677172272,677196752,7,0,341870085406720,echo/serial_sparse/prefill_annotated/layer_1/compute_graph_projection_layer_1_q_1024/call_3870,625592,20,85899345947,index_q_proj,layer_1,"void deep_gemm::sm90_fp8_gemm_1d2d_impl<(cute::UMMA::Major)0, (unsigned int)0, (unsigned int)8192, (unsigned int)1536, (unsigned int)1, (unsigned int)256, (unsigned int)128, (unsigned int)128, (unsigned int)128, (unsigned int)128, (unsigned int)128, (unsigned int)3, (unsigned int)128, (unsigned int)256, (unsigned int)2, (bool)1, (unsigned int)132, (deep_gemm::GemmType)0, cutlass::bfloat16_t>(float *, int *, unsigned int, unsigned int, unsigned int, CUtensorMap_st, CUtensorMap_st, CUtensorMap_st, CUtensorMap_st)",,,0.28448,0.30896
serial_sparse,prefill,Compute,kernel,677197424,677204496,677197424,677204496,7,0,341870085406720,echo/serial_sparse/prefill_annotated/layer_1/compute_graph_projection_layer_1_q_1024/call_3870,625592,20,85899345948,index_k_proj,layer_1,activation_quantization,,,0.309632,0.316704
serial_sparse,prefill,Compute,kernel,677204912,677206960,677204912,677206960,7,0,341870085406720,echo/serial_sparse/prefill_annotated/layer_1/compute_graph_projection_layer_1_q_1024/call_3870,625592,20,85899345949,index_k_proj,layer_1,"void deep_gemm::transpose_fp32<(unsigned int)512, (unsigned int)64, (unsigned int)56, (unsigned int)128, (unsigned int)57>(const float *, float *, unsigned int)",,,0.31712,0.319168
serial_sparse,prefill,Compute,kernel,677207376,677217520,677207376,677217520,7,0,341870085406720,echo/serial_sparse/prefill_annotated/layer_1/compute_graph_projection_layer_1_q_1024/call_3870,625592,20,85899345950,index_k_proj,layer_1,"void deep_gemm::sm90_fp8_gemm_1d2d_impl<(cute::UMMA::Major)0, (unsigned int)0, (unsigned int)128, (unsigned int)7168, (unsigned int)1, (unsigned int)64, (unsigned int)16, (unsigned int)128, (unsigned int)128, (unsigned int)128, (unsigned int)32, (unsigned int)16, (unsigned int)128, (unsigned int)128, (unsigned int)1, (bool)0, (unsigned int)132, (deep_gemm::GemmType)0, cutlass::bfloat16_t>(float *, int *, unsigned int, unsigned int, unsigned int, CUtensorMap_st, CUtensorMap_st, CUtensorMap_st, CUtensorMap_st)",,,0.319584,0.329728
serial_sparse,prefill,Compute,kernel,677217904,677220848,677217904,677220848,7,0,341870085406720,echo/serial_sparse/prefill_annotated/layer_1/compute_graph_projection_layer_1_q_1024/call_3870,625592,20,85899345951,compute_graph_projection_layer_1_q_1024,layer_1,"void at::native::unrolled_elementwise_kernel<at::native::direct_copy_kernel_cuda(at::TensorIteratorBase &)::[lambda() (instance 3)]::operator ()() const::[lambda() (instance 7)]::operator ()() const::[lambda(float) (instance 1)], std::array<char *, (unsigned long)2>, (int)4, TrivialOffsetCalculator<(int)1, unsigned int>, TrivialOffsetCalculator<(int)1, unsigned int>, at::native::memory::LoadWithCast<(int)1>, at::native::memory::StoreWithCast<(int)1>>(int, T1, T2, T4, T5, T6, T7)",,,0.330112,0.333056
serial_sparse,prefill,Compute,kernel,677221232,677225072,677221232,677225072,7,0,341870085406720,echo/serial_sparse/prefill_annotated/layer_1/compute_graph_projection_layer_1_q_1024/call_3870,625592,20,85899345952,compute_graph_projection_layer_1_q_1024,layer_1,"void at::native::<unnamed>::vectorized_layer_norm_kernel<float, float, (bool)0>(int, T2, const T1 *, const T1 *, const T1 *, T2 *, T2 *, T1 *)",,,0.33344,0.33728
serial_sparse,prefill,Compute,kernel,677225520,677226864,677225520,677226864,7,0,341870085406720,echo/serial_sparse/prefill_annotated/layer_1/compute_graph_projection_layer_1_q_1024/call_3870,625592,20,85899345953,compute_graph_projection_layer_1_q_1024,layer_1,"void at::native::vectorized_elementwise_kernel<(int)8, at::native::bfloat16_copy_kernel_cuda(at::TensorIteratorBase &)::[lambda(float) (instance 1)], std::array<char *, (unsigned long)2>>(int, T2, T3)",,,0.337728,0.339072
serial_sparse,prefill,Compute,kernel,677227312,677238736,677227312,677238736,7,0,341870085406720,echo/serial_sparse/prefill_annotated/layer_1/compute_graph_projection_layer_1_q_1024/call_3870,625592,20,85899345954,compute_graph_projection_layer_1_q_1024,layer_1,"void flashinfer::BatchQKApplyRotaryPosIdsCosSinCacheHeadParallelismKernel<(bool)0, (unsigned int)128, (unsigned int)8, (unsigned int)16, __nv_bfloat16, long>(T5 *, T5 *, T5 *, T5 *, float *, T6 *, unsigned int, unsigned int, unsigned int, unsigned int, unsigned long, unsigned long, unsigned long, unsigned long, unsigned long, unsigned long, unsigned long, unsigned long)",,,0.33952,0.350944
serial_sparse,prefill,Compute,kernel,677238992,677244528,677238992,677244528,7,0,341870085406720,echo/serial_sparse/prefill_annotated/layer_1/compute_graph_projection_layer_1_q_1024/call_3870,625592,20,85899345955,compute_graph_projection_layer_1_q_1024,layer_1,quantize_kernel,,,0.3512,0.356736
serial_sparse,prefill,Compute,kernel,677244944,677246320,677244944,677246320,7,0,341870085406720,echo/serial_sparse/prefill_annotated/layer_1/compute_graph_projection_layer_1_q_1024/call_3870,625592,20,85899345956,compute_graph_projection_layer_1_q_1024,layer_1,quantize_kernel,,,0.357152,0.358528
serial_sparse,prefill,Compute,kernel,677246736,677271567,677246736,677271567,7,0,341870085406720,echo/serial_sparse/prefill_annotated/layer_1/compute_graph_projection_layer_1_q_1024/call_3870,625592,20,85899345957,compute_graph_projection_layer_1_q_1024,layer_1,"void at::native::unrolled_elementwise_kernel<at::native::direct_copy_kernel_cuda(at::TensorIteratorBase &)::[lambda() (instance 3)]::operator ()() const::[lambda() (instance 7)]::operator ()() const::[lambda(float) (instance 1)], std::array<char *, (unsigned long)2>, (int)4, TrivialOffsetCalculator<(int)1, unsigned int>, TrivialOffsetCalculator<(int)1, unsigned int>, at::native::memory::LoadWithCast<(int)1>, at::native::memory::StoreWithCast<(int)1>>(int, T1, T2, T4, T5, T6, T7)",,,0.358944,0.383775
serial_sparse,prefill,Compute,kernel,677271887,677306095,677271887,677306095,7,0,341870085406720,echo/serial_sparse/prefill_annotated/layer_1/compute_graph_projection_layer_1_q_1024/call_3870,625592,20,85899345958,index_weights_proj,layer_1,sm80_xmma_gemm_f32f32_f32f32_f32_tn_n_tilesize128x64x8_stage3_warpsize2x2x1_ffma_aligna4_alignc4_execute_kernel__5x_cublas,,,0.384095,0.418303
serial_sparse,prefill,Compute,kernel,677306479,677313423,677306479,677313423,7,0,341870085406720,echo/serial_sparse/prefill_annotated/layer_1/compute_graph_projection_layer_1_q_1024/call_3870,625592,20,85899345959,index_weights_proj,layer_1,sm80_xmma_gemm_f32f32_f32f32_f32_tn_n_tilesize128x64x8_stage3_warpsize2x2x1_ffma_aligna4_alignc4_execute_split_k_kernel__5x_cublas,,,0.418687,0.425631
serial_sparse,prefill,Compute,kernel,677313839,677315151,677313839,677315151,7,0,341870085406720,echo/serial_sparse/prefill_annotated/layer_1/compute_graph_projection_layer_1_q_1024/call_3870,625592,20,85899345960,compute_graph_projection_layer_1_q_1024,layer_1,"void at::native::vectorized_elementwise_kernel<(int)4, at::native::AUnaryFunctor<float, float, float, at::native::binary_internal::MulFunctor<float>>, std::array<char *, (unsigned long)2>>(int, T2, T3)",,,0.426047,0.427359
serial_sparse,prefill,Compute,kernel,677315567,677317327,677315567,677317327,7,0,341870085406720,echo/serial_sparse/prefill_annotated/layer_1/compute_graph_projection_layer_1_q_1024/call_3870,625592,20,85899345961,compute_graph_projection_layer_1_q_1024,layer_1,"void at::native::vectorized_elementwise_kernel<(int)4, at::native::BinaryFunctor<float, float, float, at::native::binary_internal::MulFunctor<float>>, std::array<char *, (unsigned long)3>>(int, T2, T3)",,,0.427775,0.429535
serial_sparse,prefill,Compute,kernel,677317743,677318863,677317743,677318863,7,0,341870085406720,echo/serial_sparse/prefill_annotated/layer_1/compute_graph_projection_layer_1_q_1024/call_3870,625592,20,85899345962,compute_graph_projection_layer_1_q_1024,layer_1,"void at::native::vectorized_elementwise_kernel<(int)4, at::native::AUnaryFunctor<float, float, float, at::native::binary_internal::MulFunctor<float>>, std::array<char *, (unsigned long)2>>(int, T2, T3)",,,0.429951,0.431071
serial_sparse,prefill,Compute,kernel,677319279,677322127,677319279,677322127,7,0,341870085406720,echo/serial_sparse/prefill_annotated/layer_1/compute_graph_projection_layer_1_q_1024/call_3870,625592,20,85899345963,compute_graph_projection_layer_1_q_1024,layer_1,"void at::native::<unnamed>::CatArrayBatchedCopy_vectorized<at::native::<unnamed>::OpaqueType<(unsigned int)2>, unsigned int, (int)2, (int)128, (int)1, (int)16, (int)8>(char *, at::native::<unnamed>::CatArrInputTensorMetadata<T1, T2, T4, T5>, at::native::<unnamed>::TensorSizeStride<T2, (unsigned int)4>, int, T2)",,,0.431487,0.434335
serial_sparse,prefill,Compute,kernel,677332623,678505869,677332623,678505869,7,0,341870085406720,echo/serial_sparse/prefill_annotated/layer_1/indexer_qk/call_3875,625658,,,indexer_qk,layer_1,"void deep_gemm::sm90_fp8_mqa_logits<(unsigned int)64, (unsigned int)128, (unsigned int)2, (unsigned int)256, (unsigned int)3, (unsigned int)3, (unsigned int)132, (unsigned int)128, (unsigned int)512, float>(unsigned int, unsigned int, unsigned int, unsigned int *, unsigned int *, T10 *, CUtensorMap_st, CUtensorMap_st, CUtensorMap_st, CUtensorMap_st)",,,0.444831,1.618077
serial_sparse,prefill,Compute,kernel,678507405,678508173,678507405,678508173,7,0,341870085406720,echo/serial_sparse/prefill_annotated/layer_1/indexer_qk/call_3875,625675,,,indexer_qk,layer_1,"void <unnamed>::elementwise_kernel_with_index<int, at::native::arange_cuda_out(const c10::Scalar &, const c10::Scalar &, const c10::Scalar &, at::Tensor &)::[lambda() (instance 1)]::operator ()() const::[lambda() (instance 4)]::operator ()() const::[lambda(long) (instance 1)]>(T1, T2, function_traits<T2>::result_type *)",,,1.619613,1.620381
serial_sparse,prefill,Compute,kernel,678509421,678515629,678509421,678515629,7,0,341870085406720,echo/serial_sparse/prefill_annotated/layer_1/indexer_qk/call_3875,625697,,,indexer_qk,layer_1,"void at::native::elementwise_kernel<(int)128, (int)4, void at::native::gpu_kernel_impl<at::native::<unnamed>::CompareFunctor<long>>(at::TensorIteratorBase &, const T1 &)::[lambda(int) (instance 1)]>(int, T3)",,,1.621629,1.627837
serial_sparse,prefill,Compute,kernel,678518061,678523117,678518061,678523117,7,0,341870085406720,echo/serial_sparse/prefill_annotated/layer_1/indexer_qk/call_3875,625704,,,indexer_qk,layer_1,"void at::native::elementwise_kernel<(int)128, (int)2, void at::native::gpu_kernel_impl_nocast<at::native::<unnamed>::masked_fill_kernel(at::TensorIterator &, const c10::Scalar &)::[lambda() (instance 1)]::operator ()() const::[lambda() (instance 7)]::operator ()() const::[lambda(float, bool) (instance 1)]>(at::TensorIteratorBase &, const T1 &)::[lambda(int) (instance 1)]>(int, T3)",,,1.630269,1.635325
serial_sparse,prefill,Compute,kernel,678525261,678789869,678525261,678789869,7,0,341870085406720,echo/serial_sparse/prefill_annotated/layer_1/exact_topk/call_3876,625732,,,exact_topk,layer_1,"void flashinfer::sampling::FilteredTopKUnifiedKernel<float, int, (int)4, (bool)1, (flashinfer::sampling::FilteredTopKMode)0, (flashinfer::sampling::TopKTieBreak)1, flashinfer::sampling::DirectPageTableKernelPolicy<int>, >(const T1 *, T2 *, T1 *, const T2 *, long, const T2 *, const T2 *, const T2 *, const T2 *, unsigned int, unsigned int, unsigned int, T8...)",,,1.637469,1.902077
serial_sparse,prefill,Compute,kernel,678791309,678851565,678791309,678851565,7,0,341870085406720,echo/serial_sparse/prefill_annotated/layer_1/exact_topk/call_3876,625733,,,exact_topk,layer_1,"void flashinfer::sampling::FinalizeTopKIndicesKernel<(bool)1, (flashinfer::sampling::FilteredTopKMode)0, (unsigned int)256, (unsigned int)8, float, int, flashinfer::sampling::DirectPageTableKernelPolicy<int>, >(T6 *, T5 *, const T6 *, long, const T6 *, const T6 *, unsigned int, unsigned int, T8...)",,,1.903517,1.963773
serial_sparse,prefill,Compute,kernel,678852717,678924941,678852717,678924941,7,0,341870085406720,echo/serial_sparse/prefill_annotated/layer_1/exact_topk/call_3876,625734,,,exact_topk,layer_1,"void flashinfer::sampling::StableSortTopKByValueKernel<(unsigned int)256, (unsigned int)8, int, float>(T3 *, T4 *, unsigned int, unsigned int)",,,1.964925,2.037149
serial_sparse,prefill,Compute,kernel,678926093,678928685,678926093,678928685,7,0,341870085406720,echo/serial_sparse/prefill_annotated/layer_1/exact_topk/call_3876,625739,,,exact_topk,layer_1,mask_kernel,,,2.038301,2.040893
serial_sparse,prefill,GPU control,kernel,678929933,678934861,678929933,678934861,7,0,341870085406720,echo/serial_sparse/prefill_annotated/layer_1/cache_write/call_3877,625771,,,cache_write,layer_1,"void echo_native::planned_append_kernel<uint4>(const char *, char *, int, long, const int *, const long *, int *, long *, int, int, long *, bool *, long *, unsigned long long *, int, long)",,,2.042141,2.047069
serial_sparse,prefill,GPU control,kernel,678936077,678937101,678936077,678937101,7,0,341870085406720,echo/serial_sparse/prefill_annotated/layer_1/offload_exact_recall/call_3878,625856,,,offload_exact_recall,layer_1,"echo_native::resident_union_clear(unsigned int *, long, unsigned int *)",,,2.048285,2.049309
serial_sparse,prefill,GPU control,kernel,678938413,679057485,678938413,679057485,7,0,341870085406720,echo/serial_sparse/prefill_annotated/layer_1/offload_exact_recall/call_3878,625859,,,offload_exact_recall,layer_1,"void echo_native::resident_selection_kernel<(bool)1>(const int *, int *, long, const int *, const int *, int, long *, long *, unsigned int *, unsigned int *, unsigned long long *, int, int, bool, int, int, long)",,,2.050621,2.169693
serial_sparse,prefill,Compute,kernel,679058733,680057803,679058733,680057803,7,0,341870085406720,echo/serial_sparse/prefill_annotated/layer_1/mla_qk_pv/call_3880,625899,,,mla_qk_pv,layer_1,"void sm90::prefill::sparse_fwd::sparse_attn_fwd_kernel<sm90::prefill::sparse_fwd::KernelTemplate<(int)576, (bool)0>, sm90::prefill::sparse_fwd::KernelTemplate<(int)576, (bool)0>::TmaParams<cute::tuple<int, int, int>, cute::TiledCopy<cute::Copy_Atom<cute::Copy_Traits<cute::SM90_TMA_LOAD, cute::C<(int)65536>, cute::AuxTmaParams<cute::tuple<cute::ScaledBasis<cute::C<(int)1>, (int)1>, cute::ScaledBasis<cute::C<(int)1>, (int)0>, cute::ScaledBasis<cute::C<(int)1>, (int)2>>, const cute::Layout<cute::tuple<cute::C<(int)64>, cute::C<(int)64>, cute::C<(int)1>>, cute::tuple<cute::ScaledBasis<cute::C<(int)1>, (int)1>, cute::ScaledBasis<cute::C<(int)1>, (int)0>, cute::ScaledBasis<cute::C<(int)1>, (int)2>>> &, const cute::Swizzle<(int)3, (int)4, (int)3> &>>, cutlass::bfloat16_t>, cute::Layout<cute::tuple<cute::C<(int)1>, cute::tuple<cute::tuple<cute::tuple<cute::C<(int)64>, cute::C<(int)64>>, cute::C<(int)9>>>>, cute::tuple<cute::C<(int)0>, cute::tuple<cute::tuple<cute::tuple<cute::C<(int)64>, cute::C<(int)1>>, cute::C<(int)4096>>>>>, cute::tuple<cute::C<(int)64>, cute::C<(int)576>>>>>(SparseAttnFwdParams, T2)",,,2.170941,3.170011
serial_sparse,prefill,Compute,kernel,680062091,680112875,680062091,680112875,7,0,341870085406720,echo/serial_sparse/prefill_annotated/layer_1/v_expand/call_3883,625914,,,v_expand,layer_1,nvjet_sm90_tst_128x256_64x4_1x2_h_bz_coopA_NNN,,,3.174299,3.225083
serial_sparse,prefill,Compute,kernel,680116843,680128651,680116843,680128651,7,0,341870085406720,echo/serial_sparse/prefill_annotated/layer_1/compute_graph_finish_layer_1_q_1024/call_3884,625919,23,98784247808,o_proj,layer_1,activation_quantization,,,3.229051,3.240859
serial_sparse,prefill,Compute,kernel,680129035,680132971,680129035,680132971,7,0,341870085406720,echo/serial_sparse/prefill_annotated/layer_1/compute_graph_finish_layer_1_q_1024/call_3884,625919,23,98784247809,o_proj,layer_1,"void deep_gemm::transpose_fp32<(unsigned int)512, (unsigned int)64, (unsigned int)128, (unsigned int)128, (unsigned int)129>(const float *, float *, unsigned int)",,,3.241243,3.245179
serial_sparse,prefill,Compute,kernel,680133579,680339530,680133579,680339530,7,0,341870085406720,echo/serial_sparse/prefill_annotated/layer_1/compute_graph_finish_layer_1_q_1024/call_3884,625919,23,98784247810,o_proj,layer_1,"void deep_gemm::sm90_fp8_gemm_1d2d_impl<(cute::UMMA::Major)0, (unsigned int)0, (unsigned int)7168, (unsigned int)16384, (unsigned int)1, (unsigned int)256, (unsigned int)112, (unsigned int)128, (unsigned int)128, (unsigned int)128, (unsigned int)32, (unsigned int)3, (unsigned int)128, (unsigned int)256, (unsigned int)2, (bool)1, (unsigned int)132, (deep_gemm::GemmType)0, cutlass::bfloat16_t>(float *, int *, unsigned int, unsigned int, unsigned int, CUtensorMap_st, CUtensorMap_st, CUtensorMap_st, CUtensorMap_st)",,,3.245787,3.451738
serial_sparse,prefill,Compute,kernel,680340202,680354506,680340202,680354506,7,0,341870085406720,echo/serial_sparse/prefill_annotated/layer_1/compute_graph_finish_layer_1_q_1024/call_3884,625919,23,98784247811,compute_graph_finish_layer_1_q_1024,layer_1,kernel_cutlass_kernel_operatorsdeepseek_v32norm_fusedLocalFusedRMSNorm_object_at__tensorptrbf16gmemalign128oi64716871681_tensorptrbf16gmemalign128oi64716871681_tensorptrf32gmemalign16o716_0,,,3.45241,3.466714
serial_sparse,prefill,Compute,kernel,680354986,680360458,680354986,680360458,7,0,341870085406720,echo/serial_sparse/prefill_annotated/layer_1/compute_graph_finish_layer_1_q_1024/call_3884,625919,23,98784247812,mlp_gate,layer_1,activation_quantization,,,3.467194,3.472666
serial_sparse,prefill,Compute,kernel,680360842,680362954,680360842,680362954,7,0,341870085406720,echo/serial_sparse/prefill_annotated/layer_1/compute_graph_finish_layer_1_q_1024/call_3884,625919,23,98784247813,mlp_gate,layer_1,"void deep_gemm::transpose_fp32<(unsigned int)512, (unsigned int)64, (unsigned int)56, (unsigned int)128, (unsigned int)57>(const float *, float *, unsigned int)",,,3.47305,3.475162
serial_sparse,prefill,Compute,kernel,680363562,680593386,680363562,680593386,7,0,341870085406720,echo/serial_sparse/prefill_annotated/layer_1/compute_graph_finish_layer_1_q_1024/call_3884,625919,23,98784247814,mlp_gate,layer_1,"void deep_gemm::sm90_fp8_gemm_1d2d_impl<(cute::UMMA::Major)0, (unsigned int)0, (unsigned int)18432, (unsigned int)7168, (unsigned int)1, (unsigned int)256, (unsigned int)112, (unsigned int)128, (unsigned int)128, (unsigned int)128, (unsigned int)32, (unsigned int)3, (unsigned int)128, (unsigned int)256, (unsigned int)2, (bool)1, (unsigned int)132, (deep_gemm::GemmType)0, cutlass::bfloat16_t>(float *, int *, unsigned int, unsigned int, unsigned int, CUtensorMap_st, CUtensorMap_st, CUtensorMap_st, CUtensorMap_st)",,,3.47577,3.705594
serial_sparse,prefill,Compute,kernel,680593674,680596074,680593674,680596074,7,0,341870085406720,echo/serial_sparse/prefill_annotated/layer_1/compute_graph_finish_layer_1_q_1024/call_3884,625919,23,98784247815,mlp_up,layer_1,"void deep_gemm::transpose_fp32<(unsigned int)512, (unsigned int)64, (unsigned int)56, (unsigned int)128, (unsigned int)57>(const float *, float *, unsigned int)",,,3.705882,3.708282
serial_sparse,prefill,Compute,kernel,680596490,680824330,680596490,680824330,7,0,341870085406720,echo/serial_sparse/prefill_annotated/layer_1/compute_graph_finish_layer_1_q_1024/call_3884,625919,23,98784247816,mlp_up,layer_1,"void deep_gemm::sm90_fp8_gemm_1d2d_impl<(cute::UMMA::Major)0, (unsigned int)0, (unsigned int)18432, (unsigned int)7168, (unsigned int)1, (unsigned int)256, (unsigned int)112, (unsigned int)128, (unsigned int)128, (unsigned int)128, (unsigned int)32, (unsigned int)3, (unsigned int)128, (unsigned int)256, (unsigned int)2, (bool)1, (unsigned int)132, (deep_gemm::GemmType)0, cutlass::bfloat16_t>(float *, int *, unsigned int, unsigned int, unsigned int, CUtensorMap_st, CUtensorMap_st, CUtensorMap_st, CUtensorMap_st)",,,3.708698,3.936538
serial_sparse,prefill,Compute,kernel,680824970,680854186,680824970,680854186,7,0,341870085406720,echo/serial_sparse/prefill_annotated/layer_1/compute_graph_finish_layer_1_q_1024/call_3884,625919,23,98784247817,compute_graph_finish_layer_1_q_1024,layer_1,"void flashinfer::activation::act_and_mul_kernel<__nv_bfloat16, &silu>(T1 *, const T1 *, int)",,,3.937178,3.966394
serial_sparse,prefill,Compute,kernel,680854442,680869834,680854442,680869834,7,0,341870085406720,echo/serial_sparse/prefill_annotated/layer_1/compute_graph_finish_layer_1_q_1024/call_3884,625919,23,98784247818,mlp_down,layer_1,activation_quantization,,,3.96665,3.982042
serial_sparse,prefill,Compute,kernel,680870090,680874506,680870090,680874506,7,0,341870085406720,echo/serial_sparse/prefill_annotated/layer_1/compute_graph_finish_layer_1_q_1024/call_3884,625919,23,98784247819,mlp_down,layer_1,"void deep_gemm::transpose_fp32<(unsigned int)512, (unsigned int)64, (unsigned int)144, (unsigned int)128, (unsigned int)145>(const float *, float *, unsigned int)",,,3.982298,3.986714
serial_sparse,prefill,Compute,kernel,680874954,681104905,680874954,681104905,7,0,341870085406720,echo/serial_sparse/prefill_annotated/layer_1/compute_graph_finish_layer_1_q_1024/call_3884,625919,23,98784247820,mlp_down,layer_1,"void deep_gemm::sm90_fp8_gemm_1d2d_impl<(cute::UMMA::Major)0, (unsigned int)0, (unsigned int)7168, (unsigned int)18432, (unsigned int)1, (unsigned int)256, (unsigned int)112, (unsigned int)128, (unsigned int)128, (unsigned int)128, (unsigned int)32, (unsigned int)3, (unsigned int)128, (unsigned int)256, (unsigned int)2, (bool)1, (unsigned int)132, (deep_gemm::GemmType)0, cutlass::bfloat16_t>(float *, int *, unsigned int, unsigned int, unsigned int, CUtensorMap_st, CUtensorMap_st, CUtensorMap_st, CUtensorMap_st)",,,3.987162,4.217113
serial_sparse,prefill,GPU control,memcpy,676890512,676897648,676890512,676897648,7,0,341870085406720,echo/serial_sparse/prefill_annotated/layer_1/compute_graph_projection_inputs/call_3869,625569,0,,compute_graph_projection_inputs,layer_1,Device-to-Device,Device-to-Device,14680064,0.00272,0.009856
serial_sparse,prefill,GPU control,memcpy,676899760,676907920,676899760,676907920,7,0,341870085406720,echo/serial_sparse/prefill_annotated/layer_1/compute_graph_projection_inputs/call_3869,625577,0,,compute_graph_projection_inputs,layer_1,Device-to-Device,Device-to-Device,14680064,0.011968,0.020128
serial_sparse,prefill,GPU control,memcpy,677324751,677326351,677324751,677326351,7,0,341870085406720,echo/serial_sparse/prefill_annotated/layer_1/compute_graph_owned_writeback_source/call_3871,625606,0,,compute_graph_owned_writeback_source,layer_1,Device-to-Device,Device-to-Device,1179648,0.436959,0.438559
serial_sparse,prefill,GPU control,memcpy,677327471,677329071,677327471,677329071,7,0,341870085406720,echo/serial_sparse/prefill_annotated/layer_1/index_cache_write/call_3872,625612,0,,index_cache_write,layer_1,Device-to-Device,Device-to-Device,131072,0.439679,0.441279
serial_sparse,prefill,GPU control,memcpy,677330223,677331375,677330223,677331375,7,0,341870085406720,echo/serial_sparse/prefill_annotated/layer_1/index_cache_write/call_3872,625620,0,,index_cache_write,layer_1,Device-to-Device,Device-to-Device,4096,0.442431,0.443583
serial_sparse,prefill,IO,memcpy,678944269,678970989,678944269,678970989,37,0,341870085406720,echo/serial_sparse/prefill_annotated/layer_1/cache_write/call_3877,625810,0,,cache_write,layer_1,Device-to-Host,Device-to-Host,1179648,2.056477,2.083197
serial_sparse,prefill,GPU control,memset,677055088,677055888,677055088,677055888,7,0,341870085406720,echo/serial_sparse/prefill_annotated/layer_1/compute_graph_projection_layer_1_q_1024/call_3870,625592,0,85899345937,q_absorb,layer_1,memset,,4,0.167296,0.168096
serial_sparse,prefill,GPU control,memset,680059083,680060299,680059083,680060299,7,0,341870085406720,echo/serial_sparse/prefill_annotated/layer_1/v_expand/call_3883,625913,0,,v_expand,layer_1,memset,,4,3.171291,3.172507
serial_sparse,prefill,CPU CUDA API,api,676887792,681104905,676569419,685793940,,,,echo/serial_sparse/prefill_annotated/shared/forward_misc/call_0,626488,,,forward_misc,shared,cudaDeviceSynchronize_v3020,,,0.0,4.217113
serial_sparse,prefill,CPU control,nvtx,676887792,681104905,27702541,685888751,,,,echo/serial_sparse/prefill_annotated/shared/forward_misc/call_0,,,,forward_misc,shared,forward_misc,,,0.0,4.217113
serial_sparse,extend,GPU control,kernel,32518549,32519317,32518549,32519317,7,0,341870085406720,echo/serial_sparse/extend_annotated/layer_1/compute_graph_projection_inputs/call_26,629975,,,compute_graph_projection_inputs,layer_1,"void at::native::vectorized_elementwise_kernel<(int)2, at::native::FillFunctor<long>, std::array<char *, (unsigned long)1>>(int, T2, T3)",,,0.067007,0.067775
serial_sparse,extend,Compute,kernel,32648853,32652053,32648853,32652053,7,0,341870085406720,echo/serial_sparse/extend_annotated/layer_1/compute_graph_projection_layer_1_q_128/call_27,629981,14,60129542144,compute_graph_projection_layer_1_q_128,layer_1,kernel_cutlass_kernel_operatorsdeepseek_v32norm_fusedLocalFusedRMSNorm_object_at__tensorptrbf16gmemalign128oi64716871681_tensorptrbf16gmemalign128oi64716871681_tensorptrf32gmemalign16o716_0,,,0.197311,0.200511
serial_sparse,extend,Compute,kernel,32652565,32654133,32652565,32654133,7,0,341870085406720,echo/serial_sparse/extend_annotated/layer_1/compute_graph_projection_layer_1_q_128/call_27,629981,14,60129542145,compute_graph_projection_layer_1_q_128,layer_1,"void at::native::elementwise_kernel<(int)128, (int)2, void at::native::gpu_kernel_impl_nocast<at::native::CUDAFunctor_add<long>>(at::TensorIteratorBase &, const T1 &)::[lambda(int) (instance 1)]>(int, T3)",,,0.201023,0.202591
serial_sparse,extend,Compute,kernel,32654581,32655925,32654581,32655925,7,0,341870085406720,echo/serial_sparse/extend_annotated/layer_1/compute_graph_projection_layer_1_q_128/call_27,629981,14,60129542146,compute_graph_projection_layer_1_q_128,layer_1,"void at::native::unrolled_elementwise_kernel<at::native::direct_copy_kernel_cuda(at::TensorIteratorBase &)::[lambda() (instance 3)]::operator ()() const::[lambda() (instance 7)]::operator ()() const::[lambda(float) (instance 1)], std::array<char *, (unsigned long)2>, (int)4, TrivialOffsetCalculator<(int)1, unsigned int>, TrivialOffsetCalculator<(int)1, unsigned int>, at::native::memory::LoadWithCast<(int)1>, at::native::memory::StoreWithCast<(int)1>>(int, T1, T2, T4, T5, T6, T7)",,,0.203039,0.204383
serial_sparse,extend,Compute,kernel,32656341,32657429,32656341,32657429,7,0,341870085406720,echo/serial_sparse/extend_annotated/layer_1/compute_graph_projection_layer_1_q_128/call_27,629981,14,60129542147,compute_graph_projection_layer_1_q_128,layer_1,"void at::native::vectorized_elementwise_kernel<(int)2, at::native::CUDAFunctorOnSelf_add<long>, std::array<char *, (unsigned long)2>>(int, T2, T3)",,,0.204799,0.205887
serial_sparse,extend,Compute,kernel,32657813,32658997,32657813,32658997,7,0,341870085406720,echo/serial_sparse/extend_annotated/layer_1/compute_graph_projection_layer_1_q_128/call_27,629981,14,60129542148,compute_graph_projection_layer_1_q_128,layer_1,"void at::native::unrolled_elementwise_kernel<at::native::direct_copy_kernel_cuda(at::TensorIteratorBase &)::[lambda() (instance 3)]::operator ()() const::[lambda() (instance 3)]::operator ()() const::[lambda(int) (instance 1)], std::array<char *, (unsigned long)2>, (int)4, TrivialOffsetCalculator<(int)1, unsigned int>, TrivialOffsetCalculator<(int)1, unsigned int>, at::native::memory::LoadWithCast<(int)1>, at::native::memory::StoreWithCast<(int)1>>(int, T1, T2, T4, T5, T6, T7)",,,0.206271,0.207455
serial_sparse,extend,Compute,kernel,32659413,32661429,32659413,32661429,7,0,341870085406720,echo/serial_sparse/extend_annotated/layer_1/compute_graph_projection_layer_1_q_128/call_27,629981,14,60129542149,q_a_proj,layer_1,activation_quantization,,,0.207871,0.209887
serial_sparse,extend,Compute,kernel,32661813,32663733,32661813,32663733,7,0,341870085406720,echo/serial_sparse/extend_annotated/layer_1/compute_graph_projection_layer_1_q_128/call_27,629981,14,60129542150,q_a_proj,layer_1,"void deep_gemm::transpose_fp32<(unsigned int)512, (unsigned int)64, (unsigned int)56, (unsigned int)128, (unsigned int)57>(const float *, float *, unsigned int)",,,0.210271,0.212191
serial_sparse,extend,Compute,kernel,32664117,32674453,32664117,32674453,7,0,341870085406720,echo/serial_sparse/extend_annotated/layer_1/compute_graph_projection_layer_1_q_128/call_27,629981,14,60129542151,q_a_proj,layer_1,"void deep_gemm::sm90_fp8_gemm_1d2d_impl<(cute::UMMA::Major)0, (unsigned int)0, (unsigned int)1536, (unsigned int)7168, (unsigned int)1, (unsigned int)64, (unsigned int)32, (unsigned int)128, (unsigned int)128, (unsigned int)128, (unsigned int)64, (unsigned int)16, (unsigned int)128, (unsigned int)128, (unsigned int)1, (bool)0, (unsigned int)132, (deep_gemm::GemmType)0, cutlass::bfloat16_t>(float *, int *, unsigned int, unsigned int, unsigned int, CUtensorMap_st, CUtensorMap_st, CUtensorMap_st, CUtensorMap_st)",,,0.212575,0.222911
serial_sparse,extend,Compute,kernel,32675061,32677205,32675061,32677205,7,0,341870085406720,echo/serial_sparse/extend_annotated/layer_1/compute_graph_projection_layer_1_q_128/call_27,629981,14,60129542152,compute_graph_projection_layer_1_q_128,layer_1,kernel_cutlass_kernel_operatorsdeepseek_v32norm_plainLocalPlainRMSNorm_object_at__tensorptrbf16gmemalign128oi64153615361_tensorptrf32gmemalign16o15361_tensorptrbf16gmemalign128oi641536153_0,,,0.223519,0.225663
serial_sparse,extend,Compute,kernel,32677589,32679029,32677589,32679029,7,0,341870085406720,echo/serial_sparse/extend_annotated/layer_1/compute_graph_projection_layer_1_q_128/call_27,629981,14,60129542153,compute_graph_projection_layer_1_q_128,layer_1,"void at::native::elementwise_kernel<(int)128, (int)2, void at::native::gpu_kernel_impl_nocast<at::native::BinaryFunctor<float, float, float, at::native::binary_internal::MulFunctor<float>>>(at::TensorIteratorBase &, const T1 &)::[lambda(int) (instance 1)]>(int, T3)",,,0.226047,0.227487
serial_sparse,extend,Compute,kernel,32679413,32680277,32679413,32680277,7,0,341870085406720,echo/serial_sparse/extend_annotated/layer_1/compute_graph_projection_layer_1_q_128/call_27,629981,14,60129542154,compute_graph_projection_layer_1_q_128,layer_1,"void <unnamed>::elementwise_kernel_with_index<int, at::native::arange_cuda_out(const c10::Scalar &, const c10::Scalar &, const c10::Scalar &, at::Tensor &)::[lambda() (instance 1)]::operator ()() const::[lambda() (instance 4)]::operator ()() const::[lambda(long) (instance 1)]>(T1, T2, function_traits<T2>::result_type *)",,,0.227871,0.228735
serial_sparse,extend,Compute,kernel,32680693,32682325,32680693,32682325,7,0,341870085406720,echo/serial_sparse/extend_annotated/layer_1/compute_graph_projection_layer_1_q_128/call_27,629981,14,60129542155,compute_graph_projection_layer_1_q_128,layer_1,"void at::native::vectorized_elementwise_kernel<(int)4, at::native::cos_kernel_cuda(at::TensorIteratorBase &)::[lambda() (instance 2)]::operator ()() const::[lambda() (instance 2)]::operator ()() const::[lambda(float) (instance 1)], std::array<char *, (unsigned long)2>>(int, T2, T3)",,,0.229151,0.230783
serial_sparse,extend,Compute,kernel,32682709,32684341,32682709,32684341,7,0,341870085406720,echo/serial_sparse/extend_annotated/layer_1/compute_graph_projection_layer_1_q_128/call_27,629981,14,60129542156,compute_graph_projection_layer_1_q_128,layer_1,"void at::native::vectorized_elementwise_kernel<(int)4, at::native::sin_kernel_cuda(at::TensorIteratorBase &)::[lambda() (instance 2)]::operator ()() const::[lambda() (instance 2)]::operator ()() const::[lambda(float) (instance 1)], std::array<char *, (unsigned long)2>>(int, T2, T3)",,,0.231167,0.232799
serial_sparse,extend,Compute,kernel,32684757,32686037,32684757,32686037,7,0,341870085406720,echo/serial_sparse/extend_annotated/layer_1/compute_graph_projection_layer_1_q_128/call_27,629981,14,60129542157,compute_graph_projection_layer_1_q_128,layer_1,"void at::native::<unnamed>::CatArrayBatchedCopy_vectorized<at::native::<unnamed>::OpaqueType<(unsigned int)4>, unsigned int, (int)2, (int)128, (int)1, (int)16, (int)4>(char *, at::native::<unnamed>::CatArrInputTensorMetadata<T1, T2, T4, T5>, at::native::<unnamed>::TensorSizeStride<T2, (unsigned int)4>, int, T2)",,,0.233215,0.234495
serial_sparse,extend,Compute,kernel,32686453,32688341,32686453,32688341,7,0,341870085406720,echo/serial_sparse/extend_annotated/layer_1/compute_graph_projection_layer_1_q_128/call_27,629981,14,60129542158,q_b_proj,layer_1,activation_quantization,,,0.234911,0.236799
serial_sparse,extend,Compute,kernel,32688757,32690101,32688757,32690101,7,0,341870085406720,echo/serial_sparse/extend_annotated/layer_1/compute_graph_projection_layer_1_q_128/call_27,629981,14,60129542159,q_b_proj,layer_1,"void deep_gemm::transpose_fp32<(unsigned int)512, (unsigned int)64, (unsigned int)12, (unsigned int)128, (unsigned int)13>(const float *, float *, unsigned int)",,,0.237215,0.238559
serial_sparse,extend,Compute,kernel,32690517,32706581,32690517,32706581,7,0,341870085406720,echo/serial_sparse/extend_annotated/layer_1/compute_graph_projection_layer_1_q_128/call_27,629981,14,60129542160,q_b_proj,layer_1,"void deep_gemm::sm90_fp8_gemm_1d2d_impl<(cute::UMMA::Major)0, (unsigned int)0, (unsigned int)24576, (unsigned int)1536, (unsigned int)1, (unsigned int)128, (unsigned int)192, (unsigned int)128, (unsigned int)128, (unsigned int)128, (unsigned int)128, (unsigned int)4, (unsigned int)128, (unsigned int)256, (unsigned int)1, (bool)0, (unsigned int)132, (deep_gemm::GemmType)0, cutlass::bfloat16_t>(float *, int *, unsigned int, unsigned int, unsigned int, CUtensorMap_st, CUtensorMap_st, CUtensorMap_st, CUtensorMap_st)",,,0.238975,0.255039
serial_sparse,extend,Compute,kernel,32707093,32717717,32707093,32717717,7,0,341870085406720,echo/serial_sparse/extend_annotated/layer_1/compute_graph_projection_layer_1_q_128/call_27,629981,14,60129542161,q_absorb,layer_1,nvjet_sm90_tst_256x128_64x4_2x1_v_bz_coopA_NNT,,,0.255551,0.266175
serial_sparse,extend,Compute,kernel,32717973,32720885,32717973,32720885,7,0,341870085406720,echo/serial_sparse/extend_annotated/layer_1/compute_graph_projection_layer_1_q_128/call_27,629981,14,60129542162,kv_a_proj,layer_1,activation_quantization,,,0.266431,0.269343
serial_sparse,extend,Compute,kernel,32721269,32723125,32721269,32723125,7,0,341870085406720,echo/serial_sparse/extend_annotated/layer_1/compute_graph_projection_layer_1_q_128/call_27,629981,14,60129542163,kv_a_proj,layer_1,"void deep_gemm::transpose_fp32<(unsigned int)512, (unsigned int)64, (unsigned int)56, (unsigned int)128, (unsigned int)57>(const float *, float *, unsigned int)",,,0.269727,0.271583
serial_sparse,extend,Compute,kernel,32723509,32732565,32723509,32732565,7,0,341870085406720,echo/serial_sparse/extend_annotated/layer_1/compute_graph_projection_layer_1_q_128/call_27,629981,14,60129542164,kv_a_proj,layer_1,"void deep_gemm::sm90_fp8_gemm_1d2d_impl<(cute::UMMA::Major)0, (unsigned int)0, (unsigned int)576, (unsigned int)7168, (unsigned int)1, (unsigned int)64, (unsigned int)16, (unsigned int)128, (unsigned int)128, (unsigned int)128, (unsigned int)32, (unsigned int)16, (unsigned int)128, (unsigned int)128, (unsigned int)1, (bool)0, (unsigned int)132, (deep_gemm::GemmType)0, cutlass::bfloat16_t>(float *, int *, unsigned int, unsigned int, unsigned int, CUtensorMap_st, CUtensorMap_st, CUtensorMap_st, CUtensorMap_st)",,,0.271967,0.281023
serial_sparse,extend,Compute,kernel,32732981,32735317,32732981,32735317,7,0,341870085406720,echo/serial_sparse/extend_annotated/layer_1/compute_graph_projection_layer_1_q_128/call_27,629981,14,60129542165,compute_graph_projection_layer_1_q_128,layer_1,"void at::native::elementwise_kernel<(int)128, (int)4, void at::native::gpu_kernel_impl_nocast<at::native::direct_copy_kernel_cuda(at::TensorIteratorBase &)::[lambda() (instance 3)]::operator ()() const::[lambda() (instance 12)]::operator ()() const::[lambda(c10::BFloat16) (instance 1)]>(at::TensorIteratorBase &, const T1 &)::[lambda(int) (instance 1)]>(int, T3)",,,0.281439,0.283775
serial_sparse,extend,Compute,kernel,32735893,32737237,32735893,32737237,7,0,341870085406720,echo/serial_sparse/extend_annotated/layer_1/compute_graph_projection_layer_1_q_128/call_27,629981,14,60129542166,compute_graph_projection_layer_1_q_128,layer_1,kernel_cutlass_kernel_operatorsdeepseek_v32norm_plainLocalPlainRMSNorm_object_at__tensorptrbf16gmemalign128oi645125121_tensorptrf32gmemalign16o5121_tensorptrbf16gmemalign128oi645125121____0,,,0.284351,0.285695
serial_sparse,extend,Compute,kernel,32737653,32740341,32737653,32740341,7,0,341870085406720,echo/serial_sparse/extend_annotated/layer_1/compute_graph_projection_layer_1_q_128/call_27,629981,14,60129542167,compute_graph_projection_layer_1_q_128,layer_1,"void flashinfer::BatchQKApplyRotaryPosIdsCosSinCacheHeadParallelismKernel<(bool)1, (unsigned int)64, (unsigned int)8, (unsigned int)8, __nv_bfloat16, long>(T5 *, T5 *, T5 *, T5 *, float *, T6 *, unsigned int, unsigned int, unsigned int, unsigned int, unsigned long, unsigned long, unsigned long, unsigned long, unsigned long, unsigned long, unsigned long, unsigned long)",,,0.286111,0.288799
serial_sparse,extend,Compute,kernel,32740757,32743349,32740757,32743349,7,0,341870085406720,echo/serial_sparse/extend_annotated/layer_1/compute_graph_projection_layer_1_q_128/call_27,629981,14,60129542168,index_q_proj,layer_1,activation_quantization,,,0.289215,0.291807
serial_sparse,extend,Compute,kernel,32743733,32745173,32743733,32745173,7,0,341870085406720,echo/serial_sparse/extend_annotated/layer_1/compute_graph_projection_layer_1_q_128/call_27,629981,14,60129542169,index_q_proj,layer_1,"void deep_gemm::transpose_fp32<(unsigned int)512, (unsigned int)64, (unsigned int)12, (unsigned int)128, (unsigned int)13>(const float *, float *, unsigned int)",,,0.292191,0.293631
serial_sparse,extend,Compute,kernel,32745557,32753141,32745557,32753141,7,0,341870085406720,echo/serial_sparse/extend_annotated/layer_1/compute_graph_projection_layer_1_q_128/call_27,629981,14,60129542170,index_q_proj,layer_1,"void deep_gemm::sm90_fp8_gemm_1d2d_impl<(cute::UMMA::Major)0, (unsigned int)0, (unsigned int)8192, (unsigned int)1536, (unsigned int)1, (unsigned int)64, (unsigned int)128, (unsigned int)128, (unsigned int)128, (unsigned int)128, (unsigned int)128, (unsigned int)8, (unsigned int)128, (unsigned int)128, (unsigned int)1, (bool)0, (unsigned int)132, (deep_gemm::GemmType)0, cutlass::bfloat16_t>(float *, int *, unsigned int, unsigned int, unsigned int, CUtensorMap_st, CUtensorMap_st, CUtensorMap_st, CUtensorMap_st)",,,0.294015,0.301599
serial_sparse,extend,Compute,kernel,32753557,32756597,32753557,32756597,7,0,341870085406720,echo/serial_sparse/extend_annotated/layer_1/compute_graph_projection_layer_1_q_128/call_27,629981,14,60129542171,index_k_proj,layer_1,activation_quantization,,,0.302015,0.305055
serial_sparse,extend,Compute,kernel,32757173,32759061,32757173,32759061,7,0,341870085406720,echo/serial_sparse/extend_annotated/layer_1/compute_graph_projection_layer_1_q_128/call_27,629981,14,60129542172,index_k_proj,layer_1,"void deep_gemm::transpose_fp32<(unsigned int)512, (unsigned int)64, (unsigned int)56, (unsigned int)128, (unsigned int)57>(const float *, float *, unsigned int)",,,0.305631,0.307519
serial_sparse,extend,Compute,kernel,32759445,32768597,32759445,32768597,7,0,341870085406720,echo/serial_sparse/extend_annotated/layer_1/compute_graph_projection_layer_1_q_128/call_27,629981,14,60129542173,index_k_proj,layer_1,"void deep_gemm::sm90_fp8_gemm_1d2d_impl<(cute::UMMA::Major)0, (unsigned int)0, (unsigned int)128, (unsigned int)7168, (unsigned int)1, (unsigned int)64, (unsigned int)16, (unsigned int)128, (unsigned int)128, (unsigned int)128, (unsigned int)32, (unsigned int)16, (unsigned int)128, (unsigned int)128, (unsigned int)1, (bool)0, (unsigned int)132, (deep_gemm::GemmType)0, cutlass::bfloat16_t>(float *, int *, unsigned int, unsigned int, unsigned int, CUtensorMap_st, CUtensorMap_st, CUtensorMap_st, CUtensorMap_st)",,,0.307903,0.317055
serial_sparse,extend,Compute,kernel,32769045,32771829,32769045,32771829,7,0,341870085406720,echo/serial_sparse/extend_annotated/layer_1/compute_graph_projection_layer_1_q_128/call_27,629981,14,60129542174,compute_graph_projection_layer_1_q_128,layer_1,"void at::native::unrolled_elementwise_kernel<at::native::direct_copy_kernel_cuda(at::TensorIteratorBase &)::[lambda() (instance 3)]::operator ()() const::[lambda() (instance 7)]::operator ()() const::[lambda(float) (instance 1)], std::array<char *, (unsigned long)2>, (int)4, TrivialOffsetCalculator<(int)1, unsigned int>, TrivialOffsetCalculator<(int)1, unsigned int>, at::native::memory::LoadWithCast<(int)1>, at::native::memory::StoreWithCast<(int)1>>(int, T1, T2, T4, T5, T6, T7)",,,0.317503,0.320287
serial_sparse,extend,Compute,kernel,32772277,32775285,32772277,32775285,7,0,341870085406720,echo/serial_sparse/extend_annotated/layer_1/compute_graph_projection_layer_1_q_128/call_27,629981,14,60129542175,compute_graph_projection_layer_1_q_128,layer_1,"void at::native::<unnamed>::vectorized_layer_norm_kernel<float, float, (bool)0>(int, T2, const T1 *, const T1 *, const T1 *, T2 *, T2 *, T1 *)",,,0.320735,0.323743
serial_sparse,extend,Compute,kernel,32775733,32776885,32775733,32776885,7,0,341870085406720,echo/serial_sparse/extend_annotated/layer_1/compute_graph_projection_layer_1_q_128/call_27,629981,14,60129542176,compute_graph_projection_layer_1_q_128,layer_1,"void at::native::vectorized_elementwise_kernel<(int)8, at::native::bfloat16_copy_kernel_cuda(at::TensorIteratorBase &)::[lambda(float) (instance 1)], std::array<char *, (unsigned long)2>>(int, T2, T3)",,,0.324191,0.325343
serial_sparse,extend,Compute,kernel,32777301,32779605,32777301,32779605,7,0,341870085406720,echo/serial_sparse/extend_annotated/layer_1/compute_graph_projection_layer_1_q_128/call_27,629981,14,60129542177,compute_graph_projection_layer_1_q_128,layer_1,"void flashinfer::BatchQKApplyRotaryPosIdsCosSinCacheHeadParallelismKernel<(bool)0, (unsigned int)128, (unsigned int)8, (unsigned int)16, __nv_bfloat16, long>(T5 *, T5 *, T5 *, T5 *, float *, T6 *, unsigned int, unsigned int, unsigned int, unsigned int, unsigned long, unsigned long, unsigned long, unsigned long, unsigned long, unsigned long, unsigned long, unsigned long)",,,0.325759,0.328063
serial_sparse,extend,Compute,kernel,32780021,32781717,32780021,32781717,7,0,341870085406720,echo/serial_sparse/extend_annotated/layer_1/compute_graph_projection_layer_1_q_128/call_27,629981,14,60129542178,compute_graph_projection_layer_1_q_128,layer_1,quantize_kernel,,,0.328479,0.330175
serial_sparse,extend,Compute,kernel,32782133,32783253,32782133,32783253,7,0,341870085406720,echo/serial_sparse/extend_annotated/layer_1/compute_graph_projection_layer_1_q_128/call_27,629981,14,60129542179,compute_graph_projection_layer_1_q_128,layer_1,quantize_kernel,,,0.330591,0.331711
serial_sparse,extend,Compute,kernel,32783669,32787221,32783669,32787221,7,0,341870085406720,echo/serial_sparse/extend_annotated/layer_1/compute_graph_projection_layer_1_q_128/call_27,629981,14,60129542180,compute_graph_projection_layer_1_q_128,layer_1,"void at::native::unrolled_elementwise_kernel<at::native::direct_copy_kernel_cuda(at::TensorIteratorBase &)::[lambda() (instance 3)]::operator ()() const::[lambda() (instance 7)]::operator ()() const::[lambda(float) (instance 1)], std::array<char *, (unsigned long)2>, (int)4, TrivialOffsetCalculator<(int)1, unsigned int>, TrivialOffsetCalculator<(int)1, unsigned int>, at::native::memory::LoadWithCast<(int)1>, at::native::memory::StoreWithCast<(int)1>>(int, T1, T2, T4, T5, T6, T7)",,,0.332127,0.335679
serial_sparse,extend,Compute,kernel,32787669,32798837,32787669,32798837,7,0,341870085406720,echo/serial_sparse/extend_annotated/layer_1/compute_graph_projection_layer_1_q_128/call_27,629981,14,60129542181,index_weights_proj,layer_1,void cutlass::Kernel2<cutlass_80_simt_sgemm_64x64_8x5_tn_align1>(T1::Params),,,0.336127,0.347295
serial_sparse,extend,Compute,kernel,32799221,32802549,32799221,32802549,7,0,341870085406720,echo/serial_sparse/extend_annotated/layer_1/compute_graph_projection_layer_1_q_128/call_27,629981,14,60129542182,index_weights_proj,layer_1,"void cublasLt::splitKreduce_kernel<(int)32, (int)16, int, float, float, float, float, (bool)0, float, float, float, (bool)1, (bool)0, (bool)0, (bool)0>(cublasLt::cublasSplitKParams<T6>, const T4 *, const T10 *, T9 *, T5 *, const T6 *, const T6 *, const T11 *, const T4 *, T11 *, void *, long, T6 *, int *, T6 *, T6 *, const T6 *, const T6 *, const T6 *, const T6 *, const T6 *)",,,0.347679,0.351007
serial_sparse,extend,Compute,kernel,32802965,32804053,32802965,32804053,7,0,341870085406720,echo/serial_sparse/extend_annotated/layer_1/compute_graph_projection_layer_1_q_128/call_27,629981,14,60129542183,compute_graph_projection_layer_1_q_128,layer_1,"void at::native::vectorized_elementwise_kernel<(int)4, at::native::AUnaryFunctor<float, float, float, at::native::binary_internal::MulFunctor<float>>, std::array<char *, (unsigned long)2>>(int, T2, T3)",,,0.351423,0.352511
serial_sparse,extend,Compute,kernel,32804469,32805621,32804469,32805621,7,0,341870085406720,echo/serial_sparse/extend_annotated/layer_1/compute_graph_projection_layer_1_q_128/call_27,629981,14,60129542184,compute_graph_projection_layer_1_q_128,layer_1,"void at::native::vectorized_elementwise_kernel<(int)4, at::native::BinaryFunctor<float, float, float, at::native::binary_internal::MulFunctor<float>>, std::array<char *, (unsigned long)3>>(int, T2, T3)",,,0.352927,0.354079
serial_sparse,extend,Compute,kernel,32806165,32807189,32806165,32807189,7,0,341870085406720,echo/serial_sparse/extend_annotated/layer_1/compute_graph_projection_layer_1_q_128/call_27,629981,14,60129542185,compute_graph_projection_layer_1_q_128,layer_1,"void at::native::vectorized_elementwise_kernel<(int)4, at::native::AUnaryFunctor<float, float, float, at::native::binary_internal::MulFunctor<float>>, std::array<char *, (unsigned long)2>>(int, T2, T3)",,,0.354623,0.355647
serial_sparse,extend,Compute,kernel,32807701,32809653,32807701,32809653,7,0,341870085406720,echo/serial_sparse/extend_annotated/layer_1/compute_graph_projection_layer_1_q_128/call_27,629981,14,60129542186,compute_graph_projection_layer_1_q_128,layer_1,"void at::native::<unnamed>::CatArrayBatchedCopy_vectorized<at::native::<unnamed>::OpaqueType<(unsigned int)2>, unsigned int, (int)2, (int)128, (int)1, (int)16, (int)8>(char *, at::native::<unnamed>::CatArrInputTensorMetadata<T1, T2, T4, T5>, at::native::<unnamed>::TensorSizeStride<T2, (unsigned int)4>, int, T2)",,,0.356159,0.358111
serial_sparse,extend,Compute,kernel,32909813,33174452,32909813,33174452,7,0,341870085406720,echo/serial_sparse/extend_annotated/layer_1/indexer_qk/call_32,630043,,,indexer_qk,layer_1,"void deep_gemm::sm90_fp8_mqa_logits<(unsigned int)64, (unsigned int)128, (unsigned int)2, (unsigned int)256, (unsigned int)3, (unsigned int)3, (unsigned int)132, (unsigned int)128, (unsigned int)512, float>(unsigned int, unsigned int, unsigned int, unsigned int *, unsigned int *, T10 *, CUtensorMap_st, CUtensorMap_st, CUtensorMap_st, CUtensorMap_st)",,,0.458271,0.72291
serial_sparse,extend,Compute,kernel,33175732,33176436,33175732,33176436,7,0,341870085406720,echo/serial_sparse/extend_annotated/layer_1/indexer_qk/call_32,630058,,,indexer_qk,layer_1,"void <unnamed>::elementwise_kernel_with_index<int, at::native::arange_cuda_out(const c10::Scalar &, const c10::Scalar &, const c10::Scalar &, at::Tensor &)::[lambda() (instance 1)]::operator ()() const::[lambda() (instance 4)]::operator ()() const::[lambda(long) (instance 1)]>(T1, T2, function_traits<T2>::result_type *)",,,0.72419,0.724894
serial_sparse,extend,Compute,kernel,33177620,33180820,33177620,33180820,7,0,341870085406720,echo/serial_sparse/extend_annotated/layer_1/indexer_qk/call_32,630078,,,indexer_qk,layer_1,"void at::native::elementwise_kernel<(int)128, (int)4, void at::native::gpu_kernel_impl<at::native::<unnamed>::CompareFunctor<long>>(at::TensorIteratorBase &, const T1 &)::[lambda(int) (instance 1)]>(int, T3)",,,0.726078,0.729278
serial_sparse,extend,Compute,kernel,33182388,33184468,33182388,33184468,7,0,341870085406720,echo/serial_sparse/extend_annotated/layer_1/indexer_qk/call_32,630085,,,indexer_qk,layer_1,"void at::native::elementwise_kernel<(int)128, (int)2, void at::native::gpu_kernel_impl_nocast<at::native::<unnamed>::masked_fill_kernel(at::TensorIterator &, const c10::Scalar &)::[lambda() (instance 1)]::operator ()() const::[lambda() (instance 7)]::operator ()() const::[lambda(float, bool) (instance 1)]>(at::TensorIteratorBase &, const T1 &)::[lambda(int) (instance 1)]>(int, T3)",,,0.730846,0.732926
serial_sparse,extend,Compute,kernel,33185684,33209940,33185684,33209940,7,0,341870085406720,echo/serial_sparse/extend_annotated/layer_1/exact_topk/call_33,630102,,,exact_topk,layer_1,"void at::native::elementwise_kernel<(int)128, (int)2, void at::native::gpu_kernel_impl_nocast<at::native::direct_copy_kernel_cuda(at::TensorIteratorBase &)::[lambda() (instance 3)]::operator ()() const::[lambda() (instance 7)]::operator ()() const::[lambda(float) (instance 1)]>(at::TensorIteratorBase &, const T1 &)::[lambda(int) (instance 1)]>(int, T3)",,,0.734142,0.758398
serial_sparse,extend,Compute,kernel,33211284,33243380,33211284,33243380,7,0,341870085406720,echo/serial_sparse/extend_annotated/layer_1/exact_topk/call_33,630127,,,exact_topk,layer_1,"void flashinfer::sampling::FilteredTopKUnifiedKernel<float, int, (int)4, (bool)1, (flashinfer::sampling::FilteredTopKMode)0, (flashinfer::sampling::TopKTieBreak)1, flashinfer::sampling::DirectPageTableKernelPolicy<int>, >(const T1 *, T2 *, T1 *, const T2 *, long, const T2 *, const T2 *, const T2 *, const T2 *, unsigned int, unsigned int, unsigned int, T8...)",,,0.759742,0.791838
serial_sparse,extend,Compute,kernel,33244884,33256436,33244884,33256436,7,0,341870085406720,echo/serial_sparse/extend_annotated/layer_1/exact_topk/call_33,630128,,,exact_topk,layer_1,"void flashinfer::sampling::FinalizeTopKIndicesKernel<(bool)1, (flashinfer::sampling::FilteredTopKMode)0, (unsigned int)256, (unsigned int)8, float, int, flashinfer::sampling::DirectPageTableKernelPolicy<int>, >(T6 *, T5 *, const T6 *, long, const T6 *, const T6 *, unsigned int, unsigned int, T8...)",,,0.793342,0.804894
serial_sparse,extend,Compute,kernel,33257652,33271828,33257652,33271828,7,0,341870085406720,echo/serial_sparse/extend_annotated/layer_1/exact_topk/call_33,630129,,,exact_topk,layer_1,"void flashinfer::sampling::StableSortTopKByValueKernel<(unsigned int)256, (unsigned int)8, int, float>(T3 *, T4 *, unsigned int, unsigned int)",,,0.80611,0.820286
serial_sparse,extend,Compute,kernel,33273012,33274292,33273012,33274292,7,0,341870085406720,echo/serial_sparse/extend_annotated/layer_1/exact_topk/call_33,630134,,,exact_topk,layer_1,mask_kernel,,,0.82147,0.82275
serial_sparse,extend,GPU control,kernel,33275636,33276404,33275636,33276404,7,0,341870085406720,echo/serial_sparse/extend_annotated/layer_1/cache_write/call_34,630165,,,cache_write,layer_1,"void <unnamed>::elementwise_kernel_with_index<int, at::native::arange_cuda_out(const c10::Scalar &, const c10::Scalar &, const c10::Scalar &, at::Tensor &)::[lambda() (instance 1)]::operator ()() const::[lambda() (instance 4)]::operator ()() const::[lambda(long) (instance 1)]>(T1, T2, function_traits<T2>::result_type *)",,,0.824094,0.824862
serial_sparse,extend,GPU control,kernel,33277716,33279252,33277716,33279252,7,0,341870085406720,echo/serial_sparse/extend_annotated/layer_1/cache_write/call_34,630179,,,cache_write,layer_1,"void at::native::vectorized_elementwise_kernel<(int)2, at::native::BUnaryFunctor<long, long, long, at::native::binary_internal::div_floor_kernel_cuda(at::TensorIteratorBase &)::[lambda() (instance 1)]::operator ()() const::[lambda() (instance 4)]::operator ()() const::[lambda(long, long) (instance 1)]>, std::array<char *, (unsigned long)2>>(int, T2, T3)",,,0.826174,0.82771
serial_sparse,extend,GPU control,kernel,33281460,33283220,33281460,33283220,7,0,341870085406720,echo/serial_sparse/extend_annotated/layer_1/cache_write/call_34,630191,,,cache_write,layer_1,"void at::native::index_elementwise_kernel<(int)128, (int)4, void at::native::gpu_index_kernel<void at::native::index_kernel_impl<at::native::OpaqueType<(int)4>>(at::TensorIteratorBase &, c10::ArrayRef<long>, c10::ArrayRef<long>)::[lambda(char *, const char *, long) (instance 1)]>(at::TensorIteratorBase &, c10::ArrayRef<long>, c10::ArrayRef<long>, const T1 &, bool)::[lambda(int) (instance 1)]>(long, T3)",,,0.829918,0.831678
serial_sparse,extend,GPU control,kernel,33300404,33301780,33300404,33301780,7,0,341870085406720,echo/serial_sparse/extend_annotated/layer_1/cache_write/call_34,630207,,,cache_write,layer_1,"void at::native::unrolled_elementwise_kernel<at::native::direct_copy_kernel_cuda(at::TensorIteratorBase &)::[lambda() (instance 3)]::operator ()() const::[lambda() (instance 4)]::operator ()() const::[lambda(long) (instance 1)], std::array<char *, (unsigned long)2>, (int)4, TrivialOffsetCalculator<(int)1, unsigned int>, TrivialOffsetCalculator<(int)1, unsigned int>, at::native::memory::LoadWithCast<(int)1>, at::native::memory::StoreWithCast<(int)1>>(int, T1, T2, T4, T5, T6, T7)",,,0.848862,0.850238
serial_sparse,extend,GPU control,kernel,33318964,33319892,33318964,33319892,7,0,341870085406720,echo/serial_sparse/extend_annotated/layer_1/cache_write/call_34,630219,,,cache_write,layer_1,"void at::native::vectorized_elementwise_kernel<(int)2, at::native::AUnaryFunctor<long, long, long, at::native::binary_internal::MulFunctor<long>>, std::array<char *, (unsigned long)2>>(int, T2, T3)",,,0.867422,0.86835
serial_sparse,extend,GPU control,kernel,33335252,33336660,33335252,33336660,7,0,341870085406720,echo/serial_sparse/extend_annotated/layer_1/cache_write/call_34,630230,,,cache_write,layer_1,"void at::native::vectorized_elementwise_kernel<(int)2, at::native::BUnaryFunctor<long, long, long, at::native::remainder_kernel_cuda(at::TensorIteratorBase &)::[lambda() (instance 1)]::operator ()() const::[lambda() (instance 4)]::operator ()() const::[lambda(long, long) (instance 1)]>, std::array<char *, (unsigned long)2>>(int, T2, T3)",,,0.88371,0.885118
serial_sparse,extend,GPU control,kernel,33350260,33351284,33350260,33351284,7,0,341870085406720,echo/serial_sparse/extend_annotated/layer_1/cache_write/call_34,630241,,,cache_write,layer_1,"void at::native::vectorized_elementwise_kernel<(int)2, at::native::CUDAFunctor_add<long>, std::array<char *, (unsigned long)3>>(int, T2, T3)",,,0.898718,0.899742
serial_sparse,extend,GPU control,kernel,33374228,33375252,33374228,33375252,7,0,341870085406720,echo/serial_sparse/extend_annotated/layer_1/cache_write/call_34,630256,,,cache_write,layer_1,"void at::native::vectorized_elementwise_kernel<(int)8, at::native::FillFunctor<bool>, std::array<char *, (unsigned long)1>>(int, T2, T3)",,,0.922686,0.92371
serial_sparse,extend,GPU control,kernel,33421140,33422804,33421140,33422804,7,0,341870085406720,echo/serial_sparse/extend_annotated/layer_1/cache_write/call_34,630283,,,cache_write,layer_1,"void at::native::index_elementwise_kernel<(int)128, (int)4, void at::native::gpu_index_kernel<void at::native::index_kernel_impl<at::native::OpaqueType<(int)4>>(at::TensorIteratorBase &, c10::ArrayRef<long>, c10::ArrayRef<long>)::[lambda(char *, const char *, long) (instance 1)]>(at::TensorIteratorBase &, c10::ArrayRef<long>, c10::ArrayRef<long>, const T1 &, bool)::[lambda(int) (instance 1)]>(long, T3)",,,0.969598,0.971262
serial_sparse,extend,GPU control,kernel,33434324,33435444,33434324,33435444,7,0,341870085406720,echo/serial_sparse/extend_annotated/layer_1/cache_write/call_34,630299,,,cache_write,layer_1,"void at::native::unrolled_elementwise_kernel<at::native::direct_copy_kernel_cuda(at::TensorIteratorBase &)::[lambda() (instance 3)]::operator ()() const::[lambda() (instance 4)]::operator ()() const::[lambda(long) (instance 1)], std::array<char *, (unsigned long)2>, (int)4, TrivialOffsetCalculator<(int)1, unsigned int>, TrivialOffsetCalculator<(int)1, unsigned int>, at::native::memory::LoadWithCast<(int)1>, at::native::memory::StoreWithCast<(int)1>>(int, T1, T2, T4, T5, T6, T7)",,,0.982782,0.983902
serial_sparse,extend,GPU control,kernel,33448916,33449908,33448916,33449908,7,0,341870085406720,echo/serial_sparse/extend_annotated/layer_1/cache_write/call_34,630311,,,cache_write,layer_1,"void at::native::vectorized_elementwise_kernel<(int)8, at::native::AUnaryFunctor<long, long, bool, at::native::<unnamed>::CompareEqFunctor<long>>, std::array<char *, (unsigned long)2>>(int, T2, T3)",,,0.997374,0.998366
serial_sparse,extend,GPU control,kernel,33467124,33468276,33467124,33468276,7,0,341870085406720,echo/serial_sparse/extend_annotated/layer_1/cache_write/call_34,630334,,,cache_write,layer_1,"void at_cuda_detail::cub::detail::reduce::DeviceReduceSingleTileKernel<at_cuda_detail::cub::detail::reduce::policy_hub<int, unsigned long long, cuda::std::__4::plus<void>>::Policy1000, thrust::THRUST_300001_SM_750_800_860_900_1000_1200_NS::transform_iterator<at::native::<unnamed>::NonZeroOp<bool>, const bool *, thrust::THRUST_300001_SM_750_800_860_900_1000_1200_NS::use_default, thrust::THRUST_300001_SM_750_800_860_900_1000_1200_NS::use_default>, int *, unsigned long long, cuda::std::__4::plus<void>, int, int, cuda::std::__4::__identity>(T2, T3, T4, T5, T6, T8)",,,1.015582,1.016734
serial_sparse,extend,GPU control,kernel,33497972,33498740,33497972,33498740,7,0,341870085406720,echo/serial_sparse/extend_annotated/layer_1/cache_write/call_34,630362,,,cache_write,layer_1,"void at_cuda_detail::cub::detail::scan::DeviceCompactInitKernel<at_cuda_detail::cub::ScanTileState<int, (bool)1>, int *>(T1, int, T2)",,,1.04643,1.047198
serial_sparse,extend,GPU control,kernel,33504116,33505812,33504116,33505812,7,0,341870085406720,echo/serial_sparse/extend_annotated/layer_1/cache_write/call_34,630368,,,cache_write,layer_1,"void at_cuda_detail::cub::detail::select::DeviceSelectSweepKernel<at_cuda_detail::cub::detail::select::policy_hub<long, bool, int, (bool)0, (at_cuda_detail::cub::SelectImpl)0>::Policy1000, thrust::THRUST_300001_SM_750_800_860_900_1000_1200_NS::counting_iterator<long, thrust::THRUST_300001_SM_750_800_860_900_1000_1200_NS::use_default, thrust::THRUST_300001_SM_750_800_860_900_1000_1200_NS::use_default, thrust::THRUST_300001_SM_750_800_860_900_1000_1200_NS::use_default>, thrust::THRUST_300001_SM_750_800_860_900_1000_1200_NS::transform_iterator<at::native::<unnamed>::NonZeroOp<bool>, const bool *, thrust::THRUST_300001_SM_750_800_860_900_1000_1200_NS::use_default, thrust::THRUST_300001_SM_750_800_860_900_1000_1200_NS::use_default>, long *, int *, at_cuda_detail::cub::ScanTileState<int, (bool)1>, at_cuda_detail::cub::NullType, at_cuda_detail::cub::NullType, int, at_cuda_detail::cub::detail::select::streaming_context_t<long, (bool)1>, (at_cuda_detail::cub::SelectImpl)0>(T2, T3, T4, T5, T6, T7, T8, T9, int, T10, at_cuda_detail::cub::detail::vsmem_t)",,,1.052574,1.05427
serial_sparse,extend,GPU control,kernel,33567156,33568596,33567156,33568596,7,0,341870085406720,echo/serial_sparse/extend_annotated/layer_1/cache_write/call_34,630416,,,cache_write,layer_1,"void at::native::vectorized_elementwise_kernel<(int)8, at::native::bitwise_not_kernel_cuda(at::TensorIteratorBase &)::[lambda(bool) (instance 1)], std::array<char *, (unsigned long)2>>(int, T2, T3)",,,1.115614,1.117054
serial_sparse,extend,GPU control,kernel,33589588,33591092,33589588,33591092,7,0,341870085406720,echo/serial_sparse/extend_annotated/layer_1/cache_write/call_34,630454,,,cache_write,layer_1,"void at_cuda_detail::cub::detail::reduce::DeviceReduceKernel<at_cuda_detail::cub::detail::reduce::policy_hub<int, unsigned long long, cuda::std::__4::plus<void>>::Policy1000, thrust::THRUST_300001_SM_750_800_860_900_1000_1200_NS::transform_iterator<at::native::<unnamed>::NonZeroOp<bool>, const bool *, thrust::THRUST_300001_SM_750_800_860_900_1000_1200_NS::use_default, thrust::THRUST_300001_SM_750_800_860_900_1000_1200_NS::use_default>, unsigned long long, cuda::std::__4::plus<void>, int, cuda::std::__4::__identity>(T2, T5 *, T3, at_cuda_detail::cub::GridEvenShare<T3>, T4, T6)",,,1.138046,1.13955
serial_sparse,extend,GPU control,kernel,33595828,33597268,33595828,33597268,7,0,341870085406720,echo/serial_sparse/extend_annotated/layer_1/cache_write/call_34,630460,,,cache_write,layer_1,"void at_cuda_detail::cub::detail::reduce::DeviceReduceSingleTileKernel<at_cuda_detail::cub::detail::reduce::policy_hub<int, unsigned long long, cuda::std::__4::plus<void>>::Policy1000, int *, int *, int, cuda::std::__4::plus<void>, int, int, cuda::std::__4::__identity>(T2, T3, T4, T5, T6, T8)",,,1.144286,1.145726
serial_sparse,extend,GPU control,kernel,33620980,33621716,33620980,33621716,7,0,341870085406720,echo/serial_sparse/extend_annotated/layer_1/cache_write/call_34,630492,,,cache_write,layer_1,"void at_cuda_detail::cub::detail::scan::DeviceCompactInitKernel<at_cuda_detail::cub::ScanTileState<int, (bool)1>, int *>(T1, int, T2)",,,1.169438,1.170174
serial_sparse,extend,GPU control,kernel,33626356,33629652,33626356,33629652,7,0,341870085406720,echo/serial_sparse/extend_annotated/layer_1/cache_write/call_34,630498,,,cache_write,layer_1,"void at_cuda_detail::cub::detail::select::DeviceSelectSweepKernel<at_cuda_detail::cub::detail::select::policy_hub<long, bool, int, (bool)0, (at_cuda_detail::cub::SelectImpl)0>::Policy1000, thrust::THRUST_300001_SM_750_800_860_900_1000_1200_NS::counting_iterator<long, thrust::THRUST_300001_SM_750_800_860_900_1000_1200_NS::use_default, thrust::THRUST_300001_SM_750_800_860_900_1000_1200_NS::use_default, thrust::THRUST_300001_SM_750_800_860_900_1000_1200_NS::use_default>, thrust::THRUST_300001_SM_750_800_860_900_1000_1200_NS::transform_iterator<at::native::<unnamed>::NonZeroOp<bool>, const bool *, thrust::THRUST_300001_SM_750_800_860_900_1000_1200_NS::use_default, thrust::THRUST_300001_SM_750_800_860_900_1000_1200_NS::use_default>, long *, int *, at_cuda_detail::cub::ScanTileState<int, (bool)1>, at_cuda_detail::cub::NullType, at_cuda_detail::cub::NullType, int, at_cuda_detail::cub::detail::select::streaming_context_t<long, (bool)1>, (at_cuda_detail::cub::SelectImpl)0>(T2, T3, T4, T5, T6, T7, T8, T9, int, T10, at_cuda_detail::cub::detail::vsmem_t)",,,1.174814,1.17811
serial_sparse,extend,GPU control,kernel,33648084,33653396,33648084,33653396,7,0,341870085406720,echo/serial_sparse/extend_annotated/layer_1/cache_write/call_34,630514,,,cache_write,layer_1,"void at::native::index_elementwise_kernel<(int)128, (int)4, void at::native::gpu_index_kernel<void at::native::index_kernel_impl<at::native::OpaqueType<(int)8>>(at::TensorIteratorBase &, c10::ArrayRef<long>, c10::ArrayRef<long>)::[lambda(char *, const char *, long) (instance 1)]>(at::TensorIteratorBase &, c10::ArrayRef<long>, c10::ArrayRef<long>, const T1 &, bool)::[lambda(int) (instance 1)]>(long, T3)",,,1.196542,1.201854
serial_sparse,extend,GPU control,kernel,33662804,33664052,33662804,33664052,7,0,341870085406720,echo/serial_sparse/extend_annotated/layer_1/cache_write/call_34,630527,,,cache_write,layer_1,"void at::native::vectorized_elementwise_kernel<(int)8, at::native::AUnaryFunctor<long, long, bool, at::native::<unnamed>::CompareEqFunctor<long>>, std::array<char *, (unsigned long)2>>(int, T2, T3)",,,1.211262,1.21251
serial_sparse,extend,GPU control,kernel,33675092,33679988,33675092,33679988,7,0,341870085406720,echo/serial_sparse/extend_annotated/layer_1/cache_write/call_34,630539,,,cache_write,layer_1,"void at::native::index_elementwise_kernel<(int)128, (int)4, void at::native::gpu_index_kernel<void at::native::index_kernel_impl<at::native::OpaqueType<(int)8>>(at::TensorIteratorBase &, c10::ArrayRef<long>, c10::ArrayRef<long>)::[lambda(char *, const char *, long) (instance 1)]>(at::TensorIteratorBase &, c10::ArrayRef<long>, c10::ArrayRef<long>, const T1 &, bool)::[lambda(int) (instance 1)]>(long, T3)",,,1.22355,1.228446
serial_sparse,extend,GPU control,kernel,33690260,33690996,33690260,33690996,7,0,341870085406720,echo/serial_sparse/extend_annotated/layer_1/cache_write/call_34,630555,,,cache_write,layer_1,"void at::native::vectorized_elementwise_kernel<(int)2, at::native::FillFunctor<long>, std::array<char *, (unsigned long)1>>(int, T2, T3)",,,1.238718,1.239454
serial_sparse,extend,GPU control,kernel,33716628,33718580,33716628,33718580,7,0,341870085406720,echo/serial_sparse/extend_annotated/layer_1/cache_write/call_34,630573,,,cache_write,layer_1,"void at::native::elementwise_kernel<(int)128, (int)2, void at::native::gpu_kernel_impl_nocast<at::native::<unnamed>::where_kernel_impl(at::TensorIterator &)::[lambda() (instance 1)]::operator ()() const::[lambda() (instance 8)]::operator ()() const::[lambda(bool, long, long) (instance 1)]>(at::TensorIteratorBase &, const T1 &)::[lambda(int) (instance 1)]>(int, T3)",,,1.265086,1.267038
serial_sparse,extend,GPU control,kernel,33746932,33748244,33746932,33748244,7,0,341870085406720,echo/serial_sparse/extend_annotated/layer_1/cache_write/call_34,630594,,,cache_write,layer_1,"at::native::<unnamed>::fill_reverse_indices_kernel(long *, int, at::cuda::detail::IntDivider<unsigned int>)",,,1.29539,1.296702
serial_sparse,extend,GPU control,kernel,33771604,33774836,33771604,33774836,7,0,341870085406720,echo/serial_sparse/extend_annotated/layer_1/cache_write/call_34,630618,,,cache_write,layer_1,"void at_cuda_detail::cub::detail::radix_sort::DeviceRadixSortHistogramKernel<at_cuda_detail::cub::detail::radix::policy_hub<long, at::cuda::cub::detail::OpaqueType<(int)8>, unsigned long long>::Policy1000, (at_cuda_detail::cub::SortOrder)0, long, unsigned long long, at_cuda_detail::cub::detail::identity_decomposer_t>(T4 *, const T3 *, T4, int, int, T5)",,,1.320062,1.323294
serial_sparse,extend,GPU control,kernel,33777171,33778291,33777171,33778291,7,0,341870085406720,echo/serial_sparse/extend_annotated/layer_1/cache_write/call_34,630623,,,cache_write,layer_1,"void at_cuda_detail::cub::detail::radix_sort::DeviceRadixSortExclusiveSumKernel<at_cuda_detail::cub::detail::radix::policy_hub<long, at::cuda::cub::detail::OpaqueType<(int)8>, unsigned long long>::Policy1000, unsigned long long>(T2 *)",,,1.325629,1.326749
serial_sparse,extend,GPU control,kernel,33787091,33792403,33787091,33792403,7,0,341870085406720,echo/serial_sparse/extend_annotated/layer_1/cache_write/call_34,630630,,,cache_write,layer_1,"void at_cuda_detail::cub::detail::radix_sort::DeviceRadixSortOnesweepKernel<at_cuda_detail::cub::detail::radix::policy_hub<long, at::cuda::cub::detail::OpaqueType<(int)8>, unsigned long long>::Policy1000, (at_cuda_detail::cub::SortOrder)0, long, at::cuda::cub::detail::OpaqueType<(int)8>, unsigned long long, int, int, at_cuda_detail::cub::detail::identity_decomposer_t>(T7 *, T7 *, T5 *, const T5 *, T3 *, const T3 *, T4 *, const T4 *, T6, int, int, T8)",,,1.335549,1.340861
serial_sparse,extend,GPU control,kernel,33795955,33801011,33795955,33801011,7,0,341870085406720,echo/serial_sparse/extend_annotated/layer_1/cache_write/call_34,630637,,,cache_write,layer_1,"void at_cuda_detail::cub::detail::radix_sort::DeviceRadixSortOnesweepKernel<at_cuda_detail::cub::detail::radix::policy_hub<long, at::cuda::cub::detail::OpaqueType<(int)8>, unsigned long long>::Policy1000, (at_cuda_detail::cub::SortOrder)0, long, at::cuda::cub::detail::OpaqueType<(int)8>, unsigned long long, int, int, at_cuda_detail::cub::detail::identity_decomposer_t>(T7 *, T7 *, T5 *, const T5 *, T3 *, const T3 *, T4 *, const T4 *, T6, int, int, T8)",,,1.344413,1.349469
serial_sparse,extend,GPU control,kernel,33804435,33809555,33804435,33809555,7,0,341870085406720,echo/serial_sparse/extend_annotated/layer_1/cache_write/call_34,630644,,,cache_write,layer_1,"void at_cuda_detail::cub::detail::radix_sort::DeviceRadixSortOnesweepKernel<at_cuda_detail::cub::detail::radix::policy_hub<long, at::cuda::cub::detail::OpaqueType<(int)8>, unsigned long long>::Policy1000, (at_cuda_detail::cub::SortOrder)0, long, at::cuda::cub::detail::OpaqueType<(int)8>, unsigned long long, int, int, at_cuda_detail::cub::detail::identity_decomposer_t>(T7 *, T7 *, T5 *, const T5 *, T3 *, const T3 *, T4 *, const T4 *, T6, int, int, T8)",,,1.352893,1.358013
serial_sparse,extend,GPU control,kernel,33813011,33818067,33813011,33818067,7,0,341870085406720,echo/serial_sparse/extend_annotated/layer_1/cache_write/call_34,630651,,,cache_write,layer_1,"void at_cuda_detail::cub::detail::radix_sort::DeviceRadixSortOnesweepKernel<at_cuda_detail::cub::detail::radix::policy_hub<long, at::cuda::cub::detail::OpaqueType<(int)8>, unsigned long long>::Policy1000, (at_cuda_detail::cub::SortOrder)0, long, at::cuda::cub::detail::OpaqueType<(int)8>, unsigned long long, int, int, at_cuda_detail::cub::detail::identity_decomposer_t>(T7 *, T7 *, T5 *, const T5 *, T3 *, const T3 *, T4 *, const T4 *, T6, int, int, T8)",,,1.361469,1.366525
serial_sparse,extend,GPU control,kernel,33821459,33826451,33821459,33826451,7,0,341870085406720,echo/serial_sparse/extend_annotated/layer_1/cache_write/call_34,630658,,,cache_write,layer_1,"void at_cuda_detail::cub::detail::radix_sort::DeviceRadixSortOnesweepKernel<at_cuda_detail::cub::detail::radix::policy_hub<long, at::cuda::cub::detail::OpaqueType<(int)8>, unsigned long long>::Policy1000, (at_cuda_detail::cub::SortOrder)0, long, at::cuda::cub::detail::OpaqueType<(int)8>, unsigned long long, int, int, at_cuda_detail::cub::detail::identity_decomposer_t>(T7 *, T7 *, T5 *, const T5 *, T3 *, const T3 *, T4 *, const T4 *, T6, int, int, T8)",,,1.369917,1.374909
serial_sparse,extend,GPU control,kernel,33829875,33834931,33829875,33834931,7,0,341870085406720,echo/serial_sparse/extend_annotated/layer_1/cache_write/call_34,630665,,,cache_write,layer_1,"void at_cuda_detail::cub::detail::radix_sort::DeviceRadixSortOnesweepKernel<at_cuda_detail::cub::detail::radix::policy_hub<long, at::cuda::cub::detail::OpaqueType<(int)8>, unsigned long long>::Policy1000, (at_cuda_detail::cub::SortOrder)0, long, at::cuda::cub::detail::OpaqueType<(int)8>, unsigned long long, int, int, at_cuda_detail::cub::detail::identity_decomposer_t>(T7 *, T7 *, T5 *, const T5 *, T3 *, const T3 *, T4 *, const T4 *, T6, int, int, T8)",,,1.378333,1.383389
serial_sparse,extend,GPU control,kernel,33838387,33843475,33838387,33843475,7,0,341870085406720,echo/serial_sparse/extend_annotated/layer_1/cache_write/call_34,630672,,,cache_write,layer_1,"void at_cuda_detail::cub::detail::radix_sort::DeviceRadixSortOnesweepKernel<at_cuda_detail::cub::detail::radix::policy_hub<long, at::cuda::cub::detail::OpaqueType<(int)8>, unsigned long long>::Policy1000, (at_cuda_detail::cub::SortOrder)0, long, at::cuda::cub::detail::OpaqueType<(int)8>, unsigned long long, int, int, at_cuda_detail::cub::detail::identity_decomposer_t>(T7 *, T7 *, T5 *, const T5 *, T3 *, const T3 *, T4 *, const T4 *, T6, int, int, T8)",,,1.386845,1.391933
serial_sparse,extend,GPU control,kernel,33846803,33852467,33846803,33852467,7,0,341870085406720,echo/serial_sparse/extend_annotated/layer_1/cache_write/call_34,630679,,,cache_write,layer_1,"void at_cuda_detail::cub::detail::radix_sort::DeviceRadixSortOnesweepKernel<at_cuda_detail::cub::detail::radix::policy_hub<long, at::cuda::cub::detail::OpaqueType<(int)8>, unsigned long long>::Policy1000, (at_cuda_detail::cub::SortOrder)0, long, at::cuda::cub::detail::OpaqueType<(int)8>, unsigned long long, int, int, at_cuda_detail::cub::detail::identity_decomposer_t>(T7 *, T7 *, T5 *, const T5 *, T3 *, const T3 *, T4 *, const T4 *, T6, int, int, T8)",,,1.395261,1.400925
serial_sparse,extend,GPU control,kernel,33860403,33861843,33860403,33861843,7,0,341870085406720,echo/serial_sparse/extend_annotated/layer_1/cache_write/call_34,630697,,,cache_write,layer_1,"void at::native::index_elementwise_kernel<(int)128, (int)4, void at::native::gpu_index_kernel<void at::native::index_kernel_impl<at::native::OpaqueType<(int)8>>(at::TensorIteratorBase &, c10::ArrayRef<long>, c10::ArrayRef<long>)::[lambda(char *, const char *, long) (instance 1)]>(at::TensorIteratorBase &, c10::ArrayRef<long>, c10::ArrayRef<long>, const T1 &, bool)::[lambda(int) (instance 1)]>(long, T3)",,,1.408861,1.410301
serial_sparse,extend,GPU control,kernel,33877459,33878867,33877459,33878867,7,0,341870085406720,echo/serial_sparse/extend_annotated/layer_1/cache_write/call_34,630711,,,cache_write,layer_1,"void at::native::index_elementwise_kernel<(int)128, (int)4, void at::native::gpu_index_kernel<void at::native::index_kernel_impl<at::native::OpaqueType<(int)8>>(at::TensorIteratorBase &, c10::ArrayRef<long>, c10::ArrayRef<long>)::[lambda(char *, const char *, long) (instance 1)]>(at::TensorIteratorBase &, c10::ArrayRef<long>, c10::ArrayRef<long>, const T1 &, bool)::[lambda(int) (instance 1)]>(long, T3)",,,1.425917,1.427325
serial_sparse,extend,GPU control,kernel,33890707,33891699,33890707,33891699,7,0,341870085406720,echo/serial_sparse/extend_annotated/layer_1/cache_write/call_34,630724,,,cache_write,layer_1,"void at::native::vectorized_elementwise_kernel<(int)8, at::native::AUnaryFunctor<long, long, bool, at::native::<unnamed>::CompareEqFunctor<long>>, std::array<char *, (unsigned long)2>>(int, T2, T3)",,,1.439165,1.440157
serial_sparse,extend,GPU control,kernel,33907283,33908371,33907283,33908371,7,0,341870085406720,echo/serial_sparse/extend_annotated/layer_1/cache_write/call_34,630747,,,cache_write,layer_1,"void at_cuda_detail::cub::detail::reduce::DeviceReduceSingleTileKernel<at_cuda_detail::cub::detail::reduce::policy_hub<int, unsigned long long, cuda::std::__4::plus<void>>::Policy1000, thrust::THRUST_300001_SM_750_800_860_900_1000_1200_NS::transform_iterator<at::native::<unnamed>::NonZeroOp<bool>, const bool *, thrust::THRUST_300001_SM_750_800_860_900_1000_1200_NS::use_default, thrust::THRUST_300001_SM_750_800_860_900_1000_1200_NS::use_default>, int *, unsigned long long, cuda::std::__4::plus<void>, int, int, cuda::std::__4::__identity>(T2, T3, T4, T5, T6, T8)",,,1.455741,1.456829
serial_sparse,extend,GPU control,kernel,33932243,33933011,33932243,33933011,7,0,341870085406720,echo/serial_sparse/extend_annotated/layer_1/cache_write/call_34,630775,,,cache_write,layer_1,"void at_cuda_detail::cub::detail::scan::DeviceCompactInitKernel<at_cuda_detail::cub::ScanTileState<int, (bool)1>, int *>(T1, int, T2)",,,1.480701,1.481469
serial_sparse,extend,GPU control,kernel,33937299,33939155,33937299,33939155,7,0,341870085406720,echo/serial_sparse/extend_annotated/layer_1/cache_write/call_34,630781,,,cache_write,layer_1,"void at_cuda_detail::cub::detail::select::DeviceSelectSweepKernel<at_cuda_detail::cub::detail::select::policy_hub<long, bool, int, (bool)0, (at_cuda_detail::cub::SelectImpl)0>::Policy1000, thrust::THRUST_300001_SM_750_800_860_900_1000_1200_NS::counting_iterator<long, thrust::THRUST_300001_SM_750_800_860_900_1000_1200_NS::use_default, thrust::THRUST_300001_SM_750_800_860_900_1000_1200_NS::use_default, thrust::THRUST_300001_SM_750_800_860_900_1000_1200_NS::use_default>, thrust::THRUST_300001_SM_750_800_860_900_1000_1200_NS::transform_iterator<at::native::<unnamed>::NonZeroOp<bool>, const bool *, thrust::THRUST_300001_SM_750_800_860_900_1000_1200_NS::use_default, thrust::THRUST_300001_SM_750_800_860_900_1000_1200_NS::use_default>, long *, int *, at_cuda_detail::cub::ScanTileState<int, (bool)1>, at_cuda_detail::cub::NullType, at_cuda_detail::cub::NullType, int, at_cuda_detail::cub::detail::select::streaming_context_t<long, (bool)1>, (at_cuda_detail::cub::SelectImpl)0>(T2, T3, T4, T5, T6, T7, T8, T9, int, T10, at_cuda_detail::cub::detail::vsmem_t)",,,1.485757,1.487613
serial_sparse,extend,GPU control,kernel,34003411,34005011,34003411,34005011,7,0,341870085406720,echo/serial_sparse/extend_annotated/layer_1/cache_write/call_34,630842,,,cache_write,layer_1,"void at::native::index_elementwise_kernel<(int)128, (int)4, void at::native::gpu_index_kernel<void at::native::index_put_kernel_impl<at::native::OpaqueType<(int)8>>(at::TensorIterator &, c10::ArrayRef<long>, c10::ArrayRef<long>)::[lambda(char *, const char *, long) (instance 1)]>(at::TensorIteratorBase &, c10::ArrayRef<long>, c10::ArrayRef<long>, const T1 &, bool)::[lambda(int) (instance 1)]>(long, T3)",,,1.551869,1.553469
serial_sparse,extend,GPU control,kernel,34030963,34032243,34030963,34032243,7,0,341870085406720,echo/serial_sparse/extend_annotated/layer_1/cache_write/call_34,630869,,,cache_write,layer_1,"void at::native::index_elementwise_kernel<(int)128, (int)4, void at::native::gpu_index_kernel<void at::native::index_put_kernel_impl<at::native::OpaqueType<(int)8>>(at::TensorIterator &, c10::ArrayRef<long>, c10::ArrayRef<long>)::[lambda(char *, const char *, long) (instance 1)]>(at::TensorIteratorBase &, c10::ArrayRef<long>, c10::ArrayRef<long>, const T1 &, bool)::[lambda(int) (instance 1)]>(long, T3)",,,1.579421,1.580701
serial_sparse,extend,GPU control,kernel,34057843,34059347,34057843,34059347,7,0,341870085406720,echo/serial_sparse/extend_annotated/layer_1/cache_write/call_34,630896,,,cache_write,layer_1,"void at::native::index_elementwise_kernel<(int)128, (int)4, void at::native::gpu_index_kernel<void at::native::index_put_kernel_impl<at::native::OpaqueType<(int)1>>(at::TensorIterator &, c10::ArrayRef<long>, c10::ArrayRef<long>)::[lambda(char *, const char *, long) (instance 1)]>(at::TensorIteratorBase &, c10::ArrayRef<long>, c10::ArrayRef<long>, const T1 &, bool)::[lambda(int) (instance 1)]>(long, T3)",,,1.606301,1.607805
serial_sparse,extend,GPU control,kernel,34073171,34074227,34073171,34074227,7,0,341870085406720,echo/serial_sparse/extend_annotated/layer_1/cache_write/call_34,630921,,,cache_write,layer_1,"void at_cuda_detail::cub::detail::reduce::DeviceReduceSingleTileKernel<at_cuda_detail::cub::detail::reduce::policy_hub<int, unsigned long long, cuda::std::__4::plus<void>>::Policy1000, thrust::THRUST_300001_SM_750_800_860_900_1000_1200_NS::transform_iterator<at::native::<unnamed>::NonZeroOp<bool>, const bool *, thrust::THRUST_300001_SM_750_800_860_900_1000_1200_NS::use_default, thrust::THRUST_300001_SM_750_800_860_900_1000_1200_NS::use_default>, int *, unsigned long long, cuda::std::__4::plus<void>, int, int, cuda::std::__4::__identity>(T2, T3, T4, T5, T6, T8)",,,1.621629,1.622685
serial_sparse,extend,GPU control,kernel,34095955,34096723,34095955,34096723,7,0,341870085406720,echo/serial_sparse/extend_annotated/layer_1/cache_write/call_34,630949,,,cache_write,layer_1,"void at_cuda_detail::cub::detail::scan::DeviceCompactInitKernel<at_cuda_detail::cub::ScanTileState<int, (bool)1>, int *>(T1, int, T2)",,,1.644413,1.645181
serial_sparse,extend,GPU control,kernel,34100851,34102611,34100851,34102611,7,0,341870085406720,echo/serial_sparse/extend_annotated/layer_1/cache_write/call_34,630955,,,cache_write,layer_1,"void at_cuda_detail::cub::detail::select::DeviceSelectSweepKernel<at_cuda_detail::cub::detail::select::policy_hub<long, bool, int, (bool)0, (at_cuda_detail::cub::SelectImpl)0>::Policy1000, thrust::THRUST_300001_SM_750_800_860_900_1000_1200_NS::counting_iterator<long, thrust::THRUST_300001_SM_750_800_860_900_1000_1200_NS::use_default, thrust::THRUST_300001_SM_750_800_860_900_1000_1200_NS::use_default, thrust::THRUST_300001_SM_750_800_860_900_1000_1200_NS::use_default>, thrust::THRUST_300001_SM_750_800_860_900_1000_1200_NS::transform_iterator<at::native::<unnamed>::NonZeroOp<bool>, const bool *, thrust::THRUST_300001_SM_750_800_860_900_1000_1200_NS::use_default, thrust::THRUST_300001_SM_750_800_860_900_1000_1200_NS::use_default>, long *, int *, at_cuda_detail::cub::ScanTileState<int, (bool)1>, at_cuda_detail::cub::NullType, at_cuda_detail::cub::NullType, int, at_cuda_detail::cub::detail::select::streaming_context_t<long, (bool)1>, (at_cuda_detail::cub::SelectImpl)0>(T2, T3, T4, T5, T6, T7, T8, T9, int, T10, at_cuda_detail::cub::detail::vsmem_t)",,,1.649309,1.651069
serial_sparse,extend,GPU control,kernel,34128211,34132051,34128211,34132051,7,0,341870085406720,echo/serial_sparse/extend_annotated/layer_1/cache_write/call_34,630975,,,cache_write,layer_1,"void at::native::index_elementwise_kernel<(int)128, (int)4, void at::native::index_copy_kernel_impl<at::native::OpaqueType<(int)2>>(at::TensorIterator &, long, long, long)::[lambda(int) (instance 1)]>(long, T3)",,,1.676669,1.680509
serial_sparse,extend,GPU control,kernel,34141395,34142611,34141395,34142611,7,0,341870085406720,echo/serial_sparse/extend_annotated/layer_1/cache_write/call_34,630989,,,cache_write,layer_1,"void at::native::unrolled_elementwise_kernel<at::native::direct_copy_kernel_cuda(at::TensorIteratorBase &)::[lambda() (instance 3)]::operator ()() const::[lambda() (instance 3)]::operator ()() const::[lambda(int) (instance 1)], std::array<char *, (unsigned long)2>, (int)4, TrivialOffsetCalculator<(int)1, unsigned int>, TrivialOffsetCalculator<(int)1, unsigned int>, at::native::memory::LoadWithCast<(int)1>, at::native::memory::StoreWithCast<(int)1>>(int, T1, T2, T4, T5, T6, T7)",,,1.689853,1.691069
serial_sparse,extend,GPU control,kernel,34152883,34154419,34152883,34154419,7,0,341870085406720,echo/serial_sparse/extend_annotated/layer_1/cache_write/call_34,630998,,,cache_write,layer_1,"void at::native::index_elementwise_kernel<(int)128, (int)4, void at::native::gpu_index_kernel<void at::native::index_put_kernel_impl<at::native::OpaqueType<(int)4>>(at::TensorIterator &, c10::ArrayRef<long>, c10::ArrayRef<long>)::[lambda(char *, const char *, long) (instance 1)]>(at::TensorIteratorBase &, c10::ArrayRef<long>, c10::ArrayRef<long>, const T1 &, bool)::[lambda(int) (instance 1)]>(long, T3)",,,1.701341,1.702877
serial_sparse,extend,GPU control,kernel,34162579,34164083,34162579,34164083,7,0,341870085406720,echo/serial_sparse/extend_annotated/layer_1/cache_write/call_34,631008,,,cache_write,layer_1,"void at::native::index_elementwise_kernel<(int)128, (int)4, void at::native::gpu_index_kernel<void at::native::index_put_kernel_impl<at::native::OpaqueType<(int)8>>(at::TensorIterator &, c10::ArrayRef<long>, c10::ArrayRef<long>)::[lambda(char *, const char *, long) (instance 1)]>(at::TensorIteratorBase &, c10::ArrayRef<long>, c10::ArrayRef<long>, const T1 &, bool)::[lambda(int) (instance 1)]>(long, T3)",,,1.711037,1.712541
serial_sparse,extend,GPU control,kernel,34189139,34190643,34189139,34190643,7,0,341870085406720,echo/serial_sparse/extend_annotated/layer_1/cache_write/call_34,631035,,,cache_write,layer_1,"void at::native::index_elementwise_kernel<(int)128, (int)4, void at::native::gpu_index_kernel<void at::native::index_put_kernel_impl<at::native::OpaqueType<(int)1>>(at::TensorIterator &, c10::ArrayRef<long>, c10::ArrayRef<long>)::[lambda(char *, const char *, long) (instance 1)]>(at::TensorIteratorBase &, c10::ArrayRef<long>, c10::ArrayRef<long>, const T1 &, bool)::[lambda(int) (instance 1)]>(long, T3)",,,1.737597,1.739101
serial_sparse,extend,GPU control,kernel,34217811,34219219,34217811,34219219,7,0,341870085406720,echo/serial_sparse/extend_annotated/layer_1/cache_write/call_34,631062,,,cache_write,layer_1,"void at::native::index_elementwise_kernel<(int)128, (int)4, void at::native::gpu_index_kernel<void at::native::index_put_kernel_impl<at::native::OpaqueType<(int)8>>(at::TensorIterator &, c10::ArrayRef<long>, c10::ArrayRef<long>)::[lambda(char *, const char *, long) (instance 1)]>(at::TensorIteratorBase &, c10::ArrayRef<long>, c10::ArrayRef<long>, const T1 &, bool)::[lambda(int) (instance 1)]>(long, T3)",,,1.766269,1.767677
serial_sparse,extend,GPU control,kernel,34227699,34228467,34227699,34228467,7,0,341870085406720,echo/serial_sparse/extend_annotated/layer_1/cache_write/call_34,631071,,,cache_write,layer_1,"void at::native::vectorized_elementwise_kernel<(int)2, at::native::FillFunctor<long>, std::array<char *, (unsigned long)1>>(int, T2, T3)",,,1.776157,1.776925
serial_sparse,extend,GPU control,kernel,34503410,34504370,34503410,34504370,7,0,341870085406720,echo/serial_sparse/extend_annotated/layer_1/offload_exact_recall/call_35,631166,,,offload_exact_recall,layer_1,"echo_native::sparse_union_clear(unsigned int *, long, unsigned int *, unsigned int *)",,,2.051868,2.052828
serial_sparse,extend,GPU control,kernel,34509618,34527922,34509618,34527922,7,0,341870085406720,echo/serial_sparse/extend_annotated/layer_1/offload_exact_recall/call_35,631169,,,offload_exact_recall,layer_1,"void echo_native::sparse_union_kernel<(bool)0>(const int *, long, unsigned int *, int, int)",,,2.058076,2.07638
serial_sparse,extend,GPU control,kernel,34529170,34533362,34529170,34533362,7,0,341870085406720,echo/serial_sparse/extend_annotated/layer_1/offload_exact_recall/call_35,631172,,,offload_exact_recall,layer_1,"echo_native::sparse_classify_kernel(const unsigned int *, const int *, const int *, const long *, int, long *, long *, int *, unsigned int *, unsigned int *, unsigned long long *, int, int, int, long)",,,2.077628,2.08182
serial_sparse,extend,GPU control,kernel,34569586,34570834,34569586,34570834,7,0,341870085406720,echo/serial_sparse/extend_annotated/layer_1/offload_exact_recall/call_35,631204,,,offload_exact_recall,layer_1,"at::native::<unnamed>::fill_reverse_indices_kernel(long *, int, at::cuda::detail::IntDivider<unsigned int>)",,,2.118044,2.119292
serial_sparse,extend,GPU control,kernel,34594802,34597970,34594802,34597970,7,0,341870085406720,echo/serial_sparse/extend_annotated/layer_1/offload_exact_recall/call_35,631228,,,offload_exact_recall,layer_1,"void at_cuda_detail::cub::detail::radix_sort::DeviceRadixSortHistogramKernel<at_cuda_detail::cub::detail::radix::policy_hub<long, at::cuda::cub::detail::OpaqueType<(int)8>, unsigned long long>::Policy1000, (at_cuda_detail::cub::SortOrder)0, long, unsigned long long, at_cuda_detail::cub::detail::identity_decomposer_t>(T4 *, const T3 *, T4, int, int, T5)",,,2.14326,2.146428
serial_sparse,extend,GPU control,kernel,34602450,34603602,34602450,34603602,7,0,341870085406720,echo/serial_sparse/extend_annotated/layer_1/offload_exact_recall/call_35,631233,,,offload_exact_recall,layer_1,"void at_cuda_detail::cub::detail::radix_sort::DeviceRadixSortExclusiveSumKernel<at_cuda_detail::cub::detail::radix::policy_hub<long, at::cuda::cub::detail::OpaqueType<(int)8>, unsigned long long>::Policy1000, unsigned long long>(T2 *)",,,2.150908,2.15206
serial_sparse,extend,GPU control,kernel,34612018,34617810,34612018,34617810,7,0,341870085406720,echo/serial_sparse/extend_annotated/layer_1/offload_exact_recall/call_35,631240,,,offload_exact_recall,layer_1,"void at_cuda_detail::cub::detail::radix_sort::DeviceRadixSortOnesweepKernel<at_cuda_detail::cub::detail::radix::policy_hub<long, at::cuda::cub::detail::OpaqueType<(int)8>, unsigned long long>::Policy1000, (at_cuda_detail::cub::SortOrder)0, long, at::cuda::cub::detail::OpaqueType<(int)8>, unsigned long long, int, int, at_cuda_detail::cub::detail::identity_decomposer_t>(T7 *, T7 *, T5 *, const T5 *, T3 *, const T3 *, T4 *, const T4 *, T6, int, int, T8)",,,2.160476,2.166268
serial_sparse,extend,GPU control,kernel,34621202,34627026,34621202,34627026,7,0,341870085406720,echo/serial_sparse/extend_annotated/layer_1/offload_exact_recall/call_35,631247,,,offload_exact_recall,layer_1,"void at_cuda_detail::cub::detail::radix_sort::DeviceRadixSortOnesweepKernel<at_cuda_detail::cub::detail::radix::policy_hub<long, at::cuda::cub::detail::OpaqueType<(int)8>, unsigned long long>::Policy1000, (at_cuda_detail::cub::SortOrder)0, long, at::cuda::cub::detail::OpaqueType<(int)8>, unsigned long long, int, int, at_cuda_detail::cub::detail::identity_decomposer_t>(T7 *, T7 *, T5 *, const T5 *, T3 *, const T3 *, T4 *, const T4 *, T6, int, int, T8)",,,2.16966,2.175484
serial_sparse,extend,GPU control,kernel,34630258,34635986,34630258,34635986,7,0,341870085406720,echo/serial_sparse/extend_annotated/layer_1/offload_exact_recall/call_35,631254,,,offload_exact_recall,layer_1,"void at_cuda_detail::cub::detail::radix_sort::DeviceRadixSortOnesweepKernel<at_cuda_detail::cub::detail::radix::policy_hub<long, at::cuda::cub::detail::OpaqueType<(int)8>, unsigned long long>::Policy1000, (at_cuda_detail::cub::SortOrder)0, long, at::cuda::cub::detail::OpaqueType<(int)8>, unsigned long long, int, int, at_cuda_detail::cub::detail::identity_decomposer_t>(T7 *, T7 *, T5 *, const T5 *, T3 *, const T3 *, T4 *, const T4 *, T6, int, int, T8)",,,2.178716,2.184444
serial_sparse,extend,GPU control,kernel,34639474,34645074,34639474,34645074,7,0,341870085406720,echo/serial_sparse/extend_annotated/layer_1/offload_exact_recall/call_35,631261,,,offload_exact_recall,layer_1,"void at_cuda_detail::cub::detail::radix_sort::DeviceRadixSortOnesweepKernel<at_cuda_detail::cub::detail::radix::policy_hub<long, at::cuda::cub::detail::OpaqueType<(int)8>, unsigned long long>::Policy1000, (at_cuda_detail::cub::SortOrder)0, long, at::cuda::cub::detail::OpaqueType<(int)8>, unsigned long long, int, int, at_cuda_detail::cub::detail::identity_decomposer_t>(T7 *, T7 *, T5 *, const T5 *, T3 *, const T3 *, T4 *, const T4 *, T6, int, int, T8)",,,2.187932,2.193532
serial_sparse,extend,GPU control,kernel,34648402,34654066,34648402,34654066,7,0,341870085406720,echo/serial_sparse/extend_annotated/layer_1/offload_exact_recall/call_35,631268,,,offload_exact_recall,layer_1,"void at_cuda_detail::cub::detail::radix_sort::DeviceRadixSortOnesweepKernel<at_cuda_detail::cub::detail::radix::policy_hub<long, at::cuda::cub::detail::OpaqueType<(int)8>, unsigned long long>::Policy1000, (at_cuda_detail::cub::SortOrder)0, long, at::cuda::cub::detail::OpaqueType<(int)8>, unsigned long long, int, int, at_cuda_detail::cub::detail::identity_decomposer_t>(T7 *, T7 *, T5 *, const T5 *, T3 *, const T3 *, T4 *, const T4 *, T6, int, int, T8)",,,2.19686,2.202524
serial_sparse,extend,GPU control,kernel,34657298,34662962,34657298,34662962,7,0,341870085406720,echo/serial_sparse/extend_annotated/layer_1/offload_exact_recall/call_35,631275,,,offload_exact_recall,layer_1,"void at_cuda_detail::cub::detail::radix_sort::DeviceRadixSortOnesweepKernel<at_cuda_detail::cub::detail::radix::policy_hub<long, at::cuda::cub::detail::OpaqueType<(int)8>, unsigned long long>::Policy1000, (at_cuda_detail::cub::SortOrder)0, long, at::cuda::cub::detail::OpaqueType<(int)8>, unsigned long long, int, int, at_cuda_detail::cub::detail::identity_decomposer_t>(T7 *, T7 *, T5 *, const T5 *, T3 *, const T3 *, T4 *, const T4 *, T6, int, int, T8)",,,2.205756,2.21142
serial_sparse,extend,GPU control,kernel,34666194,34671922,34666194,34671922,7,0,341870085406720,echo/serial_sparse/extend_annotated/layer_1/offload_exact_recall/call_35,631282,,,offload_exact_recall,layer_1,"void at_cuda_detail::cub::detail::radix_sort::DeviceRadixSortOnesweepKernel<at_cuda_detail::cub::detail::radix::policy_hub<long, at::cuda::cub::detail::OpaqueType<(int)8>, unsigned long long>::Policy1000, (at_cuda_detail::cub::SortOrder)0, long, at::cuda::cub::detail::OpaqueType<(int)8>, unsigned long long, int, int, at_cuda_detail::cub::detail::identity_decomposer_t>(T7 *, T7 *, T5 *, const T5 *, T3 *, const T3 *, T4 *, const T4 *, T6, int, int, T8)",,,2.214652,2.22038
serial_sparse,extend,GPU control,kernel,34675282,34681010,34675282,34681010,7,0,341870085406720,echo/serial_sparse/extend_annotated/layer_1/offload_exact_recall/call_35,631289,,,offload_exact_recall,layer_1,"void at_cuda_detail::cub::detail::radix_sort::DeviceRadixSortOnesweepKernel<at_cuda_detail::cub::detail::radix::policy_hub<long, at::cuda::cub::detail::OpaqueType<(int)8>, unsigned long long>::Policy1000, (at_cuda_detail::cub::SortOrder)0, long, at::cuda::cub::detail::OpaqueType<(int)8>, unsigned long long, int, int, at_cuda_detail::cub::detail::identity_decomposer_t>(T7 *, T7 *, T5 *, const T5 *, T3 *, const T3 *, T4 *, const T4 *, T6, int, int, T8)",,,2.22374,2.229468
serial_sparse,extend,GPU control,kernel,34688466,34691218,34688466,34691218,7,0,341870085406720,echo/serial_sparse/extend_annotated/layer_1/offload_exact_recall/call_35,631307,,,offload_exact_recall,layer_1,"void at::native::unrolled_elementwise_kernel<at::native::direct_copy_kernel_cuda(at::TensorIteratorBase &)::[lambda() (instance 3)]::operator ()() const::[lambda() (instance 4)]::operator ()() const::[lambda(long) (instance 1)], std::array<char *, (unsigned long)2>, (int)4, TrivialOffsetCalculator<(int)1, unsigned int>, TrivialOffsetCalculator<(int)1, unsigned int>, at::native::memory::LoadWithCast<(int)1>, at::native::memory::StoreWithCast<(int)1>>(int, T1, T2, T4, T5, T6, T7)",,,2.236924,2.239676
serial_sparse,extend,GPU control,kernel,34708594,34709298,34708594,34709298,7,0,341870085406720,echo/serial_sparse/extend_annotated/layer_1/offload_exact_recall/call_35,631334,,,offload_exact_recall,layer_1,"void at_cuda_detail::cub::detail::scan::DeviceScanInitKernel<at_cuda_detail::cub::ScanTileState<long, (bool)1>>(T1, int)",,,2.257052,2.257756
serial_sparse,extend,GPU control,kernel,34716370,34719410,34716370,34719410,7,0,341870085406720,echo/serial_sparse/extend_annotated/layer_1/offload_exact_recall/call_35,631346,,,offload_exact_recall,layer_1,"void at_cuda_detail::cub::detail::scan::DeviceScanKernel<at_cuda_detail::cub::detail::scan::policy_hub<long, long, long, unsigned int, std::plus<long>>::Policy1000, const long *, long *, at_cuda_detail::cub::ScanTileState<long, (bool)1>, std::plus<long>, at_cuda_detail::cub::NullType, unsigned int, long, (bool)0, at_cuda_detail::cub::NullType>(T2, T3, T4, int, T5, T6, T7)",,,2.264828,2.267868
serial_sparse,extend,GPU control,kernel,34768402,34772306,34768402,34772306,7,0,341870085406720,echo/serial_sparse/extend_annotated/layer_1/offload_exact_recall/call_35,631363,,,offload_exact_recall,layer_1,"echo_native::sparse_compact_kernel(const long *, const int *, int *, long *, long *, bool *, unsigned long long *, long *, long *, int, int, int, int, long)",,,2.31686,2.320764
serial_sparse,extend,IO,kernel,34811026,34882994,34811026,34882994,7,0,341870085406720,echo/serial_sparse/extend_annotated/layer_1/offload_exact_recall/call_35,631377,,,offload_exact_recall,layer_1,"void <unnamed>::gather_records<unsigned int>(const unsigned char *, unsigned char *, const long *, const long *, long, long, long, long, const T1 *)",mapped_host_gather,,2.359484,2.431452
serial_sparse,extend,GPU control,kernel,34884146,34886578,34884146,34886578,7,0,341870085406720,echo/serial_sparse/extend_annotated/layer_1/offload_exact_recall/call_35,631385,,,offload_exact_recall,layer_1,"echo_native::sparse_publish_kernel(const long *, const long *, int, int *, long *, long *, bool *, long *, int, int, long, const unsigned int *, unsigned long long *)",,,2.432604,2.435036
serial_sparse,extend,GPU control,kernel,34887890,34893746,34887890,34893746,7,0,341870085406720,echo/serial_sparse/extend_annotated/layer_1/offload_exact_recall/call_35,631393,,,offload_exact_recall,layer_1,"echo_native::sparse_map_kernel(const int *, int *, long, const int *, const int *, int, int, int, int)",,,2.436348,2.442204
serial_sparse,extend,Compute,kernel,35035186,35155825,35035186,35155825,7,0,341870085406720,echo/serial_sparse/extend_annotated/layer_1/mla_qk_pv/call_37,631427,,,mla_qk_pv,layer_1,"void sm90::prefill::sparse_fwd::sparse_attn_fwd_kernel<sm90::prefill::sparse_fwd::KernelTemplate<(int)576, (bool)0>, sm90::prefill::sparse_fwd::KernelTemplate<(int)576, (bool)0>::TmaParams<cute::tuple<int, int, int>, cute::TiledCopy<cute::Copy_Atom<cute::Copy_Traits<cute::SM90_TMA_LOAD, cute::C<(int)65536>, cute::AuxTmaParams<cute::tuple<cute::ScaledBasis<cute::C<(int)1>, (int)1>, cute::ScaledBasis<cute::C<(int)1>, (int)0>, cute::ScaledBasis<cute::C<(int)1>, (int)2>>, const cute::Layout<cute::tuple<cute::C<(int)64>, cute::C<(int)64>, cute::C<(int)1>>, cute::tuple<cute::ScaledBasis<cute::C<(int)1>, (int)1>, cute::ScaledBasis<cute::C<(int)1>, (int)0>, cute::ScaledBasis<cute::C<(int)1>, (int)2>>> &, const cute::Swizzle<(int)3, (int)4, (int)3> &>>, cutlass::bfloat16_t>, cute::Layout<cute::tuple<cute::C<(int)1>, cute::tuple<cute::tuple<cute::tuple<cute::C<(int)64>, cute::C<(int)64>>, cute::C<(int)9>>>>, cute::tuple<cute::C<(int)0>, cute::tuple<cute::tuple<cute::tuple<cute::C<(int)64>, cute::C<(int)1>>, cute::C<(int)4096>>>>>, cute::tuple<cute::C<(int)64>, cute::C<(int)576>>>>>(SparseAttnFwdParams, T2)",,,2.583644,2.704283
serial_sparse,extend,Compute,kernel,35161905,35173041,35161905,35173041,7,0,341870085406720,echo/serial_sparse/extend_annotated/layer_1/v_expand/call_40,631441,,,v_expand,layer_1,nvjet_sm90_tst_128x128_64x6_1x1_h_bz_NNT,,,2.710363,2.721499
serial_sparse,extend,Compute,kernel,35235121,35237777,35235121,35237777,7,0,341870085406720,echo/serial_sparse/extend_annotated/layer_1/compute_graph_finish_layer_1_q_128/call_41,631446,17,73014444032,o_proj,layer_1,activation_quantization,,,2.783579,2.786235
serial_sparse,extend,Compute,kernel,35238161,35241713,35238161,35241713,7,0,341870085406720,echo/serial_sparse/extend_annotated/layer_1/compute_graph_finish_layer_1_q_128/call_41,631446,17,73014444033,o_proj,layer_1,"void deep_gemm::transpose_fp32<(unsigned int)512, (unsigned int)64, (unsigned int)128, (unsigned int)128, (unsigned int)129>(const float *, float *, unsigned int)",,,2.786619,2.790171
serial_sparse,extend,Compute,kernel,35242097,35285361,35242097,35285361,7,0,341870085406720,echo/serial_sparse/extend_annotated/layer_1/compute_graph_finish_layer_1_q_128/call_41,631446,17,73014444034,o_proj,layer_1,"void deep_gemm::sm90_fp8_gemm_1d2d_impl<(cute::UMMA::Major)0, (unsigned int)0, (unsigned int)7168, (unsigned int)16384, (unsigned int)1, (unsigned int)64, (unsigned int)112, (unsigned int)128, (unsigned int)128, (unsigned int)128, (unsigned int)32, (unsigned int)9, (unsigned int)128, (unsigned int)128, (unsigned int)1, (bool)0, (unsigned int)132, (deep_gemm::GemmType)0, cutlass::bfloat16_t>(float *, int *, unsigned int, unsigned int, unsigned int, CUtensorMap_st, CUtensorMap_st, CUtensorMap_st, CUtensorMap_st)",,,2.790555,2.833819
serial_sparse,extend,Compute,kernel,35285969,35289201,35285969,35289201,7,0,341870085406720,echo/serial_sparse/extend_annotated/layer_1/compute_graph_finish_layer_1_q_128/call_41,631446,17,73014444035,compute_graph_finish_layer_1_q_128,layer_1,kernel_cutlass_kernel_operatorsdeepseek_v32norm_fusedLocalFusedRMSNorm_object_at__tensorptrbf16gmemalign128oi64716871681_tensorptrbf16gmemalign128oi64716871681_tensorptrf32gmemalign16o716_0,,,2.834427,2.837659
serial_sparse,extend,Compute,kernel,35289617,35291569,35289617,35291569,7,0,341870085406720,echo/serial_sparse/extend_annotated/layer_1/compute_graph_finish_layer_1_q_128/call_41,631446,17,73014444036,mlp_gate,layer_1,activation_quantization,,,2.838075,2.840027
serial_sparse,extend,Compute,kernel,35292017,35293905,35292017,35293905,7,0,341870085406720,echo/serial_sparse/extend_annotated/layer_1/compute_graph_finish_layer_1_q_128/call_41,631446,17,73014444037,mlp_gate,layer_1,"void deep_gemm::transpose_fp32<(unsigned int)512, (unsigned int)64, (unsigned int)56, (unsigned int)128, (unsigned int)57>(const float *, float *, unsigned int)",,,2.840475,2.842363
serial_sparse,extend,Compute,kernel,35294321,35332977,35294321,35332977,7,0,341870085406720,echo/serial_sparse/extend_annotated/layer_1/compute_graph_finish_layer_1_q_128/call_41,631446,17,73014444038,mlp_gate,layer_1,"void deep_gemm::sm90_fp8_gemm_1d2d_impl<(cute::UMMA::Major)0, (unsigned int)0, (unsigned int)18432, (unsigned int)7168, (unsigned int)1, (unsigned int)128, (unsigned int)144, (unsigned int)128, (unsigned int)128, (unsigned int)128, (unsigned int)32, (unsigned int)5, (unsigned int)128, (unsigned int)256, (unsigned int)1, (bool)0, (unsigned int)132, (deep_gemm::GemmType)0, cutlass::bfloat16_t>(float *, int *, unsigned int, unsigned int, unsigned int, CUtensorMap_st, CUtensorMap_st, CUtensorMap_st, CUtensorMap_st)",,,2.842779,2.881435
serial_sparse,extend,Compute,kernel,35333009,35335217,35333009,35335217,7,0,341870085406720,echo/serial_sparse/extend_annotated/layer_1/compute_graph_finish_layer_1_q_128/call_41,631446,17,73014444039,mlp_up,layer_1,"void deep_gemm::transpose_fp32<(unsigned int)512, (unsigned int)64, (unsigned int)56, (unsigned int)128, (unsigned int)57>(const float *, float *, unsigned int)",,,2.881467,2.883675
serial_sparse,extend,Compute,kernel,35335633,35375537,35335633,35375537,7,0,341870085406720,echo/serial_sparse/extend_annotated/layer_1/compute_graph_finish_layer_1_q_128/call_41,631446,17,73014444040,mlp_up,layer_1,"void deep_gemm::sm90_fp8_gemm_1d2d_impl<(cute::UMMA::Major)0, (unsigned int)0, (unsigned int)18432, (unsigned int)7168, (unsigned int)1, (unsigned int)128, (unsigned int)144, (unsigned int)128, (unsigned int)128, (unsigned int)128, (unsigned int)32, (unsigned int)5, (unsigned int)128, (unsigned int)256, (unsigned int)1, (bool)0, (unsigned int)132, (deep_gemm::GemmType)0, cutlass::bfloat16_t>(float *, int *, unsigned int, unsigned int, unsigned int, CUtensorMap_st, CUtensorMap_st, CUtensorMap_st, CUtensorMap_st)",,,2.884091,2.923995
serial_sparse,extend,Compute,kernel,35376177,35381041,35376177,35381041,7,0,341870085406720,echo/serial_sparse/extend_annotated/layer_1/compute_graph_finish_layer_1_q_128/call_41,631446,17,73014444041,compute_graph_finish_layer_1_q_128,layer_1,"void flashinfer::activation::act_and_mul_kernel<__nv_bfloat16, &silu>(T1 *, const T1 *, int)",,,2.924635,2.929499
serial_sparse,extend,Compute,kernel,35381489,35383953,35381489,35383953,7,0,341870085406720,echo/serial_sparse/extend_annotated/layer_1/compute_graph_finish_layer_1_q_128/call_41,631446,17,73014444042,mlp_down,layer_1,activation_quantization,,,2.929947,2.932411
serial_sparse,extend,Compute,kernel,35384369,35388273,35384369,35388273,7,0,341870085406720,echo/serial_sparse/extend_annotated/layer_1/compute_graph_finish_layer_1_q_128/call_41,631446,17,73014444043,mlp_down,layer_1,"void deep_gemm::transpose_fp32<(unsigned int)512, (unsigned int)64, (unsigned int)144, (unsigned int)128, (unsigned int)145>(const float *, float *, unsigned int)",,,2.932827,2.936731
serial_sparse,extend,Compute,kernel,35388689,35437265,35388689,35437265,7,0,341870085406720,echo/serial_sparse/extend_annotated/layer_1/compute_graph_finish_layer_1_q_128/call_41,631446,17,73014444044,mlp_down,layer_1,"void deep_gemm::sm90_fp8_gemm_1d2d_impl<(cute::UMMA::Major)0, (unsigned int)0, (unsigned int)7168, (unsigned int)18432, (unsigned int)1, (unsigned int)64, (unsigned int)112, (unsigned int)128, (unsigned int)128, (unsigned int)128, (unsigned int)32, (unsigned int)9, (unsigned int)128, (unsigned int)128, (unsigned int)1, (bool)0, (unsigned int)132, (deep_gemm::GemmType)0, cutlass::bfloat16_t>(float *, int *, unsigned int, unsigned int, unsigned int, CUtensorMap_st, CUtensorMap_st, CUtensorMap_st, CUtensorMap_st)",,,2.937147,2.985723
serial_sparse,extend,GPU control,memcpy,32489205,32490837,32489205,32490837,7,0,341870085406720,echo/serial_sparse/extend_annotated/layer_1/compute_graph_projection_inputs/call_26,629958,0,,compute_graph_projection_inputs,layer_1,Device-to-Device,Device-to-Device,1835008,0.037663,0.039295
serial_sparse,extend,GPU control,memcpy,32502805,32504821,32502805,32504821,7,0,341870085406720,echo/serial_sparse/extend_annotated/layer_1/compute_graph_projection_inputs/call_26,629966,0,,compute_graph_projection_inputs,layer_1,Device-to-Device,Device-to-Device,1835008,0.051263,0.053279
serial_sparse,extend,GPU control,memcpy,32811445,32812565,32811445,32812565,7,0,341870085406720,echo/serial_sparse/extend_annotated/layer_1/compute_graph_owned_writeback_source/call_28,629993,0,,compute_graph_owned_writeback_source,layer_1,Device-to-Device,Device-to-Device,147456,0.359903,0.361023
serial_sparse,extend,GPU control,memcpy,32813781,32814645,32813781,32814645,7,0,341870085406720,echo/serial_sparse/extend_annotated/layer_1/index_cache_write/call_29,629999,0,,index_cache_write,layer_1,Device-to-Device,Device-to-Device,16384,0.362239,0.363103
serial_sparse,extend,GPU control,memcpy,32815829,32816597,32815829,32816597,7,0,341870085406720,echo/serial_sparse/extend_annotated/layer_1/index_cache_write/call_29,630007,0,,index_cache_write,layer_1,Device-to-Device,Device-to-Device,512,0.364287,0.365055
serial_sparse,extend,IO,memcpy,33395540,33396404,33395540,33396404,7,0,341870085406720,echo/serial_sparse/extend_annotated/layer_1/cache_write/call_34,630269,0,,cache_write,layer_1,Host-to-Device,Host-to-Device,1,0.943998,0.944862
serial_sparse,extend,IO,memcpy,33479156,33481492,33479156,33481492,7,0,341870085406720,echo/serial_sparse/extend_annotated/layer_1/cache_write/call_34,630340,0,,cache_write,layer_1,Device-to-Host,Device-to-Host,4,1.027614,1.02995
serial_sparse,extend,IO,memcpy,33541236,33541972,33541236,33541972,7,0,341870085406720,echo/serial_sparse/extend_annotated/layer_1/cache_write/call_34,630400,0,,cache_write,layer_1,Host-to-Device,Host-to-Device,1,1.089694,1.09043
serial_sparse,extend,IO,memcpy,33601812,33604116,33601812,33604116,7,0,341870085406720,echo/serial_sparse/extend_annotated/layer_1/cache_write/call_34,630466,0,,cache_write,layer_1,Device-to-Host,Device-to-Host,4,1.15027,1.152574
serial_sparse,extend,GPU control,memcpy,33737684,33738900,33737684,33738900,7,0,341870085406720,echo/serial_sparse/extend_annotated/layer_1/cache_write/call_34,630587,0,,cache_write,layer_1,Device-to-Device,Device-to-Device,525312,1.286142,1.287358
serial_sparse,extend,IO,memcpy,33914387,33916691,33914387,33916691,7,0,341870085406720,echo/serial_sparse/extend_annotated/layer_1/cache_write/call_34,630753,0,,cache_write,layer_1,Device-to-Host,Device-to-Host,4,1.462845,1.465149
serial_sparse,extend,IO,memcpy,33964691,33965427,33964691,33965427,7,0,341870085406720,echo/serial_sparse/extend_annotated/layer_1/cache_write/call_34,630813,0,,cache_write,layer_1,Host-to-Device,Host-to-Device,4,1.513149,1.513885
serial_sparse,extend,IO,memcpy,33988211,33988947,33988211,33988947,7,0,341870085406720,echo/serial_sparse/extend_annotated/layer_1/cache_write/call_34,630836,0,,cache_write,layer_1,Host-to-Device,Host-to-Device,8,1.536669,1.537405
serial_sparse,extend,IO,memcpy,34017107,34017843,34017107,34017843,7,0,341870085406720,echo/serial_sparse/extend_annotated/layer_1/cache_write/call_34,630863,0,,cache_write,layer_1,Host-to-Device,Host-to-Device,8,1.565565,1.566301
serial_sparse,extend,IO,memcpy,34043827,34044563,34043827,34044563,7,0,341870085406720,echo/serial_sparse/extend_annotated/layer_1/cache_write/call_34,630890,0,,cache_write,layer_1,Host-to-Device,Host-to-Device,1,1.592285,1.593021
serial_sparse,extend,IO,memcpy,34079155,34081459,34079155,34081459,7,0,341870085406720,echo/serial_sparse/extend_annotated/layer_1/cache_write/call_34,630927,0,,cache_write,layer_1,Device-to-Host,Device-to-Host,4,1.627613,1.629917
serial_sparse,extend,IO,memcpy,34175667,34176435,34175667,34176435,7,0,341870085406720,echo/serial_sparse/extend_annotated/layer_1/cache_write/call_34,631029,0,,cache_write,layer_1,Host-to-Device,Host-to-Device,1,1.724125,1.724893
serial_sparse,extend,IO,memcpy,34203635,34204371,34203635,34204371,7,0,341870085406720,echo/serial_sparse/extend_annotated/layer_1/cache_write/call_34,631056,0,,cache_write,layer_1,Host-to-Device,Host-to-Device,8,1.752093,1.752829
serial_sparse,extend,IO,memcpy,34239091,34239923,34239091,34239923,7,0,341870085406720,echo/serial_sparse/extend_annotated/layer_1/cache_write/call_34,631082,0,,cache_write,layer_1,Host-to-Device,Host-to-Device,8,1.787549,1.788381
serial_sparse,extend,IO,memcpy,34336179,34342419,34336179,34342419,37,0,341870085406720,echo/serial_sparse/extend_annotated/layer_1/cache_write/call_34,631122,0,,cache_write,layer_1,Device-to-Host,Device-to-Host,147456,1.884637,1.890877
serial_sparse,extend,GPU control,memcpy,34560178,34561362,34560178,34561362,7,0,341870085406720,echo/serial_sparse/extend_annotated/layer_1/offload_exact_recall/call_35,631197,0,,offload_exact_recall,layer_1,Device-to-Device,Device-to-Device,525312,2.108636,2.10982
serial_sparse,extend,GPU control,memset,33757748,33758484,33757748,33758484,7,0,341870085406720,echo/serial_sparse/extend_annotated/layer_1/cache_write/call_34,630607,0,,cache_write,layer_1,memset,,32,1.306206,1.306942
serial_sparse,extend,GPU control,memset,33762964,33763860,33762964,33763860,7,0,341870085406720,echo/serial_sparse/extend_annotated/layer_1/cache_write/call_34,630609,0,,cache_write,layer_1,memset,,16384,1.311422,1.312318
serial_sparse,extend,GPU control,memset,33781395,33782355,33781395,33782355,7,0,341870085406720,echo/serial_sparse/extend_annotated/layer_1/cache_write/call_34,630627,0,,cache_write,layer_1,memset,,15360,1.329853,1.330813
serial_sparse,extend,GPU control,memset,33793715,33794675,33793715,33794675,7,0,341870085406720,echo/serial_sparse/extend_annotated/layer_1/cache_write/call_34,630634,0,,cache_write,layer_1,memset,,15360,1.342173,1.343133
serial_sparse,extend,GPU control,memset,33802259,33803219,33802259,33803219,7,0,341870085406720,echo/serial_sparse/extend_annotated/layer_1/cache_write/call_34,630641,0,,cache_write,layer_1,memset,,15360,1.350717,1.351677
serial_sparse,extend,GPU control,memset,33810803,33811763,33810803,33811763,7,0,341870085406720,echo/serial_sparse/extend_annotated/layer_1/cache_write/call_34,630648,0,,cache_write,layer_1,memset,,15360,1.359261,1.360221
serial_sparse,extend,GPU control,memset,33819187,33820147,33819187,33820147,7,0,341870085406720,echo/serial_sparse/extend_annotated/layer_1/cache_write/call_34,630655,0,,cache_write,layer_1,memset,,15360,1.367645,1.368605
serial_sparse,extend,GPU control,memset,33827699,33828659,33827699,33828659,7,0,341870085406720,echo/serial_sparse/extend_annotated/layer_1/cache_write/call_34,630662,0,,cache_write,layer_1,memset,,15360,1.376157,1.377117
serial_sparse,extend,GPU control,memset,33836307,33837267,33836307,33837267,7,0,341870085406720,echo/serial_sparse/extend_annotated/layer_1/cache_write/call_34,630669,0,,cache_write,layer_1,memset,,15360,1.384765,1.385725
serial_sparse,extend,GPU control,memset,33844627,33845587,33844627,33845587,7,0,341870085406720,echo/serial_sparse/extend_annotated/layer_1/cache_write/call_34,630676,0,,cache_write,layer_1,memset,,15360,1.393085,1.394045
serial_sparse,extend,GPU control,memset,34578642,34579378,34578642,34579378,7,0,341870085406720,echo/serial_sparse/extend_annotated/layer_1/offload_exact_recall/call_35,631217,0,,offload_exact_recall,layer_1,memset,,32,2.1271,2.127836
serial_sparse,extend,GPU control,memset,34583026,34583922,34583026,34583922,7,0,341870085406720,echo/serial_sparse/extend_annotated/layer_1/offload_exact_recall/call_35,631219,0,,offload_exact_recall,layer_1,memset,,16384,2.131484,2.13238
serial_sparse,extend,GPU control,memset,34606962,34607922,34606962,34607922,7,0,341870085406720,echo/serial_sparse/extend_annotated/layer_1/offload_exact_recall/call_35,631237,0,,offload_exact_recall,layer_1,memset,,15360,2.15542,2.15638
serial_sparse,extend,GPU control,memset,34618994,34619954,34618994,34619954,7,0,341870085406720,echo/serial_sparse/extend_annotated/layer_1/offload_exact_recall/call_35,631244,0,,offload_exact_recall,layer_1,memset,,15360,2.167452,2.168412
serial_sparse,extend,GPU control,memset,34628114,34629074,34628114,34629074,7,0,341870085406720,echo/serial_sparse/extend_annotated/layer_1/offload_exact_recall/call_35,631251,0,,offload_exact_recall,layer_1,memset,,15360,2.176572,2.177532
serial_sparse,extend,GPU control,memset,34637234,34638194,34637234,34638194,7,0,341870085406720,echo/serial_sparse/extend_annotated/layer_1/offload_exact_recall/call_35,631258,0,,offload_exact_recall,layer_1,memset,,15360,2.185692,2.186652
serial_sparse,extend,GPU control,memset,34646258,34647218,34646258,34647218,7,0,341870085406720,echo/serial_sparse/extend_annotated/layer_1/offload_exact_recall/call_35,631265,0,,offload_exact_recall,layer_1,memset,,15360,2.194716,2.195676
serial_sparse,extend,GPU control,memset,34655250,34656210,34655250,34656210,7,0,341870085406720,echo/serial_sparse/extend_annotated/layer_1/offload_exact_recall/call_35,631272,0,,offload_exact_recall,layer_1,memset,,15360,2.203708,2.204668
serial_sparse,extend,GPU control,memset,34664050,34665010,34664050,34665010,7,0,341870085406720,echo/serial_sparse/extend_annotated/layer_1/offload_exact_recall/call_35,631279,0,,offload_exact_recall,layer_1,memset,,15360,2.212508,2.213468
serial_sparse,extend,GPU control,memset,34673106,34674066,34673106,34674066,7,0,341870085406720,echo/serial_sparse/extend_annotated/layer_1/offload_exact_recall/call_35,631286,0,,offload_exact_recall,layer_1,memset,,15360,2.221564,2.222524
serial_sparse,extend,CPU CUDA API,api,32473961,32488540,32473961,32488540,,,,echo/serial_sparse/extend_annotated/layer_1/compute_graph_projection_inputs/call_26,629958,,,compute_graph_projection_inputs,layer_1,cudaMemcpyAsync_v3020,,,0.022419,0.036998
serial_sparse,extend,CPU CUDA API,api,32494272,32500765,32494272,32500765,,,,echo/serial_sparse/extend_annotated/layer_1/compute_graph_projection_inputs/call_26,629966,,,compute_graph_projection_inputs,layer_1,cudaMemcpyAsync_v3020,,,0.04273,0.049223
serial_sparse,extend,CPU CUDA API,api,32510424,32517305,32510424,32517305,,,,echo/serial_sparse/extend_annotated/layer_1/compute_graph_projection_inputs/call_26,629975,,,compute_graph_projection_inputs,layer_1,cudaLaunchKernel_v7000,,,0.058882,0.065763
serial_sparse,extend,CPU CUDA API,api,32540507,32643944,32540507,32643944,,,,echo/serial_sparse/extend_annotated/layer_1/compute_graph_projection_layer_1_q_128/call_27,629981,,,compute_graph_projection_layer_1_q_128,layer_1,cudaGraphLaunch_v10000,,,0.088965,0.192402
serial_sparse,extend,CPU CUDA API,api,32664681,32669552,32664681,32669552,,,,echo/serial_sparse/extend_annotated/layer_1/compute_graph_owned_writeback_source/call_28,629987,,,compute_graph_owned_writeback_source,layer_1,cudaEventQuery_v3020,,,0.213139,0.21801
serial_sparse,extend,CPU CUDA API,api,32676380,32684913,32676380,32684913,,,,echo/serial_sparse/extend_annotated/layer_1/compute_graph_owned_writeback_source/call_28,629993,,,compute_graph_owned_writeback_source,layer_1,cudaMemcpyAsync_v3020,,,0.224838,0.233371
serial_sparse,extend,CPU CUDA API,api,32725541,32732619,32725541,32732619,,,,echo/serial_sparse/extend_annotated/layer_1/index_cache_write/call_29,629999,,,index_cache_write,layer_1,cudaMemcpyAsync_v3020,,,0.273999,0.281077
serial_sparse,extend,CPU CUDA API,api,32740423,32745968,32740423,32745968,,,,echo/serial_sparse/extend_annotated/layer_1/index_cache_write/call_29,630007,,,index_cache_write,layer_1,cudaMemcpyAsync_v3020,,,0.288881,0.294426
serial_sparse,extend,CPU CUDA API,api,32751318,32751747,32751318,32751747,,,,echo/serial_sparse/extend_annotated/layer_1/index_cache_write/call_29,630016,,,index_cache_write,layer_1,cudaStreamIsCapturing_v10000,,,0.299776,0.300205
serial_sparse,extend,CPU CUDA API,api,32928846,32934497,32928846,32934497,,,,echo/serial_sparse/extend_annotated/layer_1/indexer_qk/call_32,630058,,,indexer_qk,layer_1,cudaLaunchKernel_v7000,,,0.477304,0.482955
serial_sparse,extend,CPU CUDA API,api,32962891,32969084,32962891,32969084,,,,echo/serial_sparse/extend_annotated/layer_1/indexer_qk/call_32,630078,,,indexer_qk,layer_1,cudaLaunchKernel_v7000,,,0.511349,0.517542
serial_sparse,extend,CPU CUDA API,api,32981126,32986788,32981126,32986788,,,,echo/serial_sparse/extend_annotated/layer_1/indexer_qk/call_32,630085,,,indexer_qk,layer_1,cudaLaunchKernel_v7000,,,0.529584,0.535246
serial_sparse,extend,CPU CUDA API,api,33040833,33046481,33040833,33046481,,,,echo/serial_sparse/extend_annotated/layer_1/exact_topk/call_33,630102,,,exact_topk,layer_1,cudaLaunchKernel_v7000,,,0.589291,0.594939
serial_sparse,extend,CPU CUDA API,api,33090418,33096228,33090418,33096228,,,,echo/serial_sparse/extend_annotated/layer_1/exact_topk/call_33,630127,,,exact_topk,layer_1,cudaLaunchKernel_v7000,,,0.638876,0.644686
serial_sparse,extend,CPU CUDA API,api,33096911,33101408,33096911,33101408,,,,echo/serial_sparse/extend_annotated/layer_1/exact_topk/call_33,630128,,,exact_topk,layer_1,cudaLaunchKernel_v7000,,,0.645369,0.649866
serial_sparse,extend,CPU CUDA API,api,33102194,33106513,33102194,33106513,,,,echo/serial_sparse/extend_annotated/layer_1/exact_topk/call_33,630129,,,exact_topk,layer_1,cudaLaunchKernel_v7000,,,0.650652,0.654971
serial_sparse,extend,CPU CUDA API,api,33189518,33190191,33189518,33190191,,,,echo/serial_sparse/extend_annotated/layer_1/cache_write/call_34,630139,,,cache_write,layer_1,cudaStreamIsCapturing_v10000,,,0.737976,0.738649
serial_sparse,extend,CPU CUDA API,api,33198466,33198803,33198466,33198803,,,,echo/serial_sparse/extend_annotated/layer_1/cache_write/call_34,630143,,,cache_write,layer_1,cudaStreamIsCapturing_v10000,,,0.746924,0.747261
serial_sparse,extend,CPU CUDA API,api,33201870,33202116,33201870,33202116,,,,echo/serial_sparse/extend_annotated/layer_1/cache_write/call_34,630147,,,cache_write,layer_1,cudaStreamIsCapturing_v10000,,,0.750328,0.750574
serial_sparse,extend,CPU CUDA API,api,33223225,33228198,33223225,33228198,,,,echo/serial_sparse/extend_annotated/layer_1/cache_write/call_34,630165,,,cache_write,layer_1,cudaLaunchKernel_v7000,,,0.771683,0.776656
serial_sparse,extend,CPU CUDA API,api,33248206,33253315,33248206,33253315,,,,echo/serial_sparse/extend_annotated/layer_1/cache_write/call_34,630179,,,cache_write,layer_1,cudaLaunchKernel_v7000,,,0.796664,0.801773
serial_sparse,extend,CPU CUDA API,api,33273935,33279420,33273935,33279420,,,,echo/serial_sparse/extend_annotated/layer_1/cache_write/call_34,630191,,,cache_write,layer_1,cudaLaunchKernel_v7000,,,0.822393,0.827878
serial_sparse,extend,CPU CUDA API,api,33293004,33298844,33293004,33298844,,,,echo/serial_sparse/extend_annotated/layer_1/cache_write/call_34,630207,,,cache_write,layer_1,cudaLaunchKernel_v7000,,,0.841462,0.847302
serial_sparse,extend,CPU CUDA API,api,33312406,33317240,33312406,33317240,,,,echo/serial_sparse/extend_annotated/layer_1/cache_write/call_34,630219,,,cache_write,layer_1,cudaLaunchKernel_v7000,,,0.860864,0.865698
serial_sparse,extend,CPU CUDA API,api,33327959,33333351,33327959,33333351,,,,echo/serial_sparse/extend_annotated/layer_1/cache_write/call_34,630230,,,cache_write,layer_1,cudaLaunchKernel_v7000,,,0.876417,0.881809
serial_sparse,extend,CPU CUDA API,api,33343243,33348021,33343243,33348021,,,,echo/serial_sparse/extend_annotated/layer_1/cache_write/call_34,630241,,,cache_write,layer_1,cudaLaunchKernel_v7000,,,0.891701,0.896479
serial_sparse,extend,CPU CUDA API,api,33366634,33372333,33366634,33372333,,,,echo/serial_sparse/extend_annotated/layer_1/cache_write/call_34,630256,,,cache_write,layer_1,cudaLaunchKernel_v7000,,,0.915092,0.920791
serial_sparse,extend,CPU CUDA API,api,33384438,33384819,33384438,33384819,,,,echo/serial_sparse/extend_annotated/layer_1/cache_write/call_34,630267,,,cache_write,layer_1,cudaStreamIsCapturing_v10000,,,0.932896,0.933277
serial_sparse,extend,CPU CUDA API,api,33385499,33394812,33385499,33394812,,,,echo/serial_sparse/extend_annotated/layer_1/cache_write/call_34,630269,,,cache_write,layer_1,cudaMemcpyAsync_v3020,,,0.933957,0.94327
serial_sparse,extend,CPU CUDA API,api,33395244,33401695,33395244,33401695,,,,echo/serial_sparse/extend_annotated/layer_1/cache_write/call_34,630270,,,cache_write,layer_1,cudaStreamSynchronize_v3020,,,0.943702,0.950153
serial_sparse,extend,CPU CUDA API,api,33414703,33418922,33414703,33418922,,,,echo/serial_sparse/extend_annotated/layer_1/cache_write/call_34,630283,,,cache_write,layer_1,cudaLaunchKernel_v7000,,,0.963161,0.96738
serial_sparse,extend,CPU CUDA API,api,33428440,33432046,33428440,33432046,,,,echo/serial_sparse/extend_annotated/layer_1/cache_write/call_34,630299,,,cache_write,layer_1,cudaLaunchKernel_v7000,,,0.976898,0.980504
serial_sparse,extend,CPU CUDA API,api,33442765,33447110,33442765,33447110,,,,echo/serial_sparse/extend_annotated/layer_1/cache_write/call_34,630311,,,cache_write,layer_1,cudaLaunchKernel_v7000,,,0.991223,0.995568
serial_sparse,extend,CPU CUDA API,api,33460215,33464952,33460215,33464952,,,,echo/serial_sparse/extend_annotated/layer_1/cache_write/call_34,630334,,,cache_write,layer_1,cudaLaunchKernel_v7000,,,1.008673,1.01341
serial_sparse,extend,CPU CUDA API,api,33469685,33477252,33469685,33477252,,,,echo/serial_sparse/extend_annotated/layer_1/cache_write/call_34,630340,,,cache_write,layer_1,cudaMemcpyAsync_v3020,,,1.018143,1.02571
serial_sparse,extend,CPU CUDA API,api,33477506,33485172,33477506,33485172,,,,echo/serial_sparse/extend_annotated/layer_1/cache_write/call_34,630341,,,cache_write,layer_1,cudaStreamSynchronize_v3020,,,1.025964,1.03363
serial_sparse,extend,CPU CUDA API,api,33492006,33495964,33492006,33495964,,,,echo/serial_sparse/extend_annotated/layer_1/cache_write/call_34,630362,,,cache_write,layer_1,cudaLaunchKernel_v7000,,,1.040464,1.044422
serial_sparse,extend,CPU CUDA API,api,33497540,33502013,33497540,33502013,,,,echo/serial_sparse/extend_annotated/layer_1/cache_write/call_34,630368,,,cache_write,layer_1,cudaLaunchKernel_v7000,,,1.045998,1.050471
serial_sparse,extend,CPU CUDA API,api,33533800,33534162,33533800,33534162,,,,echo/serial_sparse/extend_annotated/layer_1/cache_write/call_34,630398,,,cache_write,layer_1,cudaStreamIsCapturing_v10000,,,1.082258,1.08262
serial_sparse,extend,CPU CUDA API,api,33534698,33539655,33534698,33539655,,,,echo/serial_sparse/extend_annotated/layer_1/cache_write/call_34,630400,,,cache_write,layer_1,cudaMemcpyAsync_v3020,,,1.083156,1.088113
serial_sparse,extend,CPU CUDA API,api,33539878,33545403,33539878,33545403,,,,echo/serial_sparse/extend_annotated/layer_1/cache_write/call_34,630401,,,cache_write,layer_1,cudaStreamSynchronize_v3020,,,1.088336,1.093861
serial_sparse,extend,CPU CUDA API,api,33560563,33565180,33560563,33565180,,,,echo/serial_sparse/extend_annotated/layer_1/cache_write/call_34,630416,,,cache_write,layer_1,cudaLaunchKernel_v7000,,,1.109021,1.113638
serial_sparse,extend,CPU CUDA API,api,33582789,33587513,33582789,33587513,,,,echo/serial_sparse/extend_annotated/layer_1/cache_write/call_34,630454,,,cache_write,layer_1,cudaLaunchKernel_v7000,,,1.131247,1.135971
serial_sparse,extend,CPU CUDA API,api,33589297,33593335,33589297,33593335,,,,echo/serial_sparse/extend_annotated/layer_1/cache_write/call_34,630460,,,cache_write,layer_1,cudaLaunchKernel_v7000,,,1.137755,1.141793
serial_sparse,extend,CPU CUDA API,api,33595925,33600278,33595925,33600278,,,,echo/serial_sparse/extend_annotated/layer_1/cache_write/call_34,630466,,,cache_write,layer_1,cudaMemcpyAsync_v3020,,,1.144383,1.148736
serial_sparse,extend,CPU CUDA API,api,33600495,33607535,33600495,33607535,,,,echo/serial_sparse/extend_annotated/layer_1/cache_write/call_34,630467,,,cache_write,layer_1,cudaStreamSynchronize_v3020,,,1.148953,1.155993
serial_sparse,extend,CPU CUDA API,api,33615244,33618959,33615244,33618959,,,,echo/serial_sparse/extend_annotated/layer_1/cache_write/call_34,630492,,,cache_write,layer_1,cudaLaunchKernel_v7000,,,1.163702,1.167417
serial_sparse,extend,CPU CUDA API,api,33620149,33624146,33620149,33624146,,,,echo/serial_sparse/extend_annotated/layer_1/cache_write/call_34,630498,,,cache_write,layer_1,cudaLaunchKernel_v7000,,,1.168607,1.172604
serial_sparse,extend,CPU CUDA API,api,33641621,33646178,33641621,33646178,,,,echo/serial_sparse/extend_annotated/layer_1/cache_write/call_34,630514,,,cache_write,layer_1,cudaLaunchKernel_v7000,,,1.190079,1.194636
serial_sparse,extend,CPU CUDA API,api,33656581,33660301,33656581,33660301,,,,echo/serial_sparse/extend_annotated/layer_1/cache_write/call_34,630527,,,cache_write,layer_1,cudaLaunchKernel_v7000,,,1.205039,1.208759
serial_sparse,extend,CPU CUDA API,api,33669321,33672906,33669321,33672906,,,,echo/serial_sparse/extend_annotated/layer_1/cache_write/call_34,630539,,,cache_write,layer_1,cudaLaunchKernel_v7000,,,1.217779,1.221364
serial_sparse,extend,CPU CUDA API,api,33684588,33688125,33684588,33688125,,,,echo/serial_sparse/extend_annotated/layer_1/cache_write/call_34,630555,,,cache_write,layer_1,cudaLaunchKernel_v7000,,,1.233046,1.236583
serial_sparse,extend,CPU CUDA API,api,33708473,33714896,33708473,33714896,,,,echo/serial_sparse/extend_annotated/layer_1/cache_write/call_34,630573,,,cache_write,layer_1,cudaLaunchKernel_v7000,,,1.256931,1.263354
serial_sparse,extend,CPU CUDA API,api,33728552,33735835,33728552,33735835,,,,echo/serial_sparse/extend_annotated/layer_1/cache_write/call_34,630587,,,cache_write,layer_1,cudaMemcpyAsync_v3020,,,1.27701,1.284293
serial_sparse,extend,CPU CUDA API,api,33740464,33744836,33740464,33744836,,,,echo/serial_sparse/extend_annotated/layer_1/cache_write/call_34,630594,,,cache_write,layer_1,cudaLaunchKernel_v7000,,,1.288922,1.293294
serial_sparse,extend,CPU CUDA API,api,33749997,33755819,33749997,33755819,,,,echo/serial_sparse/extend_annotated/layer_1/cache_write/call_34,630607,,,cache_write,layer_1,cudaMemsetAsync_v3020,,,1.298455,1.304277
serial_sparse,extend,CPU CUDA API,api,33756171,33760907,33756171,33760907,,,,echo/serial_sparse/extend_annotated/layer_1/cache_write/call_34,630609,,,cache_write,layer_1,cudaMemsetAsync_v3020,,,1.304629,1.309365
serial_sparse,extend,CPU CUDA API,api,33765152,33769433,33765152,33769433,,,,echo/serial_sparse/extend_annotated/layer_1/cache_write/call_34,630618,,,cache_write,layer_1,cudaLaunchKernel_v7000,,,1.31361,1.317891
serial_sparse,extend,CPU CUDA API,api,33770727,33775072,33770727,33775072,,,,echo/serial_sparse/extend_annotated/layer_1/cache_write/call_34,630623,,,cache_write,layer_1,cudaLaunchKernel_v7000,,,1.319185,1.32353
serial_sparse,extend,CPU CUDA API,api,33775811,33779068,33775811,33779068,,,,echo/serial_sparse/extend_annotated/layer_1/cache_write/call_34,630627,,,cache_write,layer_1,cudaMemsetAsync_v3020,,,1.324269,1.327526
serial_sparse,extend,CPU CUDA API,api,33780447,33784889,33780447,33784889,,,,echo/serial_sparse/extend_annotated/layer_1/cache_write/call_34,630630,,,cache_write,layer_1,cudaLaunchKernel_v7000,,,1.328905,1.333347
serial_sparse,extend,CPU CUDA API,api,33785665,33789398,33785665,33789398,,,,echo/serial_sparse/extend_annotated/layer_1/cache_write/call_34,630634,,,cache_write,layer_1,cudaMemsetAsync_v3020,,,1.334123,1.337856
serial_sparse,extend,CPU CUDA API,api,33790073,33793673,33790073,33793673,,,,echo/serial_sparse/extend_annotated/layer_1/cache_write/call_34,630637,,,cache_write,layer_1,cudaLaunchKernel_v7000,,,1.338531,1.342131
serial_sparse,extend,CPU CUDA API,api,33794373,33797676,33794373,33797676,,,,echo/serial_sparse/extend_annotated/layer_1/cache_write/call_34,630641,,,cache_write,layer_1,cudaMemsetAsync_v3020,,,1.342831,1.346134
serial_sparse,extend,CPU CUDA API,api,33798358,33802102,33798358,33802102,,,,echo/serial_sparse/extend_annotated/layer_1/cache_write/call_34,630644,,,cache_write,layer_1,cudaLaunchKernel_v7000,,,1.346816,1.35056
serial_sparse,extend,CPU CUDA API,api,33802773,33805710,33802773,33805710,,,,echo/serial_sparse/extend_annotated/layer_1/cache_write/call_34,630648,,,cache_write,layer_1,cudaMemsetAsync_v3020,,,1.351231,1.354168
serial_sparse,extend,CPU CUDA API,api,33806305,33809582,33806305,33809582,,,,echo/serial_sparse/extend_annotated/layer_1/cache_write/call_34,630651,,,cache_write,layer_1,cudaLaunchKernel_v7000,,,1.354763,1.35804
serial_sparse,extend,CPU CUDA API,api,33810247,33813022,33810247,33813022,,,,echo/serial_sparse/extend_annotated/layer_1/cache_write/call_34,630655,,,cache_write,layer_1,cudaMemsetAsync_v3020,,,1.358705,1.36148
serial_sparse,extend,CPU CUDA API,api,33813622,33816774,33813622,33816774,,,,echo/serial_sparse/extend_annotated/layer_1/cache_write/call_34,630658,,,cache_write,layer_1,cudaLaunchKernel_v7000,,,1.36208,1.365232
serial_sparse,extend,CPU CUDA API,api,33817532,33820949,33817532,33820949,,,,echo/serial_sparse/extend_annotated/layer_1/cache_write/call_34,630662,,,cache_write,layer_1,cudaMemsetAsync_v3020,,,1.36599,1.369407
serial_sparse,extend,CPU CUDA API,api,33821533,33824924,33821533,33824924,,,,echo/serial_sparse/extend_annotated/layer_1/cache_write/call_34,630665,,,cache_write,layer_1,cudaLaunchKernel_v7000,,,1.369991,1.373382
serial_sparse,extend,CPU CUDA API,api,33825602,33828264,33825602,33828264,,,,echo/serial_sparse/extend_annotated/layer_1/cache_write/call_34,630669,,,cache_write,layer_1,cudaMemsetAsync_v3020,,,1.37406,1.376722
serial_sparse,extend,CPU CUDA API,api,33828859,33832058,33828859,33832058,,,,echo/serial_sparse/extend_annotated/layer_1/cache_write/call_34,630672,,,cache_write,layer_1,cudaLaunchKernel_v7000,,,1.377317,1.380516
serial_sparse,extend,CPU CUDA API,api,33832732,33835365,33832732,33835365,,,,echo/serial_sparse/extend_annotated/layer_1/cache_write/call_34,630676,,,cache_write,layer_1,cudaMemsetAsync_v3020,,,1.38119,1.383823
serial_sparse,extend,CPU CUDA API,api,33835953,33839178,33835953,33839178,,,,echo/serial_sparse/extend_annotated/layer_1/cache_write/call_34,630679,,,cache_write,layer_1,cudaLaunchKernel_v7000,,,1.384411,1.387636
serial_sparse,extend,CPU CUDA API,api,33854417,33858222,33854417,33858222,,,,echo/serial_sparse/extend_annotated/layer_1/cache_write/call_34,630697,,,cache_write,layer_1,cudaLaunchKernel_v7000,,,1.402875,1.40668
serial_sparse,extend,CPU CUDA API,api,33870908,33875144,33870908,33875144,,,,echo/serial_sparse/extend_annotated/layer_1/cache_write/call_34,630711,,,cache_write,layer_1,cudaLaunchKernel_v7000,,,1.419366,1.423602
serial_sparse,extend,CPU CUDA API,api,33883704,33888788,33883704,33888788,,,,echo/serial_sparse/extend_annotated/layer_1/cache_write/call_34,630724,,,cache_write,layer_1,cudaLaunchKernel_v7000,,,1.432162,1.437246
serial_sparse,extend,CPU CUDA API,api,33901090,33905169,33901090,33905169,,,,echo/serial_sparse/extend_annotated/layer_1/cache_write/call_34,630747,,,cache_write,layer_1,cudaLaunchKernel_v7000,,,1.449548,1.453627
serial_sparse,extend,CPU CUDA API,api,33907995,33912660,33907995,33912660,,,,echo/serial_sparse/extend_annotated/layer_1/cache_write/call_34,630753,,,cache_write,layer_1,cudaMemcpyAsync_v3020,,,1.456453,1.461118
serial_sparse,extend,CPU CUDA API,api,33912866,33920554,33912866,33920554,,,,echo/serial_sparse/extend_annotated/layer_1/cache_write/call_34,630754,,,cache_write,layer_1,cudaStreamSynchronize_v3020,,,1.461324,1.469012
serial_sparse,extend,CPU CUDA API,api,33926596,33930031,33926596,33930031,,,,echo/serial_sparse/extend_annotated/layer_1/cache_write/call_34,630775,,,cache_write,layer_1,cudaLaunchKernel_v7000,,,1.475054,1.478489
serial_sparse,extend,CPU CUDA API,api,33931251,33935016,33931251,33935016,,,,echo/serial_sparse/extend_annotated/layer_1/cache_write/call_34,630781,,,cache_write,layer_1,cudaLaunchKernel_v7000,,,1.479709,1.483474
serial_sparse,extend,CPU CUDA API,api,33957754,33958179,33957754,33958179,,,,echo/serial_sparse/extend_annotated/layer_1/cache_write/call_34,630811,,,cache_write,layer_1,cudaStreamIsCapturing_v10000,,,1.506212,1.506637
serial_sparse,extend,CPU CUDA API,api,33958735,33962908,33958735,33962908,,,,echo/serial_sparse/extend_annotated/layer_1/cache_write/call_34,630813,,,cache_write,layer_1,cudaMemcpyAsync_v3020,,,1.507193,1.511366
serial_sparse,extend,CPU CUDA API,api,33963125,33968851,33963125,33968851,,,,echo/serial_sparse/extend_annotated/layer_1/cache_write/call_34,630814,,,cache_write,layer_1,cudaStreamSynchronize_v3020,,,1.511583,1.517309
serial_sparse,extend,CPU CUDA API,api,33982723,33982991,33982723,33982991,,,,echo/serial_sparse/extend_annotated/layer_1/cache_write/call_34,630834,,,cache_write,layer_1,cudaStreamIsCapturing_v10000,,,1.531181,1.531449
serial_sparse,extend,CPU CUDA API,api,33983463,33986451,33983463,33986451,,,,echo/serial_sparse/extend_annotated/layer_1/cache_write/call_34,630836,,,cache_write,layer_1,cudaMemcpyAsync_v3020,,,1.531921,1.534909
serial_sparse,extend,CPU CUDA API,api,33986626,33992223,33986626,33992223,,,,echo/serial_sparse/extend_annotated/layer_1/cache_write/call_34,630837,,,cache_write,layer_1,cudaStreamSynchronize_v3020,,,1.535084,1.540681
serial_sparse,extend,CPU CUDA API,api,33996665,34001751,33996665,34001751,,,,echo/serial_sparse/extend_annotated/layer_1/cache_write/call_34,630842,,,cache_write,layer_1,cudaLaunchKernel_v7000,,,1.545123,1.550209
serial_sparse,extend,CPU CUDA API,api,34011552,34011838,34011552,34011838,,,,echo/serial_sparse/extend_annotated/layer_1/cache_write/call_34,630861,,,cache_write,layer_1,cudaStreamIsCapturing_v10000,,,1.56001,1.560296
serial_sparse,extend,CPU CUDA API,api,34012389,34015384,34012389,34015384,,,,echo/serial_sparse/extend_annotated/layer_1/cache_write/call_34,630863,,,cache_write,layer_1,cudaMemcpyAsync_v3020,,,1.560847,1.563842
serial_sparse,extend,CPU CUDA API,api,34015590,34021061,34015590,34021061,,,,echo/serial_sparse/extend_annotated/layer_1/cache_write/call_34,630864,,,cache_write,layer_1,cudaStreamSynchronize_v3020,,,1.564048,1.569519
serial_sparse,extend,CPU CUDA API,api,34024844,34028674,34024844,34028674,,,,echo/serial_sparse/extend_annotated/layer_1/cache_write/call_34,630869,,,cache_write,layer_1,cudaLaunchKernel_v7000,,,1.573302,1.577132
serial_sparse,extend,CPU CUDA API,api,34038584,34038874,34038584,34038874,,,,echo/serial_sparse/extend_annotated/layer_1/cache_write/call_34,630888,,,cache_write,layer_1,cudaStreamIsCapturing_v10000,,,1.587042,1.587332
serial_sparse,extend,CPU CUDA API,api,34039341,34042004,34039341,34042004,,,,echo/serial_sparse/extend_annotated/layer_1/cache_write/call_34,630890,,,cache_write,layer_1,cudaMemcpyAsync_v3020,,,1.587799,1.590462
serial_sparse,extend,CPU CUDA API,api,34042179,34047703,34042179,34047703,,,,echo/serial_sparse/extend_annotated/layer_1/cache_write/call_34,630891,,,cache_write,layer_1,cudaStreamSynchronize_v3020,,,1.590637,1.596161
serial_sparse,extend,CPU CUDA API,api,34051641,34055952,34051641,34055952,,,,echo/serial_sparse/extend_annotated/layer_1/cache_write/call_34,630896,,,cache_write,layer_1,cudaLaunchKernel_v7000,,,1.600099,1.60441
serial_sparse,extend,CPU CUDA API,api,34066133,34070875,34066133,34070875,,,,echo/serial_sparse/extend_annotated/layer_1/cache_write/call_34,630921,,,cache_write,layer_1,cudaLaunchKernel_v7000,,,1.614591,1.619333
serial_sparse,extend,CPU CUDA API,api,34073159,34077607,34073159,34077607,,,,echo/serial_sparse/extend_annotated/layer_1/cache_write/call_34,630927,,,cache_write,layer_1,cudaMemcpyAsync_v3020,,,1.621617,1.626065
serial_sparse,extend,CPU CUDA API,api,34077796,34084719,34077796,34084719,,,,echo/serial_sparse/extend_annotated/layer_1/cache_write/call_34,630928,,,cache_write,layer_1,cudaStreamSynchronize_v3020,,,1.626254,1.633177
serial_sparse,extend,CPU CUDA API,api,34090253,34093612,34090253,34093612,,,,echo/serial_sparse/extend_annotated/layer_1/cache_write/call_34,630949,,,cache_write,layer_1,cudaLaunchKernel_v7000,,,1.638711,1.64207
serial_sparse,extend,CPU CUDA API,api,34094760,34098434,34094760,34098434,,,,echo/serial_sparse/extend_annotated/layer_1/cache_write/call_34,630955,,,cache_write,layer_1,cudaLaunchKernel_v7000,,,1.643218,1.646892
serial_sparse,extend,CPU CUDA API,api,34121619,34126127,34121619,34126127,,,,echo/serial_sparse/extend_annotated/layer_1/cache_write/call_34,630975,,,cache_write,layer_1,cudaLaunchKernel_v7000,,,1.670077,1.674585
serial_sparse,extend,CPU CUDA API,api,34135147,34139407,34135147,34139407,,,,echo/serial_sparse/extend_annotated/layer_1/cache_write/call_34,630989,,,cache_write,layer_1,cudaLaunchKernel_v7000,,,1.683605,1.687865
serial_sparse,extend,CPU CUDA API,api,34146706,34150751,34146706,34150751,,,,echo/serial_sparse/extend_annotated/layer_1/cache_write/call_34,630998,,,cache_write,layer_1,cudaLaunchKernel_v7000,,,1.695164,1.699209
serial_sparse,extend,CPU CUDA API,api,34156902,34160467,34156902,34160467,,,,echo/serial_sparse/extend_annotated/layer_1/cache_write/call_34,631008,,,cache_write,layer_1,cudaLaunchKernel_v7000,,,1.70536,1.708925
serial_sparse,extend,CPU CUDA API,api,34169748,34170058,34169748,34170058,,,,echo/serial_sparse/extend_annotated/layer_1/cache_write/call_34,631027,,,cache_write,layer_1,cudaStreamIsCapturing_v10000,,,1.718206,1.718516
serial_sparse,extend,CPU CUDA API,api,34170527,34173782,34170527,34173782,,,,echo/serial_sparse/extend_annotated/layer_1/cache_write/call_34,631029,,,cache_write,layer_1,cudaMemcpyAsync_v3020,,,1.718985,1.72224
serial_sparse,extend,CPU CUDA API,api,34173961,34179624,34173961,34179624,,,,echo/serial_sparse/extend_annotated/layer_1/cache_write/call_34,631030,,,cache_write,layer_1,cudaStreamSynchronize_v3020,,,1.722419,1.728082
serial_sparse,extend,CPU CUDA API,api,34183297,34187048,34183297,34187048,,,,echo/serial_sparse/extend_annotated/layer_1/cache_write/call_34,631035,,,cache_write,layer_1,cudaLaunchKernel_v7000,,,1.731755,1.735506
serial_sparse,extend,CPU CUDA API,api,34198235,34198532,34198235,34198532,,,,echo/serial_sparse/extend_annotated/layer_1/cache_write/call_34,631054,,,cache_write,layer_1,cudaStreamIsCapturing_v10000,,,1.746693,1.74699
serial_sparse,extend,CPU CUDA API,api,34199001,34201633,34199001,34201633,,,,echo/serial_sparse/extend_annotated/layer_1/cache_write/call_34,631056,,,cache_write,layer_1,cudaMemcpyAsync_v3020,,,1.747459,1.750091
serial_sparse,extend,CPU CUDA API,api,34201803,34207550,34201803,34207550,,,,echo/serial_sparse/extend_annotated/layer_1/cache_write/call_34,631057,,,cache_write,layer_1,cudaStreamSynchronize_v3020,,,1.750261,1.756008
serial_sparse,extend,CPU CUDA API,api,34211188,34215558,34211188,34215558,,,,echo/serial_sparse/extend_annotated/layer_1/cache_write/call_34,631062,,,cache_write,layer_1,cudaLaunchKernel_v7000,,,1.759646,1.764016
serial_sparse,extend,CPU CUDA API,api,34222210,34225590,34222210,34225590,,,,echo/serial_sparse/extend_annotated/layer_1/cache_write/call_34,631071,,,cache_write,layer_1,cudaLaunchKernel_v7000,,,1.770668,1.774048
serial_sparse,extend,CPU CUDA API,api,34233439,34233736,34233439,34233736,,,,echo/serial_sparse/extend_annotated/layer_1/cache_write/call_34,631080,,,cache_write,layer_1,cudaStreamIsCapturing_v10000,,,1.781897,1.782194
serial_sparse,extend,CPU CUDA API,api,34234205,34237231,34234205,34237231,,,,echo/serial_sparse/extend_annotated/layer_1/cache_write/call_34,631082,,,cache_write,layer_1,cudaMemcpyAsync_v3020,,,1.782663,1.785689
serial_sparse,extend,CPU CUDA API,api,34237411,34243122,34237411,34243122,,,,echo/serial_sparse/extend_annotated/layer_1/cache_write/call_34,631083,,,cache_write,layer_1,cudaStreamSynchronize_v3020,,,1.785869,1.79158
serial_sparse,extend,CPU CUDA API,api,34267601,34269573,34267601,34269573,,,,echo/serial_sparse/extend_annotated/layer_1/cache_write/call_34,631090,,,cache_write,layer_1,cudaEventCreateWithFlags_v3020,,,1.816059,1.818031
serial_sparse,extend,CPU CUDA API,api,34271148,34271476,34271148,34271476,,,,echo/serial_sparse/extend_annotated/layer_1/cache_write/call_34,631095,,,cache_write,layer_1,cudaStreamIsCapturing_v10000,,,1.819606,1.819934
serial_sparse,extend,CPU CUDA API,api,34271829,34274762,34271829,34274762,,,,echo/serial_sparse/extend_annotated/layer_1/cache_write/call_34,631096,,,cache_write,layer_1,cudaEventRecordWithFlags_v11010,,,1.820287,1.82322
serial_sparse,extend,CPU CUDA API,api,34277484,34277733,34277484,34277733,,,,echo/serial_sparse/extend_annotated/layer_1/cache_write/call_34,631101,,,cache_write,layer_1,cudaStreamIsCapturing_v10000,,,1.825942,1.826191
serial_sparse,extend,CPU CUDA API,api,34278321,34280818,34278321,34280818,,,,echo/serial_sparse/extend_annotated/layer_1/cache_write/call_34,631102,,,cache_write,layer_1,cudaStreamWaitEvent_v3020,,,1.826779,1.829276
serial_sparse,extend,CPU CUDA API,api,34282364,34283204,34282364,34283204,,,,echo/serial_sparse/extend_annotated/layer_1/cache_write/call_34,631106,,,cache_write,layer_1,cudaEventDestroy_v3020,,,1.830822,1.831662
serial_sparse,extend,CPU CUDA API,api,34327185,34327585,34327185,34327585,,,,echo/serial_sparse/extend_annotated/layer_1/cache_write/call_34,631120,,,cache_write,layer_1,cudaStreamIsCapturing_v10000,,,1.875643,1.876043
serial_sparse,extend,CPU CUDA API,api,34328163,34334211,34328163,34334211,,,,echo/serial_sparse/extend_annotated/layer_1/cache_write/call_34,631122,,,cache_write,layer_1,cudaMemcpyAsync_v3020,,,1.876621,1.882669
serial_sparse,extend,CPU CUDA API,api,34341165,34341863,34341165,34341863,,,,echo/serial_sparse/extend_annotated/layer_1/cache_write/call_34,631126,,,cache_write,layer_1,cudaEventCreateWithFlags_v3020,,,1.889623,1.890321
serial_sparse,extend,CPU CUDA API,api,34343188,34343427,34343188,34343427,,,,echo/serial_sparse/extend_annotated/layer_1/cache_write/call_34,631131,,,cache_write,layer_1,cudaStreamIsCapturing_v10000,,,1.891646,1.891885
serial_sparse,extend,CPU CUDA API,api,34343673,34345119,34343673,34345119,,,,echo/serial_sparse/extend_annotated/layer_1/cache_write/call_34,631132,,,cache_write,layer_1,cudaEventRecordWithFlags_v11010,,,1.892131,1.893577
serial_sparse,extend,CPU CUDA API,api,34405385,34405753,34405385,34405753,,,,echo/serial_sparse/extend_annotated/layer_1/offload_exact_recall/call_35,631142,,,offload_exact_recall,layer_1,cudaStreamIsCapturing_v10000,,,1.953843,1.954211
serial_sparse,extend,CPU CUDA API,api,34409850,34410154,34409850,34410154,,,,echo/serial_sparse/extend_annotated/layer_1/offload_exact_recall/call_35,631146,,,offload_exact_recall,layer_1,cudaStreamIsCapturing_v10000,,,1.958308,1.958612
serial_sparse,extend,CPU CUDA API,api,34413351,34413614,34413351,34413614,,,,echo/serial_sparse/extend_annotated/layer_1/offload_exact_recall/call_35,631150,,,offload_exact_recall,layer_1,cudaStreamIsCapturing_v10000,,,1.961809,1.962072
serial_sparse,extend,CPU CUDA API,api,34494385,34502116,34494385,34502116,,,,echo/serial_sparse/extend_annotated/layer_1/offload_exact_recall/call_35,631166,,,offload_exact_recall,layer_1,cudaLaunchKernel_v7000,,,2.042843,2.050574
serial_sparse,extend,CPU CUDA API,api,34503141,34507797,34503141,34507797,,,,echo/serial_sparse/extend_annotated/layer_1/offload_exact_recall/call_35,631169,,,offload_exact_recall,layer_1,cudaLaunchKernel_v7000,,,2.051599,2.056255
serial_sparse,extend,CPU CUDA API,api,34508621,34512814,34508621,34512814,,,,echo/serial_sparse/extend_annotated/layer_1/offload_exact_recall/call_35,631172,,,offload_exact_recall,layer_1,cudaLaunchKernel_v7000,,,2.057079,2.061272
serial_sparse,extend,CPU CUDA API,api,34524525,34528231,34524525,34528231,,,,echo/serial_sparse/extend_annotated/layer_1/offload_exact_recall/call_35,631178,,,offload_exact_recall,layer_1,cudaEventQuery_v3020,,,2.072983,2.076689
serial_sparse,extend,CPU CUDA API,api,34529874,34530579,34529874,34530579,,,,echo/serial_sparse/extend_annotated/layer_1/offload_exact_recall/call_35,631180,,,offload_exact_recall,layer_1,cudaEventDestroy_v3020,,,2.078332,2.079037
serial_sparse,extend,CPU CUDA API,api,34550395,34558772,34550395,34558772,,,,echo/serial_sparse/extend_annotated/layer_1/offload_exact_recall/call_35,631197,,,offload_exact_recall,layer_1,cudaMemcpyAsync_v3020,,,2.098853,2.10723
serial_sparse,extend,CPU CUDA API,api,34563374,34567547,34563374,34567547,,,,echo/serial_sparse/extend_annotated/layer_1/offload_exact_recall/call_35,631204,,,offload_exact_recall,layer_1,cudaLaunchKernel_v7000,,,2.111832,2.116005
serial_sparse,extend,CPU CUDA API,api,34572466,34576701,34572466,34576701,,,,echo/serial_sparse/extend_annotated/layer_1/offload_exact_recall/call_35,631217,,,offload_exact_recall,layer_1,cudaMemsetAsync_v3020,,,2.120924,2.125159
serial_sparse,extend,CPU CUDA API,api,34577031,34581487,34577031,34581487,,,,echo/serial_sparse/extend_annotated/layer_1/offload_exact_recall/call_35,631219,,,offload_exact_recall,layer_1,cudaMemsetAsync_v3020,,,2.125489,2.129945
serial_sparse,extend,CPU CUDA API,api,34586815,34593148,34586815,34593148,,,,echo/serial_sparse/extend_annotated/layer_1/offload_exact_recall/call_35,631228,,,offload_exact_recall,layer_1,cudaLaunchKernel_v7000,,,2.135273,2.141606
serial_sparse,extend,CPU CUDA API,api,34595099,34600237,34595099,34600237,,,,echo/serial_sparse/extend_annotated/layer_1/offload_exact_recall/call_35,631233,,,offload_exact_recall,layer_1,cudaLaunchKernel_v7000,,,2.143557,2.148695
serial_sparse,extend,CPU CUDA API,api,34601087,34604531,34601087,34604531,,,,echo/serial_sparse/extend_annotated/layer_1/offload_exact_recall/call_35,631237,,,offload_exact_recall,layer_1,cudaMemsetAsync_v3020,,,2.149545,2.152989
serial_sparse,extend,CPU CUDA API,api,34605445,34609722,34605445,34609722,,,,echo/serial_sparse/extend_annotated/layer_1/offload_exact_recall/call_35,631240,,,offload_exact_recall,layer_1,cudaLaunchKernel_v7000,,,2.153903,2.15818
serial_sparse,extend,CPU CUDA API,api,34610460,34613416,34610460,34613416,,,,echo/serial_sparse/extend_annotated/layer_1/offload_exact_recall/call_35,631244,,,offload_exact_recall,layer_1,cudaMemsetAsync_v3020,,,2.158918,2.161874
serial_sparse,extend,CPU CUDA API,api,34614038,34617638,34614038,34617638,,,,echo/serial_sparse/extend_annotated/layer_1/offload_exact_recall/call_35,631247,,,offload_exact_recall,layer_1,cudaLaunchKernel_v7000,,,2.162496,2.166096
serial_sparse,extend,CPU CUDA API,api,34618301,34621196,34618301,34621196,,,,echo/serial_sparse/extend_annotated/layer_1/offload_exact_recall/call_35,631251,,,offload_exact_recall,layer_1,cudaMemsetAsync_v3020,,,2.166759,2.169654
serial_sparse,extend,CPU CUDA API,api,34621795,34625237,34621795,34625237,,,,echo/serial_sparse/extend_annotated/layer_1/offload_exact_recall/call_35,631254,,,offload_exact_recall,layer_1,cudaLaunchKernel_v7000,,,2.170253,2.173695
serial_sparse,extend,CPU CUDA API,api,34625923,34629635,34625923,34629635,,,,echo/serial_sparse/extend_annotated/layer_1/offload_exact_recall/call_35,631258,,,offload_exact_recall,layer_1,cudaMemsetAsync_v3020,,,2.174381,2.178093
serial_sparse,extend,CPU CUDA API,api,34630296,34633597,34630296,34633597,,,,echo/serial_sparse/extend_annotated/layer_1/offload_exact_recall/call_35,631261,,,offload_exact_recall,layer_1,cudaLaunchKernel_v7000,,,2.178754,2.182055
serial_sparse,extend,CPU CUDA API,api,34634263,34637053,34634263,34637053,,,,echo/serial_sparse/extend_annotated/layer_1/offload_exact_recall/call_35,631265,,,offload_exact_recall,layer_1,cudaMemsetAsync_v3020,,,2.182721,2.185511
serial_sparse,extend,CPU CUDA API,api,34637642,34641113,34637642,34641113,,,,echo/serial_sparse/extend_annotated/layer_1/offload_exact_recall/call_35,631268,,,offload_exact_recall,layer_1,cudaLaunchKernel_v7000,,,2.1861,2.189571
serial_sparse,extend,CPU CUDA API,api,34641797,34644719,34641797,34644719,,,,echo/serial_sparse/extend_annotated/layer_1/offload_exact_recall/call_35,631272,,,offload_exact_recall,layer_1,cudaMemsetAsync_v3020,,,2.190255,2.193177
serial_sparse,extend,CPU CUDA API,api,34645440,34648714,34645440,34648714,,,,echo/serial_sparse/extend_annotated/layer_1/offload_exact_recall/call_35,631275,,,offload_exact_recall,layer_1,cudaLaunchKernel_v7000,,,2.193898,2.197172
serial_sparse,extend,CPU CUDA API,api,34649382,34652145,34649382,34652145,,,,echo/serial_sparse/extend_annotated/layer_1/offload_exact_recall/call_35,631279,,,offload_exact_recall,layer_1,cudaMemsetAsync_v3020,,,2.19784,2.200603
serial_sparse,extend,CPU CUDA API,api,34652745,34656095,34652745,34656095,,,,echo/serial_sparse/extend_annotated/layer_1/offload_exact_recall/call_35,631282,,,offload_exact_recall,layer_1,cudaLaunchKernel_v7000,,,2.201203,2.204553
serial_sparse,extend,CPU CUDA API,api,34656762,34660256,34656762,34660256,,,,echo/serial_sparse/extend_annotated/layer_1/offload_exact_recall/call_35,631286,,,offload_exact_recall,layer_1,cudaMemsetAsync_v3020,,,2.20522,2.208714
serial_sparse,extend,CPU CUDA API,api,34660878,34664166,34660878,34664166,,,,echo/serial_sparse/extend_annotated/layer_1/offload_exact_recall/call_35,631289,,,offload_exact_recall,layer_1,cudaLaunchKernel_v7000,,,2.209336,2.212624
serial_sparse,extend,CPU CUDA API,api,34681955,34686299,34681955,34686299,,,,echo/serial_sparse/extend_annotated/layer_1/offload_exact_recall/call_35,631307,,,offload_exact_recall,layer_1,cudaLaunchKernel_v7000,,,2.230413,2.234757
serial_sparse,extend,CPU CUDA API,api,34701794,34706549,34701794,34706549,,,,echo/serial_sparse/extend_annotated/layer_1/offload_exact_recall/call_35,631334,,,offload_exact_recall,layer_1,cudaLaunchKernel_v7000,,,2.250252,2.255007
serial_sparse,extend,CPU CUDA API,api,34710581,34714318,34710581,34714318,,,,echo/serial_sparse/extend_annotated/layer_1/offload_exact_recall/call_35,631346,,,offload_exact_recall,layer_1,cudaLaunchKernel_v7000,,,2.259039,2.262776
serial_sparse,extend,CPU CUDA API,api,34761999,34766187,34761999,34766187,,,,echo/serial_sparse/extend_annotated/layer_1/offload_exact_recall/call_35,631363,,,offload_exact_recall,layer_1,cudaLaunchKernel_v7000,,,2.310457,2.314645
serial_sparse,extend,CPU CUDA API,api,34804806,34809381,34804806,34809381,,,,echo/serial_sparse/extend_annotated/layer_1/offload_exact_recall/call_35,631377,,,offload_exact_recall,layer_1,cudaLaunchKernel_v7000,,,2.353264,2.357839
serial_sparse,extend,CPU CUDA API,api,34846325,34850753,34846325,34850753,,,,echo/serial_sparse/extend_annotated/layer_1/offload_exact_recall/call_35,631385,,,offload_exact_recall,layer_1,cudaLaunchKernel_v7000,,,2.394783,2.399211
serial_sparse,extend,CPU CUDA API,api,34875177,34879893,34875177,34879893,,,,echo/serial_sparse/extend_annotated/layer_1/offload_exact_recall/call_35,631393,,,offload_exact_recall,layer_1,cudaLaunchKernel_v7000,,,2.423635,2.428351
serial_sparse,extend,CPU CUDA API,api,35017331,35018307,35017331,35018307,,,,echo/serial_sparse/extend_annotated/layer_1/mla_qk_pv/call_37,631421,,,mla_qk_pv,layer_1,cudaGetDriverEntryPointByVersion_v12050,,,2.565789,2.566765
serial_sparse,extend,CPU CUDA API,api,35019711,35019974,35019711,35019974,,,,echo/serial_sparse/extend_annotated/layer_1/mla_qk_pv/call_37,631423,,,mla_qk_pv,layer_1,cudaGetDriverEntryPointByVersion_v12050,,,2.568169,2.568432
serial_sparse,extend,CPU CUDA API,api,35026287,35033743,35026287,35033743,,,,echo/serial_sparse/extend_annotated/layer_1/mla_qk_pv/call_37,631427,,,mla_qk_pv,layer_1,cudaLaunchKernelExC_v11060,,,2.574745,2.582201
serial_sparse,extend,CPU CUDA API,api,35191969,35231494,35191969,35231494,,,,echo/serial_sparse/extend_annotated/layer_1/compute_graph_finish_layer_1_q_128/call_41,631446,,,compute_graph_finish_layer_1_q_128,layer_1,cudaGraphLaunch_v10000,,,2.740427,2.779952
serial_sparse,extend,CPU CUDA API,api,35247562,35248714,35247562,35248714,,,,echo/serial_sparse/extend_annotated/layer_1/layer_misc/call_23,631451,,,layer_misc,layer_1,cudaEventDestroy_v3020,,,2.79602,2.797172
serial_sparse,extend,CPU CUDA API,api,35250918,35252352,35250918,35252352,,,,echo/serial_sparse/extend_annotated/layer_1/layer_misc/call_23,631455,,,layer_misc,layer_1,cudaEventCreateWithFlags_v3020,,,2.799376,2.80081
serial_sparse,extend,CPU CUDA API,api,35253813,35254350,35253813,35254350,,,,echo/serial_sparse/extend_annotated/layer_1/layer_misc/call_23,631460,,,layer_misc,layer_1,cudaStreamIsCapturing_v10000,,,2.802271,2.802808
serial_sparse,extend,CPU CUDA API,api,35254736,35257271,35254736,35257271,,,,echo/serial_sparse/extend_annotated/layer_1/layer_misc/call_23,631461,,,layer_misc,layer_1,cudaEventRecordWithFlags_v11010,,,2.803194,2.805729
serial_sparse,extend,CPU CUDA API,api,35261067,35262473,35261067,35262473,,,,echo/serial_sparse/extend_annotated/layer_1/layer_misc/call_23,631466,,,layer_misc,layer_1,cudaEventRecord_v3020,,,2.809525,2.810931
serial_sparse,extend,CPU CUDA API,api,35361234,35361740,35361234,35361740,,,,echo/serial_sparse/extend_annotated/layer_2/layer_misc/call_43,631475,,,layer_misc,layer_2,cudaStreamIsCapturing_v10000,,,2.909692,2.910198
serial_sparse,extend,CPU CUDA API,api,35365291,35365591,35365291,35365591,,,,echo/serial_sparse/extend_annotated/layer_2/layer_misc/call_43,631479,,,layer_misc,layer_2,cudaStreamIsCapturing_v10000,,,2.913749,2.914049
serial_sparse,extend,CPU CUDA API,api,35367945,35368198,35367945,35368198,,,,echo/serial_sparse/extend_annotated/layer_2/layer_misc/call_43,631483,,,layer_misc,layer_2,cudaStreamIsCapturing_v10000,,,2.916403,2.916656
serial_sparse,extend,CPU CUDA API,api,35388092,35388411,35388092,35388411,,,,echo/serial_sparse/extend_annotated/layer_2/offload_source_reservation/call_44,631488,,,offload_source_reservation,layer_2,cudaStreamIsCapturing_v10000,,,2.93655,2.936869
serial_sparse,extend,CPU CUDA API,api,35390737,35390977,35390737,35390977,,,,echo/serial_sparse/extend_annotated/layer_2/offload_source_reservation/call_44,631492,,,offload_source_reservation,layer_2,cudaStreamIsCapturing_v10000,,,2.939195,2.939435
serial_sparse,extend,CPU CUDA API,api,35393348,35393610,35393348,35393610,,,,echo/serial_sparse/extend_annotated/layer_2/offload_source_reservation/call_44,631496,,,offload_source_reservation,layer_2,cudaStreamIsCapturing_v10000,,,2.941806,2.942068
serial_sparse,extend,CPU CUDA API,api,35431354,35437265,35431354,35444117,,,,echo/serial_sparse/extend_annotated/layer_2/compute_graph_projection_inputs/call_46,631499,,,compute_graph_projection_inputs,layer_2,cudaMemcpyAsync_v3020,,,2.979812,2.985723
serial_sparse,extend,CPU CUDA API,api,32509656,32510131,32509656,32510131,,,,echo/serial_sparse/extend_annotated/layer_1/compute_graph_projection_inputs/call_26,629974,,,compute_graph_projection_inputs,layer_1,cuKernelGetName,,,0.058114,0.058589
serial_sparse,extend,CPU CUDA API,api,32884205,32884965,32884205,32884965,,,,echo/serial_sparse/extend_annotated/layer_1/indexer_qk/call_32,630037,,,indexer_qk,layer_1,cuTensorMapEncodeTiled,,,0.432663,0.433423
serial_sparse,extend,CPU CUDA API,api,32885548,32885681,32885548,32885681,,,,echo/serial_sparse/extend_annotated/layer_1/indexer_qk/call_32,630038,,,indexer_qk,layer_1,cuTensorMapEncodeTiled,,,0.434006,0.434139
serial_sparse,extend,CPU CUDA API,api,32886082,32886304,32886082,32886304,,,,echo/serial_sparse/extend_annotated/layer_1/indexer_qk/call_32,630039,,,indexer_qk,layer_1,cuTensorMapEncodeTiled,,,0.43454,0.434762
serial_sparse,extend,CPU CUDA API,api,32886645,32886784,32886645,32886784,,,,echo/serial_sparse/extend_annotated/layer_1/indexer_qk/call_32,630040,,,indexer_qk,layer_1,cuTensorMapEncodeTiled,,,0.435103,0.435242
serial_sparse,extend,CPU CUDA API,api,32901742,32908517,32901742,32908517,,,,echo/serial_sparse/extend_annotated/layer_1/indexer_qk/call_32,630043,,,indexer_qk,layer_1,cuLaunchKernelEx,,,0.4502,0.456975
serial_sparse,extend,CPU CUDA API,api,32928376,32928651,32928376,32928651,,,,echo/serial_sparse/extend_annotated/layer_1/indexer_qk/call_32,630057,,,indexer_qk,layer_1,cuKernelGetName,,,0.476834,0.477109
serial_sparse,extend,CPU CUDA API,api,32962410,32962664,32962410,32962664,,,,echo/serial_sparse/extend_annotated/layer_1/indexer_qk/call_32,630077,,,indexer_qk,layer_1,cuKernelGetName,,,0.510868,0.511122
serial_sparse,extend,CPU CUDA API,api,32980669,32981042,32980669,32981042,,,,echo/serial_sparse/extend_annotated/layer_1/indexer_qk/call_32,630084,,,indexer_qk,layer_1,cuKernelGetName,,,0.529127,0.5295
serial_sparse,extend,CPU CUDA API,api,33040456,33040673,33040456,33040673,,,,echo/serial_sparse/extend_annotated/layer_1/exact_topk/call_33,630101,,,exact_topk,layer_1,cuKernelGetName,,,0.588914,0.589131
serial_sparse,extend,CPU CUDA API,api,33153519,33158486,33153519,33158486,,,,echo/serial_sparse/extend_annotated/layer_1/exact_topk/call_33,630134,,,exact_topk,layer_1,cuLaunchKernelEx,,,0.701977,0.706944
serial_sparse,extend,CPU CUDA API,api,33222971,33223098,33222971,33223098,,,,echo/serial_sparse/extend_annotated/layer_1/cache_write/call_34,630164,,,cache_write,layer_1,cuKernelGetName,,,0.771429,0.771556
serial_sparse,extend,CPU CUDA API,api,33247776,33248024,33247776,33248024,,,,echo/serial_sparse/extend_annotated/layer_1/cache_write/call_34,630178,,,cache_write,layer_1,cuKernelGetName,,,0.796234,0.796482
serial_sparse,extend,CPU CUDA API,api,33273543,33273744,33273543,33273744,,,,echo/serial_sparse/extend_annotated/layer_1/cache_write/call_34,630190,,,cache_write,layer_1,cuKernelGetName,,,0.822001,0.822202
serial_sparse,extend,CPU CUDA API,api,33292707,33292828,33292707,33292828,,,,echo/serial_sparse/extend_annotated/layer_1/cache_write/call_34,630206,,,cache_write,layer_1,cuKernelGetName,,,0.841165,0.841286
serial_sparse,extend,CPU CUDA API,api,33312179,33312306,33312179,33312306,,,,echo/serial_sparse/extend_annotated/layer_1/cache_write/call_34,630218,,,cache_write,layer_1,cuKernelGetName,,,0.860637,0.860764
serial_sparse,extend,CPU CUDA API,api,33327650,33327788,33327650,33327788,,,,echo/serial_sparse/extend_annotated/layer_1/cache_write/call_34,630229,,,cache_write,layer_1,cuKernelGetName,,,0.876108,0.876246
serial_sparse,extend,CPU CUDA API,api,33342732,33342978,33342732,33342978,,,,echo/serial_sparse/extend_annotated/layer_1/cache_write/call_34,630240,,,cache_write,layer_1,cuKernelGetName,,,0.89119,0.891436
serial_sparse,extend,CPU CUDA API,api,33366308,33366465,33366308,33366465,,,,echo/serial_sparse/extend_annotated/layer_1/cache_write/call_34,630255,,,cache_write,layer_1,cuKernelGetName,,,0.914766,0.914923
serial_sparse,extend,CPU CUDA API,api,33414422,33414521,33414422,33414521,,,,echo/serial_sparse/extend_annotated/layer_1/cache_write/call_34,630282,,,cache_write,layer_1,cuKernelGetName,,,0.96288,0.962979
serial_sparse,extend,CPU CUDA API,api,33428242,33428342,33428242,33428342,,,,echo/serial_sparse/extend_annotated/layer_1/cache_write/call_34,630298,,,cache_write,layer_1,cuKernelGetName,,,0.9767,0.9768
serial_sparse,extend,CPU CUDA API,api,33442449,33442676,33442449,33442676,,,,echo/serial_sparse/extend_annotated/layer_1/cache_write/call_34,630310,,,cache_write,layer_1,cuKernelGetName,,,0.990907,0.991134
serial_sparse,extend,CPU CUDA API,api,33459936,33460132,33459936,33460132,,,,echo/serial_sparse/extend_annotated/layer_1/cache_write/call_34,630333,,,cache_write,layer_1,cuKernelGetName,,,1.008394,1.00859
serial_sparse,extend,CPU CUDA API,api,33491783,33491910,33491783,33491910,,,,echo/serial_sparse/extend_annotated/layer_1/cache_write/call_34,630361,,,cache_write,layer_1,cuKernelGetName,,,1.040241,1.040368
serial_sparse,extend,CPU CUDA API,api,33497170,33497372,33497170,33497372,,,,echo/serial_sparse/extend_annotated/layer_1/cache_write/call_34,630367,,,cache_write,layer_1,cuKernelGetName,,,1.045628,1.04583
serial_sparse,extend,CPU CUDA API,api,33560168,33560389,33560168,33560389,,,,echo/serial_sparse/extend_annotated/layer_1/cache_write/call_34,630415,,,cache_write,layer_1,cuKernelGetName,,,1.108626,1.108847
serial_sparse,extend,CPU CUDA API,api,33582506,33582604,33582506,33582604,,,,echo/serial_sparse/extend_annotated/layer_1/cache_write/call_34,630453,,,cache_write,layer_1,cuKernelGetName,,,1.130964,1.131062
serial_sparse,extend,CPU CUDA API,api,33589031,33589214,33589031,33589214,,,,echo/serial_sparse/extend_annotated/layer_1/cache_write/call_34,630459,,,cache_write,layer_1,cuKernelGetName,,,1.137489,1.137672
serial_sparse,extend,CPU CUDA API,api,33614950,33615077,33614950,33615077,,,,echo/serial_sparse/extend_annotated/layer_1/cache_write/call_34,630491,,,cache_write,layer_1,cuKernelGetName,,,1.163408,1.163535
serial_sparse,extend,CPU CUDA API,api,33619935,33620066,33619935,33620066,,,,echo/serial_sparse/extend_annotated/layer_1/cache_write/call_34,630497,,,cache_write,layer_1,cuKernelGetName,,,1.168393,1.168524
serial_sparse,extend,CPU CUDA API,api,33641317,33641524,33641317,33641524,,,,echo/serial_sparse/extend_annotated/layer_1/cache_write/call_34,630513,,,cache_write,layer_1,cuKernelGetName,,,1.189775,1.189982
serial_sparse,extend,CPU CUDA API,api,33656381,33656492,33656381,33656492,,,,echo/serial_sparse/extend_annotated/layer_1/cache_write/call_34,630526,,,cache_write,layer_1,cuKernelGetName,,,1.204839,1.20495
serial_sparse,extend,CPU CUDA API,api,33669001,33669162,33669001,33669162,,,,echo/serial_sparse/extend_annotated/layer_1/cache_write/call_34,630538,,,cache_write,layer_1,cuKernelGetName,,,1.217459,1.21762
serial_sparse,extend,CPU CUDA API,api,33684252,33684377,33684252,33684377,,,,echo/serial_sparse/extend_annotated/layer_1/cache_write/call_34,630554,,,cache_write,layer_1,cuKernelGetName,,,1.23271,1.232835
serial_sparse,extend,CPU CUDA API,api,33708044,33708384,33708044,33708384,,,,echo/serial_sparse/extend_annotated/layer_1/cache_write/call_34,630572,,,cache_write,layer_1,cuKernelGetName,,,1.256502,1.256842
serial_sparse,extend,CPU CUDA API,api,33740198,33740359,33740198,33740359,,,,echo/serial_sparse/extend_annotated/layer_1/cache_write/call_34,630593,,,cache_write,layer_1,cuKernelGetName,,,1.288656,1.288817
serial_sparse,extend,CPU CUDA API,api,33764897,33764995,33764897,33764995,,,,echo/serial_sparse/extend_annotated/layer_1/cache_write/call_34,630617,,,cache_write,layer_1,cuKernelGetName,,,1.313355,1.313453
serial_sparse,extend,CPU CUDA API,api,33770455,33770646,33770455,33770646,,,,echo/serial_sparse/extend_annotated/layer_1/cache_write/call_34,630622,,,cache_write,layer_1,cuKernelGetName,,,1.318913,1.319104
serial_sparse,extend,CPU CUDA API,api,33780169,33780359,33780169,33780359,,,,echo/serial_sparse/extend_annotated/layer_1/cache_write/call_34,630629,,,cache_write,layer_1,cuKernelGetName,,,1.328627,1.328817
serial_sparse,extend,CPU CUDA API,api,33789896,33789988,33789896,33789988,,,,echo/serial_sparse/extend_annotated/layer_1/cache_write/call_34,630636,,,cache_write,layer_1,cuKernelGetName,,,1.338354,1.338446
serial_sparse,extend,CPU CUDA API,api,33798103,33798204,33798103,33798204,,,,echo/serial_sparse/extend_annotated/layer_1/cache_write/call_34,630643,,,cache_write,layer_1,cuKernelGetName,,,1.346561,1.346662
serial_sparse,extend,CPU CUDA API,api,33806116,33806216,33806116,33806216,,,,echo/serial_sparse/extend_annotated/layer_1/cache_write/call_34,630650,,,cache_write,layer_1,cuKernelGetName,,,1.354574,1.354674
serial_sparse,extend,CPU CUDA API,api,33813438,33813537,33813438,33813537,,,,echo/serial_sparse/extend_annotated/layer_1/cache_write/call_34,630657,,,cache_write,layer_1,cuKernelGetName,,,1.361896,1.361995
serial_sparse,extend,CPU CUDA API,api,33821352,33821448,33821352,33821448,,,,echo/serial_sparse/extend_annotated/layer_1/cache_write/call_34,630664,,,cache_write,layer_1,cuKernelGetName,,,1.36981,1.369906
serial_sparse,extend,CPU CUDA API,api,33828678,33828776,33828678,33828776,,,,echo/serial_sparse/extend_annotated/layer_1/cache_write/call_34,630671,,,cache_write,layer_1,cuKernelGetName,,,1.377136,1.377234
serial_sparse,extend,CPU CUDA API,api,33835769,33835869,33835769,33835869,,,,echo/serial_sparse/extend_annotated/layer_1/cache_write/call_34,630678,,,cache_write,layer_1,cuKernelGetName,,,1.384227,1.384327
serial_sparse,extend,CPU CUDA API,api,33854214,33854322,33854214,33854322,,,,echo/serial_sparse/extend_annotated/layer_1/cache_write/call_34,630696,,,cache_write,layer_1,cuKernelGetName,,,1.402672,1.40278
serial_sparse,extend,CPU CUDA API,api,33870716,33870817,33870716,33870817,,,,echo/serial_sparse/extend_annotated/layer_1/cache_write/call_34,630710,,,cache_write,layer_1,cuKernelGetName,,,1.419174,1.419275
serial_sparse,extend,CPU CUDA API,api,33883515,33883619,33883515,33883619,,,,echo/serial_sparse/extend_annotated/layer_1/cache_write/call_34,630723,,,cache_write,layer_1,cuKernelGetName,,,1.431973,1.432077
serial_sparse,extend,CPU CUDA API,api,33900909,33901007,33900909,33901007,,,,echo/serial_sparse/extend_annotated/layer_1/cache_write/call_34,630746,,,cache_write,layer_1,cuKernelGetName,,,1.449367,1.449465
serial_sparse,extend,CPU CUDA API,api,33926328,33926429,33926328,33926429,,,,echo/serial_sparse/extend_annotated/layer_1/cache_write/call_34,630774,,,cache_write,layer_1,cuKernelGetName,,,1.474786,1.474887
serial_sparse,extend,CPU CUDA API,api,33931077,33931170,33931077,33931170,,,,echo/serial_sparse/extend_annotated/layer_1/cache_write/call_34,630780,,,cache_write,layer_1,cuKernelGetName,,,1.479535,1.479628
serial_sparse,extend,CPU CUDA API,api,33996410,33996557,33996410,33996557,,,,echo/serial_sparse/extend_annotated/layer_1/cache_write/call_34,630841,,,cache_write,layer_1,cuKernelGetName,,,1.544868,1.545015
serial_sparse,extend,CPU CUDA API,api,34024581,34024684,34024581,34024684,,,,echo/serial_sparse/extend_annotated/layer_1/cache_write/call_34,630868,,,cache_write,layer_1,cuKernelGetName,,,1.573039,1.573142
serial_sparse,extend,CPU CUDA API,api,34051324,34051529,34051324,34051529,,,,echo/serial_sparse/extend_annotated/layer_1/cache_write/call_34,630895,,,cache_write,layer_1,cuKernelGetName,,,1.599782,1.599987
serial_sparse,extend,CPU CUDA API,api,34065929,34066029,34065929,34066029,,,,echo/serial_sparse/extend_annotated/layer_1/cache_write/call_34,630920,,,cache_write,layer_1,cuKernelGetName,,,1.614387,1.614487
serial_sparse,extend,CPU CUDA API,api,34090073,34090167,34090073,34090167,,,,echo/serial_sparse/extend_annotated/layer_1/cache_write/call_34,630948,,,cache_write,layer_1,cuKernelGetName,,,1.638531,1.638625
serial_sparse,extend,CPU CUDA API,api,34094585,34094676,34094585,34094676,,,,echo/serial_sparse/extend_annotated/layer_1/cache_write/call_34,630954,,,cache_write,layer_1,cuKernelGetName,,,1.643043,1.643134
serial_sparse,extend,CPU CUDA API,api,34121369,34121530,34121369,34121530,,,,echo/serial_sparse/extend_annotated/layer_1/cache_write/call_34,630974,,,cache_write,layer_1,cuKernelGetName,,,1.669827,1.669988
serial_sparse,extend,CPU CUDA API,api,34134912,34135049,34134912,34135049,,,,echo/serial_sparse/extend_annotated/layer_1/cache_write/call_34,630988,,,cache_write,layer_1,cuKernelGetName,,,1.68337,1.683507
serial_sparse,extend,CPU CUDA API,api,34146503,34146621,34146503,34146621,,,,echo/serial_sparse/extend_annotated/layer_1/cache_write/call_34,630997,,,cache_write,layer_1,cuKernelGetName,,,1.694961,1.695079
serial_sparse,extend,CPU CUDA API,api,34156651,34156752,34156651,34156752,,,,echo/serial_sparse/extend_annotated/layer_1/cache_write/call_34,631007,,,cache_write,layer_1,cuKernelGetName,,,1.705109,1.70521
serial_sparse,extend,CPU CUDA API,api,34183103,34183209,34183103,34183209,,,,echo/serial_sparse/extend_annotated/layer_1/cache_write/call_34,631034,,,cache_write,layer_1,cuKernelGetName,,,1.731561,1.731667
serial_sparse,extend,CPU CUDA API,api,34210998,34211098,34210998,34211098,,,,echo/serial_sparse/extend_annotated/layer_1/cache_write/call_34,631061,,,cache_write,layer_1,cuKernelGetName,,,1.759456,1.759556
serial_sparse,extend,CPU CUDA API,api,34222017,34222117,34222017,34222117,,,,echo/serial_sparse/extend_annotated/layer_1/cache_write/call_34,631070,,,cache_write,layer_1,cuKernelGetName,,,1.770475,1.770575
serial_sparse,extend,CPU CUDA API,api,34493862,34494168,34493862,34494168,,,,echo/serial_sparse/extend_annotated/layer_1/offload_exact_recall/call_35,631165,,,offload_exact_recall,layer_1,cuKernelGetName,,,2.04232,2.042626
serial_sparse,extend,CPU CUDA API,api,34502853,34503036,34502853,34503036,,,,echo/serial_sparse/extend_annotated/layer_1/offload_exact_recall/call_35,631168,,,offload_exact_recall,layer_1,cuKernelGetName,,,2.051311,2.051494
serial_sparse,extend,CPU CUDA API,api,34508356,34508462,34508356,34508462,,,,echo/serial_sparse/extend_annotated/layer_1/offload_exact_recall/call_35,631171,,,offload_exact_recall,layer_1,cuKernelGetName,,,2.056814,2.05692
serial_sparse,extend,CPU CUDA API,api,34563093,34563208,34563093,34563208,,,,echo/serial_sparse/extend_annotated/layer_1/offload_exact_recall/call_35,631203,,,offload_exact_recall,layer_1,cuKernelGetName,,,2.111551,2.111666
serial_sparse,extend,CPU CUDA API,api,34586463,34586610,34586463,34586610,,,,echo/serial_sparse/extend_annotated/layer_1/offload_exact_recall/call_35,631227,,,offload_exact_recall,layer_1,cuKernelGetName,,,2.134921,2.135068
serial_sparse,extend,CPU CUDA API,api,34594739,34594880,34594739,34594880,,,,echo/serial_sparse/extend_annotated/layer_1/offload_exact_recall/call_35,631232,,,offload_exact_recall,layer_1,cuKernelGetName,,,2.143197,2.143338
serial_sparse,extend,CPU CUDA API,api,34605223,34605359,34605223,34605359,,,,echo/serial_sparse/extend_annotated/layer_1/offload_exact_recall/call_35,631239,,,offload_exact_recall,layer_1,cuKernelGetName,,,2.153681,2.153817
serial_sparse,extend,CPU CUDA API,api,34613859,34613951,34613859,34613951,,,,echo/serial_sparse/extend_annotated/layer_1/offload_exact_recall/call_35,631246,,,offload_exact_recall,layer_1,cuKernelGetName,,,2.162317,2.162409
serial_sparse,extend,CPU CUDA API,api,34621615,34621712,34621615,34621712,,,,echo/serial_sparse/extend_annotated/layer_1/offload_exact_recall/call_35,631253,,,offload_exact_recall,layer_1,cuKernelGetName,,,2.170073,2.17017
serial_sparse,extend,CPU CUDA API,api,34630107,34630206,34630107,34630206,,,,echo/serial_sparse/extend_annotated/layer_1/offload_exact_recall/call_35,631260,,,offload_exact_recall,layer_1,cuKernelGetName,,,2.178565,2.178664
serial_sparse,extend,CPU CUDA API,api,34637465,34637557,34637465,34637557,,,,echo/serial_sparse/extend_annotated/layer_1/offload_exact_recall/call_35,631267,,,offload_exact_recall,layer_1,cuKernelGetName,,,2.185923,2.186015
serial_sparse,extend,CPU CUDA API,api,34645193,34645285,34645193,34645285,,,,echo/serial_sparse/extend_annotated/layer_1/offload_exact_recall/call_35,631274,,,offload_exact_recall,layer_1,cuKernelGetName,,,2.193651,2.193743
serial_sparse,extend,CPU CUDA API,api,34652565,34652659,34652565,34652659,,,,echo/serial_sparse/extend_annotated/layer_1/offload_exact_recall/call_35,631281,,,offload_exact_recall,layer_1,cuKernelGetName,,,2.201023,2.201117
serial_sparse,extend,CPU CUDA API,api,34660669,34660789,34660669,34660789,,,,echo/serial_sparse/extend_annotated/layer_1/offload_exact_recall/call_35,631288,,,offload_exact_recall,layer_1,cuKernelGetName,,,2.209127,2.209247
serial_sparse,extend,CPU CUDA API,api,34681742,34681868,34681742,34681868,,,,echo/serial_sparse/extend_annotated/layer_1/offload_exact_recall/call_35,631306,,,offload_exact_recall,layer_1,cuKernelGetName,,,2.2302,2.230326
serial_sparse,extend,CPU CUDA API,api,34701435,34701687,34701435,34701687,,,,echo/serial_sparse/extend_annotated/layer_1/offload_exact_recall/call_35,631333,,,offload_exact_recall,layer_1,cuKernelGetName,,,2.249893,2.250145
serial_sparse,extend,CPU CUDA API,api,34710401,34710487,34710401,34710487,,,,echo/serial_sparse/extend_annotated/layer_1/offload_exact_recall/call_35,631345,,,offload_exact_recall,layer_1,cuKernelGetName,,,2.258859,2.258945
serial_sparse,extend,CPU CUDA API,api,34761753,34761898,34761753,34761898,,,,echo/serial_sparse/extend_annotated/layer_1/offload_exact_recall/call_35,631362,,,offload_exact_recall,layer_1,cuKernelGetName,,,2.310211,2.310356
serial_sparse,extend,CPU CUDA API,api,34804541,34804691,34804541,34804691,,,,echo/serial_sparse/extend_annotated/layer_1/offload_exact_recall/call_35,631376,,,offload_exact_recall,layer_1,cuKernelGetName,,,2.352999,2.353149
serial_sparse,extend,CPU CUDA API,api,34845960,34846150,34845960,34846150,,,,echo/serial_sparse/extend_annotated/layer_1/offload_exact_recall/call_35,631384,,,offload_exact_recall,layer_1,cuKernelGetName,,,2.394418,2.394608
serial_sparse,extend,CPU CUDA API,api,34874805,34875004,34874805,34875004,,,,echo/serial_sparse/extend_annotated/layer_1/offload_exact_recall/call_35,631392,,,offload_exact_recall,layer_1,cuKernelGetName,,,2.423263,2.423462
serial_sparse,extend,CPU CUDA API,api,35018731,35019448,35018731,35019448,,,,echo/serial_sparse/extend_annotated/layer_1/mla_qk_pv/call_37,631422,,,mla_qk_pv,layer_1,cuTensorMapEncodeTiled,,,2.567189,2.567906
serial_sparse,extend,CPU CUDA API,api,35020184,35020409,35020184,35020409,,,,echo/serial_sparse/extend_annotated/layer_1/mla_qk_pv/call_37,631424,,,mla_qk_pv,layer_1,cuTensorMapEncodeTiled,,,2.568642,2.568867
serial_sparse,extend,CPU CUDA API,api,35152372,35152795,35152372,35152795,,,,echo/serial_sparse/extend_annotated/layer_1/v_expand/call_40,631438,,,v_expand,layer_1,cuKernelGetAttribute,,,2.70083,2.701253
serial_sparse,extend,CPU CUDA API,api,35153012,35153125,35153012,35153125,,,,echo/serial_sparse/extend_annotated/layer_1/v_expand/call_40,631439,,,v_expand,layer_1,cuKernelGetAttribute,,,2.70147,2.701583
serial_sparse,extend,CPU CUDA API,api,35154283,35160107,35154283,35160107,,,,echo/serial_sparse/extend_annotated/layer_1/v_expand/call_40,631441,,,v_expand,layer_1,cuLaunchKernelEx,,,2.702741,2.708565
serial_sparse,extend,CPU control,nvtx,32451542,35437265,27725154,39069531,,,,echo/serial_sparse/extend_annotated/shared/forward_misc/call_0,,,,forward_misc,shared,forward_misc,,,0.0,2.985723
serial_sparse,extend,CPU control,nvtx,32451542,35271676,32348071,35271676,,,,echo/serial_sparse/extend_annotated/layer_1/layer_misc/call_23,,,,layer_misc,layer_1,layer_misc,,,0.0,2.820134
serial_sparse,extend,CPU control,nvtx,32451542,32701556,32448566,32701556,,,,echo/serial_sparse/extend_annotated/layer_1/attention_projection/call_25,,,,attention_projection,layer_1,attention_projection,,,0.0,0.250014
serial_sparse,extend,CPU control,nvtx,32465062,32519961,32465062,32519961,,,,echo/serial_sparse/extend_annotated/layer_1/compute_graph_projection_inputs/call_26,,,,compute_graph_projection_inputs,layer_1,compute_graph_projection_inputs,,,0.01352,0.068419
serial_sparse,extend,CPU control,nvtx,32536831,32645882,32536831,32645882,,,,echo/serial_sparse/extend_annotated/layer_1/compute_graph_projection_layer_1_q_128/call_27,,,,compute_graph_projection_layer_1_q_128,layer_1,compute_graph_projection_layer_1_q_128,,,0.085289,0.19434
serial_sparse,extend,CPU control,nvtx,32659025,32699104,32659025,32699104,,,,echo/serial_sparse/extend_annotated/layer_1/compute_graph_owned_writeback_source/call_28,,,,compute_graph_owned_writeback_source,layer_1,compute_graph_owned_writeback_source,,,0.207483,0.247562
serial_sparse,extend,CPU control,nvtx,32712592,32753746,32712592,32753746,,,,echo/serial_sparse/extend_annotated/layer_1/index_cache_write/call_29,,,,index_cache_write,layer_1,index_cache_write,,,0.26105,0.302204
serial_sparse,extend,CPU control,nvtx,32765323,32766451,32765323,32766451,,,,echo/serial_sparse/extend_annotated/layer_1/offload_prepare/call_30,,,,offload_prepare,layer_1,offload_prepare,,,0.313781,0.314909
serial_sparse,extend,CPU control,nvtx,32778769,32998853,32778769,32998853,,,,echo/serial_sparse/extend_annotated/layer_1/indexer_aux/call_31,,,,indexer_aux,layer_1,indexer_aux,,,0.327227,0.547311
serial_sparse,extend,CPU control,nvtx,32833477,32994366,32833477,32994366,,,,echo/serial_sparse/extend_annotated/layer_1/indexer_qk/call_32,,,,indexer_qk,layer_1,indexer_qk,,,0.381935,0.542824
serial_sparse,extend,CPU control,nvtx,33014174,33167453,33014174,33167453,,,,echo/serial_sparse/extend_annotated/layer_1/exact_topk/call_33,,,,exact_topk,layer_1,exact_topk,,,0.562632,0.715911
serial_sparse,extend,CPU control,nvtx,33185054,34362327,33185054,34362327,,,,echo/serial_sparse/extend_annotated/layer_1/cache_write/call_34,,,,cache_write,layer_1,cache_write,,,0.733512,1.910785
serial_sparse,extend,CPU control,nvtx,34395938,34887449,34395938,34887449,,,,echo/serial_sparse/extend_annotated/layer_1/offload_exact_recall/call_35,,,,offload_exact_recall,layer_1,offload_exact_recall,,,1.944396,2.435907
serial_sparse,extend,CPU control,nvtx,34914610,35043303,34914610,35043303,,,,echo/serial_sparse/extend_annotated/layer_1/sparse_mla_aux/call_36,,,,sparse_mla_aux,layer_1,sparse_mla_aux,,,2.463068,2.591761
serial_sparse,extend,CPU control,nvtx,34969129,35041061,34969129,35041061,,,,echo/serial_sparse/extend_annotated/layer_1/mla_qk_pv/call_37,,,,mla_qk_pv,layer_1,mla_qk_pv,,,2.517587,2.589519
serial_sparse,extend,CPU control,nvtx,35059717,35235546,35059717,35235546,,,,echo/serial_sparse/extend_annotated/layer_1/attention_output/call_38,,,,attention_output,layer_1,attention_output,,,2.608175,2.784004
serial_sparse,extend,CPU control,nvtx,35070456,35169840,35070456,35169840,,,,echo/serial_sparse/extend_annotated/layer_1/compute_graph_value_expansion/call_39,,,,compute_graph_value_expansion,layer_1,compute_graph_value_expansion,,,2.618914,2.718298
serial_sparse,extend,CPU control,nvtx,35114786,35163561,35114786,35163561,,,,echo/serial_sparse/extend_annotated/layer_1/v_expand/call_40,,,,v_expand,layer_1,v_expand,,,2.663244,2.712019
serial_sparse,extend,CPU control,nvtx,35186917,35233306,35186917,35233306,,,,echo/serial_sparse/extend_annotated/layer_1/compute_graph_finish_layer_1_q_128/call_41,,,,compute_graph_finish_layer_1_q_128,layer_1,compute_graph_finish_layer_1_q_128,,,2.735375,2.781764
serial_sparse,extend,CPU control,nvtx,35291851,35297381,35291851,35297381,,,,echo/serial_sparse/extend_annotated/shared/hidden_transfer/call_42,,,,hidden_transfer,shared,hidden_transfer,,,2.840309,2.845839
serial_sparse,extend,CPU control,nvtx,35321389,35437265,35321389,38208237,,,,echo/serial_sparse/extend_annotated/layer_2/layer_misc/call_43,,,,layer_misc,layer_2,layer_misc,,,2.869847,2.985723
serial_sparse,extend,CPU control,nvtx,35385109,35396599,35385109,35396599,,,,echo/serial_sparse/extend_annotated/layer_2/offload_source_reservation/call_44,,,,offload_source_reservation,layer_2,offload_source_reservation,,,2.933567,2.945057
serial_sparse,extend,CPU control,nvtx,35406060,35437265,35406060,35622990,,,,echo/serial_sparse/extend_annotated/layer_2/attention_projection/call_45,,,,attention_projection,layer_2,attention_projection,,,2.954518,2.985723
serial_sparse,extend,CPU control,nvtx,35422800,35437265,35422800,35471601,,,,echo/serial_sparse/extend_annotated/layer_2/compute_graph_projection_inputs/call_46,,,,compute_graph_projection_inputs,layer_2,compute_graph_projection_inputs,,,2.971258,2.985723
dense_prefetch,prefill,GPU control,kernel,680821496,680824216,680821496,680824216,7,0,341870085406720,echo/dense_prefetch/prefill_annotated/shared/dense_history_prefetch_layer_2/call_4247,727195,,,dense_history_prefetch_layer_2,2,"echo_native::protect_resident_history_kernel(const int *, const int *, int, long *, long *, int, int, long)",,,0.002624,0.005344
dense_prefetch,prefill,GPU control,kernel,680843192,680843928,680843192,680843928,7,0,341870085406720,echo/dense_prefetch/prefill_annotated/layer_1/compute_graph_projection_inputs/call_4252,727270,,,compute_graph_projection_inputs,layer_1,"void at::native::vectorized_elementwise_kernel<(int)2, at::native::FillFunctor<long>, std::array<char *, (unsigned long)1>>(int, T2, T3)",,,0.02432,0.025056
dense_prefetch,prefill,Compute,kernel,680848600,680863608,680848600,680863608,7,0,341870085406720,echo/dense_prefetch/prefill_annotated/layer_1/compute_graph_projection_layer_1_q_1024/call_4253,727276,20,85899345920,compute_graph_projection_layer_1_q_1024,layer_1,kernel_cutlass_kernel_operatorsdeepseek_v32norm_fusedLocalFusedRMSNorm_object_at__tensorptrbf16gmemalign128oi64716871681_tensorptrbf16gmemalign128oi64716871681_tensorptrf32gmemalign16o716_0,,,0.029728,0.044736
dense_prefetch,prefill,Compute,kernel,680863896,680865720,680863896,680865720,7,0,341870085406720,echo/dense_prefetch/prefill_annotated/layer_1/compute_graph_projection_layer_1_q_1024/call_4253,727276,20,85899345921,compute_graph_projection_layer_1_q_1024,layer_1,"void at::native::elementwise_kernel<(int)128, (int)2, void at::native::gpu_kernel_impl_nocast<at::native::CUDAFunctor_add<long>>(at::TensorIteratorBase &, const T1 &)::[lambda(int) (instance 1)]>(int, T3)",,,0.045024,0.046848
dense_prefetch,prefill,Compute,kernel,680866104,680868376,680866104,680868376,7,0,341870085406720,echo/dense_prefetch/prefill_annotated/layer_1/compute_graph_projection_layer_1_q_1024/call_4253,727276,20,85899345922,compute_graph_projection_layer_1_q_1024,layer_1,"void at::native::unrolled_elementwise_kernel<at::native::direct_copy_kernel_cuda(at::TensorIteratorBase &)::[lambda() (instance 3)]::operator ()() const::[lambda() (instance 7)]::operator ()() const::[lambda(float) (instance 1)], std::array<char *, (unsigned long)2>, (int)4, TrivialOffsetCalculator<(int)1, unsigned int>, TrivialOffsetCalculator<(int)1, unsigned int>, at::native::memory::LoadWithCast<(int)1>, at::native::memory::StoreWithCast<(int)1>>(int, T1, T2, T4, T5, T6, T7)",,,0.047232,0.049504
dense_prefetch,prefill,Compute,kernel,680868792,680870008,680868792,680870008,7,0,341870085406720,echo/dense_prefetch/prefill_annotated/layer_1/compute_graph_projection_layer_1_q_1024/call_4253,727276,20,85899345923,compute_graph_projection_layer_1_q_1024,layer_1,"void at::native::vectorized_elementwise_kernel<(int)2, at::native::CUDAFunctorOnSelf_add<long>, std::array<char *, (unsigned long)2>>(int, T2, T3)",,,0.04992,0.051136
dense_prefetch,prefill,Compute,kernel,680870360,680871960,680870360,680871960,7,0,341870085406720,echo/dense_prefetch/prefill_annotated/layer_1/compute_graph_projection_layer_1_q_1024/call_4253,727276,20,85899345924,compute_graph_projection_layer_1_q_1024,layer_1,"void at::native::unrolled_elementwise_kernel<at::native::direct_copy_kernel_cuda(at::TensorIteratorBase &)::[lambda() (instance 3)]::operator ()() const::[lambda() (instance 3)]::operator ()() const::[lambda(int) (instance 1)], std::array<char *, (unsigned long)2>, (int)4, TrivialOffsetCalculator<(int)1, unsigned int>, TrivialOffsetCalculator<(int)1, unsigned int>, at::native::memory::LoadWithCast<(int)1>, at::native::memory::StoreWithCast<(int)1>>(int, T1, T2, T4, T5, T6, T7)",,,0.051488,0.053088
dense_prefetch,prefill,Compute,kernel,680872376,680877208,680872376,680877208,7,0,341870085406720,echo/dense_prefetch/prefill_annotated/layer_1/compute_graph_projection_layer_1_q_1024/call_4253,727276,20,85899345925,q_a_proj,layer_1,activation_quantization,,,0.053504,0.058336
dense_prefetch,prefill,Compute,kernel,680877784,680879832,680877784,680879832,7,0,341870085406720,echo/dense_prefetch/prefill_annotated/layer_1/compute_graph_projection_layer_1_q_1024/call_4253,727276,20,85899345926,q_a_proj,layer_1,"void deep_gemm::transpose_fp32<(unsigned int)512, (unsigned int)64, (unsigned int)56, (unsigned int)128, (unsigned int)57>(const float *, float *, unsigned int)",,,0.058912,0.06096
dense_prefetch,prefill,Compute,kernel,680880216,680901048,680880216,680901048,7,0,341870085406720,echo/dense_prefetch/prefill_annotated/layer_1/compute_graph_projection_layer_1_q_1024/call_4253,727276,20,85899345927,q_a_proj,layer_1,"void deep_gemm::sm90_fp8_gemm_1d2d_impl<(cute::UMMA::Major)0, (unsigned int)0, (unsigned int)1536, (unsigned int)7168, (unsigned int)1, (unsigned int)128, (unsigned int)96, (unsigned int)128, (unsigned int)128, (unsigned int)128, (unsigned int)64, (unsigned int)7, (unsigned int)128, (unsigned int)256, (unsigned int)1, (bool)0, (unsigned int)132, (deep_gemm::GemmType)0, cutlass::bfloat16_t>(float *, int *, unsigned int, unsigned int, unsigned int, CUtensorMap_st, CUtensorMap_st, CUtensorMap_st, CUtensorMap_st)",,,0.061344,0.082176
dense_prefetch,prefill,Compute,kernel,680902168,680905016,680902168,680905016,7,0,341870085406720,echo/dense_prefetch/prefill_annotated/layer_1/compute_graph_projection_layer_1_q_1024/call_4253,727276,20,85899345928,compute_graph_projection_layer_1_q_1024,layer_1,kernel_cutlass_kernel_operatorsdeepseek_v32norm_plainLocalPlainRMSNorm_object_at__tensorptrbf16gmemalign128oi64153615361_tensorptrf32gmemalign16o15361_tensorptrbf16gmemalign128oi641536153_0,,,0.083296,0.086144
dense_prefetch,prefill,Compute,kernel,680905592,680907352,680905592,680907352,7,0,341870085406720,echo/dense_prefetch/prefill_annotated/layer_1/compute_graph_projection_layer_1_q_1024/call_4253,727276,20,85899345929,compute_graph_projection_layer_1_q_1024,layer_1,"void at::native::elementwise_kernel<(int)128, (int)2, void at::native::gpu_kernel_impl_nocast<at::native::BinaryFunctor<float, float, float, at::native::binary_internal::MulFunctor<float>>>(at::TensorIteratorBase &, const T1 &)::[lambda(int) (instance 1)]>(int, T3)",,,0.08672,0.08848
dense_prefetch,prefill,Compute,kernel,680907768,680908600,680907768,680908600,7,0,341870085406720,echo/dense_prefetch/prefill_annotated/layer_1/compute_graph_projection_layer_1_q_1024/call_4253,727276,20,85899345930,compute_graph_projection_layer_1_q_1024,layer_1,"void <unnamed>::elementwise_kernel_with_index<int, at::native::arange_cuda_out(const c10::Scalar &, const c10::Scalar &, const c10::Scalar &, at::Tensor &)::[lambda() (instance 1)]::operator ()() const::[lambda() (instance 4)]::operator ()() const::[lambda(long) (instance 1)]>(T1, T2, function_traits<T2>::result_type *)",,,0.088896,0.089728
dense_prefetch,prefill,Compute,kernel,680909080,680910968,680909080,680910968,7,0,341870085406720,echo/dense_prefetch/prefill_annotated/layer_1/compute_graph_projection_layer_1_q_1024/call_4253,727276,20,85899345931,compute_graph_projection_layer_1_q_1024,layer_1,"void at::native::vectorized_elementwise_kernel<(int)4, at::native::cos_kernel_cuda(at::TensorIteratorBase &)::[lambda() (instance 2)]::operator ()() const::[lambda() (instance 2)]::operator ()() const::[lambda(float) (instance 1)], std::array<char *, (unsigned long)2>>(int, T2, T3)",,,0.090208,0.092096
dense_prefetch,prefill,Compute,kernel,680911640,680913496,680911640,680913496,7,0,341870085406720,echo/dense_prefetch/prefill_annotated/layer_1/compute_graph_projection_layer_1_q_1024/call_4253,727276,20,85899345932,compute_graph_projection_layer_1_q_1024,layer_1,"void at::native::vectorized_elementwise_kernel<(int)4, at::native::sin_kernel_cuda(at::TensorIteratorBase &)::[lambda() (instance 2)]::operator ()() const::[lambda() (instance 2)]::operator ()() const::[lambda(float) (instance 1)], std::array<char *, (unsigned long)2>>(int, T2, T3)",,,0.092768,0.094624
dense_prefetch,prefill,Compute,kernel,680913944,680915512,680913944,680915512,7,0,341870085406720,echo/dense_prefetch/prefill_annotated/layer_1/compute_graph_projection_layer_1_q_1024/call_4253,727276,20,85899345933,compute_graph_projection_layer_1_q_1024,layer_1,"void at::native::<unnamed>::CatArrayBatchedCopy_vectorized<at::native::<unnamed>::OpaqueType<(unsigned int)4>, unsigned int, (int)2, (int)128, (int)1, (int)16, (int)4>(char *, at::native::<unnamed>::CatArrInputTensorMetadata<T1, T2, T4, T5>, at::native::<unnamed>::TensorSizeStride<T2, (unsigned int)4>, int, T2)",,,0.095072,0.09664
dense_prefetch,prefill,Compute,kernel,680915896,680918168,680915896,680918168,7,0,341870085406720,echo/dense_prefetch/prefill_annotated/layer_1/compute_graph_projection_layer_1_q_1024/call_4253,727276,20,85899345934,q_b_proj,layer_1,activation_quantization,,,0.097024,0.099296
dense_prefetch,prefill,Compute,kernel,680918552,680920120,680918552,680920120,7,0,341870085406720,echo/dense_prefetch/prefill_annotated/layer_1/compute_graph_projection_layer_1_q_1024/call_4253,727276,20,85899345935,q_b_proj,layer_1,"void deep_gemm::transpose_fp32<(unsigned int)512, (unsigned int)64, (unsigned int)12, (unsigned int)128, (unsigned int)13>(const float *, float *, unsigned int)",,,0.09968,0.101248
dense_prefetch,prefill,Compute,kernel,680920568,680983320,680920568,680983320,7,0,341870085406720,echo/dense_prefetch/prefill_annotated/layer_1/compute_graph_projection_layer_1_q_1024/call_4253,727276,20,85899345936,q_b_proj,layer_1,"void deep_gemm::sm90_fp8_gemm_1d2d_impl<(cute::UMMA::Major)0, (unsigned int)0, (unsigned int)24576, (unsigned int)1536, (unsigned int)1, (unsigned int)256, (unsigned int)128, (unsigned int)128, (unsigned int)128, (unsigned int)128, (unsigned int)128, (unsigned int)3, (unsigned int)128, (unsigned int)256, (unsigned int)2, (bool)1, (unsigned int)132, (deep_gemm::GemmType)0, cutlass::bfloat16_t>(float *, int *, unsigned int, unsigned int, unsigned int, CUtensorMap_st, CUtensorMap_st, CUtensorMap_st, CUtensorMap_st)",,,0.101696,0.164448
dense_prefetch,prefill,Compute,kernel,680990904,681048088,680990904,681048088,7,0,341870085406720,echo/dense_prefetch/prefill_annotated/layer_1/compute_graph_projection_layer_1_q_1024/call_4253,727276,20,85899345938,q_absorb,layer_1,nvjet_sm90_tst_256x128_64x4_1x2_h_bz_coopA_NNT,,,0.172032,0.229216
dense_prefetch,prefill,Compute,kernel,681048312,681056472,681048312,681056472,7,0,341870085406720,echo/dense_prefetch/prefill_annotated/layer_1/compute_graph_projection_layer_1_q_1024/call_4253,727276,20,85899345939,kv_a_proj,layer_1,activation_quantization,,,0.22944,0.2376
dense_prefetch,prefill,Compute,kernel,681056856,681058904,681056856,681058904,7,0,341870085406720,echo/dense_prefetch/prefill_annotated/layer_1/compute_graph_projection_layer_1_q_1024/call_4253,727276,20,85899345940,kv_a_proj,layer_1,"void deep_gemm::transpose_fp32<(unsigned int)512, (unsigned int)64, (unsigned int)56, (unsigned int)128, (unsigned int)57>(const float *, float *, unsigned int)",,,0.237984,0.240032
dense_prefetch,prefill,Compute,kernel,681059288,681076248,681059288,681076248,7,0,341870085406720,echo/dense_prefetch/prefill_annotated/layer_1/compute_graph_projection_layer_1_q_1024/call_4253,727276,20,85899345941,kv_a_proj,layer_1,"void deep_gemm::sm90_fp8_gemm_1d2d_impl<(cute::UMMA::Major)0, (unsigned int)0, (unsigned int)576, (unsigned int)7168, (unsigned int)1, (unsigned int)64, (unsigned int)80, (unsigned int)128, (unsigned int)128, (unsigned int)128, (unsigned int)32, (unsigned int)11, (unsigned int)128, (unsigned int)128, (unsigned int)1, (bool)0, (unsigned int)132, (deep_gemm::GemmType)0, cutlass::bfloat16_t>(float *, int *, unsigned int, unsigned int, unsigned int, CUtensorMap_st, CUtensorMap_st, CUtensorMap_st, CUtensorMap_st)",,,0.240416,0.257376
dense_prefetch,prefill,Compute,kernel,681076664,681079256,681076664,681079256,7,0,341870085406720,echo/dense_prefetch/prefill_annotated/layer_1/compute_graph_projection_layer_1_q_1024/call_4253,727276,20,85899345942,compute_graph_projection_layer_1_q_1024,layer_1,"void at::native::elementwise_kernel<(int)128, (int)4, void at::native::gpu_kernel_impl_nocast<at::native::direct_copy_kernel_cuda(at::TensorIteratorBase &)::[lambda() (instance 3)]::operator ()() const::[lambda() (instance 12)]::operator ()() const::[lambda(c10::BFloat16) (instance 1)]>(at::TensorIteratorBase &, const T1 &)::[lambda(int) (instance 1)]>(int, T3)",,,0.257792,0.260384
dense_prefetch,prefill,Compute,kernel,681079896,681081688,681079896,681081688,7,0,341870085406720,echo/dense_prefetch/prefill_annotated/layer_1/compute_graph_projection_layer_1_q_1024/call_4253,727276,20,85899345943,compute_graph_projection_layer_1_q_1024,layer_1,kernel_cutlass_kernel_operatorsdeepseek_v32norm_plainLocalPlainRMSNorm_object_at__tensorptrbf16gmemalign128oi645125121_tensorptrf32gmemalign16o5121_tensorptrbf16gmemalign128oi645125121____0,,,0.261024,0.262816
dense_prefetch,prefill,Compute,kernel,681082104,681094296,681082104,681094296,7,0,341870085406720,echo/dense_prefetch/prefill_annotated/layer_1/compute_graph_projection_layer_1_q_1024/call_4253,727276,20,85899345944,compute_graph_projection_layer_1_q_1024,layer_1,"void flashinfer::BatchQKApplyRotaryPosIdsCosSinCacheHeadParallelismKernel<(bool)1, (unsigned int)64, (unsigned int)8, (unsigned int)8, __nv_bfloat16, long>(T5 *, T5 *, T5 *, T5 *, float *, T6 *, unsigned int, unsigned int, unsigned int, unsigned int, unsigned long, unsigned long, unsigned long, unsigned long, unsigned long, unsigned long, unsigned long, unsigned long)",,,0.263232,0.275424
dense_prefetch,prefill,Compute,kernel,681094552,681098264,681094552,681098264,7,0,341870085406720,echo/dense_prefetch/prefill_annotated/layer_1/compute_graph_projection_layer_1_q_1024/call_4253,727276,20,85899345945,index_q_proj,layer_1,activation_quantization,,,0.27568,0.279392
dense_prefetch,prefill,Compute,kernel,681098680,681100152,681098680,681100152,7,0,341870085406720,echo/dense_prefetch/prefill_annotated/layer_1/compute_graph_projection_layer_1_q_1024/call_4253,727276,20,85899345946,index_q_proj,layer_1,"void deep_gemm::transpose_fp32<(unsigned int)512, (unsigned int)64, (unsigned int)12, (unsigned int)128, (unsigned int)13>(const float *, float *, unsigned int)",,,0.279808,0.28128
dense_prefetch,prefill,Compute,kernel,681100600,681124344,681100600,681124344,7,0,341870085406720,echo/dense_prefetch/prefill_annotated/layer_1/compute_graph_projection_layer_1_q_1024/call_4253,727276,20,85899345947,index_q_proj,layer_1,"void deep_gemm::sm90_fp8_gemm_1d2d_impl<(cute::UMMA::Major)0, (unsigned int)0, (unsigned int)8192, (unsigned int)1536, (unsigned int)1, (unsigned int)256, (unsigned int)128, (unsigned int)128, (unsigned int)128, (unsigned int)128, (unsigned int)128, (unsigned int)3, (unsigned int)128, (unsigned int)256, (unsigned int)2, (bool)1, (unsigned int)132, (deep_gemm::GemmType)0, cutlass::bfloat16_t>(float *, int *, unsigned int, unsigned int, unsigned int, CUtensorMap_st, CUtensorMap_st, CUtensorMap_st, CUtensorMap_st)",,,0.281728,0.305472
dense_prefetch,prefill,Compute,kernel,681125016,681132184,681125016,681132184,7,0,341870085406720,echo/dense_prefetch/prefill_annotated/layer_1/compute_graph_projection_layer_1_q_1024/call_4253,727276,20,85899345948,index_k_proj,layer_1,activation_quantization,,,0.306144,0.313312
dense_prefetch,prefill,Compute,kernel,681132600,681134616,681132600,681134616,7,0,341870085406720,echo/dense_prefetch/prefill_annotated/layer_1/compute_graph_projection_layer_1_q_1024/call_4253,727276,20,85899345949,index_k_proj,layer_1,"void deep_gemm::transpose_fp32<(unsigned int)512, (unsigned int)64, (unsigned int)56, (unsigned int)128, (unsigned int)57>(const float *, float *, unsigned int)",,,0.313728,0.315744
dense_prefetch,prefill,Compute,kernel,681135032,681144920,681135032,681144920,7,0,341870085406720,echo/dense_prefetch/prefill_annotated/layer_1/compute_graph_projection_layer_1_q_1024/call_4253,727276,20,85899345950,index_k_proj,layer_1,"void deep_gemm::sm90_fp8_gemm_1d2d_impl<(cute::UMMA::Major)0, (unsigned int)0, (unsigned int)128, (unsigned int)7168, (unsigned int)1, (unsigned int)64, (unsigned int)16, (unsigned int)128, (unsigned int)128, (unsigned int)128, (unsigned int)32, (unsigned int)16, (unsigned int)128, (unsigned int)128, (unsigned int)1, (bool)0, (unsigned int)132, (deep_gemm::GemmType)0, cutlass::bfloat16_t>(float *, int *, unsigned int, unsigned int, unsigned int, CUtensorMap_st, CUtensorMap_st, CUtensorMap_st, CUtensorMap_st)",,,0.31616,0.326048
dense_prefetch,prefill,Compute,kernel,681145336,681148216,681145336,681148216,7,0,341870085406720,echo/dense_prefetch/prefill_annotated/layer_1/compute_graph_projection_layer_1_q_1024/call_4253,727276,20,85899345951,compute_graph_projection_layer_1_q_1024,layer_1,"void at::native::unrolled_elementwise_kernel<at::native::direct_copy_kernel_cuda(at::TensorIteratorBase &)::[lambda() (instance 3)]::operator ()() const::[lambda() (instance 7)]::operator ()() const::[lambda(float) (instance 1)], std::array<char *, (unsigned long)2>, (int)4, TrivialOffsetCalculator<(int)1, unsigned int>, TrivialOffsetCalculator<(int)1, unsigned int>, at::native::memory::LoadWithCast<(int)1>, at::native::memory::StoreWithCast<(int)1>>(int, T1, T2, T4, T5, T6, T7)",,,0.326464,0.329344
dense_prefetch,prefill,Compute,kernel,681148600,681152120,681148600,681152120,7,0,341870085406720,echo/dense_prefetch/prefill_annotated/layer_1/compute_graph_projection_layer_1_q_1024/call_4253,727276,20,85899345952,compute_graph_projection_layer_1_q_1024,layer_1,"void at::native::<unnamed>::vectorized_layer_norm_kernel<float, float, (bool)0>(int, T2, const T1 *, const T1 *, const T1 *, T2 *, T2 *, T1 *)",,,0.329728,0.333248
dense_prefetch,prefill,Compute,kernel,681152536,681153880,681152536,681153880,7,0,341870085406720,echo/dense_prefetch/prefill_annotated/layer_1/compute_graph_projection_layer_1_q_1024/call_4253,727276,20,85899345953,compute_graph_projection_layer_1_q_1024,layer_1,"void at::native::vectorized_elementwise_kernel<(int)8, at::native::bfloat16_copy_kernel_cuda(at::TensorIteratorBase &)::[lambda(float) (instance 1)], std::array<char *, (unsigned long)2>>(int, T2, T3)",,,0.333664,0.335008
dense_prefetch,prefill,Compute,kernel,681154296,681165560,681154296,681165560,7,0,341870085406720,echo/dense_prefetch/prefill_annotated/layer_1/compute_graph_projection_layer_1_q_1024/call_4253,727276,20,85899345954,compute_graph_projection_layer_1_q_1024,layer_1,"void flashinfer::BatchQKApplyRotaryPosIdsCosSinCacheHeadParallelismKernel<(bool)0, (unsigned int)128, (unsigned int)8, (unsigned int)16, __nv_bfloat16, long>(T5 *, T5 *, T5 *, T5 *, float *, T6 *, unsigned int, unsigned int, unsigned int, unsigned int, unsigned long, unsigned long, unsigned long, unsigned long, unsigned long, unsigned long, unsigned long, unsigned long)",,,0.335424,0.346688
dense_prefetch,prefill,Compute,kernel,681165784,681171160,681165784,681171160,7,0,341870085406720,echo/dense_prefetch/prefill_annotated/layer_1/compute_graph_projection_layer_1_q_1024/call_4253,727276,20,85899345955,compute_graph_projection_layer_1_q_1024,layer_1,quantize_kernel,,,0.346912,0.352288
dense_prefetch,prefill,Compute,kernel,681171832,681173176,681171832,681173176,7,0,341870085406720,echo/dense_prefetch/prefill_annotated/layer_1/compute_graph_projection_layer_1_q_1024/call_4253,727276,20,85899345956,compute_graph_projection_layer_1_q_1024,layer_1,quantize_kernel,,,0.35296,0.354304
dense_prefetch,prefill,Compute,kernel,681173752,681198039,681173752,681198039,7,0,341870085406720,echo/dense_prefetch/prefill_annotated/layer_1/compute_graph_projection_layer_1_q_1024/call_4253,727276,20,85899345957,compute_graph_projection_layer_1_q_1024,layer_1,"void at::native::unrolled_elementwise_kernel<at::native::direct_copy_kernel_cuda(at::TensorIteratorBase &)::[lambda() (instance 3)]::operator ()() const::[lambda() (instance 7)]::operator ()() const::[lambda(float) (instance 1)], std::array<char *, (unsigned long)2>, (int)4, TrivialOffsetCalculator<(int)1, unsigned int>, TrivialOffsetCalculator<(int)1, unsigned int>, at::native::memory::LoadWithCast<(int)1>, at::native::memory::StoreWithCast<(int)1>>(int, T1, T2, T4, T5, T6, T7)",,,0.35488,0.379167
dense_prefetch,prefill,Compute,kernel,681198583,681233047,681198583,681233047,7,0,341870085406720,echo/dense_prefetch/prefill_annotated/layer_1/compute_graph_projection_layer_1_q_1024/call_4253,727276,20,85899345958,index_weights_proj,layer_1,sm80_xmma_gemm_f32f32_f32f32_f32_tn_n_tilesize128x64x8_stage3_warpsize2x2x1_ffma_aligna4_alignc4_execute_kernel__5x_cublas,,,0.379711,0.414175
dense_prefetch,prefill,Compute,kernel,681233431,681240279,681233431,681240279,7,0,341870085406720,echo/dense_prefetch/prefill_annotated/layer_1/compute_graph_projection_layer_1_q_1024/call_4253,727276,20,85899345959,index_weights_proj,layer_1,sm80_xmma_gemm_f32f32_f32f32_f32_tn_n_tilesize128x64x8_stage3_warpsize2x2x1_ffma_aligna4_alignc4_execute_split_k_kernel__5x_cublas,,,0.414559,0.421407
dense_prefetch,prefill,Compute,kernel,681240695,681241943,681240695,681241943,7,0,341870085406720,echo/dense_prefetch/prefill_annotated/layer_1/compute_graph_projection_layer_1_q_1024/call_4253,727276,20,85899345960,compute_graph_projection_layer_1_q_1024,layer_1,"void at::native::vectorized_elementwise_kernel<(int)4, at::native::AUnaryFunctor<float, float, float, at::native::binary_internal::MulFunctor<float>>, std::array<char *, (unsigned long)2>>(int, T2, T3)",,,0.421823,0.423071
dense_prefetch,prefill,Compute,kernel,681242359,681244055,681242359,681244055,7,0,341870085406720,echo/dense_prefetch/prefill_annotated/layer_1/compute_graph_projection_layer_1_q_1024/call_4253,727276,20,85899345961,compute_graph_projection_layer_1_q_1024,layer_1,"void at::native::vectorized_elementwise_kernel<(int)4, at::native::BinaryFunctor<float, float, float, at::native::binary_internal::MulFunctor<float>>, std::array<char *, (unsigned long)3>>(int, T2, T3)",,,0.423487,0.425183
dense_prefetch,prefill,Compute,kernel,681244439,681245559,681244439,681245559,7,0,341870085406720,echo/dense_prefetch/prefill_annotated/layer_1/compute_graph_projection_layer_1_q_1024/call_4253,727276,20,85899345962,compute_graph_projection_layer_1_q_1024,layer_1,"void at::native::vectorized_elementwise_kernel<(int)4, at::native::AUnaryFunctor<float, float, float, at::native::binary_internal::MulFunctor<float>>, std::array<char *, (unsigned long)2>>(int, T2, T3)",,,0.425567,0.426687
dense_prefetch,prefill,Compute,kernel,681245943,681248695,681245943,681248695,7,0,341870085406720,echo/dense_prefetch/prefill_annotated/layer_1/compute_graph_projection_layer_1_q_1024/call_4253,727276,20,85899345963,compute_graph_projection_layer_1_q_1024,layer_1,"void at::native::<unnamed>::CatArrayBatchedCopy_vectorized<at::native::<unnamed>::OpaqueType<(unsigned int)2>, unsigned int, (int)2, (int)128, (int)1, (int)16, (int)8>(char *, at::native::<unnamed>::CatArrInputTensorMetadata<T1, T2, T4, T5>, at::native::<unnamed>::TensorSizeStride<T2, (unsigned int)4>, int, T2)",,,0.427071,0.429823
dense_prefetch,prefill,Compute,kernel,681258999,682383734,681258999,682383734,7,0,341870085406720,echo/dense_prefetch/prefill_annotated/layer_1/indexer_qk/call_4258,727342,,,indexer_qk,layer_1,"void deep_gemm::sm90_fp8_mqa_logits<(unsigned int)64, (unsigned int)128, (unsigned int)2, (unsigned int)256, (unsigned int)3, (unsigned int)3, (unsigned int)132, (unsigned int)128, (unsigned int)512, float>(unsigned int, unsigned int, unsigned int, unsigned int *, unsigned int *, T10 *, CUtensorMap_st, CUtensorMap_st, CUtensorMap_st, CUtensorMap_st)",,,0.440127,1.564862
dense_prefetch,prefill,Compute,kernel,682386294,682387158,682386294,682387158,7,0,341870085406720,echo/dense_prefetch/prefill_annotated/layer_1/indexer_qk/call_4258,727359,,,indexer_qk,layer_1,"void <unnamed>::elementwise_kernel_with_index<int, at::native::arange_cuda_out(const c10::Scalar &, const c10::Scalar &, const c10::Scalar &, at::Tensor &)::[lambda() (instance 1)]::operator ()() const::[lambda() (instance 4)]::operator ()() const::[lambda(long) (instance 1)]>(T1, T2, function_traits<T2>::result_type *)",,,1.567422,1.568286
dense_prefetch,prefill,Compute,kernel,682388342,682394198,682388342,682394198,7,0,341870085406720,echo/dense_prefetch/prefill_annotated/layer_1/indexer_qk/call_4258,727381,,,indexer_qk,layer_1,"void at::native::elementwise_kernel<(int)128, (int)4, void at::native::gpu_kernel_impl<at::native::<unnamed>::CompareFunctor<long>>(at::TensorIteratorBase &, const T1 &)::[lambda(int) (instance 1)]>(int, T3)",,,1.56947,1.575326
dense_prefetch,prefill,Compute,kernel,682395734,682400694,682395734,682400694,7,0,341870085406720,echo/dense_prefetch/prefill_annotated/layer_1/indexer_qk/call_4258,727388,,,indexer_qk,layer_1,"void at::native::elementwise_kernel<(int)128, (int)2, void at::native::gpu_kernel_impl_nocast<at::native::<unnamed>::masked_fill_kernel(at::TensorIterator &, const c10::Scalar &)::[lambda() (instance 1)]::operator ()() const::[lambda() (instance 7)]::operator ()() const::[lambda(float, bool) (instance 1)]>(at::TensorIteratorBase &, const T1 &)::[lambda(int) (instance 1)]>(int, T3)",,,1.576862,1.581822
dense_prefetch,prefill,Compute,kernel,682401910,682659605,682401910,682659605,7,0,341870085406720,echo/dense_prefetch/prefill_annotated/layer_1/exact_topk/call_4259,727416,,,exact_topk,layer_1,"void flashinfer::sampling::FilteredTopKUnifiedKernel<float, int, (int)4, (bool)1, (flashinfer::sampling::FilteredTopKMode)0, (flashinfer::sampling::TopKTieBreak)1, flashinfer::sampling::DirectPageTableKernelPolicy<int>, >(const T1 *, T2 *, T1 *, const T2 *, long, const T2 *, const T2 *, const T2 *, const T2 *, unsigned int, unsigned int, unsigned int, T8...)",,,1.583038,1.840733
dense_prefetch,prefill,Compute,kernel,682662165,682720437,682662165,682720437,7,0,341870085406720,echo/dense_prefetch/prefill_annotated/layer_1/exact_topk/call_4259,727417,,,exact_topk,layer_1,"void flashinfer::sampling::FinalizeTopKIndicesKernel<(bool)1, (flashinfer::sampling::FilteredTopKMode)0, (unsigned int)256, (unsigned int)8, float, int, flashinfer::sampling::DirectPageTableKernelPolicy<int>, >(T6 *, T5 *, const T6 *, long, const T6 *, const T6 *, unsigned int, unsigned int, T8...)",,,1.843293,1.901565
dense_prefetch,prefill,Compute,kernel,682721653,682791509,682721653,682791509,7,0,341870085406720,echo/dense_prefetch/prefill_annotated/layer_1/exact_topk/call_4259,727418,,,exact_topk,layer_1,"void flashinfer::sampling::StableSortTopKByValueKernel<(unsigned int)256, (unsigned int)8, int, float>(T3 *, T4 *, unsigned int, unsigned int)",,,1.902781,1.972637
dense_prefetch,prefill,Compute,kernel,682792853,682795445,682792853,682795445,7,0,341870085406720,echo/dense_prefetch/prefill_annotated/layer_1/exact_topk/call_4259,727423,,,exact_topk,layer_1,mask_kernel,,,1.973981,1.976573
dense_prefetch,prefill,GPU control,kernel,682796597,682801493,682796597,682801493,7,0,341870085406720,echo/dense_prefetch/prefill_annotated/layer_1/cache_write/call_4260,727455,,,cache_write,layer_1,"void echo_native::planned_append_kernel<uint4>(const char *, char *, int, long, const int *, const long *, int *, long *, int, int, long *, bool *, long *, unsigned long long *, int, long)",,,1.977725,1.982621
dense_prefetch,prefill,GPU control,kernel,682802581,682803573,682802581,682803573,7,0,341870085406720,echo/dense_prefetch/prefill_annotated/layer_1/offload_exact_recall/call_4261,727548,,,offload_exact_recall,layer_1,"echo_native::resident_union_clear(unsigned int *, long, unsigned int *)",,,1.983709,1.984701
dense_prefetch,prefill,GPU control,kernel,682804757,682920341,682804757,682920341,7,0,341870085406720,echo/dense_prefetch/prefill_annotated/layer_1/offload_exact_recall/call_4261,727551,,,offload_exact_recall,layer_1,"void echo_native::resident_selection_kernel<(bool)1>(const int *, int *, long, const int *, const int *, int, long *, long *, unsigned int *, unsigned int *, unsigned long long *, int, int, bool, int, int, long)",,,1.985885,2.101469
dense_prefetch,prefill,Compute,kernel,682921557,683882931,682921557,683882931,7,0,341870085406720,echo/dense_prefetch/prefill_annotated/layer_1/mla_qk_pv/call_4263,727591,,,mla_qk_pv,layer_1,"void sm90::prefill::sparse_fwd::sparse_attn_fwd_kernel<sm90::prefill::sparse_fwd::KernelTemplate<(int)576, (bool)0>, sm90::prefill::sparse_fwd::KernelTemplate<(int)576, (bool)0>::TmaParams<cute::tuple<int, int, int>, cute::TiledCopy<cute::Copy_Atom<cute::Copy_Traits<cute::SM90_TMA_LOAD, cute::C<(int)65536>, cute::AuxTmaParams<cute::tuple<cute::ScaledBasis<cute::C<(int)1>, (int)1>, cute::ScaledBasis<cute::C<(int)1>, (int)0>, cute::ScaledBasis<cute::C<(int)1>, (int)2>>, const cute::Layout<cute::tuple<cute::C<(int)64>, cute::C<(int)64>, cute::C<(int)1>>, cute::tuple<cute::ScaledBasis<cute::C<(int)1>, (int)1>, cute::ScaledBasis<cute::C<(int)1>, (int)0>, cute::ScaledBasis<cute::C<(int)1>, (int)2>>> &, const cute::Swizzle<(int)3, (int)4, (int)3> &>>, cutlass::bfloat16_t>, cute::Layout<cute::tuple<cute::C<(int)1>, cute::tuple<cute::tuple<cute::tuple<cute::C<(int)64>, cute::C<(int)64>>, cute::C<(int)9>>>>, cute::tuple<cute::C<(int)0>, cute::tuple<cute::tuple<cute::tuple<cute::C<(int)64>, cute::C<(int)1>>, cute::C<(int)4096>>>>>, cute::tuple<cute::C<(int)64>, cute::C<(int)576>>>>>(SparseAttnFwdParams, T2)",,,2.102685,3.064059
dense_prefetch,prefill,Compute,kernel,683887539,683939507,683887539,683939507,7,0,341870085406720,echo/dense_prefetch/prefill_annotated/layer_1/v_expand/call_4266,727606,,,v_expand,layer_1,nvjet_sm90_tst_128x256_64x4_1x2_h_bz_coopA_NNN,,,3.068667,3.120635
dense_prefetch,prefill,Compute,kernel,683943347,683954963,683943347,683954963,7,0,341870085406720,echo/dense_prefetch/prefill_annotated/layer_1/compute_graph_finish_layer_1_q_1024/call_4267,727611,23,98784247808,o_proj,layer_1,activation_quantization,,,3.124475,3.136091
dense_prefetch,prefill,Compute,kernel,683955379,683959187,683955379,683959187,7,0,341870085406720,echo/dense_prefetch/prefill_annotated/layer_1/compute_graph_finish_layer_1_q_1024/call_4267,727611,23,98784247809,o_proj,layer_1,"void deep_gemm::transpose_fp32<(unsigned int)512, (unsigned int)64, (unsigned int)128, (unsigned int)128, (unsigned int)129>(const float *, float *, unsigned int)",,,3.136507,3.140315
dense_prefetch,prefill,Compute,kernel,683959635,684160083,683959635,684160083,7,0,341870085406720,echo/dense_prefetch/prefill_annotated/layer_1/compute_graph_finish_layer_1_q_1024/call_4267,727611,23,98784247810,o_proj,layer_1,"void deep_gemm::sm90_fp8_gemm_1d2d_impl<(cute::UMMA::Major)0, (unsigned int)0, (unsigned int)7168, (unsigned int)16384, (unsigned int)1, (unsigned int)256, (unsigned int)112, (unsigned int)128, (unsigned int)128, (unsigned int)128, (unsigned int)32, (unsigned int)3, (unsigned int)128, (unsigned int)256, (unsigned int)2, (bool)1, (unsigned int)132, (deep_gemm::GemmType)0, cutlass::bfloat16_t>(float *, int *, unsigned int, unsigned int, unsigned int, CUtensorMap_st, CUtensorMap_st, CUtensorMap_st, CUtensorMap_st)",,,3.140763,3.341211
dense_prefetch,prefill,Compute,kernel,684160755,684175443,684160755,684175443,7,0,341870085406720,echo/dense_prefetch/prefill_annotated/layer_1/compute_graph_finish_layer_1_q_1024/call_4267,727611,23,98784247811,compute_graph_finish_layer_1_q_1024,layer_1,kernel_cutlass_kernel_operatorsdeepseek_v32norm_fusedLocalFusedRMSNorm_object_at__tensorptrbf16gmemalign128oi64716871681_tensorptrbf16gmemalign128oi64716871681_tensorptrf32gmemalign16o716_0,,,3.341883,3.356571
dense_prefetch,prefill,Compute,kernel,684175731,684180691,684175731,684180691,7,0,341870085406720,echo/dense_prefetch/prefill_annotated/layer_1/compute_graph_finish_layer_1_q_1024/call_4267,727611,23,98784247812,mlp_gate,layer_1,activation_quantization,,,3.356859,3.361819
dense_prefetch,prefill,Compute,kernel,684181107,684183123,684181107,684183123,7,0,341870085406720,echo/dense_prefetch/prefill_annotated/layer_1/compute_graph_finish_layer_1_q_1024/call_4267,727611,23,98784247813,mlp_gate,layer_1,"void deep_gemm::transpose_fp32<(unsigned int)512, (unsigned int)64, (unsigned int)56, (unsigned int)128, (unsigned int)57>(const float *, float *, unsigned int)",,,3.362235,3.364251
dense_prefetch,prefill,Compute,kernel,684183571,684406835,684183571,684406835,7,0,341870085406720,echo/dense_prefetch/prefill_annotated/layer_1/compute_graph_finish_layer_1_q_1024/call_4267,727611,23,98784247814,mlp_gate,layer_1,"void deep_gemm::sm90_fp8_gemm_1d2d_impl<(cute::UMMA::Major)0, (unsigned int)0, (unsigned int)18432, (unsigned int)7168, (unsigned int)1, (unsigned int)256, (unsigned int)112, (unsigned int)128, (unsigned int)128, (unsigned int)128, (unsigned int)32, (unsigned int)3, (unsigned int)128, (unsigned int)256, (unsigned int)2, (bool)1, (unsigned int)132, (deep_gemm::GemmType)0, cutlass::bfloat16_t>(float *, int *, unsigned int, unsigned int, unsigned int, CUtensorMap_st, CUtensorMap_st, CUtensorMap_st, CUtensorMap_st)",,,3.364699,3.587963
dense_prefetch,prefill,Compute,kernel,684407123,684409491,684407123,684409491,7,0,341870085406720,echo/dense_prefetch/prefill_annotated/layer_1/compute_graph_finish_layer_1_q_1024/call_4267,727611,23,98784247815,mlp_up,layer_1,"void deep_gemm::transpose_fp32<(unsigned int)512, (unsigned int)64, (unsigned int)56, (unsigned int)128, (unsigned int)57>(const float *, float *, unsigned int)",,,3.588251,3.590619
dense_prefetch,prefill,Compute,kernel,684409907,684633394,684409907,684633394,7,0,341870085406720,echo/dense_prefetch/prefill_annotated/layer_1/compute_graph_finish_layer_1_q_1024/call_4267,727611,23,98784247816,mlp_up,layer_1,"void deep_gemm::sm90_fp8_gemm_1d2d_impl<(cute::UMMA::Major)0, (unsigned int)0, (unsigned int)18432, (unsigned int)7168, (unsigned int)1, (unsigned int)256, (unsigned int)112, (unsigned int)128, (unsigned int)128, (unsigned int)128, (unsigned int)32, (unsigned int)3, (unsigned int)128, (unsigned int)256, (unsigned int)2, (bool)1, (unsigned int)132, (deep_gemm::GemmType)0, cutlass::bfloat16_t>(float *, int *, unsigned int, unsigned int, unsigned int, CUtensorMap_st, CUtensorMap_st, CUtensorMap_st, CUtensorMap_st)",,,3.591035,3.814522
dense_prefetch,prefill,Compute,kernel,684634002,684662770,684634002,684662770,7,0,341870085406720,echo/dense_prefetch/prefill_annotated/layer_1/compute_graph_finish_layer_1_q_1024/call_4267,727611,23,98784247817,compute_graph_finish_layer_1_q_1024,layer_1,"void flashinfer::activation::act_and_mul_kernel<__nv_bfloat16, &silu>(T1 *, const T1 *, int)",,,3.81513,3.843898
dense_prefetch,prefill,Compute,kernel,684663026,684676914,684663026,684676914,7,0,341870085406720,echo/dense_prefetch/prefill_annotated/layer_1/compute_graph_finish_layer_1_q_1024/call_4267,727611,23,98784247818,mlp_down,layer_1,activation_quantization,,,3.844154,3.858042
dense_prefetch,prefill,Compute,kernel,684677330,684681650,684677330,684681650,7,0,341870085406720,echo/dense_prefetch/prefill_annotated/layer_1/compute_graph_finish_layer_1_q_1024/call_4267,727611,23,98784247819,mlp_down,layer_1,"void deep_gemm::transpose_fp32<(unsigned int)512, (unsigned int)64, (unsigned int)144, (unsigned int)128, (unsigned int)145>(const float *, float *, unsigned int)",,,3.858458,3.862778
dense_prefetch,prefill,Compute,kernel,684682098,684904210,684682098,684904210,7,0,341870085406720,echo/dense_prefetch/prefill_annotated/layer_1/compute_graph_finish_layer_1_q_1024/call_4267,727611,23,98784247820,mlp_down,layer_1,"void deep_gemm::sm90_fp8_gemm_1d2d_impl<(cute::UMMA::Major)0, (unsigned int)0, (unsigned int)7168, (unsigned int)18432, (unsigned int)1, (unsigned int)256, (unsigned int)112, (unsigned int)128, (unsigned int)128, (unsigned int)128, (unsigned int)32, (unsigned int)3, (unsigned int)128, (unsigned int)256, (unsigned int)2, (bool)1, (unsigned int)132, (deep_gemm::GemmType)0, cutlass::bfloat16_t>(float *, int *, unsigned int, unsigned int, unsigned int, CUtensorMap_st, CUtensorMap_st, CUtensorMap_st, CUtensorMap_st)",,,3.863226,4.085338
dense_prefetch,prefill,GPU control,memcpy,680825464,680832536,680825464,680832536,7,0,341870085406720,echo/dense_prefetch/prefill_annotated/layer_1/compute_graph_projection_inputs/call_4252,727253,0,,compute_graph_projection_inputs,layer_1,Device-to-Device,Device-to-Device,14680064,0.006592,0.013664
dense_prefetch,prefill,GPU control,memcpy,680833592,680841880,680833592,680841880,7,0,341870085406720,echo/dense_prefetch/prefill_annotated/layer_1/compute_graph_projection_inputs/call_4252,727261,0,,compute_graph_projection_inputs,layer_1,Device-to-Device,Device-to-Device,14680064,0.01472,0.023008
dense_prefetch,prefill,GPU control,memcpy,681251351,681252727,681251351,681252727,7,0,341870085406720,echo/dense_prefetch/prefill_annotated/layer_1/compute_graph_owned_writeback_source/call_4254,727290,0,,compute_graph_owned_writeback_source,layer_1,Device-to-Device,Device-to-Device,1179648,0.432479,0.433855
dense_prefetch,prefill,GPU control,memcpy,681253943,681255543,681253943,681255543,7,0,341870085406720,echo/dense_prefetch/prefill_annotated/layer_1/index_cache_write/call_4255,727296,0,,index_cache_write,layer_1,Device-to-Device,Device-to-Device,131072,0.435071,0.436671
dense_prefetch,prefill,GPU control,memcpy,681256887,681257783,681256887,681257783,7,0,341870085406720,echo/dense_prefetch/prefill_annotated/layer_1/index_cache_write/call_4255,727304,0,,index_cache_write,layer_1,Device-to-Device,Device-to-Device,4096,0.438015,0.438911
dense_prefetch,prefill,IO,memcpy,682807509,682833461,682807509,682833461,41,0,341870085406720,echo/dense_prefetch/prefill_annotated/layer_1/cache_write/call_4260,727498,0,,cache_write,layer_1,Device-to-Host,Device-to-Host,1179648,1.988637,2.014589
dense_prefetch,prefill,GPU control,memset,680984856,680985624,680984856,680985624,7,0,341870085406720,echo/dense_prefetch/prefill_annotated/layer_1/compute_graph_projection_layer_1_q_1024/call_4253,727276,0,85899345937,q_absorb,layer_1,memset,,4,0.165984,0.166752
dense_prefetch,prefill,GPU control,memset,683884659,683885395,683884659,683885395,7,0,341870085406720,echo/dense_prefetch/prefill_annotated/layer_1/v_expand/call_4266,727605,0,,v_expand,layer_1,memset,,4,3.065787,3.066523
dense_prefetch,prefill,CPU CUDA API,api,680818872,684904210,680779660,689457540,,,,echo/dense_prefetch/prefill_annotated/shared/forward_misc/call_0,728197,,,forward_misc,shared,cudaDeviceSynchronize_v3020,,,0.0,4.085338
dense_prefetch,prefill,CPU control,nvtx,680818872,684904210,27718867,689566957,,,,echo/dense_prefetch/prefill_annotated/shared/forward_misc/call_0,,,,forward_misc,shared,forward_misc,,,0.0,4.085338
dense_prefetch,extend,GPU control,kernel,31966030,31969678,31966030,31969678,45,0,341870085406720,echo/dense_prefetch/extend_annotated/shared/dense_history_prefetch_layer_1/call_4,730336,,,dense_history_prefetch_layer_1,1,"echo_native::dense_history_publish_kernel(const int *, int *, long *, long *, bool *, long *, int, int, int, long)",,,0.345983,0.349631
dense_prefetch,extend,GPU control,kernel,31970734,31973358,31970734,31973358,7,0,341870085406720,echo/dense_prefetch/extend_annotated/shared/dense_history_prefetch_layer_2/call_26,730802,,,dense_history_prefetch_layer_2,2,"echo_native::dense_history_clear_kernel(int *, long *, long *, bool *, unsigned long long *, int, int, int, int)",,,0.350687,0.353311
dense_prefetch,extend,GPU control,kernel,31992078,31992846,31992078,31992846,7,0,341870085406720,echo/dense_prefetch/extend_annotated/layer_1/compute_graph_projection_inputs/call_31,730919,,,compute_graph_projection_inputs,layer_1,"void at::native::vectorized_elementwise_kernel<(int)2, at::native::FillFunctor<long>, std::array<char *, (unsigned long)1>>(int, T2, T3)",,,0.372031,0.372799
dense_prefetch,extend,Compute,kernel,32130094,32133294,32130094,32133294,7,0,341870085406720,echo/dense_prefetch/extend_annotated/layer_1/compute_graph_projection_layer_1_q_128/call_32,730925,14,60129542144,compute_graph_projection_layer_1_q_128,layer_1,kernel_cutlass_kernel_operatorsdeepseek_v32norm_fusedLocalFusedRMSNorm_object_at__tensorptrbf16gmemalign128oi64716871681_tensorptrbf16gmemalign128oi64716871681_tensorptrf32gmemalign16o716_0,,,0.510047,0.513247
dense_prefetch,extend,Compute,kernel,32133934,32135662,32133934,32135662,7,0,341870085406720,echo/dense_prefetch/extend_annotated/layer_1/compute_graph_projection_layer_1_q_128/call_32,730925,14,60129542145,compute_graph_projection_layer_1_q_128,layer_1,"void at::native::elementwise_kernel<(int)128, (int)2, void at::native::gpu_kernel_impl_nocast<at::native::CUDAFunctor_add<long>>(at::TensorIteratorBase &, const T1 &)::[lambda(int) (instance 1)]>(int, T3)",,,0.513887,0.515615
dense_prefetch,extend,Compute,kernel,32136302,32137646,32136302,32137646,7,0,341870085406720,echo/dense_prefetch/extend_annotated/layer_1/compute_graph_projection_layer_1_q_128/call_32,730925,14,60129542146,compute_graph_projection_layer_1_q_128,layer_1,"void at::native::unrolled_elementwise_kernel<at::native::direct_copy_kernel_cuda(at::TensorIteratorBase &)::[lambda() (instance 3)]::operator ()() const::[lambda() (instance 7)]::operator ()() const::[lambda(float) (instance 1)], std::array<char *, (unsigned long)2>, (int)4, TrivialOffsetCalculator<(int)1, unsigned int>, TrivialOffsetCalculator<(int)1, unsigned int>, at::native::memory::LoadWithCast<(int)1>, at::native::memory::StoreWithCast<(int)1>>(int, T1, T2, T4, T5, T6, T7)",,,0.516255,0.517599
dense_prefetch,extend,Compute,kernel,32138222,32139342,32138222,32139342,7,0,341870085406720,echo/dense_prefetch/extend_annotated/layer_1/compute_graph_projection_layer_1_q_128/call_32,730925,14,60129542147,compute_graph_projection_layer_1_q_128,layer_1,"void at::native::vectorized_elementwise_kernel<(int)2, at::native::CUDAFunctorOnSelf_add<long>, std::array<char *, (unsigned long)2>>(int, T2, T3)",,,0.518175,0.519295
dense_prefetch,extend,Compute,kernel,32139726,32140910,32139726,32140910,7,0,341870085406720,echo/dense_prefetch/extend_annotated/layer_1/compute_graph_projection_layer_1_q_128/call_32,730925,14,60129542148,compute_graph_projection_layer_1_q_128,layer_1,"void at::native::unrolled_elementwise_kernel<at::native::direct_copy_kernel_cuda(at::TensorIteratorBase &)::[lambda() (instance 3)]::operator ()() const::[lambda() (instance 3)]::operator ()() const::[lambda(int) (instance 1)], std::array<char *, (unsigned long)2>, (int)4, TrivialOffsetCalculator<(int)1, unsigned int>, TrivialOffsetCalculator<(int)1, unsigned int>, at::native::memory::LoadWithCast<(int)1>, at::native::memory::StoreWithCast<(int)1>>(int, T1, T2, T4, T5, T6, T7)",,,0.519679,0.520863
dense_prefetch,extend,Compute,kernel,32141326,32143310,32141326,32143310,7,0,341870085406720,echo/dense_prefetch/extend_annotated/layer_1/compute_graph_projection_layer_1_q_128/call_32,730925,14,60129542149,q_a_proj,layer_1,activation_quantization,,,0.521279,0.523263
dense_prefetch,extend,Compute,kernel,32143918,32145806,32143918,32145806,7,0,341870085406720,echo/dense_prefetch/extend_annotated/layer_1/compute_graph_projection_layer_1_q_128/call_32,730925,14,60129542150,q_a_proj,layer_1,"void deep_gemm::transpose_fp32<(unsigned int)512, (unsigned int)64, (unsigned int)56, (unsigned int)128, (unsigned int)57>(const float *, float *, unsigned int)",,,0.523871,0.525759
dense_prefetch,extend,Compute,kernel,32146190,32156334,32146190,32156334,7,0,341870085406720,echo/dense_prefetch/extend_annotated/layer_1/compute_graph_projection_layer_1_q_128/call_32,730925,14,60129542151,q_a_proj,layer_1,"void deep_gemm::sm90_fp8_gemm_1d2d_impl<(cute::UMMA::Major)0, (unsigned int)0, (unsigned int)1536, (unsigned int)7168, (unsigned int)1, (unsigned int)64, (unsigned int)32, (unsigned int)128, (unsigned int)128, (unsigned int)128, (unsigned int)64, (unsigned int)16, (unsigned int)128, (unsigned int)128, (unsigned int)1, (bool)0, (unsigned int)132, (deep_gemm::GemmType)0, cutlass::bfloat16_t>(float *, int *, unsigned int, unsigned int, unsigned int, CUtensorMap_st, CUtensorMap_st, CUtensorMap_st, CUtensorMap_st)",,,0.526143,0.536287
dense_prefetch,extend,Compute,kernel,32157134,32159438,32157134,32159438,7,0,341870085406720,echo/dense_prefetch/extend_annotated/layer_1/compute_graph_projection_layer_1_q_128/call_32,730925,14,60129542152,compute_graph_projection_layer_1_q_128,layer_1,kernel_cutlass_kernel_operatorsdeepseek_v32norm_plainLocalPlainRMSNorm_object_at__tensorptrbf16gmemalign128oi64153615361_tensorptrf32gmemalign16o15361_tensorptrbf16gmemalign128oi641536153_0,,,0.537087,0.539391
dense_prefetch,extend,Compute,kernel,32159854,32161262,32159854,32161262,7,0,341870085406720,echo/dense_prefetch/extend_annotated/layer_1/compute_graph_projection_layer_1_q_128/call_32,730925,14,60129542153,compute_graph_projection_layer_1_q_128,layer_1,"void at::native::elementwise_kernel<(int)128, (int)2, void at::native::gpu_kernel_impl_nocast<at::native::BinaryFunctor<float, float, float, at::native::binary_internal::MulFunctor<float>>>(at::TensorIteratorBase &, const T1 &)::[lambda(int) (instance 1)]>(int, T3)",,,0.539807,0.541215
dense_prefetch,extend,Compute,kernel,32161678,32162510,32161678,32162510,7,0,341870085406720,echo/dense_prefetch/extend_annotated/layer_1/compute_graph_projection_layer_1_q_128/call_32,730925,14,60129542154,compute_graph_projection_layer_1_q_128,layer_1,"void <unnamed>::elementwise_kernel_with_index<int, at::native::arange_cuda_out(const c10::Scalar &, const c10::Scalar &, const c10::Scalar &, at::Tensor &)::[lambda() (instance 1)]::operator ()() const::[lambda() (instance 4)]::operator ()() const::[lambda(long) (instance 1)]>(T1, T2, function_traits<T2>::result_type *)",,,0.541631,0.542463
dense_prefetch,extend,Compute,kernel,32162926,32164558,32162926,32164558,7,0,341870085406720,echo/dense_prefetch/extend_annotated/layer_1/compute_graph_projection_layer_1_q_128/call_32,730925,14,60129542155,compute_graph_projection_layer_1_q_128,layer_1,"void at::native::vectorized_elementwise_kernel<(int)4, at::native::cos_kernel_cuda(at::TensorIteratorBase &)::[lambda() (instance 2)]::operator ()() const::[lambda() (instance 2)]::operator ()() const::[lambda(float) (instance 1)], std::array<char *, (unsigned long)2>>(int, T2, T3)",,,0.542879,0.544511
dense_prefetch,extend,Compute,kernel,32165198,32166798,32165198,32166798,7,0,341870085406720,echo/dense_prefetch/extend_annotated/layer_1/compute_graph_projection_layer_1_q_128/call_32,730925,14,60129542156,compute_graph_projection_layer_1_q_128,layer_1,"void at::native::vectorized_elementwise_kernel<(int)4, at::native::sin_kernel_cuda(at::TensorIteratorBase &)::[lambda() (instance 2)]::operator ()() const::[lambda() (instance 2)]::operator ()() const::[lambda(float) (instance 1)], std::array<char *, (unsigned long)2>>(int, T2, T3)",,,0.545151,0.546751
dense_prefetch,extend,Compute,kernel,32167214,32168494,32167214,32168494,7,0,341870085406720,echo/dense_prefetch/extend_annotated/layer_1/compute_graph_projection_layer_1_q_128/call_32,730925,14,60129542157,compute_graph_projection_layer_1_q_128,layer_1,"void at::native::<unnamed>::CatArrayBatchedCopy_vectorized<at::native::<unnamed>::OpaqueType<(unsigned int)4>, unsigned int, (int)2, (int)128, (int)1, (int)16, (int)4>(char *, at::native::<unnamed>::CatArrInputTensorMetadata<T1, T2, T4, T5>, at::native::<unnamed>::TensorSizeStride<T2, (unsigned int)4>, int, T2)",,,0.547167,0.548447
dense_prefetch,extend,Compute,kernel,32168910,32170830,32168910,32170830,7,0,341870085406720,echo/dense_prefetch/extend_annotated/layer_1/compute_graph_projection_layer_1_q_128/call_32,730925,14,60129542158,q_b_proj,layer_1,activation_quantization,,,0.548863,0.550783
dense_prefetch,extend,Compute,kernel,32171214,32172654,32171214,32172654,7,0,341870085406720,echo/dense_prefetch/extend_annotated/layer_1/compute_graph_projection_layer_1_q_128/call_32,730925,14,60129542159,q_b_proj,layer_1,"void deep_gemm::transpose_fp32<(unsigned int)512, (unsigned int)64, (unsigned int)12, (unsigned int)128, (unsigned int)13>(const float *, float *, unsigned int)",,,0.551167,0.552607
dense_prefetch,extend,Compute,kernel,32173038,32190286,32173038,32190286,7,0,341870085406720,echo/dense_prefetch/extend_annotated/layer_1/compute_graph_projection_layer_1_q_128/call_32,730925,14,60129542160,q_b_proj,layer_1,"void deep_gemm::sm90_fp8_gemm_1d2d_impl<(cute::UMMA::Major)0, (unsigned int)0, (unsigned int)24576, (unsigned int)1536, (unsigned int)1, (unsigned int)128, (unsigned int)192, (unsigned int)128, (unsigned int)128, (unsigned int)128, (unsigned int)128, (unsigned int)4, (unsigned int)128, (unsigned int)256, (unsigned int)1, (bool)0, (unsigned int)132, (deep_gemm::GemmType)0, cutlass::bfloat16_t>(float *, int *, unsigned int, unsigned int, unsigned int, CUtensorMap_st, CUtensorMap_st, CUtensorMap_st, CUtensorMap_st)",,,0.552991,0.570239
dense_prefetch,extend,Compute,kernel,32190926,32201262,32190926,32201262,7,0,341870085406720,echo/dense_prefetch/extend_annotated/layer_1/compute_graph_projection_layer_1_q_128/call_32,730925,14,60129542161,q_absorb,layer_1,nvjet_sm90_tst_256x128_64x4_2x1_v_bz_coopA_NNT,,,0.570879,0.581215
dense_prefetch,extend,Compute,kernel,32201518,32204654,32201518,32204654,7,0,341870085406720,echo/dense_prefetch/extend_annotated/layer_1/compute_graph_projection_layer_1_q_128/call_32,730925,14,60129542162,kv_a_proj,layer_1,activation_quantization,,,0.581471,0.584607
dense_prefetch,extend,Compute,kernel,32205038,32206894,32205038,32206894,7,0,341870085406720,echo/dense_prefetch/extend_annotated/layer_1/compute_graph_projection_layer_1_q_128/call_32,730925,14,60129542163,kv_a_proj,layer_1,"void deep_gemm::transpose_fp32<(unsigned int)512, (unsigned int)64, (unsigned int)56, (unsigned int)128, (unsigned int)57>(const float *, float *, unsigned int)",,,0.584991,0.586847
dense_prefetch,extend,Compute,kernel,32207310,32216142,32207310,32216142,7,0,341870085406720,echo/dense_prefetch/extend_annotated/layer_1/compute_graph_projection_layer_1_q_128/call_32,730925,14,60129542164,kv_a_proj,layer_1,"void deep_gemm::sm90_fp8_gemm_1d2d_impl<(cute::UMMA::Major)0, (unsigned int)0, (unsigned int)576, (unsigned int)7168, (unsigned int)1, (unsigned int)64, (unsigned int)16, (unsigned int)128, (unsigned int)128, (unsigned int)128, (unsigned int)32, (unsigned int)16, (unsigned int)128, (unsigned int)128, (unsigned int)1, (bool)0, (unsigned int)132, (deep_gemm::GemmType)0, cutlass::bfloat16_t>(float *, int *, unsigned int, unsigned int, unsigned int, CUtensorMap_st, CUtensorMap_st, CUtensorMap_st, CUtensorMap_st)",,,0.587263,0.596095
dense_prefetch,extend,Compute,kernel,32216590,32218830,32216590,32218830,7,0,341870085406720,echo/dense_prefetch/extend_annotated/layer_1/compute_graph_projection_layer_1_q_128/call_32,730925,14,60129542165,compute_graph_projection_layer_1_q_128,layer_1,"void at::native::elementwise_kernel<(int)128, (int)4, void at::native::gpu_kernel_impl_nocast<at::native::direct_copy_kernel_cuda(at::TensorIteratorBase &)::[lambda() (instance 3)]::operator ()() const::[lambda() (instance 12)]::operator ()() const::[lambda(c10::BFloat16) (instance 1)]>(at::TensorIteratorBase &, const T1 &)::[lambda(int) (instance 1)]>(int, T3)",,,0.596543,0.598783
dense_prefetch,extend,Compute,kernel,32219566,32221102,32219566,32221102,7,0,341870085406720,echo/dense_prefetch/extend_annotated/layer_1/compute_graph_projection_layer_1_q_128/call_32,730925,14,60129542166,compute_graph_projection_layer_1_q_128,layer_1,kernel_cutlass_kernel_operatorsdeepseek_v32norm_plainLocalPlainRMSNorm_object_at__tensorptrbf16gmemalign128oi645125121_tensorptrf32gmemalign16o5121_tensorptrbf16gmemalign128oi645125121____0,,,0.599519,0.601055
dense_prefetch,extend,Compute,kernel,32221486,32224206,32221486,32224206,7,0,341870085406720,echo/dense_prefetch/extend_annotated/layer_1/compute_graph_projection_layer_1_q_128/call_32,730925,14,60129542167,compute_graph_projection_layer_1_q_128,layer_1,"void flashinfer::BatchQKApplyRotaryPosIdsCosSinCacheHeadParallelismKernel<(bool)1, (unsigned int)64, (unsigned int)8, (unsigned int)8, __nv_bfloat16, long>(T5 *, T5 *, T5 *, T5 *, float *, T6 *, unsigned int, unsigned int, unsigned int, unsigned int, unsigned long, unsigned long, unsigned long, unsigned long, unsigned long, unsigned long, unsigned long, unsigned long)",,,0.601439,0.604159
dense_prefetch,extend,Compute,kernel,32224622,32227246,32224622,32227246,7,0,341870085406720,echo/dense_prefetch/extend_annotated/layer_1/compute_graph_projection_layer_1_q_128/call_32,730925,14,60129542168,index_q_proj,layer_1,activation_quantization,,,0.604575,0.607199
dense_prefetch,extend,Compute,kernel,32227630,32229038,32227630,32229038,7,0,341870085406720,echo/dense_prefetch/extend_annotated/layer_1/compute_graph_projection_layer_1_q_128/call_32,730925,14,60129542169,index_q_proj,layer_1,"void deep_gemm::transpose_fp32<(unsigned int)512, (unsigned int)64, (unsigned int)12, (unsigned int)128, (unsigned int)13>(const float *, float *, unsigned int)",,,0.607583,0.608991
dense_prefetch,extend,Compute,kernel,32229454,32237166,32229454,32237166,7,0,341870085406720,echo/dense_prefetch/extend_annotated/layer_1/compute_graph_projection_layer_1_q_128/call_32,730925,14,60129542170,index_q_proj,layer_1,"void deep_gemm::sm90_fp8_gemm_1d2d_impl<(cute::UMMA::Major)0, (unsigned int)0, (unsigned int)8192, (unsigned int)1536, (unsigned int)1, (unsigned int)64, (unsigned int)128, (unsigned int)128, (unsigned int)128, (unsigned int)128, (unsigned int)128, (unsigned int)8, (unsigned int)128, (unsigned int)128, (unsigned int)1, (bool)0, (unsigned int)132, (deep_gemm::GemmType)0, cutlass::bfloat16_t>(float *, int *, unsigned int, unsigned int, unsigned int, CUtensorMap_st, CUtensorMap_st, CUtensorMap_st, CUtensorMap_st)",,,0.609407,0.617119
dense_prefetch,extend,Compute,kernel,32237550,32240462,32237550,32240462,7,0,341870085406720,echo/dense_prefetch/extend_annotated/layer_1/compute_graph_projection_layer_1_q_128/call_32,730925,14,60129542171,index_k_proj,layer_1,activation_quantization,,,0.617503,0.620415
dense_prefetch,extend,Compute,kernel,32240878,32242734,32240878,32242734,7,0,341870085406720,echo/dense_prefetch/extend_annotated/layer_1/compute_graph_projection_layer_1_q_128/call_32,730925,14,60129542172,index_k_proj,layer_1,"void deep_gemm::transpose_fp32<(unsigned int)512, (unsigned int)64, (unsigned int)56, (unsigned int)128, (unsigned int)57>(const float *, float *, unsigned int)",,,0.620831,0.622687
dense_prefetch,extend,Compute,kernel,32243118,32251758,32243118,32251758,7,0,341870085406720,echo/dense_prefetch/extend_annotated/layer_1/compute_graph_projection_layer_1_q_128/call_32,730925,14,60129542173,index_k_proj,layer_1,"void deep_gemm::sm90_fp8_gemm_1d2d_impl<(cute::UMMA::Major)0, (unsigned int)0, (unsigned int)128, (unsigned int)7168, (unsigned int)1, (unsigned int)64, (unsigned int)16, (unsigned int)128, (unsigned int)128, (unsigned int)128, (unsigned int)32, (unsigned int)16, (unsigned int)128, (unsigned int)128, (unsigned int)1, (bool)0, (unsigned int)132, (deep_gemm::GemmType)0, cutlass::bfloat16_t>(float *, int *, unsigned int, unsigned int, unsigned int, CUtensorMap_st, CUtensorMap_st, CUtensorMap_st, CUtensorMap_st)",,,0.623071,0.631711
dense_prefetch,extend,Compute,kernel,32252142,32254926,32252142,32254926,7,0,341870085406720,echo/dense_prefetch/extend_annotated/layer_1/compute_graph_projection_layer_1_q_128/call_32,730925,14,60129542174,compute_graph_projection_layer_1_q_128,layer_1,"void at::native::unrolled_elementwise_kernel<at::native::direct_copy_kernel_cuda(at::TensorIteratorBase &)::[lambda() (instance 3)]::operator ()() const::[lambda() (instance 7)]::operator ()() const::[lambda(float) (instance 1)], std::array<char *, (unsigned long)2>, (int)4, TrivialOffsetCalculator<(int)1, unsigned int>, TrivialOffsetCalculator<(int)1, unsigned int>, at::native::memory::LoadWithCast<(int)1>, at::native::memory::StoreWithCast<(int)1>>(int, T1, T2, T4, T5, T6, T7)",,,0.632095,0.634879
dense_prefetch,extend,Compute,kernel,32255502,32258318,32255502,32258318,7,0,341870085406720,echo/dense_prefetch/extend_annotated/layer_1/compute_graph_projection_layer_1_q_128/call_32,730925,14,60129542175,compute_graph_projection_layer_1_q_128,layer_1,"void at::native::<unnamed>::vectorized_layer_norm_kernel<float, float, (bool)0>(int, T2, const T1 *, const T1 *, const T1 *, T2 *, T2 *, T1 *)",,,0.635455,0.638271
dense_prefetch,extend,Compute,kernel,32258926,32260078,32258926,32260078,7,0,341870085406720,echo/dense_prefetch/extend_annotated/layer_1/compute_graph_projection_layer_1_q_128/call_32,730925,14,60129542176,compute_graph_projection_layer_1_q_128,layer_1,"void at::native::vectorized_elementwise_kernel<(int)8, at::native::bfloat16_copy_kernel_cuda(at::TensorIteratorBase &)::[lambda(float) (instance 1)], std::array<char *, (unsigned long)2>>(int, T2, T3)",,,0.638879,0.640031
dense_prefetch,extend,Compute,kernel,32260494,32262830,32260494,32262830,7,0,341870085406720,echo/dense_prefetch/extend_annotated/layer_1/compute_graph_projection_layer_1_q_128/call_32,730925,14,60129542177,compute_graph_projection_layer_1_q_128,layer_1,"void flashinfer::BatchQKApplyRotaryPosIdsCosSinCacheHeadParallelismKernel<(bool)0, (unsigned int)128, (unsigned int)8, (unsigned int)16, __nv_bfloat16, long>(T5 *, T5 *, T5 *, T5 *, float *, T6 *, unsigned int, unsigned int, unsigned int, unsigned int, unsigned long, unsigned long, unsigned long, unsigned long, unsigned long, unsigned long, unsigned long, unsigned long)",,,0.640447,0.642783
dense_prefetch,extend,Compute,kernel,32263438,32265134,32263438,32265134,7,0,341870085406720,echo/dense_prefetch/extend_annotated/layer_1/compute_graph_projection_layer_1_q_128/call_32,730925,14,60129542178,compute_graph_projection_layer_1_q_128,layer_1,quantize_kernel,,,0.643391,0.645087
dense_prefetch,extend,Compute,kernel,32265550,32266766,32265550,32266766,7,0,341870085406720,echo/dense_prefetch/extend_annotated/layer_1/compute_graph_projection_layer_1_q_128/call_32,730925,14,60129542179,compute_graph_projection_layer_1_q_128,layer_1,quantize_kernel,,,0.645503,0.646719
dense_prefetch,extend,Compute,kernel,32267342,32270926,32267342,32270926,7,0,341870085406720,echo/dense_prefetch/extend_annotated/layer_1/compute_graph_projection_layer_1_q_128/call_32,730925,14,60129542180,compute_graph_projection_layer_1_q_128,layer_1,"void at::native::unrolled_elementwise_kernel<at::native::direct_copy_kernel_cuda(at::TensorIteratorBase &)::[lambda() (instance 3)]::operator ()() const::[lambda() (instance 7)]::operator ()() const::[lambda(float) (instance 1)], std::array<char *, (unsigned long)2>, (int)4, TrivialOffsetCalculator<(int)1, unsigned int>, TrivialOffsetCalculator<(int)1, unsigned int>, at::native::memory::LoadWithCast<(int)1>, at::native::memory::StoreWithCast<(int)1>>(int, T1, T2, T4, T5, T6, T7)",,,0.647295,0.650879
dense_prefetch,extend,Compute,kernel,32271438,32282574,32271438,32282574,7,0,341870085406720,echo/dense_prefetch/extend_annotated/layer_1/compute_graph_projection_layer_1_q_128/call_32,730925,14,60129542181,index_weights_proj,layer_1,void cutlass::Kernel2<cutlass_80_simt_sgemm_64x64_8x5_tn_align1>(T1::Params),,,0.651391,0.662527
dense_prefetch,extend,Compute,kernel,32282958,32286286,32282958,32286286,7,0,341870085406720,echo/dense_prefetch/extend_annotated/layer_1/compute_graph_projection_layer_1_q_128/call_32,730925,14,60129542182,index_weights_proj,layer_1,"void cublasLt::splitKreduce_kernel<(int)32, (int)16, int, float, float, float, float, (bool)0, float, float, float, (bool)1, (bool)0, (bool)0, (bool)0>(cublasLt::cublasSplitKParams<T6>, const T4 *, const T10 *, T9 *, T5 *, const T6 *, const T6 *, const T11 *, const T4 *, T11 *, void *, long, T6 *, int *, T6 *, T6 *, const T6 *, const T6 *, const T6 *, const T6 *, const T6 *)",,,0.662911,0.666239
dense_prefetch,extend,Compute,kernel,32286702,32287790,32286702,32287790,7,0,341870085406720,echo/dense_prefetch/extend_annotated/layer_1/compute_graph_projection_layer_1_q_128/call_32,730925,14,60129542183,compute_graph_projection_layer_1_q_128,layer_1,"void at::native::vectorized_elementwise_kernel<(int)4, at::native::AUnaryFunctor<float, float, float, at::native::binary_internal::MulFunctor<float>>, std::array<char *, (unsigned long)2>>(int, T2, T3)",,,0.666655,0.667743
dense_prefetch,extend,Compute,kernel,32288206,32289358,32288206,32289358,7,0,341870085406720,echo/dense_prefetch/extend_annotated/layer_1/compute_graph_projection_layer_1_q_128/call_32,730925,14,60129542184,compute_graph_projection_layer_1_q_128,layer_1,"void at::native::vectorized_elementwise_kernel<(int)4, at::native::BinaryFunctor<float, float, float, at::native::binary_internal::MulFunctor<float>>, std::array<char *, (unsigned long)3>>(int, T2, T3)",,,0.668159,0.669311
dense_prefetch,extend,Compute,kernel,32289774,32290798,32289774,32290798,7,0,341870085406720,echo/dense_prefetch/extend_annotated/layer_1/compute_graph_projection_layer_1_q_128/call_32,730925,14,60129542185,compute_graph_projection_layer_1_q_128,layer_1,"void at::native::vectorized_elementwise_kernel<(int)4, at::native::AUnaryFunctor<float, float, float, at::native::binary_internal::MulFunctor<float>>, std::array<char *, (unsigned long)2>>(int, T2, T3)",,,0.669727,0.670751
dense_prefetch,extend,Compute,kernel,32291374,32293454,32291374,32293454,7,0,341870085406720,echo/dense_prefetch/extend_annotated/layer_1/compute_graph_projection_layer_1_q_128/call_32,730925,14,60129542186,compute_graph_projection_layer_1_q_128,layer_1,"void at::native::<unnamed>::CatArrayBatchedCopy_vectorized<at::native::<unnamed>::OpaqueType<(unsigned int)2>, unsigned int, (int)2, (int)128, (int)1, (int)16, (int)8>(char *, at::native::<unnamed>::CatArrInputTensorMetadata<T1, T2, T4, T5>, at::native::<unnamed>::TensorSizeStride<T2, (unsigned int)4>, int, T2)",,,0.671327,0.673407
dense_prefetch,extend,Compute,kernel,32373710,32636589,32373710,32636589,7,0,341870085406720,echo/dense_prefetch/extend_annotated/layer_1/indexer_qk/call_37,730987,,,indexer_qk,layer_1,"void deep_gemm::sm90_fp8_mqa_logits<(unsigned int)64, (unsigned int)128, (unsigned int)2, (unsigned int)256, (unsigned int)3, (unsigned int)3, (unsigned int)132, (unsigned int)128, (unsigned int)512, float>(unsigned int, unsigned int, unsigned int, unsigned int *, unsigned int *, T10 *, CUtensorMap_st, CUtensorMap_st, CUtensorMap_st, CUtensorMap_st)",,,0.753663,1.016542
dense_prefetch,extend,Compute,kernel,32638125,32638797,32638125,32638797,7,0,341870085406720,echo/dense_prefetch/extend_annotated/layer_1/indexer_qk/call_37,731002,,,indexer_qk,layer_1,"void <unnamed>::elementwise_kernel_with_index<int, at::native::arange_cuda_out(const c10::Scalar &, const c10::Scalar &, const c10::Scalar &, at::Tensor &)::[lambda() (instance 1)]::operator ()() const::[lambda() (instance 4)]::operator ()() const::[lambda(long) (instance 1)]>(T1, T2, function_traits<T2>::result_type *)",,,1.018078,1.01875
dense_prefetch,extend,Compute,kernel,32640141,32643277,32640141,32643277,7,0,341870085406720,echo/dense_prefetch/extend_annotated/layer_1/indexer_qk/call_37,731022,,,indexer_qk,layer_1,"void at::native::elementwise_kernel<(int)128, (int)4, void at::native::gpu_kernel_impl<at::native::<unnamed>::CompareFunctor<long>>(at::TensorIteratorBase &, const T1 &)::[lambda(int) (instance 1)]>(int, T3)",,,1.020094,1.02323
dense_prefetch,extend,Compute,kernel,32644749,32646861,32644749,32646861,7,0,341870085406720,echo/dense_prefetch/extend_annotated/layer_1/indexer_qk/call_37,731029,,,indexer_qk,layer_1,"void at::native::elementwise_kernel<(int)128, (int)2, void at::native::gpu_kernel_impl_nocast<at::native::<unnamed>::masked_fill_kernel(at::TensorIterator &, const c10::Scalar &)::[lambda() (instance 1)]::operator ()() const::[lambda() (instance 7)]::operator ()() const::[lambda(float, bool) (instance 1)]>(at::TensorIteratorBase &, const T1 &)::[lambda(int) (instance 1)]>(int, T3)",,,1.024702,1.026814
dense_prefetch,extend,Compute,kernel,32648173,32672429,32648173,32672429,7,0,341870085406720,echo/dense_prefetch/extend_annotated/layer_1/exact_topk/call_38,731046,,,exact_topk,layer_1,"void at::native::elementwise_kernel<(int)128, (int)2, void at::native::gpu_kernel_impl_nocast<at::native::direct_copy_kernel_cuda(at::TensorIteratorBase &)::[lambda() (instance 3)]::operator ()() const::[lambda() (instance 7)]::operator ()() const::[lambda(float) (instance 1)]>(at::TensorIteratorBase &, const T1 &)::[lambda(int) (instance 1)]>(int, T3)",,,1.028126,1.052382
dense_prefetch,extend,Compute,kernel,32673869,32706413,32673869,32706413,7,0,341870085406720,echo/dense_prefetch/extend_annotated/layer_1/exact_topk/call_38,731071,,,exact_topk,layer_1,"void flashinfer::sampling::FilteredTopKUnifiedKernel<float, int, (int)4, (bool)1, (flashinfer::sampling::FilteredTopKMode)0, (flashinfer::sampling::TopKTieBreak)1, flashinfer::sampling::DirectPageTableKernelPolicy<int>, >(const T1 *, T2 *, T1 *, const T2 *, long, const T2 *, const T2 *, const T2 *, const T2 *, unsigned int, unsigned int, unsigned int, T8...)",,,1.053822,1.086366
dense_prefetch,extend,Compute,kernel,32708813,32720269,32708813,32720269,7,0,341870085406720,echo/dense_prefetch/extend_annotated/layer_1/exact_topk/call_38,731072,,,exact_topk,layer_1,"void flashinfer::sampling::FinalizeTopKIndicesKernel<(bool)1, (flashinfer::sampling::FilteredTopKMode)0, (unsigned int)256, (unsigned int)8, float, int, flashinfer::sampling::DirectPageTableKernelPolicy<int>, >(T6 *, T5 *, const T6 *, long, const T6 *, const T6 *, unsigned int, unsigned int, T8...)",,,1.088766,1.100222
dense_prefetch,extend,Compute,kernel,32724717,32738605,32724717,32738605,7,0,341870085406720,echo/dense_prefetch/extend_annotated/layer_1/exact_topk/call_38,731073,,,exact_topk,layer_1,"void flashinfer::sampling::StableSortTopKByValueKernel<(unsigned int)256, (unsigned int)8, int, float>(T3 *, T4 *, unsigned int, unsigned int)",,,1.10467,1.118558
dense_prefetch,extend,Compute,kernel,32739757,32740941,32739757,32740941,7,0,341870085406720,echo/dense_prefetch/extend_annotated/layer_1/exact_topk/call_38,731078,,,exact_topk,layer_1,mask_kernel,,,1.11971,1.120894
dense_prefetch,extend,GPU control,kernel,32749933,32754445,32749933,32754445,7,0,341870085406720,echo/dense_prefetch/extend_annotated/layer_1/cache_write/call_39,731110,,,cache_write,layer_1,"void echo_native::planned_append_kernel<uint4>(const char *, char *, int, long, const int *, const long *, int *, long *, int, int, long *, bool *, long *, unsigned long long *, int, long)",,,1.129886,1.134398
dense_prefetch,extend,GPU control,kernel,32945581,32946541,32945581,32946541,7,0,341870085406720,echo/dense_prefetch/extend_annotated/layer_1/offload_exact_recall/call_40,731199,,,offload_exact_recall,layer_1,"echo_native::resident_union_clear(unsigned int *, long, unsigned int *)",,,1.325534,1.326494
dense_prefetch,extend,GPU control,kernel,32952205,32974893,32952205,32974893,7,0,341870085406720,echo/dense_prefetch/extend_annotated/layer_1/offload_exact_recall/call_40,731202,,,offload_exact_recall,layer_1,"void echo_native::resident_selection_kernel<(bool)0>(const int *, int *, long, const int *, const int *, int, long *, long *, unsigned int *, unsigned int *, unsigned long long *, int, int, bool, int, int, long)",,,1.332158,1.354846
dense_prefetch,extend,Compute,kernel,33084557,33205356,33084557,33205356,7,0,341870085406720,echo/dense_prefetch/extend_annotated/layer_1/mla_qk_pv/call_42,731236,,,mla_qk_pv,layer_1,"void sm90::prefill::sparse_fwd::sparse_attn_fwd_kernel<sm90::prefill::sparse_fwd::KernelTemplate<(int)576, (bool)0>, sm90::prefill::sparse_fwd::KernelTemplate<(int)576, (bool)0>::TmaParams<cute::tuple<int, int, int>, cute::TiledCopy<cute::Copy_Atom<cute::Copy_Traits<cute::SM90_TMA_LOAD, cute::C<(int)65536>, cute::AuxTmaParams<cute::tuple<cute::ScaledBasis<cute::C<(int)1>, (int)1>, cute::ScaledBasis<cute::C<(int)1>, (int)0>, cute::ScaledBasis<cute::C<(int)1>, (int)2>>, const cute::Layout<cute::tuple<cute::C<(int)64>, cute::C<(int)64>, cute::C<(int)1>>, cute::tuple<cute::ScaledBasis<cute::C<(int)1>, (int)1>, cute::ScaledBasis<cute::C<(int)1>, (int)0>, cute::ScaledBasis<cute::C<(int)1>, (int)2>>> &, const cute::Swizzle<(int)3, (int)4, (int)3> &>>, cutlass::bfloat16_t>, cute::Layout<cute::tuple<cute::C<(int)1>, cute::tuple<cute::tuple<cute::tuple<cute::C<(int)64>, cute::C<(int)64>>, cute::C<(int)9>>>>, cute::tuple<cute::C<(int)0>, cute::tuple<cute::tuple<cute::tuple<cute::C<(int)64>, cute::C<(int)1>>, cute::C<(int)4096>>>>>, cute::tuple<cute::C<(int)64>, cute::C<(int)576>>>>>(SparseAttnFwdParams, T2)",,,1.46451,1.585309
dense_prefetch,extend,Compute,kernel,33212268,33222540,33212268,33222540,7,0,341870085406720,echo/dense_prefetch/extend_annotated/layer_1/v_expand/call_45,731250,,,v_expand,layer_1,nvjet_sm90_tst_128x128_64x6_1x1_h_bz_NNT,,,1.592221,1.602493
dense_prefetch,extend,Compute,kernel,33287180,33289868,33287180,33289868,7,0,341870085406720,echo/dense_prefetch/extend_annotated/layer_1/compute_graph_finish_layer_1_q_128/call_46,731255,17,73014444032,o_proj,layer_1,activation_quantization,,,1.667133,1.669821
dense_prefetch,extend,Compute,kernel,33290252,33293772,33290252,33293772,7,0,341870085406720,echo/dense_prefetch/extend_annotated/layer_1/compute_graph_finish_layer_1_q_128/call_46,731255,17,73014444033,o_proj,layer_1,"void deep_gemm::transpose_fp32<(unsigned int)512, (unsigned int)64, (unsigned int)128, (unsigned int)128, (unsigned int)129>(const float *, float *, unsigned int)",,,1.670205,1.673725
dense_prefetch,extend,Compute,kernel,33294156,33337388,33294156,33337388,7,0,341870085406720,echo/dense_prefetch/extend_annotated/layer_1/compute_graph_finish_layer_1_q_128/call_46,731255,17,73014444034,o_proj,layer_1,"void deep_gemm::sm90_fp8_gemm_1d2d_impl<(cute::UMMA::Major)0, (unsigned int)0, (unsigned int)7168, (unsigned int)16384, (unsigned int)1, (unsigned int)64, (unsigned int)112, (unsigned int)128, (unsigned int)128, (unsigned int)128, (unsigned int)32, (unsigned int)9, (unsigned int)128, (unsigned int)128, (unsigned int)1, (bool)0, (unsigned int)132, (deep_gemm::GemmType)0, cutlass::bfloat16_t>(float *, int *, unsigned int, unsigned int, unsigned int, CUtensorMap_st, CUtensorMap_st, CUtensorMap_st, CUtensorMap_st)",,,1.674109,1.717341
dense_prefetch,extend,Compute,kernel,33338092,33341324,33338092,33341324,7,0,341870085406720,echo/dense_prefetch/extend_annotated/layer_1/compute_graph_finish_layer_1_q_128/call_46,731255,17,73014444035,compute_graph_finish_layer_1_q_128,layer_1,kernel_cutlass_kernel_operatorsdeepseek_v32norm_fusedLocalFusedRMSNorm_object_at__tensorptrbf16gmemalign128oi64716871681_tensorptrbf16gmemalign128oi64716871681_tensorptrf32gmemalign16o716_0,,,1.718045,1.721277
dense_prefetch,extend,Compute,kernel,33341900,33343852,33341900,33343852,7,0,341870085406720,echo/dense_prefetch/extend_annotated/layer_1/compute_graph_finish_layer_1_q_128/call_46,731255,17,73014444036,mlp_gate,layer_1,activation_quantization,,,1.721853,1.723805
dense_prefetch,extend,Compute,kernel,33344236,33346156,33344236,33346156,7,0,341870085406720,echo/dense_prefetch/extend_annotated/layer_1/compute_graph_finish_layer_1_q_128/call_46,731255,17,73014444037,mlp_gate,layer_1,"void deep_gemm::transpose_fp32<(unsigned int)512, (unsigned int)64, (unsigned int)56, (unsigned int)128, (unsigned int)57>(const float *, float *, unsigned int)",,,1.724189,1.726109
dense_prefetch,extend,Compute,kernel,33346572,33386732,33346572,33386732,7,0,341870085406720,echo/dense_prefetch/extend_annotated/layer_1/compute_graph_finish_layer_1_q_128/call_46,731255,17,73014444038,mlp_gate,layer_1,"void deep_gemm::sm90_fp8_gemm_1d2d_impl<(cute::UMMA::Major)0, (unsigned int)0, (unsigned int)18432, (unsigned int)7168, (unsigned int)1, (unsigned int)128, (unsigned int)144, (unsigned int)128, (unsigned int)128, (unsigned int)128, (unsigned int)32, (unsigned int)5, (unsigned int)128, (unsigned int)256, (unsigned int)1, (bool)0, (unsigned int)132, (deep_gemm::GemmType)0, cutlass::bfloat16_t>(float *, int *, unsigned int, unsigned int, unsigned int, CUtensorMap_st, CUtensorMap_st, CUtensorMap_st, CUtensorMap_st)",,,1.726525,1.766685
dense_prefetch,extend,GPU control,kernel,33358220,33383820,33358220,33383820,45,0,341870085406720,echo/dense_prefetch/extend_annotated/shared/dense_history_prefetch_layer_2/call_26,730856,,,dense_history_prefetch_layer_2,2,"echo_native::dense_history_publish_kernel(const int *, int *, long *, long *, bool *, long *, int, int, int, long)",,,1.738173,1.763773
dense_prefetch,extend,Compute,kernel,33387052,33389100,33387052,33389100,7,0,341870085406720,echo/dense_prefetch/extend_annotated/layer_1/compute_graph_finish_layer_1_q_128/call_46,731255,17,73014444039,mlp_up,layer_1,"void deep_gemm::transpose_fp32<(unsigned int)512, (unsigned int)64, (unsigned int)56, (unsigned int)128, (unsigned int)57>(const float *, float *, unsigned int)",,,1.767005,1.769053
dense_prefetch,extend,Compute,kernel,33389484,33427596,33389484,33427596,7,0,341870085406720,echo/dense_prefetch/extend_annotated/layer_1/compute_graph_finish_layer_1_q_128/call_46,731255,17,73014444040,mlp_up,layer_1,"void deep_gemm::sm90_fp8_gemm_1d2d_impl<(cute::UMMA::Major)0, (unsigned int)0, (unsigned int)18432, (unsigned int)7168, (unsigned int)1, (unsigned int)128, (unsigned int)144, (unsigned int)128, (unsigned int)128, (unsigned int)128, (unsigned int)32, (unsigned int)5, (unsigned int)128, (unsigned int)256, (unsigned int)1, (bool)0, (unsigned int)132, (deep_gemm::GemmType)0, cutlass::bfloat16_t>(float *, int *, unsigned int, unsigned int, unsigned int, CUtensorMap_st, CUtensorMap_st, CUtensorMap_st, CUtensorMap_st)",,,1.769437,1.807549
dense_prefetch,extend,Compute,kernel,33428236,33432940,33428236,33432940,7,0,341870085406720,echo/dense_prefetch/extend_annotated/layer_1/compute_graph_finish_layer_1_q_128/call_46,731255,17,73014444041,compute_graph_finish_layer_1_q_128,layer_1,"void flashinfer::activation::act_and_mul_kernel<__nv_bfloat16, &silu>(T1 *, const T1 *, int)",,,1.808189,1.812893
dense_prefetch,extend,Compute,kernel,33433356,33435884,33433356,33435884,7,0,341870085406720,echo/dense_prefetch/extend_annotated/layer_1/compute_graph_finish_layer_1_q_128/call_46,731255,17,73014444042,mlp_down,layer_1,activation_quantization,,,1.813309,1.815837
dense_prefetch,extend,Compute,kernel,33436268,33440140,33436268,33440140,7,0,341870085406720,echo/dense_prefetch/extend_annotated/layer_1/compute_graph_finish_layer_1_q_128/call_46,731255,17,73014444043,mlp_down,layer_1,"void deep_gemm::transpose_fp32<(unsigned int)512, (unsigned int)64, (unsigned int)144, (unsigned int)128, (unsigned int)145>(const float *, float *, unsigned int)",,,1.816221,1.820093
dense_prefetch,extend,Compute,kernel,33440556,33489964,33440556,33489964,7,0,341870085406720,echo/dense_prefetch/extend_annotated/layer_1/compute_graph_finish_layer_1_q_128/call_46,731255,17,73014444044,mlp_down,layer_1,"void deep_gemm::sm90_fp8_gemm_1d2d_impl<(cute::UMMA::Major)0, (unsigned int)0, (unsigned int)7168, (unsigned int)18432, (unsigned int)1, (unsigned int)64, (unsigned int)112, (unsigned int)128, (unsigned int)128, (unsigned int)128, (unsigned int)32, (unsigned int)9, (unsigned int)128, (unsigned int)128, (unsigned int)1, (bool)0, (unsigned int)132, (deep_gemm::GemmType)0, cutlass::bfloat16_t>(float *, int *, unsigned int, unsigned int, unsigned int, CUtensorMap_st, CUtensorMap_st, CUtensorMap_st, CUtensorMap_st)",,,1.820509,1.869917
dense_prefetch,extend,IO,memcpy,31620047,31963886,30589392,31963886,45,0,341870085406720,echo/dense_prefetch/extend_annotated/shared/dense_history_prefetch_layer_1/call_4,730329,0,,dense_history_prefetch_layer_1,1,Host-to-Device,Host-to-Device,75497472,0.0,0.343839
dense_prefetch,extend,GPU control,memcpy,31974510,31976174,31974510,31976174,7,0,341870085406720,echo/dense_prefetch/extend_annotated/layer_1/compute_graph_projection_inputs/call_31,730902,0,,compute_graph_projection_inputs,layer_1,Device-to-Device,Device-to-Device,1835008,0.354463,0.356127
dense_prefetch,extend,GPU control,memcpy,31977326,31979374,31977326,31979374,7,0,341870085406720,echo/dense_prefetch/extend_annotated/layer_1/compute_graph_projection_inputs/call_31,730910,0,,compute_graph_projection_inputs,layer_1,Device-to-Device,Device-to-Device,1835008,0.357279,0.359327
dense_prefetch,extend,IO,memcpy,31979022,33353452,31979022,33353452,45,0,341870085406720,echo/dense_prefetch/extend_annotated/shared/dense_history_prefetch_layer_2/call_26,730849,0,,dense_history_prefetch_layer_2,2,Host-to-Device,Host-to-Device,75497472,0.358975,1.733405
dense_prefetch,extend,GPU control,memcpy,32294798,32295982,32294798,32295982,7,0,341870085406720,echo/dense_prefetch/extend_annotated/layer_1/compute_graph_owned_writeback_source/call_33,730937,0,,compute_graph_owned_writeback_source,layer_1,Device-to-Device,Device-to-Device,147456,0.674751,0.675935
dense_prefetch,extend,GPU control,memcpy,32298062,32298958,32298062,32298958,7,0,341870085406720,echo/dense_prefetch/extend_annotated/layer_1/index_cache_write/call_34,730943,0,,index_cache_write,layer_1,Device-to-Device,Device-to-Device,16384,0.678015,0.678911
dense_prefetch,extend,GPU control,memcpy,32300142,32300910,32300142,32300910,7,0,341870085406720,echo/dense_prefetch/extend_annotated/layer_1/index_cache_write/call_34,730951,0,,index_cache_write,layer_1,Device-to-Device,Device-to-Device,512,0.680095,0.680863
dense_prefetch,extend,IO,memcpy,32831405,32839277,32831405,32839277,41,0,341870085406720,echo/dense_prefetch/extend_annotated/layer_1/cache_write/call_39,731151,0,,cache_write,layer_1,Device-to-Host,Device-to-Host,147456,1.211358,1.21923
dense_prefetch,extend,CPU CUDA API,api,31630556,31638577,31630556,31638577,,,,echo/dense_prefetch/extend_annotated/shared/dense_history_prefetch_layer_2/call_26,730802,,,dense_history_prefetch_layer_2,shared,cudaLaunchKernel_v7000,,,0.010509,0.01853
dense_prefetch,extend,CPU CUDA API,api,31646572,31647275,31646572,31647275,,,,echo/dense_prefetch/extend_annotated/shared/dense_history_prefetch_layer_2/call_26,730806,,,dense_history_prefetch_layer_2,shared,cudaEventCreateWithFlags_v3020,,,0.026525,0.027228
dense_prefetch,extend,CPU CUDA API,api,31648561,31648874,31648561,31648874,,,,echo/dense_prefetch/extend_annotated/shared/dense_history_prefetch_layer_2/call_26,730811,,,dense_history_prefetch_layer_2,shared,cudaStreamIsCapturing_v10000,,,0.028514,0.028827
dense_prefetch,extend,CPU CUDA API,api,31649081,31650195,31649081,31650195,,,,echo/dense_prefetch/extend_annotated/shared/dense_history_prefetch_layer_2/call_26,730812,,,dense_history_prefetch_layer_2,shared,cudaEventRecordWithFlags_v11010,,,0.029034,0.030148
dense_prefetch,extend,CPU CUDA API,api,31656779,31657191,31656779,31657191,,,,echo/dense_prefetch/extend_annotated/shared/dense_history_prefetch_layer_2/call_26,730817,,,dense_history_prefetch_layer_2,shared,cudaEventDestroy_v3020,,,0.036732,0.037144
dense_prefetch,extend,CPU CUDA API,api,31658594,31659328,31658594,31659328,,,,echo/dense_prefetch/extend_annotated/shared/dense_history_prefetch_layer_2/call_26,730821,,,dense_history_prefetch_layer_2,shared,cudaEventCreateWithFlags_v3020,,,0.038547,0.039281
dense_prefetch,extend,CPU CUDA API,api,31660519,31660779,31660519,31660779,,,,echo/dense_prefetch/extend_annotated/shared/dense_history_prefetch_layer_2/call_26,730826,,,dense_history_prefetch_layer_2,shared,cudaStreamIsCapturing_v10000,,,0.040472,0.040732
dense_prefetch,extend,CPU CUDA API,api,31660914,31661715,31660914,31661715,,,,echo/dense_prefetch/extend_annotated/shared/dense_history_prefetch_layer_2/call_26,730827,,,dense_history_prefetch_layer_2,shared,cudaEventRecordWithFlags_v11010,,,0.040867,0.041668
dense_prefetch,extend,CPU CUDA API,api,31666179,31666420,31666179,31666420,,,,echo/dense_prefetch/extend_annotated/shared/dense_history_prefetch_layer_2/call_26,730832,,,dense_history_prefetch_layer_2,shared,cudaStreamIsCapturing_v10000,,,0.046132,0.046373
dense_prefetch,extend,CPU CUDA API,api,31666853,31668283,31666853,31668283,,,,echo/dense_prefetch/extend_annotated/shared/dense_history_prefetch_layer_2/call_26,730833,,,dense_history_prefetch_layer_2,shared,cudaStreamWaitEvent_v3020,,,0.046806,0.048236
dense_prefetch,extend,CPU CUDA API,api,31714749,31727253,31714749,31727253,,,,echo/dense_prefetch/extend_annotated/shared/dense_history_prefetch_layer_2/call_26,730849,,,dense_history_prefetch_layer_2,shared,cudaMemcpyAsync_v3020,,,0.094702,0.107206
dense_prefetch,extend,CPU CUDA API,api,31754977,31763334,31754977,31763334,,,,echo/dense_prefetch/extend_annotated/shared/dense_history_prefetch_layer_2/call_26,730856,,,dense_history_prefetch_layer_2,shared,cudaLaunchKernel_v7000,,,0.13493,0.143287
dense_prefetch,extend,CPU CUDA API,api,31768611,31769300,31768611,31769300,,,,echo/dense_prefetch/extend_annotated/shared/dense_history_prefetch_layer_2/call_26,730860,,,dense_history_prefetch_layer_2,shared,cudaEventCreateWithFlags_v3020,,,0.148564,0.149253
dense_prefetch,extend,CPU CUDA API,api,31770637,31770940,31770637,31770940,,,,echo/dense_prefetch/extend_annotated/shared/dense_history_prefetch_layer_2/call_26,730865,,,dense_history_prefetch_layer_2,shared,cudaStreamIsCapturing_v10000,,,0.15059,0.150893
dense_prefetch,extend,CPU CUDA API,api,31771145,31772285,31771145,31772285,,,,echo/dense_prefetch/extend_annotated/shared/dense_history_prefetch_layer_2/call_26,730866,,,dense_history_prefetch_layer_2,shared,cudaEventRecordWithFlags_v11010,,,0.151098,0.152238
dense_prefetch,extend,CPU CUDA API,api,31777041,31777514,31777041,31777514,,,,echo/dense_prefetch/extend_annotated/shared/dense_history_prefetch_layer_2/call_26,730871,,,dense_history_prefetch_layer_2,shared,cudaEventDestroy_v3020,,,0.156994,0.157467
dense_prefetch,extend,CPU CUDA API,api,31879394,31879811,31879394,31879811,,,,echo/dense_prefetch/extend_annotated/layer_1/layer_misc/call_28,730878,,,layer_misc,layer_1,cudaStreamIsCapturing_v10000,,,0.259347,0.259764
dense_prefetch,extend,CPU CUDA API,api,31883085,31883377,31883085,31883377,,,,echo/dense_prefetch/extend_annotated/layer_1/layer_misc/call_28,730882,,,layer_misc,layer_1,cudaStreamIsCapturing_v10000,,,0.263038,0.26333
dense_prefetch,extend,CPU CUDA API,api,31885473,31885739,31885473,31885739,,,,echo/dense_prefetch/extend_annotated/layer_1/layer_misc/call_28,730886,,,layer_misc,layer_1,cudaStreamIsCapturing_v10000,,,0.265426,0.265692
dense_prefetch,extend,CPU CUDA API,api,31905063,31905335,31905063,31905335,,,,echo/dense_prefetch/extend_annotated/layer_1/offload_source_reservation/call_29,730891,,,offload_source_reservation,layer_1,cudaStreamIsCapturing_v10000,,,0.285016,0.285288
dense_prefetch,extend,CPU CUDA API,api,31907356,31907592,31907356,31907592,,,,echo/dense_prefetch/extend_annotated/layer_1/offload_source_reservation/call_29,730895,,,offload_source_reservation,layer_1,cudaStreamIsCapturing_v10000,,,0.287309,0.287545
dense_prefetch,extend,CPU CUDA API,api,31910009,31910258,31910009,31910258,,,,echo/dense_prefetch/extend_annotated/layer_1/offload_source_reservation/call_29,730899,,,offload_source_reservation,layer_1,cudaStreamIsCapturing_v10000,,,0.289962,0.290211
dense_prefetch,extend,CPU CUDA API,api,31948131,31960384,31948131,31960384,,,,echo/dense_prefetch/extend_annotated/layer_1/compute_graph_projection_inputs/call_31,730902,,,compute_graph_projection_inputs,layer_1,cudaMemcpyAsync_v3020,,,0.328084,0.340337
dense_prefetch,extend,CPU CUDA API,api,31966108,31972261,31966108,31972261,,,,echo/dense_prefetch/extend_annotated/layer_1/compute_graph_projection_inputs/call_31,730910,,,compute_graph_projection_inputs,layer_1,cudaMemcpyAsync_v3020,,,0.346061,0.352214
dense_prefetch,extend,CPU CUDA API,api,31982069,31988994,31982069,31988994,,,,echo/dense_prefetch/extend_annotated/layer_1/compute_graph_projection_inputs/call_31,730919,,,compute_graph_projection_inputs,layer_1,cudaLaunchKernel_v7000,,,0.362022,0.368947
dense_prefetch,extend,CPU CUDA API,api,32010598,32123313,32010598,32123313,,,,echo/dense_prefetch/extend_annotated/layer_1/compute_graph_projection_layer_1_q_128/call_32,730925,,,compute_graph_projection_layer_1_q_128,layer_1,cudaGraphLaunch_v10000,,,0.390551,0.503266
dense_prefetch,extend,CPU CUDA API,api,32142707,32146597,32142707,32146597,,,,echo/dense_prefetch/extend_annotated/layer_1/compute_graph_owned_writeback_source/call_33,730931,,,compute_graph_owned_writeback_source,layer_1,cudaEventQuery_v3020,,,0.52266,0.52655
dense_prefetch,extend,CPU CUDA API,api,32153469,32161624,32153469,32161624,,,,echo/dense_prefetch/extend_annotated/layer_1/compute_graph_owned_writeback_source/call_33,730937,,,compute_graph_owned_writeback_source,layer_1,cudaMemcpyAsync_v3020,,,0.533422,0.541577
dense_prefetch,extend,CPU CUDA API,api,32192188,32198873,32192188,32198873,,,,echo/dense_prefetch/extend_annotated/layer_1/index_cache_write/call_34,730943,,,index_cache_write,layer_1,cudaMemcpyAsync_v3020,,,0.572141,0.578826
dense_prefetch,extend,CPU CUDA API,api,32206243,32211492,32206243,32211492,,,,echo/dense_prefetch/extend_annotated/layer_1/index_cache_write/call_34,730951,,,index_cache_write,layer_1,cudaMemcpyAsync_v3020,,,0.586196,0.591445
dense_prefetch,extend,CPU CUDA API,api,32216974,32217373,32216974,32217373,,,,echo/dense_prefetch/extend_annotated/layer_1/index_cache_write/call_34,730960,,,index_cache_write,layer_1,cudaStreamIsCapturing_v10000,,,0.596927,0.597326
dense_prefetch,extend,CPU CUDA API,api,32390512,32396869,32390512,32396869,,,,echo/dense_prefetch/extend_annotated/layer_1/indexer_qk/call_37,731002,,,indexer_qk,layer_1,cudaLaunchKernel_v7000,,,0.770465,0.776822
dense_prefetch,extend,CPU CUDA API,api,32425834,32431992,32425834,32431992,,,,echo/dense_prefetch/extend_annotated/layer_1/indexer_qk/call_37,731022,,,indexer_qk,layer_1,cudaLaunchKernel_v7000,,,0.805787,0.811945
dense_prefetch,extend,CPU CUDA API,api,32444185,32450471,32444185,32450471,,,,echo/dense_prefetch/extend_annotated/layer_1/indexer_qk/call_37,731029,,,indexer_qk,layer_1,cudaLaunchKernel_v7000,,,0.824138,0.830424
dense_prefetch,extend,CPU CUDA API,api,32501352,32513905,32501352,32513905,,,,echo/dense_prefetch/extend_annotated/layer_1/exact_topk/call_38,731046,,,exact_topk,layer_1,cudaLaunchKernel_v7000,,,0.881305,0.893858
dense_prefetch,extend,CPU CUDA API,api,32552142,32557537,32552142,32557537,,,,echo/dense_prefetch/extend_annotated/layer_1/exact_topk/call_38,731071,,,exact_topk,layer_1,cudaLaunchKernel_v7000,,,0.932095,0.93749
dense_prefetch,extend,CPU CUDA API,api,32558221,32563745,32558221,32563745,,,,echo/dense_prefetch/extend_annotated/layer_1/exact_topk/call_38,731072,,,exact_topk,layer_1,cudaLaunchKernel_v7000,,,0.938174,0.943698
dense_prefetch,extend,CPU CUDA API,api,32564640,32568901,32564640,32568901,,,,echo/dense_prefetch/extend_annotated/layer_1/exact_topk/call_38,731073,,,exact_topk,layer_1,cudaLaunchKernel_v7000,,,0.944593,0.948854
dense_prefetch,extend,CPU CUDA API,api,32652638,32653173,32652638,32653173,,,,echo/dense_prefetch/extend_annotated/layer_1/cache_write/call_39,731083,,,cache_write,layer_1,cudaStreamIsCapturing_v10000,,,1.032591,1.033126
dense_prefetch,extend,CPU CUDA API,api,32661459,32661759,32661459,32661759,,,,echo/dense_prefetch/extend_annotated/layer_1/cache_write/call_39,731087,,,cache_write,layer_1,cudaStreamIsCapturing_v10000,,,1.041412,1.041712
dense_prefetch,extend,CPU CUDA API,api,32664894,32665180,32664894,32665180,,,,echo/dense_prefetch/extend_annotated/layer_1/cache_write/call_39,731091,,,cache_write,layer_1,cudaStreamIsCapturing_v10000,,,1.044847,1.045133
dense_prefetch,extend,CPU CUDA API,api,32674105,32674372,32674105,32674372,,,,echo/dense_prefetch/extend_annotated/layer_1/cache_write/call_39,731098,,,cache_write,layer_1,cudaStreamIsCapturing_v10000,,,1.054058,1.054325
dense_prefetch,extend,CPU CUDA API,api,32739614,32746522,32739614,32746522,,,,echo/dense_prefetch/extend_annotated/layer_1/cache_write/call_39,731110,,,cache_write,layer_1,cudaLaunchKernel_v7000,,,1.119567,1.126475
dense_prefetch,extend,CPU CUDA API,api,32756996,32757347,32756996,32757347,,,,echo/dense_prefetch/extend_annotated/layer_1/cache_write/call_39,731116,,,cache_write,layer_1,cudaStreamIsCapturing_v10000,,,1.136949,1.1373
dense_prefetch,extend,CPU CUDA API,api,32770670,32772158,32770670,32772158,,,,echo/dense_prefetch/extend_annotated/layer_1/cache_write/call_39,731119,,,cache_write,layer_1,cudaEventCreateWithFlags_v3020,,,1.150623,1.152111
dense_prefetch,extend,CPU CUDA API,api,32773651,32773915,32773651,32773915,,,,echo/dense_prefetch/extend_annotated/layer_1/cache_write/call_39,731124,,,cache_write,layer_1,cudaStreamIsCapturing_v10000,,,1.153604,1.153868
dense_prefetch,extend,CPU CUDA API,api,32774189,32776755,32774189,32776755,,,,echo/dense_prefetch/extend_annotated/layer_1/cache_write/call_39,731125,,,cache_write,layer_1,cudaEventRecordWithFlags_v11010,,,1.154142,1.156708
dense_prefetch,extend,CPU CUDA API,api,32779026,32779266,32779026,32779266,,,,echo/dense_prefetch/extend_annotated/layer_1/cache_write/call_39,731130,,,cache_write,layer_1,cudaStreamIsCapturing_v10000,,,1.158979,1.159219
dense_prefetch,extend,CPU CUDA API,api,32779806,32782119,32779806,32782119,,,,echo/dense_prefetch/extend_annotated/layer_1/cache_write/call_39,731131,,,cache_write,layer_1,cudaStreamWaitEvent_v3020,,,1.159759,1.162072
dense_prefetch,extend,CPU CUDA API,api,32783637,32784351,32783637,32784351,,,,echo/dense_prefetch/extend_annotated/layer_1/cache_write/call_39,731135,,,cache_write,layer_1,cudaEventDestroy_v3020,,,1.16359,1.164304
dense_prefetch,extend,CPU CUDA API,api,32815052,32815403,32815052,32815403,,,,echo/dense_prefetch/extend_annotated/layer_1/cache_write/call_39,731149,,,cache_write,layer_1,cudaStreamIsCapturing_v10000,,,1.195005,1.195356
dense_prefetch,extend,CPU CUDA API,api,32816074,32825962,32816074,32825962,,,,echo/dense_prefetch/extend_annotated/layer_1/cache_write/call_39,731151,,,cache_write,layer_1,cudaMemcpyAsync_v3020,,,1.196027,1.205915
dense_prefetch,extend,CPU CUDA API,api,32833344,32834292,32833344,32834292,,,,echo/dense_prefetch/extend_annotated/layer_1/cache_write/call_39,731155,,,cache_write,layer_1,cudaEventCreateWithFlags_v3020,,,1.213297,1.214245
dense_prefetch,extend,CPU CUDA API,api,32835556,32835818,32835556,32835818,,,,echo/dense_prefetch/extend_annotated/layer_1/cache_write/call_39,731160,,,cache_write,layer_1,cudaStreamIsCapturing_v10000,,,1.215509,1.215771
dense_prefetch,extend,CPU CUDA API,api,32836027,32837375,32836027,32837375,,,,echo/dense_prefetch/extend_annotated/layer_1/cache_write/call_39,731161,,,cache_write,layer_1,cudaEventRecordWithFlags_v11010,,,1.21598,1.217328
dense_prefetch,extend,CPU CUDA API,api,32878569,32878882,32878569,32878882,,,,echo/dense_prefetch/extend_annotated/layer_1/offload_exact_recall/call_40,731171,,,offload_exact_recall,layer_1,cudaStreamIsCapturing_v10000,,,1.258522,1.258835
dense_prefetch,extend,CPU CUDA API,api,32881970,32882219,32881970,32882219,,,,echo/dense_prefetch/extend_annotated/layer_1/offload_exact_recall/call_40,731175,,,offload_exact_recall,layer_1,cudaStreamIsCapturing_v10000,,,1.261923,1.262172
dense_prefetch,extend,CPU CUDA API,api,32884992,32885243,32884992,32885243,,,,echo/dense_prefetch/extend_annotated/layer_1/offload_exact_recall/call_40,731179,,,offload_exact_recall,layer_1,cudaStreamIsCapturing_v10000,,,1.264945,1.265196
dense_prefetch,extend,CPU CUDA API,api,32887417,32887655,32887417,32887655,,,,echo/dense_prefetch/extend_annotated/layer_1/offload_exact_recall/call_40,731183,,,offload_exact_recall,layer_1,cudaStreamIsCapturing_v10000,,,1.26737,1.267608
dense_prefetch,extend,CPU CUDA API,api,32936002,32942473,32936002,32942473,,,,echo/dense_prefetch/extend_annotated/layer_1/offload_exact_recall/call_40,731199,,,offload_exact_recall,layer_1,cudaLaunchKernel_v7000,,,1.315955,1.322426
dense_prefetch,extend,CPU CUDA API,api,32943521,32948276,32943521,32948276,,,,echo/dense_prefetch/extend_annotated/layer_1/offload_exact_recall/call_40,731202,,,offload_exact_recall,layer_1,cudaLaunchKernel_v7000,,,1.323474,1.328229
dense_prefetch,extend,CPU CUDA API,api,33065393,33066498,33065393,33066498,,,,echo/dense_prefetch/extend_annotated/layer_1/mla_qk_pv/call_42,731230,,,mla_qk_pv,layer_1,cudaGetDriverEntryPointByVersion_v12050,,,1.445346,1.446451
dense_prefetch,extend,CPU CUDA API,api,33067800,33068035,33067800,33068035,,,,echo/dense_prefetch/extend_annotated/layer_1/mla_qk_pv/call_42,731232,,,mla_qk_pv,layer_1,cudaGetDriverEntryPointByVersion_v12050,,,1.447753,1.447988
dense_prefetch,extend,CPU CUDA API,api,33073888,33081094,33073888,33081094,,,,echo/dense_prefetch/extend_annotated/layer_1/mla_qk_pv/call_42,731236,,,mla_qk_pv,layer_1,cudaLaunchKernelExC_v11060,,,1.453841,1.461047
dense_prefetch,extend,CPU CUDA API,api,33240460,33280961,33240460,33280961,,,,echo/dense_prefetch/extend_annotated/layer_1/compute_graph_finish_layer_1_q_128/call_46,731255,,,compute_graph_finish_layer_1_q_128,layer_1,cudaGraphLaunch_v10000,,,1.620413,1.660914
dense_prefetch,extend,CPU CUDA API,api,33296522,33297567,33296522,33297567,,,,echo/dense_prefetch/extend_annotated/layer_1/layer_misc/call_28,731260,,,layer_misc,layer_1,cudaEventDestroy_v3020,,,1.676475,1.67752
dense_prefetch,extend,CPU CUDA API,api,33299357,33300357,33299357,33300357,,,,echo/dense_prefetch/extend_annotated/layer_1/layer_misc/call_28,731264,,,layer_misc,layer_1,cudaEventCreateWithFlags_v3020,,,1.67931,1.68031
dense_prefetch,extend,CPU CUDA API,api,33301731,33302085,33301731,33302085,,,,echo/dense_prefetch/extend_annotated/layer_1/layer_misc/call_28,731269,,,layer_misc,layer_1,cudaStreamIsCapturing_v10000,,,1.681684,1.682038
dense_prefetch,extend,CPU CUDA API,api,33302289,33304160,33302289,33304160,,,,echo/dense_prefetch/extend_annotated/layer_1/layer_misc/call_28,731270,,,layer_misc,layer_1,cudaEventRecordWithFlags_v11010,,,1.682242,1.684113
dense_prefetch,extend,CPU CUDA API,api,33338557,33338943,33338557,33338943,,,,echo/dense_prefetch/extend_annotated/shared/dense_history_wait_layer_2/call_47,731278,,,dense_history_wait_layer_2,shared,cudaStreamIsCapturing_v10000,,,1.71851,1.718896
dense_prefetch,extend,CPU CUDA API,api,33347652,33347930,33347652,33347930,,,,echo/dense_prefetch/extend_annotated/shared/dense_history_wait_layer_2/call_47,731282,,,dense_history_wait_layer_2,shared,cudaStreamIsCapturing_v10000,,,1.727605,1.727883
dense_prefetch,extend,CPU CUDA API,api,33348217,33350416,33348217,33350416,,,,echo/dense_prefetch/extend_annotated/shared/dense_history_wait_layer_2/call_47,731283,,,dense_history_wait_layer_2,shared,cudaStreamWaitEvent_v3020,,,1.72817,1.730369
dense_prefetch,extend,CPU CUDA API,api,33353396,33353673,33353396,33353673,,,,echo/dense_prefetch/extend_annotated/shared/dense_history_wait_layer_2/call_47,731289,,,dense_history_wait_layer_2,shared,cudaStreamIsCapturing_v10000,,,1.733349,1.733626
dense_prefetch,extend,CPU CUDA API,api,33429843,33430197,33429843,33430197,,,,echo/dense_prefetch/extend_annotated/layer_2/layer_misc/call_49,731294,,,layer_misc,layer_2,cudaStreamIsCapturing_v10000,,,1.809796,1.81015
dense_prefetch,extend,CPU CUDA API,api,33433421,33433692,33433421,33433692,,,,echo/dense_prefetch/extend_annotated/layer_2/layer_misc/call_49,731298,,,layer_misc,layer_2,cudaStreamIsCapturing_v10000,,,1.813374,1.813645
dense_prefetch,extend,CPU CUDA API,api,33435848,33436118,33435848,33436118,,,,echo/dense_prefetch/extend_annotated/layer_2/layer_misc/call_49,731302,,,layer_misc,layer_2,cudaStreamIsCapturing_v10000,,,1.815801,1.816071
dense_prefetch,extend,CPU CUDA API,api,33455394,33455708,33455394,33455708,,,,echo/dense_prefetch/extend_annotated/layer_2/offload_source_reservation/call_50,731307,,,offload_source_reservation,layer_2,cudaStreamIsCapturing_v10000,,,1.835347,1.835661
dense_prefetch,extend,CPU CUDA API,api,33457711,33457977,33457711,33457977,,,,echo/dense_prefetch/extend_annotated/layer_2/offload_source_reservation/call_50,731311,,,offload_source_reservation,layer_2,cudaStreamIsCapturing_v10000,,,1.837664,1.83793
dense_prefetch,extend,CPU CUDA API,api,33460315,33460563,33460315,33460563,,,,echo/dense_prefetch/extend_annotated/layer_2/offload_source_reservation/call_50,731315,,,offload_source_reservation,layer_2,cudaStreamIsCapturing_v10000,,,1.840268,1.840516
dense_prefetch,extend,CPU CUDA API,api,33463045,33467697,33463045,33467697,,,,echo/dense_prefetch/extend_annotated/layer_2/offload_source_reservation/call_50,731316,,,offload_source_reservation,layer_2,cudaEventQuery_v3020,,,1.842998,1.84765
dense_prefetch,extend,CPU CUDA API,api,33469213,33469720,33469213,33469720,,,,echo/dense_prefetch/extend_annotated/layer_2/offload_source_reservation/call_50,731318,,,offload_source_reservation,layer_2,cudaEventDestroy_v3020,,,1.849166,1.849673
dense_prefetch,extend,CPU CUDA API,api,33471883,33473418,33471883,33473418,,,,echo/dense_prefetch/extend_annotated/layer_2/offload_source_reservation/call_50,731323,,,offload_source_reservation,layer_2,cudaEventRecord_v3020,,,1.851836,1.853371
dense_prefetch,extend,CPU CUDA API,api,31629969,31630264,31629969,31630264,,,,echo/dense_prefetch/extend_annotated/shared/dense_history_prefetch_layer_2/call_26,730801,,,dense_history_prefetch_layer_2,shared,cuKernelGetName,,,0.009922,0.010217
dense_prefetch,extend,CPU CUDA API,api,31754524,31754789,31754524,31754789,,,,echo/dense_prefetch/extend_annotated/shared/dense_history_prefetch_layer_2/call_26,730855,,,dense_history_prefetch_layer_2,shared,cuKernelGetName,,,0.134477,0.134742
dense_prefetch,extend,CPU CUDA API,api,31981428,31981878,31981428,31981878,,,,echo/dense_prefetch/extend_annotated/layer_1/compute_graph_projection_inputs/call_31,730918,,,compute_graph_projection_inputs,layer_1,cuKernelGetName,,,0.361381,0.361831
dense_prefetch,extend,CPU CUDA API,api,32345574,32346397,32345574,32346397,,,,echo/dense_prefetch/extend_annotated/layer_1/indexer_qk/call_37,730981,,,indexer_qk,layer_1,cuTensorMapEncodeTiled,,,0.725527,0.72635
dense_prefetch,extend,CPU CUDA API,api,32346845,32346994,32346845,32346994,,,,echo/dense_prefetch/extend_annotated/layer_1/indexer_qk/call_37,730982,,,indexer_qk,layer_1,cuTensorMapEncodeTiled,,,0.726798,0.726947
dense_prefetch,extend,CPU CUDA API,api,32347388,32347655,32347388,32347655,,,,echo/dense_prefetch/extend_annotated/layer_1/indexer_qk/call_37,730983,,,indexer_qk,layer_1,cuTensorMapEncodeTiled,,,0.727341,0.727608
dense_prefetch,extend,CPU CUDA API,api,32348005,32348125,32348005,32348125,,,,echo/dense_prefetch/extend_annotated/layer_1/indexer_qk/call_37,730984,,,indexer_qk,layer_1,cuTensorMapEncodeTiled,,,0.727958,0.728078
dense_prefetch,extend,CPU CUDA API,api,32363730,32370540,32363730,32370540,,,,echo/dense_prefetch/extend_annotated/layer_1/indexer_qk/call_37,730987,,,indexer_qk,layer_1,cuLaunchKernelEx,,,0.743683,0.750493
dense_prefetch,extend,CPU CUDA API,api,32390071,32390367,32390071,32390367,,,,echo/dense_prefetch/extend_annotated/layer_1/indexer_qk/call_37,731001,,,indexer_qk,layer_1,cuKernelGetName,,,0.770024,0.77032
dense_prefetch,extend,CPU CUDA API,api,32425527,32425740,32425527,32425740,,,,echo/dense_prefetch/extend_annotated/layer_1/indexer_qk/call_37,731021,,,indexer_qk,layer_1,cuKernelGetName,,,0.80548,0.805693
dense_prefetch,extend,CPU CUDA API,api,32443900,32444103,32443900,32444103,,,,echo/dense_prefetch/extend_annotated/layer_1/indexer_qk/call_37,731028,,,indexer_qk,layer_1,cuKernelGetName,,,0.823853,0.824056
dense_prefetch,extend,CPU CUDA API,api,32500968,32501190,32500968,32501190,,,,echo/dense_prefetch/extend_annotated/layer_1/exact_topk/call_38,731045,,,exact_topk,layer_1,cuKernelGetName,,,0.880921,0.881143
dense_prefetch,extend,CPU CUDA API,api,32617971,32622404,32617971,32622404,,,,echo/dense_prefetch/extend_annotated/layer_1/exact_topk/call_38,731078,,,exact_topk,layer_1,cuLaunchKernelEx,,,0.997924,1.002357
dense_prefetch,extend,CPU CUDA API,api,32739148,32739447,32739148,32739447,,,,echo/dense_prefetch/extend_annotated/layer_1/cache_write/call_39,731109,,,cache_write,layer_1,cuKernelGetName,,,1.119101,1.1194
dense_prefetch,extend,CPU CUDA API,api,32935554,32935809,32935554,32935809,,,,echo/dense_prefetch/extend_annotated/layer_1/offload_exact_recall/call_40,731198,,,offload_exact_recall,layer_1,cuKernelGetName,,,1.315507,1.315762
dense_prefetch,extend,CPU CUDA API,api,32943286,32943431,32943286,32943431,,,,echo/dense_prefetch/extend_annotated/layer_1/offload_exact_recall/call_40,731201,,,offload_exact_recall,layer_1,cuKernelGetName,,,1.323239,1.323384
dense_prefetch,extend,CPU CUDA API,api,33066827,33067584,33066827,33067584,,,,echo/dense_prefetch/extend_annotated/layer_1/mla_qk_pv/call_42,731231,,,mla_qk_pv,layer_1,cuTensorMapEncodeTiled,,,1.44678,1.447537
dense_prefetch,extend,CPU CUDA API,api,33068172,33068368,33068172,33068368,,,,echo/dense_prefetch/extend_annotated/layer_1/mla_qk_pv/call_42,731233,,,mla_qk_pv,layer_1,cuTensorMapEncodeTiled,,,1.448125,1.448321
dense_prefetch,extend,CPU CUDA API,api,33199880,33200251,33199880,33200251,,,,echo/dense_prefetch/extend_annotated/layer_1/v_expand/call_45,731247,,,v_expand,layer_1,cuKernelGetAttribute,,,1.579833,1.580204
dense_prefetch,extend,CPU CUDA API,api,33200445,33200558,33200445,33200558,,,,echo/dense_prefetch/extend_annotated/layer_1/v_expand/call_45,731248,,,v_expand,layer_1,cuKernelGetAttribute,,,1.580398,1.580511
dense_prefetch,extend,CPU CUDA API,api,33201833,33208003,33201833,33208003,,,,echo/dense_prefetch/extend_annotated/layer_1/v_expand/call_45,731250,,,v_expand,layer_1,cuLaunchKernelEx,,,1.581786,1.587956
dense_prefetch,extend,CPU control,nvtx,31620047,33489964,27939772,35629497,,,,echo/dense_prefetch/extend_annotated/shared/forward_misc/call_0,,,,forward_misc,shared,forward_misc,,,0.0,1.869917
dense_prefetch,extend,CPU control,nvtx,31620047,31779601,31521907,31779601,,,,echo/dense_prefetch/extend_annotated/shared/dense_history_prefetch_layer_2/call_26,,,,dense_history_prefetch_layer_2,shared,dense_history_prefetch_layer_2,,,0.0,0.159554
dense_prefetch,extend,CPU control,nvtx,31805858,31813054,31805858,31813054,,,,echo/dense_prefetch/extend_annotated/shared/hidden_transfer/call_27,,,,hidden_transfer,shared,hidden_transfer,,,0.185811,0.193007
dense_prefetch,extend,CPU control,nvtx,31832944,33313843,31832944,33313843,,,,echo/dense_prefetch/extend_annotated/layer_1/layer_misc/call_28,,,,layer_misc,layer_1,layer_misc,,,0.212897,1.693796
dense_prefetch,extend,CPU control,nvtx,31901847,31912811,31901847,31912811,,,,echo/dense_prefetch/extend_annotated/layer_1/offload_source_reservation/call_29,,,,offload_source_reservation,layer_1,offload_source_reservation,,,0.2818,0.292764
dense_prefetch,extend,CPU control,nvtx,31923406,32171117,31923406,32171117,,,,echo/dense_prefetch/extend_annotated/layer_1/attention_projection/call_30,,,,attention_projection,layer_1,attention_projection,,,0.303359,0.55107
dense_prefetch,extend,CPU control,nvtx,31939118,31991609,31939118,31991609,,,,echo/dense_prefetch/extend_annotated/layer_1/compute_graph_projection_inputs/call_31,,,,compute_graph_projection_inputs,layer_1,compute_graph_projection_inputs,,,0.319071,0.371562
dense_prefetch,extend,CPU control,nvtx,32006452,32125072,32006452,32125072,,,,echo/dense_prefetch/extend_annotated/layer_1/compute_graph_projection_layer_1_q_128/call_32,,,,compute_graph_projection_layer_1_q_128,layer_1,compute_graph_projection_layer_1_q_128,,,0.386405,0.505025
dense_prefetch,extend,CPU control,nvtx,32137146,32169689,32137146,32169689,,,,echo/dense_prefetch/extend_annotated/layer_1/compute_graph_owned_writeback_source/call_33,,,,compute_graph_owned_writeback_source,layer_1,compute_graph_owned_writeback_source,,,0.517099,0.549642
dense_prefetch,extend,CPU control,nvtx,32182420,32219017,32182420,32219017,,,,echo/dense_prefetch/extend_annotated/layer_1/index_cache_write/call_34,,,,index_cache_write,layer_1,index_cache_write,,,0.562373,0.59897
dense_prefetch,extend,CPU control,nvtx,32230184,32231475,32230184,32231475,,,,echo/dense_prefetch/extend_annotated/layer_1/offload_prepare/call_35,,,,offload_prepare,layer_1,offload_prepare,,,0.610137,0.611428
dense_prefetch,extend,CPU control,nvtx,32240598,32461040,32240598,32461040,,,,echo/dense_prefetch/extend_annotated/layer_1/indexer_aux/call_36,,,,indexer_aux,layer_1,indexer_aux,,,0.620551,0.840993
dense_prefetch,extend,CPU control,nvtx,32296854,32457502,32296854,32457502,,,,echo/dense_prefetch/extend_annotated/layer_1/indexer_qk/call_37,,,,indexer_qk,layer_1,indexer_qk,,,0.676807,0.837455
dense_prefetch,extend,CPU control,nvtx,32476068,32629584,32476068,32629584,,,,echo/dense_prefetch/extend_annotated/layer_1/exact_topk/call_38,,,,exact_topk,layer_1,exact_topk,,,0.856021,1.009537
dense_prefetch,extend,CPU control,nvtx,32647790,32851110,32647790,32851110,,,,echo/dense_prefetch/extend_annotated/layer_1/cache_write/call_39,,,,cache_write,layer_1,cache_write,,,1.027743,1.231063
dense_prefetch,extend,CPU control,nvtx,32871499,32954413,32871499,32954413,,,,echo/dense_prefetch/extend_annotated/layer_1/offload_exact_recall/call_40,,,,offload_exact_recall,layer_1,offload_exact_recall,,,1.251452,1.334366
dense_prefetch,extend,CPU control,nvtx,32970405,33090875,32970405,33090875,,,,echo/dense_prefetch/extend_annotated/layer_1/sparse_mla_aux/call_41,,,,sparse_mla_aux,layer_1,sparse_mla_aux,,,1.350358,1.470828
dense_prefetch,extend,CPU control,nvtx,33020240,33088833,33020240,33088833,,,,echo/dense_prefetch/extend_annotated/layer_1/mla_qk_pv/call_42,,,,mla_qk_pv,layer_1,mla_qk_pv,,,1.400193,1.468786
dense_prefetch,extend,CPU control,nvtx,33104736,33284990,33104736,33284990,,,,echo/dense_prefetch/extend_annotated/layer_1/attention_output/call_43,,,,attention_output,layer_1,attention_output,,,1.484689,1.664943
dense_prefetch,extend,CPU control,nvtx,33115235,33217404,33115235,33217404,,,,echo/dense_prefetch/extend_annotated/layer_1/compute_graph_value_expansion/call_44,,,,compute_graph_value_expansion,layer_1,compute_graph_value_expansion,,,1.495188,1.597357
dense_prefetch,extend,CPU control,nvtx,33160445,33211458,33160445,33211458,,,,echo/dense_prefetch/extend_annotated/layer_1/v_expand/call_45,,,,v_expand,layer_1,v_expand,,,1.540398,1.591411
dense_prefetch,extend,CPU control,nvtx,33235505,33282701,33235505,33282701,,,,echo/dense_prefetch/extend_annotated/layer_1/compute_graph_finish_layer_1_q_128/call_46,,,,compute_graph_finish_layer_1_q_128,layer_1,compute_graph_finish_layer_1_q_128,,,1.615458,1.662654
dense_prefetch,extend,CPU control,nvtx,33333849,33356062,33333849,33356062,,,,echo/dense_prefetch/extend_annotated/shared/dense_history_wait_layer_2/call_47,,,,dense_history_wait_layer_2,shared,dense_history_wait_layer_2,,,1.713802,1.736015
dense_prefetch,extend,CPU control,nvtx,33370179,33375740,33370179,33375740,,,,echo/dense_prefetch/extend_annotated/shared/hidden_transfer/call_48,,,,hidden_transfer,shared,hidden_transfer,,,1.750132,1.755693
dense_prefetch,extend,CPU control,nvtx,33392385,33489964,33392385,34788683,,,,echo/dense_prefetch/extend_annotated/layer_2/layer_misc/call_49,,,,layer_misc,layer_2,layer_misc,,,1.772338,1.869917
dense_prefetch,extend,CPU control,nvtx,33452691,33476355,33452691,33476355,,,,echo/dense_prefetch/extend_annotated/layer_2/offload_source_reservation/call_50,,,,offload_source_reservation,layer_2,offload_source_reservation,,,1.832644,1.856308
dense_prefetch,extend,CPU control,nvtx,33487023,33489964,33487023,33702348,,,,echo/dense_prefetch/extend_annotated/layer_2/attention_projection/call_51,,,,attention_projection,layer_2,attention_projection,,,1.866976,1.869917
