dataset,field,user_fraction,traffic_fraction,relative_weight
beauty,interaction_count,4.477879276374709e-05,0.0013856730666476685,30.944850924375736
beauty,interaction_count,8.955758552749418e-05,0.0025825526306415417,26.728714423111175
beauty,interaction_count,0.00013433637829124128,0.003743810779040359,25.93321697004239
beauty,interaction_count,0.00017911517105498835,0.004734086132582909,22.114829195312222
beauty,interaction_count,0.00022389396381873545,0.005717237203006448,21.955729704698467
beauty,interaction_count,0.00026867275658248256,0.00669682613187048,21.876179959391585
beauty,interaction_count,0.0003134515493462296,0.0076550422113774805,21.398881487550316
beauty,interaction_count,0.0003582303421099767,0.008577636875289424,20.603384034481532
beauty,interaction_count,0.0004030091348737238,0.009464610123606313,19.807886581412745
beauty,interaction_count,0.0004477879276374709,0.010266091974495066,17.89869269404766
beauty,interaction_count,0.000492566720401218,0.011017703843550743,16.784996259751363
beauty,interaction_count,0.0005373455131649651,0.011762191429487407,16.625896769137604
beauty,interaction_count,0.0005821243059287122,0.01249243044918605,16.30769778791009
beauty,interaction_count,0.0006269030986924592,0.013154988779254088,14.7962526270794
beauty,interaction_count,0.0006716818914562063,0.013803298543084102,14.478053645851887
beauty,interaction_count,0.0007164606842199534,0.014419549032878566,13.762105938089979
beauty,interaction_count,0.0007612394769837005,0.015032237381113525,13.682556192783101
beauty,interaction_count,0.0008060182697474476,0.015637801446229473,13.523456702169344
beauty,interaction_count,0.0008507970625111947,0.01623624122822641,13.364357211555587
beauty,interaction_count,0.0008955758552749418,0.016820432443985324,13.046158230328073
beauty,interaction_count,0.0009403546480386889,0.017372564385708687,12.330210522566167
beauty,interaction_count,0.000985133440802436,0.01792113418587255,12.250660777259288
beauty,interaction_count,0.0010299122335661831,0.018462579702917394,12.09156128664553
beauty,interaction_count,0.0010746910263299302,0.019000463078402734,12.012011541338653
beauty,interaction_count,0.0011194698190936773,0.019534784312328572,11.932461796031774
beauty,interaction_count,0.0011642486118574244,0.02005129483845688,11.534713069497382
beauty,interaction_count,0.0012090274046211713,0.020553556798347167,11.216514088269868
beauty,interaction_count,0.0012538061973849184,0.02104869447511844,11.057414597656111
beauty,interaction_count,0.0012985849901486655,0.021536707868770703,10.898315107042354
beauty,interaction_count,0.0013433637829124126,0.022017596979303958,10.739215616428597
beauty,interaction_count,0.0013881425756761597,0.02249848608983721,10.739215616428597
beauty,interaction_count,0.0014329213684399068,0.022975813058810957,10.65966587112172
beauty,interaction_count,0.001477700161203654,0.023446015744665694,10.500566380507962
beauty,interaction_count,0.001522478953967401,0.023912656288960922,10.421016635201083
beauty,interaction_count,0.0015672577467311481,0.024375734691696647,10.341466889894205
beauty,interaction_count,0.0016120365394948952,0.024835250952872867,10.261917144587326
beauty,interaction_count,0.0016568153322586423,0.025287642930930075,10.102817653973569
beauty,interaction_count,0.0017015941250223894,0.025740034908987283,10.102817653973569
beauty,interaction_count,0.0017463729177861365,0.02618530260392548,9.943718163359812
beauty,interaction_count,0.0017911517105498836,0.02661988387418516,9.705068927439177
beauty,interaction_count,0.0018359305033136307,0.02704734086132583,9.54596943682542
beauty,interaction_count,0.0018807092960773778,0.027467673565347486,9.386869946211663
beauty,interaction_count,0.001925488088841125,0.027888006269369145,9.386869946211663
beauty,interaction_count,0.001970266881604872,0.0283047768318313,9.307320200904783
beauty,interaction_count,0.002015045674368619,0.02872154739429345,9.307320200904783
beauty,interaction_count,0.0020598244671323662,0.029134755815196096,9.227770455597906
beauty,interaction_count,0.0021046032598961133,0.02954440209453924,9.148220710291028
beauty,interaction_count,0.0021493820526598604,0.02995048623232287,9.068670964984149
beauty,interaction_count,0.0021941608454236075,0.030356570370106507,9.068670964984149
beauty,interaction_count,0.0022389396381873546,0.030759092366330638,8.989121219677271
beauty,interaction_count,0.0022837184309511017,0.031158052220995262,8.909571474370392
beauty,interaction_count,0.002328497223714849,0.031557012075659883,8.909571474370392
beauty,interaction_count,0.002373276016478596,0.0319488476472055,8.750471983756634
beauty,interaction_count,0.0024180548092423426,0.03233712107719161,8.670922238449757
beauty,interaction_count,0.0024628336020060897,0.032725394507177714,8.670922238449757
beauty,interaction_count,0.002507612394769837,0.033113667937163825,8.670922238449757
beauty,interaction_count,0.002552391187533584,0.03349837922559042,8.591372493142877
beauty,interaction_count,0.002597169980297331,0.03387952837245752,8.511822747836
beauty,interaction_count,0.002641948773061078,0.03425355323620561,8.352723257222243
beauty,interaction_count,0.0026867275658248252,0.034624015958394185,8.273173511915363
beauty,interaction_count,0.0027315063585885723,0.034994478680582766,8.273173511915363
beauty,interaction_count,0.0027762851513523194,0.03536494140277135,8.273173511915363
beauty,interaction_count,0.0028210639441160665,0.03573184198340042,8.193623766608486
beauty,interaction_count,0.0028658427368798136,0.03609518042246999,8.114074021301606
beauty,interaction_count,0.0029106215296435607,0.03645851886153956,8.114074021301606
beauty,interaction_count,0.002955400322407308,0.03681117087593061,7.875424785380972
beauty,interaction_count,0.003000179115171055,0.03716382289032166,7.875424785380972
beauty,interaction_count,0.003044957907934802,0.03751291276315321,7.795875040074093
beauty,interaction_count,0.003089736700698549,0.03786200263598476,7.795875040074093
beauty,interaction_count,0.0031345154934622962,0.0382075303672568,7.7163252947672145
beauty,interaction_count,0.0031792942862260433,0.03854949595696933,7.636775549460336
beauty,interaction_count,0.0032240730789897904,0.03888789940512236,7.5572258041534575
beauty,interaction_count,0.0032688518717535375,0.03922630285327539,7.5572258041534575
beauty,interaction_count,0.0033136306645172846,0.03956470630142842,7.5572258041534575
beauty,interaction_count,0.0033584094572810318,0.039899547608021946,7.477676058846579
beauty,interaction_count,0.003403188250044779,0.04023438891461547,7.477676058846579
beauty,interaction_count,0.003447967042808526,0.04056566807964949,7.3981263135397
beauty,interaction_count,0.003492745835572273,0.040896947244683506,7.3981263135397
beauty,interaction_count,0.00353752462833602,0.041228226409717524,7.3981263135397
beauty,interaction_count,0.0035823034210997673,0.04155950557475154,7.3981263135397
beauty,interaction_count,0.0036270822138635144,0.04189078473978556,7.3981263135397
beauty,interaction_count,0.0036718610066272615,0.04221850176326007,7.318576568232822
beauty,interaction_count,0.0037166397993910086,0.042546218786734584,7.318576568232822
beauty,interaction_count,0.0037614185921547557,0.04287037366864959,7.239026822925943
beauty,interaction_count,0.0038061973849185028,0.04319096640900509,7.159477077619065
beauty,interaction_count,0.00385097617768225,0.0435115591493606,7.159477077619065
beauty,interaction_count,0.003895754970445997,0.0438321518897161,7.159477077619065
beauty,interaction_count,0.003940533763209744,0.044149182488512094,7.079927332312186
beauty,interaction_count,0.003985312555973491,0.04446621308730809,7.079927332312186
beauty,interaction_count,0.004074870141500985,0.04508958786022157,6.920827841698429
beauty,interaction_count,0.0041196489342647325,0.04539949417589855,6.920827841698429
beauty,interaction_count,0.004164427727028479,0.045709400491575534,6.920827841698429
beauty,interaction_count,0.004209206519792227,0.04601930680725252,6.920827841698429
beauty,interaction_count,0.004253985312555973,0.04632565098137,6.841278096391551
beauty,interaction_count,0.004298764105319721,0.04663199515548748,6.841278096391551
beauty,interaction_count,0.004388321690847215,0.047233997079043924,6.682178605777794
beauty,interaction_count,0.004433100483610962,0.04753321697004239,6.682178605777794
beauty,interaction_count,0.004477879276374709,0.047832436861040856,6.682178605777794
beauty,interaction_count,0.004522658069138456,0.04813165675203933,6.682178605777794
beauty,interaction_count,0.00461221565466595,0.048726534392476754,6.602628860470915
beauty,interaction_count,0.004656994447429698,0.049018630000356216,6.523079115164037
beauty,interaction_count,0.004701773240193444,0.04931072560823567,6.523079115164037
beauty,interaction_count,0.004791330825720939,0.04989135468243508,6.443529369857158
beauty,interaction_count,0.004836109618484685,0.050179888148755035,6.443529369857158
beauty,interaction_count,0.004880888411248433,0.05046842161507498,6.443529369857158
beauty,interaction_count,0.004970445996775927,0.05104548854771489,6.443529369857158
beauty,interaction_count,0.005015224789539674,0.051334022014034836,6.443529369857158
beauty,interaction_count,0.005104782375067168,0.05191108894667474,6.443529369857158
beauty,interaction_count,0.005149561167830915,0.05219606027143519,6.3639796245502795
beauty,interaction_count,0.00523911875335841,0.052762440779396576,6.284429879243401
beauty,interaction_count,0.005283897546122156,0.05304384996259751,6.284429879243401
beauty,interaction_count,0.0053734551316496505,0.05360310618743989,6.2048801339365225
beauty,interaction_count,0.005418233924413398,0.053880953229081326,6.2048801339365225
beauty,interaction_count,0.005507791509940892,0.05442952302924518,6.125330388629644
beauty,interaction_count,0.005552570302704639,0.05470380792932711,6.125330388629644
beauty,interaction_count,0.005642127888232133,0.05525237772949097,6.125330388629644
beauty,interaction_count,0.005686906680995881,0.05552310048801339,6.045780643322765
beauty,interaction_count,0.005776464266523375,0.05606454600505824,6.045780643322765
beauty,interaction_count,0.005866021852050869,0.05660599152210309,6.045780643322765
beauty,interaction_count,0.005910800644814616,0.056873152139066005,5.966230898015887
beauty,interaction_count,0.00600035823034211,0.05740747337299184,5.966230898015887
beauty,interaction_count,0.006089915815869604,0.05794179460691768,5.966230898015887
beauty,interaction_count,0.006134694608633352,0.058208955223880594,5.966230898015887
beauty,interaction_count,0.006224252194160846,0.05873971431624693,5.886681152709008
beauty,interaction_count,0.00631380977968834,0.05926691126705375,5.886681152709008
beauty,interaction_count,0.006403367365215833,0.059794108217860575,5.886681152709008
beauty,interaction_count,0.006448146157979581,0.060054144551704484,5.80713140740213
beauty,interaction_count,0.006537703743507075,0.060574217219392296,5.80713140740213
beauty,interaction_count,0.006627261329034569,0.061094289887080114,5.80713140740213
beauty,interaction_count,0.0067168189145620635,0.06161080041320842,5.727581662095252
beauty,interaction_count,0.006806376500089558,0.06212018665621772,5.648031916788374
beauty,interaction_count,0.006895934085617052,0.06262601075766751,5.648031916788374
beauty,interaction_count,0.006985491671144546,0.0631318348591173,5.648031916788374
beauty,interaction_count,0.00707504925667204,0.06363053467744809,5.568482171481495
beauty,interaction_count,0.0071646068421995345,0.06412923449577886,5.568482171481495
beauty,interaction_count,0.007254164427727029,0.06462793431410964,5.568482171481495
beauty,interaction_count,0.007343722013254523,0.06511950984932141,5.488932426174617
beauty,interaction_count,0.007433279598782017,0.06561108538453318,5.488932426174617
beauty,interaction_count,0.007522837184309511,0.06610266091974495,5.488932426174617
beauty,interaction_count,0.0076123947698370055,0.06658711217183771,5.409382680867738
beauty,interaction_count,0.0077019523553645,0.06707156342393046,5.409382680867738
beauty,interaction_count,0.007791509940891994,0.06755245253446372,5.32983293556086
beauty,interaction_count,0.007881067526419488,0.06802977950343747,5.32983293556086
beauty,interaction_count,0.008015403904710729,0.06873864567377908,5.250283190253981
beauty,interaction_count,0.008104961490238222,0.06920884835963381,5.250283190253981
beauty,interaction_count,0.008194519075765717,0.06967192676236954,5.1707334449471025
beauty,interaction_count,0.008328855454056958,0.07036654436647312,5.1707334449471025
beauty,interaction_count,0.008418413039584453,0.07082962276920884,5.1707334449471025
beauty,interaction_count,0.008507970625111947,0.07129270117194457,5.1707334449471025
beauty,interaction_count,0.008642307003403188,0.07198019449292915,5.091183699640224
beauty,interaction_count,0.008731864588930683,0.07243258647098635,5.0116339543333455
beauty,interaction_count,0.008866200967221924,0.07310583122573291,5.0116339543333455
beauty,interaction_count,0.008955758552749419,0.07355466106223062,5.0116339543333455
beauty,interaction_count,0.00909009493104066,0.07422790581697716,5.0116339543333455
beauty,interaction_count,0.009179652516568153,0.07467673565347487,5.0116339543333455
beauty,interaction_count,0.009313988894859395,0.0753392939835429,4.932084209026467
beauty,interaction_count,0.009403546480386889,0.07578099953692159,4.932084209026467
beauty,interaction_count,0.00953788285867813,0.07644355786698963,4.932084209026467
beauty,interaction_count,0.00967221923696937,0.07709899191393867,4.852534463719588
beauty,interaction_count,0.009806555615260613,0.07775086381932818,4.852534463719588
beauty,interaction_count,0.009896113200788106,0.07818188294802836,4.77298471841271
beauty,interaction_count,0.010030449579079347,0.07882306842873936,4.77298471841271
beauty,interaction_count,0.01016478595737059,0.07946425390945036,4.77298471841271
beauty,interaction_count,0.01029912233566183,0.08010543939016136,4.77298471841271
beauty,interaction_count,0.010433458713953072,0.08074306272931286,4.693434973105831
beauty,interaction_count,0.010567795092244313,0.08137356178534536,4.693434973105831
beauty,interaction_count,0.010702131470535555,0.08199693655825882,4.613885227798953
beauty,interaction_count,0.010836467848826796,0.0826167491896128,4.613885227798953
beauty,interaction_count,0.010970804227118037,0.08322943753784776,4.534335482492074
beauty,interaction_count,0.011105140605409278,0.08383856374452321,4.534335482492074
beauty,interaction_count,0.011239476983700519,0.08444768995119865,4.534335482492074
beauty,interaction_count,0.011373813361991761,0.08505681615787411,4.534335482492074
beauty,interaction_count,0.011508149740283002,0.08566594236454957,4.534335482492074
beauty,interaction_count,0.01168726491133799,0.08646742421543832,4.454785737185196
beauty,interaction_count,0.011821601289629231,0.08706586399743525,4.454785737185196
beauty,interaction_count,0.011955937667920472,0.0876643037794322,4.454785737185196
beauty,interaction_count,0.01213505283897546,0.08845509920564243,4.375235991878317
beauty,interaction_count,0.012269389217266703,0.08904285256296085,4.375235991878317
beauty,interaction_count,0.012403725595557944,0.08963060592027927,4.375235991878317
beauty,interaction_count,0.012582840766612933,0.0904142770633705,4.375235991878317
beauty,interaction_count,0.012717177144904173,0.09099846827912941,4.295686246571439
beauty,interaction_count,0.012896292315959162,0.09176789085598262,4.295686246571439
beauty,interaction_count,0.01307540748701415,0.09253731343283582,4.295686246571439
beauty,interaction_count,0.013209743865305391,0.09311438036547573,4.295686246571439
beauty,interaction_count,0.01338885903636038,0.09388024080076943,4.21613650126456
beauty,interaction_count,0.013567974207415368,0.0946354148113846,4.21613650126456
beauty,interaction_count,0.013747089378470356,0.09539058882199979,4.21613650126456
beauty,interaction_count,0.013926204549525345,0.09614576283261497,4.21613650126456
beauty,interaction_count,0.014105319720580333,0.09688668827699212,4.136586755957682
beauty,interaction_count,0.014239656098871574,0.097442382360275,4.136586755957682
beauty,interaction_count,0.01446355006269031,0.09836853916574645,4.136586755957682
beauty,interaction_count,0.014642665233745298,0.09910946461012361,4.136586755957682
beauty,interaction_count,0.014821780404800287,0.09984326577138175,4.057037010650803
beauty,interaction_count,0.015000895575855275,0.10056994264952089,4.057037010650803
beauty,interaction_count,0.015180010746910264,0.10129661952766003,4.057037010650803
beauty,interaction_count,0.015359125917965252,0.10201973426423966,3.977487265343925
beauty,interaction_count,0.015583019881783988,0.10291026965411605,3.977487265343925
beauty,interaction_count,0.015762135052838976,0.10362269796601717,3.977487265343925
beauty,interaction_count,0.015986029016657712,0.10451323335589356,3.977487265343925
beauty,interaction_count,0.0161651441877127,0.10521497524311617,3.8979375200370465
beauty,interaction_count,0.016389038151531435,0.10608769992519503,3.8979375200370465
beauty,interaction_count,0.01656815332258642,0.10678587967085812,3.8979375200370465
beauty,interaction_count,0.016792047286405157,0.10765860435293699,3.8979375200370465
beauty,interaction_count,0.017015941250223893,0.10852064261033734,3.818387774730168
beauty,interaction_count,0.017195056421278884,0.10920457378976241,3.818387774730168
beauty,interaction_count,0.01741895038509762,0.11005948776404374,3.818387774730168
beauty,interaction_count,0.017642844348916352,0.11091440173832508,3.818387774730168
beauty,interaction_count,0.017866738312735088,0.1117586292879279,3.7388380294232895
beauty,interaction_count,0.018090632276553824,0.11259573255441171,3.7388380294232895
beauty,interaction_count,0.01831452624037256,0.11343283582089553,3.7388380294232895
beauty,interaction_count,0.01858319899695504,0.11443735974067609,3.7388380294232895
beauty,interaction_count,0.018807092960773777,0.1152744630071599,3.7388380294232895
beauty,interaction_count,0.019030986924592513,0.11609375556584618,3.659288284116411
beauty,interaction_count,0.01925488088841125,0.11691304812453247,3.659288284116411
beauty,interaction_count,0.01952355364499373,0.117896199194956,3.659288284116411
beauty,interaction_count,0.019747447608812467,0.1187154917536423,3.659288284116411
beauty,interaction_count,0.02001612036539495,0.11969151854094681,3.5797385388095324
beauty,interaction_count,0.02028479312197743,0.12065329676201332,3.5797385388095324
beauty,interaction_count,0.020508687085796166,0.12145477861290208,3.5797385388095324
beauty,interaction_count,0.020777359842378648,0.12239518398461155,3.500188793502654
beauty,interaction_count,0.021046032598961133,0.12333558935632102,3.500188793502654
beauty,interaction_count,0.021314705355543615,0.1242759947280305,3.500188793502654
beauty,interaction_count,0.021583378112126097,0.12520215153350195,3.4206390481957754
beauty,interaction_count,0.02185205086870858,0.12612118405585437,3.4206390481957754
beauty,interaction_count,0.022120723625291064,0.12704021657820683,3.4206390481957754
beauty,interaction_count,0.022389396381873546,0.12795924910055925,3.4206390481957754
beauty,interaction_count,0.022702847931219773,0.12902789156841094,3.341089302888897
beauty,interaction_count,0.02297152068780226,0.12992555124140634,3.341089302888897
beauty,interaction_count,0.023284972237148486,0.13097282085990097,3.341089302888897
beauty,interaction_count,0.023553644993730968,0.13187048053289638,3.341089302888897
beauty,interaction_count,0.0238670965430772,0.132917750151391,3.341089302888897
beauty,interaction_count,0.02413576929965968,0.13381540982438642,3.341089302888897
beauty,interaction_count,0.02444922084900591,0.13484486873508353,3.2615395575820183
beauty,interaction_count,0.02476267239835214,0.13586720336266164,3.2615395575820183
beauty,interaction_count,0.02507612394769837,0.13688953799023973,3.2615395575820183
beauty,interaction_count,0.0253895754970446,0.13791187261781784,3.2615395575820183
beauty,interaction_count,0.02570302704639083,0.1389235208207174,3.1819898122751398
beauty,interaction_count,0.026061257388500805,0.1400634061197592,3.1819898122751398
beauty,interaction_count,0.026374708937847036,0.14106080575642077,3.1819898122751398
beauty,interaction_count,0.026688160487193264,0.1420582053930823,3.1819898122751398
beauty,interaction_count,0.02704639082930324,0.1431980906921241,3.1819898122751398
beauty,interaction_count,0.027404621171413217,0.14432728956648738,3.1024400669682612
beauty,interaction_count,0.02771807272075945,0.1452997542122324,3.1024400669682612
beauty,interaction_count,0.028076303062869425,0.14641114237879813,3.1024400669682612
beauty,interaction_count,0.028434533404979402,0.14752253054536388,3.1024400669682612
beauty,interaction_count,0.02879276374708938,0.1486339187119296,3.1024400669682612
beauty,interaction_count,0.029150994089199356,0.1497239340291383,3.0228903216613827
beauty,interaction_count,0.029509224431309333,0.150806825063228,3.0228903216613827
beauty,interaction_count,0.029912233566183055,0.15202507747657892,3.0228903216613827
beauty,interaction_count,0.030270463908293032,0.1531079685106686,3.0228903216613827
beauty,interaction_count,0.030673473043166755,0.1543262209240195,3.0228903216613827
beauty,interaction_count,0.03103170338527673,0.15538417696719267,2.943340576354504
beauty,interaction_count,0.031434712520150454,0.15657037010650804,2.943340576354504
beauty,interaction_count,0.03183772165502418,0.15775656324582338,2.943340576354504
beauty,interaction_count,0.032240730789897906,0.15893563210201975,2.863790831047626
beauty,interaction_count,0.032643739924771625,0.16008976596729954,2.863790831047626
beauty,interaction_count,0.03304674905964535,0.16124389983257933,2.863790831047626
beauty,interaction_count,0.03344975819451908,0.16239803369785916,2.863790831047626
beauty,interaction_count,0.03389754612215655,0.16368040465928116,2.863790831047626
beauty,interaction_count,0.03430055525703027,0.16481672781676343,2.7842410857407476
beauty,interaction_count,0.03474834318466774,0.1660634773625904,2.7842410857407476
beauty,interaction_count,0.03519613111230521,0.16731022690841735,2.7842410857407476
beauty,interaction_count,0.035643919039942684,0.16855697645424428,2.7842410857407476
beauty,interaction_count,0.036091706967580156,0.16980372600007124,2.7842410857407476
beauty,interaction_count,0.03653949489521763,0.17102554055498165,2.704691340433869
beauty,interaction_count,0.03698728282285509,0.17223666868521356,2.704691340433869
beauty,interaction_count,0.03747984954325631,0.17356890962846863,2.704691340433869
beauty,interaction_count,0.03792763747089378,0.17478003775870052,2.704691340433869
beauty,interaction_count,0.038420204191295,0.17611227870195562,2.704691340433869
beauty,interaction_count,0.03891277091169622,0.17741246037117514,2.6251415951269905
beauty,interaction_count,0.039405337632097436,0.17870551775727567,2.6251415951269905
beauty,interaction_count,0.03989790435249865,0.1799985751433762,2.6251415951269905
beauty,interaction_count,0.04039047107289988,0.18129163252947672,2.6251415951269905
beauty,interaction_count,0.04092781658606484,0.18270224058704093,2.6251415951269905
beauty,interaction_count,0.04142038330646606,0.18399173583158196,2.545591849820112
beauty,interaction_count,0.04195772881963102,0.1853595981904321,2.545591849820112
beauty,interaction_count,0.042495074332795986,0.18672746054928221,2.545591849820112
beauty,interaction_count,0.04303241984596095,0.18809532290813236,2.545591849820112
beauty,interaction_count,0.04356976535912592,0.1894631852669825,2.545591849820112
beauty,interaction_count,0.04410711087229088,0.1908025504933566,2.4660421045132335
beauty,interaction_count,0.04464445638545585,0.1921276671534927,2.4660421045132335
beauty,interaction_count,0.04522658069138456,0.19356321020197342,2.4660421045132335
beauty,interaction_count,0.04580870499731327,0.19499875325045418,2.4660421045132335
beauty,interaction_count,0.04639082930324198,0.1964342962989349,2.4660421045132335
beauty,interaction_count,0.0469729536091707,0.19785559078117765,2.386492359206355
beauty,interaction_count,0.04755507791509941,0.1992448259893848,2.386492359206355
beauty,interaction_count,0.04813720222102812,0.200634061197592,2.386492359206355
beauty,interaction_count,0.04876410531972058,0.20213016065258432,2.386492359206355
beauty,interaction_count,0.04939100841841304,0.20362626010757667,2.386492359206355
beauty,interaction_count,0.050017911517105496,0.20512235956256902,2.386492359206355
beauty,interaction_count,0.05064481461579796,0.20660421045132332,2.3069426138994764
beauty,interaction_count,0.05127171771449042,0.2080504399244826,2.3069426138994764
beauty,interaction_count,0.051898620813182875,0.20949666939764186,2.3069426138994764
beauty,interaction_count,0.05257030270463908,0.21104620097602678,2.3069426138994764
beauty,interaction_count,0.05324198459609529,0.21259573255441172,2.3069426138994764
beauty,interaction_count,0.0539136664875515,0.21414526413279664,2.3069426138994764
beauty,interaction_count,0.0545853483790077,0.21568410928650306,2.227392868592598
beauty,interaction_count,0.05525703027046391,0.21718020874149538,2.227392868592598
beauty,interaction_count,0.05597349095468386,0.2187760481601539,2.227392868592598
beauty,interaction_count,0.056689951638903814,0.22037188757881238,2.227392868592598
beauty,interaction_count,0.05740641232312377,0.2219677269974709,2.227392868592598
beauty,interaction_count,0.05812287300734372,0.22356356641612937,2.227392868592598
beauty,interaction_count,0.058839333691563675,0.22513803298543084,2.1478431232857194
beauty,interaction_count,0.059600573168547374,0.2267730559612439,2.1478431232857194
beauty,interaction_count,0.060361812645531074,0.22840807893705695,2.1478431232857194
beauty,interaction_count,0.06112305212251478,0.23004310191287003,2.1478431232857194
beauty,interaction_count,0.06188429159949848,0.23167812488868308,2.1478431232857194
beauty,interaction_count,0.06264553107648217,0.23331314786449614,2.1478431232857194
beauty,interaction_count,0.06345154934622962,0.23504434866241583,2.1478431232857194
beauty,interaction_count,0.06425756761597708,0.23676842517721655,2.068293377978841
beauty,interaction_count,0.06506358588572451,0.23843550742706515,2.068293377978841
beauty,interaction_count,0.06586960415547197,0.24010258967691375,2.068293377978841
beauty,interaction_count,0.06672040121798316,0.24186228760730952,2.068293377978841
beauty,interaction_count,0.06757119828049436,0.24362198553770525,2.068293377978841
beauty,interaction_count,0.06842199534300555,0.24538168346810102,2.068293377978841
beauty,interaction_count,0.06927279240551674,0.2471021978413422,1.9887436326719625
beauty,interaction_count,0.07012358946802794,0.24879421508210736,1.9887436326719625
beauty,interaction_count,0.07101916532330288,0.2505752858618602,1.9887436326719625
beauty,interaction_count,0.07191474117857782,0.25235635664161293,1.9887436326719625
beauty,interaction_count,0.07281031703385277,0.25413742742136575,1.9887436326719625
beauty,interaction_count,0.07375067168189145,0.25600755174010614,1.9887436326719625
beauty,interaction_count,0.07469102632993015,0.25786342749260854,1.909193887365084
beauty,interaction_count,0.07563138097796883,0.25965874683859935,1.909193887365084
beauty,interaction_count,0.07657173562600753,0.26145406618459016,1.909193887365084
beauty,interaction_count,0.07755686906680996,0.2633348769280091,1.909193887365084
beauty,interaction_count,0.07849722371484864,0.2651301962739999,1.909193887365084
beauty,interaction_count,0.07952713594841483,0.267096498414847,1.909193887365084
beauty,interaction_count,0.08051226938921727,0.26897730915826595,1.909193887365084
beauty,interaction_count,0.08154218162278346,0.27094361129911304,1.909193887365084
beauty,interaction_count,0.08257209385634963,0.2728279841840915,1.8296441420582055
beauty,interaction_count,0.08360200608991582,0.27471235706906993,1.8296441420582055
beauty,interaction_count,0.084631918323482,0.2765967299540484,1.8296441420582055
beauty,interaction_count,0.08570660934981193,0.27856303209489547,1.8296441420582055
beauty,interaction_count,0.08678130037614186,0.28052933423574256,1.8296441420582055
beauty,interaction_count,0.08790077019523554,0.2825775656324582,1.8296441420582055
beauty,interaction_count,0.08902024001432922,0.28462579702917395,1.8296441420582055
beauty,interaction_count,0.09013970983342288,0.2866740284258896,1.8296441420582055
beauty,interaction_count,0.09125917965251656,0.2886332062836177,1.750094396751327
beauty,interaction_count,0.092423428264374,0.2906707512556549,1.750094396751327
beauty,interaction_count,0.09358767687623142,0.29270829622769207,1.750094396751327
beauty,interaction_count,0.09475192548808885,0.2947458411997293,1.750094396751327
beauty,interaction_count,0.09596095289271002,0.2968617532860756,1.750094396751327
beauty,interaction_count,0.09716998029733119,0.2989776653724219,1.750094396751327
beauty,interaction_count,0.09837900770195236,0.3010935774587682,1.750094396751327
beauty,interaction_count,0.09963281389933727,0.30328785665942365,1.750094396751327
beauty,interaction_count,0.1008866200967222,0.305446514444484,1.6705446514444484
beauty,interaction_count,0.1021404262941071,0.3075410536814733,1.6705446514444484
beauty,interaction_count,0.10343901128425578,0.3097103978912122,1.6705446514444484
beauty,interaction_count,0.10473759627440445,0.3118797421009511,1.6705446514444484
beauty,interaction_count,0.10608096005731686,0.3141238912834396,1.6705446514444484
beauty,interaction_count,0.10742432384022926,0.3163680404659281,1.6705446514444484
beauty,interaction_count,0.10876768762314168,0.31861218964841664,1.6705446514444484
beauty,interaction_count,0.11015583019881783,0.3209311438036548,1.6705446514444484
beauty,interaction_count,0.111543972774494,0.32325009795889287,1.6705446514444484
beauty,interaction_count,0.11293211535017016,0.3254621878673459,1.5909949061375699
beauty,interaction_count,0.11436503671861006,0.3277419584654294,1.5909949061375699
beauty,interaction_count,0.11579795808704997,0.33002172906351296,1.5909949061375699
beauty,interaction_count,0.11727565824825363,0.33237274249278664,1.5909949061375699
beauty,interaction_count,0.11875335840945728,0.33472375592206033,1.5909949061375699
beauty,interaction_count,0.12023105857066094,0.337074769351334,1.5909949061375699
beauty,interaction_count,0.12175353752462834,0.3394970256117978,1.5909949061375699
beauty,interaction_count,0.12327601647859573,0.3419192818722616,1.5909949061375699
beauty,interaction_count,0.12484327422532689,0.34429879243401135,1.5114451608306914
beauty,interaction_count,0.12641053197205804,0.3466676165710825,1.5114451608306914
beauty,interaction_count,0.12802256851155294,0.34910412139778435,1.5114451608306914
beauty,interaction_count,0.12963460505104782,0.3515406262244862,1.5114451608306914
beauty,interaction_count,0.13129142038330646,0.3540448117408186,1.5114451608306914
beauty,interaction_count,0.1329482357155651,0.356548997257151,1.5114451608306914
beauty,interaction_count,0.13460505104782375,0.3590531827734834,1.5114451608306914
beauty,interaction_count,0.13630664517284613,0.3616250489794464,1.5114451608306914
beauty,interaction_count,0.13800823929786854,0.3641292344957789,1.431895415523813
beauty,interaction_count,0.13975461221565466,0.3666298578705518,1.431895415523813
beauty,interaction_count,0.14154576392620455,0.3691945997933958,1.431895415523813
beauty,interaction_count,0.1432921368439907,0.3716952231681687,1.431895415523813
beauty,interaction_count,0.14512806734730432,0.3743240836390838,1.431895415523813
beauty,interaction_count,0.14696399785061795,0.3769529441099989,1.431895415523813
beauty,interaction_count,0.14879992835393158,0.37958180458091406,1.431895415523813
beauty,interaction_count,0.15068063765000897,0.38227478359990025,1.431895415523813
beauty,interaction_count,0.15256134694608633,0.3849677626188865,1.431895415523813
beauty,interaction_count,0.15448683503492747,0.38770348733658677,1.3523456702169345
beauty,interaction_count,0.15645710191653234,0.3903679692230969,1.3523456702169345
beauty,interaction_count,0.1584273687981372,0.3930324511096071,1.3523456702169345
beauty,interaction_count,0.16044241447250582,0.39575748940262884,1.3523456702169345
beauty,interaction_count,0.16245746014687443,0.3984825276956506,1.3523456702169345
beauty,interaction_count,0.1645172846140068,0.401268122395184,1.3523456702169345
beauty,interaction_count,0.16657710908113918,0.4040537170947173,1.3523456702169345
beauty,interaction_count,0.1686817123410353,0.4068998682007623,1.3523456702169345
beauty,interaction_count,0.1707863156009314,0.40974601930680726,1.3523456702169345
beauty,interaction_count,0.17293569765359126,0.4126527268193638,1.3523456702169345
beauty,interaction_count,0.17512985849901486,0.41549531578384924,1.272795924910056
beauty,interaction_count,0.17732401934443848,0.4182880347665016,1.272795924910056
beauty,interaction_count,0.17956295898262584,0.4211377480141061,1.272795924910056
beauty,interaction_count,0.18184667741357693,0.42404445552666264,1.272795924910056
beauty,interaction_count,0.18413039584452803,0.4269511630392192,1.272795924910056
beauty,interaction_count,0.18645889306824287,0.4299148648167278,1.272795924910056
beauty,interaction_count,0.18883216908472147,0.43293556085918855,1.272795924910056
beauty,interaction_count,0.19120544510120008,0.4359562569016493,1.272795924910056
beauty,interaction_count,0.19362349991044242,0.4390339472090621,1.272795924910056
beauty,interaction_count,0.19604155471968476,0.4421116375164749,1.272795924910056
beauty,interaction_count,0.19850438832169084,0.4450610907277455,1.1932461796031775
beauty,interaction_count,0.2010120007164607,0.4480532896377302,1.1932461796031775
beauty,interaction_count,0.20356439190399428,0.45109892067110746,1.1932461796031775
beauty,interaction_count,0.20611678309152784,0.45414455170448476,1.1932461796031775
beauty,interaction_count,0.2087139530718252,0.4572436148612546,1.1932461796031775
beauty,interaction_count,0.21135590184488626,0.460396110141417,1.1932461796031775
beauty,interaction_count,0.2140426294107111,0.46360203754497203,1.1932461796031775
beauty,interaction_count,0.21672935697653592,0.46680796494852705,1.1932461796031775
beauty,interaction_count,0.2194608633351245,0.47006732447547467,1.1932461796031775
beauty,interaction_count,0.2222371484864768,0.4733801161258148,1.1932461796031775
beauty,interaction_count,0.22501343363782914,0.47652904926441775,1.113696434296299
beauty,interaction_count,0.22787927637470895,0.4797207281017348,1.113696434296299
beauty,interaction_count,0.23074511911158876,0.48291240693905174,1.113696434296299
beauty,interaction_count,0.23365574064123232,0.4861539557582018,1.113696434296299
beauty,interaction_count,0.2366111409636396,0.48944537455918496,1.113696434296299
beauty,interaction_count,0.23956654128604693,0.4927367933601681,1.113696434296299
beauty,interaction_count,0.24261149919398173,0.4961279521248174,1.113696434296299
beauty,interaction_count,0.24565645710191653,0.49951911088946677,1.113696434296299
beauty,interaction_count,0.2487461938026151,0.5029601396359491,1.113696434296299
beauty,interaction_count,0.25192548808884113,0.5065009083460976,1.113696434296299
beauty,interaction_count,0.2550600035823034,0.5099918070744132,1.113696434296299
beauty,interaction_count,0.2582840766612932,0.5135824457663948,1.113696434296299
beauty,interaction_count,0.26155292853304674,0.5170412852206747,1.0341466889894204
beauty,interaction_count,0.264866559197564,0.520468065400919,1.0341466889894204
beauty,interaction_count,0.2681801898620813,0.5238948455811634,1.0341466889894204
beauty,interaction_count,0.2715833781121261,0.5274142414419549,1.0341466889894204
beauty,interaction_count,0.2749865663621709,0.5309336373027465,1.0341466889894204
beauty,interaction_count,0.27847931219774313,0.5345456488440851,1.0341466889894204
beauty,interaction_count,0.28197205803331543,0.5381576603854237,1.0341466889894204
beauty,interaction_count,0.2855543614544152,0.5418622876073095,1.0341466889894204
beauty,interaction_count,0.289136664875515,0.5455669148291953,1.0341466889894204
beauty,interaction_count,0.29280852588214223,0.5493641577316283,1.0341466889894204
beauty,interaction_count,0.2964803868887695,0.5531614006340612,1.0341466889894204
beauty,interaction_count,0.3002418054809242,0.5568268442987925,0.954596943682542
beauty,interaction_count,0.304003224073079,0.5604174829907741,0.954596943682542
beauty,interaction_count,0.3078542002507612,0.5640936130801838,0.954596943682542
beauty,interaction_count,0.3117051764284435,0.5677697431695936,0.954596943682542
beauty,interaction_count,0.3156457101916532,0.5715313646564314,0.954596943682542
beauty,interaction_count,0.3196310227476267,0.5753357318419834,0.954596943682542
beauty,interaction_count,0.32366111409636394,0.5791828447262494,0.954596943682542
beauty,interaction_count,0.32773598423786493,0.5830727033092296,0.954596943682542
beauty,interaction_count,0.33190041196489345,0.5870480532896377,0.954596943682542
beauty,interaction_count,0.3360648396919219,0.591023403270046,0.954596943682542
beauty,interaction_count,0.34031882500447785,0.5950842446478823,0.954596943682542
beauty,interaction_count,0.3446175891097976,0.5991878317244327,0.954596943682542
beauty,interaction_count,0.3489611320078811,0.6033341644996972,0.954596943682542
beauty,interaction_count,0.3533494536987283,0.6071884016670822,0.8750471983756635
beauty,interaction_count,0.357827332975103,0.6111067573825384,0.8750471983756635
beauty,interaction_count,0.3623052122514777,0.6150251130979946,0.8750471983756635
beauty,interaction_count,0.3668726491133799,0.6190218359277597,0.8750471983756635
beauty,interaction_count,0.3715296435608096,0.6230969258718342,0.8750471983756635
beauty,interaction_count,0.3761866380082393,0.6271720158159085,0.8750471983756635
beauty,interaction_count,0.38093319004119647,0.631325472874292,0.8750471983756635
beauty,interaction_count,0.38576929965968115,0.6355572970469846,0.8750471983756635
beauty,interaction_count,0.39060540927816584,0.6397891212196772,0.8750471983756635
beauty,interaction_count,0.39553107648217806,0.6440993125066791,0.8750471983756635
beauty,interaction_count,0.4005463012717177,0.6484878709079899,0.8750471983756635
beauty,interaction_count,0.40560630485402116,0.6529156128664553,0.8750471983756635
beauty,interaction_count,0.4107110872290883,0.6572649877106116,0.7954974530687849
beauty,interaction_count,0.4158606483969192,0.661361450504043,0.7954974530687849
beauty,interaction_count,0.42114454594304135,0.6655647775442596,0.7954974530687849
beauty,interaction_count,0.42642844348916353,0.6697681045844762,0.7954974530687849
beauty,interaction_count,0.4318018986208132,0.6740426744558828,0.7954974530687849
beauty,interaction_count,0.43726491133799034,0.6783884871584797,0.7954974530687849
beauty,interaction_count,0.44277270284793124,0.6827699212766716,0.7954974530687849
beauty,interaction_count,0.44837005194339963,0.6872225982260535,0.7954974530687849
beauty,interaction_count,0.4540121798316317,0.6917108965910306,0.7954974530687849
beauty,interaction_count,0.45974386530539135,0.6962704377871977,0.7954974530687849
beauty,interaction_count,0.46552032957191475,0.7008656003989598,0.7954974530687849
beauty,interaction_count,0.47143113021672933,0.7055676272575072,0.7954974530687849
beauty,interaction_count,0.477341930861544,0.7102696541160546,0.7954974530687849
beauty,interaction_count,0.48338706788464986,0.7148541303031383,0.7159477077619065
beauty,interaction_count,0.48947698370051945,0.7192141915719731,0.7159477077619065
beauty,interaction_count,0.4956564571019165,0.723638371388879,0.7159477077619065
beauty,interaction_count,0.5018807092960774,0.7280946104798205,0.7159477077619065
beauty,interaction_count,0.5082392978685295,0.7326470273928686,0.7159477077619065
beauty,interaction_count,0.5146426652337452,0.7372315035799523,0.7159477077619065
beauty,interaction_count,0.5211355901844886,0.741880098315107,0.7159477077619065
beauty,interaction_count,0.5277180727207594,0.7465928115983329,0.7159477077619065
beauty,interaction_count,0.534345334049794,0.7513375841555944,0.7159477077619065
beauty,interaction_count,0.5411069317571199,0.7561785345349624,0.7159477077619065
beauty,interaction_count,0.5479133082572094,0.7610515441883661,0.7159477077619065
beauty,interaction_count,0.5548540211355902,0.7660207316638763,0.7159477077619065
beauty,interaction_count,0.5618395128067347,0.7710219784134221,0.7159477077619065
beauty,interaction_count,0.5689145620634067,0.776087343711039,0.7159477077619065
beauty,interaction_count,0.5760791689056063,0.7807644355786699,0.636397962455028
beauty,interaction_count,0.583378112126097,0.7854094681722652,0.636397962455028
beauty,interaction_count,0.5907218341393516,0.7900829978983365,0.636397962455028
beauty,interaction_count,0.5981551137381336,0.7948135218893598,0.636397962455028
beauty,interaction_count,0.6057227297152069,0.7996295372778114,0.636397962455028
beauty,interaction_count,0.6133351244850439,0.804474049798739,0.636397962455028
beauty,interaction_count,0.6210818556331721,0.8094040537170947,0.636397962455028
beauty,interaction_count,0.6289181443668279,0.8143910519004025,0.636397962455028
beauty,interaction_count,0.636843990686011,0.8194350443486624,0.636397962455028
beauty,interaction_count,0.6449041733834856,0.8245645281943504,0.636397962455028
beauty,interaction_count,0.6530091348737238,0.8297225091725146,0.636397962455028
beauty,interaction_count,0.6612484327422533,0.8349659815481068,0.636397962455028
beauty,interaction_count,0.6695772881963102,0.840266448188651,0.636397962455028
beauty,interaction_count,0.6780404800286585,0.8451893278238877,0.5568482171481495
beauty,interaction_count,0.6865932294465341,0.8499519110889466,0.5568482171481495
beauty,interaction_count,0.6952355364499373,0.8547643643358387,0.5568482171481495
beauty,interaction_count,0.7040121798316318,0.8596516225554803,0.5568482171481495
beauty,interaction_count,0.7128783807988537,0.8645887507569551,0.5568482171481495
beauty,interaction_count,0.7218789181443668,0.8696006839311794,0.5568482171481495
beauty,interaction_count,0.7310137918681713,0.8746874220781534,0.5568482171481495
beauty,interaction_count,0.7401934443847394,0.8797990952160439,0.5568482171481495
beauty,interaction_count,0.7495522120723626,0.8850105083176005,0.5568482171481495
beauty,interaction_count,0.7590005373455132,0.8902717914009902,0.5568482171481495
beauty,interaction_count,0.768583198996955,0.8956078794571296,0.5568482171481495
beauty,interaction_count,0.7782554182339244,0.9009938374951021,0.5568482171481495
beauty,interaction_count,0.788061973849185,0.9062871798525274,0.477298471841271
beauty,interaction_count,0.7980028658427368,0.9110319524097887,0.477298471841271
beauty,interaction_count,0.80807809421458,0.9158408435151213,0.477298471841271
beauty,interaction_count,0.8182876589647143,0.9207138531685249,0.477298471841271
beauty,interaction_count,0.8285867813003761,0.9256296085206426,0.477298471841271
beauty,interaction_count,0.8390650188070929,0.9306308552701884,0.477298471841271
beauty,interaction_count,0.8496328138993373,0.9356748477184483,0.477298471841271
beauty,interaction_count,0.8603349453698729,0.9407829587147793,0.477298471841271
beauty,interaction_count,0.8712161920114634,0.9459765611085384,0.477298471841271
beauty,interaction_count,0.8821869962385814,0.9512129092010116,0.477298471841271
beauty,interaction_count,0.8932921368439907,0.9565133758415559,0.477298471841271
beauty,interaction_count,0.904576392620455,0.9618993338795284,0.477298471841271
beauty,interaction_count,0.9159949847752105,0.9665871121718377,0.39774872653439247
beauty,interaction_count,0.9275479133082573,0.9711822747835999,0.39774872653439247
beauty,interaction_count,0.9392351782195952,0.9758308695187546,0.39774872653439247
beauty,interaction_count,0.9511015583019882,0.9805507070850996,0.39774872653439247
beauty,interaction_count,0.9630574959699086,0.9853061660670395,0.39774872653439247
beauty,interaction_count,0.9752373276016478,0.9901506785879671,0.39774872653439247
beauty,interaction_count,0.9875067168189146,0.9950308125244898,0.39774872653439247
beauty,interaction_count,1.0,1.0,0.39774872653439247
games,interaction_count,6.551362683438155e-05,0.004311147255072947,65.80535170143345
games,interaction_count,0.0001310272536687631,0.008313655558930443,61.09428675008083
games,interaction_count,0.00019654088050314466,0.012218183243354464,59.59871057504826
games,interaction_count,0.0002620545073375262,0.014770578379596515,38.95975935959867
games,interaction_count,0.0003275681341719078,0.0170927190601699,35.44515534827211
games,interaction_count,0.00039308176100628933,0.01919440334701796,32.08010895444881
games,interaction_count,0.0004585953878406709,0.020850275815443704,25.27523735805058
games,interaction_count,0.0005241090146750524,0.022417965726379323,23.92921880052126
games,interaction_count,0.0005896226415094339,0.02372600699581623,19.965941936684924
games,interaction_count,0.0006551362683438155,0.02501445214136644,19.66682670167841
games,interaction_count,0.000720649895178197,0.026253906977199908,18.91903861416212
games,interaction_count,0.0007861635220125787,0.02747866472011836,18.694702187907232
games,interaction_count,0.0008516771488469602,0.0286495331223484,17.872135291639314
games,interaction_count,0.0009171907756813418,0.029761613152918354,16.974789586619767
games,interaction_count,0.0009827044025157233,0.030858996090573285,16.75045316036488
games,interaction_count,0.0010482180293501049,0.03194658096628487,16.600895542861622
games,interaction_count,0.0011137316561844863,0.03300967068713809,16.227001499103476
games,interaction_count,0.0011792452830188679,0.03404826525313293,15.853107455345333
games,interaction_count,0.0012447589098532495,0.035077061757184426,15.703549837842075
games,interaction_count,0.001310272536687631,0.036100959230264254,15.628771029090446
games,interaction_count,0.0013757861635220125,0.03703667414585395,14.282752471561126
games,interaction_count,0.001441299790356394,0.03793319681367026,13.684522001548094
games,interaction_count,0.0015068134171907757,0.038795426264684844,13.161070340286692
games,interaction_count,0.0015723270440251573,0.03964295862278441,12.936733914031805
games,interaction_count,0.0016378406708595387,0.040470894856997286,12.63761867902529
games,interaction_count,0.0017033542976939203,0.041289033029266814,12.488061061522032
games,interaction_count,0.001768867924528302,0.04207287798473462,11.96460940026063
games,interaction_count,0.0018343815513626835,0.04280773263048569,11.21682131274434
games,interaction_count,0.001899895178197065,0.043518092121378395,10.842927268986195
games,interaction_count,0.0019654088050314465,0.04420395645741272,10.469033225228051
games,interaction_count,0.002030922431865828,0.044889820793447055,10.469033225228051
games,interaction_count,0.0020964360587002098,0.04555118997462302,10.095139181469905
games,interaction_count,0.002161949685534591,0.046207660124827306,10.020360372718276
games,interaction_count,0.0022274633123689725,0.0468641302750316,10.020360372718276
games,interaction_count,0.0022929769392033544,0.04751080236329254,9.870802755215019
games,interaction_count,0.0023584905660377358,0.04813297929669511,9.496908711456873
games,interaction_count,0.0024240041928721176,0.04875025719912601,9.422129902705246
games,interaction_count,0.002489517819706499,0.04936753510155691,9.422129902705246
games,interaction_count,0.0025550314465408804,0.04997991397301614,9.347351093953616
games,interaction_count,0.002620545073375262,0.05059229284447536,9.347351093953616
games,interaction_count,0.0026860587002096436,0.05119977268496292,9.272572285201987
games,interaction_count,0.002751572327044025,0.051807252525450466,9.272572285201987
games,interaction_count,0.002817085953878407,0.052390237211079646,8.898678241443843
games,interaction_count,0.002882599580712788,0.05297322189670883,8.898678241443843
games,interaction_count,0.00294811320754717,0.05355130755136634,8.823899432692214
games,interaction_count,0.0030136268343815514,0.054124494175052176,8.749120623940584
games,interaction_count,0.003079140461215933,0.05468788273679466,8.599563006437327
games,interaction_count,0.0031446540880503146,0.05525127129853715,8.599563006437327
games,interaction_count,0.003210167714884696,0.055814659860279635,8.599563006437327
games,interaction_count,0.0032756813417190774,0.056368250360078774,8.45000538893407
games,interaction_count,0.0033411949685534592,0.05691694182890624,8.37522658018244
games,interaction_count,0.0034067085953878406,0.057460734266762035,8.300447771430811
games,interaction_count,0.003472222222222222,0.05799472864267448,8.150890153927554
games,interaction_count,0.003537735849056604,0.05852382398761525,8.076111345175924
games,interaction_count,0.0036032494758909852,0.05905291933255602,8.076111345175924
games,interaction_count,0.003668763102725367,0.05958201467749679,8.076111345175924
games,interaction_count,0.0037342767295597485,0.06011111002243756,8.076111345175924
games,interaction_count,0.00379979035639413,0.06063040730543499,7.926553727672666
games,interaction_count,0.0038653039832285117,0.061149704588432406,7.926553727672666
games,interaction_count,0.003930817610062893,0.06166900187142983,7.926553727672666
games,interaction_count,0.003996331236897275,0.06218340012345558,7.851774918921038
games,interaction_count,0.004061844863731656,0.06269289934450965,7.776996110169408
games,interaction_count,0.004127358490566038,0.06320239856556373,7.776996110169408
games,interaction_count,0.0041928721174004195,0.06370699875564613,7.70221730141778
games,interaction_count,0.0042583857442348005,0.06421159894572853,7.70221730141778
games,interaction_count,0.004323899371069182,0.06470150204289592,7.477880875162893
games,interaction_count,0.004389412997903564,0.0651914051400633,7.477880875162893
games,interaction_count,0.004454926624737945,0.065676409206259,7.403102066411264
games,interaction_count,0.004520440251572327,0.06616141327245471,7.403102066411264
games,interaction_count,0.004585953878406709,0.06664151830767874,7.328323257659635
games,interaction_count,0.0046514675052410906,0.06712162334290277,7.328323257659635
games,interaction_count,0.0047169811320754715,0.06760172837812681,7.328323257659635
games,interaction_count,0.004782494758909853,0.06807693438237916,7.2535444489080065
games,interaction_count,0.004848008385744235,0.06855214038663153,7.2535444489080065
games,interaction_count,0.004913522012578616,0.06902244735991221,7.178765640156377
games,interaction_count,0.004979035639412998,0.0694927543331929,7.178765640156377
games,interaction_count,0.00504454926624738,0.06996306130647358,7.178765640156377
games,interaction_count,0.005110062893081761,0.07042846924878259,7.1039868314047485
games,interaction_count,0.0051755765199161426,0.07089387719109161,7.1039868314047485
games,interaction_count,0.005241090146750524,0.07135438610242895,7.029208022653119
games,interaction_count,0.005306603773584905,0.07181489501376628,7.029208022653119
games,interaction_count,0.005372117400419287,0.07227540392510362,7.029208022653119
games,interaction_count,0.005437631027253669,0.0727261147744976,6.879650405149862
games,interaction_count,0.00550314465408805,0.07317192659291992,6.8048715963982325
games,interaction_count,0.005568658280922432,0.07361283938037057,6.730092787646604
games,interaction_count,0.005634171907756814,0.0740537521678212,6.730092787646604
games,interaction_count,0.005699685534591195,0.07449466495527185,6.730092787646604
games,interaction_count,0.005765199161425576,0.07493557774272248,6.730092787646604
games,interaction_count,0.005830712788259958,0.07537649053017313,6.730092787646604
games,interaction_count,0.00589622641509434,0.0758125042866521,6.6553139788949744
games,interaction_count,0.005961740041928721,0.07624851804313107,6.6553139788949744
games,interaction_count,0.006092767295597485,0.077120545556089,6.6553139788949744
games,interaction_count,0.006158280922431866,0.0775516602815963,6.580535170143346
games,interaction_count,0.0062237945492662474,0.0779827750071036,6.580535170143346
games,interaction_count,0.006289308176100629,0.07841388973261089,6.580535170143346
games,interaction_count,0.00635482180293501,0.07884500445811818,6.580535170143346
games,interaction_count,0.006420335429769392,0.07927122015265381,6.505756361391717
games,interaction_count,0.006551362683438155,0.08012365154172504,6.505756361391717
games,interaction_count,0.006616876310272537,0.08054986723626066,6.505756361391717
games,interaction_count,0.0066823899371069185,0.08097608293079629,6.505756361391717
games,interaction_count,0.0067479035639412994,0.08139739959436024,6.430977552640088
games,interaction_count,0.006813417190775681,0.08181871625792418,6.430977552640088
games,interaction_count,0.006944444444444444,0.08266134958505207,6.430977552640088
games,interaction_count,0.007009958071278826,0.08308266624861603,6.430977552640088
games,interaction_count,0.007075471698113208,0.0834990838812083,6.356198743888459
games,interaction_count,0.0072064989517819705,0.08433191914639285,6.356198743888459
games,interaction_count,0.007272012578616352,0.08474343774801345,6.28141993513683
games,interaction_count,0.007337526205450734,0.08515495634963405,6.28141993513683
games,interaction_count,0.007468553459119497,0.08597309452190356,6.206641126385201
games,interaction_count,0.007534067085953879,0.08637971409255249,6.206641126385201
games,interaction_count,0.0076650943396226415,0.08719295323385035,6.206641126385201
games,interaction_count,0.007730607966457023,0.0875946737735276,6.131862317633572
games,interaction_count,0.007796121593291404,0.08799639431320484,6.131862317633572
games,interaction_count,0.007927148846960167,0.08879493636158768,6.057083508881943
games,interaction_count,0.00799266247379455,0.08919175787029325,6.057083508881943
games,interaction_count,0.008123689727463312,0.08998540088770442,6.057083508881943
games,interaction_count,0.008189203354297694,0.09038222239640999,6.057083508881943
games,interaction_count,0.008320230607966456,0.0911660673518778,5.982304700130315
games,interaction_count,0.008385744234800839,0.09155309079864003,5.907525891378685
games,interaction_count,0.008516771488469601,0.0923271376921645,5.907525891378685
games,interaction_count,0.008647798742138365,0.09310118458568895,5.907525891378685
games,interaction_count,0.008713312368972746,0.09348330900147951,5.832747082627057
games,interaction_count,0.00884433962264151,0.09424755783306062,5.832747082627057
games,interaction_count,0.00890985324947589,0.09462968224885118,5.832747082627057
games,interaction_count,0.009040880503144654,0.09538903204946061,5.757968273875427
games,interaction_count,0.009171907756813417,0.09614348281909839,5.757968273875427
games,interaction_count,0.009237421383647798,0.09652070820391727,5.757968273875427
games,interaction_count,0.009368448637316562,0.09726536091161168,5.683189465123799
games,interaction_count,0.009499475890985326,0.0980100136193061,5.683189465123799
games,interaction_count,0.009630503144654088,0.09875466632700051,5.683189465123799
games,interaction_count,0.00969601677148847,0.09912209364987605,5.60841065637217
games,interaction_count,0.009827044025157232,0.09985694829562712,5.60841065637217
games,interaction_count,0.009958071278825996,0.10059180294137819,5.60841065637217
games,interaction_count,0.01008909853249476,0.10132665758712926,5.60841065637217
games,interaction_count,0.010220125786163521,0.10205171417093699,5.533631847620541
games,interaction_count,0.010351153039832285,0.10277677075474471,5.533631847620541
games,interaction_count,0.010482180293501049,0.10349202927660908,5.458853038868912
games,interaction_count,0.01061320754716981,0.10420728779847346,5.458853038868912
games,interaction_count,0.010744234800838574,0.10491274825839449,5.384074230117283
games,interaction_count,0.010875262054507338,0.10561820871831552,5.384074230117283
games,interaction_count,0.0110062893081761,0.10632366917823655,5.384074230117283
games,interaction_count,0.011137316561844864,0.10701933157621422,5.309295421365654
games,interaction_count,0.011268343815513627,0.10770519591224856,5.2345166126140255
games,interaction_count,0.01139937106918239,0.10839106024828289,5.2345166126140255
games,interaction_count,0.011530398322851153,0.10907692458431723,5.2345166126140255
games,interaction_count,0.011661425576519916,0.1097529908584082,5.159737803862396
games,interaction_count,0.01179245283018868,0.11042905713249919,5.159737803862396
games,interaction_count,0.011923480083857442,0.11110512340659018,5.159737803862396
games,interaction_count,0.012120020964360587,0.11210452572481164,5.084958995110767
games,interaction_count,0.01225104821802935,0.11277079393695927,5.084958995110767
games,interaction_count,0.012382075471698114,0.11343706214910691,5.084958995110767
games,interaction_count,0.012513102725366876,0.11410333036125454,5.084958995110767
games,interaction_count,0.01270964360587002,0.11508803558656097,5.010180186359138
games,interaction_count,0.012840670859538784,0.11574450573676527,5.010180186359138
games,interaction_count,0.012971698113207548,0.11640097588696956,5.010180186359138
games,interaction_count,0.013168238993710692,0.11737588305033264,4.935401377607509
games,interaction_count,0.013299266247379454,0.11802255513859358,4.935401377607509
games,interaction_count,0.013495807127882599,0.11898766424001332,4.860622568855881
games,interaction_count,0.013626834381551363,0.11962453826633092,4.860622568855881
games,interaction_count,0.013823375262054507,0.12057984930580731,4.860622568855881
games,interaction_count,0.01395440251572327,0.12121672333212491,4.860622568855881
games,interaction_count,0.014150943396226415,0.12215733727868627,4.785843760104251
games,interaction_count,0.01434748427672956,0.12308815316330429,4.711064951352623
games,interaction_count,0.014478511530398324,0.1237054310657352,4.711064951352623
games,interaction_count,0.014675052410901468,0.12463134791938155,4.711064951352623
games,interaction_count,0.014871593291404613,0.12554746671108455,4.636286142600993
games,interaction_count,0.015002620545073375,0.12614514848962874,4.561507333849365
games,interaction_count,0.01519916142557652,0.12704167115744505,4.561507333849365
games,interaction_count,0.015395702306079664,0.12792349673234635,4.486728525097736
games,interaction_count,0.015592243186582809,0.12880532230724762,4.486728525097736
games,interaction_count,0.015788784067085955,0.1296871478821489,4.486728525097736
games,interaction_count,0.0159853249475891,0.1305689734570502,4.486728525097736
games,interaction_count,0.016181865828092244,0.13143610193903646,4.411949716346107
games,interaction_count,0.01637840670859539,0.1323032304210227,4.411949716346107
games,interaction_count,0.016574947589098533,0.133170358903009,4.411949716346107
games,interaction_count,0.016771488469601678,0.13403258835402357,4.337170907594478
games,interaction_count,0.016968029350104823,0.1348850197430948,4.337170907594478
games,interaction_count,0.017164570230607967,0.13573745113216606,4.337170907594478
games,interaction_count,0.017361111111111112,0.13658008445929395,4.262392098842849
games,interaction_count,0.017557651991614256,0.13741781875545017,4.262392098842849
games,interaction_count,0.01781970649895178,0.13852499975504845,4.18761329009122
games,interaction_count,0.018016247379454925,0.13934803695828965,4.18761329009122
games,interaction_count,0.01821278825995807,0.14017107416153085,4.18761329009122
games,interaction_count,0.018474842767295597,0.14125376000627077,4.112834481339591
games,interaction_count,0.01867138364779874,0.14206210011659692,4.112834481339591
games,interaction_count,0.01893343815513627,0.14313988693036517,4.112834481339591
games,interaction_count,0.019129979035639413,0.143938428978748,4.038055672587962
games,interaction_count,0.01939203354297694,0.14499661966862953,4.038055672587962
games,interaction_count,0.019588574423480085,0.1457902626860407,4.038055672587962
games,interaction_count,0.01985062893081761,0.14684845337592226,4.038055672587962
games,interaction_count,0.020112683438155136,0.14789684600386044,3.963276863836333
games,interaction_count,0.02030922431865828,0.14867579192835656,3.963276863836333
games,interaction_count,0.02057127882599581,0.14971438649435143,3.963276863836333
games,interaction_count,0.020833333333333332,0.15073338493645957,3.888498055084704
games,interaction_count,0.02109538784067086,0.15175238337856772,3.888498055084704
games,interaction_count,0.021357442348008387,0.15277138182067587,3.888498055084704
games,interaction_count,0.02161949685534591,0.15378548123181235,3.8137192463330756
games,interaction_count,0.021881551362683438,0.1547848835500338,3.8137192463330756
games,interaction_count,0.022143605870020965,0.15578428586825527,3.8137192463330756
games,interaction_count,0.02240566037735849,0.15677878915550503,3.7389404375814466
games,interaction_count,0.022667714884696016,0.1577585953498398,3.7389404375814466
games,interaction_count,0.022929769392033544,0.15873840154417457,3.7389404375814466
games,interaction_count,0.023191823899371068,0.1597035106455943,3.6641616288298176
games,interaction_count,0.023519392033542977,0.16090377323365437,3.6641616288298176
games,interaction_count,0.023781446540880505,0.16186398330410245,3.6641616288298176
games,interaction_count,0.02404350104821803,0.16281929434357884,3.5893828200781885
games,interaction_count,0.02437106918238994,0.16399506177678055,3.5893828200781885
games,interaction_count,0.024633123689727462,0.16493567572334192,3.5893828200781885
games,interaction_count,0.024960691823899372,0.16611144315654364,3.5893828200781885
games,interaction_count,0.02528825995807128,0.16726761446585867,3.5146040113265595
games,interaction_count,0.025550314465408806,0.16818863228853334,3.5146040113265595
games,interaction_count,0.025877882599580713,0.169335005535905,3.439825202574931
games,interaction_count,0.02620545073375262,0.17046178265938997,3.439825202574931
games,interaction_count,0.02653301886792453,0.17158855978287496,3.439825202574931
games,interaction_count,0.026860587002096436,0.17271043787538826,3.365046393823302
games,interaction_count,0.027188155136268342,0.17381271984401486,3.365046393823302
games,interaction_count,0.027515723270440252,0.17491500181264147,3.365046393823302
games,interaction_count,0.02784329140461216,0.17601728378126807,3.365046393823302
games,interaction_count,0.028170859538784065,0.17711956574989468,3.365046393823302
games,interaction_count,0.028498427672955975,0.17820225159463457,3.290267585071673
games,interaction_count,0.028825995807127882,0.17928003840840281,3.290267585071673
games,interaction_count,0.02921907756813417,0.18055868549200968,3.215488776320044
games,interaction_count,0.02954664570230608,0.18161197715091953,3.215488776320044
games,interaction_count,0.02993972746331237,0.18287592714161138,3.215488776320044
games,interaction_count,0.030267295597484277,0.18392921880052127,3.215488776320044
games,interaction_count,0.030660377358490566,0.1851735726673264,3.140709967568415
games,interaction_count,0.030987945492662473,0.1862023691713779,3.140709967568415
games,interaction_count,0.031381027253668765,0.1874369249762397,3.140709967568415
games,interaction_count,0.031774109014675055,0.1886714807811015,3.140709967568415
games,interaction_count,0.032167190775681344,0.1899060365859633,3.140709967568415
games,interaction_count,0.03256027253668763,0.19111119820499506,3.065931158816786
games,interaction_count,0.03295335429769392,0.1923163598240268,3.065931158816786
games,interaction_count,0.03334643605870021,0.19350682435014355,2.9911523500651573
games,interaction_count,0.0337395178197065,0.19468259178334527,2.9911523500651573
games,interaction_count,0.03413259958071279,0.19585835921654696,2.9911523500651573
games,interaction_count,0.03459119496855346,0.19723008788861562,2.9911523500651573
games,interaction_count,0.03498427672955975,0.19839115822890233,2.9163735413135283
games,interaction_count,0.035442872117400416,0.19972859368416926,2.9163735413135283
games,interaction_count,0.035835953878406705,0.20087496693154094,2.9163735413135283
games,interaction_count,0.03629454926624738,0.20221240238680788,2.9163735413135283
games,interaction_count,0.03675314465408805,0.20352534268721648,2.8415947325618993
games,interaction_count,0.03714622641509434,0.2046423217487581,2.8415947325618993
games,interaction_count,0.037604821802935014,0.20594546398722333,2.8415947325618993
games,interaction_count,0.03806341719077568,0.20724860622568855,2.8415947325618993
games,interaction_count,0.03852201257861635,0.20852725330929542,2.7668159238102703
games,interaction_count,0.038980607966457026,0.20979610233095894,2.7668159238102703
games,interaction_count,0.039504716981132074,0.2112462154985744,2.7668159238102703
games,interaction_count,0.03996331236897275,0.21251506452023788,2.7668159238102703
games,interaction_count,0.04042190775681342,0.2137839135419014,2.7668159238102703
games,interaction_count,0.04094601677148847,0.21519973349271515,2.6920371150586413
games,interaction_count,0.04140461215932914,0.21643428929757694,2.6920371150586413
games,interaction_count,0.041928721174004195,0.21784521021741898,2.6920371150586413
games,interaction_count,0.04245283018867924,0.21925613113726106,2.6920371150586413
games,interaction_count,0.0429769392033543,0.22064255690224474,2.6172583063070127
games,interaction_count,0.04350104821802935,0.2220142855743134,2.6172583063070127
games,interaction_count,0.0440251572327044,0.22338601424638208,2.6172583063070127
games,interaction_count,0.044549266247379454,0.22475774291845074,2.6172583063070127
games,interaction_count,0.04507337526205451,0.22610007740468935,2.5424794975553837
games,interaction_count,0.04559748427672956,0.22743261382898464,2.5424794975553837
games,interaction_count,0.04618710691823899,0.2289317173063168,2.5424794975553837
games,interaction_count,0.046711215932914045,0.23026425373061207,2.5424794975553837
games,interaction_count,0.04730083857442348,0.23175355914600093,2.4677006888037547
games,interaction_count,0.04789046121593291,0.23320857134458803,2.4677006888037547
games,interaction_count,0.048480083857442346,0.23466358354317515,2.4677006888037547
games,interaction_count,0.04906970649895178,0.23611859574176228,2.4677006888037547
games,interaction_count,0.049659329140461214,0.23755891084743438,2.3929218800521257
games,interaction_count,0.05024895178197065,0.23896983176727643,2.3929218800521257
games,interaction_count,0.05083857442348008,0.24038075268711848,2.3929218800521257
games,interaction_count,0.0514937106918239,0.2419484425980541,2.3929218800521257
games,interaction_count,0.052083333333333336,0.24335936351789617,2.3929218800521257
games,interaction_count,0.05273846960167715,0.24491235633591676,2.3181430713004967
games,interaction_count,0.05339360587002096,0.24643105593713563,2.3181430713004967
games,interaction_count,0.05404874213836478,0.24794975553835452,2.3181430713004967
games,interaction_count,0.054703878406708595,0.2494684551395734,2.3181430713004967
games,interaction_count,0.05535901467505241,0.25098715474079225,2.3181430713004967
games,interaction_count,0.05601415094339623,0.2524568640322944,2.243364262548868
games,interaction_count,0.05666928721174004,0.25392657332379653,2.243364262548868
games,interaction_count,0.05738993710691824,0.2555432535444489,2.243364262548868
games,interaction_count,0.05811058700209644,0.25715993376510127,2.243364262548868
games,interaction_count,0.05876572327044025,0.2586296430566034,2.243364262548868
games,interaction_count,0.05948637316561845,0.2602463232772558,2.243364262548868
games,interaction_count,0.060207023060796644,0.26181891221916304,2.168585453797239
games,interaction_count,0.06092767295597484,0.263381703099127,2.168585453797239
games,interaction_count,0.06171383647798742,0.2650865658772695,2.168585453797239
games,interaction_count,0.06243448637316562,0.26664935675723345,2.168585453797239
games,interaction_count,0.0632206498951782,0.2683542195353759,2.168585453797239
games,interaction_count,0.0639412997903564,0.26991701041533983,2.168585453797239
games,interaction_count,0.06472746331236898,0.2715875799766806,2.09380664504561
games,interaction_count,0.06551362683438156,0.273233654383163,2.09380664504561
games,interaction_count,0.06629979035639413,0.2748797287896454,2.09380664504561
games,interaction_count,0.06715146750524109,0.2766629760633347,2.09380664504561
games,interaction_count,0.06793763102725367,0.2783090504698171,2.09380664504561
games,interaction_count,0.06878930817610063,0.28006290355767627,2.019027836293981
games,interaction_count,0.0695754716981132,0.2816501895924986,2.019027836293981
games,interaction_count,0.07042714884696016,0.2833697494635561,2.019027836293981
games,interaction_count,0.07127882599580712,0.2850893093346136,2.019027836293981
games,interaction_count,0.07219601677148847,0.2869411430419063,2.019027836293981
games,interaction_count,0.07304769392033543,0.28863620775810545,1.944249027542352
games,interaction_count,0.07389937106918239,0.2902920802265312,1.944249027542352
games,interaction_count,0.07481656184486374,0.29207532750022047,1.944249027542352
games,interaction_count,0.07573375262054508,0.2938585747739097,1.944249027542352
games,interaction_count,0.07665094339622641,0.295641822047599,1.944249027542352
games,interaction_count,0.07756813417190776,0.29742506932128826,1.944249027542352
games,interaction_count,0.07855083857442348,0.299335691400241,1.944249027542352
games,interaction_count,0.07946802935010482,0.30105525127129856,1.8694702187907233
games,interaction_count,0.08045073375262055,0.30289238788567624,1.8694702187907233
games,interaction_count,0.08143343815513626,0.3047295245000539,1.8694702187907233
games,interaction_count,0.08241614255765199,0.30656666111443154,1.8694702187907233
games,interaction_count,0.08339884696016772,0.3084037977288092,1.8694702187907233
games,interaction_count,0.08444706498951782,0.3103585110865071,1.7946914100390943
games,interaction_count,0.08542976939203355,0.3121221622363097,1.7946914100390943
games,interaction_count,0.08647798742138364,0.3140033901294324,1.7946914100390943
games,interaction_count,0.08752620545073375,0.31588461802255513,1.7946914100390943
games,interaction_count,0.08857442348008386,0.31776584591567786,1.7946914100390943
games,interaction_count,0.08968815513626835,0.3197646505521208,1.7946914100390943
games,interaction_count,0.09073637316561844,0.3216458784452435,1.7946914100390943
games,interaction_count,0.09185010482180293,0.3236446830816864,1.7946914100390943
games,interaction_count,0.09296383647798742,0.325618992563271,1.7199126012874655
games,interaction_count,0.09407756813417191,0.3275345136731954,1.7199126012874655
games,interaction_count,0.09525681341719078,0.3295627124954684,1.7199126012874655
games,interaction_count,0.09637054507337527,0.33147823360539286,1.7199126012874655
games,interaction_count,0.09754979035639413,0.3335064324276658,1.7199126012874655
games,interaction_count,0.098729035639413,0.33553463124993876,1.7199126012874655
games,interaction_count,0.09997379454926625,0.33767550778456024,1.7199126012874655
games,interaction_count,0.10115303983228512,0.3397037066068332,1.7199126012874655
games,interaction_count,0.10239779874213836,0.34183968411048293,1.6451337925358365
games,interaction_count,0.10364255765199161,0.3438874790566426,1.6451337925358365
games,interaction_count,0.10488731656184487,0.3459352740028023,1.6451337925358365
games,interaction_count,0.10613207547169812,0.3479830689489619,1.6451337925358365
games,interaction_count,0.10744234800838574,0.35013864257649835,1.6451337925358365
games,interaction_count,0.10875262054507337,0.35229421620403484,1.6451337925358365
games,interaction_count,0.11006289308176101,0.3544497898315713,1.6451337925358365
games,interaction_count,0.11137316561844864,0.3566053634591078,1.6451337925358365
games,interaction_count,0.11274895178197065,0.3588050283653893,1.5703549837842075
games,interaction_count,0.11412473794549266,0.36096550102389746,1.5703549837842075
games,interaction_count,0.11550052410901468,0.3631259736824056,1.5703549837842075
games,interaction_count,0.11687631027253668,0.3652864463409138,1.5703549837842075
games,interaction_count,0.11831761006289308,0.36754979864982706,1.5703549837842075
games,interaction_count,0.11975890985324948,0.36981315095874034,1.5703549837842075
games,interaction_count,0.12120020964360587,0.3720765032676537,1.5703549837842075
games,interaction_count,0.12270702306079664,0.37439374491725536,1.4955761750325787
games,interaction_count,0.12414832285115304,0.37654931854479184,1.4955761750325787
games,interaction_count,0.12565513626834382,0.3788028727917618,1.4955761750325787
games,interaction_count,0.12722746331236898,0.3811544076581652,1.4955761750325787
games,interaction_count,0.12873427672955975,0.38340796190513515,1.4955761750325787
games,interaction_count,0.1303066037735849,0.3857594967715386,1.4955761750325787
games,interaction_count,0.13187893081761007,0.388111031637942,1.4955761750325787
games,interaction_count,0.1335167714884696,0.3905605471237789,1.4955761750325787
games,interaction_count,0.13508909853249476,0.39279450524686216,1.4207973662809497
games,interaction_count,0.1367269392033543,0.39512154495840723,1.4207973662809497
games,interaction_count,0.1384302935010482,0.3975416662584141,1.4207973662809497
games,interaction_count,0.14006813417190775,0.39986870596995916,1.4207973662809497
games,interaction_count,0.14177148846960166,0.402288827269966,1.4207973662809497
games,interaction_count,0.14354035639413,0.4048020301584347,1.4207973662809497
games,interaction_count,0.1452437106918239,0.40722215145844154,1.4207973662809497
games,interaction_count,0.1470125786163522,0.40973535434691016,1.4207973662809497
games,interaction_count,0.1487814465408805,0.4121358795230303,1.3460185575293206
games,interaction_count,0.1506158280922432,0.41460499113275395,1.3460185575293206
games,interaction_count,0.15245020964360587,0.4170741027424775,1.3460185575293206
games,interaction_count,0.15428459119496854,0.41954321435220115,1.3460185575293206
games,interaction_count,0.15611897274633124,0.42201232596192473,1.3460185575293206
games,interaction_count,0.1580188679245283,0.42456962012913846,1.3460185575293206
games,interaction_count,0.15998427672955975,0.4272150968538423,1.3460185575293206
games,interaction_count,0.1618841719077568,0.429772391021056,1.3460185575293206
games,interaction_count,0.16384958071278827,0.4323786754979865,1.2712397487776919
games,interaction_count,0.16588050314465408,0.43496046482005857,1.2712397487776919
games,interaction_count,0.16784591194968554,0.43745897061561223,1.2712397487776919
games,interaction_count,0.16987683438155135,0.4400407599376843,1.2712397487776919
games,interaction_count,0.17197327044025157,0.4427058327862749,1.2712397487776919
games,interaction_count,0.1740697064989518,0.4453709056348654,1.2712397487776919
games,interaction_count,0.17616614255765198,0.448035978483456,1.2712397487776919
games,interaction_count,0.17832809224318658,0.45078433485856495,1.2712397487776919
games,interaction_count,0.18049004192872117,0.45353269123367396,1.2712397487776919
games,interaction_count,0.18265199161425577,0.45616347086546283,1.1964609400260628
games,interaction_count,0.18487945492662475,0.45882854371405335,1.1964609400260628
games,interaction_count,0.1871069182389937,0.4614936165626439,1.1964609400260628
games,interaction_count,0.18939989517819705,0.46423707390678126,1.1964609400260628
games,interaction_count,0.1916928721174004,0.4669805312509186,1.1964609400260628
games,interaction_count,0.19398584905660377,0.4697239885950559,1.1964609400260628
games,interaction_count,0.1963443396226415,0.47254583043474,1.1964609400260628
games,interaction_count,0.19876834381551362,0.4754460567699709,1.1964609400260628
games,interaction_count,0.20112683438155135,0.478267898609655,1.1964609400260628
games,interaction_count,0.20361635220125787,0.4812465094404327,1.1964609400260628
games,interaction_count,0.20604035639413,0.4839703706606833,1.121682131274434
games,interaction_count,0.20852987421383648,0.4867628183145374,1.121682131274434
games,interaction_count,0.21108490566037735,0.4896287514329666,1.121682131274434
games,interaction_count,0.21363993710691823,0.4924946845513957,1.121682131274434
games,interaction_count,0.2162604821802935,0.4954341031344,1.121682131274434
games,interaction_count,0.21888102725366876,0.4983735217174043,1.121682131274434
games,interaction_count,0.22150157232704404,0.5013129403004086,1.121682131274434
games,interaction_count,0.22418763102725367,0.504325844347988,1.121682131274434
games,interaction_count,0.22693920335429768,0.5074122338601424,1.121682131274434
games,interaction_count,0.22969077568134172,0.510498623372297,1.121682131274434
games,interaction_count,0.23244234800838576,0.5135850128844515,1.121682131274434
games,interaction_count,0.23525943396226415,0.5165342295293991,1.046903322522805
games,interaction_count,0.23814203354297694,0.5195520326079501,1.046903322522805
games,interaction_count,0.24102463312368974,0.5225698356865012,1.046903322522805
games,interaction_count,0.2439727463312369,0.5256562251986557,1.046903322522805
games,interaction_count,0.24692085953878407,0.5287426147108102,1.046903322522805
games,interaction_count,0.24993448637316562,0.5318975906565682,1.046903322522805
games,interaction_count,0.2529481132075472,0.535052566602326,1.046903322522805
games,interaction_count,0.2560272536687631,0.5382761289816874,1.046903322522805
games,interaction_count,0.25910639412997905,0.5414996913610488,1.046903322522805
games,interaction_count,0.26225104821802936,0.5447918401740136,1.046903322522805
games,interaction_count,0.26546121593291405,0.5480496957701767,0.972124513771176
games,interaction_count,0.26867138364779874,0.5511703784991329,0.972124513771176
games,interaction_count,0.2719470649895178,0.5543547486307209,0.972124513771176
games,interaction_count,0.2752227463312369,0.5575391187623088,0.972124513771176
games,interaction_count,0.27856394129979034,0.5607871762965285,0.972124513771176
games,interaction_count,0.28197064989517817,0.56409892123338,0.972124513771176
games,interaction_count,0.28537735849056606,0.5674106661702315,0.972124513771176
games,interaction_count,0.28884958071278827,0.5707860985097147,0.972124513771176
games,interaction_count,0.2923218029350105,0.5741615308491981,0.972124513771176
games,interaction_count,0.29585953878406707,0.577600650591313,0.972124513771176
games,interaction_count,0.2994627882599581,0.5811034577360598,0.972124513771176
games,interaction_count,0.30306603773584906,0.5846062648808066,0.972124513771176
games,interaction_count,0.3068003144654088,0.5880943749326383,0.8973457050195471
games,interaction_count,0.3104690775681342,0.5913865237456031,0.8973457050195471
games,interaction_count,0.3142688679245283,0.5947962493018881,0.8973457050195471
games,interaction_count,0.31806865828092246,0.5982059748581731,0.8973457050195471
games,interaction_count,0.32193396226415094,0.6016744887861181,0.8973457050195471
games,interaction_count,0.32586477987421386,0.6052017910857233,0.8973457050195471
games,interaction_count,0.3297955974842767,0.6087290933853284,0.8973457050195471
games,interaction_count,0.333791928721174,0.6123151840565936,0.8973457050195471
games,interaction_count,0.33785377358490565,0.6159600630995189,0.8973457050195471
games,interaction_count,0.3419156184486373,0.6196049421424442,0.8973457050195471
games,interaction_count,0.34610849056603776,0.6233673979286897,0.8973457050195471
games,interaction_count,0.35030136268343814,0.6271298537149352,0.8973457050195471
games,interaction_count,0.35455974842767296,0.6308335211295206,0.8225668962679182
games,interaction_count,0.3588181341719078,0.6343363282742673,0.8225668962679182
games,interaction_count,0.3632075471698113,0.637946914100391,0.8225668962679182
games,interaction_count,0.36759696016771487,0.6415574999265146,0.8225668962679182
games,interaction_count,0.3720518867924528,0.6452219750933266,0.8225668962679182
games,interaction_count,0.37657232704402516,0.648940339600827,0.8225668962679182
games,interaction_count,0.38115828092243187,0.6527125934490158,0.8225668962679182
games,interaction_count,0.3857442348008386,0.6564848472972046,0.8225668962679182
games,interaction_count,0.39046121593291405,0.6603648798267703,0.8225668962679182
games,interaction_count,0.3951781970649895,0.6642449123563359,0.8225668962679182
games,interaction_count,0.3999606918238994,0.66817883422659,0.8225668962679182
games,interaction_count,0.4048087002096436,0.6721666454375325,0.8225668962679182
games,interaction_count,0.4097222222222222,0.6762083459891634,0.8225668962679182
games,interaction_count,0.4147012578616352,0.6800834794877573,0.7477880875162893
games,interaction_count,0.4197458071278826,0.6838557333359462,0.7477880875162893
games,interaction_count,0.42479035639413,0.687627987184135,0.7477880875162893
games,interaction_count,0.4299659329140461,0.6914982216517572,0.7477880875162893
games,interaction_count,0.43520702306079667,0.6954174464290963,0.7477880875162893
games,interaction_count,0.4404481132075472,0.6993366712064354,0.7477880875162893
games,interaction_count,0.44582023060796644,0.7033538766032079,0.7477880875162893
games,interaction_count,0.45119234800838576,0.7073710819999804,0.7477880875162893
games,interaction_count,0.4566954926624738,0.7114862680161864,0.7477880875162893
games,interaction_count,0.46219863731656186,0.7156014540323924,0.7477880875162893
games,interaction_count,0.46783280922431864,0.7198146206680318,0.7477880875162893
games,interaction_count,0.47353249475890985,0.7240767776133881,0.7477880875162893
games,interaction_count,0.47923218029350106,0.7283389345587443,0.7477880875162893
games,interaction_count,0.485062893081761,0.7326402837518738,0.6730092787646603
games,interaction_count,0.49095911949685533,0.7366084988389296,0.6730092787646603
games,interaction_count,0.49692085953878407,0.7406208052047305,0.6730092787646603
games,interaction_count,0.5029481132075472,0.7446772028492764,0.6730092787646603
games,interaction_count,0.5090408805031447,0.7487776917725674,0.6730092787646603
games,interaction_count,0.5151991614255765,0.7529222719746034,0.6730092787646603
games,interaction_count,0.5214884696016772,0.7571550347341296,0.6730092787646603
games,interaction_count,0.5277777777777778,0.7613877974936557,0.6730092787646603
games,interaction_count,0.5341981132075472,0.765708742810672,0.6730092787646603
games,interaction_count,0.5406839622641509,0.7700737794064334,0.6730092787646603
games,interaction_count,0.5472353249475891,0.7744829072809398,0.6730092787646603
games,interaction_count,0.5538522012578616,0.7789361264341913,0.6730092787646603
games,interaction_count,0.5606001048218029,0.7834775281449329,0.6730092787646603
games,interaction_count,0.5674135220125787,0.7880630211344196,0.6730092787646603
games,interaction_count,0.5742924528301887,0.792413360637266,0.5982304700130314
games,interaction_count,0.5812368972746331,0.7965677389012453,0.5982304700130314
games,interaction_count,0.5883123689727463,0.8008005016607715,0.5982304700130314
games,interaction_count,0.5953878406708596,0.8050332644202977,0.5982304700130314
games,interaction_count,0.6026598532494759,0.809383603923144,0.5982304700130314
games,interaction_count,0.6099318658280922,0.8137339434259904,0.5982304700130314
games,interaction_count,0.6173349056603774,0.8181626674243835,0.5982304700130314
games,interaction_count,0.6248689727463312,0.8226697759183234,0.5982304700130314
games,interaction_count,0.6324030398322851,0.8271768844122632,0.5982304700130314
games,interaction_count,0.6400681341719078,0.83176237740175,0.5982304700130314
games,interaction_count,0.6478642557651991,0.8364262548867833,0.5982304700130314
games,interaction_count,0.655725890985325,0.8411293246195902,0.5982304700130314
games,interaction_count,0.6636530398322851,0.8458715866001705,0.5982304700130314
games,interaction_count,0.671711215932914,0.8506922330762975,0.5982304700130314
games,interaction_count,0.6798349056603774,0.8551356541676056,0.5234516612614025
games,interaction_count,0.6880896226415094,0.8594565994846219,0.5234516612614025
games,interaction_count,0.6964753668763103,0.8638461312352417,0.5234516612614025
games,interaction_count,0.7049266247379455,0.8682699562026631,0.5234516612614025
games,interaction_count,0.7134433962264151,0.8727280743868863,0.5234516612614025
games,interaction_count,0.7220911949685535,0.8772547790047128,0.5234516612614025
games,interaction_count,0.7308700209643606,0.8818500700561429,0.5234516612614025
games,interaction_count,0.7397143605870021,0.8864796543243746,0.5234516612614025
games,interaction_count,0.7486897274633124,0.8911778250262098,0.5234516612614025
games,interaction_count,0.7577961215932913,0.8959445821616484,0.5234516612614025
games,interaction_count,0.7669680293501048,0.9007456325138887,0.5234516612614025
games,interaction_count,0.776270964360587,0.9056152692997325,0.5234516612614025
games,interaction_count,0.7857049266247379,0.9105534925191797,0.5234516612614025
games,interaction_count,0.7952044025157232,0.9151389855086663,0.44867285250977357
games,interaction_count,0.8049004192872118,0.9194893250115127,0.44867285250977357
games,interaction_count,0.8146619496855346,0.9238690587001891,0.44867285250977357
games,interaction_count,0.8245545073375262,0.9283075807605256,0.44867285250977357
games,interaction_count,0.8345125786163522,0.932775497006692,0.44867285250977357
games,interaction_count,0.8446671907756813,0.9373315958103487,0.44867285250977357
games,interaction_count,0.8548873165618449,0.9419170887998354,0.44867285250977357
games,interaction_count,0.8652384696016772,0.9465613701609822,0.44867285250977357
games,interaction_count,0.8757861635220126,0.9512938340796191,0.44867285250977357
games,interaction_count,0.8863993710691824,0.956055692184086,0.44867285250977357
games,interaction_count,0.897143605870021,0.960876338660213,0.44867285250977357
games,interaction_count,0.9080188679245284,0.96560880257885,0.37389404375814467
games,interaction_count,0.9190251572327044,0.9697239885950559,0.37389404375814467
games,interaction_count,0.9301624737945493,0.9738881649209786,0.37389404375814467
games,interaction_count,0.9414963312368972,0.9781258267114765,0.37389404375814467
games,interaction_count,0.9528957023060797,0.9823879836568327,0.37389404375814467
games,interaction_count,0.9644261006289309,0.9866991309119056,0.37389404375814467
games,interaction_count,0.9761530398322851,0.9910837636315537,0.37389404375814467
games,interaction_count,0.9880110062893082,0.9955173866609185,0.37389404375814467
games,interaction_count,1.0,1.0,0.37389404375814467
books,interaction_count,1.963348215512807e-06,0.004346490586896459,2213.8154365863215
books,interaction_count,3.926696431025614e-06,0.007245693678306574,1476.6627073602795
books,interaction_count,5.890044646538421e-06,0.007861532869121444,313.6678384145014
books,interaction_count,7.853392862051227e-06,0.008460670654009952,305.16124452840313
books,interaction_count,9.816741077564034e-06,0.009008295668812328,278.9240392893532
books,interaction_count,1.1780089293076841e-05,0.009514469001436019,257.8112881985552
books,interaction_count,1.3743437508589648e-05,0.009977178434299537,235.6736462781068
books,interaction_count,1.5706785724102455e-05,0.010436366486395447,233.88008732621861
books,interaction_count,1.7670133939615264e-05,0.010843840546647077,207.54039300420365
books,interaction_count,1.963348215512807e-05,0.01125071094162426,207.23292575530851
books,interaction_count,2.1596830370640877e-05,0.011655468508140879,206.15679038417562
books,interaction_count,2.3560178586153682e-05,0.012051372317298943,201.6472707337139
books,interaction_count,2.552352680166649e-05,0.012441641917228838,198.77757641069283
books,interaction_count,2.7486875017179296e-05,0.01282285653804203,194.16556767726607
books,interaction_count,2.9450223232692105e-05,0.013196726564682784,190.42471614904215
books,interaction_count,3.141357144820491e-05,0.013554297628913473,182.123100428874
books,interaction_count,3.337691966371772e-05,0.01389536850897595,173.71899562574083
books,interaction_count,3.534026787923053e-05,0.014215612937070007,163.1113755388593
books,interaction_count,3.730361609474333e-05,0.014491286745734074,140.4100436621032
books,interaction_count,3.926696431025614e-05,0.014761225734290895,137.4891047975996
books,interaction_count,4.1230312525768946e-05,0.015026436011531214,135.08061134792118
books,interaction_count,4.3193660741281755e-05,0.015279271150645373,128.7775327455713
books,interaction_count,4.5157008956794556e-05,0.01552305131064283,124.16552401214454
books,interaction_count,4.7120357172307365e-05,0.01576582536184954,123.65307859731935
books,interaction_count,4.9083705387820174e-05,0.016000248710093073,119.39978165427024
books,interaction_count,5.104705360333298e-05,0.016226019522736196,114.99275108677357
books,interaction_count,5.3010401818845784e-05,0.016440320695164833,109.15087335776636
books,interaction_count,5.497375003435859e-05,0.01665442064583532,109.04838427480132
books,interaction_count,5.69370982498714e-05,0.01686258455464041,106.02495632733267
books,interaction_count,5.890044646538421e-05,0.017069943576412908,105.61499999547252
books,interaction_count,6.086379468089701e-05,0.01727458610445039,104.2313973754445
books,interaction_count,6.282714289640982e-05,0.017477417636664536,103.30899562875915
books,interaction_count,6.479049111192262e-05,0.017676526566352924,101.41294759390593
books,interaction_count,6.675383932743544e-05,0.017875233052525016,101.20796942797585
books,interaction_count,6.871718754294824e-05,0.018070820601445797,99.61938864201775
books,interaction_count,7.068053575846105e-05,0.01826590509597121,99.36316593460515
books,interaction_count,7.264388397397386e-05,0.018457770042366234,97.72334060716453
books,interaction_count,7.460723218948666e-05,0.018647320938542548,96.54471615306659
books,interaction_count,7.657058040499947e-05,0.01883606694768627,96.13475982120643
books,interaction_count,7.853392862051227e-05,0.01902400806979739,95.72480348934627
books,interaction_count,8.049727683602509e-05,0.019211345526634064,95.41733624045115
books,interaction_count,8.246062505153789e-05,0.01938882311732144,90.39537117516426
books,interaction_count,8.44239732670507e-05,0.01956318177075751,88.80679038920616
books,interaction_count,8.638732148256351e-05,0.01973401904342597,87.01323143731797
books,interaction_count,8.835066969807631e-05,0.019904755705215355,86.96198689583545
books,interaction_count,9.031401791358911e-05,0.020073480149423253,85.93709606618506
books,interaction_count,9.227736612910193e-05,0.020239387489017064,84.50224890467452
books,interaction_count,9.424071434461473e-05,0.020402980778392164,83.32362445057657
books,interaction_count,9.620406256012755e-05,0.02056657406776726,83.32362445057657
books,interaction_count,9.816741077564035e-05,0.02072906063747254,82.75993449426886
books,interaction_count,0.00010013075899115315,0.02088832765904744,81.12010916682824
books,interaction_count,0.00010209410720666596,0.021047192237106035,80.91513100089816
books,interaction_count,0.00010405745542217877,0.021205956204285562,80.86388645941564
books,interaction_count,0.00010602080363769157,0.021364015895311565,80.505174669038
books,interaction_count,0.00010798415185320438,0.02152197497545849,80.45393012755548
books,interaction_count,0.00010994750006871718,0.021678927946814676,79.94148471273029
books,interaction_count,0.00011191084828423,0.02183507603113826,79.53152838087014
books,interaction_count,0.0001138741964997428,0.021991123504582776,79.48028383938761
books,interaction_count,0.0001158375447152556,0.022147070367148212,79.42903929790509
books,interaction_count,0.00011780089293076842,0.022303017229713652,79.42903929790509
books,interaction_count,0.00011976424114628122,0.022456046376785933,77.94294759491203
books,interaction_count,0.00012172758936179402,0.02260887430210006,77.84045851194699
books,interaction_count,0.00012369093757730684,0.02276099795126067,77.48174672156937
books,interaction_count,0.00012565428579281964,0.022911914269872383,76.86681222377912
books,interaction_count,0.00012761763400833244,0.02306262936672595,76.76432314081408
books,interaction_count,0.00012958098222384524,0.02321253957654692,76.35436680895393
books,interaction_count,0.00013154433043935807,0.023362147953730667,76.20063318450637
books,interaction_count,0.00013350767865487087,0.023510649611244595,75.63694322819866
books,interaction_count,0.00013547102687038368,0.023658950047000374,75.53445414523362
books,interaction_count,0.00013743437508589648,0.023806445595723556,75.12449781337347
books,interaction_count,0.00013939772330140928,0.02395394114444674,75.12449781337347
books,interaction_count,0.0001433244197324349,0.0242450084176092,74.04836244224056
books,interaction_count,0.0001452877679479477,0.024390290526992743,73.99711790075804
books,interaction_count,0.00014725111616346051,0.024533761640552945,73.07471615407269
books,interaction_count,0.00014921446437897332,0.024677132143234075,73.02347161259017
books,interaction_count,0.00015314116080999895,0.024961156654861323,71.99858078293978
books,interaction_count,0.00015510450902551175,0.02510231371820281,71.89609169997475
books,interaction_count,0.00015706785724102455,0.025241659785720964,70.9736899532894
books,interaction_count,0.00016099455367205018,0.025518339703175772,70.15377728956908
books,interaction_count,0.00016295790188756298,0.025654768055200762,69.48759825029633
books,interaction_count,0.00016492125010307578,0.025790894574588528,69.33386462584878
books,interaction_count,0.0001688479465341014,0.026062342726331466,69.02639737695365
books,interaction_count,0.0001708112947496142,0.026197161304291266,68.66768558657601
books,interaction_count,0.00017473799118063982,0.02646609418405734,68.41146287916342
books,interaction_count,0.00017670133939615262,0.026600208485863617,68.30897379619839
books,interaction_count,0.00018062803582717823,0.02686813525683895,68.15524017175082
books,interaction_count,0.00018259138404269105,0.02700184711512893,68.1039956302683
books,interaction_count,0.00018651808047371666,0.027268063501159994,67.54030567396059
books,interaction_count,0.00018848142868922946,0.027400668639780152,67.54030567396059
books,interaction_count,0.0001924081251202551,0.027661250816583046,66.15670305393257
books,interaction_count,0.0001943714733357679,0.02779103885058912,66.10545851245004
books,interaction_count,0.0001982981697667935,0.028046590483438293,65.02932314131714
books,interaction_count,0.0002022248661978191,0.02829982806606875,64.46563318500942
books,interaction_count,0.00020615156262884473,0.02855246198342476,64.26065501907935
books,interaction_count,0.00020811491084435753,0.028678527414905078,64.20941047759683
books,interaction_count,0.00021204160727538314,0.028930557666986642,64.15816593611432
books,interaction_count,0.00021596830370640877,0.029181984253793758,63.90194322870171
books,interaction_count,0.00021989500013743437,0.02943260595356828,63.799454145736675
books,interaction_count,0.00022382169656846,0.029681114824882237,63.23576418942896
books,interaction_count,0.0002257850447839728,0.02980526864966014,63.23576418942896
books,interaction_count,0.0002297117412149984,0.03005287202306243,62.92829694053385
books,interaction_count,0.00023363843764602404,0.030298865622399522,62.620829691638725
books,interaction_count,0.00023756513407704964,0.030544356167341247,62.51834060867369
books,interaction_count,0.00024149183050807524,0.030787935105580554,61.852161569400934
books,interaction_count,0.0002454185269391009,0.03102990426975467,61.4934497790233
books,interaction_count,0.0002493452233701265,0.03126855327491933,60.622292573820474
books,interaction_count,0.0002552352680166649,0.031622502347503335,60.007358076030236
books,interaction_count,0.0002591619644476905,0.031856925695746864,59.69989082713512
books,interaction_count,0.00026308866087871614,0.03208983988080428,59.13620087082741
books,interaction_count,0.00026701535730974175,0.03232184856795002,59.033711787862366
books,interaction_count,0.00027094205374076735,0.03255325358982132,58.87997816341481
books,interaction_count,0.00027683209838730576,0.032898348905046775,58.470021831554654
books,interaction_count,0.0002807587948183314,0.033126936822303985,58.11131004117702
books,interaction_count,0.000284685491249357,0.03335451863077045,57.803842792281905
books,interaction_count,0.0002905755358958954,0.03369408034764681,57.445131001904265
books,interaction_count,0.00029450223232692103,0.03391884505149919,57.240152835974186
books,interaction_count,0.00030039227697345943,0.03425458355497071,56.88144104559655
books,interaction_count,0.0003043189734044851,0.03447703420860438,56.471484713736395
books,interaction_count,0.0003102090180510235,0.034807742168122185,55.856550215946164
books,interaction_count,0.0003160990626975619,0.03513432508159794,55.29286025963845
books,interaction_count,0.0003200257591285875,0.03535033663897084,54.93414846926081
books,interaction_count,0.00032591580377512596,0.03567048045618582,54.01174672257547
books,interaction_count,0.00033180584842166437,0.03598680105999598,53.653034932197826
books,interaction_count,0.0003376958930682028,0.03630121005710372,53.29432314182019
books,interaction_count,0.0003416225894992284,0.036509776409425106,52.98685589292508
books,interaction_count,0.00034751263414576684,0.03681985913873264,52.37192139513485
books,interaction_count,0.00035340267879230524,0.037125615600239976,51.50076418993201
books,interaction_count,0.00035929272343884365,0.03742775007010063,51.244541482519416
books,interaction_count,0.0003651827680853821,0.03772907965292869,51.09080785807186
books,interaction_count,0.0003710728127319205,0.03802779335290081,50.629606984729186
books,interaction_count,0.0003789262055939717,0.03842420021645424,50.37338427731659
books,interaction_count,0.0003848162502405102,0.03871959375741691,50.065917028421474
books,interaction_count,0.0003907062948870486,0.03901357874607253,49.860938862491395
books,interaction_count,0.000396596339533587,0.0393069600694537,49.75844977952635
books,interaction_count,0.0004044497323956382,0.03969551928443933,49.24600436470116
books,interaction_count,0.00041033977704217666,0.0399845743400203,49.041026198771085
books,interaction_count,0.00041819316990422787,0.04036709690226146,48.32360261801581
books,interaction_count,0.00042408321455076627,0.040649914083339816,47.708668120225575
books,interaction_count,0.00043193660741281753,0.041024186553496864,47.60617903726054
books,interaction_count,0.00043782665205935594,0.041303884797323914,47.40120087133046
books,interaction_count,0.00044568004492140715,0.041673830999680764,46.83751091502275
books,interaction_count,0.0004535334377834584,0.042038646047204815,46.273820958715035
books,interaction_count,0.0004613868306455096,0.042399235437807735,45.453908294994726
books,interaction_count,0.0004692402235075609,0.04275439184094064,44.99270742165205
books,interaction_count,0.0004770936163696121,0.04310652991770131,44.78772925572197
books,interaction_count,0.0004849470092316633,0.04345746066391308,44.58275108979189
books,interaction_count,0.0004928004020937145,0.0438054736946317,44.17279475793174
books,interaction_count,0.0005006537949557658,0.04415187695128512,44.0703056749667
books,interaction_count,0.000508507187817817,0.04449737471002687,43.91657205051914
books,interaction_count,0.0005163605806798682,0.04484035719679176,43.45537117717647
books,interaction_count,0.0005261773217574323,0.045265438160881424,43.14790392828135
books,interaction_count,0.0005340307146194835,0.04560318888193444,42.891681220868755
books,interaction_count,0.0005438474556970476,0.04602364174558668,42.78919213790371
books,interaction_count,0.0005517008485590988,0.046359078416420986,42.686703054938675
books,interaction_count,0.0005615175896366628,0.04677691539721728,42.43048034752608
books,interaction_count,0.0005713343307142268,0.047191432219004126,42.12301309863096
books,interaction_count,0.0005811510717917908,0.04760343376881411,41.866790391218366
books,interaction_count,0.0005890044646538421,0.04793162645635505,41.66181222528829
books,interaction_count,0.0005988212057314061,0.048339804792760205,41.508078600840726
books,interaction_count,0.0006106012950244829,0.04882756633451327,41.303100434910654
books,interaction_count,0.000620418036102047,0.0492299092399321,40.79065502008546
books,interaction_count,0.0006302347771796111,0.0496272216013972,40.22696506377774
books,interaction_count,0.000640051518257175,0.05001960402978766,39.919497814882625
books,interaction_count,0.0006518316075502519,0.05048784706100028,39.61203056598751
books,interaction_count,0.0006616483486278159,0.05087459528016256,39.25331877560988
books,interaction_count,0.0006734284379208928,0.05133619799335626,39.150829692644834
books,interaction_count,0.0006832451789984568,0.0517180162794439,38.74087336078468
books,interaction_count,0.0006950252682915337,0.05217358233989313,38.58713973633712
books,interaction_count,0.0007068053575846105,0.05262562701957475,38.22842794595949
books,interaction_count,0.0007185854468776873,0.05307455276200507,37.920960697064366
books,interaction_count,0.0007303655361707642,0.053518246738723504,37.40851528223917
books,interaction_count,0.000742145625463841,0.053956306506213775,36.89606986741398
books,interaction_count,0.0007558890629724307,0.054461775562683945,36.63984716000138
books,interaction_count,0.0007676691522655075,0.05489218890336456,36.48611353555383
books,interaction_count,0.0007814125897740972,0.05539232558324378,36.332379911106266
books,interaction_count,0.000793192679067174,0.05581841265612419,36.07615720369367
books,interaction_count,0.0008069361165757637,0.05631271390501709,35.922423579246114
books,interaction_count,0.0008206795540843533,0.056804600492812204,35.66620087183352
books,interaction_count,0.000834422991592943,0.05729075226050008,35.25624453997336
books,interaction_count,0.0008481664291015325,0.057774086923573865,35.05126637404328
books,interaction_count,0.0008619098666101222,0.05825430264939634,34.897532749595726
books,interaction_count,0.0008756533041187119,0.05873089638357214,34.590065500700604
books,interaction_count,0.0008913600898428143,0.059272384134750965,34.38508733477053
books,interaction_count,0.000905103527351404,0.05974203571827062,33.97513100291037
books,interaction_count,0.0009208103130755065,0.06027386482505831,33.718908295497776
books,interaction_count,0.0009345537505840961,0.06073637303616367,33.61641921253274
books,interaction_count,0.0009502605363081986,0.061262567933723186,33.41144104660266
books,interaction_count,0.000965967322032301,0.0617836316764499,33.05272925622502
books,interaction_count,0.0009836374559719164,0.062365866833653895,32.796506548812424
books,interaction_count,0.0009993442416960188,0.06287807681902205,32.43779475843479
books,interaction_count,0.0010150510274201212,0.06338515564955742,32.130327509539676
books,interaction_count,0.0010327211613597365,0.06395099123347227,31.925349343609597
books,interaction_count,0.0010503912952993517,0.06451320482574045,31.77161571916204
books,interaction_count,0.001068061429238967,0.06507189703724102,31.464148470266924
books,interaction_count,0.0010857315631785823,0.06562646420269953,31.310414845819363
books,interaction_count,0.0011034016971181975,0.0661761014350834,31.002947596924248
books,interaction_count,0.0011210718310578128,0.0667216136214252,30.74672488951165
books,interaction_count,0.0011407053132129407,0.06732326667829058,30.439257640616535
books,interaction_count,0.001158375447152556,0.06785932144199938,30.285524016168974
books,interaction_count,0.0011780089293076841,0.06845161768711083,30.0805458502389
books,interaction_count,0.0011976424114628122,0.0690406943840919,29.87556768430882
books,interaction_count,0.0012172758936179404,0.069624438704482,29.619344976896222
books,interaction_count,0.0012369093757730683,0.07020285064828116,29.363122269483625
books,interaction_count,0.0012585062061437093,0.07083388208183629,29.05565502058851
books,interaction_count,0.0012781396882988374,0.07140162927245355,28.799432313175913
books,interaction_count,0.0012997365186694781,0.07201938006997084,28.491965064280794
books,interaction_count,0.0013213333490401191,0.07263270398880885,28.338231439833237
books,interaction_count,0.00134293017941076,0.0732423053051211,28.13325327390316
books,interaction_count,0.0013664903579969135,0.07390281572624505,27.877030566490564
books,interaction_count,0.0013880871883675545,0.07450165167849633,27.620807859077967
books,interaction_count,0.0014116473669537081,0.07514868024182428,27.36458515166537
books,interaction_count,0.001435207545539862,0.07579047703944038,27.05711790277025
books,interaction_count,0.0014587677241260156,0.07642482863200495,26.749650653875136
books,interaction_count,0.0014823279027121692,0.07705274112830875,26.544672487945057
books,interaction_count,0.0015078514295138357,0.07772784012689848,26.28844978053246
books,interaction_count,0.0015333749563155022,0.07839509147692042,26.032227073119863
books,interaction_count,0.0015588984831171686,0.07905519945452806,25.776004365707266
books,interaction_count,0.0015844220099188351,0.0797093713902703,25.51978165829467
books,interaction_count,0.0016099455367205016,0.08035770789502623,25.26355895088207
books,interaction_count,0.001637432411737681,0.08105101746272844,25.161069867917035
books,interaction_count,0.0016649192867548603,0.08174110748230028,25.058580784951996
books,interaction_count,0.0016924061617720396,0.08242757551022543,24.90484716050444
books,interaction_count,0.001719893036789219,0.08310921421595502,24.751113536056877
books,interaction_count,0.001749343260021911,0.08383280765825865,24.392401745679244
books,interaction_count,0.0017768301350390902,0.08450146756058761,24.238668121231683
books,interaction_count,0.0018062803582717824,0.08521137792333712,23.982445413819086
books,interaction_count,0.0018376939297199872,0.08596183447035365,23.72622270640649
books,interaction_count,0.0018671441529526794,0.08665826297530717,23.57248908195893
books,interaction_count,0.0018985577244008843,0.08739523766452771,23.367510916028856
books,interaction_count,0.0019299712958490893,0.08812486775957581,23.060043667133737
books,interaction_count,0.001961384867297294,0.08884483921023277,22.80382095972114
books,interaction_count,0.001994761786961012,0.08960203668614727,22.598842793791064
books,interaction_count,0.0020281387066247297,0.09035188956788935,22.393864627860985
books,interaction_count,0.002061515626288447,0.09109580640776603,22.188886461930906
books,interaction_count,0.002094892545952165,0.09183318354050288,22.03515283748335
books,interaction_count,0.0021302328138313956,0.09260738425498097,21.77893013007075
books,interaction_count,0.002165573081710626,0.09337403915352847,21.522707422658154
books,interaction_count,0.0022009133495898567,0.09413184029471744,21.368973798210597
books,interaction_count,0.0022382169656846,0.09492606257413136,21.21524017376304
books,interaction_count,0.002275520581779343,0.09571294025937284,20.959017466350442
books,interaction_count,0.0023128241978740867,0.09649287579395818,20.805283841902884
books,interaction_count,0.0023520911621843425,0.09730571108600088,20.600305675972805
books,interaction_count,0.002389394778279086,0.09807025315608782,20.34408296856021
books,interaction_count,0.002430625090804855,0.09890552467416412,20.139104802630133
books,interaction_count,0.0024698920551151113,0.09969310663555912,19.98537117818257
books,interaction_count,0.00251112236764088,0.10051499690671853,19.882882095217536
books,interaction_count,0.002552352680166649,0.10133014624897993,19.677903929287456
books,interaction_count,0.0025955463409079306,0.10217417091353571,19.472925763357377
books,interaction_count,0.0026387400016492125,0.10301044854040277,19.267947597427302
books,interaction_count,0.002681933662390494,0.10383887851870201,19.062969431497223
books,interaction_count,0.0027270906713472887,0.10469718992808637,18.909235807049665
books,interaction_count,0.0027722476803040833,0.10554936407384717,18.806746724084626
books,interaction_count,0.002817404689260878,0.10639469667983092,18.653013099637068
books,interaction_count,0.002864525046433185,0.10726880399722998,18.44803493370699
books,interaction_count,0.002911645403605493,0.1081355667204566,18.345545850741953
books,interaction_count,0.0029607291089933127,0.10903050048982406,18.140567684811874
books,interaction_count,0.003009812814381133,0.10991688233447021,17.986834060364316
books,interaction_count,0.0030588965197689533,0.11079501408703224,17.781855894434237
books,interaction_count,0.0031099435733722863,0.11169970711166993,17.679366811469198
books,interaction_count,0.0031609906269756192,0.11259695493125611,17.52563318702164
books,interaction_count,0.003214001028794465,0.11352116646643425,17.371899562574082
books,interaction_count,0.003267011430613311,0.1144386370727144,17.218165938126525
books,interaction_count,0.0033219851806476695,0.11538216589667484,17.064432313678967
books,interaction_count,0.0033769589306820278,0.11631704218503487,16.961943230713928
books,interaction_count,0.0034319326807163864,0.11724397021394803,16.80820960626637
books,interaction_count,0.0034888697789662577,0.1181944411885646,16.60323144033629
books,interaction_count,0.003547770225431642,0.11916936060679628,16.50074235737125
books,interaction_count,0.0036066706718970265,0.1201354262676694,16.295764191441176
books,interaction_count,0.0036655711183624104,0.12109203450590954,16.193275108476136
books,interaction_count,0.0037264349130433074,0.12207248752249031,16.03954148402858
books,interaction_count,0.0037892620559397175,0.12307366638016042,15.8345633180985
books,interaction_count,0.003852089198836127,0.12406377804113235,15.680829693650942
books,interaction_count,0.003914916341732537,0.12504322494892237,15.527096069203383
books,interaction_count,0.00397970683284446,0.12604098303670397,15.322117903273305
books,interaction_count,0.004046460672171895,0.12705876268942137,15.168384278825748
books,interaction_count,0.00411321451149933,0.12806678308686853,15.014650654378189
books,interaction_count,0.004181931699042279,0.12909422138397708,14.860917029930631
books,interaction_count,0.004250648886585227,0.1301103912626293,14.707183405483073
books,interaction_count,0.004321329422343688,0.13114567720830567,14.604694322518034
books,interaction_count,0.004393973306317662,0.13220269510386212,14.502205239552994
books,interaction_count,0.004466617190291636,0.13325095985293908,14.348471615105437
books,interaction_count,0.004541224422481122,0.13431904494519373,14.245982532140397
books,interaction_count,0.004615831654670609,0.13537847750184798,14.14349344917536
books,interaction_count,0.004692402235075608,0.1364541084100332,13.938515283245282
books,interaction_count,0.004770936163696121,0.13754382484128885,13.836026200280243
books,interaction_count,0.004849470092316633,0.13862207163233,13.682292575832685
books,interaction_count,0.0049299673691526585,0.13971883082512088,13.579803492867645
books,interaction_count,0.005012427994204196,0.14083249264559627,13.477314409902606
books,interaction_count,0.005094888619255734,0.1419364958216805,13.323580785455048
books,interaction_count,0.0051793125925227845,0.143054383299077,13.16984716100749
books,interaction_count,0.005265699914005348,0.14418464591459967,13.016113536559931
books,interaction_count,0.0053520872354879115,0.1453056523292475,12.913624453594894
books,interaction_count,0.005440437905185988,0.14644034182344945,12.759890829147334
books,interaction_count,0.005530751923099577,0.14758790951017292,12.657401746182297
books,interaction_count,0.005623029289228679,0.14874916027645052,12.554912663217257
books,interaction_count,0.0057172700035732936,0.1499238929005241,12.4011790387697
books,interaction_count,0.005811510717917909,0.15108765893877857,12.29868995580466
books,interaction_count,0.005907714780478036,0.15226601355449884,12.196200872839622
books,interaction_count,0.006005882191253677,0.1534562402539499,12.042467248392063
books,interaction_count,0.00610601295024483,0.15465793659361546,11.939978165427025
books,interaction_count,0.006206143709235982,0.15584796207130835,11.837489082461985
books,interaction_count,0.006310201164658162,0.1570737044110727,11.734999999496946
books,interaction_count,0.00641425862008034,0.15828576367128294,11.581266375049388
books,interaction_count,0.0065202794237180315,0.15950677729973078,11.478777292084349
books,interaction_count,0.006628263575571236,0.1607361416311418,11.325043667636791
books,interaction_count,0.0067382110756399535,0.1619762713266138,11.222554584671752
books,interaction_count,0.0068501219239241835,0.16322646210999325,11.120065501706714
books,interaction_count,0.006963996120423926,0.16448822314446626,11.017576418741674
books,interaction_count,0.007079833665139181,0.16575893854717688,10.915087335776636
books,interaction_count,0.00719763455806995,0.16703709915493906,10.812598252811597
books,interaction_count,0.007315435451000719,0.16830439378776116,10.710109169846557
books,interaction_count,0.007437163040362513,0.16960167046254745,10.60762008688152
books,interaction_count,0.00756085397793982,0.17090709661853878,10.50513100391648
books,interaction_count,0.007686508263732639,0.1722196661469444,10.402641920951442
books,interaction_count,0.007814125897740972,0.17353867477161078,10.300152837986403
books,interaction_count,0.007943706879964816,0.17486341821638443,10.197663755021365
books,interaction_count,0.008075251210404175,0.1761954056444514,10.095174672056325
books,interaction_count,0.008208758889059045,0.17753503949932806,9.992685589091286
books,interaction_count,0.00834422991592943,0.17887960328727937,9.890196506126248
books,interaction_count,0.008483627639230839,0.1802478106318132,9.787707423161208
books,interaction_count,0.008624988710747761,0.18162215523997052,9.68521834019617
books,interaction_count,0.008766349782264683,0.1829838228773645,9.582729257231131
books,interaction_count,0.00891163755021263,0.18436913407134095,9.480240174266092
books,interaction_count,0.009060852014591603,0.18577698210223012,9.377751091301054
books,interaction_count,0.009210066478970578,0.18716953727949995,9.275262008336014
books,interaction_count,0.009363207639780576,0.18858583662423134,9.224017466853494
books,interaction_count,0.009518312148806088,0.19000495307357684,9.121528383888457
books,interaction_count,0.009677343354262626,0.1914438898661,9.019039300923417
books,interaction_count,0.009836374559719164,0.192867735026762,8.91655021795838
books,interaction_count,0.009999332461606726,0.1943095895347783,8.81406113499334
books,interaction_count,0.010166217059925315,0.19577035888806063,8.7115720520283
books,interaction_count,0.010335065006459416,0.19723364351331982,8.609082969063262
books,interaction_count,0.010505876301209029,0.1986974311929744,8.506593886098223
books,interaction_count,0.01068061429238967,0.2001787251655879,8.455349344615703
books,interaction_count,0.010857315631785823,0.2016632386863318,8.352860261650665
books,interaction_count,0.011037943667613001,0.2031619383410252,8.250371178685626
books,interaction_count,0.011220535051655692,0.20465953127604877,8.147882095720588
books,interaction_count,0.011407053132129408,0.20617422806051502,8.096637554238068
books,interaction_count,0.011595534560818637,0.20768892484498128,7.9941484712730295
books,interaction_count,0.011787942685938893,0.20922092670064832,7.94290392979051
books,interaction_count,0.011984277507490173,0.2107689256860882,7.840414846825471
books,interaction_count,0.012182575677256967,0.21231642161713274,7.737925763860432
books,interaction_count,0.012384800543454786,0.2138776006277314,7.686681222377913
books,interaction_count,0.012588988757868118,0.21543757230778116,7.584192139412874
books,interaction_count,0.012799067016927988,0.2170240046490275,7.481703056447835
books,interaction_count,0.013011108624203372,0.2186051046136829,7.4304585149653155
books,interaction_count,0.013227076927909781,0.22019727177503648,7.327969432000277
books,interaction_count,0.013445008579831701,0.22178712488617136,7.276724890517757
books,interaction_count,0.013668830276400161,0.22340062155388873,7.174235807552718
books,interaction_count,0.013894615321184134,0.22501230722578278,7.122991266070199
books,interaction_count,0.014126290410614646,0.2266489443956873,7.02050218310516
books,interaction_count,0.01435992884826067,0.22828095346515437,6.918013100140121
books,interaction_count,0.01459749398233772,0.22992040773967298,6.8667685586576015
books,interaction_count,0.014840949161061308,0.23157968235736923,6.764279475692563
books,interaction_count,0.015086367688000408,0.23323292032232104,6.713034934210044
books,interaction_count,0.015335712911370534,0.2348929998270499,6.610545851245005
books,interaction_count,0.0155909481793872,0.23657370456198903,6.5593013097624855
books,interaction_count,0.01585011014383489,0.23826225694549596,6.456812226797447
books,interaction_count,0.016113198804713607,0.23995382765537515,6.405567685314927
books,interaction_count,0.016380214162023347,0.24165354784645934,6.354323143832408
books,interaction_count,0.016651156215764115,0.24335829858149727,6.251834060867369
books,interaction_count,0.01692798831415142,0.2450812598856477,6.20058951938485
books,interaction_count,0.017208747108969753,0.2468085474575983,6.098100436419811
books,interaction_count,0.01749343260021911,0.24853996007559095,6.046855894937291
books,interaction_count,0.017784008136115005,0.25028817471038906,5.9956113534547715
books,interaction_count,0.018078510368441925,0.2520358862907918,5.893122270489733
books,interaction_count,0.018378902645415387,0.25379939377920924,5.841877729007214
books,interaction_count,0.01868322161881987,0.25556682509191053,5.790633187524694
books,interaction_count,0.018993430636870895,0.25734572604482636,5.6881441045596555
books,interaction_count,0.019307566351352945,0.25912643799356555,5.636899563077136
books,interaction_count,0.01962759211048153,0.2609205311892216,5.585655021594617
books,interaction_count,0.019953507914256655,0.2627279050209155,5.534410480112097
books,interaction_count,0.020285313762678323,0.26454694971458204,5.431921397147058
books,interaction_count,0.02062104630753101,0.2663643846341834,5.380676855664539
books,interaction_count,0.02096266889703024,0.26819278613960384,5.32943231418202
books,interaction_count,0.021310181531176007,0.27002963895886656,5.22694323121698
books,interaction_count,0.021663584209968313,0.2718735345396645,5.175698689734461
books,interaction_count,0.022022876933407154,0.2737284973171606,5.1244541482519415
books,interaction_count,0.022388059701492536,0.27559130774322455,5.073209606769423
books,interaction_count,0.02275913251422446,0.27746166398521904,5.021965065286903
books,interaction_count,0.023136095371602917,0.27933956604314414,4.970720523804384
books,interaction_count,0.023520911621843426,0.2812347731722701,4.868231440839344
books,interaction_count,0.023911617916730476,0.2831342059583171,4.8169868993568254
books,interaction_count,0.024308214256264064,0.28503887051007604,4.765742357874306
books,interaction_count,0.02471070064044419,0.28695057782337013,4.714497816391787
books,interaction_count,0.025121040417486366,0.28887586760533934,4.663253274909267
books,interaction_count,0.02553727023917508,0.2908068922074158,4.612008733426747
books,interaction_count,0.025959390105510332,0.29274244429905055,4.560764191944228
books,interaction_count,0.02639132671292315,0.2946986216208956,4.5095196504617086
books,interaction_count,0.026829153364982507,0.2966561068841686,4.45827510897919
books,interaction_count,0.027272870061688402,0.2986166104738139,4.40703056749667
books,interaction_count,0.02772640349947186,0.30059824234806476,4.35578602601415
books,interaction_count,0.028185826981901856,0.30257876750264584,4.304541484531631
books,interaction_count,0.028653103857193905,0.30456854885810175,4.253296943049111
books,interaction_count,0.029128234125348002,0.3065687937449814,4.2020524015665925
books,interaction_count,0.029611217786364153,0.3085752765063637,4.099563318601553
books,interaction_count,0.030102054840242354,0.31058447576148096,4.048318777119034
books,interaction_count,0.03060074528698261,0.31260041594549626,3.9970742356365148
books,interaction_count,0.031109252474800425,0.31463144776137275,3.945829694153995
books,interaction_count,0.03162364970726478,0.3166584551420862,3.8945851526714756
books,interaction_count,0.032149827029022214,0.3187045785898238,3.8433406111889563
books,interaction_count,0.03268189439542618,0.32074919287437537,3.792096069706437
books,interaction_count,0.03322377850290772,0.32280406946859247,3.792096069706437
books,interaction_count,0.03377547935146682,0.3248726291423637,3.7408515282239176
books,interaction_count,0.03433503359288797,0.3269437040881118,3.689606986741398
books,interaction_count,0.03490440457538668,0.32902524256528365,3.6383624452588785
books,interaction_count,0.03548359229896296,0.33111422624750697,3.587117903776359
books,interaction_count,0.0360725967636168,0.3332146795699448,3.53587336229384
books,interaction_count,0.0366694546211327,0.3353167426664479,3.4846288208113205
books,interaction_count,0.037278092567941665,0.33743761999733785,3.4846288208113205
books,interaction_count,0.0378965472558282,0.33956111321108373,3.4333842793288007
books,interaction_count,0.038524818684792295,0.3416926552951556,3.3821397378462814
books,interaction_count,0.03916290685483396,0.3438361700738373,3.330895196363762
books,interaction_count,0.0398127751141687,0.34599698992371986,3.2796506548812427
books,interaction_count,0.040472460114581,0.3481605262673374,3.2796506548812427
books,interaction_count,0.041143925204286384,0.35033714202523464,3.2284061133987234
books,interaction_count,0.04182717038328484,0.35252744086268595,3.177161571916204
books,interaction_count,0.04252023230336086,0.35472860567507736,3.1259170304336843
books,interaction_count,0.043225074312729955,0.35693188331592934,3.1259170304336843
books,interaction_count,0.04394169641139213,0.3591446183794143,3.074672488951165
books,interaction_count,0.04467009859934738,0.3613670120872904,3.0234279474686456
books,interaction_count,0.04541224422481122,0.3636032900964788,2.9721834059861263
books,interaction_count,0.046164206591352626,0.3658382601642392,2.9721834059861263
books,interaction_count,0.046929912395402625,0.36808419681781873,2.920938864503607
books,interaction_count,0.047709361636961205,0.3703519660321575,2.869694323021087
books,interaction_count,0.048498627619597355,0.3726169181418821,2.869694323021087
books,interaction_count,0.049303600387957607,0.3748920319503932,2.818449781538568
books,interaction_count,0.050122316593826446,0.377178816620877,2.7672052400560485
books,interaction_count,0.05095281288898836,0.37947697032069616,2.7672052400560485
books,interaction_count,0.05179705262165887,0.3817706971418361,2.715960698573529
books,interaction_count,0.05265699914005348,0.3840893754609865,2.66471615709101
books,interaction_count,0.05352872574774117,0.38641227943705797,2.66471615709101
books,interaction_count,0.05441812248936847,0.3887458481663114,2.61347161560849
books,interaction_count,0.055319299320288846,0.39109340180775615,2.5622270741259707
books,interaction_count,0.056236182936933325,0.39344266583414517,2.5622270741259707
books,interaction_count,0.05716877333930191,0.39580360072250687,2.5109825326434514
books,interaction_count,0.0581170705273946,0.39818475839756245,2.5109825326434514
books,interaction_count,0.05908107450121139,0.40056189163745515,2.459737991160932
books,interaction_count,0.06006078526075228,0.402960958048986,2.4084934496784127
books,interaction_count,0.06105816615423278,0.40536314339776824,2.4084934496784127
books,interaction_count,0.062069290485221876,0.4077819295415977,2.3572489081958934
books,interaction_count,0.06309808495015058,0.4102070541708089,2.3572489081958934
books,interaction_count,0.06414454954901891,0.41264324599671826,2.3060043667133736
books,interaction_count,0.06520868428182686,0.41509714533734476,2.3060043667133736
books,interaction_count,0.06629048914857441,0.41755215139764107,2.2547598252308543
books,interaction_count,0.06738996414926159,0.4200312034580362,2.2547598252308543
books,interaction_count,0.06850710928388837,0.4225017035937099,2.203515283748335
books,interaction_count,0.06964388790067029,0.42500661265002715,2.203515283748335
books,interaction_count,0.07079833665139182,0.4274937135807482,2.1522707422658156
books,interaction_count,0.07197241888426847,0.4300149215994755,2.1010262007832963
books,interaction_count,0.07316613459930026,0.4325229495930441,2.1010262007832963
books,interaction_count,0.07437948379648718,0.4350686060553865,2.0497816593007765
books,interaction_count,0.07561246647582923,0.4375959513377373,2.0497816593007765
books,interaction_count,0.0768670459855419,0.4401670623524856,1.9985371178182574
books,interaction_count,0.07814125897740971,0.44271362431273964,1.9985371178182574
books,interaction_count,0.07943706879964817,0.4453033483401167,1.9985371178182574
books,interaction_count,0.08075447545225727,0.4478733526351951,1.9472925763357378
books,interaction_count,0.082093478935237,0.45048078417728926,1.9472925763357378
books,interaction_count,0.08345407924858737,0.45307050820466627,1.8960480348532185
books,interaction_count,0.0848382397405239,0.455694942985324,1.8960480348532185
books,interaction_count,0.08624596041104658,0.45832189303795856,1.844803493370699
books,interaction_count,0.08767527791193991,0.46095870295674246,1.844803493370699
books,interaction_count,0.08913011893963489,0.463614025277276,1.7935589518881796
books,interaction_count,0.09060655679770052,0.46626210361451625,1.7935589518881796
books,interaction_count,0.09211048153078334,0.4689566641778889,1.7423144104056603
books,interaction_count,0.0936379664424523,0.47161802315116697,1.7423144104056603
books,interaction_count,0.09519097488092293,0.47432385213299594,1.7423144104056603
books,interaction_count,0.09676950684619523,0.47702857439515506,1.6910698689231407
books,interaction_count,0.09837356233826919,0.47974114430588205,1.6910698689231407
books,interaction_count,0.10000510470536034,0.4824997939992251,1.6398253274406214
books,interaction_count,0.10166217059925314,0.48521709262126855,1.6398253274406214
books,interaction_count,0.10334868671637865,0.48798268446526777,1.6398253274406214
books,interaction_count,0.10506268970852133,0.4907616575561839,1.588580785958102
books,interaction_count,0.10680417957568118,0.49352815489809476,1.588580785958102
books,interaction_count,0.10857511966607374,0.49634143629877525,1.588580785958102
books,interaction_count,0.11037747332791449,0.4991423425613296,1.5373362444755825
books,interaction_count,0.11220731386477242,0.501955422740252,1.5373362444755825
books,interaction_count,0.11406856797307857,0.5048167961411301,1.5373362444755825
books,interaction_count,0.1159592723046174,0.5076327940355456,1.4860917029930631
books,interaction_count,0.11788139020760444,0.5104892375033491,1.4860917029930631
books,interaction_count,0.11983688503025519,0.5133944772475036,1.4348471615105436
books,interaction_count,0.12182379342435416,0.516245387116958,1.4348471615105436
books,interaction_count,0.12384407873811684,0.5191441877648518,1.4348471615105436
books,interaction_count,0.12589774097154324,0.522085244981957,1.3836026200280243
books,interaction_count,0.12798478012463335,0.5249728778222735,1.3836026200280243
books,interaction_count,0.1301071595456027,0.5279094075498203,1.3836026200280243
books,interaction_count,0.13226487923445127,0.5308948341645972,1.3836026200280243
books,interaction_count,0.13445990253939458,0.533828748009288,1.332358078545505
books,interaction_count,0.13668830276400162,0.5367977750507757,1.332358078545505
books,interaction_count,0.13895596995291892,0.5398191197493823,1.332358078545505
books,interaction_count,0.14125897740971544,0.5428060555273454,1.2811135370629854
books,interaction_count,0.1436012518308222,0.5458067749957416,1.2811135370629854
books,interaction_count,0.14598279321623925,0.5488577999036751,1.2811135370629854
books,interaction_count,0.14840360156596655,0.5519229103346791,1.229868995580466
books,interaction_count,0.1508656402282196,0.5549508953513045,1.229868995580466
books,interaction_count,0.15336694585478292,0.5580271735898857,1.229868995580466
books,interaction_count,0.15590948179387198,0.5611541597115204,1.229868995580466
books,interaction_count,0.15849521139370237,0.5642364746028461,1.1786244540979467
books,interaction_count,0.16112413465427403,0.5673349878457028,1.1786244540979467
books,interaction_count,0.16379625157558694,0.570484410193371,1.1786244540979467
books,interaction_count,0.16651156215764115,0.5736674365746504,1.1273799126154271
books,interaction_count,0.16927399309686766,0.5767817457255217,1.1273799126154271
books,interaction_count,0.17207961769683547,0.579944750541865,1.1273799126154271
books,interaction_count,0.1749343260021911,0.5831630913416994,1.1273799126154271
books,interaction_count,0.17783419131650352,0.5863915938403202,1.0761353711329078
books,interaction_count,0.18078314033620374,0.5895650621880875,1.0761353711329078
books,interaction_count,0.1837811730612918,0.5927913512473687,1.0761353711329078
books,interaction_count,0.1868282894917677,0.596070461018164,1.0761353711329078
books,interaction_count,0.1899264529758469,0.5993655679187322,1.0248908296503882
books,interaction_count,0.19307566351352942,0.6025931649194414,1.0248908296503882
books,interaction_count,0.19627788445303082,0.6058750917948508,1.0248908296503882
books,interaction_count,0.19953311579435107,0.6092113485449604,1.0248908296503882
books,interaction_count,0.20284135753749014,0.6126019351697702,1.0248908296503882
books,interaction_count,0.2062065363788791,0.6158820510493563,0.9736462881678689
books,interaction_count,0.2096247256220869,0.619210158318261,0.9736462881678689
books,interaction_count,0.21310181531176006,0.622595613788238,0.9736462881678689
books,interaction_count,0.21663584209968312,0.6260365058525852,0.9736462881678689
books,interaction_count,0.22022680598585603,0.6294268912556369,0.9224017466853495
books,interaction_count,0.22387863366670985,0.6327953434870504,0.9224017466853495
books,interaction_count,0.2275913251422446,0.6362199365889873,0.9224017466853495
books,interaction_count,0.2313668437606757,0.6397024815572713,0.9224017466853495
books,interaction_count,0.23520322617378772,0.6432411673960787,0.9224017466853495
books,interaction_count,0.23910243572979617,0.646652580472857,0.8711572052028301
books,interaction_count,0.24306839912513203,0.6501075580602745,0.8711572052028301
books,interaction_count,0.24709915301157984,0.6536189783508529,0.8711572052028301
books,interaction_count,0.2511966607373551,0.6571885517295363,0.8711572052028301
books,interaction_count,0.2553609223024577,0.6608162781963246,0.8711572052028301
books,interaction_count,0.25959586440331883,0.6642992256081248,0.8199126637203107
books,interaction_count,0.26390148703993843,0.6678294601330901,0.8199126637203107
books,interaction_count,0.26827779021231646,0.6714176465244022,0.8199126637203107
books,interaction_count,0.2727267372686685,0.6750653945561265,0.8199126637203107
books,interaction_count,0.2772483282089945,0.6787727042282627,0.8199126637203107
books,interaction_count,0.2818464897297255,0.6823801072974781,0.7686681222377912
books,interaction_count,0.286519258482646,0.6859719156804369,0.7686681222377912
books,interaction_count,0.291270561164187,0.6896240905908404,0.7686681222377912
books,interaction_count,0.2961003977743485,0.6933366320286886,0.7686681222377912
books,interaction_count,0.301010731661346,0.6971110491571676,0.7686681222377912
books,interaction_count,0.30600352617339505,0.7009114238924478,0.7174235807552718
books,interaction_count,0.31107681796228015,0.704551123053846,0.7174235807552718
books,interaction_count,0.31623649707264784,0.7082527985167542,0.7174235807552718
books,interaction_count,0.3214806001562825,0.7120150417288652,0.7174235807552718
books,interaction_count,0.3268110905613998,0.715839261242486,0.7174235807552718
books,interaction_count,0.3322299316362151,0.7197268656099238,0.7174235807552718
books,interaction_count,0.3377390867289441,0.7236211102953805,0.6661790392727525
books,interaction_count,0.3433405191878021,0.7273526671893737,0.6661790392727525
books,interaction_count,0.34903422901278924,0.7311456973304815,0.6661790392727525
books,interaction_count,0.35482217955212103,0.7350015086601317,0.6661790392727525
books,interaction_count,0.36070437080579737,0.7389201011783244,0.6661790392727525
books,interaction_count,0.3666866928184649,0.7429053987093435,0.6661790392727525
books,interaction_count,0.3727671822419081,0.746956093311761,0.6661790392727525
books,interaction_count,0.3789497657725579,0.7507983221727362,0.614934497790233
books,interaction_count,0.38523248006219885,0.7546617799291961,0.614934497790233
books,interaction_count,0.39162121515547754,0.7585904335352962,0.614934497790233
books,interaction_count,0.39811597105239394,0.7625842829910366,0.614934497790233
books,interaction_count,0.40471674775294797,0.7666433282964173,0.614934497790233
books,interaction_count,0.41142747195357077,0.770769984112536,0.614934497790233
books,interaction_count,0.4182501070024777,0.7748907038867894,0.5636899563077136
books,interaction_count,0.4251866162478845,0.7788007444802608,0.5636899563077136
books,interaction_count,0.43223699968979096,0.7827749748145817,0.5636899563077136
books,interaction_count,0.43940518402462825,0.7868156083290917,0.5636899563077136
books,interaction_count,0.44669116925239627,0.790922645023791,0.5636899563077136
books,interaction_count,0.4540988820695261,0.7950982983380189,0.5636899563077136
books,interaction_count,0.4616283224760177,0.7993425682717757,0.5636899563077136
books,interaction_count,0.46928341716830213,0.8035880455360814,0.5124454148251941
books,interaction_count,0.4770661294945949,0.8075762607825937,0.5124454148251941
books,interaction_count,0.484976459454896,0.8116298731005044,0.5124454148251941
books,interaction_count,0.4930183337456365,0.8157508947073949,0.5124454148251941
books,interaction_count,0.5011956790632472,0.8199413378208469,0.5124454148251941
books,interaction_count,0.509506532059513,0.8242001963320694,0.5124454148251941
books,interaction_count,0.5179548194308646,0.8285294824586441,0.5124454148251941
books,interaction_count,0.5265444678737331,0.8329312084181525,0.5124454148251941
books,interaction_count,0.5352754773881186,0.8370936817072218,0.46120087334267473
books,interaction_count,0.544151774670452,0.8411874377658831,0.46120087334267473
books,interaction_count,0.5531753230689489,0.8453491061679198,0.46120087334267473
books,interaction_count,0.5623480859318247,0.8495795924112434,0.46120087334267473
books,interaction_count,0.5716739899555106,0.8538807074916772,0.46120087334267473
books,interaction_count,0.5811530351400064,0.8582524514092214,0.46120087334267473
books,interaction_count,0.5907911115299588,0.8626975406576108,0.46120087334267473
books,interaction_count,0.6005882191253676,0.8672159752368456,0.46120087334267473
books,interaction_count,0.6105463212744486,0.8714366016140198,0.40995633186015534
books,interaction_count,0.6206713080218481,0.8755874040411165,0.40995633186015534
books,interaction_count,0.6309631793675663,0.8798066218659837,0.40995633186015534
books,interaction_count,0.641425862008034,0.8840958648626868,0.40995633186015534
books,interaction_count,0.6520632826396824,0.8884567428052909,0.40995633186015534
books,interaction_count,0.6628754412625114,0.8928892556937961,0.40995633186015534
books,interaction_count,0.6738682279211676,0.8973958181892999,0.40995633186015534
books,interaction_count,0.6850436059638665,0.9019772351788353,0.40995633186015534
books,interaction_count,0.6964035387388237,0.9063894246697675,0.3587117903776359
books,interaction_count,0.7079499895942545,0.9105312727286264,0.3587117903776359
books,interaction_count,0.7196908119230211,0.9147428441266839,0.3587117903776359
books,interaction_count,0.7316240423769079,0.9190234345877867,0.3587117903776359
books,interaction_count,0.743757534348777,0.9233758612165485,0.3587117903776359
books,interaction_count,0.7560912878386284,0.9278001240129695,0.3587117903776359
books,interaction_count,0.7686292295428933,0.9322976315293567,0.3587117903776359
books,interaction_count,0.7813752861580024,0.9368697923180173,0.3587117903776359
books,interaction_count,0.7943314210321715,0.9415173106551046,0.3587117903776359
books,interaction_count,0.8075035242100469,0.9456134813748638,0.3074672488951165
books,interaction_count,0.8208935590398442,0.9497304785465913,0.3074672488951165
books,interaction_count,0.83450741556621,0.9539162935596058,0.3074672488951165
books,interaction_count,0.8483450937891442,0.9581709264139073,0.3074672488951165
books,interaction_count,0.8624124837532935,0.9624961881053191,0.3074672488951165
books,interaction_count,0.8767135121550887,0.96689328596439,0.3074672488951165
books,interaction_count,0.8912521056909611,0.971363427321669,0.3074672488951165
books,interaction_count,0.9060321910573416,0.9759078195077049,0.3074672488951165
books,interaction_count,0.9210557316024456,0.9797726858164719,0.25622270741259706
books,interaction_count,0.9363305807191352,0.983686449012469,0.25622270741259706
books,interaction_count,0.9518567384074105,0.9876646031710739,0.25622270741259706
books,interaction_count,0.9676400947119179,0.9917086574554724,0.25622270741259706
books,interaction_count,0.9836865396773041,0.9958201210288509,0.25622270741259706
books,interaction_count,1.0,1.0,0.25622270741259706
clothing,interaction_count,2.549069589599796e-05,0.0006469600293634581,25.380241951928458
clothing,interaction_count,5.098139179199592e-05,0.0011826948387790436,21.016876573373423
clothing,interaction_count,7.647208768799388e-05,0.0016980383578708528,20.216926253971668
clothing,interaction_count,0.00010196278358399184,0.0022059668622994703,19.926035228734662
clothing,interaction_count,0.0001274534794799898,0.0026860890617411196,18.835193884095904
clothing,interaction_count,0.00015294417537598776,0.0031606500001853752,18.617025615168153
clothing,interaction_count,0.00017843487127198573,0.003605550879976865,17.453461514220145
clothing,interaction_count,0.00020392556716798368,0.004022645454781387,16.362620169581383
clothing,interaction_count,0.00022941626306398165,0.004387834926943568,14.326382992922367
clothing,interaction_count,0.0002549069589599796,0.004747463138108356,14.108214723994616
clothing,interaction_count,0.00028039765485597754,0.005105237595607345,14.035491967685365
clothing,interaction_count,0.0003058883507519755,0.0054593045457747395,13.890046455066864
clothing,interaction_count,0.0003313790466479735,0.00580781023494474,13.671878186139113
clothing,interaction_count,0.00035686974254397146,0.006154462170448942,13.599155429829862
clothing,interaction_count,0.00038236043843996943,0.006484430322960964,12.944650623046606
clothing,interaction_count,0.00040785113433596735,0.006812544721807187,12.871927866737355
clothing,interaction_count,0.0004333418302319653,0.007138805366987613,12.799205110428105
clothing,interaction_count,0.0004588325261279633,0.007465066012168039,12.799205110428105
clothing,interaction_count,0.0004843232220239613,0.007789472903682667,12.726482354118854
clothing,interaction_count,0.0005098139179199592,0.008104611026868306,12.362868572572602
clothing,interaction_count,0.0005353046138159572,0.008382674076737987,10.90841344638759
clothing,interaction_count,0.0005607953097119551,0.00865888337294187,10.835690690078339
clothing,interaction_count,0.0005862860056079531,0.008927677654482562,10.544799664841337
clothing,interaction_count,0.000611776701503951,0.009194618182357455,10.472076908532086
clothing,interaction_count,0.0006372673973999491,0.009457851202900753,10.326631395913585
clothing,interaction_count,0.000662758093295947,0.009717376716112456,10.181185883295084
clothing,interaction_count,0.0006882487891919449,0.009971340968326765,9.963017614367331
clothing,interaction_count,0.0007137394850879429,0.01021974395954368,9.74484934543958
clothing,interaction_count,0.0007392301809839408,0.010466293197094797,9.672126589130329
clothing,interaction_count,0.0007647208768799389,0.01070913492731432,9.526681076511828
clothing,interaction_count,0.0007902115727759368,0.010950122903868043,9.453958320202577
clothing,interaction_count,0.0008157022686719347,0.01117998835842698,9.017621782347074
clothing,interaction_count,0.0008411929645679327,0.011408000059320118,8.944899026037824
clothing,interaction_count,0.0008666836604639307,0.011634158006547457,8.872176269728573
clothing,interaction_count,0.0008921743563599286,0.011860315953774798,8.872176269728573
clothing,interaction_count,0.0009176650522559266,0.012084620147336342,8.799453513419323
clothing,interaction_count,0.0009431557481519245,0.012308924340897883,8.799453513419323
clothing,interaction_count,0.0009686464440479225,0.012531374780793629,8.726730757110072
clothing,interaction_count,0.0009941371399439206,0.012750117713357777,8.581285244491571
clothing,interaction_count,0.0010196278358399185,0.012968860645921928,8.581285244491571
clothing,interaction_count,0.0010451185317359164,0.013180188563822885,8.290394219254567
clothing,interaction_count,0.0010706092276319143,0.013391516481723842,8.290394219254567
clothing,interaction_count,0.0010960999235279122,0.013600990645959002,8.217671462945317
clothing,interaction_count,0.0011215906194239102,0.013810464810194161,8.217671462945317
clothing,interaction_count,0.0011470813153199083,0.014018085220763523,8.144948706636066
clothing,interaction_count,0.0011725720112159062,0.014223851877667087,8.072225950326816
clothing,interaction_count,0.0011980627071119041,0.014429618534570652,8.072225950326816
clothing,interaction_count,0.001223553403007902,0.01463167768414262,7.926780437708315
clothing,interaction_count,0.0012490440989039,0.014833736833714589,7.926780437708315
clothing,interaction_count,0.0012745347947998981,0.01503394222962076,7.854057681399064
clothing,interaction_count,0.001300025490695896,0.015234147625526929,7.854057681399064
clothing,interaction_count,0.001325516186591894,0.015432499267767302,7.781334925089814
clothing,interaction_count,0.0013510068824878919,0.015630850910007675,7.781334925089814
clothing,interaction_count,0.0013764975783838898,0.015829202552248046,7.781334925089814
clothing,interaction_count,0.001401988274279888,0.016025700440822622,7.708612168780563
clothing,interaction_count,0.0014274789701758858,0.016220344575731398,7.635889412471313
clothing,interaction_count,0.0014529696660718838,0.016413134956974378,7.563166656162062
clothing,interaction_count,0.0014784603619678817,0.016604071584551558,7.490443899852812
clothing,interaction_count,0.0015039510578638796,0.016793154458462942,7.417721143543561
clothing,interaction_count,0.0015294417537598777,0.016982237332374323,7.417721143543561
clothing,interaction_count,0.0015549324496558757,0.017171320206285708,7.417721143543561
clothing,interaction_count,0.0015804231455518736,0.017360403080197092,7.417721143543561
clothing,interaction_count,0.0016059138414478715,0.017547632200442677,7.34499838723431
clothing,interaction_count,0.0016314045373438694,0.017733007567022462,7.272275630925059
clothing,interaction_count,0.0016568952332398675,0.01791838293360225,7.272275630925059
clothing,interaction_count,0.0016823859291358655,0.01810190454651624,7.199552874615809
clothing,interaction_count,0.0017078766250318634,0.018283572405764434,7.126830118306558
clothing,interaction_count,0.0017333673209278613,0.018463386511346828,7.054107361997308
clothing,interaction_count,0.0017588580168238592,0.018641346863263422,6.981384605688057
clothing,interaction_count,0.0017843487127198571,0.018819307215180017,6.981384605688057
clothing,interaction_count,0.0018098394086158553,0.018995413813430815,6.908661849378807
clothing,interaction_count,0.0018353301045118532,0.019169666658015817,6.835939093069556
clothing,interaction_count,0.0018608208004078511,0.019343919502600816,6.835939093069556
clothing,interaction_count,0.001886311496303849,0.019518172347185815,6.835939093069556
clothing,interaction_count,0.001911802192199847,0.019692425191770817,6.835939093069556
clothing,interaction_count,0.001937292888095845,0.019866678036355816,6.835939093069556
clothing,interaction_count,0.001962783583991843,0.02003907712727502,6.763216336760306
clothing,interaction_count,0.001988274279887841,0.020209622464528423,6.690493580451055
clothing,interaction_count,0.002013764975783839,0.02038016780178183,6.690493580451055
clothing,interaction_count,0.002064746367575835,0.020721258476288636,6.690493580451055
clothing,interaction_count,0.002090237063471833,0.02089180381354204,6.690493580451055
clothing,interaction_count,0.0021157277593678307,0.021060495397129647,6.617770824141805
clothing,interaction_count,0.0021412184552638287,0.021229186980717255,6.617770824141805
clothing,interaction_count,0.0021667091511598266,0.021397878564304862,6.617770824141805
clothing,interaction_count,0.0021921998470558245,0.02156471639422667,6.545048067832553
clothing,interaction_count,0.0022176905429518224,0.021731554224148478,6.545048067832553
clothing,interaction_count,0.0022431812388478203,0.021898392054070286,6.545048067832553
clothing,interaction_count,0.0022941626306398166,0.022232067713913905,6.545048067832553
clothing,interaction_count,0.0023196533265358145,0.022398905543835713,6.545048067832553
clothing,interaction_count,0.0023451440224318124,0.022563889620091725,6.472325311523303
clothing,interaction_count,0.0023706347183278104,0.022728873696347733,6.472325311523303
clothing,interaction_count,0.002421616110119806,0.023058841848859757,6.472325311523303
clothing,interaction_count,0.002447106806015804,0.02322197217144997,6.399602555214052
clothing,interaction_count,0.002472597501911802,0.02338510249404018,6.399602555214052
clothing,interaction_count,0.0024980881978078,0.023546379062964598,6.326879798904802
clothing,interaction_count,0.0025490695895997962,0.023868932200813427,6.326879798904802
clothing,interaction_count,0.002574560285495794,0.024030208769737844,6.326879798904802
clothing,interaction_count,0.002600050981391792,0.024191485338662257,6.326879798904802
clothing,interaction_count,0.002651032373183788,0.024514038476511086,6.326879798904802
clothing,interaction_count,0.002676523069079786,0.024675315045435502,6.326879798904802
clothing,interaction_count,0.0027275044608717817,0.02499786818328433,6.326879798904802
clothing,interaction_count,0.0027529951567677796,0.025159144752208748,6.326879798904802
clothing,interaction_count,0.002778485852663778,0.025318567567467365,6.254157042595551
clothing,interaction_count,0.0028294672444557738,0.0256374131979846,6.254157042595551
clothing,interaction_count,0.0028549579403517717,0.025796836013243216,6.254157042595551
clothing,interaction_count,0.0029059393321437675,0.02611568164376045,6.254157042595551
clothing,interaction_count,0.0029314300280397654,0.026275104459019066,6.254157042595551
clothing,interaction_count,0.0029824114198317613,0.026592096335870504,6.181434286286301
clothing,interaction_count,0.003007902115727759,0.026749665397463325,6.181434286286301
clothing,interaction_count,0.0030588835075197555,0.027064803520648963,6.181434286286301
clothing,interaction_count,0.0031098648993117513,0.027378087890168802,6.10871152997705
clothing,interaction_count,0.0031353555952077492,0.027533803198095824,6.10871152997705
clothing,interaction_count,0.003186336986999745,0.027845233813949866,6.10871152997705
clothing,interaction_count,0.003237318378791741,0.028152956922472314,6.0359887736678
clothing,interaction_count,0.003262809074687739,0.02830681847673354,6.0359887736678
clothing,interaction_count,0.003313790466479735,0.02861083407792439,5.963266017358549
clothing,interaction_count,0.003364771858271731,0.02891484967911524,5.963266017358549
clothing,interaction_count,0.0034157532500637268,0.02921886528030609,5.963266017358549
clothing,interaction_count,0.0034412439459597247,0.029370873080901517,5.963266017358549
clothing,interaction_count,0.0034922253377517205,0.029673034928426573,5.890543261049299
clothing,interaction_count,0.0035432067295437164,0.029973343022285825,5.890543261049299
clothing,interaction_count,0.0035941881213357126,0.030273651116145082,5.890543261049299
clothing,interaction_count,0.0036451695131277085,0.030573959210004338,5.890543261049299
clothing,interaction_count,0.0036961509049197043,0.030872413550197795,5.817820504740048
clothing,interaction_count,0.0037471322967117,0.031169014136725456,5.817820504740048
clothing,interaction_count,0.003798113688503696,0.03146561472325311,5.817820504740048
clothing,interaction_count,0.003823604384399694,0.03161391501651695,5.817820504740048
clothing,interaction_count,0.003900076472087688,0.03205325463531104,5.745097748430797
clothing,interaction_count,0.003951057863879684,0.032346147714507105,5.745097748430797
clothing,interaction_count,0.00400203925567168,0.03263904079370317,5.745097748430797
clothing,interaction_count,0.004053020647463676,0.032930080119233436,5.672374992121546
clothing,interaction_count,0.0041040020392556715,0.033219265691097906,5.672374992121546
clothing,interaction_count,0.004154983431047667,0.033508451262962376,5.672374992121546
clothing,interaction_count,0.004205964822839663,0.033795783081161046,5.599652235812296
clothing,interaction_count,0.00425694621463166,0.03408126114569392,5.599652235812296
clothing,interaction_count,0.004333418302319653,0.03450947824249322,5.599652235812296
clothing,interaction_count,0.004384399694111649,0.0347931025533603,5.526929479503045
clothing,interaction_count,0.004435381085903645,0.03507487311056157,5.526929479503045
clothing,interaction_count,0.004486362477695641,0.03535664366776285,5.526929479503045
clothing,interaction_count,0.004562834565383635,0.03577929950356477,5.526929479503045
clothing,interaction_count,0.004613815957175631,0.036061070060766046,5.526929479503045
clothing,interaction_count,0.004690288044863625,0.03648001838923636,5.454206723193795
clothing,interaction_count,0.004741269436655621,0.03675808143910605,5.454206723193795
clothing,interaction_count,0.004817741524343615,0.03717332226024477,5.381483966884544
clothing,interaction_count,0.004868722916135611,0.03744767780278285,5.381483966884544
clothing,interaction_count,0.004945195003823604,0.037859211116589984,5.381483966884544
clothing,interaction_count,0.0049961763956156,0.038133566659128065,5.381483966884544
clothing,interaction_count,0.005072648483303594,0.038539538711937806,5.308761210575294
clothing,interaction_count,0.005149120570991588,0.03894551076474754,5.308761210575294
clothing,interaction_count,0.005200101962783584,0.03921615879995403,5.308761210575294
clothing,interaction_count,0.0052765740504715775,0.03961656959176637,5.236038454266043
clothing,interaction_count,0.005353046138159572,0.04001698038357871,5.236038454266043
clothing,interaction_count,0.005429518225847566,0.040411829914393654,5.163315697956793
clothing,interaction_count,0.005480499617639562,0.04067506293493695,5.163315697956793
clothing,interaction_count,0.005556971705327556,0.0410699124657519,5.163315697956793
clothing,interaction_count,0.005633443793015549,0.041464761996566846,5.163315697956793
clothing,interaction_count,0.005709915880703543,0.041857757773715996,5.090592941647542
clothing,interaction_count,0.005786387968391537,0.04224704604353355,5.090592941647542
clothing,interaction_count,0.005862860056079531,0.04263448055968531,5.017870185338291
clothing,interaction_count,0.005939332143767525,0.04301820756850547,5.017870185338291
clothing,interaction_count,0.006015804231455518,0.04340193457732563,5.017870185338291
clothing,interaction_count,0.006092276319143513,0.04378566158614579,5.017870185338291
clothing,interaction_count,0.006194239102727504,0.0442935900905744,4.94514742902904
clothing,interaction_count,0.0062707111904154985,0.04467175583839717,4.94514742902904
clothing,interaction_count,0.006347183278103493,0.04504992158621993,4.94514742902904
clothing,interaction_count,0.006449146061687484,0.045550435075985364,4.87242467271979
clothing,interaction_count,0.006525618149375478,0.045923039562810734,4.87242467271979
clothing,interaction_count,0.006602090237063472,0.04629564404963611,4.87242467271979
clothing,interaction_count,0.0067040530206474635,0.046790596278404144,4.799701916410539
clothing,interaction_count,0.006780525108335458,0.04715763950423212,4.799701916410539
clothing,interaction_count,0.006882487891919449,0.047647030472002756,4.799701916410539
clothing,interaction_count,0.006958959979607444,0.048014073697830735,4.799701916410539
clothing,interaction_count,0.007060922763191435,0.048499757158269784,4.726979160101289
clothing,interaction_count,0.007162885546775427,0.048981733111377226,4.726979160101289
clothing,interaction_count,0.007264848330359419,0.049463709064484676,4.726979160101289
clothing,interaction_count,0.007341320418047413,0.049819629768317865,4.654256403792038
clothing,interaction_count,0.0074432832016314045,0.050294190706762124,4.654256403792038
clothing,interaction_count,0.007545245985215396,0.050768751645206375,4.654256403792038
clothing,interaction_count,0.007647208768799388,0.051243312583650634,4.654256403792038
clothing,interaction_count,0.00774917155238338,0.051712312261097494,4.581533647482788
clothing,interaction_count,0.007851134335967371,0.05217945818487856,4.581533647482788
clothing,interaction_count,0.007953097119551365,0.05264660410865962,4.581533647482788
clothing,interaction_count,0.008055059903135356,0.05311375003244069,4.581533647482788
clothing,interaction_count,0.008182513382615345,0.05369397492983542,4.508810891173537
clothing,interaction_count,0.008284476166199338,0.0541537058389533,4.508810891173537
clothing,interaction_count,0.00838643894978333,0.05461343674807117,4.508810891173537
clothing,interaction_count,0.00851389242926332,0.05518439287713692,4.436088134864287
clothing,interaction_count,0.008615855212847311,0.055636708771591596,4.436088134864287
clothing,interaction_count,0.008743308692327301,0.056202103639659946,4.436088134864287
clothing,interaction_count,0.008845271475911293,0.05665441953411463,4.436088134864287
clothing,interaction_count,0.008972724955391281,0.057214253141185584,4.363365378555036
clothing,interaction_count,0.009074687738975275,0.05765915402097708,4.363365378555036
clothing,interaction_count,0.009202141218455263,0.05821528012071644,4.363365378555036
clothing,interaction_count,0.009329594697935253,0.0587714062204558,4.363365378555036
clothing,interaction_count,0.009457048177415243,0.059325678566529365,4.290642622245786
clothing,interaction_count,0.009584501656895233,0.05987253589793974,4.290642622245786
clothing,interaction_count,0.009711955136375223,0.06041939322935011,4.290642622245786
clothing,interaction_count,0.009839408615855213,0.06096439680709469,4.217919865936534
clothing,interaction_count,0.009966862095335203,0.06150198537017607,4.217919865936534
clothing,interaction_count,0.010094315574815193,0.06203957393325745,4.217919865936534
clothing,interaction_count,0.01024725975019118,0.06268468020895511,4.217919865936534
clothing,interaction_count,0.01037471322967117,0.0632222687720365,4.217919865936534
clothing,interaction_count,0.01050216670915116,0.06375614982778628,4.145197109627284
clothing,interaction_count,0.010655110884527148,0.06439013358148915,4.145197109627284
clothing,interaction_count,0.010808055059903135,0.06502411733519203,4.145197109627284
clothing,interaction_count,0.010935508539383125,0.06555243712994442,4.145197109627284
clothing,interaction_count,0.011088452714759113,0.06617715211531831,4.072474353318033
clothing,interaction_count,0.0112413968901351,0.0668000133470264,4.072474353318033
clothing,interaction_count,0.011394341065511088,0.06742287457873448,4.072474353318033
clothing,interaction_count,0.011547285240887077,0.06804017454944516,3.9997515970087827
clothing,interaction_count,0.011700229416263063,0.06865191325915847,3.9997515970087827
clothing,interaction_count,0.011853173591639052,0.06926365196887177,3.9997515970087827
clothing,interaction_count,0.01200611776701504,0.06986797566392187,3.927028840699532
clothing,interaction_count,0.012159061942391027,0.07046859185164038,3.927028840699532
clothing,interaction_count,0.012337496813663014,0.07116931073731199,3.927028840699532
clothing,interaction_count,0.012490440989039,0.0717699269250305,3.927028840699532
clothing,interaction_count,0.012668875860310987,0.0724650845497047,3.8543060843902817
clothing,interaction_count,0.012821820035686974,0.07305457821542842,3.8543060843902817
clothing,interaction_count,0.01300025490695896,0.07374232082543944,3.8543060843902817
clothing,interaction_count,0.013178689778230945,0.07443006343545044,3.8543060843902817
clothing,interaction_count,0.013357124649502932,0.07511224478446406,3.781583328081031
clothing,interaction_count,0.013535559520774917,0.07578701111881449,3.781583328081031
clothing,interaction_count,0.013713994392046902,0.07646177745316492,3.781583328081031
clothing,interaction_count,0.013892429263318889,0.07713654378751535,3.781583328081031
clothing,interaction_count,0.014070864134590874,0.07781131012186576,3.781583328081031
clothing,interaction_count,0.01424929900586286,0.07847866144155301,3.7088605717717806
clothing,interaction_count,0.014453224573030844,0.07923499293719853,3.7088605717717806
clothing,interaction_count,0.014631659444302829,0.07989678299588837,3.7088605717717806
clothing,interaction_count,0.014835585011470814,0.08065311449153391,3.7088605717717806
clothing,interaction_count,0.015039510578638797,0.08140203097251625,3.6361378154625297
clothing,interaction_count,0.01524343614580678,0.0821435324388354,3.6361378154625297
clothing,interaction_count,0.015447361712974764,0.08288503390515455,3.6361378154625297
clothing,interaction_count,0.01565128728014275,0.0836265353714737,3.6361378154625297
clothing,interaction_count,0.015855212847310732,0.08436803683779284,3.6361378154625297
clothing,interaction_count,0.016059138414478716,0.0851039770431146,3.563415059153279
clothing,interaction_count,0.016288554677542696,0.08592148240973146,3.563415059153279
clothing,interaction_count,0.01649248024471068,0.08664815384672424,3.563415059153279
clothing,interaction_count,0.016721896507774663,0.0874656592133411,3.563415059153279
clothing,interaction_count,0.016951312770838643,0.08827389581162896,3.4906923028440286
clothing,interaction_count,0.017155238338006626,0.08898573721929535,3.4906923028440286
clothing,interaction_count,0.01738465460107061,0.08978655880292004,3.4906923028440286
clothing,interaction_count,0.01763956156003059,0.09066523804050823,3.417969546534778
clothing,interaction_count,0.01786897782309457,0.09144937584114073,3.417969546534778
clothing,interaction_count,0.018098394086158553,0.09223351364177322,3.417969546534778
clothing,interaction_count,0.018353301045118533,0.09310477786469823,3.417969546534778
clothing,interaction_count,0.018582717308182513,0.09388891566533072,3.417969546534778
clothing,interaction_count,0.018837624267142493,0.09475647238092413,3.3452467902255276
clothing,interaction_count,0.019092531226102473,0.09560919906719116,3.3452467902255276
clothing,interaction_count,0.019347438185062453,0.09646192575345817,3.3452467902255276
clothing,interaction_count,0.019602345144022433,0.0973146524397252,3.3452467902255276
clothing,interaction_count,0.019857252102982413,0.09816737912599222,3.3452467902255276
clothing,interaction_count,0.02011215906194239,0.09901269079759606,3.2725240339162767
clothing,interaction_count,0.02039255671679837,0.099930298862166,3.2725240339162767
clothing,interaction_count,0.020672954371654347,0.10084790692673595,3.2725240339162767
clothing,interaction_count,0.020927861330614327,0.10168209607634499,3.2725240339162767
clothing,interaction_count,0.021208258985470303,0.10259785038724914,3.199801277607026
clothing,interaction_count,0.02151414733622228,0.10357663232279042,3.199801277607026
clothing,interaction_count,0.021794544991078257,0.1044738490970366,3.199801277607026
clothing,interaction_count,0.022074942645934233,0.10537106587128275,3.199801277607026
clothing,interaction_count,0.02238083099668621,0.10634428654582664,3.1270785212977756
clothing,interaction_count,0.022661228651542187,0.10722111202974904,3.1270785212977756
clothing,interaction_count,0.022967117002294164,0.10817764892130075,3.1270785212977756
clothing,interaction_count,0.023273005353046137,0.10913418581285245,3.1270785212977756
clothing,interaction_count,0.023578893703798114,0.11009072270440415,3.1270785212977756
clothing,interaction_count,0.023910272750446087,0.11112697100358516,3.1270785212977756
clothing,interaction_count,0.024216161101198064,0.11207053161947628,3.054355764988525
clothing,interaction_count,0.024547540147846037,0.11308268112100192,3.054355764988525
clothing,interaction_count,0.02487891919449401,0.11409483062252755,3.054355764988525
clothing,interaction_count,0.025210298241141984,0.1151069801240532,3.054355764988525
clothing,interaction_count,0.025541677287789957,0.11611912962557884,3.054355764988525
clothing,interaction_count,0.02587305633443793,0.11711274159044649,2.9816330086792746
clothing,interaction_count,0.0262299260769819,0.11817679619461448,2.9816330086792746
clothing,interaction_count,0.026586795819525874,0.11924085079878245,2.9816330086792746
clothing,interaction_count,0.026943665562069844,0.12030490540295044,2.9816330086792746
clothing,interaction_count,0.027300535304613818,0.12136896000711841,2.9816330086792746
clothing,interaction_count,0.027657405047157788,0.12242003833562581,2.908910252370024
clothing,interaction_count,0.028014274789701758,0.12345814038847262,2.908910252370024
clothing,interaction_count,0.028396635228141728,0.12457039258795134,2.908910252370024
clothing,interaction_count,0.028778995666581698,0.12568264478743008,2.908910252370024
clothing,interaction_count,0.029161356105021668,0.1267948969869088,2.908910252370024
clothing,interaction_count,0.029543716543461638,0.12789973417172432,2.836187496060773
clothing,interaction_count,0.029951567677797605,0.1290564764591822,2.836187496060773
clothing,interaction_count,0.030333928116237575,0.13014092235367394,2.836187496060773
clothing,interaction_count,0.03074177925057354,0.13129766464113182,2.836187496060773
clothing,interaction_count,0.031149630384909508,0.1324544069285897,2.836187496060773
clothing,interaction_count,0.031582972215141475,0.1336760305943505,2.7634647397515226
clothing,interaction_count,0.03199082334947744,0.1348031128231556,2.7634647397515226
clothing,interaction_count,0.032424165179709405,0.13600063769126103,2.7634647397515226
clothing,interaction_count,0.03285750700994137,0.13719816255936645,2.7634647397515226
clothing,interaction_count,0.03329084884017334,0.13839568742747188,2.7634647397515226
clothing,interaction_count,0.0337241906704053,0.1395932122955773,2.7634647397515226
clothing,interaction_count,0.03418302319653327,0.1408333734979961,2.690741983442272
clothing,interaction_count,0.03464185572266123,0.1420679734394175,2.690741983442272
clothing,interaction_count,0.03510068824878919,0.14330257338083885,2.690741983442272
clothing,interaction_count,0.035559520774917155,0.14453717332226024,2.690741983442272
clothing,interaction_count,0.03604384399694112,0.14584036214931614,2.690741983442272
clothing,interaction_count,0.036528167218965076,0.1471194521787167,2.6180192271330216
clothing,interaction_count,0.03701249044098904,0.14838741968612243,2.6180192271330216
clothing,interaction_count,0.037496813663013,0.14965538719352817,2.6180192271330216
clothing,interaction_count,0.03800662758093296,0.15099008983290266,2.6180192271330216
clothing,interaction_count,0.038516441498852916,0.15232479247227712,2.6180192271330216
clothing,interaction_count,0.039026255416772876,0.15365949511165158,2.6180192271330216
clothing,interaction_count,0.039536069334692836,0.15495712267771009,2.545296470823771
clothing,interaction_count,0.04007137394850879,0.15631963162207152,2.545296470823771
clothing,interaction_count,0.04060667856232475,0.15768214056643298,2.545296470823771
clothing,interaction_count,0.041141983176140706,0.15904464951079442,2.545296470823771
clothing,interaction_count,0.041702778485852667,0.1604572098041324,2.47257371451452
clothing,interaction_count,0.04223808309966862,0.16178078992151207,2.47257371451452
clothing,interaction_count,0.04279887840938058,0.1631673976635289,2.47257371451452
clothing,interaction_count,0.04338516441498853,0.16461703303018282,2.47257371451452
clothing,interaction_count,0.04397145042059648,0.16606666839683676,2.47257371451452
clothing,interaction_count,0.04455773642620443,0.1674996199804985,2.3998509582052696
clothing,interaction_count,0.04514402243181239,0.1689066190128391,2.3998509582052696
clothing,interaction_count,0.04573030843742034,0.1703136180451797,2.3998509582052696
clothing,interaction_count,0.046342085138924294,0.1717817909484916,2.3998509582052696
clothing,interaction_count,0.046979352536324244,0.17331113772277484,2.3998509582052696
clothing,interaction_count,0.04759112923782819,0.17477931062608676,2.3998509582052696
clothing,interaction_count,0.04822839663522814,0.17630865740037002,2.3998509582052696
clothing,interaction_count,0.04886566403262809,0.1777935140866741,2.327128201896019
clothing,interaction_count,0.04952842212592404,0.17933583713661794,2.327128201896019
clothing,interaction_count,0.050191180219219984,0.18087816018656178,2.327128201896019
clothing,interaction_count,0.05085393831251593,0.1824204832365056,2.327128201896019
clothing,interaction_count,0.051542187101707874,0.18402212640375495,2.327128201896019
clothing,interaction_count,0.052230435890899825,0.18562376957100432,2.327128201896019
clothing,interaction_count,0.05291868468009177,0.18719575267960092,2.2544054455867686
clothing,interaction_count,0.05360693346928371,0.18874734449787375,2.2544054455867686
clothing,interaction_count,0.054346163650267655,0.19041386904342603,2.2544054455867686
clothing,interaction_count,0.055059903135355595,0.1920229272253386,2.2544054455867686
clothing,interaction_count,0.05579913331633954,0.19368945177089086,2.2544054455867686
clothing,interaction_count,0.056538363497323475,0.19535597631644316,2.2544054455867686
clothing,interaction_count,0.05727759367830742,0.1969946945570085,2.181682689277518
clothing,interaction_count,0.05804231455518736,0.19866307285622659,2.181682689277518
clothing,interaction_count,0.058832526127963296,0.2003870637654186,2.181682689277518
clothing,interaction_count,0.05962273770073923,0.20211105467461063,2.181682689277518
clothing,interaction_count,0.06041294927351517,0.20383504558380264,2.181682689277518
clothing,interaction_count,0.061203160846291106,0.20554976772466568,2.108959932968267
clothing,interaction_count,0.06201886311496304,0.2072700511265261,2.108959932968267
clothing,interaction_count,0.06286005607953098,0.20904409338469468,2.108959932968267
clothing,interaction_count,0.0637012490440989,0.21081813564286322,2.108959932968267
clothing,interaction_count,0.06454244200866684,0.2125921779010318,2.108959932968267
clothing,interaction_count,0.06540912566913076,0.2144199790155085,2.108959932968267
clothing,interaction_count,0.0662758093295947,0.2162440726226536,2.0362371766590166
clothing,interaction_count,0.06714249299005863,0.2180088461124932,2.0362371766590166
clothing,interaction_count,0.06806015804231455,0.21987742980761746,2.0362371766590166
clothing,interaction_count,0.06895233239867449,0.22169410840009937,2.0362371766590166
clothing,interaction_count,0.06986999745093041,0.22356269209522361,2.0362371766590166
clothing,interaction_count,0.07081315319908234,0.22548318089299021,2.0362371766590166
clothing,interaction_count,0.07175630894723425,0.22739069341509624,1.963514420349766
clothing,interaction_count,0.07269946469538618,0.2292425933272283,1.963514420349766
clothing,interaction_count,0.07366811113943411,0.23114454458833691,1.963514420349766
clothing,interaction_count,0.07466224827937802,0.23309654719842207,1.963514420349766
clothing,interaction_count,0.07565638541932194,0.23504854980850726,1.963514420349766
clothing,interaction_count,0.07665052255926587,0.23700055241859241,1.963514420349766
clothing,interaction_count,0.07769564109100179,0.23905265772663065,1.963514420349766
clothing,interaction_count,0.0787152689268417,0.24104915042469496,1.8907916640405156
clothing,interaction_count,0.07976038745857762,0.2430252518324355,1.8907916640405156
clothing,interaction_count,0.08083099668620954,0.24504955083548677,1.8907916640405156
clothing,interaction_count,0.08190160591384145,0.24707384983853806,1.8907916640405156
clothing,interaction_count,0.08299770583736936,0.2491463464369001,1.8907916640405156
clothing,interaction_count,0.08411929645679327,0.25126704063057287,1.8907916640405156
clothing,interaction_count,0.08521539638032118,0.2533395372289349,1.8907916640405156
clothing,interaction_count,0.0863624776956411,0.25550842901791837,1.8907916640405156
clothing,interaction_count,0.087509559010961,0.2575994631529384,1.8180689077312648
clothing,interaction_count,0.08868213102217691,0.25973127986860595,1.8180689077312648
clothing,interaction_count,0.08985470303339281,0.2618630965842735,1.8180689077312648
clothing,interaction_count,0.09105276574050472,0.264041257141586,1.8180689077312648
clothing,interaction_count,0.09227631914351261,0.26626576154054343,1.8180689077312648
clothing,interaction_count,0.09349987254652052,0.26849026593950087,1.8180689077312648
clothing,interaction_count,0.09474891664542442,0.2707611141801033,1.8180689077312648
clothing,interaction_count,0.09602345144022432,0.27304308494270046,1.7453461514220143
clothing,interaction_count,0.09729798623502421,0.2752675893416579,1.7453461514220143
clothing,interaction_count,0.09859801172572011,0.27753658382859453,1.7453461514220143
clothing,interaction_count,0.099898037216416,0.2798055783155311,1.7453461514220143
clothing,interaction_count,0.1012235534030079,0.28211906289044686,1.7453461514220143
clothing,interaction_count,0.10257456028549579,0.28447703755334175,1.7453461514220143
clothing,interaction_count,0.10395105786387969,0.2868795023042158,1.7453461514220143
clothing,interaction_count,0.10532755544226358,0.2892745520404267,1.6726233951127638
clothing,interaction_count,0.10672954371654346,0.29161955042766097,1.6726233951127638
clothing,interaction_count,0.10815702268671935,0.29400718514920865,1.6726233951127638
clothing,interaction_count,0.10960999235279123,0.29643745620506967,1.6726233951127638
clothing,interaction_count,0.11106296201886312,0.29886772726093064,1.6726233951127638
clothing,interaction_count,0.112541422380831,0.301340634651105,1.6726233951127638
clothing,interaction_count,0.11404537343869488,0.30385617837559276,1.6726233951127638
clothing,interaction_count,0.11557481519245476,0.3064143584343938,1.6726233951127638
clothing,interaction_count,0.11710425694621464,0.3088779970562392,1.599900638803513
clothing,interaction_count,0.1186591893958705,0.31136573447573995,1.599900638803513
clothing,interaction_count,0.12023961254142237,0.3138942544758882,1.599900638803513
clothing,interaction_count,0.12184552638287026,0.31646355705668405,1.599900638803513
clothing,interaction_count,0.12347693092021413,0.3190736422181275,1.599900638803513
clothing,interaction_count,0.12510833545755798,0.3216837273795709,1.599900638803513
clothing,interaction_count,0.12679072138669387,0.3243753777023094,1.599900638803513
clothing,interaction_count,0.12847310731582973,0.32705405174938734,1.5271778824942626
clothing,interaction_count,0.13018098394086158,0.32966228315716495,1.5271778824942626
clothing,interaction_count,0.13191435126178944,0.3323094433919243,1.5271778824942626
clothing,interaction_count,0.13367320927861331,0.3349955324536654,1.5271778824942626
clothing,interaction_count,0.13545755799133316,0.3377205503423883,1.5271778824942626
clothing,interaction_count,0.13726739739994903,0.3404844970580929,1.5271778824942626
clothing,interaction_count,0.13910272750446087,0.3432873726007793,1.5271778824942626
clothing,interaction_count,0.14096354830486874,0.3461291769704475,1.5271778824942626
clothing,interaction_count,0.14282436910527657,0.3489709813401156,1.5271778824942626
clothing,interaction_count,0.14473617129747643,0.3517775643901336,1.454455126185012
clothing,interaction_count,0.14667346418557226,0.35459526996214635,1.454455126185012
clothing,interaction_count,0.1486107570736681,0.3574129755341591,1.454455126185012
clothing,interaction_count,0.15059903135355596,0.3603048312528038,1.454455126185012
clothing,interaction_count,0.1526127963293398,0.36323376204476443,1.454455126185012
clothing,interaction_count,0.15465205200101964,0.36619976791004105,1.454455126185012
clothing,interaction_count,0.15669130767269945,0.3691657737753176,1.454455126185012
clothing,interaction_count,0.1587815447361713,0.37220592978722616,1.454455126185012
clothing,interaction_count,0.16089727249553912,0.3752201332478135,1.3817323698757613
clothing,interaction_count,0.16306398164669894,0.37821394541807707,1.3817323698757613
clothing,interaction_count,0.1652306907978588,0.38120775758834063,1.3817323698757613
clothing,interaction_count,0.1674228906449146,0.38423679107825437,1.3817323698757613
clothing,interaction_count,0.16966607188376243,0.3873362672074684,1.3817323698757613
clothing,interaction_count,0.17190925312261024,0.39043574333668246,1.3817323698757613
clothing,interaction_count,0.17420341575325007,0.3936056621051968,1.3817323698757613
clothing,interaction_count,0.17652306907978588,0.39681080219336134,1.3817323698757613
clothing,interaction_count,0.1788937037981137,0.40008638492082615,1.3817323698757613
clothing,interaction_count,0.1812643385164415,0.4033489913726304,1.3090096135665108
clothing,interaction_count,0.18368595462656132,0.40651891014114483,1.3090096135665108
clothing,interaction_count,0.1861330614325771,0.4097221964756435,1.3090096135665108
clothing,interaction_count,0.1886056589344889,0.4129588503761266,1.3090096135665108
clothing,interaction_count,0.19112923782819272,0.4162622394085784,1.3090096135665108
clothing,interaction_count,0.19367830741779252,0.4195989960070146,1.3090096135665108
clothing,interaction_count,0.1962528677032883,0.4229691201714351,1.3090096135665108
clothing,interaction_count,0.19887840938057608,0.4264059794678244,1.3090096135665108
clothing,interaction_count,0.2015294417537599,0.429876206330198,1.3090096135665108
clothing,interaction_count,0.20420596482283968,0.43323891547995536,1.23628685725726
clothing,interaction_count,0.20693346928371145,0.4366108933980417,1.23628685725726
clothing,interaction_count,0.20968646444047923,0.4400143851284466,1.23628685725726
clothing,interaction_count,0.212490440989039,0.4434809044834886,1.23628685725726
clothing,interaction_count,0.21531990823349478,0.44697893765084923,1.23628685725726
clothing,interaction_count,0.21817486617384654,0.45050848463052834,1.23628685725726
clothing,interaction_count,0.22108080550599032,0.4541010592348446,1.23628685725726
clothing,interaction_count,0.22403772622992607,0.45775666146379806,1.23628685725726
clothing,interaction_count,0.22702013764975784,0.46144377750507004,1.23628685725726
clothing,interaction_count,0.2300535304613816,0.4650474746313811,1.1635641009480095
clothing,interaction_count,0.23311241396890134,0.468606681669713,1.1635641009480095
clothing,interaction_count,0.2362222788682131,0.47222520882535046,1.1635641009480095
clothing,interaction_count,0.23935763446342084,0.4758733960396407,1.1635641009480095
clothing,interaction_count,0.2425439714504206,0.47958090337123643,1.1635641009480095
clothing,interaction_count,0.24578128982921232,0.4833477308201377,1.1635641009480095
clothing,interaction_count,0.24906958959979608,0.4871738783863445,1.1635641009480095
clothing,interaction_count,0.2523833800662758,0.4910296860112041,1.1635641009480095
clothing,interaction_count,0.25574815192454753,0.4949448137533692,1.1635641009480095
clothing,interaction_count,0.25916390517461124,0.49880803639289195,1.090841344638759
clothing,interaction_count,0.262605149120571,0.5025618875661326,1.090841344638759
clothing,interaction_count,0.2660973744583227,0.5063713513493473,1.090841344638759
clothing,interaction_count,0.2696660718837624,0.5102642340475229,1.090841344638759
clothing,interaction_count,0.2732602600050981,0.5141849230506853,1.090841344638759
clothing,interaction_count,0.27687993882232986,0.5181334183588348,1.090841344638759
clothing,interaction_count,0.28057608972724957,0.5221653325819452,1.090841344638759
clothing,interaction_count,0.28432322202396126,0.5262528594150295,1.090841344638759
clothing,interaction_count,0.28809584501656893,0.5303681925531007,1.090841344638759
clothing,interaction_count,0.29194494009686467,0.534566944606133,1.090841344638759
clothing,interaction_count,0.29584501656895235,0.5386192501195671,1.0181185883295083
clothing,interaction_count,0.299770583736936,0.5426159430230273,1.0181185883295083
clothing,interaction_count,0.3037726229926077,0.5466904935804511,1.0181185883295083
clothing,interaction_count,0.30782564364007137,0.5508169492405172,1.0181185883295083
clothing,interaction_count,0.31192964567932707,0.5549953100032256,1.0181185883295083
clothing,interaction_count,0.3160846291103747,0.5592255758685762,1.0181185883295083
clothing,interaction_count,0.32029059393321435,0.5635077468365693,1.0181185883295083
clothing,interaction_count,0.32457303084374206,0.567867775458526,1.0181185883295083
clothing,interaction_count,0.3288809584501657,0.5722537566318038,1.0181185883295083
clothing,interaction_count,0.3332653581442773,0.576717595459045,1.0181185883295083
clothing,interaction_count,0.337726229926077,0.5810850390956648,0.9453958320202578
clothing,interaction_count,0.3422125924037726,0.5853264274830103,0.9453958320202578
clothing,interaction_count,0.34677542696915625,0.589640112263322,0.9453958320202578
clothing,interaction_count,0.3513892429263319,0.5940019946389444,0.9453958320202578
clothing,interaction_count,0.3560795309711955,0.598436173407533,0.9453958320202578
clothing,interaction_count,0.36082080040785114,0.6029185497714322,0.9453958320202578
clothing,interaction_count,0.36563854193219475,0.6074732225282975,0.9453958320202578
clothing,interaction_count,0.37050726484833035,0.6120760928804737,0.9453958320202578
clothing,interaction_count,0.375452459852154,0.6167512596256159,0.9453958320202578
clothing,interaction_count,0.3804486362477696,0.6214746239660689,0.9453958320202578
clothing,interaction_count,0.38552128473107317,0.6261238381598899,0.8726730757110072
clothing,interaction_count,0.39064491460616874,0.6305950920017944,0.8726730757110072
clothing,interaction_count,0.39587050726484835,0.6351553260196572,0.8726730757110072
clothing,interaction_count,0.4011470813153199,0.6397600501254991,0.8726730757110072
clothing,interaction_count,0.4064746367575835,0.6444092643193202,0.8726730757110072
clothing,interaction_count,0.411904154983431,0.6491474586890995,0.8726730757110072
clothing,interaction_count,0.4173846546010706,0.653930143146858,0.8726730757110072
clothing,interaction_count,0.42294162630639814,0.6587795627365853,0.8726730757110072
clothing,interaction_count,0.4285750700994137,0.6636957174582813,0.8726730757110072
clothing,interaction_count,0.4342849859801173,0.668678607311946,0.8726730757110072
clothing,interaction_count,0.4400968646444048,0.6737171097755846,0.7999503194017565
clothing,interaction_count,0.44595972470048434,0.6784071065500532,0.7999503194017565
clothing,interaction_count,0.45189905684425186,0.6831582771954932,0.7999503194017565
clothing,interaction_count,0.4579148610757074,0.6879706217119045,0.7999503194017565
clothing,interaction_count,0.4640071373948509,0.6928441400992871,0.7999503194017565
clothing,interaction_count,0.47020137649757837,0.6977992236479648,0.7999503194017565
clothing,interaction_count,0.4764720876879939,0.7028154810676138,0.7999503194017565
clothing,interaction_count,0.4828192709660974,0.7078929123582341,0.7999503194017565
clothing,interaction_count,0.48924292633188887,0.7130315175198259,0.7999503194017565
clothing,interaction_count,0.49576854448126434,0.7182516878427128,0.7999503194017565
clothing,interaction_count,0.5023706347183278,0.7235330320365708,0.7999503194017565
clothing,interaction_count,0.5090746877389752,0.7287124197788101,0.727227563092506
clothing,interaction_count,0.5158552128473107,0.7336434045298325,0.727227563092506
clothing,interaction_count,0.5227377007392302,0.7386485394274868,0.727227563092506
clothing,interaction_count,0.5296966607188376,0.743709286935115,0.727227563092506
clothing,interaction_count,0.5367575834820291,0.7488441845893751,0.727227563092506
clothing,interaction_count,0.5439204690288045,0.754053232390267,0.727227563092506
clothing,interaction_count,0.5511598266632679,0.759317892801133,0.727227563092506
clothing,interaction_count,0.5585011470813154,0.7646567033586309,0.727227563092506
clothing,interaction_count,0.5659444302829467,0.7700696640627607,0.727227563092506
clothing,interaction_count,0.5734896762681622,0.7755567749135224,0.727227563092506
clothing,interaction_count,0.5811368850369615,0.781118035910916,0.727227563092506
clothing,interaction_count,0.5888860565893449,0.7862603485798393,0.6545048067832554
clothing,interaction_count,0.5967117002294162,0.7913822699584389,0.6545048067832554
clothing,interaction_count,0.6046647973489676,0.7965876102519993,0.6545048067832554
clothing,interaction_count,0.612719857252103,0.8018596856775284,0.6545048067832554
clothing,interaction_count,0.6209023706347183,0.8072151800180185,0.6545048067832554
clothing,interaction_count,0.6291613561050217,0.8126207257074851,0.6545048067832554
clothing,interaction_count,0.637547795054805,0.8181096903119126,0.6545048067832554
clothing,interaction_count,0.6460616874840683,0.823682073831301,0.6545048067832554
clothing,interaction_count,0.6546520520010196,0.829304508699666,0.6545048067832554
clothing,interaction_count,0.6633953606933469,0.835027046265984,0.6545048067832554
clothing,interaction_count,0.6722151414733623,0.8405605009583906,0.5817820504740048
clothing,interaction_count,0.6811878664287535,0.8457806712812774,0.5817820504740048
clothing,interaction_count,0.6902625541677287,0.8510601617214698,0.5817820504740048
clothing,interaction_count,0.699464695386184,0.8564138023082941,0.5817820504740048
clothing,interaction_count,0.7087942900841193,0.8618415930417502,0.5817820504740048
clothing,interaction_count,0.7182258475656386,0.8673287038925119,0.5817820504740048
clothing,interaction_count,0.7278103492225337,0.872904794919232,0.5817820504740048
clothing,interaction_count,0.737496813663013,0.8785402060632574,0.5817820504740048
clothing,interaction_count,0.7473362222788682,0.8842645973832414,0.5817820504740048
clothing,interaction_count,0.7572775936783074,0.8900483088205307,0.5817820504740048
clothing,interaction_count,0.7673719092531226,0.8956429373839087,0.5090592941647542
clothing,interaction_count,0.7775936783074178,0.9008464239238033,0.5090592941647542
clothing,interaction_count,0.787968391537089,0.9061277681176615,0.5090592941647542
clothing,interaction_count,0.7984705582462401,0.9114739936898225,0.5090592941647542
clothing,interaction_count,0.8091001784348713,0.9168851006402865,0.5090592941647542
clothing,interaction_count,0.8198827427988784,0.922374065244714,0.5090592941647542
clothing,interaction_count,0.8308182513382615,0.927940887503105,0.5090592941647542
clothing,interaction_count,0.8418812133571246,0.933572591139799,0.5090592941647542
clothing,interaction_count,0.8530971195513638,0.9392821524304564,0.5090592941647542
clothing,interaction_count,0.8644659699209788,0.9447229194395732,0.4363365378555036
clothing,interaction_count,0.8759877644659699,0.949750299381217,0.4363365378555036
clothing,interaction_count,0.887662503186337,0.9548444144548296,0.4363365378555036
clothing,interaction_count,0.8994901860820801,0.9600052646604109,0.4363365378555036
clothing,interaction_count,0.9114963038490951,0.9652439725199556,0.4363365378555036
clothing,interaction_count,0.9236298750955901,0.9705382929894744,0.4363365378555036
clothing,interaction_count,0.9359418812133571,0.9759104711129566,0.4363365378555036
clothing,interaction_count,0.9484068315065002,0.9812400129021255,0.363613781546253
clothing,interaction_count,0.9610502166709152,0.9858373219933042,0.363613781546253
clothing,interaction_count,0.9738465460107061,0.9904902436944569,0.363613781546253
clothing,interaction_count,0.9868468009176651,0.9952173155422415,0.363613781546253
clothing,interaction_count,1.0,1.0,0.363613781546253
industrial_100k,pv_share,1e-05,0.0008283834128041574,82.83834128041575
industrial_100k,pv_share,2e-05,0.001570233198514243,74.18497857100854
industrial_100k,pv_share,3e-05,0.0022716568285723244,70.14236300580816
industrial_100k,pv_share,4e-05,0.0028240924629414823,55.24356343691581
industrial_100k,pv_share,5e-05,0.003360128140120449,53.60356771789667
industrial_100k,pv_share,6e-05,0.003878785387867906,51.865724774745686
industrial_100k,pv_share,7e-05,0.004395721060249293,51.693567238138776
industrial_100k,pv_share,8e-05,0.004903596845297574,50.78757850482798
industrial_100k,pv_share,9e-05,0.00537442554570875,47.0828700411177
industrial_100k,pv_share,0.0001,0.00582223689485209,44.781134914333926
industrial_100k,pv_share,0.00011,0.006265185071825172,44.29481769730821
industrial_100k,pv_share,0.00012,0.006681384102437404,41.61990306122326
industrial_100k,pv_share,0.00013,0.007083012644126655,40.162854168925065
industrial_100k,pv_share,0.00014,0.007476165309582284,39.31526654556299
industrial_100k,pv_share,0.00015,0.007866961852771241,39.07965431889558
industrial_100k,pv_share,0.00016,0.008229793972748199,36.28321199769581
industrial_100k,pv_share,0.00017,0.008589310559832865,35.95165870846672
industrial_100k,pv_share,0.00018,0.008947212961605566,35.79024017726999
industrial_100k,pv_share,0.00019,0.009300309666102723,35.309670449715775
industrial_100k,pv_share,0.0002,0.009648897868801146,34.858820269842276
industrial_100k,pv_share,0.00021,0.009995931748170234,34.703387936908754
industrial_100k,pv_share,0.00022,0.010334619333945652,33.86875857754171
industrial_100k,pv_share,0.00023,0.01065979919786713,32.51798639214788
industrial_100k,pv_share,0.00024,0.010984867806177677,32.50686083105483
industrial_100k,pv_share,0.00025,0.01130741834489897,32.25505387212923
industrial_100k,pv_share,0.00026,0.011627652948091855,32.02346031928864
industrial_100k,pv_share,0.00027,0.011946536224254168,31.888327616231066
industrial_100k,pv_share,0.00028,0.01226137032207597,31.4834097821804
industrial_100k,pv_share,0.00029,0.012575474757385414,31.410443530944345
industrial_100k,pv_share,0.0003,0.012881590087386666,30.61153300012526
industrial_100k,pv_share,0.00031,0.01318566826239058,30.407817500391445
industrial_100k,pv_share,0.00032,0.013487785629770162,30.21173673795826
industrial_100k,pv_share,0.00033,0.013787140045603972,29.93544158338096
industrial_100k,pv_share,0.00034,0.014072526254400463,28.53862087964907
industrial_100k,pv_share,0.00035,0.014357709395865611,28.518314146515007
industrial_100k,pv_share,0.00036,0.014641192950566527,28.348355470091573
industrial_100k,pv_share,0.00037,0.014922751753283649,28.155880271712135
industrial_100k,pv_share,0.00038,0.01520418212497736,28.14303716937123
industrial_100k,pv_share,0.00039,0.015482608298457448,27.84261734800872
industrial_100k,pv_share,0.0004,0.015761023301235483,27.841500277803725
industrial_100k,pv_share,0.00041,0.016039274815166985,27.825151393149984
industrial_100k,pv_share,0.00042,0.016313336388305923,27.406157313893804
industrial_100k,pv_share,0.00043,0.01658671914672788,27.338275842195678
industrial_100k,pv_share,0.00044,0.016858276235032773,27.155708830489267
industrial_100k,pv_share,0.00045,0.01712981698966123,27.154075462845842
industrial_100k,pv_share,0.00046,0.01739744450213689,26.76275124756595
industrial_100k,pv_share,0.00047,0.017664439669205875,26.699516706898482
industrial_100k,pv_share,0.00048,0.017928457401224687,26.401773201881205
industrial_100k,pv_share,0.00049,0.018192324935863362,26.38675346386735
industrial_100k,pv_share,0.0005,0.018454488805034527,26.216386917116555
industrial_100k,pv_share,0.00051,0.018716616977121483,26.212817208695608
industrial_100k,pv_share,0.00052,0.01897809012150813,26.147314438665163
industrial_100k,pv_share,0.00053,0.019238937067420036,26.08469459119069
industrial_100k,pv_share,0.00054,0.019499198046051512,26.02609786314773
industrial_100k,pv_share,0.00055,0.019758273509845516,25.907546379400284
industrial_100k,pv_share,0.00056,0.020016964460012835,25.869095016732032
industrial_100k,pv_share,0.00057,0.020275425025321644,25.846056530880922
industrial_100k,pv_share,0.00058,0.02053381057788015,25.838555255850476
industrial_100k,pv_share,0.00059,0.020789846218656108,25.603564077595916
industrial_100k,pv_share,0.0006,0.02104559022347593,25.574400481982348
industrial_100k,pv_share,0.00061,0.021301318491573903,25.57282680979697
industrial_100k,pv_share,0.00062,0.02155554729576684,25.422880419293797
industrial_100k,pv_share,0.00063,0.021809620665646814,25.407336987997283
industrial_100k,pv_share,0.00064,0.022061577171712827,25.195650606601347
industrial_100k,pv_share,0.00065,0.02231000696066683,24.842978895400513
industrial_100k,pv_share,0.00066,0.02255813805055902,24.813108989219018
industrial_100k,pv_share,0.00067,0.022806097563460734,24.795951290171228
industrial_100k,pv_share,0.00068,0.0230538221915891,24.772462812836654
industrial_100k,pv_share,0.00069,0.02330152042755685,24.769823596775097
industrial_100k,pv_share,0.0007,0.023548750582343146,24.723015478629673
industrial_100k,pv_share,0.00071,0.023794805326957064,24.60547446139188
industrial_100k,pv_share,0.00072,0.024039932486655573,24.512715969851048
industrial_100k,pv_share,0.00073,0.024282482751311195,24.25502646556224
industrial_100k,pv_share,0.00074,0.024524891552676075,24.240880136488173
industrial_100k,pv_share,0.00075,0.024767161130457068,24.226957778099475
industrial_100k,pv_share,0.00076,0.025007704023426825,24.054289296975746
industrial_100k,pv_share,0.00077,0.025246925834671564,23.922181124473962
industrial_100k,pv_share,0.00078,0.02548510017754176,23.817434287019438
industrial_100k,pv_share,0.00079,0.025723097659885247,23.799748234348854
industrial_100k,pv_share,0.00081,0.026195747863906285,23.543219990692123
industrial_100k,pv_share,0.00082,0.026430803466757174,23.505560285088748
industrial_100k,pv_share,0.00083,0.026665065823642732,23.426235688555856
industrial_100k,pv_share,0.00084,0.026898922667751936,23.385684410920103
industrial_100k,pv_share,0.00085,0.027131854952284033,23.293228453209924
industrial_100k,pv_share,0.00087,0.02759626580978575,23.21933091040545
industrial_100k,pv_share,0.00088,0.027826507796814455,23.02419870287039
industrial_100k,pv_share,0.00089,0.028055216830219103,22.870903340464917
industrial_100k,pv_share,0.0009,0.02828295698917912,22.774015896001554
industrial_100k,pv_share,0.00092,0.028737640531753098,22.71603804720624
industrial_100k,pv_share,0.00093,0.028964282571585512,22.664203983241485
industrial_100k,pv_share,0.00094,0.029190293179278383,22.60106076928709
industrial_100k,pv_share,0.00096,0.029641069026792734,22.51801184449427
industrial_100k,pv_share,0.00097,0.029866128037012944,22.505901022020687
industrial_100k,pv_share,0.00099,0.030315612039948786,22.472627771575166
industrial_100k,pv_share,0.001,0.030539947022462807,22.43349825140208
industrial_100k,pv_share,0.00102,0.03098303435448777,22.03266375312069
industrial_100k,pv_share,0.00103,0.031203298127561487,22.02637730737192
industrial_100k,pv_share,0.00105,0.03164098434589537,21.881301121335163
industrial_100k,pv_share,0.00106,0.03185862677524596,21.764242935058324
industrial_100k,pv_share,0.00108,0.032293209036279136,21.71874455902998
industrial_100k,pv_share,0.00109,0.03251035897800331,21.714994172418436
industrial_100k,pv_share,0.00111,0.03294303932033192,21.622162169195008
industrial_100k,pv_share,0.00112,0.03315831296968314,21.527364935122204
industrial_100k,pv_share,0.00114,0.03358642390196169,21.372386070964378
industrial_100k,pv_share,0.00116,0.03401304251188062,21.32870617524123
industrial_100k,pv_share,0.00117,0.03422627143560232,21.322892372169726
industrial_100k,pv_share,0.00119,0.03465096072120636,21.158373551836874
industrial_100k,pv_share,0.00121,0.03507247975606971,21.069441750896825
industrial_100k,pv_share,0.00123,0.03549129675563117,20.87141504447454
industrial_100k,pv_share,0.00124,0.03569966401110448,20.836725547330982
industrial_100k,pv_share,0.00126,0.03611407985290623,20.706642154908444
industrial_100k,pv_share,0.00128,0.036527366984908126,20.626303905846534
industrial_100k,pv_share,0.0013,0.03693856643949198,20.5472030837247
industrial_100k,pv_share,0.00132,0.03734717904062078,20.41436783480083
industrial_100k,pv_share,0.00134,0.037752503235560814,20.120137079170554
industrial_100k,pv_share,0.00136,0.03815230577861239,19.917750786726412
industrial_100k,pv_share,0.00138,0.038550304695303184,19.886344804965322
industrial_100k,pv_share,0.0014,0.038945081321357586,19.633664237259897
industrial_100k,pv_share,0.00142,0.039336683366882605,19.576256132512007
industrial_100k,pv_share,0.00144,0.039727009206698645,19.480213095305654
industrial_100k,pv_share,0.00146,0.04011558069831359,19.42514509419995
industrial_100k,pv_share,0.00148,0.0405030405063747,19.32769563256669
industrial_100k,pv_share,0.0015,0.040889007366216576,19.287699772585615
industrial_100k,pv_share,0.00152,0.0412739309440683,19.223422552655215
industrial_100k,pv_share,0.00154,0.04165661110141062,19.126463934247536
industrial_100k,pv_share,0.00157,0.04222736511852592,19.00924289834749
industrial_100k,pv_share,0.00159,0.042605938440009976,18.92084392819209
industrial_100k,pv_share,0.00161,0.04298364960776883,18.86138074720365
industrial_100k,pv_share,0.00164,0.043548030015360104,18.783311940885117
industrial_100k,pv_share,0.00166,0.0439234212151962,18.763577424008634
industrial_100k,pv_share,0.00168,0.044297077567324816,18.664215715396587
industrial_100k,pv_share,0.00171,0.04485452210570646,18.44387328159722
industrial_100k,pv_share,0.00173,0.045222341079418645,18.36892208648034
industrial_100k,pv_share,0.00176,0.045771999360161325,18.30419628737307
industrial_100k,pv_share,0.00178,0.046137917907842316,18.294313575833055
industrial_100k,pv_share,0.00181,0.04668603664649759,18.25896719649855
industrial_100k,pv_share,0.00184,0.047232066034410346,18.16172650358131
industrial_100k,pv_share,0.00186,0.047593986296092496,18.08190116225015
industrial_100k,pv_share,0.00189,0.04813453459647021,17.998455293964938
industrial_100k,pv_share,0.00192,0.048673614265433526,17.960120907502922
industrial_100k,pv_share,0.00195,0.04920984157203649,17.863337218951614
industrial_100k,pv_share,0.00197,0.049566190909806365,17.807242585241575
industrial_100k,pv_share,0.002,0.05009900904875644,17.72770087055844
industrial_100k,pv_share,0.00203,0.05062963139038276,17.651950488112977
industrial_100k,pv_share,0.00206,0.051157065439745984,17.5322009613045
industrial_100k,pv_share,0.00209,0.05168131565308525,17.447069571840423
industrial_100k,pv_share,0.00212,0.052204304079057934,17.40785174648962
industrial_100k,pv_share,0.00215,0.05272510444909582,17.354743592224334
industrial_100k,pv_share,0.00218,0.0532442748685537,17.275486368441275
industrial_100k,pv_share,0.00222,0.05393299509585671,17.186943875293682
industrial_100k,pv_share,0.00225,0.05444807103301592,17.168150470140212
industrial_100k,pv_share,0.00228,0.05496229481777561,17.130794432530298
industrial_100k,pv_share,0.00231,0.05547533242750093,17.071343120641032
industrial_100k,pv_share,0.00235,0.05615704216369393,17.01471757625642
industrial_100k,pv_share,0.00238,0.056666167495327914,16.94227858051069
industrial_100k,pv_share,0.00242,0.05734193730138265,16.876828930198748
industrial_100k,pv_share,0.00245,0.057846637669049135,16.799099449333706
industrial_100k,pv_share,0.00249,0.05851633636753579,16.72075841882595
industrial_100k,pv_share,0.00252,0.0590166904837296,16.625898123127815
industrial_100k,pv_share,0.00256,0.059680606362481604,16.56595955154806
industrial_100k,pv_share,0.0026,0.060341584053977555,16.460119320363116
industrial_100k,pv_share,0.00264,0.06099368680655078,16.272443154902046
industrial_100k,pv_share,0.00267,0.06147885210603535,16.10231527666977
industrial_100k,pv_share,0.00271,0.06211998546635752,15.982518111844707
industrial_100k,pv_share,0.00275,0.06275905300757947,15.969674680660436
industrial_100k,pv_share,0.00279,0.06339532101759232,15.896205943988527
industrial_100k,pv_share,0.00283,0.06403015279231189,15.862353905641962
industrial_100k,pv_share,0.00287,0.06466207010618046,15.779134930528206
industrial_100k,pv_share,0.00292,0.06544777951771737,15.653227315347378
industrial_100k,pv_share,0.00296,0.06607209167792757,15.580615252559491
industrial_100k,pv_share,0.003,0.06669494841804303,15.55864786167687
industrial_100k,pv_share,0.00305,0.06747047550315718,15.47993491984785
industrial_100k,pv_share,0.00309,0.06808887768210183,15.452773383920423
industrial_100k,pv_share,0.00313,0.06870576076649028,15.402452539333055
industrial_100k,pv_share,0.00318,0.06947333192305448,15.304307203863404
industrial_100k,pv_share,0.00323,0.07023629151349418,15.244525373839892
industrial_100k,pv_share,0.00327,0.07084595882649118,15.239141519796075
industrial_100k,pv_share,0.00332,0.0716066870271761,15.19540647556149
industrial_100k,pv_share,0.00337,0.07236547572586308,15.158450538018306
industrial_100k,pv_share,0.00342,0.07312180861356159,15.096615867673464
industrial_100k,pv_share,0.00347,0.07387501740439456,15.017617593029405
industrial_100k,pv_share,0.00352,0.07462411674879246,14.942944156204254
industrial_100k,pv_share,0.00357,0.07536738481263376,14.804863895156194
industrial_100k,pv_share,0.00362,0.07610511663126698,14.726164731066069
industrial_100k,pv_share,0.00367,0.07684000321254737,14.65074145596726
industrial_100k,pv_share,0.00373,0.07771470031111234,14.534746284810158
industrial_100k,pv_share,0.00378,0.07843935794050656,14.446733178709925
industrial_100k,pv_share,0.00384,0.07929982100226232,14.215118408688925
industrial_100k,pv_share,0.00389,0.08000610096001137,14.079708051054807
industrial_100k,pv_share,0.00395,0.08084728513954892,13.997078008792183
industrial_100k,pv_share,0.00401,0.08168477042425099,13.930440158325817
industrial_100k,pv_share,0.00406,0.08237718878672805,13.81067828507114
industrial_100k,pv_share,0.00412,0.08320337985837119,13.742202473735775
industrial_100k,pv_share,0.00418,0.0840250715473674,13.66557163065875
industrial_100k,pv_share,0.00424,0.08484132012129099,13.583990734739363
industrial_100k,pv_share,0.00431,0.08578732780147431,13.427147469147082
industrial_100k,pv_share,0.00437,0.0865894916748754,13.34082180041169
industrial_100k,pv_share,0.00443,0.08738661519251843,13.257564106873664
industrial_100k,pv_share,0.0045,0.08831181861561423,13.19979049327489
industrial_100k,pv_share,0.00456,0.08910134213564075,13.113050526815668
industrial_100k,pv_share,0.00463,0.09001643494179377,13.01944140007288
industrial_100k,pv_share,0.00469,0.09079526019531547,12.963072191099023
industrial_100k,pv_share,0.00476,0.09170150118141876,12.926795104541872
industrial_100k,pv_share,0.00483,0.0926041323188768,12.87568378502917
industrial_100k,pv_share,0.0049,0.09349993291587476,12.739709174819078
industrial_100k,pv_share,0.00497,0.09438862644052678,12.670716402835065
industrial_100k,pv_share,0.00505,0.09539980701129994,12.599741376249497
industrial_100k,pv_share,0.00512,0.09627976823448288,12.531651508054637
industrial_100k,pv_share,0.00519,0.09715424180020742,12.456476715526115
industrial_100k,pv_share,0.00527,0.09814516739459832,12.3377778608176
industrial_100k,pv_share,0.00535,0.09913026888873294,12.286312231642663
industrial_100k,pv_share,0.00542,0.09998760189177935,12.22143715090292
industrial_100k,pv_share,0.0055,0.10096254223699189,12.153149761716415
industrial_100k,pv_share,0.00558,0.10193055168152185,12.062995034470452
industrial_100k,pv_share,0.00566,0.10289276284007763,12.010597896266672
industrial_100k,pv_share,0.00575,0.10397152531744924,11.961784096719471
industrial_100k,pv_share,0.00583,0.10492600148212017,11.917914337250783
industrial_100k,pv_share,0.00591,0.10587606596478863,11.86078448773348
industrial_100k,pv_share,0.006,0.10694043078541378,11.815713385362145
industrial_100k,pv_share,0.00609,0.1079993133673261,11.74107581832425
industrial_100k,pv_share,0.00618,0.10905362123878339,11.688043660528072
industrial_100k,pv_share,0.00626,0.10998680439620762,11.654187725834161
industrial_100k,pv_share,0.00636,0.11114378003443617,11.537719629401208
industrial_100k,pv_share,0.00645,0.11217496319654482,11.408006980935948
industrial_100k,pv_share,0.00654,0.11319966504135791,11.359698971752087
industrial_100k,pv_share,0.00664,0.11433108818079159,11.286892028414318
industrial_100k,pv_share,0.00673,0.11534308618759721,11.199215411383618
industrial_100k,pv_share,0.00683,0.1164574785066398,11.123285123258448
industrial_100k,pv_share,0.00693,0.11756470044870196,11.045022664106902
industrial_100k,pv_share,0.00703,0.11866641681037522,10.99351945868578
industrial_100k,pv_share,0.00713,0.11976315708685896,10.92640847895424
industrial_100k,pv_share,0.00724,0.12096195480528071,10.87900208152421
industrial_100k,pv_share,0.00734,0.12204375039571835,10.776402709322
industrial_100k,pv_share,0.00745,0.12322696728102225,10.739795346029736
industrial_100k,pv_share,0.00756,0.1244035453516918,10.62749860961695
industrial_100k,pv_share,0.00767,0.1255672459366681,10.541048956731123
industrial_100k,pv_share,0.00778,0.12672253057559318,10.462253190814103
industrial_100k,pv_share,0.00789,0.1278695019454724,10.384746658901586
industrial_100k,pv_share,0.008,0.12900751892375448,10.315349906275703
industrial_100k,pv_share,0.00812,0.13024010199835104,10.239506954360074
industrial_100k,pv_share,0.00824,0.13146501321289875,10.175518222208451
industrial_100k,pv_share,0.00836,0.1326802426118514,10.067491678150622
industrial_100k,pv_share,0.00848,0.13388402929324664,9.995660847447663
industrial_100k,pv_share,0.0086,0.13507799662160985,9.932681751430513
industrial_100k,pv_share,0.00873,0.1363625829485636,9.836671443770324
industrial_100k,pv_share,0.00886,0.13763893360242102,9.794849412871198
industrial_100k,pv_share,0.00898,0.1388112398709356,9.741220996677246
industrial_100k,pv_share,0.00911,0.1400737817069832,9.674198885252482
industrial_100k,pv_share,0.00925,0.14142219032140088,9.612272102195726
industrial_100k,pv_share,0.00938,0.14266559392124684,9.529129800688732
industrial_100k,pv_share,0.00952,0.14399522845994156,9.469956074970145
industrial_100k,pv_share,0.00966,0.14531699821774208,9.415188468505283
industrial_100k,pv_share,0.0098,0.14662763285353175,9.323364172487027
industrial_100k,pv_share,0.00994,0.1479291897247851,9.270274143001378
industrial_100k,pv_share,0.01008,0.14922405435606428,9.231136441059185
industrial_100k,pv_share,0.01023,0.15060207099383077,9.156084495432285
industrial_100k,pv_share,0.01038,0.15197340443456941,9.123914018275016
industrial_100k,pv_share,0.01053,0.15333898079945033,9.084185397887175
industrial_100k,pv_share,0.01068,0.15469720450396943,9.036154826681933
industrial_100k,pv_share,0.01084,0.15613740704862974,8.978506923353258
industrial_100k,pv_share,0.01099,0.1574779855915408,8.905110444645741
industrial_100k,pv_share,0.01115,0.15889759670383158,8.850946316469564
industrial_100k,pv_share,0.01131,0.1603098787622119,8.812934095093357
industrial_100k,pv_share,0.01148,0.16180104613160337,8.744743818545452
industrial_100k,pv_share,0.01165,0.16327732199342102,8.651203033808967
industrial_100k,pv_share,0.01181,0.16465780450019,8.61288933293463
industrial_100k,pv_share,0.01199,0.16620009886286444,8.548897961912665
industrial_100k,pv_share,0.01216,0.16764892599036568,8.49806055173237
industrial_100k,pv_share,0.01234,0.1691741370192662,8.44086178854811
industrial_100k,pv_share,0.01252,0.17068978411843647,8.395539159386725
industrial_100k,pv_share,0.0127,0.17219527956605069,8.331331640988688
industrial_100k,pv_share,0.01288,0.17368978238208319,8.278759485647663
industrial_100k,pv_share,0.01307,0.17525836437409728,8.221827360226557
industrial_100k,pv_share,0.01326,0.17681381312866642,8.143476604748477
industrial_100k,pv_share,0.01345,0.17835395587171893,8.070832141010017
industrial_100k,pv_share,0.01365,0.1799639796790845,8.032534541455549
industrial_100k,pv_share,0.01384,0.1814843023446472,7.966773851195416
industrial_100k,pv_share,0.01405,0.18315181821529167,7.920360601050891
industrial_100k,pv_share,0.01425,0.18473035688144807,7.857397222639512
industrial_100k,pv_share,0.01446,0.1863725552155359,7.790575204342599
industrial_100k,pv_share,0.01467,0.18800262998552586,7.730191521134022
industrial_100k,pv_share,0.01488,0.18962215646692263,7.687857347668312
industrial_100k,pv_share,0.01509,0.19122977145073256,7.6278615660494165
industrial_100k,pv_share,0.01531,0.19290272915797946,7.586146184317129
industrial_100k,pv_share,0.01554,0.19463966382041137,7.519524160600901
industrial_100k,pv_share,0.01576,0.1962848398739864,7.455735280082977
industrial_100k,pv_share,0.01599,0.1979917943885309,7.4001841379147475
industrial_100k,pv_share,0.01622,0.1996882472345873,7.347543154857678
industrial_100k,pv_share,0.01646,0.20144415275236371,7.284249885719748
industrial_100k,pv_share,0.0167,0.20318330681386862,7.2179492127641245
industrial_100k,pv_share,0.01694,0.20491030340649516,7.178680711540669
industrial_100k,pv_share,0.01719,0.20669763935373908,7.126214941064456
industrial_100k,pv_share,0.01744,0.20847227698484702,7.071139985801358
industrial_100k,pv_share,0.01769,0.21023171592563158,7.012888029811201
industrial_100k,pv_share,0.01795,0.21204613588529952,6.943497009308997
industrial_100k,pv_share,0.01821,0.2138449002781822,6.894853438054193
industrial_100k,pv_share,0.01847,0.2156309655869018,6.844271466739525
industrial_100k,pv_share,0.01874,0.21747263821138982,6.790505910451152
industrial_100k,pv_share,0.01901,0.2192984110807565,6.722334643547124
industrial_100k,pv_share,0.01929,0.22117384802447038,6.673751389751299
industrial_100k,pv_share,0.01957,0.22303485710358348,6.624381943558971
industrial_100k,pv_share,0.01985,0.22488046414158736,6.555029349901959
industrial_100k,pv_share,0.02014,0.22677294434283685,6.504133434994998
industrial_100k,pv_share,0.02043,0.22864880848678829,6.43764855311949
industrial_100k,pv_share,0.02073,0.23057408194567125,6.394627306103304
industrial_100k,pv_share,0.02103,0.23248438393613768,6.344222200752856
industrial_100k,pv_share,0.02133,0.23438031807875162,6.293731069442988
industrial_100k,pv_share,0.02164,0.23632585272429965,6.255570836180718
industrial_100k,pv_share,0.02196,0.23832023434904653,6.214037075149706
industrial_100k,pv_share,0.02228,0.2403002885840031,6.162526039107256
industrial_100k,pv_share,0.0226,0.2422677168018634,6.127451072271379
industrial_100k,pv_share,0.02293,0.24428217434996988,6.081888167560779
industrial_100k,pv_share,0.02326,0.24628086858097423,6.034188464866143
industrial_100k,pv_share,0.0236,0.24832517494719916,5.991339983303842
industrial_100k,pv_share,0.02394,0.25035415847311776,5.949831953303172
industrial_100k,pv_share,0.02429,0.25242652428856577,5.896421792281105
industrial_100k,pv_share,0.02464,0.2544808101253922,5.847257555804989
industrial_100k,pv_share,0.025,0.2565753841069713,5.7939282723026055
industrial_100k,pv_share,0.02536,0.2586543875658287,5.752210688960091
industrial_100k,pv_share,0.02573,0.2607755004857402,5.708362747514553
industrial_100k,pv_share,0.0261,0.26287950218705863,5.671235814896475
industrial_100k,pv_share,0.02648,0.2650268787106183,5.6288843793430265
industrial_100k,pv_share,0.02687,0.26721458122676583,5.590435036110807
industrial_100k,pv_share,0.02726,0.2693822655289673,5.525116281405988
industrial_100k,pv_share,0.02765,0.2715281603850419,5.479132731949495
industrial_100k,pv_share,0.02805,0.2737126065646414,5.445688136120943
industrial_100k,pv_share,0.02846,0.27593550589643523,5.402847360528533
industrial_100k,pv_share,0.02887,0.27814286378120806,5.363351228532437
industrial_100k,pv_share,0.02929,0.2803869778839833,5.325068616829449
industrial_100k,pv_share,0.02972,0.2826656987794177,5.274227194782977
industrial_100k,pv_share,0.03015,0.2849244476770352,5.234708645627495
industrial_100k,pv_share,0.03059,0.2872165599484466,5.190629596071459
industrial_100k,pv_share,0.03103,0.2894890090723829,5.144566010924081
industrial_100k,pv_share,0.03148,0.2917956829671127,5.103666459228078
industrial_100k,pv_share,0.03194,0.2941359741819145,5.074973022967144
industrial_100k,pv_share,0.0324,0.29646408535783764,5.047644378443045
industrial_100k,pv_share,0.03287,0.29882707923997237,5.005078575463868
industrial_100k,pv_share,0.03335,0.30121950191067515,4.956363280933112
industrial_100k,pv_share,0.03383,0.30359000633047084,4.916929512220942
industrial_100k,pv_share,0.03432,0.30598913106361514,4.869877975474529
industrial_100k,pv_share,0.03482,0.30841255771156956,4.827451287235594
industrial_100k,pv_share,0.03533,0.3108606636492386,4.771516617716754
industrial_100k,pv_share,0.03584,0.3132804315011577,4.724802852231796
industrial_100k,pv_share,0.03636,0.3157271980209463,4.688145077701671
industrial_100k,pv_share,0.03689,0.31820208343683204,4.648537752459087
industrial_100k,pv_share,0.03742,0.32065218615160546,4.597670808704394
industrial_100k,pv_share,0.03797,0.32317111383569685,4.562054380225847
industrial_100k,pv_share,0.03852,0.32567109818653966,4.524589173478435
industrial_100k,pv_share,0.03908,0.3281957197270178,4.490132967025083
industrial_100k,pv_share,0.03965,0.3307435189142478,4.452422763965856
industrial_100k,pv_share,0.04022,0.33326964570853473,4.411503472163361
industrial_100k,pv_share,0.0408,0.33581550341791844,4.363743189243842
industrial_100k,pv_share,0.0414,0.33842121340764764,4.325512040116189
industrial_100k,pv_share,0.042,0.3410059048129829,4.291903469996979
industrial_100k,pv_share,0.04261,0.34361257304141124,4.2548281793274745
industrial_100k,pv_share,0.04323,0.34624035736440373,4.2184827018854225
industrial_100k,pv_share,0.04385,0.3488429215911105,4.1758910127260265
industrial_100k,pv_share,0.04449,0.35150120007902913,4.136869093870478
industrial_100k,pv_share,0.04514,0.3541793315627257,4.102193415360348
industrial_100k,pv_share,0.04579,0.35683256730439095,4.065017944478097
industrial_100k,pv_share,0.04646,0.35954698624296677,4.036687347624598
industrial_100k,pv_share,0.04713,0.3622405182164864,4.004881120674713
industrial_100k,pv_share,0.04781,0.36495227279606673,3.9715239253387504
industrial_100k,pv_share,0.04851,0.3677181334737928,3.9304381873660206
industrial_100k,pv_share,0.04921,0.37045757396332085,3.896656300927353
industrial_100k,pv_share,0.04993,0.37325153121431603,3.8647270331979957
industrial_100k,pv_share,0.05065,0.3760212404732291,3.8333599359552015
industrial_100k,pv_share,0.05139,0.3788428918784073,3.7937969020470477
industrial_100k,pv_share,0.05213,0.3816366449328387,3.75838271940819
industrial_100k,pv_share,0.05289,0.3844788308577866,3.719543579928613
industrial_100k,pv_share,0.05366,0.38732721247696783,3.6765076055036716
industrial_100k,pv_share,0.05444,0.39018318335486996,3.644979377770503
industrial_100k,pv_share,0.05523,0.3930486047013977,3.6112393725959144
industrial_100k,pv_share,0.05603,0.3959246162938928,3.578059470850788
industrial_100k,pv_share,0.05684,0.39880942788080675,3.5473017961938074
industrial_100k,pv_share,0.05767,0.40173945355200236,3.5134322241127265
industrial_100k,pv_share,0.0585,0.4046424799427329,3.4830604526629103
industrial_100k,pv_share,0.05935,0.4075896119470865,3.453035294626026
industrial_100k,pv_share,0.06021,0.41054301808651855,3.4169079201935437
industrial_100k,pv_share,0.06109,0.41352996093819944,3.379067751293191
industrial_100k,pv_share,0.06197,0.41648685361551135,3.3449659552280755
industrial_100k,pv_share,0.06287,0.4194828239162286,3.314423778789829
industrial_100k,pv_share,0.06379,0.4225184859684297,3.285477196030431
industrial_100k,pv_share,0.06471,0.4255267434222723,3.2550985325274535
industrial_100k,pv_share,0.06565,0.4285708037742897,3.2223924290419834
industrial_100k,pv_share,0.0666,0.43161763748455495,3.1925186265710948
industrial_100k,pv_share,0.06757,0.4346952814268706,3.1516245959173554
industrial_100k,pv_share,0.06855,0.43776694777075625,3.118179380198642
industrial_100k,pv_share,0.06955,0.4408669905334527,3.0850233064878454
industrial_100k,pv_share,0.07056,0.44396860902679663,3.056204488128182
industrial_100k,pv_share,0.07158,0.44707243473414165,3.0295994230385643
industrial_100k,pv_share,0.07262,0.45020840831697784,2.9996754308301545
industrial_100k,pv_share,0.07367,0.45334046916758575,2.96832418975264
industrial_100k,pv_share,0.07474,0.4565017026414746,2.9407883547435087
industrial_100k,pv_share,0.07583,0.45969123032375075,2.9125506494558593
industrial_100k,pv_share,0.07693,0.46287675794288785,2.880861701206675
industrial_100k,pv_share,0.07804,0.46605753178189896,2.8491411549079886
industrial_100k,pv_share,0.07918,0.46929027539016777,2.820820221281594
industrial_100k,pv_share,0.08033,0.4725201667106087,2.795879525886848
industrial_100k,pv_share,0.08149,0.47574987433650673,2.7722320649250816
industrial_100k,pv_share,0.08267,0.47900509241068057,2.7434513571212777
industrial_100k,pv_share,0.08387,0.4822829648952983,2.71795691858546
industrial_100k,pv_share,0.08509,0.48557818399714164,2.685616859711443
industrial_100k,pv_share,0.08633,0.488893084589736,2.658717772391017
industrial_100k,pv_share,0.08758,0.4921994682240655,2.6306826253598965
industrial_100k,pv_share,0.08885,0.4955207128380458,2.6010587598231916
industrial_100k,pv_share,0.09014,0.4988566392506822,2.572088955130504
industrial_100k,pv_share,0.09145,0.5022081684493938,2.5435050685519074
industrial_100k,pv_share,0.09278,0.5055737925599297,2.5175486515416368
industrial_100k,pv_share,0.09412,0.5089287650653427,2.489736874635449
industrial_100k,pv_share,0.09549,0.5123196543393174,2.4609339175506313
industrial_100k,pv_share,0.09687,0.5156955880122417,2.4298002657767173
industrial_100k,pv_share,0.09828,0.5191020712966067,2.4011044232397407
industrial_100k,pv_share,0.09971,0.522516939635186,2.377253271056898
industrial_100k,pv_share,0.10115,0.5259178449886656,2.3480908189112952
industrial_100k,pv_share,0.10262,0.5293519483473873,2.3236057908941907
industrial_100k,pv_share,0.10411,0.5327931348448857,2.2952514162414244
industrial_100k,pv_share,0.10562,0.5362384474627985,2.26898326518319
industrial_100k,pv_share,0.10716,0.5397126577904465,2.2423152085665756
industrial_100k,pv_share,0.10871,0.5431690498863218,2.2176806959029305
industrial_100k,pv_share,0.11029,0.5466532310267235,2.1914171964597684
industrial_100k,pv_share,0.11189,0.550135987420638,2.1654991979998544
industrial_100k,pv_share,0.11351,0.5536248517600418,2.143404072007822
industrial_100k,pv_share,0.11516,0.5571421193893272,2.1204126350398855
industrial_100k,pv_share,0.11683,0.5606592538699947,2.0935698810761774
industrial_100k,pv_share,0.11853,0.5641943454689543,2.0662456673737712
industrial_100k,pv_share,0.12025,0.5677271135831846,2.041180355951811
industrial_100k,pv_share,0.12199,0.5712545721174889,2.013905115087966
industrial_100k,pv_share,0.12377,0.5748157725356977,1.9888982676138172
industrial_100k,pv_share,0.12556,0.5783541309350825,1.9640411366937494
industrial_100k,pv_share,0.12738,0.5819046053891191,1.938255434197105
industrial_100k,pv_share,0.12923,0.5854654103824372,1.9130654798430797
industrial_100k,pv_share,0.13111,0.5890418701018965,1.8920178594713783
industrial_100k,pv_share,0.13301,0.5926145373750794,1.8676918534818971
industrial_100k,pv_share,0.13494,0.5961954004516029,1.8440400225349802
industrial_100k,pv_share,0.1369,0.5997910876357646,1.8247662589832843
industrial_100k,pv_share,0.13889,0.6033994151505098,1.8018876541057252
industrial_100k,pv_share,0.1409,0.6070002149054057,1.7807671499167383
industrial_100k,pv_share,0.14295,0.6106260412666729,1.7566596159915098
industrial_100k,pv_share,0.14502,0.6142399943127561,1.735573176367848
industrial_100k,pv_share,0.14713,0.617881011940901,1.714138924717426
industrial_100k,pv_share,0.14926,0.621508199470371,1.6923509242478183
industrial_100k,pv_share,0.15143,0.6251581158989744,1.6710413393642642
industrial_100k,pv_share,0.15363,0.6288122809086345,1.6510350515897938
industrial_100k,pv_share,0.15586,0.6324668926674303,1.6277604237595953
industrial_100k,pv_share,0.15812,0.6361197371371903,1.6059709124031842
industrial_100k,pv_share,0.16041,0.6397766841780826,1.587433009163835
industrial_100k,pv_share,0.16274,0.6434492933960507,1.5633762241918072
industrial_100k,pv_share,0.1651,0.6471130954767074,1.5410350979727396
industrial_100k,pv_share,0.1675,0.6507846953904797,1.5177298124060057
industrial_100k,pv_share,0.16993,0.654446587996654,1.4974694271483522
industrial_100k,pv_share,0.1724,0.6581212322744602,1.4775780094123718
industrial_100k,pv_share,0.1749,0.6617943138825695,1.4607371665512818
industrial_100k,pv_share,0.17744,0.6654802520523055,1.441325440115466
industrial_100k,pv_share,0.18001,0.669158552251163,1.4209221808732544
industrial_100k,pv_share,0.18263,0.6728541549191156,1.4009338982505044
industrial_100k,pv_share,0.18528,0.6765425399130959,1.3820711620602675
industrial_100k,pv_share,0.18797,0.6802333759795567,1.3622319570712895
industrial_100k,pv_share,0.19069,0.683913263070181,1.3432458926290536
industrial_100k,pv_share,0.19346,0.6876054742502671,1.3226985007173069
industrial_100k,pv_share,0.19627,0.6912936822202277,1.3026465365754776
industrial_100k,pv_share,0.19912,0.6949791869839405,1.2834430040154419
industrial_100k,pv_share,0.20201,0.6986624375919518,1.2653961513252179
industrial_100k,pv_share,0.20494,0.7023445513348521,1.2465819789461405
industrial_100k,pv_share,0.20792,0.7060332684186573,1.2291366680043747
industrial_100k,pv_share,0.21093,0.7097042092669441,1.2109938928048878
industrial_100k,pv_share,0.21399,0.7133810670016467,1.1923433914827266
industrial_100k,pv_share,0.2171,0.7170632133191941,1.1760419240007696
industrial_100k,pv_share,0.22025,0.7207421546254577,1.1587926624444396
industrial_100k,pv_share,0.22345,0.7244204788798121,1.1404401959296877
industrial_100k,pv_share,0.22669,0.7280853159932898,1.1228540231628692
industrial_100k,pv_share,0.22998,0.7317500542830888,1.1053147096251623
industrial_100k,pv_share,0.23332,0.735412757046713,1.0872376758474596
industrial_100k,pv_share,0.23671,0.739066453740982,1.0688180005663521
industrial_100k,pv_share,0.24014,0.7427038595760913,1.0521017741412242
industrial_100k,pv_share,0.24363,0.746348644868289,1.036295077670029
industrial_100k,pv_share,0.24716,0.7499750131512236,1.018582381243299
industrial_100k,pv_share,0.25075,0.7536008833810701,1.0015272822595727
industrial_100k,pv_share,0.25439,0.7572139880393415,0.9836343434581385
industrial_100k,pv_share,0.25808,0.7608127882999653,0.9672514804049505
industrial_100k,pv_share,0.26183,0.7644089261379805,0.95057011936009
industrial_100k,pv_share,0.26563,0.7679913907843847,0.9358687940267412
industrial_100k,pv_share,0.26948,0.7715645419818206,0.9204610605226721
industrial_100k,pv_share,0.27339,0.7751314153198268,0.9039340761236142
industrial_100k,pv_share,0.27736,0.7786863482910397,0.8873198127239791
industrial_100k,pv_share,0.28139,0.7822344227331309,0.8732277230880283
industrial_100k,pv_share,0.28547,0.785762071282239,0.856404123732544
industrial_100k,pv_share,0.28961,0.7892746222555138,0.8403892479117665
industrial_100k,pv_share,0.29382,0.7927799046995546,0.8250986456200893
industrial_100k,pv_share,0.29808,0.7962618465999902,0.8099279456108975
industrial_100k,pv_share,0.30241,0.7997385033932901,0.7961343021583224
industrial_100k,pv_share,0.3068,0.803199581080898,0.7802340771460411
industrial_100k,pv_share,0.31125,0.806636157728864,0.7648319882899083
industrial_100k,pv_share,0.31577,0.8100619570745097,0.7507645258868972
industrial_100k,pv_share,0.32035,0.8134699036458057,0.7373673006322524
industrial_100k,pv_share,0.325,0.8168616683517328,0.7216330352477346
industrial_100k,pv_share,0.32972,0.8202361156842151,0.7080496697770955
industrial_100k,pv_share,0.3345,0.8235849435501306,0.6932650308387646
industrial_100k,pv_share,0.33936,0.8269192534397763,0.6789245495297148
industrial_100k,pv_share,0.34428,0.8302261345188011,0.6655281897009704
industrial_100k,pv_share,0.34928,0.8335223712322198,0.6531938889091234
industrial_100k,pv_share,0.35435,0.8367996697772095,0.6391286583339396
industrial_100k,pv_share,0.35949,0.8400480402953567,0.624969868400987
industrial_100k,pv_share,0.36471,0.8432737039316555,0.6115133971093231
industrial_100k,pv_share,0.37,0.846474938355667,0.5988535994732354
industrial_100k,pv_share,0.37537,0.8496564145451404,0.585729360043316
industrial_100k,pv_share,0.38082,0.8528160604851673,0.574303445212291
industrial_100k,pv_share,0.38635,0.8559608893379298,0.5624786557477834
industrial_100k,pv_share,0.39195,0.8590781480321765,0.5503916585521595
industrial_100k,pv_share,0.39764,0.8621729254377655,0.5378919404166062
industrial_100k,pv_share,0.40341,0.8652458528642518,0.5270247087746041
industrial_100k,pv_share,0.40927,0.8683012299803509,0.5156852095747939
industrial_100k,pv_share,0.41521,0.8713296497994878,0.5042649920394783
industrial_100k,pv_share,0.42124,0.8743318195014314,0.49204337194538966
industrial_100k,pv_share,0.42735,0.8773048742166382,0.48085135298773507
industrial_100k,pv_share,0.43355,0.8802507071458812,0.4694056413438927
industrial_100k,pv_share,0.43984,0.8831678284360701,0.4583210198675997
industrial_100k,pv_share,0.44623,0.8860594833290808,0.44709877767238615
industrial_100k,pv_share,0.4527,0.8889186730683939,0.43702697865170886
industrial_100k,pv_share,0.45928,0.8917599342380313,0.42640987367723576
industrial_100k,pv_share,0.46594,0.8945639357203675,0.41572367434596547
industrial_100k,pv_share,0.4727,0.8973374812224668,0.40480520877893955
industrial_100k,pv_share,0.47956,0.9000802514950254,0.39484456341095303
industrial_100k,pv_share,0.48652,0.9027902464476941,0.3846638152844904
industrial_100k,pv_share,0.49359,0.9054757548247983,0.3753308076490416
industrial_100k,pv_share,0.50075,0.90813013390141,0.36612418826884385
industrial_100k,pv_share,0.50802,0.9107593542142361,0.3571534401107587
industrial_100k,pv_share,0.51539,0.9133590272513653,0.3483363684594677
industrial_100k,pv_share,0.52287,0.9159313897231878,0.33960613891377206
industrial_100k,pv_share,0.53046,0.9184781141919821,0.33137085308811304
industrial_100k,pv_share,0.53816,0.920998451232065,0.3232615420935133
industrial_100k,pv_share,0.54597,0.9234909414355831,0.3150025580365087
industrial_100k,pv_share,0.55389,0.9259541164497855,0.3069701755812698
industrial_100k,pv_share,0.56193,0.9283900372563368,0.2993215467062357
industrial_100k,pv_share,0.57009,0.9307981084769266,0.2911274443539129
industrial_100k,pv_share,0.57836,0.9331734695603482,0.2835193795800692
industrial_100k,pv_share,0.58676,0.9355242221772477,0.2760393212489846
industrial_100k,pv_share,0.59527,0.9378432866814779,0.2690492413469103
industrial_100k,pv_share,0.60391,0.9401356325745507,0.26177335692774967
industrial_100k,pv_share,0.61268,0.9424043497618394,0.25559676007885584
industrial_100k,pv_share,0.62157,0.9446474509723407,0.2491486410728098
industrial_100k,pv_share,0.63059,0.9468644680747745,0.24244135674966144
industrial_100k,pv_share,0.63974,0.9490529702584135,0.23594897850049248
industrial_100k,pv_share,0.64903,0.9512157890868517,0.22992217740725387
industrial_100k,pv_share,0.65845,0.9533528109811125,0.2238105711014997
industrial_100k,pv_share,0.668,0.9554611815112591,0.21767466110462397
industrial_100k,pv_share,0.6777,0.9575435795827137,0.21173099707552837
industrial_100k,pv_share,0.68753,0.9595973242729591,0.2063004283139974
industrial_100k,pv_share,0.69751,0.9616287814800785,0.2006999877968332
industrial_100k,pv_share,0.70763,0.9636304498076106,0.1948695060858611
industrial_100k,pv_share,0.71791,0.9656047528139582,0.18918489218472656
industrial_100k,pv_share,0.72832,0.9675462473136115,0.18379724787433874
industrial_100k,pv_share,0.7389,0.9694632830690861,0.17843675710951137
industrial_100k,pv_share,0.74962,0.9713462404378054,0.17302137149751953
industrial_100k,pv_share,0.7605,0.9731994998542917,0.16769187556983056
industrial_100k,pv_share,0.77154,0.9750222890854958,0.16248528095701642
industrial_100k,pv_share,0.78273,0.9768119200879335,0.15729016298450876
industrial_100k,pv_share,0.79409,0.9785702165887165,0.15226993302893566
industrial_100k,pv_share,0.80562,0.9802959572482887,0.14711328526555786
industrial_100k,pv_share,0.81731,0.9819849212960438,0.14185371851196038
industrial_100k,pv_share,0.82917,0.9836359762793054,0.13651045534284742
industrial_100k,pv_share,0.84121,0.9852465980162757,0.13110479267453148
industrial_100k,pv_share,0.85342,0.98681449090749,0.12571750333419487
industrial_100k,pv_share,0.8658,0.9883396657175171,0.12057494895915734
industrial_100k,pv_share,0.87837,0.9898207258800136,0.11502502113129108
industrial_100k,pv_share,0.89112,0.9912533659853849,0.10955429861071632
industrial_100k,pv_share,0.90405,0.9926303105775061,0.10343624477498321
industrial_100k,pv_share,0.91717,0.9939462410942372,0.09728550359221978
industrial_100k,pv_share,0.93048,0.9951994680477341,0.09103683730964131
industrial_100k,pv_share,0.94399,0.9963852455987201,0.08434381197680137
industrial_100k,pv_share,0.95769,0.9974894587438732,0.0766252366591565
industrial_100k,pv_share,0.97159,0.9984897984840482,0.0671151732653943
industrial_100k,pv_share,0.98569,0.9993600011969578,0.05537892784070444
industrial_100k,pv_share,1.0,1.0,0.01222429900019142
industrial_100k,pv_int,1e-05,0.0008284,82.84
industrial_100k,pv_int,2e-05,0.0015704,74.2
industrial_100k,pv_int,3e-05,0.002272,70.16
industrial_100k,pv_int,4e-05,0.0028244,55.24
industrial_100k,pv_int,5e-05,0.0033604,53.6
industrial_100k,pv_int,6e-05,0.0038792,51.88
industrial_100k,pv_int,7e-05,0.004396,51.68
industrial_100k,pv_int,8e-05,0.004904,50.8
industrial_100k,pv_int,9e-05,0.0053748,47.08
industrial_100k,pv_int,0.0001,0.0058228,44.8
industrial_100k,pv_int,0.00011,0.0062656,44.28
industrial_100k,pv_int,0.00012,0.0066816,41.6
industrial_100k,pv_int,0.00013,0.0070832,40.16
industrial_100k,pv_int,0.00014,0.0074764,39.32
industrial_100k,pv_int,0.00015,0.0078672,39.08
industrial_100k,pv_int,0.00016,0.00823,36.28
industrial_100k,pv_int,0.00017,0.0085896,35.96
industrial_100k,pv_int,0.00018,0.0089476,35.8
industrial_100k,pv_int,0.00019,0.0093008,35.32
industrial_100k,pv_int,0.0002,0.0096492,34.84
industrial_100k,pv_int,0.00021,0.0099964,34.72
industrial_100k,pv_int,0.00022,0.0103352,33.88
industrial_100k,pv_int,0.00023,0.0106604,32.52
industrial_100k,pv_int,0.00024,0.0109856,32.52
industrial_100k,pv_int,0.00025,0.011308,32.24
industrial_100k,pv_int,0.00026,0.0116284,32.04
industrial_100k,pv_int,0.00027,0.0119472,31.88
industrial_100k,pv_int,0.00028,0.012262,31.48
industrial_100k,pv_int,0.00029,0.012576,31.4
industrial_100k,pv_int,0.0003,0.012882,30.6
industrial_100k,pv_int,0.00031,0.013186,30.4
industrial_100k,pv_int,0.00032,0.013488,30.2
industrial_100k,pv_int,0.00033,0.0137872,29.92
industrial_100k,pv_int,0.00034,0.0140724,28.52
industrial_100k,pv_int,0.00035,0.0143576,28.52
industrial_100k,pv_int,0.00036,0.0146412,28.36
industrial_100k,pv_int,0.00037,0.0149228,28.16
industrial_100k,pv_int,0.00038,0.0152044,28.16
industrial_100k,pv_int,0.00039,0.0154828,27.84
industrial_100k,pv_int,0.0004,0.0157612,27.84
industrial_100k,pv_int,0.00041,0.0160396,27.84
industrial_100k,pv_int,0.00042,0.0163136,27.4
industrial_100k,pv_int,0.00043,0.0165868,27.32
industrial_100k,pv_int,0.00044,0.0168584,27.16
industrial_100k,pv_int,0.00045,0.01713,27.16
industrial_100k,pv_int,0.00046,0.0173976,26.76
industrial_100k,pv_int,0.00047,0.0176644,26.68
industrial_100k,pv_int,0.00048,0.0179284,26.4
industrial_100k,pv_int,0.00049,0.0181924,26.4
industrial_100k,pv_int,0.0005,0.0184544,26.2
industrial_100k,pv_int,0.00051,0.0187164,26.2
industrial_100k,pv_int,0.00052,0.018978,26.16
industrial_100k,pv_int,0.00053,0.0192388,26.08
industrial_100k,pv_int,0.00054,0.0194992,26.04
industrial_100k,pv_int,0.00055,0.0197584,25.92
industrial_100k,pv_int,0.00056,0.0200172,25.88
industrial_100k,pv_int,0.00057,0.0202756,25.84
industrial_100k,pv_int,0.00058,0.020534,25.84
industrial_100k,pv_int,0.00059,0.02079,25.6
industrial_100k,pv_int,0.0006,0.0210456,25.56
industrial_100k,pv_int,0.00061,0.0213012,25.56
industrial_100k,pv_int,0.00062,0.0215556,25.44
industrial_100k,pv_int,0.00063,0.0218096,25.4
industrial_100k,pv_int,0.00064,0.0220616,25.2
industrial_100k,pv_int,0.00065,0.02231,24.84
industrial_100k,pv_int,0.00066,0.022558,24.8
industrial_100k,pv_int,0.00067,0.022806,24.8
industrial_100k,pv_int,0.00068,0.0230536,24.76
industrial_100k,pv_int,0.00069,0.0233012,24.76
industrial_100k,pv_int,0.0007,0.0235484,24.72
industrial_100k,pv_int,0.00071,0.0237944,24.6
industrial_100k,pv_int,0.00072,0.0240396,24.52
industrial_100k,pv_int,0.00073,0.024282,24.24
industrial_100k,pv_int,0.00074,0.0245244,24.24
industrial_100k,pv_int,0.00075,0.0247668,24.24
industrial_100k,pv_int,0.00076,0.0250072,24.04
industrial_100k,pv_int,0.00077,0.0252464,23.92
industrial_100k,pv_int,0.00078,0.0254844,23.8
industrial_100k,pv_int,0.00079,0.0257224,23.8
industrial_100k,pv_int,0.00081,0.0261952,23.56
industrial_100k,pv_int,0.00082,0.0264304,23.52
industrial_100k,pv_int,0.00083,0.0266648,23.44
industrial_100k,pv_int,0.00084,0.0268988,23.4
industrial_100k,pv_int,0.00085,0.0271316,23.28
industrial_100k,pv_int,0.00087,0.027596,23.2
industrial_100k,pv_int,0.00088,0.0278264,23.04
industrial_100k,pv_int,0.00089,0.0280552,22.88
industrial_100k,pv_int,0.0009,0.0282828,22.76
industrial_100k,pv_int,0.00092,0.0287376,22.72
industrial_100k,pv_int,0.00093,0.0289644,22.68
industrial_100k,pv_int,0.00094,0.0291904,22.6
industrial_100k,pv_int,0.00096,0.0296412,22.52
industrial_100k,pv_int,0.00097,0.0298664,22.52
industrial_100k,pv_int,0.00099,0.030316,22.48
industrial_100k,pv_int,0.001,0.0305404,22.44
industrial_100k,pv_int,0.00102,0.0309836,22.04
industrial_100k,pv_int,0.00103,0.031204,22.04
industrial_100k,pv_int,0.00105,0.0316416,21.88
industrial_100k,pv_int,0.00106,0.0318592,21.76
industrial_100k,pv_int,0.00108,0.0322936,21.72
industrial_100k,pv_int,0.00109,0.0325108,21.72
industrial_100k,pv_int,0.00111,0.0329436,21.64
industrial_100k,pv_int,0.00112,0.0331588,21.52
industrial_100k,pv_int,0.00114,0.0335868,21.36
industrial_100k,pv_int,0.00116,0.0340132,21.32
industrial_100k,pv_int,0.00117,0.0342264,21.32
industrial_100k,pv_int,0.00119,0.0346512,21.16
industrial_100k,pv_int,0.00121,0.0350728,21.08
industrial_100k,pv_int,0.00123,0.0354916,20.88
industrial_100k,pv_int,0.00124,0.0357,20.84
industrial_100k,pv_int,0.00126,0.0361144,20.72
industrial_100k,pv_int,0.00128,0.036528,20.64
industrial_100k,pv_int,0.0013,0.0369392,20.56
industrial_100k,pv_int,0.00132,0.0373476,20.4
industrial_100k,pv_int,0.00134,0.0377528,20.12
industrial_100k,pv_int,0.00136,0.0381528,19.92
industrial_100k,pv_int,0.00138,0.0385508,19.88
industrial_100k,pv_int,0.0014,0.0389456,19.64
industrial_100k,pv_int,0.00142,0.0393372,19.56
industrial_100k,pv_int,0.00144,0.0397276,19.48
industrial_100k,pv_int,0.00146,0.0401164,19.44
industrial_100k,pv_int,0.00148,0.0405036,19.32
industrial_100k,pv_int,0.0015,0.0408896,19.28
industrial_100k,pv_int,0.00152,0.0412748,19.24
industrial_100k,pv_int,0.00154,0.0416576,19.12
industrial_100k,pv_int,0.00157,0.0422284,19.0
industrial_100k,pv_int,0.00159,0.0426068,18.92
industrial_100k,pv_int,0.00161,0.0429848,18.88
industrial_100k,pv_int,0.00164,0.0435496,18.8
industrial_100k,pv_int,0.00166,0.0439248,18.76
industrial_100k,pv_int,0.00168,0.0442988,18.68
industrial_100k,pv_int,0.00171,0.044856,18.44
industrial_100k,pv_int,0.00173,0.0452236,18.36
industrial_100k,pv_int,0.00176,0.0457732,18.32
industrial_100k,pv_int,0.00178,0.0461388,18.28
industrial_100k,pv_int,0.00181,0.0466868,18.24
industrial_100k,pv_int,0.00184,0.0472328,18.16
industrial_100k,pv_int,0.00186,0.0475948,18.08
industrial_100k,pv_int,0.00189,0.0481356,18.0
industrial_100k,pv_int,0.00192,0.0486744,17.96
industrial_100k,pv_int,0.00195,0.0492108,17.88
industrial_100k,pv_int,0.00197,0.0495672,17.8
industrial_100k,pv_int,0.002,0.0501,17.72
industrial_100k,pv_int,0.00203,0.0506304,17.64
industrial_100k,pv_int,0.00206,0.0511576,17.52
industrial_100k,pv_int,0.00209,0.0516816,17.44
industrial_100k,pv_int,0.00212,0.0522044,17.4
industrial_100k,pv_int,0.00215,0.0527252,17.36
industrial_100k,pv_int,0.00218,0.0532444,17.28
industrial_100k,pv_int,0.00222,0.0539332,17.2
industrial_100k,pv_int,0.00225,0.054448,17.16
industrial_100k,pv_int,0.00228,0.054962,17.12
industrial_100k,pv_int,0.00231,0.0554752,17.08
industrial_100k,pv_int,0.00235,0.0561568,17.0
industrial_100k,pv_int,0.00238,0.0566664,16.96
industrial_100k,pv_int,0.00242,0.0573424,16.88
industrial_100k,pv_int,0.00245,0.0578472,16.8
industrial_100k,pv_int,0.00249,0.0585168,16.72
industrial_100k,pv_int,0.00252,0.0590176,16.64
industrial_100k,pv_int,0.00256,0.0596812,16.56
industrial_100k,pv_int,0.0026,0.0603424,16.48
industrial_100k,pv_int,0.00264,0.0609948,16.28
industrial_100k,pv_int,0.00267,0.0614804,16.12
industrial_100k,pv_int,0.00271,0.062122,16.0
industrial_100k,pv_int,0.00275,0.0627608,15.96
industrial_100k,pv_int,0.00279,0.0633972,15.88
industrial_100k,pv_int,0.00283,0.0640324,15.88
industrial_100k,pv_int,0.00287,0.064664,15.76
industrial_100k,pv_int,0.00292,0.0654496,15.64
industrial_100k,pv_int,0.00296,0.066074,15.6
industrial_100k,pv_int,0.003,0.0666964,15.56
industrial_100k,pv_int,0.00305,0.0674716,15.48
industrial_100k,pv_int,0.00309,0.06809,15.44
industrial_100k,pv_int,0.00313,0.0687072,15.4
industrial_100k,pv_int,0.00318,0.0694748,15.32
industrial_100k,pv_int,0.00323,0.0702372,15.24
industrial_100k,pv_int,0.00327,0.0708468,15.24
industrial_100k,pv_int,0.00332,0.0716072,15.2
industrial_100k,pv_int,0.00337,0.072366,15.16
industrial_100k,pv_int,0.00342,0.073122,15.08
industrial_100k,pv_int,0.00347,0.0738748,15.0
industrial_100k,pv_int,0.00352,0.074624,14.96
industrial_100k,pv_int,0.00357,0.0753672,14.8
industrial_100k,pv_int,0.00362,0.0761048,14.72
industrial_100k,pv_int,0.00367,0.0768396,14.64
industrial_100k,pv_int,0.00373,0.077714,14.52
industrial_100k,pv_int,0.00378,0.0784388,14.44
industrial_100k,pv_int,0.00384,0.0792988,14.2
industrial_100k,pv_int,0.00389,0.0800052,14.08
industrial_100k,pv_int,0.00395,0.0808464,14.0
industrial_100k,pv_int,0.00401,0.081684,13.92
industrial_100k,pv_int,0.00406,0.082376,13.8
industrial_100k,pv_int,0.00412,0.0832024,13.76
industrial_100k,pv_int,0.00418,0.0840236,13.68
industrial_100k,pv_int,0.00424,0.08484,13.6
industrial_100k,pv_int,0.00431,0.0857856,13.44
industrial_100k,pv_int,0.00437,0.086588,13.36
industrial_100k,pv_int,0.00443,0.0873848,13.24
industrial_100k,pv_int,0.0045,0.08831,13.2
industrial_100k,pv_int,0.00456,0.0890996,13.12
industrial_100k,pv_int,0.00463,0.0900148,13.0
industrial_100k,pv_int,0.00469,0.0907936,12.96
industrial_100k,pv_int,0.00476,0.0917,12.92
industrial_100k,pv_int,0.00483,0.0926028,12.88
industrial_100k,pv_int,0.0049,0.0934988,12.72
industrial_100k,pv_int,0.00497,0.0943876,12.68
industrial_100k,pv_int,0.00505,0.0953984,12.6
industrial_100k,pv_int,0.00512,0.0962784,12.52
industrial_100k,pv_int,0.00519,0.0971528,12.44
industrial_100k,pv_int,0.00527,0.0981436,12.32
industrial_100k,pv_int,0.00535,0.0991288,12.28
industrial_100k,pv_int,0.00542,0.0999864,12.24
industrial_100k,pv_int,0.0055,0.1009608,12.16
industrial_100k,pv_int,0.00558,0.1019288,12.08
industrial_100k,pv_int,0.00566,0.1028908,12.0
industrial_100k,pv_int,0.00575,0.1039696,11.96
industrial_100k,pv_int,0.00583,0.104924,11.92
industrial_100k,pv_int,0.00591,0.1058748,11.88
industrial_100k,pv_int,0.006,0.1069388,11.8
industrial_100k,pv_int,0.00609,0.1079984,11.76
industrial_100k,pv_int,0.00618,0.1090524,11.68
industrial_100k,pv_int,0.00626,0.1099852,11.64
industrial_100k,pv_int,0.00636,0.1111424,11.52
industrial_100k,pv_int,0.00645,0.112174,11.4
industrial_100k,pv_int,0.00654,0.1131992,11.36
industrial_100k,pv_int,0.00664,0.1143304,11.28
industrial_100k,pv_int,0.00673,0.1153428,11.2
industrial_100k,pv_int,0.00683,0.1164572,11.12
industrial_100k,pv_int,0.00693,0.1175648,11.04
industrial_100k,pv_int,0.00703,0.1186672,11.0
industrial_100k,pv_int,0.00713,0.1197644,10.92
industrial_100k,pv_int,0.00724,0.1209632,10.88
industrial_100k,pv_int,0.00734,0.1220448,10.76
industrial_100k,pv_int,0.00745,0.123228,10.72
industrial_100k,pv_int,0.00756,0.1244056,10.64
industrial_100k,pv_int,0.00767,0.12557,10.56
industrial_100k,pv_int,0.00778,0.126726,10.48
industrial_100k,pv_int,0.00789,0.1278728,10.4
industrial_100k,pv_int,0.008,0.1290108,10.32
industrial_100k,pv_int,0.00812,0.1302432,10.24
industrial_100k,pv_int,0.00824,0.131468,10.16
industrial_100k,pv_int,0.00836,0.1326828,10.08
industrial_100k,pv_int,0.00848,0.1338868,10.0
industrial_100k,pv_int,0.0086,0.1350808,9.92
industrial_100k,pv_int,0.00873,0.1363656,9.84
industrial_100k,pv_int,0.00886,0.1376424,9.8
industrial_100k,pv_int,0.00898,0.1388156,9.76
industrial_100k,pv_int,0.00911,0.140078,9.68
industrial_100k,pv_int,0.00925,0.141426,9.6
industrial_100k,pv_int,0.00938,0.1426696,9.52
industrial_100k,pv_int,0.00952,0.1439992,9.48
industrial_100k,pv_int,0.00966,0.1453212,9.4
industrial_100k,pv_int,0.0098,0.1466324,9.32
industrial_100k,pv_int,0.00994,0.1479344,9.28
industrial_100k,pv_int,0.01008,0.1492292,9.24
industrial_100k,pv_int,0.01023,0.1506068,9.16
industrial_100k,pv_int,0.01038,0.151978,9.12
industrial_100k,pv_int,0.01053,0.1533436,9.08
industrial_100k,pv_int,0.01068,0.1547016,9.04
industrial_100k,pv_int,0.01084,0.1561424,8.96
industrial_100k,pv_int,0.01099,0.1574836,8.92
industrial_100k,pv_int,0.01115,0.1589036,8.84
industrial_100k,pv_int,0.01131,0.160316,8.8
industrial_100k,pv_int,0.01148,0.1618072,8.76
industrial_100k,pv_int,0.01165,0.1632832,8.64
industrial_100k,pv_int,0.01181,0.1646632,8.6
industrial_100k,pv_int,0.01199,0.1662056,8.56
industrial_100k,pv_int,0.01216,0.1676536,8.48
industrial_100k,pv_int,0.01234,0.169178,8.44
industrial_100k,pv_int,0.01252,0.170694,8.4
industrial_100k,pv_int,0.0127,0.1721988,8.32
industrial_100k,pv_int,0.01288,0.1736936,8.28
industrial_100k,pv_int,0.01307,0.1752628,8.24
industrial_100k,pv_int,0.01326,0.176818,8.16
industrial_100k,pv_int,0.01345,0.1783572,8.08
industrial_100k,pv_int,0.01365,0.1799676,8.04
industrial_100k,pv_int,0.01384,0.1814888,7.96
industrial_100k,pv_int,0.01405,0.183156,7.92
industrial_100k,pv_int,0.01425,0.1847348,7.84
industrial_100k,pv_int,0.01446,0.1863772,7.8
industrial_100k,pv_int,0.01467,0.1880076,7.72
industrial_100k,pv_int,0.01488,0.1896272,7.68
industrial_100k,pv_int,0.01509,0.1912352,7.64
industrial_100k,pv_int,0.01531,0.1929084,7.6
industrial_100k,pv_int,0.01554,0.1946456,7.52
industrial_100k,pv_int,0.01576,0.1962912,7.44
industrial_100k,pv_int,0.01599,0.1979988,7.4
industrial_100k,pv_int,0.01622,0.199696,7.36
industrial_100k,pv_int,0.01646,0.2014524,7.28
industrial_100k,pv_int,0.0167,0.2031912,7.2
industrial_100k,pv_int,0.01694,0.204918,7.16
industrial_100k,pv_int,0.01719,0.2067048,7.12
industrial_100k,pv_int,0.01744,0.2084796,7.08
industrial_100k,pv_int,0.01769,0.2102388,7.0
industrial_100k,pv_int,0.01795,0.2120532,6.96
industrial_100k,pv_int,0.01821,0.213852,6.88
industrial_100k,pv_int,0.01847,0.2156372,6.84
industrial_100k,pv_int,0.01874,0.2174788,6.8
industrial_100k,pv_int,0.01901,0.2193044,6.72
industrial_100k,pv_int,0.01929,0.22118,6.68
industrial_100k,pv_int,0.01957,0.2230424,6.64
industrial_100k,pv_int,0.01985,0.2248864,6.56
industrial_100k,pv_int,0.02014,0.2267796,6.52
industrial_100k,pv_int,0.02043,0.2286548,6.44
industrial_100k,pv_int,0.02073,0.2305792,6.4
industrial_100k,pv_int,0.02103,0.2324904,6.36
industrial_100k,pv_int,0.02133,0.234386,6.28
industrial_100k,pv_int,0.02164,0.2363316,6.24
industrial_100k,pv_int,0.02196,0.2383252,6.2
industrial_100k,pv_int,0.02228,0.2403044,6.16
industrial_100k,pv_int,0.0226,0.2422728,6.12
industrial_100k,pv_int,0.02293,0.2442864,6.08
industrial_100k,pv_int,0.02326,0.2462844,6.04
industrial_100k,pv_int,0.0236,0.2483296,6.0
industrial_100k,pv_int,0.02394,0.2503584,5.96
industrial_100k,pv_int,0.02429,0.2524308,5.88
industrial_100k,pv_int,0.02464,0.2544848,5.84
industrial_100k,pv_int,0.025,0.25658,5.8
industrial_100k,pv_int,0.02536,0.2586592,5.76
industrial_100k,pv_int,0.02573,0.2607808,5.72
industrial_100k,pv_int,0.0261,0.2628856,5.68
industrial_100k,pv_int,0.02648,0.2650352,5.64
industrial_100k,pv_int,0.02687,0.2672236,5.6
industrial_100k,pv_int,0.02726,0.2693908,5.52
industrial_100k,pv_int,0.02765,0.271536,5.48
industrial_100k,pv_int,0.02805,0.2737208,5.44
industrial_100k,pv_int,0.02846,0.2759428,5.4
industrial_100k,pv_int,0.02887,0.2781508,5.36
industrial_100k,pv_int,0.02929,0.2803944,5.32
industrial_100k,pv_int,0.02972,0.2826736,5.28
industrial_100k,pv_int,0.03015,0.2849324,5.24
industrial_100k,pv_int,0.03059,0.2872236,5.2
industrial_100k,pv_int,0.03103,0.2894964,5.16
industrial_100k,pv_int,0.03148,0.2918024,5.12
industrial_100k,pv_int,0.03194,0.2941412,5.08
industrial_100k,pv_int,0.0324,0.2964692,5.04
industrial_100k,pv_int,0.03287,0.2988336,5.0
industrial_100k,pv_int,0.03335,0.301226,4.96
industrial_100k,pv_int,0.03383,0.3035976,4.92
industrial_100k,pv_int,0.03432,0.305998,4.88
industrial_100k,pv_int,0.03482,0.308422,4.84
industrial_100k,pv_int,0.03533,0.31087,4.76
industrial_100k,pv_int,0.03584,0.3132888,4.72
industrial_100k,pv_int,0.03636,0.3157364,4.68
industrial_100k,pv_int,0.03689,0.31821,4.64
industrial_100k,pv_int,0.03742,0.3206596,4.6
industrial_100k,pv_int,0.03797,0.3231784,4.56
industrial_100k,pv_int,0.03852,0.3256788,4.52
industrial_100k,pv_int,0.03908,0.3282044,4.48
industrial_100k,pv_int,0.03965,0.3307536,4.44
industrial_100k,pv_int,0.04022,0.3332796,4.4
industrial_100k,pv_int,0.0408,0.3358236,4.36
industrial_100k,pv_int,0.0414,0.3384296,4.32
industrial_100k,pv_int,0.042,0.3410148,4.28
industrial_100k,pv_int,0.04261,0.343622,4.24
industrial_100k,pv_int,0.04323,0.34625,4.2
industrial_100k,pv_int,0.04385,0.3488512,4.16
industrial_100k,pv_int,0.04449,0.3515092,4.12
industrial_100k,pv_int,0.04514,0.3541872,4.12
industrial_100k,pv_int,0.04579,0.3568408,4.08
industrial_100k,pv_int,0.04646,0.3595508,4.04
industrial_100k,pv_int,0.04713,0.3622448,4.0
industrial_100k,pv_int,0.04781,0.3649592,3.96
industrial_100k,pv_int,0.04851,0.3677236,3.92
industrial_100k,pv_int,0.04921,0.3704644,3.88
industrial_100k,pv_int,0.04993,0.373258,3.88
industrial_100k,pv_int,0.05065,0.3760264,3.84
industrial_100k,pv_int,0.05139,0.3788472,3.8
industrial_100k,pv_int,0.05213,0.3816404,3.76
industrial_100k,pv_int,0.05289,0.3844836,3.72
industrial_100k,pv_int,0.05366,0.3873332,3.68
industrial_100k,pv_int,0.05444,0.3901892,3.64
industrial_100k,pv_int,0.05523,0.393056,3.6
industrial_100k,pv_int,0.05603,0.3959344,3.56
industrial_100k,pv_int,0.05684,0.398818,3.56
industrial_100k,pv_int,0.05767,0.4017456,3.52
industrial_100k,pv_int,0.0585,0.4046488,3.48
industrial_100k,pv_int,0.05935,0.4075984,3.44
industrial_100k,pv_int,0.06021,0.410552,3.4
industrial_100k,pv_int,0.06109,0.4135428,3.36
industrial_100k,pv_int,0.06197,0.4164996,3.36
industrial_100k,pv_int,0.06287,0.4194912,3.32
industrial_100k,pv_int,0.06379,0.4225264,3.28
industrial_100k,pv_int,0.06471,0.4255356,3.24
industrial_100k,pv_int,0.06565,0.4285812,3.24
industrial_100k,pv_int,0.0666,0.431624,3.2
industrial_100k,pv_int,0.06757,0.4346996,3.16
industrial_100k,pv_int,0.06855,0.4377708,3.12
industrial_100k,pv_int,0.06955,0.4408688,3.08
industrial_100k,pv_int,0.07056,0.4439748,3.04
industrial_100k,pv_int,0.07158,0.4470756,3.04
industrial_100k,pv_int,0.07262,0.4502096,3.0
industrial_100k,pv_int,0.07367,0.4533396,2.96
industrial_100k,pv_int,0.07474,0.4565068,2.96
industrial_100k,pv_int,0.07583,0.4596904,2.92
industrial_100k,pv_int,0.07693,0.462874,2.88
industrial_100k,pv_int,0.07804,0.466058,2.84
industrial_100k,pv_int,0.07918,0.4692956,2.84
industrial_100k,pv_int,0.08033,0.4725172,2.8
industrial_100k,pv_int,0.08149,0.4757516,2.76
industrial_100k,pv_int,0.08267,0.4790084,2.76
industrial_100k,pv_int,0.08387,0.4822788,2.72
industrial_100k,pv_int,0.08509,0.4855732,2.68
industrial_100k,pv_int,0.08633,0.488894,2.64
industrial_100k,pv_int,0.08758,0.492194,2.64
industrial_100k,pv_int,0.08885,0.495514,2.6
industrial_100k,pv_int,0.09014,0.4988516,2.56
industrial_100k,pv_int,0.09145,0.5022052,2.56
industrial_100k,pv_int,0.09278,0.505564,2.52
industrial_100k,pv_int,0.09412,0.5089212,2.48
industrial_100k,pv_int,0.09549,0.5123188,2.48
industrial_100k,pv_int,0.09687,0.5156864,2.44
industrial_100k,pv_int,0.09828,0.519092,2.4
industrial_100k,pv_int,0.09971,0.522516,2.36
industrial_100k,pv_int,0.10115,0.5259144,2.36
industrial_100k,pv_int,0.10262,0.5293452,2.32
industrial_100k,pv_int,0.10411,0.5327916,2.28
industrial_100k,pv_int,0.10562,0.5362344,2.28
industrial_100k,pv_int,0.10716,0.5397052,2.24
industrial_100k,pv_int,0.10871,0.5431708,2.2
industrial_100k,pv_int,0.11029,0.5466468,2.2
industrial_100k,pv_int,0.11189,0.5501248,2.16
industrial_100k,pv_int,0.11351,0.553624,2.16
industrial_100k,pv_int,0.11516,0.557132,2.12
industrial_100k,pv_int,0.11683,0.5606552,2.08
industrial_100k,pv_int,0.11853,0.5641912,2.08
industrial_100k,pv_int,0.12025,0.5677176,2.04
industrial_100k,pv_int,0.12199,0.5712516,2.0
industrial_100k,pv_int,0.12377,0.5748116,2.0
industrial_100k,pv_int,0.12556,0.5783456,1.96
industrial_100k,pv_int,0.12738,0.5819084,1.92
industrial_100k,pv_int,0.12923,0.5854604,1.92
industrial_100k,pv_int,0.13111,0.58904,1.88
industrial_100k,pv_int,0.13301,0.592612,1.88
industrial_100k,pv_int,0.13494,0.5961876,1.84
industrial_100k,pv_int,0.1369,0.599794,1.84
industrial_100k,pv_int,0.13889,0.6033928,1.8
industrial_100k,pv_int,0.1409,0.6070108,1.8
industrial_100k,pv_int,0.14295,0.61062,1.76
industrial_100k,pv_int,0.14502,0.614242,1.72
industrial_100k,pv_int,0.14713,0.6178712,1.72
industrial_100k,pv_int,0.14926,0.621504,1.68
industrial_100k,pv_int,0.15143,0.6251496,1.68
industrial_100k,pv_int,0.15363,0.6288056,1.64
industrial_100k,pv_int,0.15586,0.6324628,1.64
industrial_100k,pv_int,0.15812,0.6361068,1.6
industrial_100k,pv_int,0.16041,0.6397708,1.6
industrial_100k,pv_int,0.16274,0.6434396,1.56
industrial_100k,pv_int,0.1651,0.6471212,1.56
industrial_100k,pv_int,0.1675,0.6507712,1.52
industrial_100k,pv_int,0.16993,0.6544484,1.48
industrial_100k,pv_int,0.1724,0.658104,1.48
industrial_100k,pv_int,0.1749,0.661804,1.48
industrial_100k,pv_int,0.17744,0.665464,1.44
industrial_100k,pv_int,0.18001,0.6691648,1.44
industrial_100k,pv_int,0.18263,0.6728372,1.4
industrial_100k,pv_int,0.18528,0.6765472,1.4
industrial_100k,pv_int,0.18797,0.6802164,1.36
industrial_100k,pv_int,0.19069,0.6839156,1.36
industrial_100k,pv_int,0.19346,0.68759,1.32
industrial_100k,pv_int,0.19627,0.6912992,1.32
industrial_100k,pv_int,0.19912,0.6949608,1.28
industrial_100k,pv_int,0.20201,0.69866,1.28
industrial_100k,pv_int,0.20494,0.7023284,1.24
industrial_100k,pv_int,0.20792,0.7060236,1.24
industrial_100k,pv_int,0.21093,0.709692,1.2
industrial_100k,pv_int,0.21399,0.713364,1.2
industrial_100k,pv_int,0.2171,0.7170628,1.16
industrial_100k,pv_int,0.22025,0.7207168,1.16
industrial_100k,pv_int,0.22345,0.7244288,1.16
industrial_100k,pv_int,0.22669,0.7280584,1.12
industrial_100k,pv_int,0.22998,0.7317432,1.12
industrial_100k,pv_int,0.23332,0.7353912,1.08
industrial_100k,pv_int,0.23671,0.7390524,1.08
industrial_100k,pv_int,0.24014,0.7426904,1.04
industrial_100k,pv_int,0.24363,0.74632,1.04
industrial_100k,pv_int,0.24716,0.7499752,1.0
industrial_100k,pv_int,0.25075,0.7535652,1.0
industrial_100k,pv_int,0.25439,0.7572052,1.0
industrial_100k,pv_int,0.25808,0.7607788,0.96
industrial_100k,pv_int,0.26183,0.7643788,0.96
industrial_100k,pv_int,0.26563,0.7679788,0.92
industrial_100k,pv_int,0.26948,0.7715208,0.92
industrial_100k,pv_int,0.27339,0.775118,0.92
industrial_100k,pv_int,0.27736,0.778648,0.88
industrial_100k,pv_int,0.28139,0.7821944,0.88
industrial_100k,pv_int,0.28547,0.7857456,0.84
industrial_100k,pv_int,0.28961,0.7892232,0.84
industrial_100k,pv_int,0.29382,0.7927596,0.84
industrial_100k,pv_int,0.29808,0.7962208,0.8
industrial_100k,pv_int,0.30241,0.7996848,0.8
industrial_100k,pv_int,0.3068,0.8031968,0.8
industrial_100k,pv_int,0.31125,0.80658,0.76
industrial_100k,pv_int,0.31577,0.8100152,0.76
industrial_100k,pv_int,0.32035,0.8134556,0.72
industrial_100k,pv_int,0.325,0.8168036,0.72
industrial_100k,pv_int,0.32972,0.820202,0.72
industrial_100k,pv_int,0.3345,0.8235564,0.68
industrial_100k,pv_int,0.33936,0.8268612,0.68
industrial_100k,pv_int,0.34428,0.8302068,0.68
industrial_100k,pv_int,0.34928,0.8334904,0.64
industrial_100k,pv_int,0.35435,0.8367352,0.64
industrial_100k,pv_int,0.35949,0.8400248,0.64
industrial_100k,pv_int,0.36471,0.8432268,0.6
industrial_100k,pv_int,0.37,0.8464008,0.6
industrial_100k,pv_int,0.37537,0.8496228,0.6
industrial_100k,pv_int,0.38082,0.8527764,0.56
industrial_100k,pv_int,0.38635,0.8558732,0.56
industrial_100k,pv_int,0.39195,0.8590092,0.56
industrial_100k,pv_int,0.39764,0.8621524,0.52
industrial_100k,pv_int,0.40341,0.8651528,0.52
industrial_100k,pv_int,0.40927,0.8682,0.52
industrial_100k,pv_int,0.41521,0.8712888,0.52
industrial_100k,pv_int,0.42124,0.8742556,0.48
industrial_100k,pv_int,0.42735,0.8771884,0.48
industrial_100k,pv_int,0.43355,0.8801644,0.48
industrial_100k,pv_int,0.43984,0.8831404,0.44
industrial_100k,pv_int,0.44623,0.885952,0.44
industrial_100k,pv_int,0.4527,0.8887988,0.44
industrial_100k,pv_int,0.45928,0.891694,0.44
industrial_100k,pv_int,0.46594,0.8945152,0.4
industrial_100k,pv_int,0.4727,0.8972192,0.4
industrial_100k,pv_int,0.47956,0.8999632,0.4
industrial_100k,pv_int,0.48652,0.9027472,0.4
industrial_100k,pv_int,0.49359,0.905422,0.36
industrial_100k,pv_int,0.50075,0.9079996,0.36
industrial_100k,pv_int,0.50802,0.9106168,0.36
industrial_100k,pv_int,0.51539,0.91327,0.36
industrial_100k,pv_int,0.52287,0.9159424,0.32
industrial_100k,pv_int,0.53046,0.9183712,0.32
industrial_100k,pv_int,0.53816,0.9208352,0.32
industrial_100k,pv_int,0.54597,0.9233344,0.32
industrial_100k,pv_int,0.55389,0.9258688,0.32
industrial_100k,pv_int,0.56193,0.9284076,0.28
industrial_100k,pv_int,0.57009,0.9306924,0.28
industrial_100k,pv_int,0.57836,0.933008,0.28
industrial_100k,pv_int,0.58676,0.93536,0.28
industrial_100k,pv_int,0.59527,0.9377428,0.28
industrial_100k,pv_int,0.60391,0.940162,0.28
industrial_100k,pv_int,0.61268,0.9423688,0.24
industrial_100k,pv_int,0.62157,0.9445024,0.24
industrial_100k,pv_int,0.63059,0.9466672,0.24
industrial_100k,pv_int,0.63974,0.9488632,0.24
industrial_100k,pv_int,0.64903,0.9510928,0.24
industrial_100k,pv_int,0.65845,0.9533536,0.24
industrial_100k,pv_int,0.668,0.955498,0.2
industrial_100k,pv_int,0.6777,0.957438,0.2
industrial_100k,pv_int,0.68753,0.959404,0.2
industrial_100k,pv_int,0.69751,0.9614,0.2
industrial_100k,pv_int,0.70763,0.963424,0.2
industrial_100k,pv_int,0.71791,0.96548,0.2
industrial_100k,pv_int,0.72832,0.967562,0.2
industrial_100k,pv_int,0.7389,0.969558,0.16
industrial_100k,pv_int,0.74962,0.9712732,0.16
industrial_100k,pv_int,0.7605,0.973014,0.16
industrial_100k,pv_int,0.77154,0.9747804,0.16
industrial_100k,pv_int,0.78273,0.9765708,0.16
industrial_100k,pv_int,0.79409,0.9783884,0.16
industrial_100k,pv_int,0.80562,0.9802332,0.16
industrial_100k,pv_int,0.81731,0.9821036,0.16
industrial_100k,pv_int,0.82917,0.983684,0.12
industrial_100k,pv_int,0.84121,0.9851288,0.12
industrial_100k,pv_int,0.85342,0.986594,0.12
industrial_100k,pv_int,0.8658,0.9880796,0.12
industrial_100k,pv_int,0.87837,0.989588,0.12
industrial_100k,pv_int,0.89112,0.991118,0.12
industrial_100k,pv_int,0.90405,0.9926696,0.12
industrial_100k,pv_int,0.91717,0.9939956,0.08
industrial_100k,pv_int,0.93048,0.9950604,0.08
industrial_100k,pv_int,0.94399,0.9961412,0.08
industrial_100k,pv_int,0.95769,0.9972372,0.08
industrial_100k,pv_int,0.97159,0.9983492,0.08
industrial_100k,pv_int,0.98569,0.9994276,0.04
industrial_100k,pv_int,1.0,1.0,0.04
industrial_100k,pv_scaled_1_100,1e-05,0.0005541916283812616,55.41916283812617
industrial_100k,pv_scaled_1_100,2e-05,0.0010474221776405846,49.32305492593229
industrial_100k,pv_scaled_1_100,3e-05,0.0015129431454808443,46.552096784025984
industrial_100k,pv_scaled_1_100,4e-05,0.0018842515364962896,37.13083910154453
industrial_100k,pv_scaled_1_100,5e-05,0.00224447609494411,36.02245584478201
industrial_100k,pv_scaled_1_100,6e-05,0.002588074904540492,34.359880959638225
industrial_100k,pv_scaled_1_100,7e-05,0.0029316737141368743,34.359880959638225
industrial_100k,pv_scaled_1_100,8e-05,0.003269730607449444,33.805689331256964
industrial_100k,pv_scaled_1_100,9e-05,0.003585619835626763,31.588922817731916
industrial_100k,pv_scaled_1_100,0.0001,0.0038848833149526443,29.92634793258813
industrial_100k,pv_scaled_1_100,0.00011,0.004178604877994713,29.372156304206868
industrial_100k,pv_scaled_1_100,0.00012,0.004455700692185344,27.709581419063085
industrial_100k,pv_scaled_1_100,0.00013,0.00472171267380835,26.60119816230056
industrial_100k,pv_scaled_1_100,0.00014,0.004982182739147543,26.047006533919298
industrial_100k,pv_scaled_1_100,0.00015,0.0052426528044867355,26.047006533919298
industrial_100k,pv_scaled_1_100,0.00016,0.005486497120974491,24.384431648775514
industrial_100k,pv_scaled_1_100,0.00017,0.005724799521178433,23.830240020394253
industrial_100k,pv_scaled_1_100,0.00018,0.005963101921382376,23.830240020394253
industrial_100k,pv_scaled_1_100,0.00019,0.006201404321586318,23.830240020394253
industrial_100k,pv_scaled_1_100,0.0002,0.006434164805506448,23.276048392012992
industrial_100k,pv_scaled_1_100,0.00021,0.006666925289426578,23.276048392012992
industrial_100k,pv_scaled_1_100,0.00022,0.006894143857062896,22.721856763631727
industrial_100k,pv_scaled_1_100,0.00023,0.007110278592131587,21.613473506869205
industrial_100k,pv_scaled_1_100,0.00024,0.007326413327200279,21.613473506869205
industrial_100k,pv_scaled_1_100,0.00025,0.007542548062268972,21.613473506869205
industrial_100k,pv_scaled_1_100,0.00026,0.007758682797337663,21.613473506869205
industrial_100k,pv_scaled_1_100,0.00027,0.007974817532406355,21.613473506869205
industrial_100k,pv_scaled_1_100,0.00028,0.008185410351191235,21.059281878487944
industrial_100k,pv_scaled_1_100,0.00029,0.008396003169976114,21.059281878487944
industrial_100k,pv_scaled_1_100,0.0003,0.00860105407247718,20.505090250106683
industrial_100k,pv_scaled_1_100,0.00031,0.008806104974978248,20.505090250106683
industrial_100k,pv_scaled_1_100,0.00032,0.009011155877479315,20.505090250106683
industrial_100k,pv_scaled_1_100,0.00033,0.00921066486369657,19.950898621725422
industrial_100k,pv_scaled_1_100,0.00034,0.00940463193363001,19.396706993344157
industrial_100k,pv_scaled_1_100,0.00035,0.009598599003563453,19.396706993344157
industrial_100k,pv_scaled_1_100,0.00036,0.009787024157213081,18.842515364962896
industrial_100k,pv_scaled_1_100,0.00037,0.00997544931086271,18.842515364962896
industrial_100k,pv_scaled_1_100,0.00038,0.01016387446451234,18.842515364962896
industrial_100k,pv_scaled_1_100,0.00039,0.010352299618161968,18.842515364962896
industrial_100k,pv_scaled_1_100,0.0004,0.010540724771811597,18.842515364962896
industrial_100k,pv_scaled_1_100,0.00041,0.010729149925461225,18.842515364962896
industrial_100k,pv_scaled_1_100,0.00042,0.010912033162827042,18.288323736581635
industrial_100k,pv_scaled_1_100,0.00043,0.011094916400192858,18.288323736581635
industrial_100k,pv_scaled_1_100,0.00044,0.011277799637558676,18.288323736581635
industrial_100k,pv_scaled_1_100,0.00045,0.011460682874924492,18.288323736581635
industrial_100k,pv_scaled_1_100,0.00046,0.011638024196006494,17.734132108200374
industrial_100k,pv_scaled_1_100,0.00047,0.011815365517088498,17.734132108200374
industrial_100k,pv_scaled_1_100,0.00048,0.011992706838170502,17.734132108200374
industrial_100k,pv_scaled_1_100,0.00049,0.012170048159252506,17.734132108200374
industrial_100k,pv_scaled_1_100,0.0005,0.01234738948033451,17.734132108200374
industrial_100k,pv_scaled_1_100,0.00051,0.012524730801416514,17.734132108200374
industrial_100k,pv_scaled_1_100,0.00052,0.012702072122498518,17.734132108200374
industrial_100k,pv_scaled_1_100,0.00053,0.01287941344358052,17.734132108200374
industrial_100k,pv_scaled_1_100,0.00054,0.013056754764662525,17.734132108200374
industrial_100k,pv_scaled_1_100,0.00055,0.013228554169460716,17.179940479819113
industrial_100k,pv_scaled_1_100,0.00056,0.013400353574258908,17.179940479819113
industrial_100k,pv_scaled_1_100,0.00057,0.013572152979057098,17.179940479819113
industrial_100k,pv_scaled_1_100,0.00058,0.01374395238385529,17.179940479819113
industrial_100k,pv_scaled_1_100,0.00059,0.01391575178865348,17.179940479819113
industrial_100k,pv_scaled_1_100,0.0006,0.014087551193451672,17.179940479819113
industrial_100k,pv_scaled_1_100,0.00061,0.014259350598249863,17.179940479819113
industrial_100k,pv_scaled_1_100,0.00062,0.014431150003048053,17.179940479819113
industrial_100k,pv_scaled_1_100,0.00063,0.014602949407846245,17.179940479819113
industrial_100k,pv_scaled_1_100,0.00064,0.014774748812644437,17.179940479819113
industrial_100k,pv_scaled_1_100,0.00065,0.014941006301158815,16.62574885143785
industrial_100k,pv_scaled_1_100,0.00066,0.015107263789673192,16.62574885143785
industrial_100k,pv_scaled_1_100,0.00067,0.015273521278187572,16.62574885143785
industrial_100k,pv_scaled_1_100,0.00068,0.01543977876670195,16.62574885143785
industrial_100k,pv_scaled_1_100,0.00069,0.01560603625521633,16.62574885143785
industrial_100k,pv_scaled_1_100,0.0007,0.01577229374373071,16.62574885143785
industrial_100k,pv_scaled_1_100,0.00071,0.015938551232245086,16.62574885143785
industrial_100k,pv_scaled_1_100,0.00072,0.016104808720759464,16.62574885143785
industrial_100k,pv_scaled_1_100,0.00073,0.01626552429299003,16.07155722305659
industrial_100k,pv_scaled_1_100,0.00074,0.016426239865220595,16.07155722305659
industrial_100k,pv_scaled_1_100,0.00075,0.016586955437451163,16.07155722305659
industrial_100k,pv_scaled_1_100,0.00076,0.016747671009681726,16.07155722305659
industrial_100k,pv_scaled_1_100,0.00077,0.016908386581912294,16.07155722305659
industrial_100k,pv_scaled_1_100,0.00078,0.01706910215414286,16.07155722305659
industrial_100k,pv_scaled_1_100,0.00079,0.017229817726373425,16.07155722305659
industrial_100k,pv_scaled_1_100,0.00081,0.017551248870834556,16.07155722305659
industrial_100k,pv_scaled_1_100,0.00082,0.017711964443065123,16.07155722305659
industrial_100k,pv_scaled_1_100,0.00083,0.017867138099011876,15.517365594675328
industrial_100k,pv_scaled_1_100,0.00084,0.01802231175495863,15.517365594675328
industrial_100k,pv_scaled_1_100,0.00085,0.018177485410905383,15.517365594675328
industrial_100k,pv_scaled_1_100,0.00087,0.01848783272279889,15.517365594675328
industrial_100k,pv_scaled_1_100,0.00088,0.018643006378745643,15.517365594675328
industrial_100k,pv_scaled_1_100,0.00089,0.018798180034692396,15.517365594675328
industrial_100k,pv_scaled_1_100,0.0009,0.01895335369063915,15.517365594675328
industrial_100k,pv_scaled_1_100,0.00092,0.019263701002532656,15.517365594675328
industrial_100k,pv_scaled_1_100,0.00093,0.01941887465847941,15.517365594675328
industrial_100k,pv_scaled_1_100,0.00094,0.01956850639814235,14.963173966294065
industrial_100k,pv_scaled_1_100,0.00096,0.01986776987746823,14.963173966294065
industrial_100k,pv_scaled_1_100,0.00097,0.020017401617131173,14.963173966294065
industrial_100k,pv_scaled_1_100,0.00099,0.020316665096457052,14.963173966294065
industrial_100k,pv_scaled_1_100,0.001,0.020466296836119995,14.963173966294065
industrial_100k,pv_scaled_1_100,0.00102,0.020765560315445873,14.963173966294065
industrial_100k,pv_scaled_1_100,0.00103,0.020915192055108816,14.963173966294065
industrial_100k,pv_scaled_1_100,0.00105,0.021214455534434698,14.963173966294065
industrial_100k,pv_scaled_1_100,0.00106,0.021358545357813823,14.408982337912803
industrial_100k,pv_scaled_1_100,0.00108,0.02164672500457208,14.408982337912803
industrial_100k,pv_scaled_1_100,0.00109,0.02179081482795121,14.408982337912803
industrial_100k,pv_scaled_1_100,0.00111,0.022078994474709464,14.408982337912803
industrial_100k,pv_scaled_1_100,0.00112,0.022223084298088593,14.408982337912803
industrial_100k,pv_scaled_1_100,0.00114,0.02251126394484685,14.408982337912803
industrial_100k,pv_scaled_1_100,0.00116,0.022799443591605104,14.408982337912803
industrial_100k,pv_scaled_1_100,0.00117,0.022943533414984233,14.408982337912803
industrial_100k,pv_scaled_1_100,0.00119,0.02323171306174249,14.408982337912803
industrial_100k,pv_scaled_1_100,0.00121,0.023519892708500745,14.408982337912803
industrial_100k,pv_scaled_1_100,0.00123,0.02380253043897519,13.854790709531542
industrial_100k,pv_scaled_1_100,0.00124,0.023941078346070503,13.854790709531542
industrial_100k,pv_scaled_1_100,0.00126,0.024218174160261136,13.854790709531542
industrial_100k,pv_scaled_1_100,0.00128,0.024495269974451766,13.854790709531542
industrial_100k,pv_scaled_1_100,0.0013,0.024772365788642395,13.854790709531542
industrial_100k,pv_scaled_1_100,0.00132,0.02504946160283303,13.854790709531542
industrial_100k,pv_scaled_1_100,0.00134,0.025326557417023658,13.854790709531542
industrial_100k,pv_scaled_1_100,0.00136,0.025592569398646663,13.30059908115028
industrial_100k,pv_scaled_1_100,0.00138,0.02585858138026967,13.30059908115028
industrial_100k,pv_scaled_1_100,0.0014,0.026124593361892674,13.30059908115028
industrial_100k,pv_scaled_1_100,0.00142,0.026390605343515682,13.30059908115028
industrial_100k,pv_scaled_1_100,0.00144,0.026656617325138687,13.30059908115028
industrial_100k,pv_scaled_1_100,0.00146,0.026922629306761692,13.30059908115028
industrial_100k,pv_scaled_1_100,0.00148,0.027188641288384698,13.30059908115028
industrial_100k,pv_scaled_1_100,0.0015,0.027454653270007703,13.30059908115028
industrial_100k,pv_scaled_1_100,0.00152,0.027715123335346897,12.746407452769018
industrial_100k,pv_scaled_1_100,0.00154,0.027970051484402278,12.746407452769018
industrial_100k,pv_scaled_1_100,0.00157,0.028352443707985345,12.746407452769018
industrial_100k,pv_scaled_1_100,0.00159,0.028607371857040726,12.746407452769018
industrial_100k,pv_scaled_1_100,0.00161,0.028862300006096107,12.746407452769018
industrial_100k,pv_scaled_1_100,0.00164,0.029244692229679178,12.746407452769018
industrial_100k,pv_scaled_1_100,0.00166,0.02949962037873456,12.746407452769018
industrial_100k,pv_scaled_1_100,0.00168,0.02975454852778994,12.746407452769018
industrial_100k,pv_scaled_1_100,0.00171,0.03013694075137301,12.746407452769018
industrial_100k,pv_scaled_1_100,0.00173,0.030380785067860766,12.192215824387757
industrial_100k,pv_scaled_1_100,0.00176,0.0307465515425924,12.192215824387757
industrial_100k,pv_scaled_1_100,0.00178,0.03099039585908015,12.192215824387757
industrial_100k,pv_scaled_1_100,0.00181,0.031356162333811784,12.192215824387757
industrial_100k,pv_scaled_1_100,0.00184,0.031721928808543416,12.192215824387757
industrial_100k,pv_scaled_1_100,0.00186,0.031965773125031176,12.192215824387757
industrial_100k,pv_scaled_1_100,0.00189,0.03233153959976281,12.192215824387757
industrial_100k,pv_scaled_1_100,0.00192,0.03269730607449444,12.192215824387757
industrial_100k,pv_scaled_1_100,0.00195,0.03306307254922607,12.192215824387757
industrial_100k,pv_scaled_1_100,0.00197,0.033306916865713826,12.192215824387757
industrial_100k,pv_scaled_1_100,0.002,0.03367268334044546,12.192215824387757
industrial_100k,pv_scaled_1_100,0.00203,0.03403844981517709,12.192215824387757
industrial_100k,pv_scaled_1_100,0.00206,0.0343931324573411,11.638024196006496
industrial_100k,pv_scaled_1_100,0.00209,0.034742273183221296,11.638024196006496
industrial_100k,pv_scaled_1_100,0.00212,0.03509141390910149,11.638024196006496
industrial_100k,pv_scaled_1_100,0.00215,0.035440554634981684,11.638024196006496
industrial_100k,pv_scaled_1_100,0.00218,0.03578969536086188,11.638024196006496
industrial_100k,pv_scaled_1_100,0.00222,0.03625521632870214,11.638024196006496
industrial_100k,pv_scaled_1_100,0.00225,0.036604357054582336,11.638024196006496
industrial_100k,pv_scaled_1_100,0.00228,0.03695349778046253,11.638024196006496
industrial_100k,pv_scaled_1_100,0.00231,0.037302638506342724,11.638024196006496
industrial_100k,pv_scaled_1_100,0.00235,0.03776815947418298,11.638024196006496
industrial_100k,pv_scaled_1_100,0.00238,0.03811730020006318,11.638024196006496
industrial_100k,pv_scaled_1_100,0.00242,0.03858282116790344,11.638024196006496
industrial_100k,pv_scaled_1_100,0.00245,0.03893196189378363,11.638024196006496
industrial_100k,pv_scaled_1_100,0.00249,0.039380857112772456,11.083832567625233
industrial_100k,pv_scaled_1_100,0.00252,0.03971337208980121,11.083832567625233
industrial_100k,pv_scaled_1_100,0.00256,0.04015672539250622,11.083832567625233
industrial_100k,pv_scaled_1_100,0.0026,0.040600078695211234,11.083832567625233
industrial_100k,pv_scaled_1_100,0.00264,0.04104343199791624,11.083832567625233
industrial_100k,pv_scaled_1_100,0.00267,0.041375946974944997,11.083832567625233
industrial_100k,pv_scaled_1_100,0.00271,0.041819300277650004,11.083832567625233
industrial_100k,pv_scaled_1_100,0.00275,0.04226265358035502,11.083832567625233
industrial_100k,pv_scaled_1_100,0.00279,0.04268383921792478,10.529640939243972
industrial_100k,pv_scaled_1_100,0.00283,0.043105024855494535,10.529640939243972
industrial_100k,pv_scaled_1_100,0.00287,0.04352621049306429,10.529640939243972
industrial_100k,pv_scaled_1_100,0.00292,0.04405269254002649,10.529640939243972
industrial_100k,pv_scaled_1_100,0.00296,0.04447387817759625,10.529640939243972
industrial_100k,pv_scaled_1_100,0.003,0.04489506381516601,10.529640939243972
industrial_100k,pv_scaled_1_100,0.00305,0.04542154586212821,10.529640939243972
industrial_100k,pv_scaled_1_100,0.00309,0.04584273149969797,10.529640939243972
industrial_100k,pv_scaled_1_100,0.00313,0.04626391713726773,10.529640939243972
industrial_100k,pv_scaled_1_100,0.00318,0.046790399184229926,10.529640939243972
industrial_100k,pv_scaled_1_100,0.00323,0.04731688123119212,10.529640939243972
industrial_100k,pv_scaled_1_100,0.00327,0.04773806686876188,10.529640939243972
industrial_100k,pv_scaled_1_100,0.00332,0.04826454891572408,10.529640939243972
industrial_100k,pv_scaled_1_100,0.00337,0.04879103096268628,10.529640939243972
industrial_100k,pv_scaled_1_100,0.00342,0.04930642917708085,9.975449310862711
industrial_100k,pv_scaled_1_100,0.00347,0.04980520164262399,9.975449310862711
industrial_100k,pv_scaled_1_100,0.00352,0.05030397410816712,9.975449310862711
industrial_100k,pv_scaled_1_100,0.00357,0.050802746573710256,9.975449310862711
industrial_100k,pv_scaled_1_100,0.00362,0.051301519039253396,9.975449310862711
industrial_100k,pv_scaled_1_100,0.00367,0.05180029150479653,9.975449310862711
industrial_100k,pv_scaled_1_100,0.00373,0.05239881846344829,9.975449310862711
industrial_100k,pv_scaled_1_100,0.00378,0.05289759092899143,9.975449310862711
industrial_100k,pv_scaled_1_100,0.00384,0.05349057597135937,9.421257682481448
industrial_100k,pv_scaled_1_100,0.00389,0.05396163885548345,9.421257682481448
industrial_100k,pv_scaled_1_100,0.00395,0.054526914316432334,9.421257682481448
industrial_100k,pv_scaled_1_100,0.00401,0.05509218977738122,9.421257682481448
industrial_100k,pv_scaled_1_100,0.00406,0.055563252661505295,9.421257682481448
industrial_100k,pv_scaled_1_100,0.00412,0.05612852812245418,9.421257682481448
industrial_100k,pv_scaled_1_100,0.00418,0.05669380358340307,9.421257682481448
industrial_100k,pv_scaled_1_100,0.00424,0.05725907904435196,9.421257682481448
industrial_100k,pv_scaled_1_100,0.00431,0.05791856708212566,9.421257682481448
industrial_100k,pv_scaled_1_100,0.00437,0.05845059104537167,8.867066054100187
industrial_100k,pv_scaled_1_100,0.00443,0.05898261500861768,8.867066054100187
industrial_100k,pv_scaled_1_100,0.0045,0.05960330963240469,8.867066054100187
industrial_100k,pv_scaled_1_100,0.00456,0.0601353335956507,8.867066054100187
industrial_100k,pv_scaled_1_100,0.00463,0.060756028219437715,8.867066054100187
industrial_100k,pv_scaled_1_100,0.00469,0.06128805218268373,8.867066054100187
industrial_100k,pv_scaled_1_100,0.00476,0.06190874680647074,8.867066054100187
industrial_100k,pv_scaled_1_100,0.00483,0.06252944143025775,8.867066054100187
industrial_100k,pv_scaled_1_100,0.0049,0.06315013605404476,8.867066054100187
industrial_100k,pv_scaled_1_100,0.00497,0.06377083067783178,8.867066054100187
industrial_100k,pv_scaled_1_100,0.00505,0.0644801959621598,8.867066054100187
industrial_100k,pv_scaled_1_100,0.00512,0.06508426483709537,8.312874425718926
industrial_100k,pv_scaled_1_100,0.00519,0.0656661660468957,8.312874425718926
industrial_100k,pv_scaled_1_100,0.00527,0.0663311960009532,8.312874425718926
industrial_100k,pv_scaled_1_100,0.00535,0.06699622595501073,8.312874425718926
industrial_100k,pv_scaled_1_100,0.00542,0.06757812716481104,8.312874425718926
industrial_100k,pv_scaled_1_100,0.0055,0.06824315711886857,8.312874425718926
industrial_100k,pv_scaled_1_100,0.00558,0.06890818707292608,8.312874425718926
industrial_100k,pv_scaled_1_100,0.00566,0.06957321702698359,8.312874425718926
industrial_100k,pv_scaled_1_100,0.00575,0.0703213757252983,8.312874425718926
industrial_100k,pv_scaled_1_100,0.00583,0.07098640567935581,8.312874425718926
industrial_100k,pv_scaled_1_100,0.00591,0.07165143563341332,8.312874425718926
industrial_100k,pv_scaled_1_100,0.006,0.07239959433172803,8.312874425718926
industrial_100k,pv_scaled_1_100,0.00609,0.07314775303004273,8.312874425718926
industrial_100k,pv_scaled_1_100,0.00618,0.07384603448180312,7.758682797337664
industrial_100k,pv_scaled_1_100,0.00626,0.07446672910559013,7.758682797337664
industrial_100k,pv_scaled_1_100,0.00636,0.07524259738532389,7.758682797337664
industrial_100k,pv_scaled_1_100,0.00645,0.07594087883708428,7.758682797337664
industrial_100k,pv_scaled_1_100,0.00654,0.07663916028884468,7.758682797337664
industrial_100k,pv_scaled_1_100,0.00664,0.07741502856857845,7.758682797337664
industrial_100k,pv_scaled_1_100,0.00673,0.07811331002033883,7.758682797337664
industrial_100k,pv_scaled_1_100,0.00683,0.0788891783000726,7.758682797337664
industrial_100k,pv_scaled_1_100,0.00693,0.07966504657980636,7.758682797337664
industrial_100k,pv_scaled_1_100,0.00703,0.08044091485954014,7.758682797337664
industrial_100k,pv_scaled_1_100,0.00713,0.0812167831392739,7.758682797337664
industrial_100k,pv_scaled_1_100,0.00724,0.08203698674927816,7.204491168956402
industrial_100k,pv_scaled_1_100,0.00734,0.0827574358661738,7.204491168956402
industrial_100k,pv_scaled_1_100,0.00745,0.08354992989475901,7.204491168956402
industrial_100k,pv_scaled_1_100,0.00756,0.08434242392334422,7.204491168956402
industrial_100k,pv_scaled_1_100,0.00767,0.08513491795192941,7.204491168956402
industrial_100k,pv_scaled_1_100,0.00778,0.08592741198051462,7.204491168956402
industrial_100k,pv_scaled_1_100,0.00789,0.08671990600909983,7.204491168956402
industrial_100k,pv_scaled_1_100,0.008,0.08751240003768503,7.204491168956402
industrial_100k,pv_scaled_1_100,0.00812,0.0883769389779598,7.204491168956402
industrial_100k,pv_scaled_1_100,0.00824,0.08924147791823457,7.204491168956402
industrial_100k,pv_scaled_1_100,0.00836,0.09010601685850933,7.204491168956402
industrial_100k,pv_scaled_1_100,0.00848,0.09091513663594598,6.65029954057514
industrial_100k,pv_scaled_1_100,0.0086,0.09171317258081499,6.65029954057514
industrial_100k,pv_scaled_1_100,0.00873,0.09257771152108976,6.65029954057514
industrial_100k,pv_scaled_1_100,0.00886,0.09344225046136453,6.65029954057514
industrial_100k,pv_scaled_1_100,0.00898,0.09424028640623355,6.65029954057514
industrial_100k,pv_scaled_1_100,0.00911,0.09510482534650831,6.65029954057514
industrial_100k,pv_scaled_1_100,0.00925,0.09603586728218884,6.65029954057514
industrial_100k,pv_scaled_1_100,0.00938,0.0969004062224636,6.65029954057514
industrial_100k,pv_scaled_1_100,0.00952,0.09783144815814412,6.65029954057514
industrial_100k,pv_scaled_1_100,0.00966,0.09876249009382464,6.65029954057514
industrial_100k,pv_scaled_1_100,0.0098,0.09969353202950516,6.65029954057514
industrial_100k,pv_scaled_1_100,0.00994,0.10062457396518568,6.65029954057514
industrial_100k,pv_scaled_1_100,0.01008,0.1015556159008662,6.65029954057514
industrial_100k,pv_scaled_1_100,0.01023,0.10247003208769528,6.096107912193879
industrial_100k,pv_scaled_1_100,0.01038,0.10338444827452437,6.096107912193879
industrial_100k,pv_scaled_1_100,0.01053,0.10429886446135345,6.096107912193879
industrial_100k,pv_scaled_1_100,0.01068,0.10521328064818253,6.096107912193879
industrial_100k,pv_scaled_1_100,0.01084,0.10618865791413355,6.096107912193879
industrial_100k,pv_scaled_1_100,0.01099,0.10710307410096263,6.096107912193879
industrial_100k,pv_scaled_1_100,0.01115,0.10807845136691366,6.096107912193879
industrial_100k,pv_scaled_1_100,0.01131,0.10905382863286467,6.096107912193879
industrial_100k,pv_scaled_1_100,0.01148,0.11009016697793764,6.096107912193879
industrial_100k,pv_scaled_1_100,0.01165,0.11112650532301059,6.096107912193879
industrial_100k,pv_scaled_1_100,0.01181,0.11210188258896162,6.096107912193879
industrial_100k,pv_scaled_1_100,0.01199,0.11319918201315651,6.096107912193879
industrial_100k,pv_scaled_1_100,0.01216,0.11423552035822947,6.096107912193879
industrial_100k,pv_scaled_1_100,0.01234,0.11533281978242436,6.096107912193879
industrial_100k,pv_scaled_1_100,0.01252,0.11638578387634876,5.541916283812617
industrial_100k,pv_scaled_1_100,0.0127,0.11738332880743503,5.541916283812617
industrial_100k,pv_scaled_1_100,0.01288,0.11838087373852131,5.541916283812617
industrial_100k,pv_scaled_1_100,0.01307,0.1194338378324457,5.541916283812617
industrial_100k,pv_scaled_1_100,0.01326,0.1204868019263701,5.541916283812617
industrial_100k,pv_scaled_1_100,0.01345,0.1215397660202945,5.541916283812617
industrial_100k,pv_scaled_1_100,0.01365,0.12264814927705701,5.541916283812617
industrial_100k,pv_scaled_1_100,0.01384,0.12370111337098141,5.541916283812617
industrial_100k,pv_scaled_1_100,0.01405,0.12486491579058207,5.541916283812617
industrial_100k,pv_scaled_1_100,0.01425,0.12597329904734458,5.541916283812617
industrial_100k,pv_scaled_1_100,0.01446,0.12713710146694523,5.541916283812617
industrial_100k,pv_scaled_1_100,0.01467,0.1283009038865459,5.541916283812617
industrial_100k,pv_scaled_1_100,0.01488,0.12946470630614654,5.541916283812617
industrial_100k,pv_scaled_1_100,0.01509,0.1306285087257472,5.541916283812617
industrial_100k,pv_scaled_1_100,0.01531,0.13184773030818597,5.541916283812617
industrial_100k,pv_scaled_1_100,0.01554,0.1330059908115028,4.9877246554313555
industrial_100k,pv_scaled_1_100,0.01576,0.1341032902356977,4.9877246554313555
industrial_100k,pv_scaled_1_100,0.01599,0.1352504669064469,4.9877246554313555
industrial_100k,pv_scaled_1_100,0.01622,0.1363976435771961,4.9877246554313555
industrial_100k,pv_scaled_1_100,0.01646,0.13759469749449965,4.9877246554313555
industrial_100k,pv_scaled_1_100,0.0167,0.13879175141180317,4.9877246554313555
industrial_100k,pv_scaled_1_100,0.01694,0.1399888053291067,4.9877246554313555
industrial_100k,pv_scaled_1_100,0.01719,0.14123573649296453,4.9877246554313555
industrial_100k,pv_scaled_1_100,0.01744,0.14248266765682238,4.9877246554313555
industrial_100k,pv_scaled_1_100,0.01769,0.1437295988206802,4.9877246554313555
industrial_100k,pv_scaled_1_100,0.01795,0.14502640723109236,4.9877246554313555
industrial_100k,pv_scaled_1_100,0.01821,0.14632321564150452,4.9877246554313555
industrial_100k,pv_scaled_1_100,0.01847,0.14762002405191668,4.9877246554313555
industrial_100k,pv_scaled_1_100,0.01874,0.14896670970888315,4.9877246554313555
industrial_100k,pv_scaled_1_100,0.01901,0.15028568578443055,4.4335330270500934
industrial_100k,pv_scaled_1_100,0.01929,0.15152707503200458,4.4335330270500934
industrial_100k,pv_scaled_1_100,0.01957,0.1527684642795786,4.4335330270500934
industrial_100k,pv_scaled_1_100,0.01985,0.15400985352715263,4.4335330270500934
industrial_100k,pv_scaled_1_100,0.02014,0.15529557810499714,4.4335330270500934
industrial_100k,pv_scaled_1_100,0.02043,0.15658130268284168,4.4335330270500934
industrial_100k,pv_scaled_1_100,0.02073,0.1579113625909567,4.4335330270500934
industrial_100k,pv_scaled_1_100,0.02103,0.15924142249907172,4.4335330270500934
industrial_100k,pv_scaled_1_100,0.02133,0.16057148240718674,4.4335330270500934
industrial_100k,pv_scaled_1_100,0.02164,0.16194587764557228,4.4335330270500934
industrial_100k,pv_scaled_1_100,0.02196,0.16336460821422832,4.4335330270500934
industrial_100k,pv_scaled_1_100,0.02228,0.16478333878288434,4.4335330270500934
industrial_100k,pv_scaled_1_100,0.0226,0.1662020693515404,4.4335330270500934
industrial_100k,pv_scaled_1_100,0.02293,0.16766513525046692,4.4335330270500934
industrial_100k,pv_scaled_1_100,0.02326,0.16912820114939345,4.4335330270500934
industrial_100k,pv_scaled_1_100,0.0236,0.17063560237859046,4.4335330270500934
industrial_100k,pv_scaled_1_100,0.02394,0.1721430036077875,4.4335330270500934
industrial_100k,pv_scaled_1_100,0.02429,0.1736836563346874,3.879341398668832
industrial_100k,pv_scaled_1_100,0.02464,0.1750414258242215,3.879341398668832
industrial_100k,pv_scaled_1_100,0.025,0.17643798872774227,3.879341398668832
industrial_100k,pv_scaled_1_100,0.02536,0.17783455163126305,3.879341398668832
industrial_100k,pv_scaled_1_100,0.02573,0.1792699079487705,3.879341398668832
industrial_100k,pv_scaled_1_100,0.0261,0.180705264266278,3.879341398668832
industrial_100k,pv_scaled_1_100,0.02648,0.18217941399777215,3.879341398668832
industrial_100k,pv_scaled_1_100,0.02687,0.183692357143253,3.879341398668832
industrial_100k,pv_scaled_1_100,0.02726,0.18520530028873383,3.879341398668832
industrial_100k,pv_scaled_1_100,0.02765,0.18671824343421467,3.879341398668832
industrial_100k,pv_scaled_1_100,0.02805,0.18826997999368222,3.879341398668832
industrial_100k,pv_scaled_1_100,0.02846,0.18986050996713644,3.879341398668832
industrial_100k,pv_scaled_1_100,0.02887,0.19145103994059065,3.879341398668832
industrial_100k,pv_scaled_1_100,0.02929,0.19308036332803158,3.879341398668832
industrial_100k,pv_scaled_1_100,0.02972,0.19474848012945917,3.879341398668832
industrial_100k,pv_scaled_1_100,0.03015,0.19641659693088676,3.879341398668832
industrial_100k,pv_scaled_1_100,0.03059,0.19812350714630106,3.879341398668832
industrial_100k,pv_scaled_1_100,0.03103,0.19983041736171533,3.879341398668832
industrial_100k,pv_scaled_1_100,0.03148,0.2015761209911163,3.879341398668832
industrial_100k,pv_scaled_1_100,0.03194,0.20336061803450398,3.879341398668832
industrial_100k,pv_scaled_1_100,0.0324,0.20502319291964777,3.32514977028757
industrial_100k,pv_scaled_1_100,0.03287,0.20658601331168291,3.32514977028757
industrial_100k,pv_scaled_1_100,0.03335,0.20818208520142095,3.32514977028757
industrial_100k,pv_scaled_1_100,0.03383,0.209778157091159,3.32514977028757
industrial_100k,pv_scaled_1_100,0.03432,0.2114074804785999,3.32514977028757
industrial_100k,pv_scaled_1_100,0.03482,0.21307005536374368,3.32514977028757
industrial_100k,pv_scaled_1_100,0.03533,0.21476588174659034,3.32514977028757
industrial_100k,pv_scaled_1_100,0.03584,0.216461708129437,3.32514977028757
industrial_100k,pv_scaled_1_100,0.03636,0.21819078600998654,3.32514977028757
industrial_100k,pv_scaled_1_100,0.03689,0.21995311538823895,3.32514977028757
industrial_100k,pv_scaled_1_100,0.03742,0.22171544476649135,3.32514977028757
industrial_100k,pv_scaled_1_100,0.03797,0.22354427714014952,3.32514977028757
industrial_100k,pv_scaled_1_100,0.03852,0.22537310951380768,3.32514977028757
industrial_100k,pv_scaled_1_100,0.03908,0.22723519338516873,3.32514977028757
industrial_100k,pv_scaled_1_100,0.03965,0.22913052875423265,3.32514977028757
industrial_100k,pv_scaled_1_100,0.04022,0.23102586412329656,3.32514977028757
industrial_100k,pv_scaled_1_100,0.0408,0.23295445099006334,3.32514977028757
industrial_100k,pv_scaled_1_100,0.0414,0.23494954085223588,3.32514977028757
industrial_100k,pv_scaled_1_100,0.042,0.23694463071440844,3.32514977028757
industrial_100k,pv_scaled_1_100,0.04261,0.23897297207428383,3.32514977028757
industrial_100k,pv_scaled_1_100,0.04323,0.2410234810992945,2.7709581419063083
industrial_100k,pv_scaled_1_100,0.04385,0.24274147514727643,2.7709581419063083
industrial_100k,pv_scaled_1_100,0.04449,0.24451488835809645,2.7709581419063083
industrial_100k,pv_scaled_1_100,0.04514,0.24631601115033555,2.7709581419063083
industrial_100k,pv_scaled_1_100,0.04579,0.24811713394257467,2.7709581419063083
industrial_100k,pv_scaled_1_100,0.04646,0.2499736758976519,2.7709581419063083
industrial_100k,pv_scaled_1_100,0.04713,0.25183021785272913,2.7709581419063083
industrial_100k,pv_scaled_1_100,0.04781,0.2537144693892254,2.7709581419063083
industrial_100k,pv_scaled_1_100,0.04851,0.2556541400885598,2.7709581419063083
industrial_100k,pv_scaled_1_100,0.04921,0.25759381078789423,2.7709581419063083
industrial_100k,pv_scaled_1_100,0.04993,0.2595889006500668,2.7709581419063083
industrial_100k,pv_scaled_1_100,0.05065,0.2615839905122393,2.7709581419063083
industrial_100k,pv_scaled_1_100,0.05139,0.26363449953725,2.7709581419063083
industrial_100k,pv_scaled_1_100,0.05213,0.2656850085622607,2.7709581419063083
industrial_100k,pv_scaled_1_100,0.05289,0.26779093675010945,2.7709581419063083
industrial_100k,pv_scaled_1_100,0.05366,0.2699245745193773,2.7709581419063083
industrial_100k,pv_scaled_1_100,0.05444,0.27208592187006425,2.7709581419063083
industrial_100k,pv_scaled_1_100,0.05523,0.2742749788021702,2.7709581419063083
industrial_100k,pv_scaled_1_100,0.05603,0.27649174531569526,2.7709581419063083
industrial_100k,pv_scaled_1_100,0.05684,0.27873622141063936,2.7709581419063083
industrial_100k,pv_scaled_1_100,0.05767,0.2810361166684216,2.7709581419063083
industrial_100k,pv_scaled_1_100,0.0585,0.28333601192620383,2.7709581419063083
industrial_100k,pv_scaled_1_100,0.05935,0.2856913263468242,2.7709581419063083
industrial_100k,pv_scaled_1_100,0.06021,0.28807435034886364,2.7709581419063083
industrial_100k,pv_scaled_1_100,0.06109,0.29049616776488973,2.2167665135250467
industrial_100k,pv_scaled_1_100,0.06197,0.2924469222967918,2.2167665135250467
industrial_100k,pv_scaled_1_100,0.06287,0.2944420121589643,2.2167665135250467
industrial_100k,pv_scaled_1_100,0.06379,0.29648143735140736,2.2167665135250467
industrial_100k,pv_scaled_1_100,0.06471,0.2985208625438504,2.2167665135250467
industrial_100k,pv_scaled_1_100,0.06565,0.30060462306656394,2.2167665135250467
industrial_100k,pv_scaled_1_100,0.0666,0.30271055125441276,2.2167665135250467
industrial_100k,pv_scaled_1_100,0.06757,0.3048608147725321,2.2167665135250467
industrial_100k,pv_scaled_1_100,0.06855,0.30703324595578657,2.2167665135250467
industrial_100k,pv_scaled_1_100,0.06955,0.30925001246931166,2.2167665135250467
industrial_100k,pv_scaled_1_100,0.07056,0.31148894664797194,2.2167665135250467
industrial_100k,pv_scaled_1_100,0.07158,0.31375004849176746,2.2167665135250467
industrial_100k,pv_scaled_1_100,0.07262,0.3160554856658335,2.2167665135250467
industrial_100k,pv_scaled_1_100,0.07367,0.3183830905050348,2.2167665135250467
industrial_100k,pv_scaled_1_100,0.07474,0.3207550306745066,2.2167665135250467
industrial_100k,pv_scaled_1_100,0.07583,0.32317130617424894,2.2167665135250467
industrial_100k,pv_scaled_1_100,0.07693,0.3256097493391265,2.2167665135250467
industrial_100k,pv_scaled_1_100,0.07804,0.32807036016913926,2.2167665135250467
industrial_100k,pv_scaled_1_100,0.07918,0.33059747399455786,2.2167665135250467
industrial_100k,pv_scaled_1_100,0.08033,0.33314675548511163,2.2167665135250467
industrial_100k,pv_scaled_1_100,0.08149,0.3357182046408007,2.2167665135250467
industrial_100k,pv_scaled_1_100,0.08267,0.33833398912676027,2.2167665135250467
industrial_100k,pv_scaled_1_100,0.08387,0.3409941089429903,2.2167665135250467
industrial_100k,pv_scaled_1_100,0.08509,0.34369856408949084,2.2167665135250467
industrial_100k,pv_scaled_1_100,0.08633,0.3464473545662619,2.2167665135250467
industrial_100k,pv_scaled_1_100,0.08758,0.3492183127081682,2.2167665135250467
industrial_100k,pv_scaled_1_100,0.08885,0.352033606180345,2.2167665135250467
industrial_100k,pv_scaled_1_100,0.09014,0.35489323498279235,2.2167665135250467
industrial_100k,pv_scaled_1_100,0.09145,0.35779719911551017,2.2167665135250467
industrial_100k,pv_scaled_1_100,0.09278,0.36010817820586,1.662574885143785
industrial_100k,pv_scaled_1_100,0.09412,0.3623360285519527,1.662574885143785
industrial_100k,pv_scaled_1_100,0.09549,0.3646137561445997,1.662574885143785
industrial_100k,pv_scaled_1_100,0.09687,0.3669081094860981,1.662574885143785
industrial_100k,pv_scaled_1_100,0.09828,0.36925234007415086,1.662574885143785
industrial_100k,pv_scaled_1_100,0.09971,0.3716298221599065,1.662574885143785
industrial_100k,pv_scaled_1_100,0.10115,0.3740239299945135,1.662574885143785
industrial_100k,pv_scaled_1_100,0.10262,0.37646791507567484,1.662574885143785
industrial_100k,pv_scaled_1_100,0.10411,0.3789451516545391,1.662574885143785
industrial_100k,pv_scaled_1_100,0.10562,0.38145563973110624,1.662574885143785
industrial_100k,pv_scaled_1_100,0.10716,0.38401600505422767,1.662574885143785
industrial_100k,pv_scaled_1_100,0.10871,0.3865929961262005,1.662574885143785
industrial_100k,pv_scaled_1_100,0.11029,0.3892198644447277,1.662574885143785
industrial_100k,pv_scaled_1_100,0.11189,0.39187998426095777,1.662574885143785
industrial_100k,pv_scaled_1_100,0.11351,0.3945733555748907,1.662574885143785
industrial_100k,pv_scaled_1_100,0.11516,0.39731660413537795,1.662574885143785
industrial_100k,pv_scaled_1_100,0.11683,0.400093104193568,1.662574885143785
industrial_100k,pv_scaled_1_100,0.11853,0.40291948149831247,1.662574885143785
industrial_100k,pv_scaled_1_100,0.12025,0.4057791103007598,1.662574885143785
industrial_100k,pv_scaled_1_100,0.12199,0.40867199060091,1.662574885143785
industrial_100k,pv_scaled_1_100,0.12377,0.4116313738964659,1.662574885143785
industrial_100k,pv_scaled_1_100,0.12556,0.4146073829408733,1.662574885143785
industrial_100k,pv_scaled_1_100,0.12738,0.41763326923183497,1.662574885143785
industrial_100k,pv_scaled_1_100,0.12923,0.420709032769351,1.662574885143785
industrial_100k,pv_scaled_1_100,0.13111,0.4238346735534213,1.662574885143785
industrial_100k,pv_scaled_1_100,0.13301,0.4269935658351945,1.662574885143785
industrial_100k,pv_scaled_1_100,0.13494,0.430202335363522,1.662574885143785
industrial_100k,pv_scaled_1_100,0.1369,0.43346098213840384,1.662574885143785
industrial_100k,pv_scaled_1_100,0.13889,0.43676950615983995,1.662574885143785
industrial_100k,pv_scaled_1_100,0.1409,0.44011128167897895,1.662574885143785
industrial_100k,pv_scaled_1_100,0.14295,0.44351956019352373,1.662574885143785
industrial_100k,pv_scaled_1_100,0.14502,0.44696109020577135,1.662574885143785
industrial_100k,pv_scaled_1_100,0.14713,0.45046912321342475,1.662574885143785
industrial_100k,pv_scaled_1_100,0.14926,0.45358368016492745,1.1083832567625234
industrial_100k,pv_scaled_1_100,0.15143,0.4559888718321021,1.1083832567625234
industrial_100k,pv_scaled_1_100,0.15363,0.45842731499697964,1.1083832567625234
industrial_100k,pv_scaled_1_100,0.15586,0.4608990096595601,1.1083832567625234
industrial_100k,pv_scaled_1_100,0.15812,0.4634039558198434,1.1083832567625234
industrial_100k,pv_scaled_1_100,0.16041,0.4659421534778296,1.1083832567625234
industrial_100k,pv_scaled_1_100,0.16274,0.46852468646608625,1.1083832567625234
industrial_100k,pv_scaled_1_100,0.1651,0.4711404709520458,1.1083832567625234
industrial_100k,pv_scaled_1_100,0.1675,0.47380059076827585,1.1083832567625234
industrial_100k,pv_scaled_1_100,0.16993,0.4764939620822088,1.1083832567625234
industrial_100k,pv_scaled_1_100,0.1724,0.4792316687264122,1.1083832567625234
industrial_100k,pv_scaled_1_100,0.1749,0.4820026268683185,1.1083832567625234
industrial_100k,pv_scaled_1_100,0.17744,0.4848179203404953,1.1083832567625234
industrial_100k,pv_scaled_1_100,0.18001,0.487666465310375,1.1083832567625234
industrial_100k,pv_scaled_1_100,0.18263,0.4905704294430928,1.1083832567625234
industrial_100k,pv_scaled_1_100,0.18528,0.4935076450735135,1.1083832567625234
industrial_100k,pv_scaled_1_100,0.18797,0.4964891960342047,1.1083832567625234
industrial_100k,pv_scaled_1_100,0.19069,0.49950399849259874,1.1083832567625234
industrial_100k,pv_scaled_1_100,0.19346,0.5025742201138309,1.1083832567625234
industrial_100k,pv_scaled_1_100,0.19627,0.5056887770653337,1.1083832567625234
industrial_100k,pv_scaled_1_100,0.19912,0.5088476693471068,1.1083832567625234
industrial_100k,pv_scaled_1_100,0.20201,0.5120508969591505,1.1083832567625234
industrial_100k,pv_scaled_1_100,0.20494,0.5152984599014647,1.1083832567625234
industrial_100k,pv_scaled_1_100,0.20792,0.5186014420066171,1.1083832567625234
industrial_100k,pv_scaled_1_100,0.21093,0.5219376756094722,1.1083832567625234
industrial_100k,pv_scaled_1_100,0.21399,0.5253293283751655,1.1083832567625234
industrial_100k,pv_scaled_1_100,0.2171,0.528776400303697,1.1083832567625234
industrial_100k,pv_scaled_1_100,0.22025,0.5322678075624989,1.1083832567625234
industrial_100k,pv_scaled_1_100,0.22345,0.5358146339841391,1.1083832567625234
industrial_100k,pv_scaled_1_100,0.22669,0.5394057957360496,1.1083832567625234
industrial_100k,pv_scaled_1_100,0.22998,0.5430523766507983,1.1083832567625234
industrial_100k,pv_scaled_1_100,0.23332,0.5467543767283851,1.1083832567625234
industrial_100k,pv_scaled_1_100,0.23671,0.5505117959688101,1.1083832567625234
industrial_100k,pv_scaled_1_100,0.24014,0.5543135505395056,1.1083832567625234
industrial_100k,pv_scaled_1_100,0.24363,0.5581818081056068,1.1083832567625234
industrial_100k,pv_scaled_1_100,0.24716,0.5620944010019785,1.1083832567625234
industrial_100k,pv_scaled_1_100,0.25075,0.566073496893756,1.1083832567625234
industrial_100k,pv_scaled_1_100,0.25439,0.5701080119483715,1.1083832567625234
industrial_100k,pv_scaled_1_100,0.25808,0.5741979461658252,1.1083832567625234
industrial_100k,pv_scaled_1_100,0.26183,0.5783543833786847,1.1083832567625234
industrial_100k,pv_scaled_1_100,0.26563,0.5825662397543823,1.1083832567625234
industrial_100k,pv_scaled_1_100,0.26948,0.5868335152929179,1.1083832567625234
industrial_100k,pv_scaled_1_100,0.27339,0.5911672938268594,1.1083832567625234
industrial_100k,pv_scaled_1_100,0.27736,0.5955675753562066,1.1083832567625234
industrial_100k,pv_scaled_1_100,0.28139,0.6000343598809597,1.1083832567625234
industrial_100k,pv_scaled_1_100,0.28547,0.6040134557727371,0.5541916283812617
industrial_100k,pv_scaled_1_100,0.28961,0.6063078091142355,0.5541916283812617
industrial_100k,pv_scaled_1_100,0.29382,0.6086409558697207,0.5541916283812617
industrial_100k,pv_scaled_1_100,0.29808,0.6110018122066249,0.5541916283812617
industrial_100k,pv_scaled_1_100,0.30241,0.6134014619575157,0.5541916283812617
industrial_100k,pv_scaled_1_100,0.3068,0.6158343632061094,0.5541916283812617
industrial_100k,pv_scaled_1_100,0.31125,0.618300515952406,0.5541916283812617
industrial_100k,pv_scaled_1_100,0.31577,0.6208054621126893,0.5541916283812617
industrial_100k,pv_scaled_1_100,0.32035,0.6233436597706755,0.5541916283812617
industrial_100k,pv_scaled_1_100,0.325,0.6259206508426484,0.5541916283812617
industrial_100k,pv_scaled_1_100,0.32972,0.6285364353286079,0.5541916283812617
industrial_100k,pv_scaled_1_100,0.3345,0.6311854713122703,0.5541916283812617
industrial_100k,pv_scaled_1_100,0.33936,0.6338788426262033,0.5541916283812617
industrial_100k,pv_scaled_1_100,0.34428,0.6366054654378391,0.5541916283812617
industrial_100k,pv_scaled_1_100,0.34928,0.6393764235797454,0.5541916283812617
industrial_100k,pv_scaled_1_100,0.35435,0.6421861751356384,0.5541916283812617
industrial_100k,pv_scaled_1_100,0.35949,0.6450347201055181,0.5541916283812617
industrial_100k,pv_scaled_1_100,0.36471,0.6479276004056683,0.5541916283812617
industrial_100k,pv_scaled_1_100,0.37,0.6508592741198052,0.5541916283812617
industrial_100k,pv_scaled_1_100,0.37537,0.6538352831642125,0.5541916283812617
industrial_100k,pv_scaled_1_100,0.38082,0.6568556275388904,0.5541916283812617
industrial_100k,pv_scaled_1_100,0.38635,0.6599203072438388,0.5541916283812617
industrial_100k,pv_scaled_1_100,0.39195,0.6630237803627739,0.5541916283812617
industrial_100k,pv_scaled_1_100,0.39764,0.6661771307282632,0.5541916283812617
industrial_100k,pv_scaled_1_100,0.40341,0.6693748164240231,0.5541916283812617
industrial_100k,pv_scaled_1_100,0.40927,0.6726223793663373,0.5541916283812617
industrial_100k,pv_scaled_1_100,0.41521,0.675914277638922,0.5541916283812617
industrial_100k,pv_scaled_1_100,0.42124,0.679256053158061,0.5541916283812617
industrial_100k,pv_scaled_1_100,0.42735,0.6826421640074705,0.5541916283812617
industrial_100k,pv_scaled_1_100,0.43355,0.6860781521034344,0.5541916283812617
industrial_100k,pv_scaled_1_100,0.43984,0.6895640174459524,0.5541916283812617
industrial_100k,pv_scaled_1_100,0.44623,0.6931053019513087,0.5541916283812617
industrial_100k,pv_scaled_1_100,0.4527,0.6966909217869355,0.5541916283812617
industrial_100k,pv_scaled_1_100,0.45928,0.7003375027016842,0.5541916283812617
industrial_100k,pv_scaled_1_100,0.46594,0.7040284189467034,0.5541916283812617
industrial_100k,pv_scaled_1_100,0.4727,0.7077747543545607,0.5541916283812617
industrial_100k,pv_scaled_1_100,0.47956,0.7115765089252561,0.5541916283812617
industrial_100k,pv_scaled_1_100,0.48652,0.7154336826587897,0.5541916283812617
industrial_100k,pv_scaled_1_100,0.49359,0.7193518174714453,0.5541916283812617
industrial_100k,pv_scaled_1_100,0.50075,0.7233198295306551,0.5541916283812617
industrial_100k,pv_scaled_1_100,0.50802,0.7273488026689868,0.5541916283812617
industrial_100k,pv_scaled_1_100,0.51539,0.7314331949701568,0.5541916283812617
industrial_100k,pv_scaled_1_100,0.52287,0.7355785483504487,0.5541916283812617
industrial_100k,pv_scaled_1_100,0.53046,0.7397848628098624,0.5541916283812617
industrial_100k,pv_scaled_1_100,0.53816,0.7440521383483981,0.5541916283812617
industrial_100k,pv_scaled_1_100,0.54597,0.7483803749660558,0.5541916283812617
industrial_100k,pv_scaled_1_100,0.55389,0.7527695726628354,0.5541916283812617
industrial_100k,pv_scaled_1_100,0.56193,0.7572252733550207,0.5541916283812617
industrial_100k,pv_scaled_1_100,0.57009,0.7617474770426118,0.5541916283812617
industrial_100k,pv_scaled_1_100,0.57836,0.7663306418093249,0.5541916283812617
industrial_100k,pv_scaled_1_100,0.58676,0.7709858514877275,0.5541916283812617
industrial_100k,pv_scaled_1_100,0.59527,0.775702022245252,0.5541916283812617
industrial_100k,pv_scaled_1_100,0.60391,0.780490237914466,0.5541916283812617
industrial_100k,pv_scaled_1_100,0.61268,0.7853504984953698,0.5541916283812617
industrial_100k,pv_scaled_1_100,0.62157,0.7902772620716791,0.5541916283812617
industrial_100k,pv_scaled_1_100,0.63059,0.7952760705596781,0.5541916283812617
industrial_100k,pv_scaled_1_100,0.63974,0.8003469239593667,0.5541916283812617
industrial_100k,pv_scaled_1_100,0.64903,0.8054953641870286,0.5541916283812617
industrial_100k,pv_scaled_1_100,0.65845,0.8107158493263801,0.5541916283812617
industrial_100k,pv_scaled_1_100,0.668,0.8160083793774211,0.5541916283812617
industrial_100k,pv_scaled_1_100,0.6777,0.8213840381727193,0.5541916283812617
industrial_100k,pv_scaled_1_100,0.68753,0.8268317418797072,0.5541916283812617
industrial_100k,pv_scaled_1_100,0.69751,0.8323625743309522,0.5541916283812617
industrial_100k,pv_scaled_1_100,0.70763,0.8379709936101706,0.5541916283812617
industrial_100k,pv_scaled_1_100,0.71791,0.84366808354993,0.5541916283812617
industrial_100k,pv_scaled_1_100,0.72832,0.8494372184013789,0.5541916283812617
industrial_100k,pv_scaled_1_100,0.7389,0.8553005658296525,0.5541916283812617
industrial_100k,pv_scaled_1_100,0.74962,0.8612415000858997,0.5541916283812617
industrial_100k,pv_scaled_1_100,0.7605,0.8672711050026878,0.5541916283812617
industrial_100k,pv_scaled_1_100,0.77154,0.8733893805800169,0.5541916283812617
industrial_100k,pv_scaled_1_100,0.78273,0.8795907849016033,0.5541916283812617
industrial_100k,pv_scaled_1_100,0.79409,0.8858864018000144,0.5541916283812617
industrial_100k,pv_scaled_1_100,0.80562,0.8922762312752504,0.5541916283812617
industrial_100k,pv_scaled_1_100,0.81731,0.8987547314110274,0.5541916283812617
industrial_100k,pv_scaled_1_100,0.82917,0.9053274441236291,0.5541916283812617
industrial_100k,pv_scaled_1_100,0.84121,0.9119999113293394,0.5541916283812617
industrial_100k,pv_scaled_1_100,0.85342,0.9187665911118746,0.5541916283812617
industrial_100k,pv_scaled_1_100,0.8658,0.9256274834712347,0.5541916283812617
industrial_100k,pv_scaled_1_100,0.87837,0.9325936722399871,0.5541916283812617
industrial_100k,pv_scaled_1_100,0.89112,0.9396596155018482,0.5541916283812617
industrial_100k,pv_scaled_1_100,0.90405,0.946825313256818,0.5541916283812617
industrial_100k,pv_scaled_1_100,0.91717,0.9540963074211801,0.5541916283812617
industrial_100k,pv_scaled_1_100,0.93048,0.9614725979949347,0.5541916283812617
industrial_100k,pv_scaled_1_100,0.94399,0.9689597268943655,0.5541916283812617
industrial_100k,pv_scaled_1_100,0.95769,0.9765521522031888,0.5541916283812617
industrial_100k,pv_scaled_1_100,0.97159,0.9842554158376884,0.5541916283812617
industrial_100k,pv_scaled_1_100,0.98569,0.9920695177978641,0.5541916283812617
industrial_100k,pv_scaled_1_100,1.0,1.0,0.5541916283812617
industrial_10M,pv_share,1e-07,1.6613363127639667e-05,166.13363127639667
industrial_10M,pv_share,2e-07,3.142778138835179e-05,148.14418260712125
industrial_10M,pv_share,3e-07,4.550024779530568e-05,140.72466406953885
industrial_10M,pv_share,4e-07,5.809216077832235e-05,125.91912983016668
industrial_10M,pv_share,5e-07,6.9771200629141e-05,116.7903985081866
industrial_10M,pv_share,6e-07,8.13884757328665e-05,116.1727510372549
industrial_10M,pv_share,7e-07,9.25333195361376e-05,111.44843803271094
industrial_10M,pv_share,8e-07,0.0001033954724196609,108.62152883523301
industrial_10M,pv_share,9e-07,0.00011383966034322271,104.44187923561806
industrial_10M,pv_share,1e-06,0.00012423610856287463,103.96448219651914
industrial_10M,pv_share,1.1e-06,0.00013427264049697496,100.36531934100323
industrial_10M,pv_share,1.2e-06,0.00014405610512730513,97.83464630330185
industrial_10M,pv_share,1.3e-06,0.00015383689207254742,97.80786945242295
industrial_10M,pv_share,1.4e-06,0.0001635191857020998,96.82293629552383
industrial_10M,pv_share,1.5e-06,0.00017289275606734717,93.73570365247362
industrial_10M,pv_share,1.6e-06,0.00018221018803651556,93.17431969168392
industrial_10M,pv_share,1.7e-06,0.00019145958268204378,92.49394645528237
industrial_10M,pv_share,1.8e-06,0.00020066644639753792,92.06863715494153
industrial_10M,pv_share,1.9e-06,0.00020948597592981562,88.19529532277708
industrial_10M,pv_share,2e-06,0.0002182867436941343,88.0076776431868
industrial_10M,pv_share,2.1e-06,0.00022696188013326295,86.75136439128649
industrial_10M,pv_share,2.2e-06,0.00023553416526848173,85.72285135218787
industrial_10M,pv_share,2.3e-06,0.00024406808814208416,85.33922873602432
industrial_10M,pv_share,2.4e-06,0.0002525137217810572,84.45633638972984
industrial_10M,pv_share,2.5e-06,0.00026091692821951246,84.03206438455278
industrial_10M,pv_share,2.6e-06,0.000269300453777227,83.83525557714526
industrial_10M,pv_share,2.7e-06,0.0002775714110166257,82.70957239398662
industrial_10M,pv_share,2.8e-06,0.0002858367896614153,82.65378644789583
industrial_10M,pv_share,2.9e-06,0.00029407864634474544,82.41856683330182
industrial_10M,pv_share,3e-06,0.00030223376227260556,81.55115927860118
industrial_10M,pv_share,3.1e-06,0.0003103658953351139,81.3213306250828
industrial_10M,pv_share,3.2e-06,0.0003183853875789152,80.19492243801386
industrial_10M,pv_share,3.3e-06,0.00032638074794091464,79.9536036199941
industrial_10M,pv_share,3.4e-06,0.00033428317421706287,79.02426276148233
industrial_10M,pv_share,3.5e-06,0.0003421535578897839,78.70383672720983
industrial_10M,pv_share,3.6e-06,0.0003499215173939024,77.67959504118517
industrial_10M,pv_share,3.7e-06,0.0003576370535198462,77.15536125943841
industrial_10M,pv_share,3.8e-06,0.0003653425698127473,77.05516292901046
industrial_10M,pv_share,3.9e-06,0.0003730333330986358,76.90763285888532
industrial_10M,pv_share,4e-06,0.00038069932873432635,76.65995635690516
industrial_10M,pv_share,4.1e-06,0.00038835841854511415,76.59089810787809
industrial_10M,pv_share,4.2e-06,0.00039598983557159967,76.31417026485482
industrial_10M,pv_share,4.3e-06,0.0004036036152015925,76.13779629992852
industrial_10M,pv_share,4.4e-06,0.00041115759373877797,75.53978537185455
industrial_10M,pv_share,4.5e-06,0.00041866324424725377,75.0565050847579
industrial_10M,pv_share,4.6e-06,0.0004261355249193888,74.72280672134995
industrial_10M,pv_share,4.7e-06,0.0004335493672121981,74.13842292809277
industrial_10M,pv_share,4.8e-06,0.0004409574994434272,74.08132231229197
industrial_10M,pv_share,4.9e-06,0.00044836332626748104,74.0582682405379
industrial_10M,pv_share,5e-06,0.00045561891075540775,72.55584487926684
industrial_10M,pv_share,5.1e-06,0.0004628660677559253,72.47157000517535
industrial_10M,pv_share,5.2e-06,0.000470108736459015,72.42668703089673
industrial_10M,pv_share,5.3e-06,0.0004773314782035903,72.22741744575293
industrial_10M,pv_share,5.4e-06,0.00048451324755171003,71.81769348119775
industrial_10M,pv_share,5.5e-06,0.0004916741356377086,71.60888085998555
industrial_10M,pv_share,5.6e-06,0.0004988212170576362,71.47081419927495
industrial_10M,pv_share,5.7e-06,0.0005059240419865466,71.02824928910363
industrial_10M,pv_share,5.8e-06,0.000513018307232854,70.94265246307529
industrial_10M,pv_share,6e-06,0.0005271702131467024,70.61028759688904
industrial_10M,pv_share,6.1e-06,0.0005342028636909422,70.32650544239839
industrial_10M,pv_share,6.2e-06,0.0005412282002284976,70.25336537555293
industrial_10M,pv_share,6.3e-06,0.0005482324029679233,70.04202739425662
industrial_10M,pv_share,6.5e-06,0.000562213342830717,69.874599267848
industrial_10M,pv_share,6.6e-06,0.0005691809256055899,69.67582774872929
industrial_10M,pv_share,6.7e-06,0.0005761476893533779,69.66763747788002
industrial_10M,pv_share,6.9e-06,0.0005899637833646647,68.92194876113147
industrial_10M,pv_share,7e-06,0.0005968457781116956,68.81994747030765
industrial_10M,pv_share,7.1e-06,0.000603715547581906,68.69769470210548
industrial_10M,pv_share,7.3e-06,0.0006174444360908898,68.60226300333578
industrial_10M,pv_share,7.4e-06,0.0006242954247461427,68.50988655252942
industrial_10M,pv_share,7.6e-06,0.0006379829492291875,68.42256634962054
industrial_10M,pv_share,7.8e-06,0.0006516236607924952,68.17533581407474
industrial_10M,pv_share,7.9e-06,0.0006584371611697238,68.13500377228627
industrial_10M,pv_share,8.1e-06,0.0006720180584567373,67.90408009050331
industrial_10M,pv_share,8.2e-06,0.0006787634275071999,67.45369050462607
industrial_10M,pv_share,8.4e-06,0.0006921362838593556,66.85994597952559
industrial_10M,pv_share,8.6e-06,0.0007054938790873617,66.76330779535817
industrial_10M,pv_share,8.8e-06,0.0007188140274729278,66.54564785298275
industrial_10M,pv_share,8.9e-06,0.0007254659675213757,66.51940048447952
industrial_10M,pv_share,9.1e-06,0.0007387114150247325,66.16937475392304
industrial_10M,pv_share,9.3e-06,0.0007519113649712385,65.98097547007501
industrial_10M,pv_share,9.5e-06,0.0007651003692837815,65.94215486860371
industrial_10M,pv_share,9.7e-06,0.0007781870151600996,65.41205366411477
industrial_10M,pv_share,9.9e-06,0.0007912419835424321,65.17231573322009
industrial_10M,pv_share,1.01e-05,0.0008042664105655279,65.08177792471677
industrial_10M,pv_share,1.03e-05,0.0008172430361606961,64.84309007572404
industrial_10M,pv_share,1.05e-05,0.0008301834917468003,64.62606068186714
industrial_10M,pv_share,1.07e-05,0.0008430805482063351,64.40690890523786
industrial_10M,pv_share,1.09e-05,0.000855948309515681,64.31720245277087
industrial_10M,pv_share,1.12e-05,0.0008751282504162545,63.85437649291277
industrial_10M,pv_share,1.14e-05,0.0008878612076407829,63.61592922942078
industrial_10M,pv_share,1.16e-05,0.0009005556346431564,63.36869414111519
industrial_10M,pv_share,1.19e-05,0.0009195533589129802,63.30402208622957
industrial_10M,pv_share,1.21e-05,0.000932203375153327,63.24453092930473
industrial_10M,pv_share,1.24e-05,0.0009511247557456074,62.93257887000836
industrial_10M,pv_share,1.26e-05,0.0009636885257127535,62.71241552088443
industrial_10M,pv_share,1.29e-05,0.0009824865575548479,62.610970977835024
industrial_10M,pv_share,1.31e-05,0.0009949962044218921,62.50766775979091
industrial_10M,pv_share,1.34e-05,0.001013705427505007,62.30567645529867
industrial_10M,pv_share,1.37e-05,0.0010323583189018359,62.11318710900096
industrial_10M,pv_share,1.4e-05,0.0010509293774334594,61.82787383219543
industrial_10M,pv_share,1.42e-05,0.0010632785822887584,61.67637830806113
industrial_10M,pv_share,1.45e-05,0.0010817646203274231,61.562439057293666
industrial_10M,pv_share,1.48e-05,0.001100195503418986,61.4222994108817
industrial_10M,pv_share,1.51e-05,0.0011186075129125113,61.34023969154023
industrial_10M,pv_share,1.54e-05,0.001136918185358143,60.86042528611658
industrial_10M,pv_share,1.58e-05,0.001161225932290253,60.66301823458107
industrial_10M,pv_share,1.61e-05,0.0011792948143829482,60.044309556794005
industrial_10M,pv_share,1.64e-05,0.001197273719008894,59.80386780271405
industrial_10M,pv_share,1.67e-05,0.0012152064998966756,59.758691992668545
industrial_10M,pv_share,1.71e-05,0.0012390852248596034,59.67122222895692
industrial_10M,pv_share,1.74e-05,0.0012569144946857202,59.35399197616157
industrial_10M,pv_share,1.78e-05,0.001280589692349642,58.99568048570589
industrial_10M,pv_share,1.82e-05,0.0013041388867860643,58.74911826240847
industrial_10M,pv_share,1.85e-05,0.0013217291491778244,58.618206354904565
industrial_10M,pv_share,1.89e-05,0.0013451532537350555,58.514416521031215
industrial_10M,pv_share,1.93e-05,0.0013685107097250154,58.35523510805529
industrial_10M,pv_share,1.97e-05,0.001391771117807833,58.00080145962404
industrial_10M,pv_share,2.01e-05,0.0014148854649316484,57.50732293032301
industrial_10M,pv_share,2.05e-05,0.0014378551505391446,57.33497217511908
industrial_10M,pv_share,2.09e-05,0.0014607688674714943,57.199548635519086
industrial_10M,pv_share,2.13e-05,0.0014835883161992691,56.97382235017063
industrial_10M,pv_share,2.18e-05,0.001511997061117111,56.696425435948655
industrial_10M,pv_share,2.22e-05,0.0015346267119252948,56.50019454581838
industrial_10M,pv_share,2.27e-05,0.0015628128299664953,56.2676455784022
industrial_10M,pv_share,2.31e-05,0.0015852120365676423,55.88624927412276
industrial_10M,pv_share,2.36e-05,0.0016131008315450382,55.673859704538636
industrial_10M,pv_share,2.41e-05,0.001640906310378523,55.57050337671987
industrial_10M,pv_share,2.46e-05,0.001668663776579672,55.4326549089245
industrial_10M,pv_share,2.51e-05,0.0016963371911292312,55.27388776393932
industrial_10M,pv_share,2.56e-05,0.0017239015828977296,54.94718942817037
industrial_10M,pv_share,2.61e-05,0.0017513026443182762,54.73165337221346
industrial_10M,pv_share,2.67e-05,0.001784056996863747,54.46480759152856
industrial_10M,pv_share,2.72e-05,0.0018112002205419653,54.09724662006553
industrial_10M,pv_share,2.78e-05,0.0018435948194186877,53.873015894623705
industrial_10M,pv_share,2.83e-05,0.0018704984215021205,53.764596342480274
industrial_10M,pv_share,2.89e-05,0.0019026957830287608,53.59923009336621
industrial_10M,pv_share,2.95e-05,0.0019347759067275508,53.393831500390505
industrial_10M,pv_share,3.01e-05,0.001966755809183064,53.21200602766214
industrial_10M,pv_share,3.07e-05,0.0019986637785593176,53.11455109981729
industrial_10M,pv_share,3.13e-05,0.002030448203550689,52.90002196393833
industrial_10M,pv_share,3.2e-05,0.0020674304725560207,52.7762331474737
industrial_10M,pv_share,3.26e-05,0.0020990489462294165,52.63586012153796
industrial_10M,pv_share,3.33e-05,0.0021357840127561854,52.39747050288153
industrial_10M,pv_share,3.4e-05,0.0021723898266380985,52.21636327969071
industrial_10M,pv_share,3.47e-05,0.0022088629261239503,52.00534543038336
industrial_10M,pv_share,3.54e-05,0.0022452207960755805,51.90866259342717
industrial_10M,pv_share,3.61e-05,0.0022814775990088764,51.726265603267045
industrial_10M,pv_share,3.68e-05,0.002317598999719146,51.4828697290339
industrial_10M,pv_share,3.76e-05,0.002358683880036387,51.23865452489372
industrial_10M,pv_share,3.84e-05,0.002399601307966957,51.07305189648935
industrial_10M,pv_share,3.91e-05,0.002435317137637047,50.98516611937488
industrial_10M,pv_share,3.99e-05,0.0024760257162546066,50.80778758540348
industrial_10M,pv_share,4.08e-05,0.0025216875611003297,50.64351077001792
industrial_10M,pv_share,4.16e-05,0.0025621155279875714,50.448923231296654
industrial_10M,pv_share,4.24e-05,0.0026023961604592556,50.24164659615877
industrial_10M,pv_share,4.33e-05,0.002647555335665531,50.07538451938391
industrial_10M,pv_share,4.42e-05,0.0026925136182702446,49.82160883937058
industrial_10M,pv_share,4.51e-05,0.0027372592099594133,49.59638457993405
industrial_10M,pv_share,4.6e-05,0.002781835591046504,49.45080603251127
industrial_10M,pv_share,4.69e-05,0.002826274263237262,49.27772029579351
industrial_10M,pv_share,4.79e-05,0.0028754536429495426,49.108696752057625
industrial_10M,pv_share,4.89e-05,0.0029244300868207455,48.872629384312795
industrial_10M,pv_share,4.99e-05,0.002973143336565499,48.598897188598706
industrial_10M,pv_share,5.09e-05,0.0030215947799005134,48.352536311752324
industrial_10M,pv_share,5.19e-05,0.0030698746220397936,48.217008471005514
industrial_10M,pv_share,5.3e-05,0.003122826147129055,48.070153052998506
industrial_10M,pv_share,5.41e-05,0.0031755485874964645,47.76045153457531
industrial_10M,pv_share,5.52e-05,0.003227995801925122,47.61909023375839
industrial_10M,pv_share,5.63e-05,0.003280288710810788,47.45612825057832
industrial_10M,pv_share,5.75e-05,0.0033371347904611612,47.28275473505539
industrial_10M,pv_share,5.86e-05,0.0033890402024130766,47.106974403839956
industrial_10M,pv_share,5.98e-05,0.003445428897133775,46.89442592289307
industrial_10M,pv_share,6.1e-05,0.003501612523409983,46.77825572566393
industrial_10M,pv_share,6.23e-05,0.003562303367590849,46.54128147694104
industrial_10M,pv_share,6.36e-05,0.0036227004603520876,46.3933207401431
industrial_10M,pv_share,6.49e-05,0.0036827651677195337,46.07726198785413
industrial_10M,pv_share,6.62e-05,0.003742492207864664,45.82043976506408
industrial_10M,pv_share,6.75e-05,0.0038018543139841337,45.56592555259469
industrial_10M,pv_share,6.89e-05,0.0038654974253202346,45.34259923140734
industrial_10M,pv_share,7.03e-05,0.003928869115933179,45.144457924565465
industrial_10M,pv_share,7.17e-05,0.003991955814199045,44.98539693028302
industrial_10M,pv_share,7.32e-05,0.00405927463713638,44.79277224114253
industrial_10M,pv_share,7.47e-05,0.0041262658776227736,44.501024127494766
industrial_10M,pv_share,7.62e-05,0.004192842655223237,44.27553152608818
industrial_10M,pv_share,7.78e-05,0.004263471459597945,44.052771410170635
industrial_10M,pv_share,7.94e-05,0.004333767468608899,43.79420141387407
industrial_10M,pv_share,8.1e-05,0.004403695212365262,43.6121975518159
industrial_10M,pv_share,8.26e-05,0.004473316959636188,43.42446078780192
industrial_10M,pv_share,8.43e-05,0.0045469806810062435,43.249092737186174
industrial_10M,pv_share,8.6e-05,0.004620332794862483,43.02233907316558
industrial_10M,pv_share,8.78e-05,0.0046975790390033295,42.785480152330166
industrial_10M,pv_share,8.96e-05,0.004774365437798531,42.55548559857513
industrial_10M,pv_share,9.14e-05,0.0048507475668087925,42.35207522405508
industrial_10M,pv_share,9.33e-05,0.00493103019603787,42.16667439124242
industrial_10M,pv_share,9.52e-05,0.005010954561501913,41.97029574469964
industrial_10M,pv_share,9.71e-05,0.005090564037643211,41.79883903453787
industrial_10M,pv_share,9.91e-05,0.005173934036156502,41.616746766391664
industrial_10M,pv_share,0.0001011,0.005256960580734474,41.42082927923371
industrial_10M,pv_share,0.0001032,0.005343763959108592,41.24218226472635
industrial_10M,pv_share,0.0001053,0.0054301207359711105,41.009411196794915
industrial_10M,pv_share,0.0001074,0.005515906783480223,40.74903539071451
industrial_10M,pv_share,0.0001096,0.0056053810692344355,40.59130683067426
industrial_10M,pv_share,0.0001118,0.005694469556638268,40.38643391417341
industrial_10M,pv_share,0.0001141,0.0057871513934790704,40.22167994090964
industrial_10M,pv_share,0.0001165,0.0058835500978567995,40.11265315050025
industrial_10M,pv_share,0.0001188,0.0059756581726782675,39.98440398726651
industrial_10M,pv_share,0.0001212,0.006071424993245158,39.81920980469723
industrial_10M,pv_share,0.0001237,0.006170761381382486,39.67313299230776
industrial_10M,pv_share,0.0001262,0.006269747322968745,39.51273525092986
industrial_10M,pv_share,0.0001288,0.006372184610462306,39.31367038998445
industrial_10M,pv_share,0.0001314,0.00647413441899778,39.09532019683023
industrial_10M,pv_share,0.0001341,0.006579463181531383,38.92940256255277
industrial_10M,pv_share,0.0001369,0.006688178596614156,38.73331239634957
industrial_10M,pv_share,0.0001396,0.006792540512516582,38.57720458269854
industrial_10M,pv_share,0.0001425,0.006904182124903243,38.40721920925474
industrial_10M,pv_share,0.0001454,0.007015312359009946,38.25178719091041
industrial_10M,pv_share,0.0001484,0.007129761878196548,38.03748636464696
industrial_10M,pv_share,0.0001514,0.007243599936748512,37.854463827503096
industrial_10M,pv_share,0.0001545,0.0073607291475517615,37.6778481123568
industrial_10M,pv_share,0.0001576,0.007477345576442844,37.56392728137571
industrial_10M,pv_share,0.0001608,0.007597186242467253,37.361916925265405
industrial_10M,pv_share,0.0001641,0.007720153081231482,37.17261753202468
industrial_10M,pv_share,0.0001675,0.007846185204748796,36.96773909947089
industrial_10M,pv_share,0.0001709,0.007971604526150504,36.787254769127536
industrial_10M,pv_share,0.0001744,0.008099959449851073,36.58176659726823
industrial_10M,pv_share,0.0001779,0.008227620705469162,36.41565400901921
industrial_10M,pv_share,0.0001815,0.008358422671179245,36.24963175320758
industrial_10M,pv_share,0.0001852,0.008492134365908984,36.06112522871744
industrial_10M,pv_share,0.000189,0.008628765288407414,35.859008567902336
industrial_10M,pv_share,0.0001929,0.008768254029408123,35.68000453768359
industrial_10M,pv_share,0.0001968,0.008907066282102551,35.501947750440586
industrial_10M,pv_share,0.0002008,0.009048684586363575,35.34780373698281
industrial_10M,pv_share,0.0002049,0.009193376512573775,35.22897088324189
industrial_10M,pv_share,0.0002091,0.009340981087906158,35.05854976744053
industrial_10M,pv_share,0.0002133,0.009487910460741024,34.91160910059838
industrial_10M,pv_share,0.0002177,0.009640966268026609,34.67309253190724
industrial_10M,pv_share,0.0002221,0.009793074798259548,34.48638644259793
industrial_10M,pv_share,0.0002266,0.009948005512639494,34.3476981319715
industrial_10M,pv_share,0.0002313,0.010108995550123652,34.1829186733877
industrial_10M,pv_share,0.000236,0.010269212019045487,33.991676289499495
industrial_10M,pv_share,0.0002408,0.01043202755986953,33.83900569326955
industrial_10M,pv_share,0.0002457,0.010597290479410675,33.63753451654275
industrial_10M,pv_share,0.0002507,0.010765007936826384,33.46357252003093
industrial_10M,pv_share,0.0002558,0.01093526666616552,33.29933397492371
industrial_10M,pv_share,0.000261,0.011107954594509478,33.123756896675296
industrial_10M,pv_share,0.0002663,0.011282908202381457,32.924347537582186
industrial_10M,pv_share,0.0002718,0.011463578294295203,32.7731773364905
industrial_10M,pv_share,0.0002773,0.01164338807077296,32.5857242861267
industrial_10M,pv_share,0.000283,0.011828635189676943,32.42021790028559
industrial_10M,pv_share,0.0002887,0.012012875879641645,32.2310277503345
industrial_10M,pv_share,0.0002946,0.01220251705843289,32.04976689538563
industrial_10M,pv_share,0.0003006,0.012394350588930361,31.878441470406205
industrial_10M,pv_share,0.0003068,0.012591458245524406,31.68457673655214
industrial_10M,pv_share,0.000313,0.012787454940878566,31.541018254963802
industrial_10M,pv_share,0.0003194,0.012988652661200556,31.352599816972052
industrial_10M,pv_share,0.0003259,0.013191874162742296,31.193179674233154
industrial_10M,pv_share,0.0003325,0.013397138814381482,31.00923817980436
industrial_10M,pv_share,0.0003393,0.013607375411254589,30.832730990223283
industrial_10M,pv_share,0.0003462,0.013819511837271372,30.66537413268188
industrial_10M,pv_share,0.0003533,0.01403665206486953,30.505188255918043
industrial_10M,pv_share,0.0003605,0.014255865028887222,30.383112477817477
industrial_10M,pv_share,0.0003678,0.014476910266378344,30.196988957804475
industrial_10M,pv_share,0.0003753,0.014702869510067709,30.05065798370888
industrial_10M,pv_share,0.000383,0.014933719653490779,29.910115213402346
industrial_10M,pv_share,0.0003908,0.015166264954785891,29.724142412399278
industrial_10M,pv_share,0.0003987,0.015400454327840136,29.553908955737203
industrial_10M,pv_share,0.0004069,0.015642069541766737,29.3720226002218
industrial_10M,pv_share,0.0004152,0.01588515429804416,29.199261537699716
industrial_10M,pv_share,0.0004236,0.016129789087365516,29.04111042125436
industrial_10M,pv_share,0.0004323,0.016381791346722668,28.88658602172261
industrial_10M,pv_share,0.0004411,0.01663528106631297,28.728741463225294
industrial_10M,pv_share,0.0004501,0.016893114351574492,28.569847766433025
industrial_10M,pv_share,0.0004592,0.017152448721399125,28.434881346881628
industrial_10M,pv_share,0.0004686,0.017419069116890375,28.297396358790955
industrial_10M,pv_share,0.0004781,0.01768716436090122,28.152271625045568
industrial_10M,pv_share,0.0004879,0.017962280703798714,27.991282217486983
industrial_10M,pv_share,0.0004978,0.0182384430851891,27.80276270483389
industrial_10M,pv_share,0.000508,0.01852114977009076,27.641041135895374
industrial_10M,pv_share,0.0005183,0.018805149178544953,27.505468568926446
industrial_10M,pv_share,0.0005289,0.019096046033042425,27.366303850451736
industrial_10M,pv_share,0.0005397,0.019390581697325757,27.189555029419093
industrial_10M,pv_share,0.0005507,0.019689003523871807,27.05759618931342
industrial_10M,pv_share,0.0005619,0.019991343852297647,26.91918699008502
industrial_10M,pv_share,0.0005733,0.020297306310099305,26.750804445447198
industrial_10M,pv_share,0.000585,0.020609397228201952,26.593998422855666
industrial_10M,pv_share,0.0005969,0.020924982985787096,26.439642916612918
industrial_10M,pv_share,0.0006091,0.02124637564263093,26.26952194582032
industrial_10M,pv_share,0.0006215,0.021571190869676276,26.11654991287776
industrial_10M,pv_share,0.0006342,0.021901882817832112,25.968205025170455
industrial_10M,pv_share,0.0006471,0.02223592391312844,25.804075175195344
industrial_10M,pv_share,0.0006603,0.022575599586236252,25.66181492628188
industrial_10M,pv_share,0.0006738,0.022921093251420187,25.52398234479585
industrial_10M,pv_share,0.0006875,0.023269827284307276,25.378468926804825
industrial_10M,pv_share,0.0007015,0.023623992331521793,25.22687849841733
industrial_10M,pv_share,0.0007158,0.02398343285306189,25.05378356831874
industrial_10M,pv_share,0.0007304,0.02434801545042167,24.897703164770526
industrial_10M,pv_share,0.0007453,0.02471789785975237,24.745063015166533
industrial_10M,pv_share,0.0007605,0.025092796628606032,24.586188301150102
industrial_10M,pv_share,0.000776,0.025472828645436815,24.453349429486714
industrial_10M,pv_share,0.0007918,0.02585809342082336,24.295898181973687
industrial_10M,pv_share,0.0008079,0.02624807935881128,24.138355232165313
industrial_10M,pv_share,0.0008244,0.026645151530040035,23.994354128956715
industrial_10M,pv_share,0.0008412,0.027046942632275084,23.84376464447243
industrial_10M,pv_share,0.0008583,0.027453391049147857,23.6905552382708
industrial_10M,pv_share,0.0008758,0.027866675024234927,23.544112140778505
industrial_10M,pv_share,0.0008936,0.028284410177901082,23.39939527599468
industrial_10M,pv_share,0.0009119,0.028711159284265025,23.251344511315377
industrial_10M,pv_share,0.0009304,0.02914006839485601,23.114437633449256
industrial_10M,pv_share,0.0009494,0.029577912907129935,22.96622978456917
industrial_10M,pv_share,0.0009687,0.030019734873262913,22.815284335300507
industrial_10M,pv_share,0.0009885,0.030470054452289657,22.683044583911908
industrial_10M,pv_share,0.0010086,0.03092448206193179,22.543907945134574
industrial_10M,pv_share,0.0010292,0.03138752657801959,22.41353642226304
industrial_10M,pv_share,0.0010502,0.03185671719615285,22.260717459401494
industrial_10M,pv_share,0.0010716,0.03233171998463265,22.121368657879383
industrial_10M,pv_share,0.0010934,0.032812412552744516,21.978918366458444
industrial_10M,pv_share,0.0011157,0.03330111477083889,21.848494729692383
industrial_10M,pv_share,0.0011384,0.033795655046171894,21.71721389712896
industrial_10M,pv_share,0.0011616,0.03429796152862348,21.582760119215965
industrial_10M,pv_share,0.0011853,0.03480764776510515,21.436664996584483
industrial_10M,pv_share,0.0012094,0.03532234655512291,21.277356827004887
industrial_10M,pv_share,0.0012341,0.03584615438881639,21.145602014908807
industrial_10M,pv_share,0.0012592,0.03637512998569284,21.01163002263604
industrial_10M,pv_share,0.0012849,0.036913403615538326,20.88131334097722
industrial_10M,pv_share,0.0013111,0.037458786904289325,20.75311358908649
industrial_10M,pv_share,0.0013378,0.038011182827703036,20.62252193422559
industrial_10M,pv_share,0.0013651,0.0385721439924705,20.48342233630378
industrial_10M,pv_share,0.0013929,0.039139772344996646,20.356520129261845
industrial_10M,pv_share,0.0014213,0.03971561644534052,20.20339763894515
industrial_10M,pv_share,0.0014502,0.04029738828249119,20.05963212382694
industrial_10M,pv_share,0.0014798,0.040888960949720284,19.917309955956654
industrial_10M,pv_share,0.0015099,0.041486429191409845,19.77528123675247
industrial_10M,pv_share,0.0015407,0.04209343301343354,19.639501985518393
industrial_10M,pv_share,0.0015721,0.04270810362983581,19.50763079038126
industrial_10M,pv_share,0.0016041,0.043330234446811416,19.37409265133923
industrial_10M,pv_share,0.0016368,0.04396137363186441,19.23361758765939
industrial_10M,pv_share,0.0016702,0.044601566935332224,19.09109212813844
industrial_10M,pv_share,0.0017042,0.04524851068571848,18.962928110063146
industrial_10M,pv_share,0.001739,0.04590626111129583,18.833349857318076
industrial_10M,pv_share,0.0017744,0.04657055451372,18.70370849847856
industrial_10M,pv_share,0.0018105,0.04724339792002719,18.570245227579893
industrial_10M,pv_share,0.0018474,0.0479264798402797,18.453561034316856
industrial_10M,pv_share,0.0018851,0.04861989750277148,18.330227324586314
industrial_10M,pv_share,0.0019235,0.04932126985353379,18.20266420305715
industrial_10M,pv_share,0.0019627,0.05003221589243424,18.071992618261998
industrial_10M,pv_share,0.0020027,0.05075245327471442,17.941998413290847
industrial_10M,pv_share,0.0020435,0.05148199446906362,17.817063708674606
industrial_10M,pv_share,0.0020852,0.05222247299066645,17.698712630970668
industrial_10M,pv_share,0.0021276,0.05297030492708178,17.581656608749718
industrial_10M,pv_share,0.002171,0.05373069338101126,17.4579827668826
industrial_10M,pv_share,0.0022152,0.05449971817907097,17.338685563742086
industrial_10M,pv_share,0.0022604,0.05528049169130529,17.210018798299863
industrial_10M,pv_share,0.0023065,0.05607108883587046,17.086901443998524
industrial_10M,pv_share,0.0023535,0.056871358162660514,16.968330109664592
industrial_10M,pv_share,0.0024014,0.05768125432059589,16.848481656954768
industrial_10M,pv_share,0.0024503,0.05850218435235,16.728039983234137
industrial_10M,pv_share,0.0025003,0.05933520601183597,16.593359308946596
industrial_10M,pv_share,0.0025512,0.06017683110271422,16.477756271286978
industrial_10M,pv_share,0.0026032,0.06103054548758549,16.357982849622065
industrial_10M,pv_share,0.0026563,0.06189590356332725,16.23128756978792
industrial_10M,pv_share,0.0027104,0.06277097695326911,16.115786386427924
industrial_10M,pv_share,0.0027656,0.06365734702789405,16.001143584041333
industrial_10M,pv_share,0.002822,0.06455630728502781,15.88145725074851
industrial_10M,pv_share,0.0028795,0.06546605736487675,15.764832644741814
industrial_10M,pv_share,0.0029382,0.06638797533137145,15.646769818030885
industrial_10M,pv_share,0.002998,0.06732006736597895,15.527981539885257
industrial_10M,pv_share,0.0030591,0.06826497628873752,15.404565343262426
industrial_10M,pv_share,0.0031215,0.069222460821728,15.285375469263332
industrial_10M,pv_share,0.0031851,0.07019074926726968,15.167245007638337
industrial_10M,pv_share,0.00325,0.07117096916099847,15.04663465740351
industrial_10M,pv_share,0.0033162,0.07216305543628453,14.927121260601258
industrial_10M,pv_share,0.0033838,0.07316774884951266,14.803291276973349
industrial_10M,pv_share,0.0034528,0.0741851653992117,14.68806177538728
industrial_10M,pv_share,0.0035231,0.0752138317526668,14.576115202708001
industrial_10M,pv_share,0.0035949,0.07625615349051136,14.459190919658065
industrial_10M,pv_share,0.0036682,0.07731183959464243,14.343452871041281
industrial_10M,pv_share,0.0037429,0.07837916709355791,14.235186290386691
industrial_10M,pv_share,0.0038192,0.07946121990474843,14.127452446560136
industrial_10M,pv_share,0.003897,0.0805558872247132,14.012728342552004
industrial_10M,pv_share,0.0039764,0.0816640174743872,13.899623859146097
industrial_10M,pv_share,0.0040575,0.08278625242112664,13.77969985149511
industrial_10M,pv_share,0.0041401,0.08391960427847747,13.66646009126685
industrial_10M,pv_share,0.0042245,0.0850684844536172,13.558252597475859
industrial_10M,pv_share,0.0043106,0.086231014246524,13.444298731702858
industrial_10M,pv_share,0.0043984,0.08740685242520216,13.34080504096265
industrial_10M,pv_share,0.0044881,0.08859851938158668,13.232181030252503
industrial_10M,pv_share,0.0045795,0.08980288759314806,13.124759136198184
industrial_10M,pv_share,0.0046729,0.09102388683288555,13.02230521498842
industrial_10M,pv_share,0.0047681,0.09225845963271691,12.912880434225794
industrial_10M,pv_share,0.0048652,0.09350694615391487,12.808653174120172
industrial_10M,pv_share,0.0049644,0.09477251749470846,12.703351388600222
industrial_10M,pv_share,0.0050655,0.09605144146774543,12.596728173013348
industrial_10M,pv_share,0.0051688,0.09734746979611857,12.493663438256347
industrial_10M,pv_share,0.0052741,0.09865755071337215,12.38872567651264
industrial_10M,pv_share,0.0053816,0.09998349108519808,12.282075583305609
industrial_10M,pv_share,0.0054912,0.10132385733443015,12.178019804935358
industrial_10M,pv_share,0.0056031,0.10268066763990176,12.073931844529788
industrial_10M,pv_share,0.0057173,0.10405361560322021,11.97339260549855
industrial_10M,pv_share,0.0058338,0.10544282155569981,11.874242215378862
industrial_10M,pv_share,0.0059527,0.10684871463674185,11.773608450120236
industrial_10M,pv_share,0.006074,0.1082707043741729,11.669987544634866
industrial_10M,pv_share,0.0061978,0.1097091813819267,11.568944389807381
industrial_10M,pv_share,0.0063241,0.11116390043140714,11.466713097727625
industrial_10M,pv_share,0.006453,0.11263518839128892,11.364049688713996
industrial_10M,pv_share,0.0065845,0.11412317547909831,11.26303959796164
industrial_10M,pv_share,0.0067186,0.11562671251684206,11.163383192552397
industrial_10M,pv_share,0.0068555,0.11714754045772302,11.056326436358109
industrial_10M,pv_share,0.0069952,0.11868519243450955,10.956014240766446
industrial_10M,pv_share,0.0071378,0.12024080246137925,10.861371025393382
industrial_10M,pv_share,0.0072832,0.12181264028219077,10.762797655477558
industrial_10M,pv_share,0.0074317,0.12340340335710447,10.663747130995667
industrial_10M,pv_share,0.0075831,0.12501046204395608,10.565076130180797
industrial_10M,pv_share,0.0077376,0.12663540259462228,10.471542939162374
industrial_10M,pv_share,0.0078953,0.12827925334288728,10.376269275871996
industrial_10M,pv_share,0.0080562,0.1299411776208791,10.27902104181635
industrial_10M,pv_share,0.0082204,0.13162101522198597,10.18254605778703
industrial_10M,pv_share,0.0083879,0.13331857490037616,10.088334702034567
industrial_10M,pv_share,0.0085588,0.13503477633854816,9.996286492411548
industrial_10M,pv_share,0.0087332,0.13677008426405302,9.904719826070489
industrial_10M,pv_share,0.0089112,0.13852489196248544,9.81297972322492
industrial_10M,pv_share,0.0090928,0.14029850780092984,9.719803071899923
industrial_10M,pv_share,0.0092781,0.1420909204857179,9.629379636457992
industrial_10M,pv_share,0.0094671,0.14390249148696804,9.540383534380666
industrial_10M,pv_share,0.00966,0.14573399043406343,9.45000942331169
industrial_10M,pv_share,0.0098569,0.14758558933630012,9.358652916032169
industrial_10M,pv_share,0.0100578,0.1494566220120891,9.270158894377298
industrial_10M,pv_share,0.0102627,0.15134702895715946,9.182096543347456
industrial_10M,pv_share,0.0104718,0.15325812207878947,9.09540762498522
industrial_10M,pv_share,0.0106852,0.15518953845361402,9.00643302225964
industrial_10M,pv_share,0.010903,0.15714155305288754,8.918863876956609
industrial_10M,pv_share,0.0111252,0.15911370809719244,8.832033666327959
industrial_10M,pv_share,0.0113519,0.1611059005615246,8.743904847988953
industrial_10M,pv_share,0.0115832,0.16311803737490665,8.655319237662418
industrial_10M,pv_share,0.0118192,0.1651507008559333,8.569545428668286
industrial_10M,pv_share,0.0120601,0.16720458199160965,8.48449879992222
industrial_10M,pv_share,0.0123058,0.1692787693768704,8.40051725884639
industrial_10M,pv_share,0.0125566,0.17137550452245434,8.320283152918343
industrial_10M,pv_share,0.0128125,0.17349428601099864,8.238472515094593
industrial_10M,pv_share,0.0130736,0.17563476038216627,8.158789400274376
industrial_10M,pv_share,0.01334,0.17779739608390055,8.076115138736167
industrial_10M,pv_share,0.0136118,0.17998152323847258,7.995789745297806
industrial_10M,pv_share,0.0138892,0.1821878234566267,7.912364062086152
industrial_10M,pv_share,0.0141722,0.18441635944182358,7.83626290659388
industrial_10M,pv_share,0.014461,0.18666726012845555,7.752597130479779
industrial_10M,pv_share,0.0147557,0.18894019552216576,7.672613074750543
industrial_10M,pv_share,0.0150564,0.19123570333351744,7.595560607031699
industrial_10M,pv_share,0.0153632,0.1935537918224061,7.516464869983683
industrial_10M,pv_share,0.0156763,0.19589550915816703,7.441453641754238
industrial_10M,pv_share,0.0159957,0.19826047602688382,7.366849414754814
industrial_10M,pv_share,0.0163217,0.20064960255645506,7.289992509533301
industrial_10M,pv_share,0.0166543,0.20306156338240444,7.213290311520457
industrial_10M,pv_share,0.0169936,0.20549653845310745,7.14021686257637
industrial_10M,pv_share,0.0173399,0.2079563272101835,7.065963704808826
industrial_10M,pv_share,0.0176933,0.21043999881467262,6.991288027903726
industrial_10M,pv_share,0.0180538,0.21294717351288786,6.918684616310778
industrial_10M,pv_share,0.0184217,0.21547876010659453,6.843977737223116
industrial_10M,pv_share,0.0187971,0.2180340137311833,6.77133694961941
industrial_10M,pv_share,0.0191802,0.22061386010517797,6.698125438681857
industrial_10M,pv_share,0.019571,0.22321756162640305,6.627052679395095
industrial_10M,pv_share,0.0199698,0.22584615111017983,6.556381595798217
industrial_10M,pv_share,0.0203768,0.22850019613702124,6.484859429144703
industrial_10M,pv_share,0.020792,0.23117767834953656,6.413829226239595
industrial_10M,pv_share,0.0212157,0.233879984887238,6.342661783035298
industrial_10M,pv_share,0.021648,0.23660703146807374,6.273876016988603
industrial_10M,pv_share,0.0220892,0.23935997324755423,6.206374357182009
industrial_10M,pv_share,0.0225393,0.24213782127014694,6.137935154564262
industrial_10M,pv_share,0.0229986,0.24494190710761862,6.072339058546469
industrial_10M,pv_share,0.0234672,0.24777187180764157,6.005523151002322
industrial_10M,pv_share,0.0239455,0.25062895206618896,5.941051198880497
industrial_10M,pv_share,0.0244334,0.25351163507885516,5.875060571213829
industrial_10M,pv_share,0.0249313,0.2564207764612703,5.810726465550774
industrial_10M,pv_share,0.0254394,0.2593570929199297,5.747356957310442
industrial_10M,pv_share,0.0259577,0.2623187972888976,5.681282776805936
industrial_10M,pv_share,0.0264867,0.26530768165831464,5.61858946268979
industrial_10M,pv_share,0.0270264,0.2683226431299386,5.555024468539007
industrial_10M,pv_share,0.0275772,0.2713647987291399,5.491365202168719
industrial_10M,pv_share,0.0281391,0.27443351526254134,5.431040671105822
industrial_10M,pv_share,0.0287126,0.27753028451155065,5.368619473499361
industrial_10M,pv_share,0.0292977,0.280653073865105,5.306760047268624
industrial_10M,pv_share,0.0298947,0.28380298084970285,5.245848753026998
industrial_10M,pv_share,0.0305039,0.28698008440302153,5.18508989809406
industrial_10M,pv_share,0.0311255,0.29018467004991855,5.125484374603695
industrial_10M,pv_share,0.0317597,0.2934164952946413,5.066411052965451
industrial_10M,pv_share,0.0324069,0.2966761537841693,5.006475290048271
industrial_10M,pv_share,0.0330673,0.29996264330060146,4.946826987266604
industrial_10M,pv_share,0.0337411,0.3032761754216462,4.889160621096818
industrial_10M,pv_share,0.0344287,0.30661794580214247,4.832455096693011
industrial_10M,pv_share,0.0351303,0.3099883351375056,4.775289667666044
industrial_10M,pv_share,0.0358461,0.31338587777615706,4.718044907588862
industrial_10M,pv_share,0.0365766,0.3168114570404301,4.660569671237564
industrial_10M,pv_share,0.037322,0.3202645004730064,4.6050538696475956
industrial_10M,pv_share,0.0380825,0.323745398368522,4.549418281911587
industrial_10M,pv_share,0.0388585,0.327254481435454,4.495232688622654
industrial_10M,pv_share,0.0396504,0.33079262346931326,4.440988373943816
industrial_10M,pv_share,0.0404584,0.33435875709969537,4.386433603686403
industrial_10M,pv_share,0.0412828,0.33795295960963556,4.333426511598009
industrial_10M,pv_share,0.0421241,0.3415761520887035,4.280287541971038
industrial_10M,pv_share,0.0429824,0.3452271599275968,4.227301816161158
industrial_10M,pv_share,0.0438583,0.34890677540325543,4.174652205667064
industrial_10M,pv_share,0.0447521,0.3526145778251218,4.121888322682872
industrial_10M,pv_share,0.045664,0.3563501492448227,4.0710707517273175
industrial_10M,pv_share,0.0465945,0.36011456852675017,4.020730517063878
industrial_10M,pv_share,0.047544,0.3639082744762546,3.9706676021743292
industrial_10M,pv_share,0.0485129,0.3677308175992037,3.920265946113504
industrial_10M,pv_share,0.0495014,0.37158157115506757,3.870965439950508
industrial_10M,pv_share,0.0505102,0.3754617242062671,3.8216543554893185
industrial_10M,pv_share,0.0515394,0.37936943842287457,3.772028695073932
industrial_10M,pv_share,0.0525897,0.383304938642754,3.7227837699223945
industrial_10M,pv_share,0.0536614,0.3872687948944885,3.6747632773360133
industrial_10M,pv_share,0.0547549,0.3912609434734401,3.626972527197574
industrial_10M,pv_share,0.0558706,0.3952807780374223,3.579305261399314
industrial_10M,pv_share,0.0570091,0.3993286512284144,3.5320580953064145
industrial_10M,pv_share,0.0581709,0.40340424799618657,3.484371522826734
industrial_10M,pv_share,0.0593563,0.40750699753962044,3.4379922766898376
industrial_10M,pv_share,0.0605658,0.4116375435025139,3.392276323904725
industrial_10M,pv_share,0.0618,0.41579615347672433,3.3466372563607343
industrial_10M,pv_share,0.0630593,0.41998194349096546,3.3012460423697516
industrial_10M,pv_share,0.0643443,0.4241954139158815,3.257028261356767
industrial_10M,pv_share,0.0656555,0.4284364839167248,3.2121502291189894
industrial_10M,pv_share,0.0669934,0.43270493177767383,3.1687446821551886
industrial_10M,pv_share,0.0683586,0.4370005417152039,3.1247243705194445
industrial_10M,pv_share,0.0697516,0.44132276888526734,3.0810864124239576
industrial_10M,pv_share,0.071173,0.44567090803908044,3.0377848793939433
industrial_10M,pv_share,0.0726233,0.45004534742031505,2.995073570042526
industrial_10M,pv_share,0.0741032,0.45444619414603665,2.952906975709849
industrial_10M,pv_share,0.0756133,0.45887352782186075,2.9109226307347202
industrial_10M,pv_share,0.0771541,0.46332640324654,2.8690732011613074
industrial_10M,pv_share,0.0787263,0.46780475341432126,2.8281969676146947
industrial_10M,pv_share,0.0803306,0.4723091422855707,2.7874756683672093
industrial_10M,pv_share,0.0819675,0.4768390921164349,2.747221588084431
industrial_10M,pv_share,0.0836378,0.4813947406474338,2.707678340336868
industrial_10M,pv_share,0.0853422,0.4859754733229371,2.6678098898985994
industrial_10M,pv_share,0.0870813,0.4905807916647919,2.6283951288906446
industrial_10M,pv_share,0.0888558,0.49521013639859035,2.5893739493817924
industrial_10M,pv_share,0.0906664,0.49986307101444744,2.550637194242739
industrial_10M,pv_share,0.092514,0.5045401625473024,2.5122749811187775
industrial_10M,pv_share,0.0943992,0.5092401230291128,2.4739410052659228
industrial_10M,pv_share,0.0963229,0.5139623717370013,2.4360935666228687
industrial_10M,pv_share,0.0982857,0.5187072212124558,2.398871048608007
industrial_10M,pv_share,0.1002885,0.523474122314452,2.361658572675665
industrial_10M,pv_share,0.1023322,0.52826293700058,2.3249883194561427
industrial_10M,pv_share,0.1044175,0.5330728475455636,2.288547641798866
industrial_10M,pv_share,0.1065453,0.5379036935652031,2.2524266206019092
industrial_10M,pv_share,0.1087164,0.5427548855395521,2.2166471922579984
industrial_10M,pv_share,0.1109318,0.5476264203861684,2.181255754750875
industrial_10M,pv_share,0.1131924,0.5525176326417245,2.146061027308758
industrial_10M,pv_share,0.1154989,0.557427147540635,2.1112517435103855
industrial_10M,pv_share,0.1178526,0.5623551323596296,2.0764793748730597
industrial_10M,pv_share,0.1202541,0.5673003676955913,2.042265190775266
industrial_10M,pv_share,0.1227046,0.5722633878486244,2.008447162420042
industrial_10M,pv_share,0.1252051,0.5772433424949952,1.975096873106628
industrial_10M,pv_share,0.1277564,0.5822395138827883,1.941753304043577
industrial_10M,pv_share,0.1303598,0.5872513749599725,1.908669097387066
industrial_10M,pv_share,0.1330163,0.5922781839637171,1.8760375249692385
industrial_10M,pv_share,0.1357268,0.5973190848393156,1.8436427460969738
industrial_10M,pv_share,0.1384926,0.6023734557565191,1.8114411869578793
industrial_10M,pv_share,0.1413148,0.6074411384506989,1.7800540576278643
industrial_10M,pv_share,0.1441944,0.6125220211074665,1.74896275075068
industrial_10M,pv_share,0.1471328,0.6176150949038293,1.7177905420716968
industrial_10M,pv_share,0.150131,0.622719421843006,1.6871187625563917
industrial_10M,pv_share,0.1531903,0.6278343329291929,1.6567546439975784
industrial_10M,pv_share,0.156312,0.6329591802509174,1.6267715392995772
industrial_10M,pv_share,0.1594973,0.6380936382985141,1.5971136390220622
industrial_10M,pv_share,0.1627475,0.6432365157957687,1.5677210136233395
industrial_10M,pv_share,0.1660639,0.6483869350520263,1.5385306075611123
industrial_10M,pv_share,0.1694479,0.6535440515458727,1.5096384927660347
industrial_10M,pv_share,0.1729008,0.6587069662227637,1.4809266272849855
industrial_10M,pv_share,0.1764242,0.6638746392699756,1.452484279580733
industrial_10M,pv_share,0.1800193,0.6690457359803571,1.424415411054803
industrial_10M,pv_share,0.1836877,0.6742197752665021,1.3964698218563396
industrial_10M,pv_share,0.1874308,0.6793952262611609,1.3690077243716836
industrial_10M,pv_share,0.1912502,0.6845719966810729,1.341853815744356
industrial_10M,pv_share,0.1951474,0.6897479977079461,1.314662865876478
industrial_10M,pv_share,0.1991241,0.6949229468297526,1.2880352690979446
industrial_10M,pv_share,0.2031818,0.700095551411967,1.2617447347466393
industrial_10M,pv_share,0.2073221,0.7052652881494217,1.2355915986176105
industrial_10M,pv_share,0.2115469,0.7104303315605461,1.2096781617111534
industrial_10M,pv_share,0.2158577,0.7155898761245711,1.1841547128111618
industrial_10M,pv_share,0.2202564,0.7207424997067581,1.1588525663769285
industrial_10M,pv_share,0.2247447,0.7258875870165733,1.133879593249999
industrial_10M,pv_share,0.2293245,0.7310233298397939,1.1089955636405535
industrial_10M,pv_share,0.2339976,0.7361488758709911,1.0846605042180713
industrial_10M,pv_share,0.2387659,0.7412625977936059,1.0604393669706815
industrial_10M,pv_share,0.2436314,0.7463638148984144,1.036481867024938
industrial_10M,pv_share,0.2485961,0.7514499898201717,1.012645819101766
industrial_10M,pv_share,0.2536619,0.7565205850447055,0.9892613383509163
industrial_10M,pv_share,0.2588309,0.7615733966219023,0.9658701153354333
industrial_10M,pv_share,0.2641053,0.7666070807334724,0.943040731700841
industrial_10M,pv_share,0.2694872,0.7716209145357544,0.9203348221234907
industrial_10M,pv_share,0.2749787,0.7766128472974371,0.8978515048222314
industrial_10M,pv_share,0.2805821,0.7815812857518666,0.8757077827413343
industrial_10M,pv_share,0.2862997,0.7865250429071526,0.853825174120262
industrial_10M,pv_share,0.2921339,0.7914428496246333,0.832171688163125
industrial_10M,pv_share,0.2980869,0.7963328599853987,0.8107916146519388
industrial_10M,pv_share,0.3041612,0.801193364969879,0.7897005305534337
industrial_10M,pv_share,0.3103593,0.806023084305079,0.7688593033123293
industrial_10M,pv_share,0.3166837,0.8108200446861085,0.7482664253758382
industrial_10M,pv_share,0.323137,0.8155827149521204,0.7279535125607668
industrial_10M,pv_share,0.3297218,0.820310032149052,0.7079804818074059
industrial_10M,pv_share,0.3364407,0.8250003509753604,0.688211984074234
industrial_10M,pv_share,0.3432966,0.8296518630508769,0.6687627702864252
industrial_10M,pv_share,0.3502922,0.8342627455387757,0.6495793839497674
industrial_10M,pv_share,0.3574304,0.8388318596756823,0.6307882544317214
industrial_10M,pv_share,0.364714,0.8433584970311724,0.6121962081641548
industrial_10M,pv_share,0.372146,0.8478406955043285,0.594079462469163
industrial_10M,pv_share,0.3797295,0.8522774958022493,0.5761490745407054
industrial_10M,pv_share,0.3874675,0.8566665529709595,0.5584106911127753
industrial_10M,pv_share,0.3953632,0.8610067059260166,0.5410458190744256
industrial_10M,pv_share,0.4034197,0.8652968707254407,0.5240545790309026
industrial_10M,pv_share,0.4116405,0.8695362654827679,0.5074217472402742
industrial_10M,pv_share,0.4200288,0.873724533830849,0.4912283200815456
industrial_10M,pv_share,0.428588,0.8778600310698771,0.4752151809512633
industrial_10M,pv_share,0.4373216,0.8819421437942152,0.45971086631575947
industrial_10M,pv_share,0.4462332,0.8859707041830553,0.44454266351241484
industrial_10M,pv_share,0.4553264,0.8899454161354747,0.4298165340617625
industrial_10M,pv_share,0.4646049,0.8938664816342231,0.4154763871277433
industrial_10M,pv_share,0.4740725,0.8977335984687693,0.40152844001289506
industrial_10M,pv_share,0.483733,0.9015459631930269,0.38786611601725546
industrial_10M,pv_share,0.4935904,0.9053037855291148,0.3746538038892254
industrial_10M,pv_share,0.5036486,0.9090071589859924,0.36182388762380263
industrial_10M,pv_share,0.5139118,0.9126565268895127,0.349430241687103
industrial_10M,pv_share,0.5243841,0.9162520457557678,0.33727907411811947
industrial_10M,pv_share,0.5350698,0.919792927905952,0.3255870301194808
industrial_10M,pv_share,0.5459733,0.9232811155802468,0.3143269846065175
industrial_10M,pv_share,0.557099,0.926717012769855,0.3034159018917384
industrial_10M,pv_share,0.5684514,0.93010063370216,0.29278771414653665
industrial_10M,pv_share,0.5800351,0.9334321015784499,0.2825172389190648
industrial_10M,pv_share,0.5918549,0.9367122642029677,0.27259328707355934
industrial_10M,pv_share,0.6039155,0.9399407723257981,0.26289538206162305
industrial_10M,pv_share,0.6162219,0.94311802493788,0.25354073404106026
industrial_10M,pv_share,0.6287791,0.9462442291476232,0.24444213948633636
industrial_10M,pv_share,0.6415921,0.9493190316950223,0.23558933610379773
industrial_10M,pv_share,0.6546663,0.9523423084107078,0.22694517783673596
industrial_10M,pv_share,0.6680069,0.9553133830002416,0.21854746256054722
industrial_10M,pv_share,0.6816193,0.9582319353230232,0.21031884836535733
industrial_10M,pv_share,0.6955091,0.961097089126066,0.2022773701842154
industrial_10M,pv_share,0.709682,0.9639079937391478,0.19442999236698635
industrial_10M,pv_share,0.7241437,0.9666633118105696,0.18668319787168167
industrial_10M,pv_share,0.7389001,0.969361598477321,0.17906668595255845
industrial_10M,pv_share,0.7539571,0.9720007225891527,0.1715298266234666
industrial_10M,pv_share,0.769321,0.9745788366954813,0.16412113676263193
industrial_10M,pv_share,0.784998,0.9770938304321931,0.15677165270764573
industrial_10M,pv_share,0.8009945,0.9795428936205709,0.14945776595321844
industrial_10M,pv_share,0.8173169,0.9819226046619697,0.14214875663773335
industrial_10M,pv_share,0.8339719,0.9842286493026884,0.13478513507062276
industrial_10M,pv_share,0.8509663,0.9864561891924668,0.12735411973478233
industrial_10M,pv_share,0.868307,0.9885987550501607,0.11977789943815753
industrial_10M,pv_share,0.8860011,0.9906493913710956,0.11197991206646363
industrial_10M,pv_share,0.9040558,0.9925983472545002,0.1038782746438341
industrial_10M,pv_share,0.9224783,0.9944332104209469,0.09524975072294925
industrial_10M,pv_share,0.9412763,0.996136767570451,0.0858594811706734
industrial_10M,pv_share,0.9604573,0.9976823653687907,0.07500060997932802
industrial_10M,pv_share,0.9800292,0.9990216992887805,0.06109088462248586
industrial_10M,pv_share,1.0,1.0,0.00889504472305971
industrial_10M,pv_int,1e-07,1.6612e-05,166.12
industrial_10M,pv_int,2e-07,3.1428e-05,148.16
industrial_10M,pv_int,3e-07,4.55e-05,140.72
industrial_10M,pv_int,4e-07,5.8092e-05,125.92
industrial_10M,pv_int,5e-07,6.9772e-05,116.8
industrial_10M,pv_int,6e-07,8.1388e-05,116.16
industrial_10M,pv_int,7e-07,9.2532e-05,111.44
industrial_10M,pv_int,8e-07,0.000103396,108.64
industrial_10M,pv_int,9e-07,0.00011384,104.44
industrial_10M,pv_int,1e-06,0.000124236,103.96
industrial_10M,pv_int,1.1e-06,0.000134272,100.36
industrial_10M,pv_int,1.2e-06,0.000144056,97.84
industrial_10M,pv_int,1.3e-06,0.000153836,97.8
industrial_10M,pv_int,1.4e-06,0.00016352,96.84
industrial_10M,pv_int,1.5e-06,0.000172892,93.72
industrial_10M,pv_int,1.6e-06,0.000182208,93.16
industrial_10M,pv_int,1.7e-06,0.000191456,92.48
industrial_10M,pv_int,1.8e-06,0.000200664,92.08
industrial_10M,pv_int,1.9e-06,0.000209484,88.2
industrial_10M,pv_int,2e-06,0.000218284,88.0
industrial_10M,pv_int,2.1e-06,0.00022696,86.76
industrial_10M,pv_int,2.2e-06,0.000235532,85.72
industrial_10M,pv_int,2.3e-06,0.000244064,85.32
industrial_10M,pv_int,2.4e-06,0.000252508,84.44
industrial_10M,pv_int,2.5e-06,0.000260912,84.04
industrial_10M,pv_int,2.6e-06,0.000269296,83.84
industrial_10M,pv_int,2.7e-06,0.000277568,82.72
industrial_10M,pv_int,2.8e-06,0.000285832,82.64
industrial_10M,pv_int,2.9e-06,0.000294072,82.4
industrial_10M,pv_int,3e-06,0.000302228,81.56
industrial_10M,pv_int,3.1e-06,0.00031036,81.32
industrial_10M,pv_int,3.2e-06,0.00031838,80.2
industrial_10M,pv_int,3.3e-06,0.000326376,79.96
industrial_10M,pv_int,3.4e-06,0.00033428,79.04
industrial_10M,pv_int,3.5e-06,0.000342152,78.72
industrial_10M,pv_int,3.6e-06,0.00034992,77.68
industrial_10M,pv_int,3.7e-06,0.000357636,77.16
industrial_10M,pv_int,3.8e-06,0.00036534,77.04
industrial_10M,pv_int,3.9e-06,0.000373032,76.92
industrial_10M,pv_int,4e-06,0.000380696,76.64
industrial_10M,pv_int,4.1e-06,0.000388356,76.6
industrial_10M,pv_int,4.2e-06,0.000395988,76.32
industrial_10M,pv_int,4.3e-06,0.0004036,76.12
industrial_10M,pv_int,4.4e-06,0.000411152,75.52
industrial_10M,pv_int,4.5e-06,0.000418656,75.04
industrial_10M,pv_int,4.6e-06,0.000426128,74.72
industrial_10M,pv_int,4.7e-06,0.00043354,74.12
industrial_10M,pv_int,4.8e-06,0.000440948,74.08
industrial_10M,pv_int,4.9e-06,0.000448352,74.04
industrial_10M,pv_int,5e-06,0.000455608,72.56
industrial_10M,pv_int,5.1e-06,0.000462856,72.48
industrial_10M,pv_int,5.2e-06,0.0004701,72.44
industrial_10M,pv_int,5.3e-06,0.000477324,72.24
industrial_10M,pv_int,5.4e-06,0.000484504,71.8
industrial_10M,pv_int,5.5e-06,0.000491664,71.6
industrial_10M,pv_int,5.6e-06,0.000498812,71.48
industrial_10M,pv_int,5.7e-06,0.000505916,71.04
industrial_10M,pv_int,5.8e-06,0.000513012,70.96
industrial_10M,pv_int,6e-06,0.000527164,70.6
industrial_10M,pv_int,6.1e-06,0.000534196,70.32
industrial_10M,pv_int,6.2e-06,0.00054122,70.24
industrial_10M,pv_int,6.3e-06,0.000548224,70.04
industrial_10M,pv_int,6.5e-06,0.000562204,69.88
industrial_10M,pv_int,6.6e-06,0.000569172,69.68
industrial_10M,pv_int,6.7e-06,0.00057614,69.68
industrial_10M,pv_int,6.9e-06,0.000589956,68.92
industrial_10M,pv_int,7e-06,0.000596836,68.8
industrial_10M,pv_int,7.1e-06,0.000603704,68.68
industrial_10M,pv_int,7.3e-06,0.000617432,68.6
industrial_10M,pv_int,7.4e-06,0.000624284,68.52
industrial_10M,pv_int,7.6e-06,0.000637972,68.44
industrial_10M,pv_int,7.8e-06,0.000651612,68.16
industrial_10M,pv_int,7.9e-06,0.000658424,68.12
industrial_10M,pv_int,8.1e-06,0.000672008,67.92
industrial_10M,pv_int,8.2e-06,0.000678752,67.44
industrial_10M,pv_int,8.4e-06,0.000692124,66.84
industrial_10M,pv_int,8.6e-06,0.00070548,66.76
industrial_10M,pv_int,8.8e-06,0.0007188,66.56
industrial_10M,pv_int,8.9e-06,0.000725452,66.52
industrial_10M,pv_int,9.1e-06,0.000738696,66.16
industrial_10M,pv_int,9.3e-06,0.000751896,66.0
industrial_10M,pv_int,9.5e-06,0.000765088,65.96
industrial_10M,pv_int,9.7e-06,0.000778172,65.4
industrial_10M,pv_int,9.9e-06,0.000791224,65.16
industrial_10M,pv_int,1.01e-05,0.000804248,65.08
industrial_10M,pv_int,1.03e-05,0.000817224,64.84
industrial_10M,pv_int,1.05e-05,0.000830164,64.64
industrial_10M,pv_int,1.07e-05,0.00084306,64.4
industrial_10M,pv_int,1.09e-05,0.000855928,64.32
industrial_10M,pv_int,1.12e-05,0.000875104,63.84
industrial_10M,pv_int,1.14e-05,0.000887836,63.6
industrial_10M,pv_int,1.16e-05,0.000900528,63.36
industrial_10M,pv_int,1.19e-05,0.000919528,63.32
industrial_10M,pv_int,1.21e-05,0.000932176,63.24
industrial_10M,pv_int,1.24e-05,0.000951096,62.92
industrial_10M,pv_int,1.26e-05,0.00096366,62.72
industrial_10M,pv_int,1.29e-05,0.00098246,62.6
industrial_10M,pv_int,1.31e-05,0.000994972,62.52
industrial_10M,pv_int,1.34e-05,0.001013684,62.32
industrial_10M,pv_int,1.37e-05,0.001032336,62.12
industrial_10M,pv_int,1.4e-05,0.001050908,61.84
industrial_10M,pv_int,1.42e-05,0.001063256,61.68
industrial_10M,pv_int,1.45e-05,0.001081744,61.56
industrial_10M,pv_int,1.48e-05,0.001100176,61.44
industrial_10M,pv_int,1.51e-05,0.001118588,61.36
industrial_10M,pv_int,1.54e-05,0.0011369,60.88
industrial_10M,pv_int,1.58e-05,0.001161208,60.68
industrial_10M,pv_int,1.61e-05,0.001179276,60.04
industrial_10M,pv_int,1.64e-05,0.001197256,59.8
industrial_10M,pv_int,1.67e-05,0.001215188,59.76
industrial_10M,pv_int,1.71e-05,0.001239068,59.68
industrial_10M,pv_int,1.74e-05,0.0012569,59.36
industrial_10M,pv_int,1.78e-05,0.001280576,59.0
industrial_10M,pv_int,1.82e-05,0.001304128,58.76
industrial_10M,pv_int,1.85e-05,0.001321716,58.6
industrial_10M,pv_int,1.89e-05,0.00134514,58.52
industrial_10M,pv_int,1.93e-05,0.001368496,58.36
industrial_10M,pv_int,1.97e-05,0.001391756,58.0
industrial_10M,pv_int,2.01e-05,0.001414872,57.52
industrial_10M,pv_int,2.05e-05,0.00143784,57.32
industrial_10M,pv_int,2.09e-05,0.001460752,57.2
industrial_10M,pv_int,2.13e-05,0.001483568,56.96
industrial_10M,pv_int,2.18e-05,0.001511976,56.68
industrial_10M,pv_int,2.22e-05,0.001534608,56.52
industrial_10M,pv_int,2.27e-05,0.001562796,56.28
industrial_10M,pv_int,2.31e-05,0.001585196,55.88
industrial_10M,pv_int,2.36e-05,0.001613088,55.68
industrial_10M,pv_int,2.41e-05,0.001640892,55.56
industrial_10M,pv_int,2.46e-05,0.001668648,55.44
industrial_10M,pv_int,2.51e-05,0.001696324,55.28
industrial_10M,pv_int,2.56e-05,0.001723892,54.96
industrial_10M,pv_int,2.61e-05,0.001751292,54.72
industrial_10M,pv_int,2.67e-05,0.001784048,54.48
industrial_10M,pv_int,2.72e-05,0.001811188,54.08
industrial_10M,pv_int,2.78e-05,0.001843584,53.88
industrial_10M,pv_int,2.83e-05,0.001870488,53.76
industrial_10M,pv_int,2.89e-05,0.00190268,53.6
industrial_10M,pv_int,2.95e-05,0.001934764,53.4
industrial_10M,pv_int,3.01e-05,0.001966744,53.2
industrial_10M,pv_int,3.07e-05,0.001998652,53.12
industrial_10M,pv_int,3.13e-05,0.002030436,52.88
industrial_10M,pv_int,3.2e-05,0.002067416,52.76
industrial_10M,pv_int,3.26e-05,0.00209904,52.64
industrial_10M,pv_int,3.33e-05,0.002135776,52.4
industrial_10M,pv_int,3.4e-05,0.002172384,52.2
industrial_10M,pv_int,3.47e-05,0.002208856,52.0
industrial_10M,pv_int,3.54e-05,0.002245216,51.92
industrial_10M,pv_int,3.61e-05,0.002281468,51.72
industrial_10M,pv_int,3.68e-05,0.002317584,51.48
industrial_10M,pv_int,3.76e-05,0.002358664,51.24
industrial_10M,pv_int,3.84e-05,0.00239958,51.08
industrial_10M,pv_int,3.91e-05,0.002435296,51.0
industrial_10M,pv_int,3.99e-05,0.002476,50.8
industrial_10M,pv_int,4.08e-05,0.00252166,50.64
industrial_10M,pv_int,4.16e-05,0.002562084,50.44
industrial_10M,pv_int,4.24e-05,0.002602364,50.24
industrial_10M,pv_int,4.33e-05,0.002647528,50.08
industrial_10M,pv_int,4.42e-05,0.002692484,49.84
industrial_10M,pv_int,4.51e-05,0.002737228,49.6
industrial_10M,pv_int,4.6e-05,0.0027818,49.44
industrial_10M,pv_int,4.69e-05,0.00282624,49.28
industrial_10M,pv_int,4.79e-05,0.002875424,49.12
industrial_10M,pv_int,4.89e-05,0.0029244,48.88
industrial_10M,pv_int,4.99e-05,0.002973108,48.6
industrial_10M,pv_int,5.09e-05,0.00302156,48.36
industrial_10M,pv_int,5.19e-05,0.00306984,48.2
industrial_10M,pv_int,5.3e-05,0.003122796,48.08
industrial_10M,pv_int,5.41e-05,0.00317552,47.76
industrial_10M,pv_int,5.52e-05,0.003227964,47.6
industrial_10M,pv_int,5.63e-05,0.003280252,47.44
industrial_10M,pv_int,5.75e-05,0.003337096,47.28
industrial_10M,pv_int,5.86e-05,0.003389,47.12
industrial_10M,pv_int,5.98e-05,0.003445392,46.88
industrial_10M,pv_int,6.1e-05,0.003501576,46.76
industrial_10M,pv_int,6.23e-05,0.003562268,46.56
industrial_10M,pv_int,6.36e-05,0.00362266,46.4
industrial_10M,pv_int,6.49e-05,0.003682728,46.08
industrial_10M,pv_int,6.62e-05,0.003742456,45.84
industrial_10M,pv_int,6.75e-05,0.00380182,45.56
industrial_10M,pv_int,6.89e-05,0.003865464,45.36
industrial_10M,pv_int,7.03e-05,0.003928832,45.16
industrial_10M,pv_int,7.17e-05,0.003991916,45.0
industrial_10M,pv_int,7.32e-05,0.004059232,44.8
industrial_10M,pv_int,7.47e-05,0.00412622,44.52
industrial_10M,pv_int,7.62e-05,0.0041928,44.28
industrial_10M,pv_int,7.78e-05,0.004263436,44.04
industrial_10M,pv_int,7.94e-05,0.004333732,43.8
industrial_10M,pv_int,8.1e-05,0.004403652,43.6
industrial_10M,pv_int,8.26e-05,0.004473272,43.44
industrial_10M,pv_int,8.43e-05,0.004546932,43.24
industrial_10M,pv_int,8.6e-05,0.004620292,43.04
industrial_10M,pv_int,8.78e-05,0.00469754,42.8
industrial_10M,pv_int,8.96e-05,0.004774328,42.56
industrial_10M,pv_int,9.14e-05,0.004850716,42.36
industrial_10M,pv_int,9.33e-05,0.004931,42.16
industrial_10M,pv_int,9.52e-05,0.005010924,41.96
industrial_10M,pv_int,9.71e-05,0.005090536,41.8
industrial_10M,pv_int,9.91e-05,0.005173908,41.6
industrial_10M,pv_int,0.0001011,0.005256936,41.44
industrial_10M,pv_int,0.0001032,0.005343736,41.24
industrial_10M,pv_int,0.0001053,0.005430084,41.0
industrial_10M,pv_int,0.0001074,0.005515876,40.76
industrial_10M,pv_int,0.0001096,0.005605344,40.6
industrial_10M,pv_int,0.0001118,0.005694432,40.4
industrial_10M,pv_int,0.0001141,0.005787104,40.24
industrial_10M,pv_int,0.0001165,0.005883496,40.12
industrial_10M,pv_int,0.0001188,0.005975608,40.0
industrial_10M,pv_int,0.0001212,0.006071368,39.8
industrial_10M,pv_int,0.0001237,0.006170704,39.68
industrial_10M,pv_int,0.0001262,0.006269688,39.52
industrial_10M,pv_int,0.0001288,0.006372124,39.32
industrial_10M,pv_int,0.0001314,0.006474068,39.08
industrial_10M,pv_int,0.0001341,0.006579392,38.92
industrial_10M,pv_int,0.0001369,0.006688104,38.72
industrial_10M,pv_int,0.0001396,0.006792472,38.56
industrial_10M,pv_int,0.0001425,0.006904112,38.4
industrial_10M,pv_int,0.0001454,0.007015236,38.24
industrial_10M,pv_int,0.0001484,0.007129688,38.04
industrial_10M,pv_int,0.0001514,0.007243528,37.84
industrial_10M,pv_int,0.0001545,0.007360652,37.68
industrial_10M,pv_int,0.0001576,0.007477268,37.56
industrial_10M,pv_int,0.0001608,0.007597108,37.36
industrial_10M,pv_int,0.0001641,0.007720076,37.16
industrial_10M,pv_int,0.0001675,0.007846104,36.96
industrial_10M,pv_int,0.0001709,0.007971524,36.8
industrial_10M,pv_int,0.0001744,0.00809988,36.6
industrial_10M,pv_int,0.0001779,0.008227548,36.4
industrial_10M,pv_int,0.0001815,0.008358356,36.24
industrial_10M,pv_int,0.0001852,0.008492088,36.08
industrial_10M,pv_int,0.000189,0.008628712,35.84
industrial_10M,pv_int,0.0001929,0.008768192,35.68
industrial_10M,pv_int,0.0001968,0.008907012,35.52
industrial_10M,pv_int,0.0002008,0.009048624,35.36
industrial_10M,pv_int,0.0002049,0.009193332,35.24
industrial_10M,pv_int,0.0002091,0.00934094,35.04
industrial_10M,pv_int,0.0002133,0.009487872,34.92
industrial_10M,pv_int,0.0002177,0.009640928,34.68
industrial_10M,pv_int,0.0002221,0.009793048,34.48
industrial_10M,pv_int,0.0002266,0.009947984,34.36
industrial_10M,pv_int,0.0002313,0.010108984,34.2
industrial_10M,pv_int,0.000236,0.010269196,34.0
industrial_10M,pv_int,0.0002408,0.010432012,33.84
industrial_10M,pv_int,0.0002457,0.010597284,33.64
industrial_10M,pv_int,0.0002507,0.010765008,33.48
industrial_10M,pv_int,0.0002558,0.01093526,33.28
industrial_10M,pv_int,0.000261,0.011107948,33.12
industrial_10M,pv_int,0.0002663,0.0112829,32.92
industrial_10M,pv_int,0.0002718,0.011463572,32.76
industrial_10M,pv_int,0.0002773,0.011643376,32.6
industrial_10M,pv_int,0.000283,0.011828632,32.44
industrial_10M,pv_int,0.0002887,0.012012876,32.24
industrial_10M,pv_int,0.0002946,0.012202524,32.04
industrial_10M,pv_int,0.0003006,0.01239436,31.88
industrial_10M,pv_int,0.0003068,0.012591448,31.68
industrial_10M,pv_int,0.000313,0.012787456,31.56
industrial_10M,pv_int,0.0003194,0.012988648,31.36
industrial_10M,pv_int,0.0003259,0.013191876,31.2
industrial_10M,pv_int,0.0003325,0.01339714,31.0
industrial_10M,pv_int,0.0003393,0.013607388,30.84
industrial_10M,pv_int,0.0003462,0.01381952,30.68
industrial_10M,pv_int,0.0003533,0.014036672,30.52
industrial_10M,pv_int,0.0003605,0.014255888,30.4
industrial_10M,pv_int,0.0003678,0.01447692,30.2
industrial_10M,pv_int,0.0003753,0.014702876,30.04
industrial_10M,pv_int,0.000383,0.014933716,29.92
industrial_10M,pv_int,0.0003908,0.015166252,29.72
industrial_10M,pv_int,0.0003987,0.01540044,29.56
industrial_10M,pv_int,0.0004069,0.015642072,29.36
industrial_10M,pv_int,0.0004152,0.015885164,29.2
industrial_10M,pv_int,0.0004236,0.016129812,29.04
industrial_10M,pv_int,0.0004323,0.016381808,28.88
industrial_10M,pv_int,0.0004411,0.0166353,28.72
industrial_10M,pv_int,0.0004501,0.016893132,28.56
industrial_10M,pv_int,0.0004592,0.017152464,28.44
industrial_10M,pv_int,0.0004686,0.017419116,28.28
industrial_10M,pv_int,0.0004781,0.017687196,28.16
industrial_10M,pv_int,0.0004879,0.017962324,28.0
industrial_10M,pv_int,0.0004978,0.018238492,27.8
industrial_10M,pv_int,0.000508,0.01852118,27.64
industrial_10M,pv_int,0.0005183,0.018805192,27.52
industrial_10M,pv_int,0.0005289,0.019096068,27.36
industrial_10M,pv_int,0.0005397,0.019390604,27.2
industrial_10M,pv_int,0.0005507,0.019689044,27.04
industrial_10M,pv_int,0.0005619,0.019991356,26.92
industrial_10M,pv_int,0.0005733,0.02029732,26.76
industrial_10M,pv_int,0.000585,0.020609404,26.6
industrial_10M,pv_int,0.0005969,0.02092498,26.44
industrial_10M,pv_int,0.0006091,0.021246332,26.28
industrial_10M,pv_int,0.0006215,0.021571152,26.12
industrial_10M,pv_int,0.0006342,0.021901836,25.96
industrial_10M,pv_int,0.0006471,0.022235876,25.8
industrial_10M,pv_int,0.0006603,0.022575556,25.68
industrial_10M,pv_int,0.0006738,0.022921028,25.52
industrial_10M,pv_int,0.0006875,0.02326976,25.36
industrial_10M,pv_int,0.0007015,0.023623936,25.24
industrial_10M,pv_int,0.0007158,0.023983356,25.04
industrial_10M,pv_int,0.0007304,0.024347944,24.88
industrial_10M,pv_int,0.0007453,0.024717844,24.76
industrial_10M,pv_int,0.0007605,0.025092732,24.6
industrial_10M,pv_int,0.000776,0.025472752,24.44
industrial_10M,pv_int,0.0007918,0.02585802,24.28
industrial_10M,pv_int,0.0008079,0.026248016,24.12
industrial_10M,pv_int,0.0008244,0.026645064,24.0
industrial_10M,pv_int,0.0008412,0.027046848,23.84
industrial_10M,pv_int,0.0008583,0.027453324,23.68
industrial_10M,pv_int,0.0008758,0.027866616,23.56
industrial_10M,pv_int,0.0008936,0.028284332,23.4
industrial_10M,pv_int,0.0009119,0.028711108,23.24
industrial_10M,pv_int,0.0009304,0.029139988,23.12
industrial_10M,pv_int,0.0009494,0.029577828,22.96
industrial_10M,pv_int,0.0009687,0.030019644,22.8
industrial_10M,pv_int,0.0009885,0.030469932,22.68
industrial_10M,pv_int,0.0010086,0.03092438,22.56
industrial_10M,pv_int,0.0010292,0.0313874,22.4
industrial_10M,pv_int,0.0010502,0.0318566,22.28
industrial_10M,pv_int,0.0010716,0.032331568,22.12
industrial_10M,pv_int,0.0010934,0.032812268,21.96
industrial_10M,pv_int,0.0011157,0.033300956,21.84
industrial_10M,pv_int,0.0011384,0.033795512,21.72
industrial_10M,pv_int,0.0011616,0.034297828,21.6
industrial_10M,pv_int,0.0011853,0.034807512,21.44
industrial_10M,pv_int,0.0012094,0.0353222,21.28
industrial_10M,pv_int,0.0012341,0.035846032,21.16
industrial_10M,pv_int,0.0012592,0.03637502,21.0
industrial_10M,pv_int,0.0012849,0.036913308,20.88
industrial_10M,pv_int,0.0013111,0.037458704,20.76
industrial_10M,pv_int,0.0013378,0.038011144,20.64
industrial_10M,pv_int,0.0013651,0.03857212,20.48
industrial_10M,pv_int,0.0013929,0.039139732,20.36
industrial_10M,pv_int,0.0014213,0.039715592,20.2
industrial_10M,pv_int,0.0014502,0.040297384,20.04
industrial_10M,pv_int,0.0014798,0.040888896,19.92
industrial_10M,pv_int,0.0015099,0.041486376,19.76
industrial_10M,pv_int,0.0015407,0.042093328,19.64
industrial_10M,pv_int,0.0015721,0.042708012,19.52
industrial_10M,pv_int,0.0016041,0.043330152,19.36
industrial_10M,pv_int,0.0016368,0.0439613,19.24
industrial_10M,pv_int,0.0016702,0.04460152,19.08
industrial_10M,pv_int,0.0017042,0.04524844,18.96
industrial_10M,pv_int,0.001739,0.045906188,18.84
industrial_10M,pv_int,0.0017744,0.046570496,18.72
industrial_10M,pv_int,0.0018105,0.047243308,18.56
industrial_10M,pv_int,0.0018474,0.047926416,18.44
industrial_10M,pv_int,0.0018851,0.048619812,18.32
industrial_10M,pv_int,0.0019235,0.04932116,18.2
industrial_10M,pv_int,0.0019627,0.0500321,18.08
industrial_10M,pv_int,0.0020027,0.050752384,17.96
industrial_10M,pv_int,0.0020435,0.05148194,17.8
industrial_10M,pv_int,0.0020852,0.052222376,17.68
industrial_10M,pv_int,0.0021276,0.0529702,17.6
industrial_10M,pv_int,0.002171,0.05373058,17.44
industrial_10M,pv_int,0.0022152,0.054499552,17.32
industrial_10M,pv_int,0.0022604,0.055280224,17.2
industrial_10M,pv_int,0.0023065,0.056070752,17.08
industrial_10M,pv_int,0.0023535,0.056870972,16.96
industrial_10M,pv_int,0.0024014,0.057680876,16.84
industrial_10M,pv_int,0.0024503,0.058501824,16.72
industrial_10M,pv_int,0.0025003,0.059334832,16.6
industrial_10M,pv_int,0.0025512,0.060176436,16.48
industrial_10M,pv_int,0.0026032,0.061030124,16.36
industrial_10M,pv_int,0.0026563,0.061895468,16.24
industrial_10M,pv_int,0.0027104,0.062770444,16.12
industrial_10M,pv_int,0.0027656,0.063656824,16.0
industrial_10M,pv_int,0.002822,0.06455576,15.88
industrial_10M,pv_int,0.0028795,0.06546552,15.76
industrial_10M,pv_int,0.0029382,0.066387388,15.64
industrial_10M,pv_int,0.002998,0.067319484,15.52
industrial_10M,pv_int,0.0030591,0.068264352,15.4
industrial_10M,pv_int,0.0031215,0.069221852,15.28
industrial_10M,pv_int,0.0031851,0.070190164,15.16
industrial_10M,pv_int,0.00325,0.071170352,15.04
industrial_10M,pv_int,0.0033162,0.072162432,14.92
industrial_10M,pv_int,0.0033838,0.073167124,14.8
industrial_10M,pv_int,0.0034528,0.07418448,14.68
industrial_10M,pv_int,0.0035231,0.075213216,14.56
industrial_10M,pv_int,0.0035949,0.076255632,14.44
industrial_10M,pv_int,0.0036682,0.077311256,14.36
industrial_10M,pv_int,0.0037429,0.078378444,14.24
industrial_10M,pv_int,0.0038192,0.079460508,14.12
industrial_10M,pv_int,0.003897,0.080555212,14.0
industrial_10M,pv_int,0.0039764,0.081663404,13.88
industrial_10M,pv_int,0.0040575,0.082785668,13.76
industrial_10M,pv_int,0.0041401,0.083918992,13.68
industrial_10M,pv_int,0.0042245,0.085067832,13.56
industrial_10M,pv_int,0.0043106,0.086230324,13.44
industrial_10M,pv_int,0.0043984,0.087406288,13.36
industrial_10M,pv_int,0.0044881,0.088597808,13.24
industrial_10M,pv_int,0.0045795,0.089802152,13.12
industrial_10M,pv_int,0.0046729,0.091023288,13.04
industrial_10M,pv_int,0.0047681,0.092257704,12.92
industrial_10M,pv_int,0.0048652,0.093506072,12.8
industrial_10M,pv_int,0.0049644,0.09477168,12.72
industrial_10M,pv_int,0.0050655,0.09605042,12.6
industrial_10M,pv_int,0.0051688,0.09734652,12.48
industrial_10M,pv_int,0.0052741,0.098656644,12.4
industrial_10M,pv_int,0.0053816,0.099982464,12.28
industrial_10M,pv_int,0.0054912,0.101322956,12.16
industrial_10M,pv_int,0.0056031,0.102679572,12.08
industrial_10M,pv_int,0.0057173,0.10405256,11.96
industrial_10M,pv_int,0.0058338,0.105441684,11.88
industrial_10M,pv_int,0.0059527,0.10684762,11.76
industrial_10M,pv_int,0.006074,0.108269532,11.68
industrial_10M,pv_int,0.0061978,0.10970796,11.56
industrial_10M,pv_int,0.0063241,0.111162756,11.48
industrial_10M,pv_int,0.006453,0.112633948,11.36
industrial_10M,pv_int,0.0065845,0.114122092,11.28
industrial_10M,pv_int,0.0067186,0.115625444,11.16
industrial_10M,pv_int,0.0068555,0.117146428,11.04
industrial_10M,pv_int,0.0069952,0.118683928,10.96
industrial_10M,pv_int,0.0071378,0.120239852,10.88
industrial_10M,pv_int,0.0072832,0.121811456,10.76
industrial_10M,pv_int,0.0074317,0.123402388,10.68
industrial_10M,pv_int,0.0075831,0.12500922,10.56
industrial_10M,pv_int,0.0077376,0.1266342,10.48
industrial_10M,pv_int,0.0078953,0.128278068,10.36
industrial_10M,pv_int,0.0080562,0.129939748,10.28
industrial_10M,pv_int,0.0082204,0.131619852,10.2
industrial_10M,pv_int,0.0083879,0.133317172,10.08
industrial_10M,pv_int,0.0085588,0.135033284,10.0
industrial_10M,pv_int,0.0087332,0.136768864,9.92
industrial_10M,pv_int,0.0089112,0.138523612,9.8
industrial_10M,pv_int,0.0090928,0.140297056,9.72
industrial_10M,pv_int,0.0092781,0.142089612,9.64
industrial_10M,pv_int,0.0094671,0.143901392,9.56
industrial_10M,pv_int,0.00966,0.145732632,9.44
industrial_10M,pv_int,0.0098569,0.147584116,9.36
industrial_10M,pv_int,0.0100578,0.149455212,9.28
industrial_10M,pv_int,0.0102627,0.151345904,9.2
industrial_10M,pv_int,0.0104718,0.153256824,9.08
industrial_10M,pv_int,0.0106852,0.15518794,9.0
industrial_10M,pv_int,0.010903,0.157139928,8.92
industrial_10M,pv_int,0.0111252,0.159112136,8.84
industrial_10M,pv_int,0.0113519,0.161104504,8.76
industrial_10M,pv_int,0.0115832,0.163116664,8.64
industrial_10M,pv_int,0.0118192,0.165149184,8.56
industrial_10M,pv_int,0.0120601,0.167202924,8.48
industrial_10M,pv_int,0.0123058,0.169277024,8.4
industrial_10M,pv_int,0.0125566,0.171373684,8.32
industrial_10M,pv_int,0.0128125,0.173492408,8.24
industrial_10M,pv_int,0.0130736,0.175632732,8.16
industrial_10M,pv_int,0.01334,0.177795464,8.08
industrial_10M,pv_int,0.0136118,0.179979528,8.0
industrial_10M,pv_int,0.0138892,0.182185772,7.92
industrial_10M,pv_int,0.0141722,0.18441406,7.84
industrial_10M,pv_int,0.014461,0.186665028,7.76
industrial_10M,pv_int,0.0147557,0.18893784,7.68
industrial_10M,pv_int,0.0150564,0.191233272,7.6
industrial_10M,pv_int,0.0153632,0.193551364,7.52
industrial_10M,pv_int,0.0156763,0.195892956,7.44
industrial_10M,pv_int,0.0159957,0.198257896,7.36
industrial_10M,pv_int,0.0163217,0.200647116,7.28
industrial_10M,pv_int,0.0166543,0.203059204,7.2
industrial_10M,pv_int,0.0169936,0.205494684,7.16
industrial_10M,pv_int,0.0173399,0.207953932,7.08
industrial_10M,pv_int,0.0176933,0.210437248,7.0
industrial_10M,pv_int,0.0180538,0.21294414,6.92
industrial_10M,pv_int,0.0184217,0.215475636,6.84
industrial_10M,pv_int,0.0187971,0.218031164,6.76
industrial_10M,pv_int,0.0191802,0.220611484,6.68
industrial_10M,pv_int,0.019571,0.223214696,6.64
industrial_10M,pv_int,0.0199698,0.225842856,6.56
industrial_10M,pv_int,0.0203768,0.228496936,6.48
industrial_10M,pv_int,0.020792,0.23117482,6.4
industrial_10M,pv_int,0.0212157,0.233877496,6.36
industrial_10M,pv_int,0.021648,0.236603632,6.28
industrial_10M,pv_int,0.0220892,0.239356344,6.2
industrial_10M,pv_int,0.0225393,0.242135032,6.12
industrial_10M,pv_int,0.0229986,0.244938176,6.08
industrial_10M,pv_int,0.0234672,0.247767912,6.0
industrial_10M,pv_int,0.0239455,0.250626088,5.96
industrial_10M,pv_int,0.0244334,0.25350752,5.88
industrial_10M,pv_int,0.0249313,0.256416956,5.8
industrial_10M,pv_int,0.0254394,0.259353344,5.76
industrial_10M,pv_int,0.0259577,0.26231424,5.68
industrial_10M,pv_int,0.0264867,0.265304492,5.6
industrial_10M,pv_int,0.0270264,0.268318108,5.56
industrial_10M,pv_int,0.0275772,0.271360604,5.48
industrial_10M,pv_int,0.0281391,0.27442896,5.44
industrial_10M,pv_int,0.0287126,0.277525452,5.36
industrial_10M,pv_int,0.0292977,0.280648788,5.32
industrial_10M,pv_int,0.0298947,0.28379782,5.24
industrial_10M,pv_int,0.0305039,0.286976,5.2
industrial_10M,pv_int,0.0311255,0.290179496,5.12
industrial_10M,pv_int,0.0317597,0.293412168,5.08
industrial_10M,pv_int,0.0324069,0.296671048,5.0
industrial_10M,pv_int,0.0330673,0.299958212,4.96
industrial_10M,pv_int,0.0337411,0.303271072,4.88
industrial_10M,pv_int,0.0344287,0.306612484,4.84
industrial_10M,pv_int,0.0351303,0.309983908,4.76
industrial_10M,pv_int,0.0358461,0.313379892,4.72
industrial_10M,pv_int,0.0365766,0.316807548,4.68
industrial_10M,pv_int,0.037322,0.32025808,4.6
industrial_10M,pv_int,0.0380825,0.323739436,4.56
industrial_10M,pv_int,0.0388585,0.327249232,4.48
industrial_10M,pv_int,0.0396504,0.330785696,4.44
industrial_10M,pv_int,0.0404584,0.334353092,4.4
industrial_10M,pv_int,0.0412828,0.337947368,4.32
industrial_10M,pv_int,0.0421241,0.341568928,4.28
industrial_10M,pv_int,0.0429824,0.34522116,4.24
industrial_10M,pv_int,0.0438583,0.348900916,4.16
industrial_10M,pv_int,0.0447521,0.352606784,4.12
industrial_10M,pv_int,0.045664,0.356342872,4.08
industrial_10M,pv_int,0.0465945,0.360109856,4.04
industrial_10M,pv_int,0.047544,0.363901036,3.96
industrial_10M,pv_int,0.0485129,0.367722228,3.92
industrial_10M,pv_int,0.0495014,0.37157376,3.88
industrial_10M,pv_int,0.0505102,0.3754562,3.84
industrial_10M,pv_int,0.0515394,0.37936186,3.76
industrial_10M,pv_int,0.0525897,0.383295972,3.72
industrial_10M,pv_int,0.0536614,0.387259928,3.68
industrial_10M,pv_int,0.0547549,0.391253508,3.64
industrial_10M,pv_int,0.0558706,0.395275512,3.56
industrial_10M,pv_int,0.0570091,0.399320544,3.52
industrial_10M,pv_int,0.0581709,0.403394476,3.48
industrial_10M,pv_int,0.0593563,0.407496936,3.44
industrial_10M,pv_int,0.0605658,0.411628084,3.4
industrial_10M,pv_int,0.0618,0.415788076,3.36
industrial_10M,pv_int,0.0630593,0.419976164,3.32
industrial_10M,pv_int,0.0643443,0.424188556,3.24
industrial_10M,pv_int,0.0656555,0.428427164,3.2
industrial_10M,pv_int,0.0669934,0.432694428,3.16
industrial_10M,pv_int,0.0683586,0.436989168,3.12
industrial_10M,pv_int,0.0697516,0.441310932,3.08
industrial_10M,pv_int,0.071173,0.445658844,3.04
industrial_10M,pv_int,0.0726233,0.450033172,3.0
industrial_10M,pv_int,0.0741032,0.454433976,2.96
industrial_10M,pv_int,0.0756133,0.458861764,2.92
industrial_10M,pv_int,0.0771541,0.463315048,2.88
industrial_10M,pv_int,0.0787263,0.467793488,2.84
industrial_10M,pv_int,0.0803306,0.472298152,2.8
industrial_10M,pv_int,0.0819675,0.476828084,2.76
industrial_10M,pv_int,0.0836378,0.481383248,2.72
industrial_10M,pv_int,0.0853422,0.485963528,2.68
industrial_10M,pv_int,0.0870813,0.49056828,2.64
industrial_10M,pv_int,0.0888558,0.49519672,2.6
industrial_10M,pv_int,0.0906664,0.499848732,2.56
industrial_10M,pv_int,0.092514,0.504524864,2.52
industrial_10M,pv_int,0.0943992,0.509224028,2.48
industrial_10M,pv_int,0.0963229,0.513945244,2.44
industrial_10M,pv_int,0.0982857,0.518689288,2.4
industrial_10M,pv_int,0.1002885,0.523455744,2.36
industrial_10M,pv_int,0.1023322,0.528244772,2.32
industrial_10M,pv_int,0.1044175,0.53305564,2.28
industrial_10M,pv_int,0.1065453,0.537888584,2.24
industrial_10M,pv_int,0.1087164,0.542743284,2.2
industrial_10M,pv_int,0.1109318,0.547617164,2.2
industrial_10M,pv_int,0.1131924,0.552502888,2.16
industrial_10M,pv_int,0.1154989,0.55740822,2.12
industrial_10M,pv_int,0.1178526,0.562333336,2.08
industrial_10M,pv_int,0.1202541,0.5672777,2.04
industrial_10M,pv_int,0.1227046,0.572242784,2.0
industrial_10M,pv_int,0.1252051,0.577228528,1.96
industrial_10M,pv_int,0.1277564,0.582229076,1.96
industrial_10M,pv_int,0.1303598,0.587232548,1.92
industrial_10M,pv_int,0.1330163,0.59225402,1.88
industrial_10M,pv_int,0.1357268,0.597294352,1.84
industrial_10M,pv_int,0.1384926,0.602353408,1.8
industrial_10M,pv_int,0.1413148,0.607433124,1.76
industrial_10M,pv_int,0.1441944,0.61250122,1.76
industrial_10M,pv_int,0.1471328,0.617588268,1.72
industrial_10M,pv_int,0.150131,0.622694316,1.68
industrial_10M,pv_int,0.1531903,0.62782034,1.64
industrial_10M,pv_int,0.156312,0.632939928,1.64
industrial_10M,pv_int,0.1594973,0.638064916,1.6
industrial_10M,pv_int,0.1627475,0.643209876,1.56
industrial_10M,pv_int,0.1660639,0.64837634,1.52
industrial_10M,pv_int,0.1694479,0.65352002,1.52
industrial_10M,pv_int,0.1729008,0.658675948,1.48
industrial_10M,pv_int,0.1764242,0.663852396,1.44
industrial_10M,pv_int,0.1800193,0.66902934,1.44
industrial_10M,pv_int,0.1836877,0.674187544,1.4
industrial_10M,pv_int,0.1874308,0.679366528,1.36
industrial_10M,pv_int,0.1912502,0.684560912,1.36
industrial_10M,pv_int,0.1951474,0.689714912,1.32
industrial_10M,pv_int,0.1991241,0.694891972,1.28
industrial_10M,pv_int,0.2031818,0.700085828,1.28
industrial_10M,pv_int,0.2073221,0.705229528,1.24
industrial_10M,pv_int,0.2115469,0.710399232,1.2
industrial_10M,pv_int,0.2158577,0.715572192,1.2
industrial_10M,pv_int,0.2202564,0.720702164,1.16
industrial_10M,pv_int,0.2247447,0.725863132,1.12
industrial_10M,pv_int,0.2293245,0.730992508,1.12
industrial_10M,pv_int,0.2339976,0.736107172,1.08
industrial_10M,pv_int,0.2387659,0.741256936,1.08
industrial_10M,pv_int,0.2436314,0.746319736,1.04
industrial_10M,pv_int,0.2485961,0.751419392,1.0
industrial_10M,pv_int,0.2536619,0.756485192,1.0
industrial_10M,pv_int,0.2588309,0.761527356,0.96
industrial_10M,pv_int,0.2641053,0.76659078,0.96
industrial_10M,pv_int,0.2694872,0.771568848,0.92
industrial_10M,pv_int,0.2749787,0.776598372,0.88
industrial_10M,pv_int,0.2805821,0.781529364,0.88
industrial_10M,pv_int,0.2862997,0.786492812,0.84
industrial_10M,pv_int,0.2921339,0.79139354,0.84
industrial_10M,pv_int,0.2980869,0.796289312,0.8
industrial_10M,pv_int,0.3041612,0.801148752,0.8
industrial_10M,pv_int,0.3103593,0.80597168,0.76
industrial_10M,pv_int,0.3166837,0.810778224,0.76
industrial_10M,pv_int,0.323137,0.81552568,0.72
industrial_10M,pv_int,0.3297218,0.820266736,0.72
industrial_10M,pv_int,0.3364407,0.824942348,0.68
industrial_10M,pv_int,0.3432966,0.82960436,0.68
industrial_10M,pv_int,0.3502922,0.834206032,0.64
industrial_10M,pv_int,0.3574304,0.83877448,0.64
industrial_10M,pv_int,0.364714,0.843311244,0.6
industrial_10M,pv_int,0.372146,0.847770444,0.6
industrial_10M,pv_int,0.3797295,0.852252452,0.56
industrial_10M,pv_int,0.3874675,0.856585732,0.56
industrial_10M,pv_int,0.3953632,0.861007324,0.56
industrial_10M,pv_int,0.4034197,0.865213596,0.52
industrial_10M,pv_int,0.4116405,0.869488412,0.52
industrial_10M,pv_int,0.4200288,0.87366538,0.48
industrial_10M,pv_int,0.428588,0.877773796,0.48
industrial_10M,pv_int,0.4373216,0.881955772,0.44
industrial_10M,pv_int,0.4462332,0.885876876,0.44
industrial_10M,pv_int,0.4553264,0.889877884,0.44
industrial_10M,pv_int,0.4646049,0.893838112,0.4
industrial_10M,pv_int,0.4740725,0.897625152,0.4
industrial_10M,pv_int,0.483733,0.901489352,0.4
industrial_10M,pv_int,0.4935904,0.90526674,0.36
industrial_10M,pv_int,0.5036486,0.908887692,0.36
industrial_10M,pv_int,0.5139118,0.912582444,0.36
industrial_10M,pv_int,0.5243841,0.916253412,0.32
industrial_10M,pv_int,0.5350698,0.919672836,0.32
industrial_10M,pv_int,0.5459733,0.923161956,0.32
industrial_10M,pv_int,0.557099,0.92672218,0.32
industrial_10M,pv_int,0.5684514,0.930038156,0.28
industrial_10M,pv_int,0.5800351,0.933281592,0.28
industrial_10M,pv_int,0.5918549,0.936591136,0.28
industrial_10M,pv_int,0.6039155,0.939968104,0.28
industrial_10M,pv_int,0.6162219,0.943063436,0.24
industrial_10M,pv_int,0.6287791,0.946077164,0.24
industrial_10M,pv_int,0.6415921,0.949152284,0.24
industrial_10M,pv_int,0.6546663,0.952290092,0.24
industrial_10M,pv_int,0.6680069,0.955388856,0.2
industrial_10M,pv_int,0.6816193,0.958111336,0.2
industrial_10M,pv_int,0.6955091,0.960889296,0.2
industrial_10M,pv_int,0.709682,0.963723876,0.2
industrial_10M,pv_int,0.7241437,0.966616216,0.2
industrial_10M,pv_int,0.7389001,0.9694829,0.16
industrial_10M,pv_int,0.7539571,0.97189202,0.16
industrial_10M,pv_int,0.769321,0.974350244,0.16
industrial_10M,pv_int,0.784998,0.976858564,0.16
industrial_10M,pv_int,0.8009945,0.979418004,0.16
industrial_10M,pv_int,0.8173169,0.982029588,0.16
industrial_10M,pv_int,0.8339719,0.98420866,0.12
industrial_10M,pv_int,0.8509663,0.986247988,0.12
industrial_10M,pv_int,0.868307,0.988328872,0.12
industrial_10M,pv_int,0.8860011,0.990452164,0.12
industrial_10M,pv_int,0.9040558,0.992618728,0.12
industrial_10M,pv_int,0.9224783,0.994416504,0.08
industrial_10M,pv_int,0.9412763,0.995920344,0.08
industrial_10M,pv_int,0.9604573,0.997454824,0.08
industrial_10M,pv_int,0.9800292,0.999020576,0.08
industrial_10M,pv_int,1.0,1.0,0.04
industrial_10M,pv_scaled_1_100,1e-07,7.656060368954736e-06,76.56060368954736
industrial_10M,pv_scaled_1_100,2e-07,1.4469954097324451e-05,68.13893728369715
industrial_10M,pv_scaled_1_100,3e-07,2.090104480724643e-05,64.31090709921979
industrial_10M,pv_scaled_1_100,4e-07,2.671965068765203e-05,58.186058804055996
industrial_10M,pv_scaled_1_100,5e-07,3.2078892945920344e-05,53.592422582683156
industrial_10M,pv_scaled_1_100,6e-07,3.743813520418866e-05,53.592422582683156
industrial_10M,pv_scaled_1_100,7e-07,4.2567695651388335e-05,51.29560447199673
industrial_10M,pv_scaled_1_100,8e-07,4.754413489120891e-05,49.764392398205786
industrial_10M,pv_scaled_1_100,9e-07,5.2367452923650396e-05,48.23318032441484
industrial_10M,pv_scaled_1_100,1e-06,5.7114210352402335e-05,47.46757428751936
industrial_10M,pv_scaled_1_100,1.1e-06,6.170784657377518e-05,45.936362213728415
industrial_10M,pv_scaled_1_100,1.2e-06,6.622492219145847e-05,45.170756176832946
industrial_10M,pv_scaled_1_100,1.3e-06,7.074199780914177e-05,45.170756176832946
industrial_10M,pv_scaled_1_100,1.4e-06,7.518251282313552e-05,44.40515013993747
industrial_10M,pv_scaled_1_100,1.5e-06,7.946990662975016e-05,42.87393806614652
industrial_10M,pv_scaled_1_100,1.6e-06,8.375730043636482e-05,42.87393806614652
industrial_10M,pv_scaled_1_100,1.7e-06,8.804469424297947e-05,42.87393806614652
industrial_10M,pv_scaled_1_100,1.8e-06,9.225552744590457e-05,42.108332029251045
industrial_10M,pv_scaled_1_100,1.9e-06,9.631323944145058e-05,40.5771199554601
industrial_10M,pv_scaled_1_100,2e-06,0.0001003709514369966,40.5771199554601
industrial_10M,pv_scaled_1_100,2.1e-06,0.00010435210282885306,39.81151391856463
industrial_10M,pv_scaled_1_100,2.2e-06,0.00010833325422070951,39.81151391856463
industrial_10M,pv_scaled_1_100,2.3e-06,0.00011223784500887643,39.04590788166915
industrial_10M,pv_scaled_1_100,2.4e-06,0.00011614243579704335,39.04590788166915
industrial_10M,pv_scaled_1_100,2.5e-06,0.00012004702658521027,39.04590788166915
industrial_10M,pv_scaled_1_100,2.6e-06,0.00012387505676968763,38.28030184477368
industrial_10M,pv_scaled_1_100,2.7e-06,0.000127703086954165,38.28030184477368
industrial_10M,pv_scaled_1_100,2.8e-06,0.00013153111713864237,38.28030184477368
industrial_10M,pv_scaled_1_100,2.9e-06,0.00013535914732311973,38.28030184477368
industrial_10M,pv_scaled_1_100,3e-06,0.00013911061690390756,37.514695807878205
industrial_10M,pv_scaled_1_100,3.1e-06,0.00014286208648469538,37.514695807878205
industrial_10M,pv_scaled_1_100,3.2e-06,0.00014653699546179365,36.749089770982735
industrial_10M,pv_scaled_1_100,3.3e-06,0.00015021190443889192,36.749089770982735
industrial_10M,pv_scaled_1_100,3.4e-06,0.00015388681341599021,36.749089770982735
industrial_10M,pv_scaled_1_100,3.5e-06,0.00015748516178939892,35.98348373408726
industrial_10M,pv_scaled_1_100,3.6e-06,0.00016108351016280766,35.98348373408726
industrial_10M,pv_scaled_1_100,3.7e-06,0.00016460529793252683,35.21787769719179
industrial_10M,pv_scaled_1_100,3.8e-06,0.000168127085702246,35.21787769719179
industrial_10M,pv_scaled_1_100,3.9e-06,0.0001716488734719652,35.21787769719179
industrial_10M,pv_scaled_1_100,4e-06,0.00017517066124168436,35.21787769719179
industrial_10M,pv_scaled_1_100,4.1e-06,0.00017869244901140354,35.21787769719179
industrial_10M,pv_scaled_1_100,4.2e-06,0.00018221423678112272,35.21787769719179
industrial_10M,pv_scaled_1_100,4.3e-06,0.0001857360245508419,35.21787769719179
industrial_10M,pv_scaled_1_100,4.4e-06,0.00018918125171687154,34.45227166029631
industrial_10M,pv_scaled_1_100,4.5e-06,0.00019262647888290116,34.45227166029631
industrial_10M,pv_scaled_1_100,4.6e-06,0.0001960717060489308,34.45227166029631
industrial_10M,pv_scaled_1_100,4.7e-06,0.00019951693321496042,34.45227166029631
industrial_10M,pv_scaled_1_100,4.8e-06,0.00020296216038099006,34.45227166029631
industrial_10M,pv_scaled_1_100,4.9e-06,0.0002064073875470197,34.45227166029631
industrial_10M,pv_scaled_1_100,5e-06,0.00020977605410935977,33.68666562340084
industrial_10M,pv_scaled_1_100,5.1e-06,0.00021314472067169985,33.68666562340084
industrial_10M,pv_scaled_1_100,5.2e-06,0.00021651338723403994,33.68666562340084
industrial_10M,pv_scaled_1_100,5.3e-06,0.00021988205379638002,33.68666562340084
industrial_10M,pv_scaled_1_100,5.4e-06,0.00022317415975503058,32.921059586505365
industrial_10M,pv_scaled_1_100,5.5e-06,0.0002264662657136811,32.921059586505365
industrial_10M,pv_scaled_1_100,5.6e-06,0.00022975837167233163,32.921059586505365
industrial_10M,pv_scaled_1_100,5.7e-06,0.00023305047763098218,32.921059586505365
industrial_10M,pv_scaled_1_100,5.8e-06,0.0002363425835896327,32.921059586505365
industrial_10M,pv_scaled_1_100,6e-06,0.0002429267955069338,32.921059586505365
industrial_10M,pv_scaled_1_100,6.1e-06,0.0002461423408618948,32.155453549609895
industrial_10M,pv_scaled_1_100,6.2e-06,0.0002493578862168558,32.155453549609895
industrial_10M,pv_scaled_1_100,6.3e-06,0.00025257343157181677,32.155453549609895
industrial_10M,pv_scaled_1_100,6.5e-06,0.00025900452228173876,32.155453549609895
industrial_10M,pv_scaled_1_100,6.6e-06,0.0002622200676366997,32.155453549609895
industrial_10M,pv_scaled_1_100,6.7e-06,0.0002654356129916607,32.155453549609895
industrial_10M,pv_scaled_1_100,6.9e-06,0.0002718667037015827,32.155453549609895
industrial_10M,pv_scaled_1_100,7e-06,0.0002750056884528541,31.389847512714418
industrial_10M,pv_scaled_1_100,7.1e-06,0.00027814467320412555,31.389847512714418
industrial_10M,pv_scaled_1_100,7.3e-06,0.0002844226427066685,31.389847512714418
industrial_10M,pv_scaled_1_100,7.4e-06,0.0002875616274579399,31.389847512714418
industrial_10M,pv_scaled_1_100,7.6e-06,0.0002938395969604828,31.389847512714418
industrial_10M,pv_scaled_1_100,7.8e-06,0.00030011756646302566,31.389847512714418
industrial_10M,pv_scaled_1_100,7.9e-06,0.0003032565512142971,31.389847512714418
industrial_10M,pv_scaled_1_100,8.1e-06,0.00030953452071684,31.389847512714418
industrial_10M,pv_scaled_1_100,8.2e-06,0.00031267350546811145,31.389847512714418
industrial_10M,pv_scaled_1_100,8.4e-06,0.0003187983537632752,30.624241475818945
industrial_10M,pv_scaled_1_100,8.6e-06,0.000324923202058439,30.624241475818945
industrial_10M,pv_scaled_1_100,8.8e-06,0.0003310480503536028,30.624241475818945
industrial_10M,pv_scaled_1_100,8.9e-06,0.0003341104745011847,30.624241475818945
industrial_10M,pv_scaled_1_100,9.1e-06,0.0003402353227963485,30.624241475818945
industrial_10M,pv_scaled_1_100,9.3e-06,0.00034636017109151225,30.624241475818945
industrial_10M,pv_scaled_1_100,9.5e-06,0.00035248501938667606,30.624241475818945
industrial_10M,pv_scaled_1_100,9.7e-06,0.00035845674647446075,29.85863543892347
industrial_10M,pv_scaled_1_100,9.9e-06,0.00036442847356224544,29.85863543892347
industrial_10M,pv_scaled_1_100,1.01e-05,0.0003704002006500301,29.85863543892347
industrial_10M,pv_scaled_1_100,1.03e-05,0.00037637192773781487,29.85863543892347
industrial_10M,pv_scaled_1_100,1.05e-05,0.00038234365482559956,29.85863543892347
industrial_10M,pv_scaled_1_100,1.07e-05,0.00038831538191338424,29.85863543892347
industrial_10M,pv_scaled_1_100,1.09e-05,0.00039428710900116893,29.85863543892347
industrial_10M,pv_scaled_1_100,1.12e-05,0.000403244699632846,29.85863543892347
industrial_10M,pv_scaled_1_100,1.14e-05,0.00040906330551325156,29.093029402027998
industrial_10M,pv_scaled_1_100,1.16e-05,0.0004148819113936572,29.093029402027998
industrial_10M,pv_scaled_1_100,1.19e-05,0.00042360982021426557,29.093029402027998
industrial_10M,pv_scaled_1_100,1.21e-05,0.0004294284260946712,29.093029402027998
industrial_10M,pv_scaled_1_100,1.24e-05,0.0004381563349152796,29.093029402027998
industrial_10M,pv_scaled_1_100,1.26e-05,0.00044397494079568515,29.093029402027998
industrial_10M,pv_scaled_1_100,1.29e-05,0.0004527028496162936,29.093029402027998
industrial_10M,pv_scaled_1_100,1.31e-05,0.00045852145549669915,29.093029402027998
industrial_10M,pv_scaled_1_100,1.34e-05,0.0004672493643173076,29.093029402027998
industrial_10M,pv_scaled_1_100,1.37e-05,0.00047597727313791597,29.093029402027998
industrial_10M,pv_scaled_1_100,1.4e-05,0.00048447550014745573,28.327423365132525
industrial_10M,pv_scaled_1_100,1.42e-05,0.0004901409848204822,28.327423365132525
industrial_10M,pv_scaled_1_100,1.45e-05,0.000498639211830022,28.327423365132525
industrial_10M,pv_scaled_1_100,1.48e-05,0.0005071374388395618,28.327423365132525
industrial_10M,pv_scaled_1_100,1.51e-05,0.0005156356658491015,28.327423365132525
industrial_10M,pv_scaled_1_100,1.54e-05,0.0005241338928586413,28.327423365132525
industrial_10M,pv_scaled_1_100,1.58e-05,0.0005354648622046943,28.327423365132525
industrial_10M,pv_scaled_1_100,1.61e-05,0.0005438099680068549,27.56181732823705
industrial_10M,pv_scaled_1_100,1.64e-05,0.000552078513205326,27.56181732823705
industrial_10M,pv_scaled_1_100,1.67e-05,0.0005603470584037972,27.56181732823705
industrial_10M,pv_scaled_1_100,1.71e-05,0.000571371785335092,27.56181732823705
industrial_10M,pv_scaled_1_100,1.74e-05,0.0005796403305335631,27.56181732823705
industrial_10M,pv_scaled_1_100,1.78e-05,0.0005906650574648579,27.56181732823705
industrial_10M,pv_scaled_1_100,1.82e-05,0.0006016897843961527,27.56181732823705
industrial_10M,pv_scaled_1_100,1.85e-05,0.0006097286477835552,26.796211291341578
industrial_10M,pv_scaled_1_100,1.89e-05,0.0006204471323000919,26.796211291341578
industrial_10M,pv_scaled_1_100,1.93e-05,0.0006311656168166284,26.796211291341578
industrial_10M,pv_scaled_1_100,1.97e-05,0.0006418841013331651,26.796211291341578
industrial_10M,pv_scaled_1_100,2.01e-05,0.0006526025858497017,26.796211291341578
industrial_10M,pv_scaled_1_100,2.05e-05,0.0006633210703662384,26.796211291341578
industrial_10M,pv_scaled_1_100,2.09e-05,0.000674039554882775,26.796211291341578
industrial_10M,pv_scaled_1_100,2.13e-05,0.000684528357588243,26.0306052544461
industrial_10M,pv_scaled_1_100,2.18e-05,0.0006975436602154661,26.0306052544461
industrial_10M,pv_scaled_1_100,2.22e-05,0.0007079559023172445,26.0306052544461
industrial_10M,pv_scaled_1_100,2.27e-05,0.0007209712049444676,26.0306052544461
industrial_10M,pv_scaled_1_100,2.31e-05,0.000731383447046246,26.0306052544461
industrial_10M,pv_scaled_1_100,2.36e-05,0.000744398749673469,26.0306052544461
industrial_10M,pv_scaled_1_100,2.41e-05,0.0007574140523006921,26.0306052544461
industrial_10M,pv_scaled_1_100,2.46e-05,0.0007704293549279152,26.0306052544461
industrial_10M,pv_scaled_1_100,2.51e-05,0.00078313841514038,25.264999217550628
industrial_10M,pv_scaled_1_100,2.56e-05,0.0007957709147491553,25.264999217550628
industrial_10M,pv_scaled_1_100,2.61e-05,0.0008084034143579306,25.264999217550628
industrial_10M,pv_scaled_1_100,2.67e-05,0.000823562413888461,25.264999217550628
industrial_10M,pv_scaled_1_100,2.72e-05,0.0008361949134972364,25.264999217550628
industrial_10M,pv_scaled_1_100,2.78e-05,0.0008513539130277667,25.264999217550628
industrial_10M,pv_scaled_1_100,2.83e-05,0.000863986412636542,25.264999217550628
industrial_10M,pv_scaled_1_100,2.89e-05,0.000878686048544935,24.499393180655154
industrial_10M,pv_scaled_1_100,2.95e-05,0.0008933856844533282,24.499393180655154
industrial_10M,pv_scaled_1_100,3.01e-05,0.0009080853203617213,24.499393180655154
industrial_10M,pv_scaled_1_100,3.07e-05,0.0009227849562701144,24.499393180655154
industrial_10M,pv_scaled_1_100,3.13e-05,0.0009374845921785074,24.499393180655154
industrial_10M,pv_scaled_1_100,3.2e-05,0.0009546341674049661,24.499393180655154
industrial_10M,pv_scaled_1_100,3.26e-05,0.0009693338033133591,24.499393180655154
industrial_10M,pv_scaled_1_100,3.33e-05,0.0009864833785398178,24.499393180655154
industrial_10M,pv_scaled_1_100,3.4e-05,0.0010036329537662764,24.499393180655154
industrial_10M,pv_scaled_1_100,3.47e-05,0.001020629407785356,23.73378714375968
industrial_10M,pv_scaled_1_100,3.54e-05,0.0010372430587859878,23.73378714375968
industrial_10M,pv_scaled_1_100,3.61e-05,0.0010538567097866194,23.73378714375968
industrial_10M,pv_scaled_1_100,3.68e-05,0.0010704703607872512,23.73378714375968
industrial_10M,pv_scaled_1_100,3.76e-05,0.001089457390502259,23.73378714375968
industrial_10M,pv_scaled_1_100,3.84e-05,0.0011084444202172667,23.73378714375968
industrial_10M,pv_scaled_1_100,3.91e-05,0.0011250580712178985,23.73378714375968
industrial_10M,pv_scaled_1_100,3.99e-05,0.0011440451009329063,23.73378714375968
industrial_10M,pv_scaled_1_100,4.08e-05,0.00116540550936229,23.73378714375968
industrial_10M,pv_scaled_1_100,4.16e-05,0.0011843925390772978,23.73378714375968
industrial_10M,pv_scaled_1_100,4.24e-05,0.0012029967657738577,22.968181106864208
industrial_10M,pv_scaled_1_100,4.33e-05,0.0012236681287700355,22.968181106864208
industrial_10M,pv_scaled_1_100,4.42e-05,0.0012443394917662134,22.968181106864208
industrial_10M,pv_scaled_1_100,4.51e-05,0.001265010854762391,22.968181106864208
industrial_10M,pv_scaled_1_100,4.6e-05,0.0012856822177585688,22.968181106864208
industrial_10M,pv_scaled_1_100,4.69e-05,0.0013063535807547467,22.968181106864208
industrial_10M,pv_scaled_1_100,4.79e-05,0.001329321761861611,22.968181106864208
industrial_10M,pv_scaled_1_100,4.89e-05,0.001352289942968475,22.968181106864208
industrial_10M,pv_scaled_1_100,4.99e-05,0.0013748753210568916,22.202575069968734
industrial_10M,pv_scaled_1_100,5.09e-05,0.0013970778961268603,22.202575069968734
industrial_10M,pv_scaled_1_100,5.19e-05,0.0014192804711968291,22.202575069968734
industrial_10M,pv_scaled_1_100,5.3e-05,0.0014437033037737947,22.202575069968734
industrial_10M,pv_scaled_1_100,5.41e-05,0.0014681261363507603,22.202575069968734
industrial_10M,pv_scaled_1_100,5.52e-05,0.0014925489689277258,22.202575069968734
industrial_10M,pv_scaled_1_100,5.63e-05,0.0015169718015046914,22.202575069968734
industrial_10M,pv_scaled_1_100,5.75e-05,0.001543614891588654,22.202575069968734
industrial_10M,pv_scaled_1_100,5.86e-05,0.0015680377241656196,22.202575069968734
industrial_10M,pv_scaled_1_100,5.98e-05,0.0015940683294200656,21.43696903307326
industrial_10M,pv_scaled_1_100,6.1e-05,0.0016197926922597535,21.43696903307326
industrial_10M,pv_scaled_1_100,6.23e-05,0.001647660752002749,21.43696903307326
industrial_10M,pv_scaled_1_100,6.36e-05,0.001675528811745744,21.43696903307326
industrial_10M,pv_scaled_1_100,6.49e-05,0.0017033968714887393,21.43696903307326
industrial_10M,pv_scaled_1_100,6.62e-05,0.0017312649312317345,21.43696903307326
industrial_10M,pv_scaled_1_100,6.75e-05,0.0017591329909747298,21.43696903307326
industrial_10M,pv_scaled_1_100,6.89e-05,0.0017891447476210325,21.43696903307326
industrial_10M,pv_scaled_1_100,7.03e-05,0.0018180846558156813,20.671362996177788
industrial_10M,pv_scaled_1_100,7.17e-05,0.0018470245640103303,20.671362996177788
industrial_10M,pv_scaled_1_100,7.32e-05,0.0018780316085045968,20.671362996177788
industrial_10M,pv_scaled_1_100,7.47e-05,0.0019090386529988636,20.671362996177788
industrial_10M,pv_scaled_1_100,7.62e-05,0.0019400456974931301,20.671362996177788
industrial_10M,pv_scaled_1_100,7.78e-05,0.0019731198782870145,20.671362996177788
industrial_10M,pv_scaled_1_100,7.94e-05,0.0020061940590808992,20.671362996177788
industrial_10M,pv_scaled_1_100,8.1e-05,0.0020388854368563357,19.905756959282314
industrial_10M,pv_scaled_1_100,8.26e-05,0.0020707346479911875,19.905756959282314
industrial_10M,pv_scaled_1_100,8.43e-05,0.0021045744348219676,19.905756959282314
industrial_10M,pv_scaled_1_100,8.6e-05,0.0021384142216527473,19.905756959282314
industrial_10M,pv_scaled_1_100,8.78e-05,0.0021742445841794558,19.905756959282314
industrial_10M,pv_scaled_1_100,8.96e-05,0.002210074946706164,19.905756959282314
industrial_10M,pv_scaled_1_100,9.14e-05,0.002245905309232872,19.905756959282314
industrial_10M,pv_scaled_1_100,9.33e-05,0.002283726247455508,19.905756959282314
industrial_10M,pv_scaled_1_100,9.52e-05,0.002321317503867076,19.14015092238684
industrial_10M,pv_scaled_1_100,9.71e-05,0.002357683790619611,19.14015092238684
industrial_10M,pv_scaled_1_100,9.91e-05,0.0023959640924643847,19.14015092238684
industrial_10M,pv_scaled_1_100,0.0001011,0.0024342443943091586,19.14015092238684
industrial_10M,pv_scaled_1_100,0.0001032,0.0024744387112461707,19.14015092238684
industrial_10M,pv_scaled_1_100,0.0001053,0.0025146330281831833,19.14015092238684
industrial_10M,pv_scaled_1_100,0.0001074,0.0025548273451201954,19.14015092238684
industrial_10M,pv_scaled_1_100,0.0001096,0.0025969356771494466,19.14015092238684
industrial_10M,pv_scaled_1_100,0.0001118,0.002639044009178698,19.14015092238684
industrial_10M,pv_scaled_1_100,0.0001141,0.0026819945078485337,18.374544885491368
industrial_10M,pv_scaled_1_100,0.0001165,0.002726093415573713,18.374544885491368
industrial_10M,pv_scaled_1_100,0.0001188,0.0027683548688103433,18.374544885491368
industrial_10M,pv_scaled_1_100,0.0001212,0.0028124537765355224,18.374544885491368
industrial_10M,pv_scaled_1_100,0.0001237,0.002858390138749251,18.374544885491368
industrial_10M,pv_scaled_1_100,0.0001262,0.0029043265009629795,18.374544885491368
industrial_10M,pv_scaled_1_100,0.0001288,0.002952100317665257,18.374544885491368
industrial_10M,pv_scaled_1_100,0.0001314,0.0029998741343675345,18.374544885491368
industrial_10M,pv_scaled_1_100,0.0001341,0.003049485405558361,18.374544885491368
industrial_10M,pv_scaled_1_100,0.0001369,0.003100934131237737,18.374544885491368
industrial_10M,pv_scaled_1_100,0.0001396,0.0031498563569953577,17.608938848595894
industrial_10M,pv_scaled_1_100,0.0001425,0.0032009222796562857,17.608938848595894
industrial_10M,pv_scaled_1_100,0.0001454,0.0032519882023172137,17.608938848595894
industrial_10M,pv_scaled_1_100,0.0001484,0.0033048150188630014,17.608938848595894
industrial_10M,pv_scaled_1_100,0.0001514,0.003357641835408789,17.608938848595894
industrial_10M,pv_scaled_1_100,0.0001545,0.0034122295458394363,17.608938848595894
industrial_10M,pv_scaled_1_100,0.0001576,0.003466817256270084,17.608938848595894
industrial_10M,pv_scaled_1_100,0.0001608,0.0035231658605855906,17.608938848595894
industrial_10M,pv_scaled_1_100,0.0001641,0.003581275358785957,17.608938848595894
industrial_10M,pv_scaled_1_100,0.0001675,0.003641145750871183,17.608938848595894
industrial_10M,pv_scaled_1_100,0.0001709,0.003698719324845723,16.84333281170042
industrial_10M,pv_scaled_1_100,0.0001744,0.003757670989686674,16.84333281170042
industrial_10M,pv_scaled_1_100,0.0001779,0.0038166226545276257,16.84333281170042
industrial_10M,pv_scaled_1_100,0.0001815,0.0038772586526497474,16.84333281170042
industrial_10M,pv_scaled_1_100,0.0001852,0.003939578984053039,16.84333281170042
industrial_10M,pv_scaled_1_100,0.000189,0.0040035836487375,16.84333281170042
industrial_10M,pv_scaled_1_100,0.0001929,0.004069272646703132,16.84333281170042
industrial_10M,pv_scaled_1_100,0.0001968,0.004134961644668763,16.84333281170042
industrial_10M,pv_scaled_1_100,0.0002008,0.004202334975915566,16.84333281170042
industrial_10M,pv_scaled_1_100,0.0002049,0.004270703595010331,16.077726774804947
industrial_10M,pv_scaled_1_100,0.0002091,0.004338230047464512,16.077726774804947
industrial_10M,pv_scaled_1_100,0.0002133,0.004405756499918693,16.077726774804947
industrial_10M,pv_scaled_1_100,0.0002177,0.004476498497727834,16.077726774804947
industrial_10M,pv_scaled_1_100,0.0002221,0.004547240495536976,16.077726774804947
industrial_10M,pv_scaled_1_100,0.0002266,0.004619590266023599,16.077726774804947
industrial_10M,pv_scaled_1_100,0.0002313,0.004695155581865181,16.077726774804947
industrial_10M,pv_scaled_1_100,0.000236,0.004770720897706765,16.077726774804947
industrial_10M,pv_scaled_1_100,0.0002408,0.004847893986225828,16.077726774804947
industrial_10M,pv_scaled_1_100,0.0002457,0.0049266748474223725,16.077726774804947
industrial_10M,pv_scaled_1_100,0.0002507,0.005004460420770953,15.312120737909472
industrial_10M,pv_scaled_1_100,0.0002558,0.005082552236534291,15.312120737909472
industrial_10M,pv_scaled_1_100,0.000261,0.00516217526437142,15.312120737909472
industrial_10M,pv_scaled_1_100,0.0002663,0.00524332950428234,15.312120737909472
industrial_10M,pv_scaled_1_100,0.0002718,0.005327546168340843,15.312120737909472
industrial_10M,pv_scaled_1_100,0.0002773,0.005411762832399345,15.312120737909472
industrial_10M,pv_scaled_1_100,0.000283,0.005499041920605429,15.312120737909472
industrial_10M,pv_scaled_1_100,0.0002887,0.005586321008811513,15.312120737909472
industrial_10M,pv_scaled_1_100,0.0002946,0.005676662521165179,15.312120737909472
industrial_10M,pv_scaled_1_100,0.0003006,0.005767922760763119,14.546514701013999
industrial_10M,pv_scaled_1_100,0.0003068,0.005858111151909406,14.546514701013999
industrial_10M,pv_scaled_1_100,0.000313,0.005948299543055693,14.546514701013999
industrial_10M,pv_scaled_1_100,0.0003194,0.006041397237142182,14.546514701013999
industrial_10M,pv_scaled_1_100,0.0003259,0.006135949582698774,14.546514701013999
industrial_10M,pv_scaled_1_100,0.0003325,0.006231956579725466,14.546514701013999
industrial_10M,pv_scaled_1_100,0.0003393,0.006330872879692361,14.546514701013999
industrial_10M,pv_scaled_1_100,0.0003462,0.006431243831129358,14.546514701013999
industrial_10M,pv_scaled_1_100,0.0003533,0.0065345240855065575,14.546514701013999
industrial_10M,pv_scaled_1_100,0.0003605,0.006639258991353858,14.546514701013999
industrial_10M,pv_scaled_1_100,0.0003678,0.0067445298214269854,13.780908664118526
industrial_10M,pv_scaled_1_100,0.0003753,0.006847886636407874,13.780908664118526
industrial_10M,pv_scaled_1_100,0.000383,0.006953999633121587,13.780908664118526
industrial_10M,pv_scaled_1_100,0.0003908,0.007061490720701712,13.780908664118526
industrial_10M,pv_scaled_1_100,0.0003987,0.007170359899148248,13.780908664118526
industrial_10M,pv_scaled_1_100,0.0004069,0.00728336335019402,13.780908664118526
industrial_10M,pv_scaled_1_100,0.0004152,0.0073977448921062035,13.780908664118526
industrial_10M,pv_scaled_1_100,0.0004236,0.0075135045248847995,13.780908664118526
industrial_10M,pv_scaled_1_100,0.0004323,0.007633398430262631,13.780908664118526
industrial_10M,pv_scaled_1_100,0.0004411,0.007754670426506873,13.780908664118526
industrial_10M,pv_scaled_1_100,0.0004501,0.00787869860448394,13.780908664118526
industrial_10M,pv_scaled_1_100,0.0004592,0.007998133146239634,13.01530262722305
industrial_10M,pv_scaled_1_100,0.0004686,0.008120476990935531,13.01530262722305
industrial_10M,pv_scaled_1_100,0.0004781,0.00824412236589415,13.01530262722305
industrial_10M,pv_scaled_1_100,0.0004879,0.008371672331640935,13.01530262722305
industrial_10M,pv_scaled_1_100,0.0004978,0.008500523827650444,13.01530262722305
industrial_10M,pv_scaled_1_100,0.000508,0.008633279914448119,13.01530262722305
industrial_10M,pv_scaled_1_100,0.0005183,0.008767337531508516,13.01530262722305
industrial_10M,pv_scaled_1_100,0.0005289,0.008905299739357081,13.01530262722305
industrial_10M,pv_scaled_1_100,0.0005397,0.00904586500773109,13.01530262722305
industrial_10M,pv_scaled_1_100,0.0005507,0.009189033336630544,13.01530262722305
industrial_10M,pv_scaled_1_100,0.0005619,0.009334804726055442,13.01530262722305
industrial_10M,pv_scaled_1_100,0.0005733,0.00947552311563683,12.249696590327577
industrial_10M,pv_scaled_1_100,0.000585,0.009618844565743662,12.249696590327577
industrial_10M,pv_scaled_1_100,0.0005969,0.00976461595516856,12.249696590327577
industrial_10M,pv_scaled_1_100,0.0006091,0.009914062253570556,12.249696590327577
industrial_10M,pv_scaled_1_100,0.0006215,0.01006595849129062,12.249696590327577
industrial_10M,pv_scaled_1_100,0.0006342,0.010221529637987779,12.249696590327577
industrial_10M,pv_scaled_1_100,0.0006471,0.010379550724003005,12.249696590327577
industrial_10M,pv_scaled_1_100,0.0006603,0.01054124671899533,12.249696590327577
industrial_10M,pv_scaled_1_100,0.0006738,0.01070661762296475,12.249696590327577
industrial_10M,pv_scaled_1_100,0.0006875,0.010874438466252238,12.249696590327577
industrial_10M,pv_scaled_1_100,0.0007015,0.011045934218516825,12.249696590327577
industrial_10M,pv_scaled_1_100,0.0007158,0.011210462955845662,11.484090553432104
industrial_10M,pv_scaled_1_100,0.0007304,0.011378130677925771,11.484090553432104
industrial_10M,pv_scaled_1_100,0.0007453,0.011549243627171909,11.484090553432104
industrial_10M,pv_scaled_1_100,0.0007605,0.011723801803584077,11.484090553432104
industrial_10M,pv_scaled_1_100,0.000776,0.011901805207162275,11.484090553432104
industrial_10M,pv_scaled_1_100,0.0007918,0.012083253837906502,11.484090553432104
industrial_10M,pv_scaled_1_100,0.0008079,0.012268147695816758,11.484090553432104
industrial_10M,pv_scaled_1_100,0.0008244,0.012457635189948389,11.484090553432104
industrial_10M,pv_scaled_1_100,0.0008412,0.012650567911246049,11.484090553432104
industrial_10M,pv_scaled_1_100,0.0008583,0.012846945859709738,11.484090553432104
industrial_10M,pv_scaled_1_100,0.0008758,0.0130479174443948,11.484090553432104
industrial_10M,pv_scaled_1_100,0.0008936,0.013239165832411288,10.71848451653663
industrial_10M,pv_scaled_1_100,0.0009119,0.013435314099063908,10.71848451653663
industrial_10M,pv_scaled_1_100,0.0009304,0.013633606062619836,10.71848451653663
industrial_10M,pv_scaled_1_100,0.0009494,0.013837257268434032,10.71848451653663
industrial_10M,pv_scaled_1_100,0.0009687,0.014044124019603189,10.71848451653663
industrial_10M,pv_scaled_1_100,0.0009885,0.014256350013030614,10.71848451653663
industrial_10M,pv_scaled_1_100,0.0010086,0.014471791551813001,10.71848451653663
industrial_10M,pv_scaled_1_100,0.0010292,0.014692592332853655,10.71848451653663
industrial_10M,pv_scaled_1_100,0.0010502,0.014917680507700926,10.71848451653663
industrial_10M,pv_scaled_1_100,0.0010716,0.015147056076354809,10.71848451653663
industrial_10M,pv_scaled_1_100,0.0010934,0.015380719038815308,10.71848451653663
industrial_10M,pv_scaled_1_100,0.0011157,0.015618210031460283,9.952878479641157
industrial_10M,pv_scaled_1_100,0.0011384,0.015844140372948137,9.952878479641157
industrial_10M,pv_scaled_1_100,0.0011616,0.016075047153675814,9.952878479641157
industrial_10M,pv_scaled_1_100,0.0011853,0.01631093037364331,9.952878479641157
industrial_10M,pv_scaled_1_100,0.0012094,0.01655079474500266,9.952878479641157
industrial_10M,pv_scaled_1_100,0.0012341,0.016796630843449796,9.952878479641157
industrial_10M,pv_scaled_1_100,0.0012592,0.01704644809328879,9.952878479641157
industrial_10M,pv_scaled_1_100,0.0012849,0.017302237070215568,9.952878479641157
industrial_10M,pv_scaled_1_100,0.0013111,0.017563002486382165,9.952878479641157
industrial_10M,pv_scaled_1_100,0.0013378,0.017828744341788584,9.952878479641157
industrial_10M,pv_scaled_1_100,0.0013651,0.01810045792428279,9.952878479641157
industrial_10M,pv_scaled_1_100,0.0013929,0.018377147946016813,9.952878479641157
industrial_10M,pv_scaled_1_100,0.0014213,0.01865980969483862,9.952878479641157
industrial_10M,pv_scaled_1_100,0.0014502,0.018928537413788932,9.187272442745684
industrial_10M,pv_scaled_1_100,0.0014798,0.019200480678094205,9.187272442745684
industrial_10M,pv_scaled_1_100,0.0015099,0.01947701757862085,9.187272442745684
industrial_10M,pv_scaled_1_100,0.0015407,0.019759985569857415,9.187272442745684
industrial_10M,pv_scaled_1_100,0.0015721,0.02004846592455963,9.187272442745684
industrial_10M,pv_scaled_1_100,0.0016041,0.020342458642727494,9.187272442745684
industrial_10M,pv_scaled_1_100,0.0016368,0.020642882451605275,9.187272442745684
industrial_10M,pv_scaled_1_100,0.0016702,0.020949737351192984,9.187272442745684
industrial_10M,pv_scaled_1_100,0.0017042,0.021262104614246335,9.187272442745684
industrial_10M,pv_scaled_1_100,0.001739,0.021581821695253887,9.187272442745684
industrial_10M,pv_scaled_1_100,0.0017744,0.021907051139727084,9.187272442745684
industrial_10M,pv_scaled_1_100,0.0018105,0.022238711674910202,9.187272442745684
industrial_10M,pv_scaled_1_100,0.0018474,0.022566314498097775,8.42166640585021
industrial_10M,pv_scaled_1_100,0.0018851,0.022883811321598328,8.42166640585021
industrial_10M,pv_scaled_1_100,0.0019235,0.023207203311582977,8.42166640585021
industrial_10M,pv_scaled_1_100,0.0019627,0.023537332634692303,8.42166640585021
industrial_10M,pv_scaled_1_100,0.0020027,0.023874199290926313,8.42166640585021
industrial_10M,pv_scaled_1_100,0.0020435,0.024217803280285003,8.42166640585021
industrial_10M,pv_scaled_1_100,0.0020852,0.024568986769408954,8.42166640585021
industrial_10M,pv_scaled_1_100,0.0021276,0.024926065425017005,8.42166640585021
industrial_10M,pv_scaled_1_100,0.002171,0.025291565747030904,8.42166640585021
industrial_10M,pv_scaled_1_100,0.0022152,0.025663803402169484,8.42166640585021
industrial_10M,pv_scaled_1_100,0.0022604,0.026044462723713913,8.42166640585021
industrial_10M,pv_scaled_1_100,0.0023065,0.026432701545023606,8.42166640585021
industrial_10M,pv_scaled_1_100,0.0023535,0.026828519866098566,8.42166640585021
industrial_10M,pv_scaled_1_100,0.0024014,0.027231917686938792,8.42166640585021
industrial_10M,pv_scaled_1_100,0.0024503,0.02761456758417915,7.656060368954736
industrial_10M,pv_scaled_1_100,0.0025003,0.027997370602626886,7.656060368954736
industrial_10M,pv_scaled_1_100,0.0025512,0.02838706407540668,7.656060368954736
industrial_10M,pv_scaled_1_100,0.0026032,0.028785179214592328,7.656060368954736
industrial_10M,pv_scaled_1_100,0.0026563,0.029191716020183826,7.656060368954736
industrial_10M,pv_scaled_1_100,0.0027104,0.029605908886144276,7.656060368954736
industrial_10M,pv_scaled_1_100,0.0027656,0.03002852341851058,7.656060368954736
industrial_10M,pv_scaled_1_100,0.002822,0.030460325223319627,7.656060368954736
industrial_10M,pv_scaled_1_100,0.0028795,0.030900548694534524,7.656060368954736
industrial_10M,pv_scaled_1_100,0.0029382,0.03134995943819217,7.656060368954736
industrial_10M,pv_scaled_1_100,0.002998,0.031807791848255655,7.656060368954736
industrial_10M,pv_scaled_1_100,0.0030591,0.032275577136798794,7.656060368954736
industrial_10M,pv_scaled_1_100,0.0031215,0.03275331530382157,7.656060368954736
industrial_10M,pv_scaled_1_100,0.0031851,0.03324024074328709,7.656060368954736
industrial_10M,pv_scaled_1_100,0.00325,0.033697920032143204,6.890454332059263
industrial_10M,pv_scaled_1_100,0.0033162,0.034154068108925524,6.890454332059263
industrial_10M,pv_scaled_1_100,0.0033838,0.034619862821772734,6.890454332059263
industrial_10M,pv_scaled_1_100,0.0034528,0.03509530417068482,6.890454332059263
industrial_10M,pv_scaled_1_100,0.0035231,0.03557970311022859,6.890454332059263
industrial_10M,pv_scaled_1_100,0.0035949,0.03607443773127044,6.890454332059263
industrial_10M,pv_scaled_1_100,0.0036682,0.03657950803381039,6.890454332059263
industrial_10M,pv_scaled_1_100,0.0037429,0.03709422497241521,6.890454332059263
industrial_10M,pv_scaled_1_100,0.0038192,0.037619966637951335,6.890454332059263
industrial_10M,pv_scaled_1_100,0.003897,0.038156043984985545,6.890454332059263
industrial_10M,pv_scaled_1_100,0.0039764,0.03870314605895105,6.890454332059263
industrial_10M,pv_scaled_1_100,0.0040575,0.039261961905281056,6.890454332059263
industrial_10M,pv_scaled_1_100,0.0041401,0.039831113433109154,6.890454332059263
industrial_10M,pv_scaled_1_100,0.0042245,0.04041266777873496,6.890454332059263
industrial_10M,pv_scaled_1_100,0.0043106,0.04099560021522717,6.124848295163789
industrial_10M,pv_scaled_1_100,0.0043984,0.04153336189554255,6.124848295163789
industrial_10M,pv_scaled_1_100,0.0044881,0.042082760787618745,6.124848295163789
industrial_10M,pv_scaled_1_100,0.0045795,0.04264257192179671,6.124848295163789
industrial_10M,pv_scaled_1_100,0.0046729,0.04321463275256501,6.124848295163789
industrial_10M,pv_scaled_1_100,0.0047681,0.043797718310264605,6.124848295163789
industrial_10M,pv_scaled_1_100,0.0048652,0.04439244107972501,6.124848295163789
industrial_10M,pv_scaled_1_100,0.0049644,0.04500002603060525,6.124848295163789
industrial_10M,pv_scaled_1_100,0.0050655,0.045619248193246316,6.124848295163789
industrial_10M,pv_scaled_1_100,0.0051688,0.04625194502213673,6.124848295163789
industrial_10M,pv_scaled_1_100,0.0052741,0.04689689154761748,6.124848295163789
industrial_10M,pv_scaled_1_100,0.0053816,0.047555312739347586,6.124848295163789
industrial_10M,pv_scaled_1_100,0.0054912,0.048226596112497536,6.124848295163789
industrial_10M,pv_scaled_1_100,0.0056031,0.04891196663672637,6.124848295163789
industrial_10M,pv_scaled_1_100,0.0057173,0.04961142431203407,6.124848295163789
industrial_10M,pv_scaled_1_100,0.0058338,0.050324969138420654,6.124848295163789
industrial_10M,pv_scaled_1_100,0.0059527,0.05104762467664629,5.359242258268315
industrial_10M,pv_scaled_1_100,0.006074,0.05169770076257424,5.359242258268315
industrial_10M,pv_scaled_1_100,0.0061978,0.052361174954147854,5.359242258268315
industrial_10M,pv_scaled_1_100,0.0063241,0.05303804725136714,5.359242258268315
industrial_10M,pv_scaled_1_100,0.006453,0.05372885357845793,5.359242258268315
industrial_10M,pv_scaled_1_100,0.0065845,0.05443359393542021,5.359242258268315
industrial_10M,pv_scaled_1_100,0.0067186,0.05515226832225399,5.359242258268315
industrial_10M,pv_scaled_1_100,0.0068555,0.05588594858741092,5.359242258268315
industrial_10M,pv_scaled_1_100,0.0069952,0.05663463473089101,5.359242258268315
industrial_10M,pv_scaled_1_100,0.0071378,0.05739886267692007,5.359242258268315
industrial_10M,pv_scaled_1_100,0.0072832,0.058178096501272286,5.359242258268315
industrial_10M,pv_scaled_1_100,0.0074317,0.05897394397662513,5.359242258268315
industrial_10M,pv_scaled_1_100,0.0075831,0.05978533325452695,5.359242258268315
industrial_10M,pv_scaled_1_100,0.0077376,0.06061333618342941,5.359242258268315
industrial_10M,pv_scaled_1_100,0.0078953,0.06145848868755832,5.359242258268315
industrial_10M,pv_scaled_1_100,0.0080562,0.06232079076691369,5.359242258268315
industrial_10M,pv_scaled_1_100,0.0082204,0.06320077834572135,5.359242258268315
industrial_10M,pv_scaled_1_100,0.0083879,0.06408130184875484,4.593636221372842
industrial_10M,pv_scaled_1_100,0.0085588,0.06486635427898746,4.593636221372842
industrial_10M,pv_scaled_1_100,0.0087332,0.06566748443599488,4.593636221372842
industrial_10M,pv_scaled_1_100,0.0089112,0.06648515168339925,4.593636221372842
industrial_10M,pv_scaled_1_100,0.0090928,0.06731935602120055,4.593636221372842
industrial_10M,pv_scaled_1_100,0.0092781,0.06817055681302094,4.593636221372842
industrial_10M,pv_scaled_1_100,0.0094671,0.06903875405886041,4.593636221372842
industrial_10M,pv_scaled_1_100,0.00966,0.06992486648596323,4.593636221372842
industrial_10M,pv_scaled_1_100,0.0098569,0.07082935345795154,4.593636221372842
industrial_10M,pv_scaled_1_100,0.0100578,0.07175221497482534,4.593636221372842
industrial_10M,pv_scaled_1_100,0.0102627,0.07269345103658464,4.593636221372842
industrial_10M,pv_scaled_1_100,0.0104718,0.0736539803704737,4.593636221372842
industrial_10M,pv_scaled_1_100,0.0106852,0.07463426234011467,4.593636221372842
industrial_10M,pv_scaled_1_100,0.010903,0.07563475630912966,4.593636221372842
industrial_10M,pv_scaled_1_100,0.0111252,0.07665546227751871,4.593636221372842
industrial_10M,pv_scaled_1_100,0.0113519,0.07769683960890393,4.593636221372842
industrial_10M,pv_scaled_1_100,0.0115832,0.07875934766690748,4.593636221372842
industrial_10M,pv_scaled_1_100,0.0118192,0.07984344581515146,4.593636221372842
industrial_10M,pv_scaled_1_100,0.0120601,0.08095005278088019,4.593636221372842
industrial_10M,pv_scaled_1_100,0.0123058,0.08203216035342825,3.828030184477368
industrial_10M,pv_scaled_1_100,0.0125566,0.08299223032369517,3.828030184477368
industrial_10M,pv_scaled_1_100,0.0128125,0.08397182324790294,3.828030184477368
industrial_10M,pv_scaled_1_100,0.0130736,0.08497132192906998,3.828030184477368
industrial_10M,pv_scaled_1_100,0.01334,0.08599110917021474,3.828030184477368
industrial_10M,pv_scaled_1_100,0.0136118,0.0870315677743557,3.828030184477368
industrial_10M,pv_scaled_1_100,0.0138892,0.08809346334752971,3.828030184477368
industrial_10M,pv_scaled_1_100,0.0141722,0.0891767958897368,3.828030184477368
industrial_10M,pv_scaled_1_100,0.014461,0.09028233100701387,3.828030184477368
industrial_10M,pv_scaled_1_100,0.0147557,0.09141045150237935,3.828030184477368
industrial_10M,pv_scaled_1_100,0.0150564,0.0925615401788517,3.828030184477368
industrial_10M,pv_scaled_1_100,0.0153632,0.09373597983944935,3.828030184477368
industrial_10M,pv_scaled_1_100,0.0156763,0.09493453609020922,3.828030184477368
industrial_10M,pv_scaled_1_100,0.0159957,0.09615720893113129,3.828030184477368
industrial_10M,pv_scaled_1_100,0.0163217,0.0974051467712709,3.828030184477368
industrial_10M,pv_scaled_1_100,0.0166543,0.09867834961062809,3.828030184477368
industrial_10M,pv_scaled_1_100,0.0169936,0.09997720025222125,3.828030184477368
industrial_10M,pv_scaled_1_100,0.0173399,0.10130284710510576,3.828030184477368
industrial_10M,pv_scaled_1_100,0.0176933,0.10265567297230006,3.828030184477368
industrial_10M,pv_scaled_1_100,0.0180538,0.10403567785380416,3.828030184477368
industrial_10M,pv_scaled_1_100,0.0184217,0.10544401015867338,3.828030184477368
industrial_10M,pv_scaled_1_100,0.0187971,0.10688105268992619,3.828030184477368
industrial_10M,pv_scaled_1_100,0.0191802,0.10817492689227953,3.0624241475818943
industrial_10M,pv_scaled_1_100,0.019571,0.10937172224915453,3.0624241475818943
industrial_10M,pv_scaled_1_100,0.0199698,0.1105930169992102,3.0624241475818943
industrial_10M,pv_scaled_1_100,0.0203768,0.11183942362727603,3.0624241475818943
industrial_10M,pv_scaled_1_100,0.020792,0.11311094213335203,3.0624241475818943
industrial_10M,pv_scaled_1_100,0.0212157,0.11440849124468248,3.0624241475818943
industrial_10M,pv_scaled_1_100,0.021648,0.11573237720368214,3.0624241475818943
industrial_10M,pv_scaled_1_100,0.0220892,0.11708351873759527,3.0624241475818943
industrial_10M,pv_scaled_1_100,0.0225393,0.11846191584642188,3.0624241475818943
industrial_10M,pv_scaled_1_100,0.0229986,0.11986848725740624,3.0624241475818943
industrial_10M,pv_scaled_1_100,0.0234672,0.12130353921296312,3.0624241475818943
industrial_10M,pv_scaled_1_100,0.0239455,0.12276829668275153,3.0624241475818943
industrial_10M,pv_scaled_1_100,0.0244334,0.12426245342435674,3.0624241475818943
industrial_10M,pv_scaled_1_100,0.0249313,0.12578723440743778,3.0624241475818943
industrial_10M,pv_scaled_1_100,0.0254394,0.12734325211682412,3.0624241475818943
industrial_10M,pv_scaled_1_100,0.0259577,0.12893050655251584,3.0624241475818943
industrial_10M,pv_scaled_1_100,0.0264867,0.13055052892658664,3.0624241475818943
industrial_10M,pv_scaled_1_100,0.0270264,0.1322033192390366,3.0624241475818943
industrial_10M,pv_scaled_1_100,0.0275772,0.1338901024595247,3.0624241475818943
industrial_10M,pv_scaled_1_100,0.0281391,0.13561087858805096,3.0624241475818943
industrial_10M,pv_scaled_1_100,0.0287126,0.1373671788366892,3.0624241475818943
industrial_10M,pv_scaled_1_100,0.0292977,0.13915900320543936,3.0624241475818943
industrial_10M,pv_scaled_1_100,0.0298947,0.14098727042154574,3.0624241475818943
industrial_10M,pv_scaled_1_100,0.0305039,0.14285289921225264,3.0624241475818943
industrial_10M,pv_scaled_1_100,0.0311255,0.14475650206238955,3.0624241475818943
industrial_10M,pv_scaled_1_100,0.0317597,0.146698691456786,3.0624241475818943
industrial_10M,pv_scaled_1_100,0.0324069,0.14823901424241598,2.296818110686421
industrial_10M,pv_scaled_1_100,0.0330673,0.1497558329227133,2.296818110686421
industrial_10M,pv_scaled_1_100,0.0337411,0.1513034289656938,2.296818110686421
industrial_10M,pv_scaled_1_100,0.0344287,0.1528827210986018,2.296818110686421
industrial_10M,pv_scaled_1_100,0.0351303,0.15449416868505939,2.296818110686421
industrial_10M,pv_scaled_1_100,0.0358461,0.1561382310886887,2.296818110686421
industrial_10M,pv_scaled_1_100,0.0365766,0.15781605671854515,2.296818110686421
industrial_10M,pv_scaled_1_100,0.037322,0.15952810493825081,2.296818110686421
industrial_10M,pv_scaled_1_100,0.0380825,0.16127483511142784,2.296818110686421
industrial_10M,pv_scaled_1_100,0.0388585,0.1630571659653205,2.296818110686421
industrial_10M,pv_scaled_1_100,0.0396504,0.16487601622717307,2.296818110686421
industrial_10M,pv_scaled_1_100,0.0404584,0.1667318452606077,2.296818110686421
industrial_10M,pv_scaled_1_100,0.0412828,0.1686253421110576,2.296818110686421
industrial_10M,pv_scaled_1_100,0.0421241,0.17055765518757807,2.296818110686421
industrial_10M,pv_scaled_1_100,0.0429824,0.17252901417198022,2.296818110686421
industrial_10M,pv_scaled_1_100,0.0438583,0.17454079715513046,2.296818110686421
industrial_10M,pv_scaled_1_100,0.0447521,0.17659369318246199,2.296818110686421
industrial_10M,pv_scaled_1_100,0.045664,0.17868816161759693,2.296818110686421
industrial_10M,pv_scaled_1_100,0.0465945,0.18082535086959065,2.296818110686421
industrial_10M,pv_scaled_1_100,0.047544,0.1830061796656874,2.296818110686421
industrial_10M,pv_scaled_1_100,0.0485129,0.1852315667331315,2.296818110686421
industrial_10M,pv_scaled_1_100,0.0495014,0.187501971435545,2.296818110686421
industrial_10M,pv_scaled_1_100,0.0505102,0.18981900154560546,2.296818110686421
industrial_10M,pv_scaled_1_100,0.0515394,0.19218288674512393,2.296818110686421
industrial_10M,pv_scaled_1_100,0.0525897,0.19459523480677787,2.296818110686421
industrial_10M,pv_scaled_1_100,0.0536614,0.19705673477600053,2.296818110686421
industrial_10M,pv_scaled_1_100,0.0547549,0.19956830538003612,2.296818110686421
industrial_10M,pv_scaled_1_100,0.0558706,0.20213086534612895,2.296818110686421
industrial_10M,pv_scaled_1_100,0.0570091,0.20474579276514546,2.296818110686421
industrial_10M,pv_scaled_1_100,0.0581709,0.20741423604614093,2.296818110686421
industrial_10M,pv_scaled_1_100,0.0593563,0.21013688423454863,2.296818110686421
industrial_10M,pv_scaled_1_100,0.0605658,0.21291488573942385,2.296818110686421
industrial_10M,pv_scaled_1_100,0.0618,0.21505506085496146,1.5312120737909471
industrial_10M,pv_scaled_1_100,0.0630593,0.21698331621948638,1.5312120737909471
industrial_10M,pv_scaled_1_100,0.0643443,0.21895092373430775,1.5312120737909471
industrial_10M,pv_scaled_1_100,0.0656555,0.22095864900546244,1.5312120737909471
industrial_10M,pv_scaled_1_100,0.0669934,0.22300725763898735,1.5312120737909471
industrial_10M,pv_scaled_1_100,0.0683586,0.22509766836212675,1.5312120737909471
industrial_10M,pv_scaled_1_100,0.0697516,0.22723064678091753,1.5312120737909471
industrial_10M,pv_scaled_1_100,0.071173,0.229407111622604,1.5312120737909471
industrial_10M,pv_scaled_1_100,0.0726233,0.231627828493223,1.5312120737909471
industrial_10M,pv_scaled_1_100,0.0741032,0.23389386924122624,1.5312120737909471
industrial_10M,pv_scaled_1_100,0.0756133,0.23620615259385794,1.5312120737909471
industrial_10M,pv_scaled_1_100,0.0771541,0.23856544415715503,1.5312120737909471
industrial_10M,pv_scaled_1_100,0.0787263,0.24097281577956917,1.5312120737909471
industrial_10M,pv_scaled_1_100,0.0803306,0.243429339309552,1.5312120737909471
industrial_10M,pv_scaled_1_100,0.0819675,0.24593578035314037,1.5312120737909471
industrial_10M,pv_scaled_1_100,0.0836378,0.2484933638799934,1.5312120737909471
industrial_10M,pv_scaled_1_100,0.0853422,0.2511031617385627,1.5312120737909471
industrial_10M,pv_scaled_1_100,0.0870813,0.2537660926560925,1.5312120737909471
industrial_10M,pv_scaled_1_100,0.0888558,0.25648322848103455,1.5312120737909471
industrial_10M,pv_scaled_1_100,0.0906664,0.25925564106184046,1.5312120737909471
industrial_10M,pv_scaled_1_100,0.092514,0.2620847084893766,1.5312120737909471
industrial_10M,pv_scaled_1_100,0.0943992,0.2649713494908873,1.5312120737909471
industrial_10M,pv_scaled_1_100,0.0963229,0.26791694215723894,1.5312120737909471
industrial_10M,pv_scaled_1_100,0.0982857,0.2709224052156758,1.5312120737909471
industrial_10M,pv_scaled_1_100,0.1002885,0.27398911675706433,1.5312120737909471
industrial_10M,pv_scaled_1_100,0.1023322,0.2771184548722709,1.5312120737909471
industrial_10M,pv_scaled_1_100,0.1044175,0.28031149140974715,1.5312120737909471
industrial_10M,pv_scaled_1_100,0.1065453,0.2835696044603595,1.5312120737909471
industrial_10M,pv_scaled_1_100,0.1087164,0.28689401899376704,1.5312120737909471
industrial_10M,pv_scaled_1_100,0.1109318,0.2902862662220435,1.5312120737909471
industrial_10M,pv_scaled_1_100,0.1131924,0.29374772423605533,1.5312120737909471
industrial_10M,pv_scaled_1_100,0.1154989,0.29727946488425416,1.5312120737909471
industrial_10M,pv_scaled_1_100,0.1178526,0.3008834787423359,1.5312120737909471
industrial_10M,pv_scaled_1_100,0.1202541,0.30456068453754487,1.5312120737909471
industrial_10M,pv_scaled_1_100,0.1227046,0.3083129197243696,1.5312120737909471
industrial_10M,pv_scaled_1_100,0.1252051,0.31214171551488384,1.5312120737909471
industrial_10M,pv_scaled_1_100,0.1277564,0.3160482968787467,1.5312120737909471
industrial_10M,pv_scaled_1_100,0.1303598,0.320034654391654,1.5312120737909471
industrial_10M,pv_scaled_1_100,0.1330163,0.3241023192656797,1.5312120737909471
industrial_10M,pv_scaled_1_100,0.1357268,0.32825266959169,1.5312120737909471
industrial_10M,pv_scaled_1_100,0.1384926,0.3324876959453811,1.5312120737909471
industrial_10M,pv_scaled_1_100,0.1413148,0.33680908266003384,1.5312120737909471
industrial_10M,pv_scaled_1_100,0.1441944,0.3412183609477223,1.5312120737909471
industrial_10M,pv_scaled_1_100,0.1471328,0.34571767450534957,1.5312120737909471
industrial_10M,pv_scaled_1_100,0.150131,0.3493351630296807,0.7656060368954736
industrial_10M,pv_scaled_1_100,0.1531903,0.35167738157835504,0.7656060368954736
industrial_10M,pv_scaled_1_100,0.156312,0.3540673739437316,0.7656060368954736
industrial_10M,pv_scaled_1_100,0.1594973,0.3565060588530548,0.7656060368954736
industrial_10M,pv_scaled_1_100,0.1627475,0.35899443159417244,0.7656060368954736
industrial_10M,pv_scaled_1_100,0.1660639,0.3615334874549326,0.7656060368954736
industrial_10M,pv_scaled_1_100,0.1694479,0.3641242982837869,0.7656060368954736
industrial_10M,pv_scaled_1_100,0.1729008,0.36676785936858325,0.7656060368954736
industrial_10M,pv_scaled_1_100,0.1764242,0.3694653956789808,0.7656060368954736
industrial_10M,pv_scaled_1_100,0.1800193,0.3722178259422237,0.7656060368954736
industrial_10M,pv_scaled_1_100,0.1836877,0.37502637512797105,0.7656060368954736
industrial_10M,pv_scaled_1_100,0.1874308,0.3778921150846745,0.7656060368954736
industrial_10M,pv_scaled_1_100,0.1912502,0.3808162707819931,0.7656060368954736
industrial_10M,pv_scaled_1_100,0.1951474,0.3837999906289821,0.7656060368954736
industrial_10M,pv_scaled_1_100,0.1991241,0.38684457615590434,0.7656060368954736
industrial_10M,pv_scaled_1_100,0.2031818,0.3899511757718151,0.7656060368954736
industrial_10M,pv_scaled_1_100,0.2073221,0.39312101444637343,0.7656060368954736
industrial_10M,pv_scaled_1_100,0.2115469,0.39635554683104945,0.7656060368954736
industrial_10M,pv_scaled_1_100,0.2158577,0.3996559213348984,0.7656060368954736
industrial_10M,pv_scaled_1_100,0.2202564,0.4030235926093906,0.7656060368954736
industrial_10M,pv_scaled_1_100,0.2247447,0.4064598621847885,0.7656060368954736
industrial_10M,pv_scaled_1_100,0.2293245,0.4099661847125624,0.7656060368954736
industrial_10M,pv_scaled_1_100,0.2339976,0.41354393828357866,0.7656060368954736
industrial_10M,pv_scaled_1_100,0.2387659,0.41719457754930733,0.7656060368954736
industrial_10M,pv_scaled_1_100,0.2436314,0.42091963372182223,0.7656060368954736
industrial_10M,pv_scaled_1_100,0.2485961,0.4247206380131972,0.7656060368954736
industrial_10M,pv_scaled_1_100,0.2536619,0.4285990450749023,0.7656060368954736
industrial_10M,pv_scaled_1_100,0.2588309,0.432556462679615,0.7656060368954736
industrial_10M,pv_scaled_1_100,0.2641053,0.4365945751606165,0.7656060368954736
industrial_10M,pv_scaled_1_100,0.2694872,0.44071499029058425,0.7656060368954736
industrial_10M,pv_scaled_1_100,0.2749787,0.44491931584219574,0.7656060368954736
industrial_10M,pv_scaled_1_100,0.2805821,0.44920931270933584,0.7656060368954736
industrial_10M,pv_scaled_1_100,0.2862997,0.45358674178588937,0.7656060368954736
industrial_10M,pv_scaled_1_100,0.2921339,0.45805344052634495,0.7656060368954736
industrial_10M,pv_scaled_1_100,0.2980869,0.4626110932639837,0.7656060368954736
industrial_10M,pv_scaled_1_100,0.3041612,0.4672616140138979,0.7656060368954736
industrial_10M,pv_scaled_1_100,0.3103593,0.47200691679117973,0.7656060368954736
industrial_10M,pv_scaled_1_100,0.3166837,0.47684891561092146,0.7656060368954736
industrial_10M,pv_scaled_1_100,0.323137,0.481789601048819,0.7656060368954736
industrial_10M,pv_scaled_1_100,0.3297218,0.48683096368056833,0.7656060368954736
industrial_10M,pv_scaled_1_100,0.3364407,0.49197499408186535,0.7656060368954736
industrial_10M,pv_scaled_1_100,0.3432966,0.497223912510217,0.7656060368954736
industrial_10M,pv_scaled_1_100,0.3502922,0.502579786101923,0.7656060368954736
industrial_10M,pv_scaled_1_100,0.3574304,0.5080448351144903,0.7656060368954736
industrial_10M,pv_scaled_1_100,0.364714,0.5136212032448221,0.7656060368954736
industrial_10M,pv_scaled_1_100,0.372146,0.5193111873110293,0.7656060368954736
industrial_10M,pv_scaled_1_100,0.3797295,0.5251171606918261,0.7656060368954736
industrial_10M,pv_scaled_1_100,0.3874675,0.5310414202053233,0.7656060368954736
industrial_10M,pv_scaled_1_100,0.3953632,0.5370864157908389,0.7656060368954736
industrial_10M,pv_scaled_1_100,0.4034197,0.5432545208270873,0.7656060368954736
industrial_10M,pv_scaled_1_100,0.4116405,0.5495484149351976,0.7656060368954736
industrial_10M,pv_scaled_1_100,0.4200288,0.5559705480544879,0.7656060368954736
industrial_10M,pv_scaled_1_100,0.428588,0.5625235232454836,0.7656060368954736
industrial_10M,pv_scaled_1_100,0.4373216,0.5692100201293139,0.7656060368954736
industrial_10M,pv_scaled_1_100,0.4462332,0.5760327948877116,0.7656060368954736
industrial_10M,pv_scaled_1_100,0.4553264,0.5829946037024095,0.7656060368954736
industrial_10M,pv_scaled_1_100,0.4646049,0.5900982793157442,0.7656060368954736
industrial_10M,pv_scaled_1_100,0.4740725,0.5973467310306558,0.7656060368954736
industrial_10M,pv_scaled_1_100,0.483733,0.6047428681500845,0.7656060368954736
industrial_10M,pv_scaled_1_100,0.4935904,0.6122897530981779,0.7656060368954736
industrial_10M,pv_scaled_1_100,0.5036486,0.61999037173848,0.7656060368954736
industrial_10M,pv_scaled_1_100,0.5139118,0.6278479396163457,0.7656060368954736
industrial_10M,pv_scaled_1_100,0.5243841,0.6358655957165261,0.7656060368954736
industrial_10M,pv_scaled_1_100,0.5350698,0.64404663214498,0.7656060368954736
industrial_10M,pv_scaled_1_100,0.5459733,0.6523944175682699,0.7656060368954736
industrial_10M,pv_scaled_1_100,0.557099,0.6609123206529578,0.7656060368954736
industrial_10M,pv_scaled_1_100,0.5684514,0.66960378662621,0.7656060368954736
industrial_10M,pv_scaled_1_100,0.5800351,0.6784723372757961,0.7656060368954736
industrial_10M,pv_scaled_1_100,0.5918549,0.6875216475106932,0.7656060368954736
industrial_10M,pv_scaled_1_100,0.6039155,0.6967553156792747,0.7656060368954736
industrial_10M,pv_scaled_1_100,0.6162219,0.7061771698117252,0.7656060368954736
industrial_10M,pv_scaled_1_100,0.6287791,0.7157910379382291,0.7656060368954736
industrial_10M,pv_scaled_1_100,0.6415921,0.7256007480889708,0.7656060368954736
industrial_10M,pv_scaled_1_100,0.6546663,0.7356104345365496,0.7656060368954736
industrial_10M,pv_scaled_1_100,0.6680069,0.7458240784323573,0.7656060368954736
industrial_10M,pv_scaled_1_100,0.6816193,0.7562458140489933,0.7656060368954736
industrial_10M,pv_scaled_1_100,0.6955091,0.766879928780264,0.7656060368954736
industrial_10M,pv_scaled_1_100,0.709682,0.7777307865805799,0.7656060368954736
industrial_10M,pv_scaled_1_100,0.7241437,0.7888027514043512,0.7656060368954736
industrial_10M,pv_scaled_1_100,0.7389001,0.8001003403271956,0.7656060368954736
industrial_10M,pv_scaled_1_100,0.7539571,0.8116280704247306,0.7656060368954736
industrial_10M,pv_scaled_1_100,0.769321,0.8233907650149891,0.7656060368954736
industrial_10M,pv_scaled_1_100,0.784998,0.8353931708553993,0.7656060368954736
industrial_10M,pv_scaled_1_100,0.8009945,0.8476401878245978,0.7656060368954736
industrial_10M,pv_scaled_1_100,0.8173169,0.8601367158012205,0.7656060368954736
industrial_10M,pv_scaled_1_100,0.8339719,0.8728878843457146,0.7656060368954736
industrial_10M,pv_scaled_1_100,0.8509663,0.885898899579131,0.7656060368954736
industrial_10M,pv_scaled_1_100,0.868307,0.8991750441831244,0.7656060368954736
industrial_10M,pv_scaled_1_100,0.8860011,0.9127217539605565,0.7656060368954736
industrial_10M,pv_scaled_1_100,0.9040558,0.9265445412748933,0.7656060368954736
industrial_10M,pv_scaled_1_100,0.9224783,0.9406489184896002,0.7656060368954736
industrial_10M,pv_scaled_1_100,0.9412763,0.9550407807711613,0.7656060368954736
industrial_10M,pv_scaled_1_100,0.9604573,0.9697258701648533,0.7656060368954736
industrial_10M,pv_scaled_1_100,0.9800292,0.9847102349583678,0.7656060368954736
industrial_10M,pv_scaled_1_100,1.0,1.0,0.7656060368954736
