case,activity_id,kind,name,start_ns,end_ns,device,stream,process,correlation,bytes,graph_id,graph_node_id,copy_kind,api_id,api_start_ns,api_end_ns,api_name,scope_id,scope_kind,forward_id,phase,layer,stage,direction,scope_case,lane,category,io_evidence,potential_io,measured_io_bytes,classification_note,selected_phase,clipped_start_ns,clipped_end_ns,clipped_duration_ns
hbm,13268,kernel,"void flashinfer::norm::RMSNormKernel<(unsigned int)8, __nv_bfloat16>(T2 *, T2 *, T2 *, unsigned int, unsigned int, unsigned int, float, float)",1211085563,1211095451,0,7,291407625453568,226621,,,,,24483,1211077457,1211083916,cudaLaunchKernelExC_v11060,2966,stage,63,prefill,0,projection,,hbm,Compute,Projection / RoPE,,False,,,prefill,1211085563,1211095451,9888
hbm,13269,kernel,"void per_token_group_quant_8bit_kernel<__nv_bfloat16, __nv_fp8_e4m3, (bool)1, (bool)0, float>(const T1 *, void *, T5 *, int, int, int, float, float, float, int, int)",1211189210,1211197946,0,7,291407625453568,226642,,,,,24484,1211181978,1211187807,cudaLaunchKernel_v7000,2967,stage,63,prefill,0,projection,,hbm,Compute,Projection / RoPE,,False,,,prefill,1211189210,1211197946,8736
hbm,13270,kernel,"void deep_gemm::sm90_fp8_gemm_1d2d_impl<(unsigned int)0, (unsigned int)2112, (unsigned int)7168, (unsigned int)1, (unsigned int)256, (unsigned int)64, (unsigned int)128, (unsigned int)128, (unsigned int)4, (unsigned int)0, (unsigned int)128, (unsigned int)256, (unsigned int)2, (bool)1, (unsigned int)132, (deep_gemm::GemmType)0, deep_gemm::EpilogueIdentity>(float *, int *, unsigned int, unsigned int, unsigned int, CUtensorMap_st, CUtensorMap_st, CUtensorMap_st, CUtensorMap_st)",1211263098,1211291802,0,7,291407625453568,226656,,,,,10592,1211255581,1211262092,cuLaunchKernelEx,2967,stage,63,prefill,0,projection,,hbm,Compute,Projection / RoPE,,False,,,prefill,1211263098,1211291802,28704
hbm,13271,kernel,"void flashinfer::norm::RMSNormKernel<(unsigned int)8, __nv_bfloat16>(T2 *, T2 *, T2 *, unsigned int, unsigned int, unsigned int, float, float)",1211318298,1211321562,0,7,291407625453568,226670,,,,,24485,1211310899,1211316077,cudaLaunchKernelExC_v11060,2967,stage,63,prefill,0,projection,,hbm,Compute,Projection / RoPE,,False,,,prefill,1211318298,1211321562,3264
hbm,13272,kernel,"void flashinfer::norm::RMSNormKernel<(unsigned int)8, __nv_bfloat16>(T2 *, T2 *, T2 *, unsigned int, unsigned int, unsigned int, float, float)",1211337434,1211340506,0,7,291407625453568,226683,,,,,24486,1211331533,1211335487,cudaLaunchKernelExC_v11060,2967,stage,63,prefill,0,projection,,hbm,Compute,Projection / RoPE,,False,,,prefill,1211337434,1211340506,3072
hbm,13273,kernel,"void per_token_group_quant_8bit_kernel<__nv_bfloat16, __nv_fp8_e4m3, (bool)1, (bool)0, float>(const T1 *, void *, T5 *, int, int, int, float, float, float, int, int)",1211390266,1211393402,0,7,291407625453568,226704,,,,,24487,1211383983,1211388716,cudaLaunchKernel_v7000,2967,stage,63,prefill,0,projection,,hbm,Compute,Projection / RoPE,,False,,,prefill,1211390266,1211393402,3136
hbm,13274,kernel,"void deep_gemm::sm90_fp8_gemm_1d2d_impl<(unsigned int)0, (unsigned int)24576, (unsigned int)1536, (unsigned int)1, (unsigned int)256, (unsigned int)128, (unsigned int)128, (unsigned int)128, (unsigned int)3, (unsigned int)0, (unsigned int)128, (unsigned int)256, (unsigned int)2, (bool)1, (unsigned int)128, (deep_gemm::GemmType)0, deep_gemm::EpilogueIdentity>(float *, int *, unsigned int, unsigned int, unsigned int, CUtensorMap_st, CUtensorMap_st, CUtensorMap_st, CUtensorMap_st)",1211438650,1211506042,0,7,291407625453568,226718,,,,,10597,1211432363,1211437300,cuLaunchKernelEx,2967,stage,63,prefill,0,projection,,hbm,Compute,Projection / RoPE,,False,,,prefill,1211438650,1211506042,67392
hbm,13275,kernel,nvjet_tst_256x128_64x4_1x2_h_bz_coopA_TNT,1211524154,1211576826,0,7,291407625453568,226736,,,,,10600,1211516721,1211522311,cuLaunchKernelEx,2967,stage,63,prefill,0,projection,,hbm,Compute,Projection / RoPE,,False,,,prefill,1211524154,1211576826,52672
hbm,13276,kernel,"void flashinfer::BatchQKApplyRotaryPosIdsCosSinCacheHeadParallelismKernel<(bool)1, (unsigned int)64, (unsigned int)8, (unsigned int)8, __nv_bfloat16, long>(T5 *, T5 *, T5 *, T5 *, float *, T6 *, unsigned int, unsigned int, unsigned int, unsigned int, unsigned long, unsigned long, unsigned long, unsigned long, unsigned long, unsigned long, unsigned long, unsigned long)",1211581370,1211593562,0,7,291407625453568,226744,,,,,24489,1211574083,1211579296,cudaLaunchKernel_v7000,2967,stage,63,prefill,0,projection,,hbm,Compute,Projection / RoPE,,False,,,prefill,1211581370,1211593562,12192
hbm,13277,kernel,"void per_token_group_quant_8bit_kernel<__nv_bfloat16, __nv_fp8_e4m3, (bool)1, (bool)0, float>(const T1 *, void *, T5 *, int, int, int, float, float, float, int, int)",1211660058,1211663674,0,7,291407625453568,226763,,,,,24490,1211653144,1211658212,cudaLaunchKernel_v7000,2968,stage,63,prefill,0,indexer,,hbm,Compute,Indexer / top-k,,False,,,prefill,1211660058,1211663674,3616
hbm,13278,kernel,"void deep_gemm::sm90_fp8_gemm_1d2d_impl<(unsigned int)0, (unsigned int)8192, (unsigned int)1536, (unsigned int)1, (unsigned int)256, (unsigned int)128, (unsigned int)128, (unsigned int)128, (unsigned int)3, (unsigned int)0, (unsigned int)128, (unsigned int)256, (unsigned int)2, (bool)1, (unsigned int)128, (deep_gemm::GemmType)0, deep_gemm::EpilogueIdentity>(float *, int *, unsigned int, unsigned int, unsigned int, CUtensorMap_st, CUtensorMap_st, CUtensorMap_st, CUtensorMap_st)",1211708378,1211733114,0,7,291407625453568,226777,,,,,10605,1211701814,1211706584,cuLaunchKernelEx,2968,stage,63,prefill,0,indexer,,hbm,Compute,Indexer / top-k,,False,,,prefill,1211708378,1211733114,24736
hbm,13279,kernel,"void per_token_group_quant_8bit_kernel<__nv_bfloat16, __nv_fp8_e4m3, (bool)1, (bool)0, float>(const T1 *, void *, T5 *, int, int, int, float, float, float, int, int)",1211783034,1211793338,0,7,291407625453568,226796,,,,,24491,1211776239,1211781048,cudaLaunchKernel_v7000,2968,stage,63,prefill,0,indexer,,hbm,Compute,Indexer / top-k,,False,,,prefill,1211783034,1211793338,10304
hbm,13280,kernel,"void deep_gemm::sm90_fp8_gemm_1d2d_impl<(unsigned int)0, (unsigned int)128, (unsigned int)7168, (unsigned int)1, (unsigned int)64, (unsigned int)16, (unsigned int)128, (unsigned int)32, (unsigned int)12, (unsigned int)8, (unsigned int)128, (unsigned int)128, (unsigned int)2, (bool)1, (unsigned int)128, (deep_gemm::GemmType)0, deep_gemm::EpilogueIdentity>(float *, int *, unsigned int, unsigned int, unsigned int, CUtensorMap_st, CUtensorMap_st, CUtensorMap_st, CUtensorMap_st)",1211826618,1211836602,0,7,291407625453568,226810,,,,,10610,1211820408,1211824702,cuLaunchKernelEx,2968,stage,63,prefill,0,indexer,,hbm,Compute,Indexer / top-k,,False,,,prefill,1211826618,1211836602,9984
hbm,13281,kernel,"void at::native::unrolled_elementwise_kernel<at::native::direct_copy_kernel_cuda(at::TensorIteratorBase &)::[lambda() (instance 3)]::operator ()() const::[lambda() (instance 7)]::operator ()() const::[lambda(float) (instance 1)], std::array<char *, (unsigned long)2>, (int)4, TrivialOffsetCalculator<(int)1, unsigned int>, TrivialOffsetCalculator<(int)1, unsigned int>, at::native::memory::LoadWithCast<(int)1>, at::native::memory::StoreWithCast<(int)1>>(int, T1, T2, T4, T5, T6, T7)",1211857498,1211860442,0,7,291407625453568,226820,,,,,24492,1211850999,1211855742,cudaLaunchKernel_v7000,2968,stage,63,prefill,0,indexer,,hbm,Compute,Indexer / top-k,,False,,,prefill,1211857498,1211860442,2944
hbm,13282,kernel,"void at::native::<unnamed>::vectorized_layer_norm_kernel<float, float>(int, T2, const T1 *, const T1 *, const T1 *, T2 *, T2 *, T1 *)",1211885337,1211888985,0,7,291407625453568,226850,,,,,24493,1211879079,1211883327,cudaLaunchKernel_v7000,2968,stage,63,prefill,0,indexer,,hbm,Compute,Indexer / top-k,,False,,,prefill,1211885337,1211888985,3648
hbm,13283,kernel,"void at::native::vectorized_elementwise_kernel<(int)8, at::native::bfloat16_copy_kernel_cuda(at::TensorIteratorBase &)::[lambda(float) (instance 1)], std::array<char *, (unsigned long)2>>(int, T2, T3)",1211902489,1211903705,0,7,291407625453568,226863,,,,,24494,1211896817,1211900538,cudaLaunchKernel_v7000,2968,stage,63,prefill,0,indexer,,hbm,Compute,Indexer / top-k,,False,,,prefill,1211902489,1211903705,1216
hbm,13284,kernel,"void flashinfer::BatchQKApplyRotaryPosIdsCosSinCacheHeadParallelismKernel<(bool)0, (unsigned int)64, (unsigned int)8, (unsigned int)8, __nv_bfloat16, long>(T5 *, T5 *, T5 *, T5 *, float *, T6 *, unsigned int, unsigned int, unsigned int, unsigned int, unsigned long, unsigned long, unsigned long, unsigned long, unsigned long, unsigned long, unsigned long, unsigned long)",1211954489,1211961241,0,7,291407625453568,226873,,,,,24495,1211948242,1211952831,cudaLaunchKernel_v7000,2968,stage,63,prefill,0,indexer,,hbm,Compute,Indexer / top-k,,False,,,prefill,1211954489,1211961241,6752
hbm,13285,kernel,"void fast_hadamard_transform_kernel<fast_hadamard_transform_kernel_traits<(int)16, (int)7, c10::BFloat16>>(HadamardParamsBase)",1212004633,1212045433,0,7,291407625453568,226889,,,,,24496,1211998304,1212002715,cudaLaunchKernel_v7000,2968,stage,63,prefill,0,indexer,,hbm,Compute,Indexer / top-k,,False,,,prefill,1212004633,1212045433,40800
hbm,13286,kernel,"void fast_hadamard_transform_kernel<fast_hadamard_transform_kernel_traits<(int)16, (int)7, c10::BFloat16>>(HadamardParamsBase)",1212046425,1212048217,0,7,291407625453568,226902,,,,,24497,1212026585,1212030950,cudaLaunchKernel_v7000,2968,stage,63,prefill,0,indexer,,hbm,Compute,Indexer / top-k,,False,,,prefill,1212046425,1212048217,1792
hbm,13287,kernel,_act_quant_kernel,1212118521,1212124537,0,7,291407625453568,226925,,,,,10611,1212111819,1212116858,cuLaunchKernelEx,2968,stage,63,prefill,0,indexer,,hbm,Compute,Indexer / top-k,,False,,,prefill,1212118521,1212124537,6016
hbm,13288,kernel,_act_quant_kernel,1212167193,1212168953,0,7,291407625453568,226945,,,,,10612,1212161301,1212165094,cuLaunchKernelEx,2968,stage,63,prefill,0,indexer,,hbm,Compute,Indexer / top-k,,False,,,prefill,1212167193,1212168953,1760
hbm,13289,kernel,_set_k_and_s_triton_kernel,1212233561,1212235353,0,7,291407625453568,226953,,,,,10613,1212227278,1212231996,cuLaunchKernelEx,2969,stage,63,prefill,0,cache_write,,hbm,GPU control,GPU control,,False,,,prefill,1212233561,1212235353,1792
hbm,13290,kernel,triton_poi_fused__to_copy_0,1212359769,1212371833,0,7,291407625453568,226963,,,,,10614,1212353104,1212358528,cuLaunchKernel,2968,stage,63,prefill,0,indexer,,hbm,Compute,Indexer / top-k,,False,,,prefill,1212359769,1212371833,12064
hbm,13291,kernel,sm80_xmma_gemm_f32f32_f32f32_f32_tn_n_tilesize128x64x8_stage3_warpsize2x2x1_ffma_aligna4_alignc4_execute_kernel__5x_cublas,1212412889,1212445561,0,7,291407625453568,226974,,,,,24498,1212405573,1212410904,cudaLaunchKernelExC_v11060,2968,stage,63,prefill,0,indexer,,hbm,Compute,Indexer / top-k,,False,,,prefill,1212412889,1212445561,32672
hbm,13292,kernel,sm80_xmma_gemm_f32f32_f32f32_f32_tn_n_tilesize128x64x8_stage3_warpsize2x2x1_ffma_aligna4_alignc4_execute_split_k_kernel__5x_cublas,1212447225,1212453721,0,7,291407625453568,226976,,,,,24499,1212412015,1212415767,cudaLaunchKernelExC_v11060,2968,stage,63,prefill,0,indexer,,hbm,Compute,Indexer / top-k,,False,,,prefill,1212447225,1212453721,6496
hbm,13293,kernel,triton_poi_fused_mul_1,1212454841,1212456537,0,7,291407625453568,226983,,,,,10615,1212435727,1212439609,cuLaunchKernel,2968,stage,63,prefill,0,indexer,,hbm,Compute,Indexer / top-k,,False,,,prefill,1212454841,1212456537,1696
hbm,13294,kernel,"void at::native::vectorized_elementwise_kernel<(int)4, at::native::AUnaryFunctor<int, int, int, at::native::binary_internal::MulFunctor<int>>, std::array<char *, (unsigned long)2>>(int, T2, T3)",1212531513,1212532793,0,7,291407625453568,226994,,,,,24500,1212524167,1212529572,cudaLaunchKernel_v7000,2970,stage,63,prefill,0,indexer_control,,hbm,GPU control,GPU control,,False,,,prefill,1212531513,1212532793,1280
hbm,13295,kernel,"void <unnamed>::elementwise_kernel_with_index<int, at::native::arange_cuda_out(const c10::Scalar &, const c10::Scalar &, const c10::Scalar &, at::Tensor &)::[lambda() (instance 1)]::operator ()() const::[lambda() (instance 3)]::operator ()() const::[lambda(long) (instance 1)]>(T1, T2, function_traits<T2>::result_type *)",1212561849,1212562649,0,7,291407625453568,227014,,,,,24501,1212555691,1212560083,cudaLaunchKernel_v7000,2970,stage,63,prefill,0,indexer_control,,hbm,GPU control,GPU control,,False,,,prefill,1212561849,1212562649,800
hbm,13296,kernel,"void at::native::elementwise_kernel<(int)128, (int)2, void at::native::gpu_kernel_impl_nocast<at::native::CUDAFunctor_add<int>>(at::TensorIteratorBase &, const T1 &)::[lambda(int) (instance 1)]>(int, T3)",1212582617,1212604152,0,7,291407625453568,227027,,,,,24502,1212576763,1212580591,cudaLaunchKernel_v7000,2970,stage,63,prefill,0,indexer_control,,hbm,GPU control,GPU control,,False,,,prefill,1212582617,1212604152,21535
hbm,13297,kernel,"void at::native::unrolled_elementwise_kernel<at::native::direct_copy_kernel_cuda(at::TensorIteratorBase &)::[lambda() (instance 3)]::operator ()() const::[lambda() (instance 4)]::operator ()() const::[lambda(long) (instance 1)], std::array<char *, (unsigned long)2>, (int)4, TrivialOffsetCalculator<(int)1, unsigned int>, TrivialOffsetCalculator<(int)1, unsigned int>, at::native::memory::LoadWithCast<(int)1>, at::native::memory::StoreWithCast<(int)1>>(int, T1, T2, T4, T5, T6, T7)",1212619800,1212649464,0,7,291407625453568,227044,,,,,24503,1212613371,1212617786,cudaLaunchKernel_v7000,2970,stage,63,prefill,0,indexer_control,,hbm,GPU control,GPU control,,False,,,prefill,1212619800,1212649464,29664
hbm,13298,kernel,"void at::native::index_elementwise_kernel<(int)128, (int)4, void at::native::gpu_index_kernel<void at::native::index_kernel_impl<at::native::OpaqueType<(int)1>>(at::TensorIteratorBase &, c10::ArrayRef<long>, c10::ArrayRef<long>)::[lambda(char *, const char *, long) (instance 1)]>(at::TensorIteratorBase &, c10::ArrayRef<long>, c10::ArrayRef<long>, const T1 &, bool)::[lambda(int) (instance 1)]>(long, T3)",1212650744,1212703160,0,7,291407625453568,227055,,,,,24504,1212629044,1212633284,cudaLaunchKernel_v7000,2970,stage,63,prefill,0,indexer_control,,hbm,GPU control,GPU control,,False,,,prefill,1212650744,1212703160,52416
hbm,13299,kernel,"void at::native::vectorized_elementwise_kernel<(int)4, at::native::AUnaryFunctor<int, int, int, at::native::binary_internal::MulFunctor<int>>, std::array<char *, (unsigned long)2>>(int, T2, T3)",1212704536,1212705688,0,7,291407625453568,227070,,,,,24505,1212653966,1212657765,cudaLaunchKernel_v7000,2970,stage,63,prefill,0,indexer_control,,hbm,GPU control,GPU control,,False,,,prefill,1212704536,1212705688,1152
hbm,13300,kernel,"void <unnamed>::elementwise_kernel_with_index<int, at::native::arange_cuda_out(const c10::Scalar &, const c10::Scalar &, const c10::Scalar &, at::Tensor &)::[lambda() (instance 1)]::operator ()() const::[lambda() (instance 3)]::operator ()() const::[lambda(long) (instance 1)]>(T1, T2, function_traits<T2>::result_type *)",1212706936,1212707640,0,7,291407625453568,227090,,,,,24506,1212671921,1212675642,cudaLaunchKernel_v7000,2970,stage,63,prefill,0,indexer_control,,hbm,GPU control,GPU control,,False,,,prefill,1212706936,1212707640,704
hbm,13301,kernel,"void at::native::elementwise_kernel<(int)128, (int)2, void at::native::gpu_kernel_impl_nocast<at::native::CUDAFunctor_add<int>>(at::TensorIteratorBase &, const T1 &)::[lambda(int) (instance 1)]>(int, T3)",1212708792,1212711000,0,7,291407625453568,227103,,,,,24507,1212687337,1212690812,cudaLaunchKernel_v7000,2970,stage,63,prefill,0,indexer_control,,hbm,GPU control,GPU control,,False,,,prefill,1212708792,1212711000,2208
hbm,13302,kernel,"void at::native::vectorized_elementwise_kernel<(int)4, at::native::CUDAFunctorOnSelf_add<int>, std::array<char *, (unsigned long)2>>(int, T2, T3)",1212712152,1212713432,0,7,291407625453568,227113,,,,,24508,1212700510,1212704052,cudaLaunchKernel_v7000,2970,stage,63,prefill,0,indexer_control,,hbm,GPU control,GPU control,,False,,,prefill,1212712152,1212713432,1280
hbm,13303,kernel,"void at::native::unrolled_elementwise_kernel<at::native::direct_copy_kernel_cuda(at::TensorIteratorBase &)::[lambda() (instance 3)]::operator ()() const::[lambda() (instance 4)]::operator ()() const::[lambda(long) (instance 1)], std::array<char *, (unsigned long)2>, (int)4, TrivialOffsetCalculator<(int)1, unsigned int>, TrivialOffsetCalculator<(int)1, unsigned int>, at::native::memory::LoadWithCast<(int)1>, at::native::memory::StoreWithCast<(int)1>>(int, T1, T2, T4, T5, T6, T7)",1212727544,1212730264,0,7,291407625453568,227130,,,,,24509,1212722050,1212725621,cudaLaunchKernel_v7000,2970,stage,63,prefill,0,indexer_control,,hbm,GPU control,GPU control,,False,,,prefill,1212727544,1212730264,2720
hbm,13304,kernel,"void at::native::index_elementwise_kernel<(int)128, (int)4, void at::native::gpu_index_kernel<void at::native::index_kernel_impl<at::native::OpaqueType<(int)1>>(at::TensorIteratorBase &, c10::ArrayRef<long>, c10::ArrayRef<long>)::[lambda(char *, const char *, long) (instance 1)]>(at::TensorIteratorBase &, c10::ArrayRef<long>, c10::ArrayRef<long>, const T1 &, bool)::[lambda(int) (instance 1)]>(long, T3)",1212738648,1212743224,0,7,291407625453568,227141,,,,,24510,1212733165,1212736693,cudaLaunchKernel_v7000,2970,stage,63,prefill,0,indexer_control,,hbm,GPU control,GPU control,,False,,,prefill,1212738648,1212743224,4576
hbm,13305,kernel,"void at::native::vectorized_elementwise_kernel<(int)4, at::native::FillFunctor<int>, std::array<char *, (unsigned long)1>>(int, T2, T3)",1212759000,1212759768,0,7,291407625453568,227156,,,,,24511,1212753422,1212757083,cudaLaunchKernel_v7000,2970,stage,63,prefill,0,indexer_control,,hbm,GPU control,GPU control,,False,,,prefill,1212759000,1212759768,768
hbm,13306,kernel,"void at::native::vectorized_elementwise_kernel<(int)4, at::native::CUDAFunctor_add<int>, std::array<char *, (unsigned long)3>>(int, T2, T3)",1212851896,1212853208,0,7,291407625453568,227202,,,,,24515,1212845915,1212849836,cudaLaunchKernel_v7000,2970,stage,63,prefill,0,indexer_control,,hbm,GPU control,GPU control,,False,,,prefill,1212851896,1212853208,1312
hbm,13307,kernel,"void deep_gemm::sm90_fp8_mqa_logits<(unsigned int)64, (unsigned int)128, (unsigned int)2, (unsigned int)256, (unsigned int)3, (unsigned int)3, (unsigned int)128, (unsigned int)512>(unsigned int, unsigned int, unsigned long, unsigned int *, unsigned int *, float *, CUtensorMap_st, CUtensorMap_st, CUtensorMap_st, CUtensorMap_st)",1212904728,1213837783,0,7,291407625453568,227222,,,,,10620,1212898398,1212902763,cuLaunchKernelEx,2971,stage,63,prefill,0,indexer,,hbm,Compute,Indexer / top-k,,False,,,prefill,1212904728,1213837783,933055
hbm,13308,kernel,"<unnamed>::topk_transform_prefill_kernel(<unnamed>::FastTopKParams, int *, const int *, long, float *, const int *, long)",1213839159,1214136118,0,7,291407625453568,227231,,,,,24516,1212942270,1212946866,cudaLaunchKernel_v7000,2972,stage,63,prefill,0,topk,,hbm,Compute,Indexer / top-k,,False,,,prefill,1213839159,1214136118,296959
hbm,13309,kernel,"void <unnamed>::elementwise_kernel_with_index<int, at::native::arange_cuda_out(const c10::Scalar &, const c10::Scalar &, const c10::Scalar &, at::Tensor &)::[lambda() (instance 1)]::operator ()() const::[lambda() (instance 3)]::operator ()() const::[lambda(long) (instance 1)]>(T1, T2, function_traits<T2>::result_type *)",1214137302,1214138198,0,7,291407625453568,227246,,,,,24517,1212959270,1212962890,cudaLaunchKernel_v7000,2972,stage,63,prefill,0,topk,,hbm,GPU control,GPU control,,False,,,prefill,1214137302,1214138198,896
hbm,13310,kernel,"void at::native::elementwise_kernel<(int)128, (int)4, void at::native::gpu_kernel_impl_nocast<at::native::<unnamed>::CompareFunctor<int>>(at::TensorIteratorBase &, const T1 &)::[lambda(int) (instance 1)]>(int, T3)",1214139222,1214141430,0,7,291407625453568,227256,,,,,24518,1212973164,1212976942,cudaLaunchKernel_v7000,2972,stage,63,prefill,0,topk,,hbm,Compute,Indexer / top-k,,False,,,prefill,1214139222,1214141430,2208
hbm,13311,kernel,"void at::native::elementwise_kernel<(int)128, (int)2, void at::native::gpu_kernel_impl_nocast<at::native::<unnamed>::masked_fill_kernel(at::TensorIterator &, const c10::Scalar &)::[lambda() (instance 1)]::operator ()() const::[lambda() (instance 3)]::operator ()() const::[lambda(int, bool) (instance 1)]>(at::TensorIteratorBase &, const T1 &)::[lambda(int) (instance 1)]>(int, T3)",1214142486,1214149526,0,7,291407625453568,227262,,,,,24519,1212990139,1212994022,cudaLaunchKernel_v7000,2972,stage,63,prefill,0,topk,,hbm,Compute,Indexer / top-k,,False,,,prefill,1214142486,1214149526,7040
hbm,13312,kernel,set_mla_kv_buffer_kernel,1214150646,1214155030,0,7,291407625453568,227272,,,,,10621,1213126652,1213131759,cuLaunchKernelEx,2975,stage,63,prefill,0,cache_write,,hbm,GPU control,GPU control,,False,,,prefill,1214150646,1214155030,4384
hbm,13313,kernel,"void at::native::<unnamed>::CatArrayBatchedCopy<at::native::<unnamed>::OpaqueType<(unsigned int)2>, unsigned int, (int)3, (int)64, (int)64>(T1 *, at::native::<unnamed>::CatArrInputTensorMetadata<T1, T2, T4, T5>, at::native::<unnamed>::TensorSizeStride<T2, (unsigned int)4>, int, T2)",1214156086,1214474006,0,7,291407625453568,227280,,,,,24520,1213155772,1213160680,cudaLaunchKernel_v7000,2974,stage,63,prefill,0,cache_control,,hbm,GPU control,GPU control,,False,,,prefill,1214156086,1214474006,317920
hbm,13314,kernel,"void sm90::sparse_attn_fwd_kernel<sm90::TmaParams<cute::tuple<int, int, int>, cute::TiledCopy<cute::Copy_Atom<cute::Copy_Traits<cute::SM90_TMA_LOAD, cute::C<(int)65536>, cute::AuxTmaParams<cute::tuple<cute::ScaledBasis<cute::C<(int)1>, (int)1>, cute::ScaledBasis<cute::C<(int)1>, (int)0>, cute::ScaledBasis<cute::C<(int)1>, (int)2>>, const cute::Layout<cute::tuple<cute::C<(int)64>, cute::C<(int)64>, cute::C<(int)1>>, cute::tuple<cute::ScaledBasis<cute::C<(int)1>, (int)1>, cute::ScaledBasis<cute::C<(int)1>, (int)0>, cute::ScaledBasis<cute::C<(int)1>, (int)2>>> &, const cute::Swizzle<(int)3, (int)4, (int)3> &>>, cutlass::bfloat16_t>, cute::Layout<cute::tuple<cute::C<(int)1>, cute::tuple<cute::tuple<cute::tuple<cute::C<(int)64>, cute::C<(int)64>>, cute::C<(int)9>>>>, cute::tuple<cute::C<(int)0>, cute::tuple<cute::tuple<cute::tuple<cute::C<(int)64>, cute::C<(int)1>>, cute::C<(int)4096>>>>>, cute::tuple<cute::C<(int)64>, cute::C<(int)576>>>>>(SparsePrefillParams, T1)",1214475350,1215366133,0,7,291407625453568,227314,,,,,24523,1213197011,1213202594,cudaLaunchKernelExC_v11060,2976,stage,63,prefill,0,attention,,hbm,Compute,Attention,,False,,,prefill,1214475350,1215366133,890783
hbm,13315,kernel,nvjet_tst_128x256_64x4_1x2_h_bz_coopA_TNN,1215370677,1215421109,0,7,291407625453568,227335,,,,,10626,1213278295,1213284689,cuLaunchKernelEx,2973,stage,63,prefill,0,output_mlp,,hbm,Compute,Output / MLP,,False,,,prefill,1215370677,1215421109,50432
hbm,13316,kernel,"void per_token_group_quant_8bit_kernel<__nv_bfloat16, __nv_fp8_e4m3, (bool)1, (bool)0, float>(const T1 *, void *, T5 *, int, int, int, float, float, float, int, int)",1215422229,1215441845,0,7,291407625453568,227356,,,,,24525,1213353616,1213359362,cudaLaunchKernel_v7000,2973,stage,63,prefill,0,output_mlp,,hbm,Compute,Output / MLP,,False,,,prefill,1215422229,1215441845,19616
hbm,13317,kernel,"void deep_gemm::sm90_fp8_gemm_1d2d_impl<(unsigned int)0, (unsigned int)7168, (unsigned int)16384, (unsigned int)1, (unsigned int)256, (unsigned int)112, (unsigned int)128, (unsigned int)32, (unsigned int)3, (unsigned int)2, (unsigned int)128, (unsigned int)256, (unsigned int)2, (bool)1, (unsigned int)128, (deep_gemm::GemmType)0, deep_gemm::EpilogueIdentity>(float *, int *, unsigned int, unsigned int, unsigned int, CUtensorMap_st, CUtensorMap_st, CUtensorMap_st, CUtensorMap_st)",1215443029,1215647220,0,7,291407625453568,227370,,,,,10631,1213417546,1213422759,cuLaunchKernelEx,2973,stage,63,prefill,0,output_mlp,,hbm,Compute,Output / MLP,,False,,,prefill,1215443029,1215647220,204191
hbm,13318,kernel,"void flashinfer::norm::FusedAddRMSNormKernel<(unsigned int)8, __nv_bfloat16>(T2 *, T2 *, T2 *, unsigned int, unsigned int, unsigned int, float, float)",1215647124,1215662292,0,7,291407625453568,227373,,,,,24526,1213475093,1213480444,cudaLaunchKernelExC_v11060,2977,stage,63,prefill,0,output_mlp,,hbm,Compute,Output / MLP,,False,,,prefill,1215647124,1215662292,15168
hbm,13319,kernel,"void per_token_group_quant_8bit_kernel<__nv_bfloat16, __nv_fp8_e4m3, (bool)1, (bool)0, float>(const T1 *, void *, T5 *, int, int, int, float, float, float, int, int)",1215663540,1215672212,0,7,291407625453568,227392,,,,,24527,1213545927,1213551087,cudaLaunchKernel_v7000,2978,stage,63,prefill,0,output_mlp,,hbm,Compute,Output / MLP,,False,,,prefill,1215663540,1215672212,8672
hbm,13320,kernel,"void deep_gemm::sm90_fp8_gemm_1d2d_impl<(unsigned int)0, (unsigned int)36864, (unsigned int)7168, (unsigned int)1, (unsigned int)256, (unsigned int)128, (unsigned int)128, (unsigned int)128, (unsigned int)3, (unsigned int)2, (unsigned int)128, (unsigned int)256, (unsigned int)2, (bool)1, (unsigned int)128, (deep_gemm::GemmType)0, deep_gemm::EpilogueIdentity>(float *, int *, unsigned int, unsigned int, unsigned int, CUtensorMap_st, CUtensorMap_st, CUtensorMap_st, CUtensorMap_st)",1215673300,1216097780,0,7,291407625453568,227406,,,,,10636,1213593464,1213598673,cuLaunchKernelEx,2978,stage,63,prefill,0,output_mlp,,hbm,Compute,Output / MLP,,False,,,prefill,1215673300,1216097780,424480
hbm,13321,kernel,"void flashinfer::activation::act_and_mul_kernel<__nv_bfloat16, &silu<float>>(T1 *, const T1 *, int)",1216099220,1216127732,0,7,291407625453568,227416,,,,,24528,1213629370,1213634061,cudaLaunchKernel_v7000,2978,stage,63,prefill,0,output_mlp,,hbm,Compute,Output / MLP,,False,,,prefill,1216099220,1216127732,28512
hbm,13322,kernel,"void per_token_group_quant_8bit_kernel<__nv_bfloat16, __nv_fp8_e4m3, (bool)1, (bool)0, float>(const T1 *, void *, T5 *, int, int, int, float, float, float, int, int)",1216129108,1216151764,0,7,291407625453568,227437,,,,,24529,1213678724,1213683497,cudaLaunchKernel_v7000,2978,stage,63,prefill,0,output_mlp,,hbm,Compute,Output / MLP,,False,,,prefill,1216129108,1216151764,22656
hbm,13323,kernel,"void deep_gemm::sm90_fp8_gemm_1d2d_impl<(unsigned int)0, (unsigned int)7168, (unsigned int)18432, (unsigned int)1, (unsigned int)256, (unsigned int)112, (unsigned int)128, (unsigned int)32, (unsigned int)3, (unsigned int)0, (unsigned int)128, (unsigned int)256, (unsigned int)2, (bool)1, (unsigned int)128, (deep_gemm::GemmType)0, deep_gemm::EpilogueIdentity>(float *, int *, unsigned int, unsigned int, unsigned int, CUtensorMap_st, CUtensorMap_st, CUtensorMap_st, CUtensorMap_st)",1216152916,1216381939,0,7,291407625453568,227451,,,,,10641,1213719903,1213724746,cuLaunchKernelEx,2978,stage,63,prefill,0,output_mlp,,hbm,Compute,Output / MLP,,False,,,prefill,1216152916,1216381939,229023
hbm,13324,kernel,"void flashinfer::norm::FusedAddRMSNormKernel<(unsigned int)8, __nv_bfloat16>(T2 *, T2 *, T2 *, unsigned int, unsigned int, unsigned int, float, float)",1216381843,1216396723,0,7,291407625453568,227454,,,,,24530,1213796869,1213802416,cudaLaunchKernelExC_v11060,2981,stage,63,prefill,1,projection,,hbm,Compute,Projection / RoPE,,False,,,prefill,1216381843,1216396723,14880
hbm,13325,kernel,"void per_token_group_quant_8bit_kernel<__nv_bfloat16, __nv_fp8_e4m3, (bool)1, (bool)0, float>(const T1 *, void *, T5 *, int, int, int, float, float, float, int, int)",1216397939,1216406419,0,7,291407625453568,227473,,,,,24531,1213873700,1213879231,cudaLaunchKernel_v7000,2982,stage,63,prefill,1,projection,,hbm,Compute,Projection / RoPE,,False,,,prefill,1216397939,1216406419,8480
hbm,13326,kernel,"void deep_gemm::sm90_fp8_gemm_1d2d_impl<(unsigned int)0, (unsigned int)2112, (unsigned int)7168, (unsigned int)1, (unsigned int)256, (unsigned int)64, (unsigned int)128, (unsigned int)128, (unsigned int)4, (unsigned int)0, (unsigned int)128, (unsigned int)256, (unsigned int)2, (bool)1, (unsigned int)132, (deep_gemm::GemmType)0, deep_gemm::EpilogueIdentity>(float *, int *, unsigned int, unsigned int, unsigned int, CUtensorMap_st, CUtensorMap_st, CUtensorMap_st, CUtensorMap_st)",1216407571,1216436179,0,7,291407625453568,227487,,,,,10646,1213918348,1213923253,cuLaunchKernelEx,2982,stage,63,prefill,1,projection,,hbm,Compute,Projection / RoPE,,False,,,prefill,1216407571,1216436179,28608
hbm,13327,kernel,"void flashinfer::norm::RMSNormKernel<(unsigned int)8, __nv_bfloat16>(T2 *, T2 *, T2 *, unsigned int, unsigned int, unsigned int, float, float)",1216436083,1216439315,0,7,291407625453568,227501,,,,,24532,1213967718,1213972318,cudaLaunchKernelExC_v11060,2982,stage,63,prefill,1,projection,,hbm,Compute,Projection / RoPE,,False,,,prefill,1216436083,1216439315,3232
hbm,13328,kernel,"void flashinfer::norm::RMSNormKernel<(unsigned int)8, __nv_bfloat16>(T2 *, T2 *, T2 *, unsigned int, unsigned int, unsigned int, float, float)",1216439251,1216442259,0,7,291407625453568,227514,,,,,24533,1213986406,1213990202,cudaLaunchKernelExC_v11060,2982,stage,63,prefill,1,projection,,hbm,Compute,Projection / RoPE,,False,,,prefill,1216439251,1216442259,3008
hbm,13329,kernel,"void per_token_group_quant_8bit_kernel<__nv_bfloat16, __nv_fp8_e4m3, (bool)1, (bool)0, float>(const T1 *, void *, T5 *, int, int, int, float, float, float, int, int)",1216443379,1216446515,0,7,291407625453568,227535,,,,,24534,1214032541,1214036961,cudaLaunchKernel_v7000,2982,stage,63,prefill,1,projection,,hbm,Compute,Projection / RoPE,,False,,,prefill,1216443379,1216446515,3136
hbm,13330,kernel,"void deep_gemm::sm90_fp8_gemm_1d2d_impl<(unsigned int)0, (unsigned int)24576, (unsigned int)1536, (unsigned int)1, (unsigned int)256, (unsigned int)128, (unsigned int)128, (unsigned int)128, (unsigned int)3, (unsigned int)0, (unsigned int)128, (unsigned int)256, (unsigned int)2, (bool)1, (unsigned int)128, (deep_gemm::GemmType)0, deep_gemm::EpilogueIdentity>(float *, int *, unsigned int, unsigned int, unsigned int, CUtensorMap_st, CUtensorMap_st, CUtensorMap_st, CUtensorMap_st)",1216447603,1216512467,0,7,291407625453568,227549,,,,,10651,1214082084,1214086464,cuLaunchKernelEx,2982,stage,63,prefill,1,projection,,hbm,Compute,Projection / RoPE,,False,,,prefill,1216447603,1216512467,64864
hbm,13331,kernel,nvjet_tst_256x128_64x4_1x2_h_bz_coopA_TNT,1216516883,1216568883,0,7,291407625453568,227567,,,,,10654,1214155247,1214160641,cuLaunchKernelEx,2982,stage,63,prefill,1,projection,,hbm,Compute,Projection / RoPE,,False,,,prefill,1216516883,1216568883,52000
hbm,13332,kernel,"void flashinfer::BatchQKApplyRotaryPosIdsCosSinCacheHeadParallelismKernel<(bool)1, (unsigned int)64, (unsigned int)8, (unsigned int)8, __nv_bfloat16, long>(T5 *, T5 *, T5 *, T5 *, float *, T6 *, unsigned int, unsigned int, unsigned int, unsigned int, unsigned long, unsigned long, unsigned long, unsigned long, unsigned long, unsigned long, unsigned long, unsigned long)",1216570099,1216582035,0,7,291407625453568,227575,,,,,24536,1214210956,1214216083,cudaLaunchKernel_v7000,2982,stage,63,prefill,1,projection,,hbm,Compute,Projection / RoPE,,False,,,prefill,1216570099,1216582035,11936
hbm,13333,kernel,"void per_token_group_quant_8bit_kernel<__nv_bfloat16, __nv_fp8_e4m3, (bool)1, (bool)0, float>(const T1 *, void *, T5 *, int, int, int, float, float, float, int, int)",1216583059,1216586771,0,7,291407625453568,227594,,,,,24537,1214286386,1214291107,cudaLaunchKernel_v7000,2983,stage,63,prefill,1,indexer,,hbm,Compute,Indexer / top-k,,False,,,prefill,1216583059,1216586771,3712
hbm,13334,kernel,"void deep_gemm::sm90_fp8_gemm_1d2d_impl<(unsigned int)0, (unsigned int)8192, (unsigned int)1536, (unsigned int)1, (unsigned int)256, (unsigned int)128, (unsigned int)128, (unsigned int)128, (unsigned int)3, (unsigned int)0, (unsigned int)128, (unsigned int)256, (unsigned int)2, (bool)1, (unsigned int)128, (deep_gemm::GemmType)0, deep_gemm::EpilogueIdentity>(float *, int *, unsigned int, unsigned int, unsigned int, CUtensorMap_st, CUtensorMap_st, CUtensorMap_st, CUtensorMap_st)",1216587827,1216612915,0,7,291407625453568,227608,,,,,10659,1214330628,1214335218,cuLaunchKernelEx,2983,stage,63,prefill,1,indexer,,hbm,Compute,Indexer / top-k,,False,,,prefill,1216587827,1216612915,25088
hbm,13335,kernel,"void per_token_group_quant_8bit_kernel<__nv_bfloat16, __nv_fp8_e4m3, (bool)1, (bool)0, float>(const T1 *, void *, T5 *, int, int, int, float, float, float, int, int)",1216614259,1216624563,0,7,291407625453568,227627,,,,,24538,1214401354,1214406005,cudaLaunchKernel_v7000,2983,stage,63,prefill,1,indexer,,hbm,Compute,Indexer / top-k,,False,,,prefill,1216614259,1216624563,10304
hbm,13336,kernel,"void deep_gemm::sm90_fp8_gemm_1d2d_impl<(unsigned int)0, (unsigned int)128, (unsigned int)7168, (unsigned int)1, (unsigned int)64, (unsigned int)16, (unsigned int)128, (unsigned int)32, (unsigned int)12, (unsigned int)8, (unsigned int)128, (unsigned int)128, (unsigned int)2, (bool)1, (unsigned int)128, (deep_gemm::GemmType)0, deep_gemm::EpilogueIdentity>(float *, int *, unsigned int, unsigned int, unsigned int, CUtensorMap_st, CUtensorMap_st, CUtensorMap_st, CUtensorMap_st)",1216625747,1216635539,0,7,291407625453568,227641,,,,,10664,1214443212,1214447199,cuLaunchKernelEx,2983,stage,63,prefill,1,indexer,,hbm,Compute,Indexer / top-k,,False,,,prefill,1216625747,1216635539,9792
hbm,13337,kernel,"void at::native::unrolled_elementwise_kernel<at::native::direct_copy_kernel_cuda(at::TensorIteratorBase &)::[lambda() (instance 3)]::operator ()() const::[lambda() (instance 7)]::operator ()() const::[lambda(float) (instance 1)], std::array<char *, (unsigned long)2>, (int)4, TrivialOffsetCalculator<(int)1, unsigned int>, TrivialOffsetCalculator<(int)1, unsigned int>, at::native::memory::LoadWithCast<(int)1>, at::native::memory::StoreWithCast<(int)1>>(int, T1, T2, T4, T5, T6, T7)",1216636787,1216639635,0,7,291407625453568,227651,,,,,24539,1214473793,1214478740,cudaLaunchKernel_v7000,2983,stage,63,prefill,1,indexer,,hbm,Compute,Indexer / top-k,,False,,,prefill,1216636787,1216639635,2848
hbm,13338,kernel,"void at::native::<unnamed>::vectorized_layer_norm_kernel<float, float>(int, T2, const T1 *, const T1 *, const T1 *, T2 *, T2 *, T1 *)",1216640819,1216644371,0,7,291407625453568,227681,,,,,24540,1214501404,1214505351,cudaLaunchKernel_v7000,2983,stage,63,prefill,1,indexer,,hbm,Compute,Indexer / top-k,,False,,,prefill,1216640819,1216644371,3552
hbm,13339,kernel,"void at::native::vectorized_elementwise_kernel<(int)8, at::native::bfloat16_copy_kernel_cuda(at::TensorIteratorBase &)::[lambda(float) (instance 1)], std::array<char *, (unsigned long)2>>(int, T2, T3)",1216645587,1216646867,0,7,291407625453568,227694,,,,,24541,1214519223,1214522857,cudaLaunchKernel_v7000,2983,stage,63,prefill,1,indexer,,hbm,Compute,Indexer / top-k,,False,,,prefill,1216645587,1216646867,1280
hbm,13340,kernel,"void flashinfer::BatchQKApplyRotaryPosIdsCosSinCacheHeadParallelismKernel<(bool)0, (unsigned int)64, (unsigned int)8, (unsigned int)8, __nv_bfloat16, long>(T5 *, T5 *, T5 *, T5 *, float *, T6 *, unsigned int, unsigned int, unsigned int, unsigned int, unsigned long, unsigned long, unsigned long, unsigned long, unsigned long, unsigned long, unsigned long, unsigned long)",1216647859,1216653907,0,7,291407625453568,227704,,,,,24542,1214568871,1214573066,cudaLaunchKernel_v7000,2983,stage,63,prefill,1,indexer,,hbm,Compute,Indexer / top-k,,False,,,prefill,1216647859,1216653907,6048
hbm,13341,kernel,"void fast_hadamard_transform_kernel<fast_hadamard_transform_kernel_traits<(int)16, (int)7, c10::BFloat16>>(HadamardParamsBase)",1216654867,1216695635,0,7,291407625453568,227720,,,,,24543,1214616826,1214621119,cudaLaunchKernel_v7000,2983,stage,63,prefill,1,indexer,,hbm,Compute,Indexer / top-k,,False,,,prefill,1216654867,1216695635,40768
hbm,13342,kernel,"void fast_hadamard_transform_kernel<fast_hadamard_transform_kernel_traits<(int)16, (int)7, c10::BFloat16>>(HadamardParamsBase)",1216696723,1216698739,0,7,291407625453568,227733,,,,,24544,1214645511,1214649441,cudaLaunchKernel_v7000,2983,stage,63,prefill,1,indexer,,hbm,Compute,Indexer / top-k,,False,,,prefill,1216696723,1216698739,2016
hbm,13343,kernel,_act_quant_kernel,1216699955,1216705747,0,7,291407625453568,227756,,,,,10665,1214720859,1214725126,cuLaunchKernelEx,2983,stage,63,prefill,1,indexer,,hbm,Compute,Indexer / top-k,,False,,,prefill,1216699955,1216705747,5792
hbm,13344,kernel,_act_quant_kernel,1216706803,1216708467,0,7,291407625453568,227776,,,,,10666,1214769837,1214773238,cuLaunchKernelEx,2983,stage,63,prefill,1,indexer,,hbm,Compute,Indexer / top-k,,False,,,prefill,1216706803,1216708467,1664
hbm,13345,kernel,_set_k_and_s_triton_kernel,1216709523,1216711283,0,7,291407625453568,227784,,,,,10667,1214832781,1214837349,cuLaunchKernelEx,2984,stage,63,prefill,1,cache_write,,hbm,GPU control,GPU control,,False,,,prefill,1216709523,1216711283,1760
hbm,13346,kernel,triton_poi_fused__to_copy_0,1216712531,1216724467,0,7,291407625453568,227794,,,,,10668,1214958103,1214963110,cuLaunchKernel,2983,stage,63,prefill,1,indexer,,hbm,Compute,Indexer / top-k,,False,,,prefill,1216712531,1216724467,11936
hbm,13347,kernel,sm80_xmma_gemm_f32f32_f32f32_f32_tn_n_tilesize128x64x8_stage3_warpsize2x2x1_ffma_aligna4_alignc4_execute_kernel__5x_cublas,1216725491,1216757811,0,7,291407625453568,227805,,,,,24545,1215007975,1215013329,cudaLaunchKernelExC_v11060,2983,stage,63,prefill,1,indexer,,hbm,Compute,Indexer / top-k,,False,,,prefill,1216725491,1216757811,32320
hbm,13348,kernel,sm80_xmma_gemm_f32f32_f32f32_f32_tn_n_tilesize128x64x8_stage3_warpsize2x2x1_ffma_aligna4_alignc4_execute_split_k_kernel__5x_cublas,1216759091,1216766003,0,7,291407625453568,227807,,,,,24546,1215014389,1215017980,cudaLaunchKernelExC_v11060,2983,stage,63,prefill,1,indexer,,hbm,Compute,Indexer / top-k,,False,,,prefill,1216759091,1216766003,6912
hbm,13349,kernel,triton_poi_fused_mul_1,1216767187,1216768755,0,7,291407625453568,227814,,,,,10669,1215038247,1215041973,cuLaunchKernel,2983,stage,63,prefill,1,indexer,,hbm,Compute,Indexer / top-k,,False,,,prefill,1216767187,1216768755,1568
hbm,13350,kernel,"void at::native::vectorized_elementwise_kernel<(int)4, at::native::AUnaryFunctor<int, int, int, at::native::binary_internal::MulFunctor<int>>, std::array<char *, (unsigned long)2>>(int, T2, T3)",1216769907,1216771251,0,7,291407625453568,227825,,,,,24547,1215140351,1215146032,cudaLaunchKernel_v7000,2985,stage,63,prefill,1,indexer_control,,hbm,GPU control,GPU control,,False,,,prefill,1216769907,1216771251,1344
hbm,13351,kernel,"void <unnamed>::elementwise_kernel_with_index<int, at::native::arange_cuda_out(const c10::Scalar &, const c10::Scalar &, const c10::Scalar &, at::Tensor &)::[lambda() (instance 1)]::operator ()() const::[lambda() (instance 3)]::operator ()() const::[lambda(long) (instance 1)]>(T1, T2, function_traits<T2>::result_type *)",1216772499,1216773331,0,7,291407625453568,227845,,,,,24548,1215172909,1215177487,cudaLaunchKernel_v7000,2985,stage,63,prefill,1,indexer_control,,hbm,GPU control,GPU control,,False,,,prefill,1216772499,1216773331,832
hbm,13352,kernel,"void at::native::elementwise_kernel<(int)128, (int)2, void at::native::gpu_kernel_impl_nocast<at::native::CUDAFunctor_add<int>>(at::TensorIteratorBase &, const T1 &)::[lambda(int) (instance 1)]>(int, T3)",1216774547,1216796051,0,7,291407625453568,227858,,,,,24549,1215195822,1215199918,cudaLaunchKernel_v7000,2985,stage,63,prefill,1,indexer_control,,hbm,GPU control,GPU control,,False,,,prefill,1216774547,1216796051,21504
hbm,13353,kernel,"void at::native::unrolled_elementwise_kernel<at::native::direct_copy_kernel_cuda(at::TensorIteratorBase &)::[lambda() (instance 3)]::operator ()() const::[lambda() (instance 4)]::operator ()() const::[lambda(long) (instance 1)], std::array<char *, (unsigned long)2>, (int)4, TrivialOffsetCalculator<(int)1, unsigned int>, TrivialOffsetCalculator<(int)1, unsigned int>, at::native::memory::LoadWithCast<(int)1>, at::native::memory::StoreWithCast<(int)1>>(int, T1, T2, T4, T5, T6, T7)",1216797107,1216826739,0,7,291407625453568,227875,,,,,24550,1215233895,1215238537,cudaLaunchKernel_v7000,2985,stage,63,prefill,1,indexer_control,,hbm,GPU control,GPU control,,False,,,prefill,1216797107,1216826739,29632
hbm,13354,kernel,"void at::native::index_elementwise_kernel<(int)128, (int)4, void at::native::gpu_index_kernel<void at::native::index_kernel_impl<at::native::OpaqueType<(int)1>>(at::TensorIteratorBase &, c10::ArrayRef<long>, c10::ArrayRef<long>)::[lambda(char *, const char *, long) (instance 1)]>(at::TensorIteratorBase &, c10::ArrayRef<long>, c10::ArrayRef<long>, const T1 &, bool)::[lambda(int) (instance 1)]>(long, T3)",1216827987,1216880338,0,7,291407625453568,227886,,,,,24551,1215250061,1215254551,cudaLaunchKernel_v7000,2985,stage,63,prefill,1,indexer_control,,hbm,GPU control,GPU control,,False,,,prefill,1216827987,1216880338,52351
hbm,13355,kernel,"void at::native::vectorized_elementwise_kernel<(int)4, at::native::AUnaryFunctor<int, int, int, at::native::binary_internal::MulFunctor<int>>, std::array<char *, (unsigned long)2>>(int, T2, T3)",1216881490,1216882642,0,7,291407625453568,227901,,,,,24552,1215276259,1215279828,cudaLaunchKernel_v7000,2985,stage,63,prefill,1,indexer_control,,hbm,GPU control,GPU control,,False,,,prefill,1216881490,1216882642,1152
hbm,13356,kernel,"void <unnamed>::elementwise_kernel_with_index<int, at::native::arange_cuda_out(const c10::Scalar &, const c10::Scalar &, const c10::Scalar &, at::Tensor &)::[lambda() (instance 1)]::operator ()() const::[lambda() (instance 3)]::operator ()() const::[lambda(long) (instance 1)]>(T1, T2, function_traits<T2>::result_type *)",1216883858,1216884594,0,7,291407625453568,227921,,,,,24553,1215293828,1215297269,cudaLaunchKernel_v7000,2985,stage,63,prefill,1,indexer_control,,hbm,GPU control,GPU control,,False,,,prefill,1216883858,1216884594,736
hbm,13357,kernel,"void at::native::elementwise_kernel<(int)128, (int)2, void at::native::gpu_kernel_impl_nocast<at::native::CUDAFunctor_add<int>>(at::TensorIteratorBase &, const T1 &)::[lambda(int) (instance 1)]>(int, T3)",1216885714,1216887922,0,7,291407625453568,227934,,,,,24554,1215308727,1215312199,cudaLaunchKernel_v7000,2985,stage,63,prefill,1,indexer_control,,hbm,GPU control,GPU control,,False,,,prefill,1216885714,1216887922,2208
hbm,13358,kernel,"void at::native::vectorized_elementwise_kernel<(int)4, at::native::CUDAFunctorOnSelf_add<int>, std::array<char *, (unsigned long)2>>(int, T2, T3)",1216889138,1216890418,0,7,291407625453568,227944,,,,,24555,1215321883,1215325415,cudaLaunchKernel_v7000,2985,stage,63,prefill,1,indexer_control,,hbm,GPU control,GPU control,,False,,,prefill,1216889138,1216890418,1280
hbm,13359,kernel,"void at::native::unrolled_elementwise_kernel<at::native::direct_copy_kernel_cuda(at::TensorIteratorBase &)::[lambda() (instance 3)]::operator ()() const::[lambda() (instance 4)]::operator ()() const::[lambda(long) (instance 1)], std::array<char *, (unsigned long)2>, (int)4, TrivialOffsetCalculator<(int)1, unsigned int>, TrivialOffsetCalculator<(int)1, unsigned int>, at::native::memory::LoadWithCast<(int)1>, at::native::memory::StoreWithCast<(int)1>>(int, T1, T2, T4, T5, T6, T7)",1216891474,1216894194,0,7,291407625453568,227961,,,,,24556,1215343758,1215347415,cudaLaunchKernel_v7000,2985,stage,63,prefill,1,indexer_control,,hbm,GPU control,GPU control,,False,,,prefill,1216891474,1216894194,2720
hbm,13360,kernel,"void at::native::index_elementwise_kernel<(int)128, (int)4, void at::native::gpu_index_kernel<void at::native::index_kernel_impl<at::native::OpaqueType<(int)1>>(at::TensorIteratorBase &, c10::ArrayRef<long>, c10::ArrayRef<long>)::[lambda(char *, const char *, long) (instance 1)]>(at::TensorIteratorBase &, c10::ArrayRef<long>, c10::ArrayRef<long>, const T1 &, bool)::[lambda(int) (instance 1)]>(long, T3)",1216895378,1216900018,0,7,291407625453568,227972,,,,,24557,1215354584,1215358037,cudaLaunchKernel_v7000,2985,stage,63,prefill,1,indexer_control,,hbm,GPU control,GPU control,,False,,,prefill,1216895378,1216900018,4640
hbm,13361,kernel,"void at::native::vectorized_elementwise_kernel<(int)4, at::native::FillFunctor<int>, std::array<char *, (unsigned long)1>>(int, T2, T3)",1216901074,1216902194,0,7,291407625453568,227987,,,,,24558,1215374458,1215378190,cudaLaunchKernel_v7000,2985,stage,63,prefill,1,indexer_control,,hbm,GPU control,GPU control,,False,,,prefill,1216901074,1216902194,1120
hbm,13362,kernel,"void at::native::vectorized_elementwise_kernel<(int)4, at::native::CUDAFunctor_add<int>, std::array<char *, (unsigned long)3>>(int, T2, T3)",1216913330,1216914450,0,7,291407625453568,228033,,,,,24562,1215465169,1215468959,cudaLaunchKernel_v7000,2985,stage,63,prefill,1,indexer_control,,hbm,GPU control,GPU control,,False,,,prefill,1216913330,1216914450,1120
hbm,13363,kernel,"void deep_gemm::sm90_fp8_mqa_logits<(unsigned int)64, (unsigned int)128, (unsigned int)2, (unsigned int)256, (unsigned int)3, (unsigned int)3, (unsigned int)128, (unsigned int)512>(unsigned int, unsigned int, unsigned long, unsigned int *, unsigned int *, float *, CUtensorMap_st, CUtensorMap_st, CUtensorMap_st, CUtensorMap_st)",1216915442,1217848401,0,7,291407625453568,228053,,,,,10674,1215525510,1215529824,cuLaunchKernelEx,2986,stage,63,prefill,1,indexer,,hbm,Compute,Indexer / top-k,,False,,,prefill,1216915442,1217848401,932959
hbm,13364,kernel,"<unnamed>::topk_transform_prefill_kernel(<unnamed>::FastTopKParams, int *, const int *, long, float *, const int *, long)",1217849777,1218152337,0,7,291407625453568,228062,,,,,24563,1215569608,1215574212,cudaLaunchKernel_v7000,2987,stage,63,prefill,1,topk,,hbm,Compute,Indexer / top-k,,False,,,prefill,1217849777,1218152337,302560
hbm,13365,kernel,"void <unnamed>::elementwise_kernel_with_index<int, at::native::arange_cuda_out(const c10::Scalar &, const c10::Scalar &, const c10::Scalar &, at::Tensor &)::[lambda() (instance 1)]::operator ()() const::[lambda() (instance 3)]::operator ()() const::[lambda(long) (instance 1)]>(T1, T2, function_traits<T2>::result_type *)",1218153713,1218154513,0,7,291407625453568,228077,,,,,24564,1215586610,1215590148,cudaLaunchKernel_v7000,2987,stage,63,prefill,1,topk,,hbm,GPU control,GPU control,,False,,,prefill,1218153713,1218154513,800
hbm,13366,kernel,"void at::native::elementwise_kernel<(int)128, (int)4, void at::native::gpu_kernel_impl_nocast<at::native::<unnamed>::CompareFunctor<int>>(at::TensorIteratorBase &, const T1 &)::[lambda(int) (instance 1)]>(int, T3)",1218155697,1218157841,0,7,291407625453568,228087,,,,,24565,1215600869,1215604775,cudaLaunchKernel_v7000,2987,stage,63,prefill,1,topk,,hbm,Compute,Indexer / top-k,,False,,,prefill,1218155697,1218157841,2144
hbm,13367,kernel,"void at::native::elementwise_kernel<(int)128, (int)2, void at::native::gpu_kernel_impl_nocast<at::native::<unnamed>::masked_fill_kernel(at::TensorIterator &, const c10::Scalar &)::[lambda() (instance 1)]::operator ()() const::[lambda() (instance 3)]::operator ()() const::[lambda(int, bool) (instance 1)]>(at::TensorIteratorBase &, const T1 &)::[lambda(int) (instance 1)]>(int, T3)",1218158897,1218166001,0,7,291407625453568,228093,,,,,24566,1215617615,1215621454,cudaLaunchKernel_v7000,2987,stage,63,prefill,1,topk,,hbm,Compute,Indexer / top-k,,False,,,prefill,1218158897,1218166001,7104
hbm,13368,kernel,set_mla_kv_buffer_kernel,1218167057,1218171473,0,7,291407625453568,228103,,,,,10675,1215746903,1215751548,cuLaunchKernelEx,2990,stage,63,prefill,1,cache_write,,hbm,GPU control,GPU control,,False,,,prefill,1218167057,1218171473,4416
hbm,13369,kernel,"void at::native::<unnamed>::CatArrayBatchedCopy<at::native::<unnamed>::OpaqueType<(unsigned int)2>, unsigned int, (int)3, (int)64, (int)64>(T1 *, at::native::<unnamed>::CatArrInputTensorMetadata<T1, T2, T4, T5>, at::native::<unnamed>::TensorSizeStride<T2, (unsigned int)4>, int, T2)",1218172593,1218492016,0,7,291407625453568,228111,,,,,24567,1215776205,1215780979,cudaLaunchKernel_v7000,2989,stage,63,prefill,1,cache_control,,hbm,GPU control,GPU control,,False,,,prefill,1218172593,1218492016,319423
hbm,13370,kernel,"void sm90::sparse_attn_fwd_kernel<sm90::TmaParams<cute::tuple<int, int, int>, cute::TiledCopy<cute::Copy_Atom<cute::Copy_Traits<cute::SM90_TMA_LOAD, cute::C<(int)65536>, cute::AuxTmaParams<cute::tuple<cute::ScaledBasis<cute::C<(int)1>, (int)1>, cute::ScaledBasis<cute::C<(int)1>, (int)0>, cute::ScaledBasis<cute::C<(int)1>, (int)2>>, const cute::Layout<cute::tuple<cute::C<(int)64>, cute::C<(int)64>, cute::C<(int)1>>, cute::tuple<cute::ScaledBasis<cute::C<(int)1>, (int)1>, cute::ScaledBasis<cute::C<(int)1>, (int)0>, cute::ScaledBasis<cute::C<(int)1>, (int)2>>> &, const cute::Swizzle<(int)3, (int)4, (int)3> &>>, cutlass::bfloat16_t>, cute::Layout<cute::tuple<cute::C<(int)1>, cute::tuple<cute::tuple<cute::tuple<cute::C<(int)64>, cute::C<(int)64>>, cute::C<(int)9>>>>, cute::tuple<cute::C<(int)0>, cute::tuple<cute::tuple<cute::tuple<cute::C<(int)64>, cute::C<(int)1>>, cute::C<(int)4096>>>>>, cute::tuple<cute::C<(int)64>, cute::C<(int)576>>>>>(SparsePrefillParams, T1)",1218493296,1219382799,0,7,291407625453568,228145,,,,,24570,1215818416,1215823733,cudaLaunchKernelExC_v11060,2991,stage,63,prefill,1,attention,,hbm,Compute,Attention,,False,,,prefill,1218493296,1219382799,889503
hbm,13371,kernel,nvjet_tst_128x256_64x4_1x2_h_bz_coopA_TNN,1219387343,1219438063,0,7,291407625453568,228166,,,,,10680,1215901322,1215907397,cuLaunchKernelEx,2988,stage,63,prefill,1,output_mlp,,hbm,Compute,Output / MLP,,False,,,prefill,1219387343,1219438063,50720
hbm,13372,kernel,"void per_token_group_quant_8bit_kernel<__nv_bfloat16, __nv_fp8_e4m3, (bool)1, (bool)0, float>(const T1 *, void *, T5 *, int, int, int, float, float, float, int, int)",1219439343,1219458831,0,7,291407625453568,228187,,,,,24572,1215976370,1215981855,cudaLaunchKernel_v7000,2988,stage,63,prefill,1,output_mlp,,hbm,Compute,Output / MLP,,False,,,prefill,1219439343,1219458831,19488
hbm,13373,kernel,"void deep_gemm::sm90_fp8_gemm_1d2d_impl<(unsigned int)0, (unsigned int)7168, (unsigned int)16384, (unsigned int)1, (unsigned int)256, (unsigned int)112, (unsigned int)128, (unsigned int)32, (unsigned int)3, (unsigned int)2, (unsigned int)128, (unsigned int)256, (unsigned int)2, (bool)1, (unsigned int)128, (deep_gemm::GemmType)0, deep_gemm::EpilogueIdentity>(float *, int *, unsigned int, unsigned int, unsigned int, CUtensorMap_st, CUtensorMap_st, CUtensorMap_st, CUtensorMap_st)",1219460239,1219664847,0,7,291407625453568,228201,,,,,10685,1216040659,1216054980,cuLaunchKernelEx,2988,stage,63,prefill,1,output_mlp,,hbm,Compute,Output / MLP,,False,,,prefill,1219460239,1219664847,204608
hbm,13374,kernel,"void flashinfer::norm::FusedAddRMSNormKernel<(unsigned int)8, __nv_bfloat16>(T2 *, T2 *, T2 *, unsigned int, unsigned int, unsigned int, float, float)",1219664751,1219679919,0,7,291407625453568,228204,,,,,24573,1216107033,1216112400,cudaLaunchKernelExC_v11060,2992,stage,63,prefill,1,output_mlp,,hbm,Compute,Output / MLP,,False,,,prefill,1219664751,1219679919,15168
hbm,13375,kernel,"void per_token_group_quant_8bit_kernel<__nv_bfloat16, __nv_fp8_e4m3, (bool)1, (bool)0, float>(const T1 *, void *, T5 *, int, int, int, float, float, float, int, int)",1219681167,1219689999,0,7,291407625453568,228223,,,,,24574,1216177735,1216182743,cudaLaunchKernel_v7000,2993,stage,63,prefill,1,output_mlp,,hbm,Compute,Output / MLP,,False,,,prefill,1219681167,1219689999,8832
hbm,13376,kernel,"void deep_gemm::sm90_fp8_gemm_1d2d_impl<(unsigned int)0, (unsigned int)36864, (unsigned int)7168, (unsigned int)1, (unsigned int)256, (unsigned int)128, (unsigned int)128, (unsigned int)128, (unsigned int)3, (unsigned int)2, (unsigned int)128, (unsigned int)256, (unsigned int)2, (bool)1, (unsigned int)128, (deep_gemm::GemmType)0, deep_gemm::EpilogueIdentity>(float *, int *, unsigned int, unsigned int, unsigned int, CUtensorMap_st, CUtensorMap_st, CUtensorMap_st, CUtensorMap_st)",1219691183,1220113902,0,7,291407625453568,228237,,,,,10690,1216224167,1216229047,cuLaunchKernelEx,2993,stage,63,prefill,1,output_mlp,,hbm,Compute,Output / MLP,,False,,,prefill,1219691183,1220113902,422719
hbm,13377,kernel,"void flashinfer::activation::act_and_mul_kernel<__nv_bfloat16, &silu<float>>(T1 *, const T1 *, int)",1220115118,1220143470,0,7,291407625453568,228247,,,,,24575,1216257008,1216261565,cudaLaunchKernel_v7000,2993,stage,63,prefill,1,output_mlp,,hbm,Compute,Output / MLP,,False,,,prefill,1220115118,1220143470,28352
hbm,13378,kernel,"void per_token_group_quant_8bit_kernel<__nv_bfloat16, __nv_fp8_e4m3, (bool)1, (bool)0, float>(const T1 *, void *, T5 *, int, int, int, float, float, float, int, int)",1220144622,1220166990,0,7,291407625453568,228268,,,,,24576,1216305006,1216309453,cudaLaunchKernel_v7000,2993,stage,63,prefill,1,output_mlp,,hbm,Compute,Output / MLP,,False,,,prefill,1220144622,1220166990,22368
hbm,13379,kernel,"void deep_gemm::sm90_fp8_gemm_1d2d_impl<(unsigned int)0, (unsigned int)7168, (unsigned int)18432, (unsigned int)1, (unsigned int)256, (unsigned int)112, (unsigned int)128, (unsigned int)32, (unsigned int)3, (unsigned int)0, (unsigned int)128, (unsigned int)256, (unsigned int)2, (bool)1, (unsigned int)128, (deep_gemm::GemmType)0, deep_gemm::EpilogueIdentity>(float *, int *, unsigned int, unsigned int, unsigned int, CUtensorMap_st, CUtensorMap_st, CUtensorMap_st, CUtensorMap_st)",1220168270,1220397806,0,7,291407625453568,228282,,,,,10695,1216347815,1216352396,cuLaunchKernelEx,2993,stage,63,prefill,1,output_mlp,,hbm,Compute,Output / MLP,,False,,,prefill,1220168270,1220397806,229536
hbm,13380,kernel,"void flashinfer::norm::FusedAddRMSNormKernel<(unsigned int)8, __nv_bfloat16>(T2 *, T2 *, T2 *, unsigned int, unsigned int, unsigned int, float, float)",1220397710,1220412750,0,7,291407625453568,228285,,,,,24577,1216416060,1216420630,cudaLaunchKernelExC_v11060,2996,stage,63,prefill,2,projection,,hbm,Compute,Projection / RoPE,,False,,,prefill,1220397710,1220412750,15040
hbm,13381,kernel,"void per_token_group_quant_8bit_kernel<__nv_bfloat16, __nv_fp8_e4m3, (bool)1, (bool)0, float>(const T1 *, void *, T5 *, int, int, int, float, float, float, int, int)",1220414030,1220422638,0,7,291407625453568,228304,,,,,24578,1216490369,1216495638,cudaLaunchKernel_v7000,2997,stage,63,prefill,2,projection,,hbm,Compute,Projection / RoPE,,False,,,prefill,1220414030,1220422638,8608
hbm,13382,kernel,"void deep_gemm::sm90_fp8_gemm_1d2d_impl<(unsigned int)0, (unsigned int)2112, (unsigned int)7168, (unsigned int)1, (unsigned int)256, (unsigned int)64, (unsigned int)128, (unsigned int)128, (unsigned int)4, (unsigned int)0, (unsigned int)128, (unsigned int)256, (unsigned int)2, (bool)1, (unsigned int)132, (deep_gemm::GemmType)0, deep_gemm::EpilogueIdentity>(float *, int *, unsigned int, unsigned int, unsigned int, CUtensorMap_st, CUtensorMap_st, CUtensorMap_st, CUtensorMap_st)",1220423694,1220452205,0,7,291407625453568,228318,,,,,10700,1216533792,1216538359,cuLaunchKernelEx,2997,stage,63,prefill,2,projection,,hbm,Compute,Projection / RoPE,,False,,,prefill,1220423694,1220452205,28511
hbm,13383,kernel,"void flashinfer::norm::RMSNormKernel<(unsigned int)8, __nv_bfloat16>(T2 *, T2 *, T2 *, unsigned int, unsigned int, unsigned int, float, float)",1220452109,1220455533,0,7,291407625453568,228332,,,,,24579,1216582223,1216586582,cudaLaunchKernelExC_v11060,2997,stage,63,prefill,2,projection,,hbm,Compute,Projection / RoPE,,False,,,prefill,1220452109,1220455533,3424
hbm,13384,kernel,"void flashinfer::norm::RMSNormKernel<(unsigned int)8, __nv_bfloat16>(T2 *, T2 *, T2 *, unsigned int, unsigned int, unsigned int, float, float)",1220455437,1220458509,0,7,291407625453568,228345,,,,,24580,1216600801,1216604590,cudaLaunchKernelExC_v11060,2997,stage,63,prefill,2,projection,,hbm,Compute,Projection / RoPE,,False,,,prefill,1220455437,1220458509,3072
hbm,13385,kernel,"void per_token_group_quant_8bit_kernel<__nv_bfloat16, __nv_fp8_e4m3, (bool)1, (bool)0, float>(const T1 *, void *, T5 *, int, int, int, float, float, float, int, int)",1220459501,1220462669,0,7,291407625453568,228366,,,,,24581,1216646057,1216650409,cudaLaunchKernel_v7000,2997,stage,63,prefill,2,projection,,hbm,Compute,Projection / RoPE,,False,,,prefill,1220459501,1220462669,3168
hbm,13386,kernel,"void deep_gemm::sm90_fp8_gemm_1d2d_impl<(unsigned int)0, (unsigned int)24576, (unsigned int)1536, (unsigned int)1, (unsigned int)256, (unsigned int)128, (unsigned int)128, (unsigned int)128, (unsigned int)3, (unsigned int)0, (unsigned int)128, (unsigned int)256, (unsigned int)2, (bool)1, (unsigned int)128, (deep_gemm::GemmType)0, deep_gemm::EpilogueIdentity>(float *, int *, unsigned int, unsigned int, unsigned int, CUtensorMap_st, CUtensorMap_st, CUtensorMap_st, CUtensorMap_st)",1220463725,1220530029,0,7,291407625453568,228380,,,,,10705,1216686558,1216690964,cuLaunchKernelEx,2997,stage,63,prefill,2,projection,,hbm,Compute,Projection / RoPE,,False,,,prefill,1220463725,1220530029,66304
hbm,13387,kernel,nvjet_tst_256x128_64x4_1x2_h_bz_coopA_TNT,1220533933,1220586285,0,7,291407625453568,228398,,,,,10708,1216758698,1216764355,cuLaunchKernelEx,2997,stage,63,prefill,2,projection,,hbm,Compute,Projection / RoPE,,False,,,prefill,1220533933,1220586285,52352
hbm,13388,kernel,"void flashinfer::BatchQKApplyRotaryPosIdsCosSinCacheHeadParallelismKernel<(bool)1, (unsigned int)64, (unsigned int)8, (unsigned int)8, __nv_bfloat16, long>(T5 *, T5 *, T5 *, T5 *, float *, T6 *, unsigned int, unsigned int, unsigned int, unsigned int, unsigned long, unsigned long, unsigned long, unsigned long, unsigned long, unsigned long, unsigned long, unsigned long)",1220587533,1220599373,0,7,291407625453568,228406,,,,,24583,1216815512,1216820845,cudaLaunchKernel_v7000,2997,stage,63,prefill,2,projection,,hbm,Compute,Projection / RoPE,,False,,,prefill,1220587533,1220599373,11840
hbm,13389,kernel,"void per_token_group_quant_8bit_kernel<__nv_bfloat16, __nv_fp8_e4m3, (bool)1, (bool)0, float>(const T1 *, void *, T5 *, int, int, int, float, float, float, int, int)",1220600397,1220603917,0,7,291407625453568,228425,,,,,24584,1216898641,1216903823,cudaLaunchKernel_v7000,2998,stage,63,prefill,2,indexer,,hbm,Compute,Indexer / top-k,,False,,,prefill,1220600397,1220603917,3520
hbm,13390,kernel,"void deep_gemm::sm90_fp8_gemm_1d2d_impl<(unsigned int)0, (unsigned int)8192, (unsigned int)1536, (unsigned int)1, (unsigned int)256, (unsigned int)128, (unsigned int)128, (unsigned int)128, (unsigned int)3, (unsigned int)0, (unsigned int)128, (unsigned int)256, (unsigned int)2, (bool)1, (unsigned int)128, (deep_gemm::GemmType)0, deep_gemm::EpilogueIdentity>(float *, int *, unsigned int, unsigned int, unsigned int, CUtensorMap_st, CUtensorMap_st, CUtensorMap_st, CUtensorMap_st)",1220605069,1220630253,0,7,291407625453568,228439,,,,,10713,1216948023,1216953000,cuLaunchKernelEx,2998,stage,63,prefill,2,indexer,,hbm,Compute,Indexer / top-k,,False,,,prefill,1220605069,1220630253,25184
hbm,13391,kernel,"void per_token_group_quant_8bit_kernel<__nv_bfloat16, __nv_fp8_e4m3, (bool)1, (bool)0, float>(const T1 *, void *, T5 *, int, int, int, float, float, float, int, int)",1220631501,1220641837,0,7,291407625453568,228458,,,,,24585,1217024491,1217029206,cudaLaunchKernel_v7000,2998,stage,63,prefill,2,indexer,,hbm,Compute,Indexer / top-k,,False,,,prefill,1220631501,1220641837,10336
hbm,13392,kernel,"void deep_gemm::sm90_fp8_gemm_1d2d_impl<(unsigned int)0, (unsigned int)128, (unsigned int)7168, (unsigned int)1, (unsigned int)64, (unsigned int)16, (unsigned int)128, (unsigned int)32, (unsigned int)12, (unsigned int)8, (unsigned int)128, (unsigned int)128, (unsigned int)2, (bool)1, (unsigned int)128, (deep_gemm::GemmType)0, deep_gemm::EpilogueIdentity>(float *, int *, unsigned int, unsigned int, unsigned int, CUtensorMap_st, CUtensorMap_st, CUtensorMap_st, CUtensorMap_st)",1220642893,1220652749,0,7,291407625453568,228472,,,,,10718,1217074119,1217078768,cuLaunchKernelEx,2998,stage,63,prefill,2,indexer,,hbm,Compute,Indexer / top-k,,False,,,prefill,1220642893,1220652749,9856
hbm,13393,kernel,"void at::native::unrolled_elementwise_kernel<at::native::direct_copy_kernel_cuda(at::TensorIteratorBase &)::[lambda() (instance 3)]::operator ()() const::[lambda() (instance 7)]::operator ()() const::[lambda(float) (instance 1)], std::array<char *, (unsigned long)2>, (int)4, TrivialOffsetCalculator<(int)1, unsigned int>, TrivialOffsetCalculator<(int)1, unsigned int>, at::native::memory::LoadWithCast<(int)1>, at::native::memory::StoreWithCast<(int)1>>(int, T1, T2, T4, T5, T6, T7)",1220653933,1220656749,0,7,291407625453568,228482,,,,,24586,1217106422,1217111482,cudaLaunchKernel_v7000,2998,stage,63,prefill,2,indexer,,hbm,Compute,Indexer / top-k,,False,,,prefill,1220653933,1220656749,2816
hbm,13394,kernel,"void at::native::<unnamed>::vectorized_layer_norm_kernel<float, float>(int, T2, const T1 *, const T1 *, const T1 *, T2 *, T2 *, T1 *)",1220657773,1220661357,0,7,291407625453568,228512,,,,,24587,1217134775,1217138833,cudaLaunchKernel_v7000,2998,stage,63,prefill,2,indexer,,hbm,Compute,Indexer / top-k,,False,,,prefill,1220657773,1220661357,3584
hbm,13395,kernel,"void at::native::vectorized_elementwise_kernel<(int)8, at::native::bfloat16_copy_kernel_cuda(at::TensorIteratorBase &)::[lambda(float) (instance 1)], std::array<char *, (unsigned long)2>>(int, T2, T3)",1220662573,1220663757,0,7,291407625453568,228525,,,,,24588,1217152858,1217156726,cudaLaunchKernel_v7000,2998,stage,63,prefill,2,indexer,,hbm,Compute,Indexer / top-k,,False,,,prefill,1220662573,1220663757,1184
hbm,13396,kernel,"void flashinfer::BatchQKApplyRotaryPosIdsCosSinCacheHeadParallelismKernel<(bool)0, (unsigned int)64, (unsigned int)8, (unsigned int)8, __nv_bfloat16, long>(T5 *, T5 *, T5 *, T5 *, float *, T6 *, unsigned int, unsigned int, unsigned int, unsigned int, unsigned long, unsigned long, unsigned long, unsigned long, unsigned long, unsigned long, unsigned long, unsigned long)",1220664877,1220671341,0,7,291407625453568,228535,,,,,24589,1217204282,1217208569,cudaLaunchKernel_v7000,2998,stage,63,prefill,2,indexer,,hbm,Compute,Indexer / top-k,,False,,,prefill,1220664877,1220671341,6464
hbm,13397,kernel,"void fast_hadamard_transform_kernel<fast_hadamard_transform_kernel_traits<(int)16, (int)7, c10::BFloat16>>(HadamardParamsBase)",1220672365,1220713165,0,7,291407625453568,228551,,,,,24590,1217253522,1217258094,cudaLaunchKernel_v7000,2998,stage,63,prefill,2,indexer,,hbm,Compute,Indexer / top-k,,False,,,prefill,1220672365,1220713165,40800
hbm,13398,kernel,"void fast_hadamard_transform_kernel<fast_hadamard_transform_kernel_traits<(int)16, (int)7, c10::BFloat16>>(HadamardParamsBase)",1220714253,1220715917,0,7,291407625453568,228564,,,,,24591,1217281881,1217285657,cudaLaunchKernel_v7000,2998,stage,63,prefill,2,indexer,,hbm,Compute,Indexer / top-k,,False,,,prefill,1220714253,1220715917,1664
hbm,13399,kernel,_act_quant_kernel,1220716973,1220722701,0,7,291407625453568,228587,,,,,10719,1217357067,1217361445,cuLaunchKernelEx,2998,stage,63,prefill,2,indexer,,hbm,Compute,Indexer / top-k,,False,,,prefill,1220716973,1220722701,5728
hbm,13400,kernel,_act_quant_kernel,1220723757,1220725421,0,7,291407625453568,228607,,,,,10720,1217406930,1217410627,cuLaunchKernelEx,2998,stage,63,prefill,2,indexer,,hbm,Compute,Indexer / top-k,,False,,,prefill,1220723757,1220725421,1664
hbm,13401,kernel,_set_k_and_s_triton_kernel,1220726445,1220728237,0,7,291407625453568,228615,,,,,10721,1217471866,1217475918,cuLaunchKernelEx,2999,stage,63,prefill,2,cache_write,,hbm,GPU control,GPU control,,False,,,prefill,1220726445,1220728237,1792
hbm,13402,kernel,triton_poi_fused__to_copy_0,1220729229,1220741293,0,7,291407625453568,228625,,,,,10722,1217595774,1217600881,cuLaunchKernel,2998,stage,63,prefill,2,indexer,,hbm,Compute,Indexer / top-k,,False,,,prefill,1220729229,1220741293,12064
hbm,13403,kernel,sm80_xmma_gemm_f32f32_f32f32_f32_tn_n_tilesize128x64x8_stage3_warpsize2x2x1_ffma_aligna4_alignc4_execute_kernel__5x_cublas,1220742413,1220776045,0,7,291407625453568,228636,,,,,24592,1217646088,1217651226,cudaLaunchKernelExC_v11060,2998,stage,63,prefill,2,indexer,,hbm,Compute,Indexer / top-k,,False,,,prefill,1220742413,1220776045,33632
hbm,13404,kernel,sm80_xmma_gemm_f32f32_f32f32_f32_tn_n_tilesize128x64x8_stage3_warpsize2x2x1_ffma_aligna4_alignc4_execute_split_k_kernel__5x_cublas,1220777517,1220784013,0,7,291407625453568,228638,,,,,24593,1217652325,1217655736,cudaLaunchKernelExC_v11060,2998,stage,63,prefill,2,indexer,,hbm,Compute,Indexer / top-k,,False,,,prefill,1220777517,1220784013,6496
hbm,13405,kernel,triton_poi_fused_mul_1,1220785229,1220786765,0,7,291407625453568,228645,,,,,10723,1217676421,1217680344,cuLaunchKernel,2998,stage,63,prefill,2,indexer,,hbm,Compute,Indexer / top-k,,False,,,prefill,1220785229,1220786765,1536
hbm,13406,kernel,"void at::native::vectorized_elementwise_kernel<(int)4, at::native::AUnaryFunctor<int, int, int, at::native::binary_internal::MulFunctor<int>>, std::array<char *, (unsigned long)2>>(int, T2, T3)",1220787949,1220789357,0,7,291407625453568,228656,,,,,24594,1217760475,1217765781,cudaLaunchKernel_v7000,3000,stage,63,prefill,2,indexer_control,,hbm,GPU control,GPU control,,False,,,prefill,1220787949,1220789357,1408
hbm,13407,kernel,"void <unnamed>::elementwise_kernel_with_index<int, at::native::arange_cuda_out(const c10::Scalar &, const c10::Scalar &, const c10::Scalar &, at::Tensor &)::[lambda() (instance 1)]::operator ()() const::[lambda() (instance 3)]::operator ()() const::[lambda(long) (instance 1)]>(T1, T2, function_traits<T2>::result_type *)",1220790509,1220791437,0,7,291407625453568,228676,,,,,24595,1217791456,1217795738,cudaLaunchKernel_v7000,3000,stage,63,prefill,2,indexer_control,,hbm,GPU control,GPU control,,False,,,prefill,1220790509,1220791437,928
hbm,13408,kernel,"void at::native::elementwise_kernel<(int)128, (int)2, void at::native::gpu_kernel_impl_nocast<at::native::CUDAFunctor_add<int>>(at::TensorIteratorBase &, const T1 &)::[lambda(int) (instance 1)]>(int, T3)",1220792493,1220813997,0,7,291407625453568,228689,,,,,24596,1217812390,1217819325,cudaLaunchKernel_v7000,3000,stage,63,prefill,2,indexer_control,,hbm,GPU control,GPU control,,False,,,prefill,1220792493,1220813997,21504
hbm,13409,kernel,"void at::native::unrolled_elementwise_kernel<at::native::direct_copy_kernel_cuda(at::TensorIteratorBase &)::[lambda() (instance 3)]::operator ()() const::[lambda() (instance 4)]::operator ()() const::[lambda(long) (instance 1)], std::array<char *, (unsigned long)2>, (int)4, TrivialOffsetCalculator<(int)1, unsigned int>, TrivialOffsetCalculator<(int)1, unsigned int>, at::native::memory::LoadWithCast<(int)1>, at::native::memory::StoreWithCast<(int)1>>(int, T1, T2, T4, T5, T6, T7)",1220815085,1220844653,0,7,291407625453568,228706,,,,,24597,1217852025,1217856642,cudaLaunchKernel_v7000,3000,stage,63,prefill,2,indexer_control,,hbm,GPU control,GPU control,,False,,,prefill,1220815085,1220844653,29568
hbm,13410,kernel,"void at::native::index_elementwise_kernel<(int)128, (int)4, void at::native::gpu_index_kernel<void at::native::index_kernel_impl<at::native::OpaqueType<(int)1>>(at::TensorIteratorBase &, c10::ArrayRef<long>, c10::ArrayRef<long>)::[lambda(char *, const char *, long) (instance 1)]>(at::TensorIteratorBase &, c10::ArrayRef<long>, c10::ArrayRef<long>, const T1 &, bool)::[lambda(int) (instance 1)]>(long, T3)",1220845933,1220898157,0,7,291407625453568,228717,,,,,24598,1217868179,1217872195,cudaLaunchKernel_v7000,3000,stage,63,prefill,2,indexer_control,,hbm,GPU control,GPU control,,False,,,prefill,1220845933,1220898157,52224
hbm,13411,kernel,"void at::native::vectorized_elementwise_kernel<(int)4, at::native::AUnaryFunctor<int, int, int, at::native::binary_internal::MulFunctor<int>>, std::array<char *, (unsigned long)2>>(int, T2, T3)",1220899309,1220900653,0,7,291407625453568,228732,,,,,24599,1217893296,1217896870,cudaLaunchKernel_v7000,3000,stage,63,prefill,2,indexer_control,,hbm,GPU control,GPU control,,False,,,prefill,1220899309,1220900653,1344
hbm,13412,kernel,"void <unnamed>::elementwise_kernel_with_index<int, at::native::arange_cuda_out(const c10::Scalar &, const c10::Scalar &, const c10::Scalar &, at::Tensor &)::[lambda() (instance 1)]::operator ()() const::[lambda() (instance 3)]::operator ()() const::[lambda(long) (instance 1)]>(T1, T2, function_traits<T2>::result_type *)",1220901741,1220902445,0,7,291407625453568,228752,,,,,24600,1217910981,1217914416,cudaLaunchKernel_v7000,3000,stage,63,prefill,2,indexer_control,,hbm,GPU control,GPU control,,False,,,prefill,1220901741,1220902445,704
hbm,13413,kernel,"void at::native::elementwise_kernel<(int)128, (int)2, void at::native::gpu_kernel_impl_nocast<at::native::CUDAFunctor_add<int>>(at::TensorIteratorBase &, const T1 &)::[lambda(int) (instance 1)]>(int, T3)",1220903565,1220905805,0,7,291407625453568,228765,,,,,24601,1217925459,1217928920,cudaLaunchKernel_v7000,3000,stage,63,prefill,2,indexer_control,,hbm,GPU control,GPU control,,False,,,prefill,1220903565,1220905805,2240
hbm,13414,kernel,"void at::native::vectorized_elementwise_kernel<(int)4, at::native::CUDAFunctorOnSelf_add<int>, std::array<char *, (unsigned long)2>>(int, T2, T3)",1220906989,1220908365,0,7,291407625453568,228775,,,,,24602,1217938728,1217942244,cudaLaunchKernel_v7000,3000,stage,63,prefill,2,indexer_control,,hbm,GPU control,GPU control,,False,,,prefill,1220906989,1220908365,1376
hbm,13415,kernel,"void at::native::unrolled_elementwise_kernel<at::native::direct_copy_kernel_cuda(at::TensorIteratorBase &)::[lambda() (instance 3)]::operator ()() const::[lambda() (instance 4)]::operator ()() const::[lambda(long) (instance 1)], std::array<char *, (unsigned long)2>, (int)4, TrivialOffsetCalculator<(int)1, unsigned int>, TrivialOffsetCalculator<(int)1, unsigned int>, at::native::memory::LoadWithCast<(int)1>, at::native::memory::StoreWithCast<(int)1>>(int, T1, T2, T4, T5, T6, T7)",1220909517,1220912269,0,7,291407625453568,228792,,,,,24603,1217959999,1217963548,cudaLaunchKernel_v7000,3000,stage,63,prefill,2,indexer_control,,hbm,GPU control,GPU control,,False,,,prefill,1220909517,1220912269,2752
hbm,13416,kernel,"void at::native::index_elementwise_kernel<(int)128, (int)4, void at::native::gpu_index_kernel<void at::native::index_kernel_impl<at::native::OpaqueType<(int)1>>(at::TensorIteratorBase &, c10::ArrayRef<long>, c10::ArrayRef<long>)::[lambda(char *, const char *, long) (instance 1)]>(at::TensorIteratorBase &, c10::ArrayRef<long>, c10::ArrayRef<long>, const T1 &, bool)::[lambda(int) (instance 1)]>(long, T3)",1220913357,1220917933,0,7,291407625453568,228803,,,,,24604,1217970661,1217974383,cudaLaunchKernel_v7000,3000,stage,63,prefill,2,indexer_control,,hbm,GPU control,GPU control,,False,,,prefill,1220913357,1220917933,4576
hbm,13417,kernel,"void at::native::vectorized_elementwise_kernel<(int)4, at::native::FillFunctor<int>, std::array<char *, (unsigned long)1>>(int, T2, T3)",1220919053,1220919885,0,7,291407625453568,228818,,,,,24605,1217991240,1217995059,cudaLaunchKernel_v7000,3000,stage,63,prefill,2,indexer_control,,hbm,GPU control,GPU control,,False,,,prefill,1220919053,1220919885,832
hbm,13418,kernel,"void at::native::vectorized_elementwise_kernel<(int)4, at::native::CUDAFunctor_add<int>, std::array<char *, (unsigned long)3>>(int, T2, T3)",1220930765,1220931853,0,7,291407625453568,228864,,,,,24609,1218094920,1218098849,cudaLaunchKernel_v7000,3000,stage,63,prefill,2,indexer_control,,hbm,GPU control,GPU control,,False,,,prefill,1220930765,1220931853,1088
hbm,13419,kernel,"void deep_gemm::sm90_fp8_mqa_logits<(unsigned int)64, (unsigned int)128, (unsigned int)2, (unsigned int)256, (unsigned int)3, (unsigned int)3, (unsigned int)128, (unsigned int)512>(unsigned int, unsigned int, unsigned long, unsigned int *, unsigned int *, float *, CUtensorMap_st, CUtensorMap_st, CUtensorMap_st, CUtensorMap_st)",1220933069,1221862028,0,7,291407625453568,228884,,,,,10728,1218146850,1218150759,cuLaunchKernelEx,3001,stage,63,prefill,2,indexer,,hbm,Compute,Indexer / top-k,,False,,,prefill,1220933069,1221862028,928959
hbm,13420,kernel,"<unnamed>::topk_transform_prefill_kernel(<unnamed>::FastTopKParams, int *, const int *, long, float *, const int *, long)",1221863276,1222163019,0,7,291407625453568,228893,,,,,24610,1218188031,1218192273,cudaLaunchKernel_v7000,3002,stage,63,prefill,2,topk,,hbm,Compute,Indexer / top-k,,False,,,prefill,1221863276,1222163019,299743
hbm,13421,kernel,"void <unnamed>::elementwise_kernel_with_index<int, at::native::arange_cuda_out(const c10::Scalar &, const c10::Scalar &, const c10::Scalar &, at::Tensor &)::[lambda() (instance 1)]::operator ()() const::[lambda() (instance 3)]::operator ()() const::[lambda(long) (instance 1)]>(T1, T2, function_traits<T2>::result_type *)",1222164235,1222165003,0,7,291407625453568,228908,,,,,24611,1218204756,1218208219,cudaLaunchKernel_v7000,3002,stage,63,prefill,2,topk,,hbm,GPU control,GPU control,,False,,,prefill,1222164235,1222165003,768
hbm,13422,kernel,"void at::native::elementwise_kernel<(int)128, (int)4, void at::native::gpu_kernel_impl_nocast<at::native::<unnamed>::CompareFunctor<int>>(at::TensorIteratorBase &, const T1 &)::[lambda(int) (instance 1)]>(int, T3)",1222166187,1222168267,0,7,291407625453568,228918,,,,,24612,1218218674,1218222488,cudaLaunchKernel_v7000,3002,stage,63,prefill,2,topk,,hbm,Compute,Indexer / top-k,,False,,,prefill,1222166187,1222168267,2080
hbm,13423,kernel,"void at::native::elementwise_kernel<(int)128, (int)2, void at::native::gpu_kernel_impl_nocast<at::native::<unnamed>::masked_fill_kernel(at::TensorIterator &, const c10::Scalar &)::[lambda() (instance 1)]::operator ()() const::[lambda() (instance 3)]::operator ()() const::[lambda(int, bool) (instance 1)]>(at::TensorIteratorBase &, const T1 &)::[lambda(int) (instance 1)]>(int, T3)",1222169355,1222176971,0,7,291407625453568,228924,,,,,24613,1218235827,1218239733,cudaLaunchKernel_v7000,3002,stage,63,prefill,2,topk,,hbm,Compute,Indexer / top-k,,False,,,prefill,1222169355,1222176971,7616
hbm,13424,kernel,set_mla_kv_buffer_kernel,1222177995,1222182347,0,7,291407625453568,228934,,,,,10729,1218365605,1218370758,cuLaunchKernelEx,3005,stage,63,prefill,2,cache_write,,hbm,GPU control,GPU control,,False,,,prefill,1222177995,1222182347,4352
hbm,13425,kernel,"void at::native::<unnamed>::CatArrayBatchedCopy<at::native::<unnamed>::OpaqueType<(unsigned int)2>, unsigned int, (int)3, (int)64, (int)64>(T1 *, at::native::<unnamed>::CatArrInputTensorMetadata<T1, T2, T4, T5>, at::native::<unnamed>::TensorSizeStride<T2, (unsigned int)4>, int, T2)",1222183595,1222503531,0,7,291407625453568,228942,,,,,24614,1218395426,1218400811,cudaLaunchKernel_v7000,3004,stage,63,prefill,2,cache_control,,hbm,GPU control,GPU control,,False,,,prefill,1222183595,1222503531,319936
hbm,13426,kernel,"void sm90::sparse_attn_fwd_kernel<sm90::TmaParams<cute::tuple<int, int, int>, cute::TiledCopy<cute::Copy_Atom<cute::Copy_Traits<cute::SM90_TMA_LOAD, cute::C<(int)65536>, cute::AuxTmaParams<cute::tuple<cute::ScaledBasis<cute::C<(int)1>, (int)1>, cute::ScaledBasis<cute::C<(int)1>, (int)0>, cute::ScaledBasis<cute::C<(int)1>, (int)2>>, const cute::Layout<cute::tuple<cute::C<(int)64>, cute::C<(int)64>, cute::C<(int)1>>, cute::tuple<cute::ScaledBasis<cute::C<(int)1>, (int)1>, cute::ScaledBasis<cute::C<(int)1>, (int)0>, cute::ScaledBasis<cute::C<(int)1>, (int)2>>> &, const cute::Swizzle<(int)3, (int)4, (int)3> &>>, cutlass::bfloat16_t>, cute::Layout<cute::tuple<cute::C<(int)1>, cute::tuple<cute::tuple<cute::tuple<cute::C<(int)64>, cute::C<(int)64>>, cute::C<(int)9>>>>, cute::tuple<cute::C<(int)0>, cute::tuple<cute::tuple<cute::tuple<cute::C<(int)64>, cute::C<(int)1>>, cute::C<(int)4096>>>>>, cute::tuple<cute::C<(int)64>, cute::C<(int)576>>>>>(SparsePrefillParams, T1)",1222504747,1223405865,0,7,291407625453568,228976,,,,,24617,1218437133,1218442500,cudaLaunchKernelExC_v11060,3006,stage,63,prefill,2,attention,,hbm,Compute,Attention,,False,,,prefill,1222504747,1223405865,901118
hbm,13427,kernel,nvjet_tst_128x256_64x4_1x2_h_bz_coopA_TNN,1223410793,1223461193,0,7,291407625453568,228997,,,,,10734,1218518748,1218525042,cuLaunchKernelEx,3003,stage,63,prefill,2,output_mlp,,hbm,Compute,Output / MLP,,False,,,prefill,1223410793,1223461193,50400
hbm,13428,kernel,"void per_token_group_quant_8bit_kernel<__nv_bfloat16, __nv_fp8_e4m3, (bool)1, (bool)0, float>(const T1 *, void *, T5 *, int, int, int, float, float, float, int, int)",1223462505,1223482697,0,7,291407625453568,229018,,,,,24619,1218594823,1218600370,cudaLaunchKernel_v7000,3003,stage,63,prefill,2,output_mlp,,hbm,Compute,Output / MLP,,False,,,prefill,1223462505,1223482697,20192
hbm,13429,kernel,"void deep_gemm::sm90_fp8_gemm_1d2d_impl<(unsigned int)0, (unsigned int)7168, (unsigned int)16384, (unsigned int)1, (unsigned int)256, (unsigned int)112, (unsigned int)128, (unsigned int)32, (unsigned int)3, (unsigned int)2, (unsigned int)128, (unsigned int)256, (unsigned int)2, (bool)1, (unsigned int)128, (deep_gemm::GemmType)0, deep_gemm::EpilogueIdentity>(float *, int *, unsigned int, unsigned int, unsigned int, CUtensorMap_st, CUtensorMap_st, CUtensorMap_st, CUtensorMap_st)",1223483977,1223689065,0,7,291407625453568,229032,,,,,10739,1218659963,1218665000,cuLaunchKernelEx,3003,stage,63,prefill,2,output_mlp,,hbm,Compute,Output / MLP,,False,,,prefill,1223483977,1223689065,205088
hbm,13430,kernel,"void flashinfer::norm::FusedAddRMSNormKernel<(unsigned int)8, __nv_bfloat16>(T2 *, T2 *, T2 *, unsigned int, unsigned int, unsigned int, float, float)",1223688969,1223703977,0,7,291407625453568,229035,,,,,24620,1218715862,1218720820,cudaLaunchKernelExC_v11060,3007,stage,63,prefill,2,output_mlp,,hbm,Compute,Output / MLP,,False,,,prefill,1223688969,1223703977,15008
hbm,13431,kernel,"void per_token_group_quant_8bit_kernel<__nv_bfloat16, __nv_fp8_e4m3, (bool)1, (bool)0, float>(const T1 *, void *, T5 *, int, int, int, float, float, float, int, int)",1223705097,1223713801,0,7,291407625453568,229054,,,,,24621,1218784270,1218789164,cudaLaunchKernel_v7000,3008,stage,63,prefill,2,output_mlp,,hbm,Compute,Output / MLP,,False,,,prefill,1223705097,1223713801,8704
hbm,13432,kernel,"void deep_gemm::sm90_fp8_gemm_1d2d_impl<(unsigned int)0, (unsigned int)36864, (unsigned int)7168, (unsigned int)1, (unsigned int)256, (unsigned int)128, (unsigned int)128, (unsigned int)128, (unsigned int)3, (unsigned int)2, (unsigned int)128, (unsigned int)256, (unsigned int)2, (bool)1, (unsigned int)128, (deep_gemm::GemmType)0, deep_gemm::EpilogueIdentity>(float *, int *, unsigned int, unsigned int, unsigned int, CUtensorMap_st, CUtensorMap_st, CUtensorMap_st, CUtensorMap_st)",1223715017,1224137864,0,7,291407625453568,229068,,,,,10744,1218829821,1218834531,cuLaunchKernelEx,3008,stage,63,prefill,2,output_mlp,,hbm,Compute,Output / MLP,,False,,,prefill,1223715017,1224137864,422847
hbm,13433,kernel,"void flashinfer::activation::act_and_mul_kernel<__nv_bfloat16, &silu<float>>(T1 *, const T1 *, int)",1224139144,1224167720,0,7,291407625453568,229078,,,,,24622,1218862116,1218866368,cudaLaunchKernel_v7000,3008,stage,63,prefill,2,output_mlp,,hbm,Compute,Output / MLP,,False,,,prefill,1224139144,1224167720,28576
hbm,13434,kernel,"void per_token_group_quant_8bit_kernel<__nv_bfloat16, __nv_fp8_e4m3, (bool)1, (bool)0, float>(const T1 *, void *, T5 *, int, int, int, float, float, float, int, int)",1224168904,1224192200,0,7,291407625453568,229099,,,,,24623,1218908065,1218912495,cudaLaunchKernel_v7000,3008,stage,63,prefill,2,output_mlp,,hbm,Compute,Output / MLP,,False,,,prefill,1224168904,1224192200,23296
hbm,13435,kernel,"void deep_gemm::sm90_fp8_gemm_1d2d_impl<(unsigned int)0, (unsigned int)7168, (unsigned int)18432, (unsigned int)1, (unsigned int)256, (unsigned int)112, (unsigned int)128, (unsigned int)32, (unsigned int)3, (unsigned int)0, (unsigned int)128, (unsigned int)256, (unsigned int)2, (bool)1, (unsigned int)128, (deep_gemm::GemmType)0, deep_gemm::EpilogueIdentity>(float *, int *, unsigned int, unsigned int, unsigned int, CUtensorMap_st, CUtensorMap_st, CUtensorMap_st, CUtensorMap_st)",1224193480,1224423304,0,7,291407625453568,229113,,,,,10749,1218948479,1218952579,cuLaunchKernelEx,3008,stage,63,prefill,2,output_mlp,,hbm,Compute,Output / MLP,,False,,,prefill,1224193480,1224423304,229824
hbm,13436,kernel,"void flashinfer::norm::FusedAddRMSNormKernel<(unsigned int)8, __nv_bfloat16>(T2 *, T2 *, T2 *, unsigned int, unsigned int, unsigned int, float, float)",1224423208,1224438472,0,7,291407625453568,229116,,,,,24624,1218996726,1219001365,cudaLaunchKernelExC_v11060,2963,forward,63,prefill,-1,,,hbm,Compute,Output / MLP,,False,,Shared final norm outside decoder-layer scopes; raw CUPTI overlap may clip its start into the L2 window,prefill,1224423208,1224423304,96
hbm,13473,kernel,"void flashinfer::norm::RMSNormKernel<(unsigned int)8, __nv_bfloat16>(T2 *, T2 *, T2 *, unsigned int, unsigned int, unsigned int, float, float)",1281492536,1281495128,0,7,291407625453568,230215,,,,,24699,1281485615,1281490458,cudaLaunchKernelExC_v11060,3014,stage,64,extend,0,projection,,hbm,Compute,Projection / RoPE,,False,,,extend,1281492536,1281495128,2592
hbm,13474,kernel,"void per_token_group_quant_8bit_kernel<__nv_bfloat16, __nv_fp8_e4m3, (bool)1, (bool)0, float>(const T1 *, void *, T5 *, int, int, int, float, float, float, int, int)",1281595064,1281597496,0,7,291407625453568,230236,,,,,24700,1281588031,1281593919,cudaLaunchKernel_v7000,3015,stage,64,extend,0,projection,,hbm,Compute,Projection / RoPE,,False,,,extend,1281595064,1281597496,2432
hbm,13475,kernel,"void deep_gemm::sm90_fp8_gemm_1d2d_impl<(unsigned int)0, (unsigned int)2112, (unsigned int)7168, (unsigned int)1, (unsigned int)64, (unsigned int)32, (unsigned int)128, (unsigned int)64, (unsigned int)12, (unsigned int)8, (unsigned int)128, (unsigned int)128, (unsigned int)1, (bool)0, (unsigned int)132, (deep_gemm::GemmType)0, deep_gemm::EpilogueIdentity>(float *, int *, unsigned int, unsigned int, unsigned int, CUtensorMap_st, CUtensorMap_st, CUtensorMap_st, CUtensorMap_st)",1281669528,1281679960,0,7,291407625453568,230250,,,,,10760,1281662189,1281668981,cuLaunchKernelEx,3015,stage,64,extend,0,projection,,hbm,Compute,Projection / RoPE,,False,,,extend,1281669528,1281679960,10432
hbm,13476,kernel,"void flashinfer::norm::RMSNormKernel<(unsigned int)8, __nv_bfloat16>(T2 *, T2 *, T2 *, unsigned int, unsigned int, unsigned int, float, float)",1281725112,1281727064,0,7,291407625453568,230264,,,,,24701,1281718249,1281723602,cudaLaunchKernelExC_v11060,3015,stage,64,extend,0,projection,,hbm,Compute,Projection / RoPE,,False,,,extend,1281725112,1281727064,1952
hbm,13477,kernel,"void flashinfer::norm::RMSNormKernel<(unsigned int)8, __nv_bfloat16>(T2 *, T2 *, T2 *, unsigned int, unsigned int, unsigned int, float, float)",1281743672,1281745464,0,7,291407625453568,230277,,,,,24702,1281737684,1281741695,cudaLaunchKernelExC_v11060,3015,stage,64,extend,0,projection,,hbm,Compute,Projection / RoPE,,False,,,extend,1281743672,1281745464,1792
hbm,13478,kernel,"void per_token_group_quant_8bit_kernel<__nv_bfloat16, __nv_fp8_e4m3, (bool)1, (bool)0, float>(const T1 *, void *, T5 *, int, int, int, float, float, float, int, int)",1281796952,1281798680,0,7,291407625453568,230298,,,,,24703,1281790767,1281795334,cudaLaunchKernel_v7000,3015,stage,64,extend,0,projection,,hbm,Compute,Projection / RoPE,,False,,,extend,1281796952,1281798680,1728
hbm,13479,kernel,"void deep_gemm::sm90_fp8_gemm_1d2d_impl<(unsigned int)0, (unsigned int)24576, (unsigned int)1536, (unsigned int)1, (unsigned int)128, (unsigned int)192, (unsigned int)128, (unsigned int)128, (unsigned int)4, (unsigned int)0, (unsigned int)128, (unsigned int)256, (unsigned int)1, (bool)0, (unsigned int)128, (deep_gemm::GemmType)0, deep_gemm::EpilogueIdentity>(float *, int *, unsigned int, unsigned int, unsigned int, CUtensorMap_st, CUtensorMap_st, CUtensorMap_st, CUtensorMap_st)",1281844856,1281860823,0,7,291407625453568,230312,,,,,10765,1281838052,1281843701,cuLaunchKernelEx,3015,stage,64,extend,0,projection,,hbm,Compute,Projection / RoPE,,False,,,extend,1281844856,1281860823,15967
hbm,13480,kernel,nvjet_tst_256x128_64x4_2x1_v_bz_coopA_TNT,1281924407,1281934967,0,7,291407625453568,230329,,,,,10768,1281914856,1281923126,cuLaunchKernelEx,3015,stage,64,extend,0,projection,,hbm,Compute,Projection / RoPE,,False,,,extend,1281924407,1281934967,10560
hbm,13481,kernel,"void flashinfer::BatchQKApplyRotaryPosIdsCosSinCacheHeadParallelismKernel<(bool)1, (unsigned int)64, (unsigned int)8, (unsigned int)8, __nv_bfloat16, long>(T5 *, T5 *, T5 *, T5 *, float *, T6 *, unsigned int, unsigned int, unsigned int, unsigned int, unsigned long, unsigned long, unsigned long, unsigned long, unsigned long, unsigned long, unsigned long, unsigned long)",1281980439,1281983031,0,7,291407625453568,230337,,,,,24704,1281973786,1281978838,cudaLaunchKernel_v7000,3015,stage,64,extend,0,projection,,hbm,Compute,Projection / RoPE,,False,,,extend,1281980439,1281983031,2592
hbm,13482,kernel,"void per_token_group_quant_8bit_kernel<__nv_bfloat16, __nv_fp8_e4m3, (bool)1, (bool)0, float>(const T1 *, void *, T5 *, int, int, int, float, float, float, int, int)",1282068983,1282070999,0,7,291407625453568,230356,,,,,24705,1282062105,1282067839,cudaLaunchKernel_v7000,3016,stage,64,extend,0,indexer,,hbm,Compute,Indexer / top-k,,False,,,extend,1282068983,1282070999,2016
hbm,13483,kernel,"void deep_gemm::sm90_fp8_gemm_1d2d_impl<(unsigned int)0, (unsigned int)8192, (unsigned int)1536, (unsigned int)1, (unsigned int)64, (unsigned int)128, (unsigned int)128, (unsigned int)128, (unsigned int)8, (unsigned int)4, (unsigned int)128, (unsigned int)128, (unsigned int)1, (bool)0, (unsigned int)128, (deep_gemm::GemmType)0, deep_gemm::EpilogueIdentity>(float *, int *, unsigned int, unsigned int, unsigned int, CUtensorMap_st, CUtensorMap_st, CUtensorMap_st, CUtensorMap_st)",1282118327,1282126039,0,7,291407625453568,230370,,,,,10773,1282111561,1282117552,cuLaunchKernelEx,3016,stage,64,extend,0,indexer,,hbm,Compute,Indexer / top-k,,False,,,extend,1282118327,1282126039,7712
hbm,13484,kernel,"void per_token_group_quant_8bit_kernel<__nv_bfloat16, __nv_fp8_e4m3, (bool)1, (bool)0, float>(const T1 *, void *, T5 *, int, int, int, float, float, float, int, int)",1282193687,1282196343,0,7,291407625453568,230389,,,,,24706,1282187116,1282192218,cudaLaunchKernel_v7000,3016,stage,64,extend,0,indexer,,hbm,Compute,Indexer / top-k,,False,,,extend,1282193687,1282196343,2656
hbm,13485,kernel,"void deep_gemm::sm90_fp8_gemm_1d2d_impl<(unsigned int)0, (unsigned int)128, (unsigned int)7168, (unsigned int)1, (unsigned int)64, (unsigned int)16, (unsigned int)128, (unsigned int)32, (unsigned int)12, (unsigned int)8, (unsigned int)128, (unsigned int)128, (unsigned int)1, (bool)0, (unsigned int)16, (deep_gemm::GemmType)0, deep_gemm::EpilogueIdentity>(float *, int *, unsigned int, unsigned int, unsigned int, CUtensorMap_st, CUtensorMap_st, CUtensorMap_st, CUtensorMap_st)",1282237687,1282246359,0,7,291407625453568,230403,,,,,10778,1282230830,1282236651,cuLaunchKernelEx,3016,stage,64,extend,0,indexer,,hbm,Compute,Indexer / top-k,,False,,,extend,1282237687,1282246359,8672
hbm,13486,kernel,"void at::native::unrolled_elementwise_kernel<at::native::direct_copy_kernel_cuda(at::TensorIteratorBase &)::[lambda() (instance 3)]::operator ()() const::[lambda() (instance 7)]::operator ()() const::[lambda(float) (instance 1)], std::array<char *, (unsigned long)2>, (int)4, TrivialOffsetCalculator<(int)1, unsigned int>, TrivialOffsetCalculator<(int)1, unsigned int>, at::native::memory::LoadWithCast<(int)1>, at::native::memory::StoreWithCast<(int)1>>(int, T1, T2, T4, T5, T6, T7)",1282269399,1282272311,0,7,291407625453568,230413,,,,,24707,1282262787,1282267876,cudaLaunchKernel_v7000,3016,stage,64,extend,0,indexer,,hbm,Compute,Indexer / top-k,,False,,,extend,1282269399,1282272311,2912
hbm,13487,kernel,"void at::native::<unnamed>::vectorized_layer_norm_kernel<float, float>(int, T2, const T1 *, const T1 *, const T1 *, T2 *, T2 *, T1 *)",1282297335,1282300247,0,7,291407625453568,230443,,,,,24708,1282291261,1282295607,cudaLaunchKernel_v7000,3016,stage,64,extend,0,indexer,,hbm,Compute,Indexer / top-k,,False,,,extend,1282297335,1282300247,2912
hbm,13488,kernel,"void at::native::vectorized_elementwise_kernel<(int)8, at::native::bfloat16_copy_kernel_cuda(at::TensorIteratorBase &)::[lambda(float) (instance 1)], std::array<char *, (unsigned long)2>>(int, T2, T3)",1282314647,1282315703,0,7,291407625453568,230456,,,,,24709,1282309102,1282312697,cudaLaunchKernel_v7000,3016,stage,64,extend,0,indexer,,hbm,Compute,Indexer / top-k,,False,,,extend,1282314647,1282315703,1056
hbm,13489,kernel,"void flashinfer::BatchQKApplyRotaryPosIdsCosSinCacheHeadParallelismKernel<(bool)0, (unsigned int)64, (unsigned int)8, (unsigned int)8, __nv_bfloat16, long>(T5 *, T5 *, T5 *, T5 *, float *, T6 *, unsigned int, unsigned int, unsigned int, unsigned int, unsigned long, unsigned long, unsigned long, unsigned long, unsigned long, unsigned long, unsigned long, unsigned long)",1282365399,1282367511,0,7,291407625453568,230466,,,,,24710,1282359302,1282363333,cudaLaunchKernel_v7000,3016,stage,64,extend,0,indexer,,hbm,Compute,Indexer / top-k,,False,,,extend,1282365399,1282367511,2112
hbm,13490,kernel,"void fast_hadamard_transform_kernel<fast_hadamard_transform_kernel_traits<(int)16, (int)7, c10::BFloat16>>(HadamardParamsBase)",1282413367,1282419639,0,7,291407625453568,230482,,,,,24711,1282407050,1282411503,cudaLaunchKernel_v7000,3016,stage,64,extend,0,indexer,,hbm,Compute,Indexer / top-k,,False,,,extend,1282413367,1282419639,6272
hbm,13491,kernel,"void fast_hadamard_transform_kernel<fast_hadamard_transform_kernel_traits<(int)16, (int)7, c10::BFloat16>>(HadamardParamsBase)",1282440567,1282441751,0,7,291407625453568,230495,,,,,24712,1282435087,1282438623,cudaLaunchKernel_v7000,3016,stage,64,extend,0,indexer,,hbm,Compute,Indexer / top-k,,False,,,extend,1282440567,1282441751,1184
hbm,13492,kernel,_act_quant_kernel,1282518743,1282520855,0,7,291407625453568,230518,,,,,10779,1282512042,1282516701,cuLaunchKernelEx,3016,stage,64,extend,0,indexer,,hbm,Compute,Indexer / top-k,,False,,,extend,1282518743,1282520855,2112
hbm,13493,kernel,_act_quant_kernel,1282569110,1282570678,0,7,291407625453568,230538,,,,,10780,1282563229,1282566912,cuLaunchKernelEx,3016,stage,64,extend,0,indexer,,hbm,Compute,Indexer / top-k,,False,,,extend,1282569110,1282570678,1568
hbm,13494,kernel,_set_k_and_s_triton_kernel,1282637014,1282638326,0,7,291407625453568,230546,,,,,10781,1282630845,1282635147,cuLaunchKernelEx,3017,stage,64,extend,0,cache_write,,hbm,GPU control,GPU control,,False,,,extend,1282637014,1282638326,1312
hbm,13495,kernel,triton_poi_fused__to_copy_0,1282763414,1282765334,0,7,291407625453568,230556,,,,,10782,1282756847,1282761997,cuLaunchKernel,3016,stage,64,extend,0,indexer,,hbm,Compute,Indexer / top-k,,False,,,extend,1282763414,1282765334,1920
hbm,13496,kernel,void cutlass::Kernel2<cutlass_80_simt_sgemm_64x64_8x5_tn_align1>(T1::Params),1282814454,1282825590,0,7,291407625453568,230571,,,,,10784,1282807944,1282813571,cuLaunchKernel,3016,stage,64,extend,0,indexer,,hbm,Compute,Indexer / top-k,,False,,,extend,1282814454,1282825590,11136
hbm,13497,kernel,"void cublasLt::splitKreduce_kernel<(int)32, (int)16, int, float, float, float, float, (bool)0, float, float, float, (bool)1, (bool)0, (bool)0>(cublasLt::cublasSplitKParams<T6>, const T4 *, const T10 *, T9 *, T5 *, const T6 *, const T6 *, const T11 *, const T4 *, T11 *, void *, long, T6 *, int *, T6 *, T6 *, const T6 *, const T6 *, const T6 *, const T6 *, const T6 *)",1282826710,1282830006,0,7,291407625453568,230573,,,,,24713,1282817038,1282824040,cudaLaunchKernel_v7000,3016,stage,64,extend,0,indexer,,hbm,Compute,Indexer / top-k,,False,,,extend,1282826710,1282830006,3296
hbm,13498,kernel,triton_poi_fused_mul_1,1282849526,1282850518,0,7,291407625453568,230580,,,,,10785,1282843953,1282847708,cuLaunchKernel,3016,stage,64,extend,0,indexer,,hbm,Compute,Indexer / top-k,,False,,,extend,1282849526,1282850518,992
hbm,13499,kernel,"void at::native::vectorized_elementwise_kernel<(int)4, at::native::AUnaryFunctor<int, int, int, at::native::binary_internal::MulFunctor<int>>, std::array<char *, (unsigned long)2>>(int, T2, T3)",1282937014,1282938198,0,7,291407625453568,230591,,,,,24714,1282930153,1282935723,cudaLaunchKernel_v7000,3018,stage,64,extend,0,indexer_control,,hbm,GPU control,GPU control,,False,,,extend,1282937014,1282938198,1184
hbm,13500,kernel,"void <unnamed>::elementwise_kernel_with_index<int, at::native::arange_cuda_out(const c10::Scalar &, const c10::Scalar &, const c10::Scalar &, at::Tensor &)::[lambda() (instance 1)]::operator ()() const::[lambda() (instance 3)]::operator ()() const::[lambda(long) (instance 1)]>(T1, T2, function_traits<T2>::result_type *)",1282968502,1282969334,0,7,291407625453568,230611,,,,,24715,1282962217,1282966550,cudaLaunchKernel_v7000,3018,stage,64,extend,0,indexer_control,,hbm,GPU control,GPU control,,False,,,extend,1282968502,1282969334,832
hbm,13501,kernel,"void at::native::elementwise_kernel<(int)128, (int)2, void at::native::gpu_kernel_impl_nocast<at::native::CUDAFunctor_add<int>>(at::TensorIteratorBase &, const T1 &)::[lambda(int) (instance 1)]>(int, T3)",1282989846,1283011542,0,7,291407625453568,230624,,,,,24716,1282983965,1282987678,cudaLaunchKernel_v7000,3018,stage,64,extend,0,indexer_control,,hbm,GPU control,GPU control,,False,,,extend,1282989846,1283011542,21696
hbm,13502,kernel,"void at::native::unrolled_elementwise_kernel<at::native::direct_copy_kernel_cuda(at::TensorIteratorBase &)::[lambda() (instance 3)]::operator ()() const::[lambda() (instance 4)]::operator ()() const::[lambda(long) (instance 1)], std::array<char *, (unsigned long)2>, (int)4, TrivialOffsetCalculator<(int)1, unsigned int>, TrivialOffsetCalculator<(int)1, unsigned int>, at::native::memory::LoadWithCast<(int)1>, at::native::memory::StoreWithCast<(int)1>>(int, T1, T2, T4, T5, T6, T7)",1283028566,1283058134,0,7,291407625453568,230641,,,,,24717,1283021754,1283026222,cudaLaunchKernel_v7000,3018,stage,64,extend,0,indexer_control,,hbm,GPU control,GPU control,,False,,,extend,1283028566,1283058134,29568
hbm,13503,kernel,"void at::native::index_elementwise_kernel<(int)128, (int)4, void at::native::gpu_index_kernel<void at::native::index_kernel_impl<at::native::OpaqueType<(int)1>>(at::TensorIteratorBase &, c10::ArrayRef<long>, c10::ArrayRef<long>)::[lambda(char *, const char *, long) (instance 1)]>(at::TensorIteratorBase &, c10::ArrayRef<long>, c10::ArrayRef<long>, const T1 &, bool)::[lambda(int) (instance 1)]>(long, T3)",1283059606,1283112310,0,7,291407625453568,230652,,,,,24718,1283037340,1283041715,cudaLaunchKernel_v7000,3018,stage,64,extend,0,indexer_control,,hbm,GPU control,GPU control,,False,,,extend,1283059606,1283112310,52704
hbm,13504,kernel,"void at::native::vectorized_elementwise_kernel<(int)4, at::native::AUnaryFunctor<int, int, int, at::native::binary_internal::MulFunctor<int>>, std::array<char *, (unsigned long)2>>(int, T2, T3)",1283113494,1283115094,0,7,291407625453568,230667,,,,,24719,1283078019,1283081975,cudaLaunchKernel_v7000,3018,stage,64,extend,0,indexer_control,,hbm,GPU control,GPU control,,False,,,extend,1283113494,1283115094,1600
hbm,13505,kernel,"void <unnamed>::elementwise_kernel_with_index<int, at::native::arange_cuda_out(const c10::Scalar &, const c10::Scalar &, const c10::Scalar &, at::Tensor &)::[lambda() (instance 1)]::operator ()() const::[lambda() (instance 3)]::operator ()() const::[lambda(long) (instance 1)]>(T1, T2, function_traits<T2>::result_type *)",1283116278,1283116982,0,7,291407625453568,230687,,,,,24720,1283096314,1283099954,cudaLaunchKernel_v7000,3018,stage,64,extend,0,indexer_control,,hbm,GPU control,GPU control,,False,,,extend,1283116278,1283116982,704
hbm,13506,kernel,"void at::native::elementwise_kernel<(int)128, (int)2, void at::native::gpu_kernel_impl_nocast<at::native::CUDAFunctor_add<int>>(at::TensorIteratorBase &, const T1 &)::[lambda(int) (instance 1)]>(int, T3)",1283118166,1283120374,0,7,291407625453568,230700,,,,,24721,1283110933,1283114477,cudaLaunchKernel_v7000,3018,stage,64,extend,0,indexer_control,,hbm,GPU control,GPU control,,False,,,extend,1283118166,1283120374,2208
hbm,13507,kernel,"void at::native::vectorized_elementwise_kernel<(int)4, at::native::CUDAFunctorOnSelf_add<int>, std::array<char *, (unsigned long)2>>(int, T2, T3)",1283129974,1283131318,0,7,291407625453568,230710,,,,,24722,1283124616,1283128108,cudaLaunchKernel_v7000,3018,stage,64,extend,0,indexer_control,,hbm,GPU control,GPU control,,False,,,extend,1283129974,1283131318,1344
hbm,13508,kernel,"void at::native::unrolled_elementwise_kernel<at::native::direct_copy_kernel_cuda(at::TensorIteratorBase &)::[lambda() (instance 3)]::operator ()() const::[lambda() (instance 4)]::operator ()() const::[lambda(long) (instance 1)], std::array<char *, (unsigned long)2>, (int)4, TrivialOffsetCalculator<(int)1, unsigned int>, TrivialOffsetCalculator<(int)1, unsigned int>, at::native::memory::LoadWithCast<(int)1>, at::native::memory::StoreWithCast<(int)1>>(int, T1, T2, T4, T5, T6, T7)",1283153622,1283156342,0,7,291407625453568,230727,,,,,24723,1283146738,1283151578,cudaLaunchKernel_v7000,3018,stage,64,extend,0,indexer_control,,hbm,GPU control,GPU control,,False,,,extend,1283153622,1283156342,2720
hbm,13509,kernel,"void at::native::index_elementwise_kernel<(int)128, (int)4, void at::native::gpu_index_kernel<void at::native::index_kernel_impl<at::native::OpaqueType<(int)1>>(at::TensorIteratorBase &, c10::ArrayRef<long>, c10::ArrayRef<long>)::[lambda(char *, const char *, long) (instance 1)]>(at::TensorIteratorBase &, c10::ArrayRef<long>, c10::ArrayRef<long>, const T1 &, bool)::[lambda(int) (instance 1)]>(long, T3)",1283164790,1283169462,0,7,291407625453568,230738,,,,,24724,1283159186,1283162717,cudaLaunchKernel_v7000,3018,stage,64,extend,0,indexer_control,,hbm,GPU control,GPU control,,False,,,extend,1283164790,1283169462,4672
hbm,13510,kernel,"void at::native::vectorized_elementwise_kernel<(int)4, at::native::FillFunctor<int>, std::array<char *, (unsigned long)1>>(int, T2, T3)",1283185174,1283186390,0,7,291407625453568,230753,,,,,24725,1283179473,1283183219,cudaLaunchKernel_v7000,3018,stage,64,extend,0,indexer_control,,hbm,GPU control,GPU control,,False,,,extend,1283185174,1283186390,1216
hbm,13511,kernel,"void at::native::vectorized_elementwise_kernel<(int)4, at::native::CUDAFunctor_add<int>, std::array<char *, (unsigned long)3>>(int, T2, T3)",1283276917,1283278133,0,7,291407625453568,230799,,,,,24729,1283271105,1283275199,cudaLaunchKernel_v7000,3018,stage,64,extend,0,indexer_control,,hbm,GPU control,GPU control,,False,,,extend,1283276917,1283278133,1216
hbm,13512,kernel,"void deep_gemm::sm90_fp8_mqa_logits<(unsigned int)64, (unsigned int)128, (unsigned int)2, (unsigned int)256, (unsigned int)3, (unsigned int)3, (unsigned int)128, (unsigned int)512>(unsigned int, unsigned int, unsigned long, unsigned int *, unsigned int *, float *, CUtensorMap_st, CUtensorMap_st, CUtensorMap_st, CUtensorMap_st)",1283329653,1283561557,0,7,291407625453568,230819,,,,,10790,1283323713,1283327919,cuLaunchKernelEx,3019,stage,64,extend,0,indexer,,hbm,Compute,Indexer / top-k,,False,,,extend,1283329653,1283561557,231904
hbm,13513,kernel,"<unnamed>::topk_transform_prefill_kernel(<unnamed>::FastTopKParams, int *, const int *, long, float *, const int *, long)",1283562901,1283599861,0,7,291407625453568,230828,,,,,24730,1283368059,1283372732,cudaLaunchKernel_v7000,3020,stage,64,extend,0,topk,,hbm,Compute,Indexer / top-k,,False,,,extend,1283562901,1283599861,36960
hbm,13514,kernel,"void <unnamed>::elementwise_kernel_with_index<int, at::native::arange_cuda_out(const c10::Scalar &, const c10::Scalar &, const c10::Scalar &, at::Tensor &)::[lambda() (instance 1)]::operator ()() const::[lambda() (instance 3)]::operator ()() const::[lambda(long) (instance 1)]>(T1, T2, function_traits<T2>::result_type *)",1283601237,1283602069,0,7,291407625453568,230843,,,,,24731,1283384916,1283388660,cudaLaunchKernel_v7000,3020,stage,64,extend,0,topk,,hbm,GPU control,GPU control,,False,,,extend,1283601237,1283602069,832
hbm,13515,kernel,"void at::native::elementwise_kernel<(int)128, (int)4, void at::native::gpu_kernel_impl_nocast<at::native::<unnamed>::CompareFunctor<int>>(at::TensorIteratorBase &, const T1 &)::[lambda(int) (instance 1)]>(int, T3)",1283603189,1283604373,0,7,291407625453568,230853,,,,,24732,1283398676,1283402429,cudaLaunchKernel_v7000,3020,stage,64,extend,0,topk,,hbm,Compute,Indexer / top-k,,False,,,extend,1283603189,1283604373,1184
hbm,13516,kernel,"void at::native::elementwise_kernel<(int)128, (int)2, void at::native::gpu_kernel_impl_nocast<at::native::<unnamed>::masked_fill_kernel(at::TensorIterator &, const c10::Scalar &)::[lambda() (instance 1)]::operator ()() const::[lambda() (instance 3)]::operator ()() const::[lambda(int, bool) (instance 1)]>(at::TensorIteratorBase &, const T1 &)::[lambda(int) (instance 1)]>(int, T3)",1283605493,1283607829,0,7,291407625453568,230859,,,,,24733,1283415626,1283419412,cudaLaunchKernel_v7000,3020,stage,64,extend,0,topk,,hbm,Compute,Indexer / top-k,,False,,,extend,1283605493,1283607829,2336
hbm,13517,kernel,set_mla_kv_buffer_kernel,1283608885,1283610549,0,7,291407625453568,230869,,,,,10791,1283547903,1283552818,cuLaunchKernelEx,3023,stage,64,extend,0,cache_write,,hbm,GPU control,GPU control,,False,,,extend,1283608885,1283610549,1664
hbm,13518,kernel,"void at::native::<unnamed>::CatArrayBatchedCopy<at::native::<unnamed>::OpaqueType<(unsigned int)2>, unsigned int, (int)3, (int)64, (int)64>(T1 *, at::native::<unnamed>::CatArrInputTensorMetadata<T1, T2, T4, T5>, at::native::<unnamed>::TensorSizeStride<T2, (unsigned int)4>, int, T2)",1283611541,1283654229,0,7,291407625453568,230877,,,,,24734,1283577140,1283582239,cudaLaunchKernel_v7000,3022,stage,64,extend,0,cache_control,,hbm,GPU control,GPU control,,False,,,extend,1283611541,1283654229,42688
hbm,13519,kernel,"void sm90::sparse_attn_fwd_kernel<sm90::TmaParams<cute::tuple<int, int, int>, cute::TiledCopy<cute::Copy_Atom<cute::Copy_Traits<cute::SM90_TMA_LOAD, cute::C<(int)65536>, cute::AuxTmaParams<cute::tuple<cute::ScaledBasis<cute::C<(int)1>, (int)1>, cute::ScaledBasis<cute::C<(int)1>, (int)0>, cute::ScaledBasis<cute::C<(int)1>, (int)2>>, const cute::Layout<cute::tuple<cute::C<(int)64>, cute::C<(int)64>, cute::C<(int)1>>, cute::tuple<cute::ScaledBasis<cute::C<(int)1>, (int)1>, cute::ScaledBasis<cute::C<(int)1>, (int)0>, cute::ScaledBasis<cute::C<(int)1>, (int)2>>> &, const cute::Swizzle<(int)3, (int)4, (int)3> &>>, cutlass::bfloat16_t>, cute::Layout<cute::tuple<cute::C<(int)1>, cute::tuple<cute::tuple<cute::tuple<cute::C<(int)64>, cute::C<(int)64>>, cute::C<(int)9>>>>, cute::tuple<cute::C<(int)0>, cute::tuple<cute::tuple<cute::tuple<cute::C<(int)64>, cute::C<(int)1>>, cute::C<(int)4096>>>>>, cute::tuple<cute::C<(int)64>, cute::C<(int)576>>>>>(SparsePrefillParams, T1)",1283655317,1283773589,0,7,291407625453568,230911,,,,,24737,1283618849,1283624270,cudaLaunchKernelExC_v11060,3024,stage,64,extend,0,attention,,hbm,Compute,Attention,,False,,,extend,1283655317,1283773589,118272
hbm,13520,kernel,nvjet_tst_128x128_64x6_1x1_v_bz_TNT,1283775093,1283785781,0,7,291407625453568,230931,,,,,10796,1283690928,1283697299,cuLaunchKernelEx,3021,stage,64,extend,0,output_mlp,,hbm,Compute,Output / MLP,,False,,,extend,1283775093,1283785781,10688
hbm,13521,kernel,"void per_token_group_quant_8bit_kernel<__nv_bfloat16, __nv_fp8_e4m3, (bool)1, (bool)0, float>(const T1 *, void *, T5 *, int, int, int, float, float, float, int, int)",1283786965,1283790709,0,7,291407625453568,230952,,,,,24738,1283765982,1283771712,cudaLaunchKernel_v7000,3021,stage,64,extend,0,output_mlp,,hbm,Compute,Output / MLP,,False,,,extend,1283786965,1283790709,3744
hbm,13522,kernel,"void deep_gemm::sm90_fp8_gemm_1d2d_impl<(unsigned int)0, (unsigned int)7168, (unsigned int)16384, (unsigned int)1, (unsigned int)64, (unsigned int)112, (unsigned int)128, (unsigned int)32, (unsigned int)9, (unsigned int)2, (unsigned int)128, (unsigned int)128, (unsigned int)1, (bool)0, (unsigned int)128, (deep_gemm::GemmType)0, deep_gemm::EpilogueIdentity>(float *, int *, unsigned int, unsigned int, unsigned int, CUtensorMap_st, CUtensorMap_st, CUtensorMap_st, CUtensorMap_st)",1283838101,1283876853,0,7,291407625453568,230966,,,,,10801,1283831423,1283836749,cuLaunchKernelEx,3021,stage,64,extend,0,output_mlp,,hbm,Compute,Output / MLP,,False,,,extend,1283838101,1283876853,38752
hbm,13523,kernel,"void flashinfer::norm::FusedAddRMSNormKernel<(unsigned int)8, __nv_bfloat16>(T2 *, T2 *, T2 *, unsigned int, unsigned int, unsigned int, float, float)",1283897525,1283901301,0,7,291407625453568,230969,,,,,24739,1283889916,1283895438,cudaLaunchKernelExC_v11060,3025,stage,64,extend,0,output_mlp,,hbm,Compute,Output / MLP,,False,,,extend,1283897525,1283901301,3776
hbm,13524,kernel,"void per_token_group_quant_8bit_kernel<__nv_bfloat16, __nv_fp8_e4m3, (bool)1, (bool)0, float>(const T1 *, void *, T5 *, int, int, int, float, float, float, int, int)",1283969941,1283972309,0,7,291407625453568,230988,,,,,24740,1283963143,1283968433,cudaLaunchKernel_v7000,3026,stage,64,extend,0,output_mlp,,hbm,Compute,Output / MLP,,False,,,extend,1283969941,1283972309,2368
hbm,13525,kernel,"void deep_gemm::sm90_fp8_gemm_1d2d_impl<(unsigned int)0, (unsigned int)36864, (unsigned int)7168, (unsigned int)1, (unsigned int)128, (unsigned int)144, (unsigned int)128, (unsigned int)32, (unsigned int)5, (unsigned int)1, (unsigned int)128, (unsigned int)256, (unsigned int)1, (bool)0, (unsigned int)128, (deep_gemm::GemmType)0, deep_gemm::EpilogueIdentity>(float *, int *, unsigned int, unsigned int, unsigned int, CUtensorMap_st, CUtensorMap_st, CUtensorMap_st, CUtensorMap_st)",1284018292,1284097012,0,7,291407625453568,231002,,,,,10806,1284011956,1284016912,cuLaunchKernelEx,3026,stage,64,extend,0,output_mlp,,hbm,Compute,Output / MLP,,False,,,extend,1284018292,1284097012,78720
hbm,13526,kernel,"void flashinfer::activation::act_and_mul_kernel<__nv_bfloat16, &silu<float>>(T1 *, const T1 *, int)",1284098356,1284103764,0,7,291407625453568,231012,,,,,24741,1284055731,1284060408,cudaLaunchKernel_v7000,3026,stage,64,extend,0,output_mlp,,hbm,Compute,Output / MLP,,False,,,extend,1284098356,1284103764,5408
hbm,13527,kernel,"void per_token_group_quant_8bit_kernel<__nv_bfloat16, __nv_fp8_e4m3, (bool)1, (bool)0, float>(const T1 *, void *, T5 *, int, int, int, float, float, float, int, int)",1284111028,1284115412,0,7,291407625453568,231033,,,,,24742,1284104565,1284109034,cudaLaunchKernel_v7000,3026,stage,64,extend,0,output_mlp,,hbm,Compute,Output / MLP,,False,,,extend,1284111028,1284115412,4384
hbm,13528,kernel,"void deep_gemm::sm90_fp8_gemm_1d2d_impl<(unsigned int)0, (unsigned int)7168, (unsigned int)18432, (unsigned int)1, (unsigned int)64, (unsigned int)112, (unsigned int)128, (unsigned int)32, (unsigned int)9, (unsigned int)0, (unsigned int)128, (unsigned int)128, (unsigned int)1, (bool)0, (unsigned int)128, (deep_gemm::GemmType)0, deep_gemm::EpilogueIdentity>(float *, int *, unsigned int, unsigned int, unsigned int, CUtensorMap_st, CUtensorMap_st, CUtensorMap_st, CUtensorMap_st)",1284152532,1284195732,0,7,291407625453568,231047,,,,,10811,1284145915,1284150942,cuLaunchKernelEx,3026,stage,64,extend,0,output_mlp,,hbm,Compute,Output / MLP,,False,,,extend,1284152532,1284195732,43200
hbm,13529,kernel,"void flashinfer::norm::FusedAddRMSNormKernel<(unsigned int)8, __nv_bfloat16>(T2 *, T2 *, T2 *, unsigned int, unsigned int, unsigned int, float, float)",1284221204,1284224820,0,7,291407625453568,231050,,,,,24743,1284214259,1284219242,cudaLaunchKernelExC_v11060,3029,stage,64,extend,1,projection,,hbm,Compute,Projection / RoPE,,False,,,extend,1284221204,1284224820,3616
hbm,13530,kernel,"void per_token_group_quant_8bit_kernel<__nv_bfloat16, __nv_fp8_e4m3, (bool)1, (bool)0, float>(const T1 *, void *, T5 *, int, int, int, float, float, float, int, int)",1284296692,1284299092,0,7,291407625453568,231069,,,,,24744,1284289762,1284295102,cudaLaunchKernel_v7000,3030,stage,64,extend,1,projection,,hbm,Compute,Projection / RoPE,,False,,,extend,1284296692,1284299092,2400
hbm,13531,kernel,"void deep_gemm::sm90_fp8_gemm_1d2d_impl<(unsigned int)0, (unsigned int)2112, (unsigned int)7168, (unsigned int)1, (unsigned int)64, (unsigned int)32, (unsigned int)128, (unsigned int)64, (unsigned int)12, (unsigned int)8, (unsigned int)128, (unsigned int)128, (unsigned int)1, (bool)0, (unsigned int)132, (deep_gemm::GemmType)0, deep_gemm::EpilogueIdentity>(float *, int *, unsigned int, unsigned int, unsigned int, CUtensorMap_st, CUtensorMap_st, CUtensorMap_st, CUtensorMap_st)",1284340084,1284350484,0,7,291407625453568,231083,,,,,10816,1284333921,1284338224,cuLaunchKernelEx,3030,stage,64,extend,1,projection,,hbm,Compute,Projection / RoPE,,False,,,extend,1284340084,1284350484,10400
hbm,13532,kernel,"void flashinfer::norm::RMSNormKernel<(unsigned int)8, __nv_bfloat16>(T2 *, T2 *, T2 *, unsigned int, unsigned int, unsigned int, float, float)",1284389620,1284391636,0,7,291407625453568,231097,,,,,24745,1284383370,1284387842,cudaLaunchKernelExC_v11060,3030,stage,64,extend,1,projection,,hbm,Compute,Projection / RoPE,,False,,,extend,1284389620,1284391636,2016
hbm,13533,kernel,"void flashinfer::norm::RMSNormKernel<(unsigned int)8, __nv_bfloat16>(T2 *, T2 *, T2 *, unsigned int, unsigned int, unsigned int, float, float)",1284407796,1284409684,0,7,291407625453568,231110,,,,,24746,1284401854,1284405710,cudaLaunchKernelExC_v11060,3030,stage,64,extend,1,projection,,hbm,Compute,Projection / RoPE,,False,,,extend,1284407796,1284409684,1888
hbm,13534,kernel,"void per_token_group_quant_8bit_kernel<__nv_bfloat16, __nv_fp8_e4m3, (bool)1, (bool)0, float>(const T1 *, void *, T5 *, int, int, int, float, float, float, int, int)",1284454228,1284455860,0,7,291407625453568,231131,,,,,24747,1284448025,1284452345,cudaLaunchKernel_v7000,3030,stage,64,extend,1,projection,,hbm,Compute,Projection / RoPE,,False,,,extend,1284454228,1284455860,1632
hbm,13535,kernel,"void deep_gemm::sm90_fp8_gemm_1d2d_impl<(unsigned int)0, (unsigned int)24576, (unsigned int)1536, (unsigned int)1, (unsigned int)128, (unsigned int)192, (unsigned int)128, (unsigned int)128, (unsigned int)4, (unsigned int)0, (unsigned int)128, (unsigned int)256, (unsigned int)1, (bool)0, (unsigned int)128, (deep_gemm::GemmType)0, deep_gemm::EpilogueIdentity>(float *, int *, unsigned int, unsigned int, unsigned int, CUtensorMap_st, CUtensorMap_st, CUtensorMap_st, CUtensorMap_st)",1284496756,1284512340,0,7,291407625453568,231145,,,,,10821,1284490642,1284494802,cuLaunchKernelEx,3030,stage,64,extend,1,projection,,hbm,Compute,Projection / RoPE,,False,,,extend,1284496756,1284512340,15584
hbm,13536,kernel,nvjet_tst_256x128_64x4_2x1_v_bz_coopA_TNT,1284564884,1284575540,0,7,291407625453568,231162,,,,,10824,1284555802,1284562987,cuLaunchKernelEx,3030,stage,64,extend,1,projection,,hbm,Compute,Projection / RoPE,,False,,,extend,1284564884,1284575540,10656
hbm,13537,kernel,"void flashinfer::BatchQKApplyRotaryPosIdsCosSinCacheHeadParallelismKernel<(bool)1, (unsigned int)64, (unsigned int)8, (unsigned int)8, __nv_bfloat16, long>(T5 *, T5 *, T5 *, T5 *, float *, T6 *, unsigned int, unsigned int, unsigned int, unsigned int, unsigned long, unsigned long, unsigned long, unsigned long, unsigned long, unsigned long, unsigned long, unsigned long)",1284620628,1284623284,0,7,291407625453568,231170,,,,,24748,1284613434,1284618758,cudaLaunchKernel_v7000,3030,stage,64,extend,1,projection,,hbm,Compute,Projection / RoPE,,False,,,extend,1284620628,1284623284,2656
hbm,13538,kernel,"void per_token_group_quant_8bit_kernel<__nv_bfloat16, __nv_fp8_e4m3, (bool)1, (bool)0, float>(const T1 *, void *, T5 *, int, int, int, float, float, float, int, int)",1284704051,1284706099,0,7,291407625453568,231189,,,,,24749,1284697261,1284702426,cudaLaunchKernel_v7000,3031,stage,64,extend,1,indexer,,hbm,Compute,Indexer / top-k,,False,,,extend,1284704051,1284706099,2048
hbm,13539,kernel,"void deep_gemm::sm90_fp8_gemm_1d2d_impl<(unsigned int)0, (unsigned int)8192, (unsigned int)1536, (unsigned int)1, (unsigned int)64, (unsigned int)128, (unsigned int)128, (unsigned int)128, (unsigned int)8, (unsigned int)4, (unsigned int)128, (unsigned int)128, (unsigned int)1, (bool)0, (unsigned int)128, (deep_gemm::GemmType)0, deep_gemm::EpilogueIdentity>(float *, int *, unsigned int, unsigned int, unsigned int, CUtensorMap_st, CUtensorMap_st, CUtensorMap_st, CUtensorMap_st)",1284755123,1284762835,0,7,291407625453568,231203,,,,,10829,1284748019,1284753129,cuLaunchKernelEx,3031,stage,64,extend,1,indexer,,hbm,Compute,Indexer / top-k,,False,,,extend,1284755123,1284762835,7712
hbm,13540,kernel,"void per_token_group_quant_8bit_kernel<__nv_bfloat16, __nv_fp8_e4m3, (bool)1, (bool)0, float>(const T1 *, void *, T5 *, int, int, int, float, float, float, int, int)",1284840691,1284843379,0,7,291407625453568,231222,,,,,24750,1284833629,1284839109,cudaLaunchKernel_v7000,3031,stage,64,extend,1,indexer,,hbm,Compute,Indexer / top-k,,False,,,extend,1284840691,1284843379,2688
hbm,13541,kernel,"void deep_gemm::sm90_fp8_gemm_1d2d_impl<(unsigned int)0, (unsigned int)128, (unsigned int)7168, (unsigned int)1, (unsigned int)64, (unsigned int)16, (unsigned int)128, (unsigned int)32, (unsigned int)12, (unsigned int)8, (unsigned int)128, (unsigned int)128, (unsigned int)1, (bool)0, (unsigned int)16, (deep_gemm::GemmType)0, deep_gemm::EpilogueIdentity>(float *, int *, unsigned int, unsigned int, unsigned int, CUtensorMap_st, CUtensorMap_st, CUtensorMap_st, CUtensorMap_st)",1284886579,1284895283,0,7,291407625453568,231236,,,,,10834,1284879845,1284884767,cuLaunchKernelEx,3031,stage,64,extend,1,indexer,,hbm,Compute,Indexer / top-k,,False,,,extend,1284886579,1284895283,8704
hbm,13542,kernel,"void at::native::unrolled_elementwise_kernel<at::native::direct_copy_kernel_cuda(at::TensorIteratorBase &)::[lambda() (instance 3)]::operator ()() const::[lambda() (instance 7)]::operator ()() const::[lambda(float) (instance 1)], std::array<char *, (unsigned long)2>, (int)4, TrivialOffsetCalculator<(int)1, unsigned int>, TrivialOffsetCalculator<(int)1, unsigned int>, at::native::memory::LoadWithCast<(int)1>, at::native::memory::StoreWithCast<(int)1>>(int, T1, T2, T4, T5, T6, T7)",1284920947,1284923859,0,7,291407625453568,231246,,,,,24751,1284914048,1284919199,cudaLaunchKernel_v7000,3031,stage,64,extend,1,indexer,,hbm,Compute,Indexer / top-k,,False,,,extend,1284920947,1284923859,2912
hbm,13543,kernel,"void at::native::<unnamed>::vectorized_layer_norm_kernel<float, float>(int, T2, const T1 *, const T1 *, const T1 *, T2 *, T2 *, T1 *)",1284947923,1284950835,0,7,291407625453568,231276,,,,,24752,1284942023,1284946183,cudaLaunchKernel_v7000,3031,stage,64,extend,1,indexer,,hbm,Compute,Indexer / top-k,,False,,,extend,1284947923,1284950835,2912
hbm,13544,kernel,"void at::native::vectorized_elementwise_kernel<(int)8, at::native::bfloat16_copy_kernel_cuda(at::TensorIteratorBase &)::[lambda(float) (instance 1)], std::array<char *, (unsigned long)2>>(int, T2, T3)",1284965587,1284966611,0,7,291407625453568,231289,,,,,24753,1284959491,1284963650,cudaLaunchKernel_v7000,3031,stage,64,extend,1,indexer,,hbm,Compute,Indexer / top-k,,False,,,extend,1284965587,1284966611,1024
hbm,13545,kernel,"void flashinfer::BatchQKApplyRotaryPosIdsCosSinCacheHeadParallelismKernel<(bool)0, (unsigned int)64, (unsigned int)8, (unsigned int)8, __nv_bfloat16, long>(T5 *, T5 *, T5 *, T5 *, float *, T6 *, unsigned int, unsigned int, unsigned int, unsigned int, unsigned long, unsigned long, unsigned long, unsigned long, unsigned long, unsigned long, unsigned long, unsigned long)",1285018579,1285020691,0,7,291407625453568,231299,,,,,24754,1285012263,1285016664,cudaLaunchKernel_v7000,3031,stage,64,extend,1,indexer,,hbm,Compute,Indexer / top-k,,False,,,extend,1285018579,1285020691,2112
hbm,13546,kernel,"void fast_hadamard_transform_kernel<fast_hadamard_transform_kernel_traits<(int)16, (int)7, c10::BFloat16>>(HadamardParamsBase)",1285075731,1285082003,0,7,291407625453568,231315,,,,,24755,1285069359,1285073805,cudaLaunchKernel_v7000,3031,stage,64,extend,1,indexer,,hbm,Compute,Indexer / top-k,,False,,,extend,1285075731,1285082003,6272
hbm,13547,kernel,"void fast_hadamard_transform_kernel<fast_hadamard_transform_kernel_traits<(int)16, (int)7, c10::BFloat16>>(HadamardParamsBase)",1285103027,1285104179,0,7,291407625453568,231328,,,,,24756,1285097211,1285100831,cudaLaunchKernel_v7000,3031,stage,64,extend,1,indexer,,hbm,Compute,Indexer / top-k,,False,,,extend,1285103027,1285104179,1152
hbm,13548,kernel,_act_quant_kernel,1285181523,1285183667,0,7,291407625453568,231351,,,,,10835,1285175040,1285179999,cuLaunchKernelEx,3031,stage,64,extend,1,indexer,,hbm,Compute,Indexer / top-k,,False,,,extend,1285181523,1285183667,2144
hbm,13549,kernel,_act_quant_kernel,1285230419,1285232019,0,7,291407625453568,231371,,,,,10836,1285224199,1285228736,cuLaunchKernelEx,3031,stage,64,extend,1,indexer,,hbm,Compute,Indexer / top-k,,False,,,extend,1285230419,1285232019,1600
hbm,13550,kernel,_set_k_and_s_triton_kernel,1285297075,1285298675,0,7,291407625453568,231379,,,,,10837,1285290907,1285295285,cuLaunchKernelEx,3032,stage,64,extend,1,cache_write,,hbm,GPU control,GPU control,,False,,,extend,1285297075,1285298675,1600
hbm,13551,kernel,triton_poi_fused__to_copy_0,1285421778,1285423698,0,7,291407625453568,231389,,,,,10838,1285415347,1285420681,cuLaunchKernel,3031,stage,64,extend,1,indexer,,hbm,Compute,Indexer / top-k,,False,,,extend,1285421778,1285423698,1920
hbm,13552,kernel,void cutlass::Kernel2<cutlass_80_simt_sgemm_64x64_8x5_tn_align1>(T1::Params),1285467122,1285478354,0,7,291407625453568,231404,,,,,10840,1285460870,1285465560,cuLaunchKernel,3031,stage,64,extend,1,indexer,,hbm,Compute,Indexer / top-k,,False,,,extend,1285467122,1285478354,11232
hbm,13553,kernel,"void cublasLt::splitKreduce_kernel<(int)32, (int)16, int, float, float, float, float, (bool)0, float, float, float, (bool)1, (bool)0, (bool)0>(cublasLt::cublasSplitKParams<T6>, const T4 *, const T10 *, T9 *, T5 *, const T6 *, const T6 *, const T11 *, const T4 *, T11 *, void *, long, T6 *, int *, T6 *, T6 *, const T6 *, const T6 *, const T6 *, const T6 *, const T6 *)",1285479410,1285482674,0,7,291407625453568,231406,,,,,24757,1285468414,1285474411,cudaLaunchKernel_v7000,3031,stage,64,extend,1,indexer,,hbm,Compute,Indexer / top-k,,False,,,extend,1285479410,1285482674,3264
hbm,13554,kernel,triton_poi_fused_mul_1,1285499090,1285500114,0,7,291407625453568,231413,,,,,10841,1285493407,1285497035,cuLaunchKernel,3031,stage,64,extend,1,indexer,,hbm,Compute,Indexer / top-k,,False,,,extend,1285499090,1285500114,1024
hbm,13555,kernel,"void at::native::vectorized_elementwise_kernel<(int)4, at::native::AUnaryFunctor<int, int, int, at::native::binary_internal::MulFunctor<int>>, std::array<char *, (unsigned long)2>>(int, T2, T3)",1285584082,1285585554,0,7,291407625453568,231424,,,,,24758,1285577278,1285582472,cudaLaunchKernel_v7000,3033,stage,64,extend,1,indexer_control,,hbm,GPU control,GPU control,,False,,,extend,1285584082,1285585554,1472
hbm,13556,kernel,"void <unnamed>::elementwise_kernel_with_index<int, at::native::arange_cuda_out(const c10::Scalar &, const c10::Scalar &, const c10::Scalar &, at::Tensor &)::[lambda() (instance 1)]::operator ()() const::[lambda() (instance 3)]::operator ()() const::[lambda(long) (instance 1)]>(T1, T2, function_traits<T2>::result_type *)",1285614994,1285615826,0,7,291407625453568,231444,,,,,24759,1285608557,1285613048,cudaLaunchKernel_v7000,3033,stage,64,extend,1,indexer_control,,hbm,GPU control,GPU control,,False,,,extend,1285614994,1285615826,832
hbm,13557,kernel,"void at::native::elementwise_kernel<(int)128, (int)2, void at::native::gpu_kernel_impl_nocast<at::native::CUDAFunctor_add<int>>(at::TensorIteratorBase &, const T1 &)::[lambda(int) (instance 1)]>(int, T3)",1285636210,1285657810,0,7,291407625453568,231457,,,,,24760,1285630310,1285634268,cudaLaunchKernel_v7000,3033,stage,64,extend,1,indexer_control,,hbm,GPU control,GPU control,,False,,,extend,1285636210,1285657810,21600
hbm,13558,kernel,"void at::native::unrolled_elementwise_kernel<at::native::direct_copy_kernel_cuda(at::TensorIteratorBase &)::[lambda() (instance 3)]::operator ()() const::[lambda() (instance 4)]::operator ()() const::[lambda(long) (instance 1)], std::array<char *, (unsigned long)2>, (int)4, TrivialOffsetCalculator<(int)1, unsigned int>, TrivialOffsetCalculator<(int)1, unsigned int>, at::native::memory::LoadWithCast<(int)1>, at::native::memory::StoreWithCast<(int)1>>(int, T1, T2, T4, T5, T6, T7)",1285674770,1285705298,0,7,291407625453568,231474,,,,,24761,1285668122,1285672645,cudaLaunchKernel_v7000,3033,stage,64,extend,1,indexer_control,,hbm,GPU control,GPU control,,False,,,extend,1285674770,1285705298,30528
hbm,13559,kernel,"void at::native::index_elementwise_kernel<(int)128, (int)4, void at::native::gpu_index_kernel<void at::native::index_kernel_impl<at::native::OpaqueType<(int)1>>(at::TensorIteratorBase &, c10::ArrayRef<long>, c10::ArrayRef<long>)::[lambda(char *, const char *, long) (instance 1)]>(at::TensorIteratorBase &, c10::ArrayRef<long>, c10::ArrayRef<long>, const T1 &, bool)::[lambda(int) (instance 1)]>(long, T3)",1285706546,1285758066,0,7,291407625453568,231485,,,,,24762,1285683966,1285688685,cudaLaunchKernel_v7000,3033,stage,64,extend,1,indexer_control,,hbm,GPU control,GPU control,,False,,,extend,1285706546,1285758066,51520
hbm,13560,kernel,"void at::native::vectorized_elementwise_kernel<(int)4, at::native::AUnaryFunctor<int, int, int, at::native::binary_internal::MulFunctor<int>>, std::array<char *, (unsigned long)2>>(int, T2, T3)",1285759346,1285760722,0,7,291407625453568,231500,,,,,24763,1285710190,1285714032,cudaLaunchKernel_v7000,3033,stage,64,extend,1,indexer_control,,hbm,GPU control,GPU control,,False,,,extend,1285759346,1285760722,1376
hbm,13561,kernel,"void <unnamed>::elementwise_kernel_with_index<int, at::native::arange_cuda_out(const c10::Scalar &, const c10::Scalar &, const c10::Scalar &, at::Tensor &)::[lambda() (instance 1)]::operator ()() const::[lambda() (instance 3)]::operator ()() const::[lambda(long) (instance 1)]>(T1, T2, function_traits<T2>::result_type *)",1285761906,1285762610,0,7,291407625453568,231520,,,,,24764,1285728662,1285732495,cudaLaunchKernel_v7000,3033,stage,64,extend,1,indexer_control,,hbm,GPU control,GPU control,,False,,,extend,1285761906,1285762610,704
hbm,13562,kernel,"void at::native::elementwise_kernel<(int)128, (int)2, void at::native::gpu_kernel_impl_nocast<at::native::CUDAFunctor_add<int>>(at::TensorIteratorBase &, const T1 &)::[lambda(int) (instance 1)]>(int, T3)",1285763762,1285766002,0,7,291407625453568,231533,,,,,24765,1285743759,1285747186,cudaLaunchKernel_v7000,3033,stage,64,extend,1,indexer_control,,hbm,GPU control,GPU control,,False,,,extend,1285763762,1285766002,2240
hbm,13563,kernel,"void at::native::vectorized_elementwise_kernel<(int)4, at::native::CUDAFunctorOnSelf_add<int>, std::array<char *, (unsigned long)2>>(int, T2, T3)",1285767186,1285768562,0,7,291407625453568,231543,,,,,24766,1285757090,1285760823,cudaLaunchKernel_v7000,3033,stage,64,extend,1,indexer_control,,hbm,GPU control,GPU control,,False,,,extend,1285767186,1285768562,1376
hbm,13564,kernel,"void at::native::unrolled_elementwise_kernel<at::native::direct_copy_kernel_cuda(at::TensorIteratorBase &)::[lambda() (instance 3)]::operator ()() const::[lambda() (instance 4)]::operator ()() const::[lambda(long) (instance 1)], std::array<char *, (unsigned long)2>, (int)4, TrivialOffsetCalculator<(int)1, unsigned int>, TrivialOffsetCalculator<(int)1, unsigned int>, at::native::memory::LoadWithCast<(int)1>, at::native::memory::StoreWithCast<(int)1>>(int, T1, T2, T4, T5, T6, T7)",1285785074,1285787826,0,7,291407625453568,231560,,,,,24767,1285779448,1285783127,cudaLaunchKernel_v7000,3033,stage,64,extend,1,indexer_control,,hbm,GPU control,GPU control,,False,,,extend,1285785074,1285787826,2752
hbm,13565,kernel,"void at::native::index_elementwise_kernel<(int)128, (int)4, void at::native::gpu_index_kernel<void at::native::index_kernel_impl<at::native::OpaqueType<(int)1>>(at::TensorIteratorBase &, c10::ArrayRef<long>, c10::ArrayRef<long>)::[lambda(char *, const char *, long) (instance 1)]>(at::TensorIteratorBase &, c10::ArrayRef<long>, c10::ArrayRef<long>, const T1 &, bool)::[lambda(int) (instance 1)]>(long, T3)",1285798162,1285802834,0,7,291407625453568,231571,,,,,24768,1285790626,1285796085,cudaLaunchKernel_v7000,3033,stage,64,extend,1,indexer_control,,hbm,GPU control,GPU control,,False,,,extend,1285798162,1285802834,4672
hbm,13566,kernel,"void at::native::vectorized_elementwise_kernel<(int)4, at::native::FillFunctor<int>, std::array<char *, (unsigned long)1>>(int, T2, T3)",1285818578,1285819314,0,7,291407625453568,231586,,,,,24769,1285812568,1285816255,cudaLaunchKernel_v7000,3033,stage,64,extend,1,indexer_control,,hbm,GPU control,GPU control,,False,,,extend,1285818578,1285819314,736
hbm,13567,kernel,"void at::native::vectorized_elementwise_kernel<(int)4, at::native::CUDAFunctor_add<int>, std::array<char *, (unsigned long)3>>(int, T2, T3)",1285909522,1285910738,0,7,291407625453568,231632,,,,,24773,1285903700,1285907483,cudaLaunchKernel_v7000,3033,stage,64,extend,1,indexer_control,,hbm,GPU control,GPU control,,False,,,extend,1285909522,1285910738,1216
hbm,13568,kernel,"void deep_gemm::sm90_fp8_mqa_logits<(unsigned int)64, (unsigned int)128, (unsigned int)2, (unsigned int)256, (unsigned int)3, (unsigned int)3, (unsigned int)128, (unsigned int)512>(unsigned int, unsigned int, unsigned long, unsigned int *, unsigned int *, float *, CUtensorMap_st, CUtensorMap_st, CUtensorMap_st, CUtensorMap_st)",1285961042,1286195473,0,7,291407625453568,231652,,,,,10846,1285954857,1285958934,cuLaunchKernelEx,3034,stage,64,extend,1,indexer,,hbm,Compute,Indexer / top-k,,False,,,extend,1285961042,1286195473,234431
hbm,13569,kernel,"<unnamed>::topk_transform_prefill_kernel(<unnamed>::FastTopKParams, int *, const int *, long, float *, const int *, long)",1286196977,1286236337,0,7,291407625453568,231661,,,,,24774,1285996256,1286000742,cudaLaunchKernel_v7000,3035,stage,64,extend,1,topk,,hbm,Compute,Indexer / top-k,,False,,,extend,1286196977,1286236337,39360
hbm,13570,kernel,"void <unnamed>::elementwise_kernel_with_index<int, at::native::arange_cuda_out(const c10::Scalar &, const c10::Scalar &, const c10::Scalar &, at::Tensor &)::[lambda() (instance 1)]::operator ()() const::[lambda() (instance 3)]::operator ()() const::[lambda(long) (instance 1)]>(T1, T2, function_traits<T2>::result_type *)",1286237553,1286238257,0,7,291407625453568,231676,,,,,24775,1286012665,1286016439,cudaLaunchKernel_v7000,3035,stage,64,extend,1,topk,,hbm,GPU control,GPU control,,False,,,extend,1286237553,1286238257,704
hbm,13571,kernel,"void at::native::elementwise_kernel<(int)128, (int)4, void at::native::gpu_kernel_impl_nocast<at::native::<unnamed>::CompareFunctor<int>>(at::TensorIteratorBase &, const T1 &)::[lambda(int) (instance 1)]>(int, T3)",1286239249,1286240561,0,7,291407625453568,231686,,,,,24776,1286026637,1286030552,cudaLaunchKernel_v7000,3035,stage,64,extend,1,topk,,hbm,Compute,Indexer / top-k,,False,,,extend,1286239249,1286240561,1312
hbm,13572,kernel,"void at::native::elementwise_kernel<(int)128, (int)2, void at::native::gpu_kernel_impl_nocast<at::native::<unnamed>::masked_fill_kernel(at::TensorIterator &, const c10::Scalar &)::[lambda() (instance 1)]::operator ()() const::[lambda() (instance 3)]::operator ()() const::[lambda(int, bool) (instance 1)]>(at::TensorIteratorBase &, const T1 &)::[lambda(int) (instance 1)]>(int, T3)",1286241585,1286243825,0,7,291407625453568,231692,,,,,24777,1286043398,1286055709,cudaLaunchKernel_v7000,3035,stage,64,extend,1,topk,,hbm,Compute,Indexer / top-k,,False,,,extend,1286241585,1286243825,2240
hbm,13573,kernel,set_mla_kv_buffer_kernel,1286244977,1286246641,0,7,291407625453568,231702,,,,,10847,1286190464,1286196306,cuLaunchKernelEx,3038,stage,64,extend,1,cache_write,,hbm,GPU control,GPU control,,False,,,extend,1286244977,1286246641,1664
hbm,13574,kernel,"void at::native::<unnamed>::CatArrayBatchedCopy<at::native::<unnamed>::OpaqueType<(unsigned int)2>, unsigned int, (int)3, (int)64, (int)64>(T1 *, at::native::<unnamed>::CatArrInputTensorMetadata<T1, T2, T4, T5>, at::native::<unnamed>::TensorSizeStride<T2, (unsigned int)4>, int, T2)",1286247697,1286291505,0,7,291407625453568,231710,,,,,24778,1286222213,1286227584,cudaLaunchKernel_v7000,3037,stage,64,extend,1,cache_control,,hbm,GPU control,GPU control,,False,,,extend,1286247697,1286291505,43808
hbm,13575,kernel,"void sm90::sparse_attn_fwd_kernel<sm90::TmaParams<cute::tuple<int, int, int>, cute::TiledCopy<cute::Copy_Atom<cute::Copy_Traits<cute::SM90_TMA_LOAD, cute::C<(int)65536>, cute::AuxTmaParams<cute::tuple<cute::ScaledBasis<cute::C<(int)1>, (int)1>, cute::ScaledBasis<cute::C<(int)1>, (int)0>, cute::ScaledBasis<cute::C<(int)1>, (int)2>>, const cute::Layout<cute::tuple<cute::C<(int)64>, cute::C<(int)64>, cute::C<(int)1>>, cute::tuple<cute::ScaledBasis<cute::C<(int)1>, (int)1>, cute::ScaledBasis<cute::C<(int)1>, (int)0>, cute::ScaledBasis<cute::C<(int)1>, (int)2>>> &, const cute::Swizzle<(int)3, (int)4, (int)3> &>>, cutlass::bfloat16_t>, cute::Layout<cute::tuple<cute::C<(int)1>, cute::tuple<cute::tuple<cute::tuple<cute::C<(int)64>, cute::C<(int)64>>, cute::C<(int)9>>>>, cute::tuple<cute::C<(int)0>, cute::tuple<cute::tuple<cute::tuple<cute::C<(int)64>, cute::C<(int)1>>, cute::C<(int)4096>>>>>, cute::tuple<cute::C<(int)64>, cute::C<(int)576>>>>>(SparsePrefillParams, T1)",1286292657,1286410769,0,7,291407625453568,231744,,,,,24781,1286265037,1286270576,cudaLaunchKernelExC_v11060,3039,stage,64,extend,1,attention,,hbm,Compute,Attention,,False,,,extend,1286292657,1286410769,118112
hbm,13576,kernel,nvjet_tst_128x128_64x6_1x1_v_bz_TNT,1286412145,1286422705,0,7,291407625453568,231764,,,,,10852,1286339576,1286345086,cuLaunchKernelEx,3036,stage,64,extend,1,output_mlp,,hbm,Compute,Output / MLP,,False,,,extend,1286412145,1286422705,10560
hbm,13577,kernel,"void per_token_group_quant_8bit_kernel<__nv_bfloat16, __nv_fp8_e4m3, (bool)1, (bool)0, float>(const T1 *, void *, T5 *, int, int, int, float, float, float, int, int)",1286423761,1286427473,0,7,291407625453568,231785,,,,,24782,1286414813,1286420328,cudaLaunchKernel_v7000,3036,stage,64,extend,1,output_mlp,,hbm,Compute,Output / MLP,,False,,,extend,1286423761,1286427473,3712
hbm,13578,kernel,"void deep_gemm::sm90_fp8_gemm_1d2d_impl<(unsigned int)0, (unsigned int)7168, (unsigned int)16384, (unsigned int)1, (unsigned int)64, (unsigned int)112, (unsigned int)128, (unsigned int)32, (unsigned int)9, (unsigned int)2, (unsigned int)128, (unsigned int)128, (unsigned int)1, (bool)0, (unsigned int)128, (deep_gemm::GemmType)0, deep_gemm::EpilogueIdentity>(float *, int *, unsigned int, unsigned int, unsigned int, CUtensorMap_st, CUtensorMap_st, CUtensorMap_st, CUtensorMap_st)",1286486833,1286525745,0,7,291407625453568,231799,,,,,10857,1286480108,1286484818,cuLaunchKernelEx,3036,stage,64,extend,1,output_mlp,,hbm,Compute,Output / MLP,,False,,,extend,1286486833,1286525745,38912
hbm,13579,kernel,"void flashinfer::norm::FusedAddRMSNormKernel<(unsigned int)8, __nv_bfloat16>(T2 *, T2 *, T2 *, unsigned int, unsigned int, unsigned int, float, float)",1286551313,1286554929,0,7,291407625453568,231802,,,,,24783,1286543672,1286549119,cudaLaunchKernelExC_v11060,3040,stage,64,extend,1,output_mlp,,hbm,Compute,Output / MLP,,False,,,extend,1286551313,1286554929,3616
hbm,13580,kernel,"void per_token_group_quant_8bit_kernel<__nv_bfloat16, __nv_fp8_e4m3, (bool)1, (bool)0, float>(const T1 *, void *, T5 *, int, int, int, float, float, float, int, int)",1286619889,1286622353,0,7,291407625453568,231821,,,,,24784,1286613280,1286618467,cudaLaunchKernel_v7000,3041,stage,64,extend,1,output_mlp,,hbm,Compute,Output / MLP,,False,,,extend,1286619889,1286622353,2464
hbm,13581,kernel,"void deep_gemm::sm90_fp8_gemm_1d2d_impl<(unsigned int)0, (unsigned int)36864, (unsigned int)7168, (unsigned int)1, (unsigned int)128, (unsigned int)144, (unsigned int)128, (unsigned int)32, (unsigned int)5, (unsigned int)1, (unsigned int)128, (unsigned int)256, (unsigned int)1, (bool)0, (unsigned int)128, (deep_gemm::GemmType)0, deep_gemm::EpilogueIdentity>(float *, int *, unsigned int, unsigned int, unsigned int, CUtensorMap_st, CUtensorMap_st, CUtensorMap_st, CUtensorMap_st)",1286667089,1286744721,0,7,291407625453568,231835,,,,,10862,1286660874,1286665236,cuLaunchKernelEx,3041,stage,64,extend,1,output_mlp,,hbm,Compute,Output / MLP,,False,,,extend,1286667089,1286744721,77632
hbm,13582,kernel,"void flashinfer::activation::act_and_mul_kernel<__nv_bfloat16, &silu<float>>(T1 *, const T1 *, int)",1286746641,1286752145,0,7,291407625453568,231845,,,,,24785,1286694259,1286698895,cudaLaunchKernel_v7000,3041,stage,64,extend,1,output_mlp,,hbm,Compute,Output / MLP,,False,,,extend,1286746641,1286752145,5504
hbm,13583,kernel,"void per_token_group_quant_8bit_kernel<__nv_bfloat16, __nv_fp8_e4m3, (bool)1, (bool)0, float>(const T1 *, void *, T5 *, int, int, int, float, float, float, int, int)",1286753393,1286758545,0,7,291407625453568,231866,,,,,24786,1286741191,1286745372,cudaLaunchKernel_v7000,3041,stage,64,extend,1,output_mlp,,hbm,Compute,Output / MLP,,False,,,extend,1286753393,1286758545,5152
hbm,13584,kernel,"void deep_gemm::sm90_fp8_gemm_1d2d_impl<(unsigned int)0, (unsigned int)7168, (unsigned int)18432, (unsigned int)1, (unsigned int)64, (unsigned int)112, (unsigned int)128, (unsigned int)32, (unsigned int)9, (unsigned int)0, (unsigned int)128, (unsigned int)128, (unsigned int)1, (bool)0, (unsigned int)128, (deep_gemm::GemmType)0, deep_gemm::EpilogueIdentity>(float *, int *, unsigned int, unsigned int, unsigned int, CUtensorMap_st, CUtensorMap_st, CUtensorMap_st, CUtensorMap_st)",1286787153,1286830161,0,7,291407625453568,231880,,,,,10867,1286780943,1286785030,cuLaunchKernelEx,3041,stage,64,extend,1,output_mlp,,hbm,Compute,Output / MLP,,False,,,extend,1286787153,1286830161,43008
hbm,13585,kernel,"void flashinfer::norm::FusedAddRMSNormKernel<(unsigned int)8, __nv_bfloat16>(T2 *, T2 *, T2 *, unsigned int, unsigned int, unsigned int, float, float)",1286853616,1286857264,0,7,291407625453568,231883,,,,,24787,1286846400,1286851896,cudaLaunchKernelExC_v11060,3044,stage,64,extend,2,projection,,hbm,Compute,Projection / RoPE,,False,,,extend,1286853616,1286857264,3648
hbm,13586,kernel,"void per_token_group_quant_8bit_kernel<__nv_bfloat16, __nv_fp8_e4m3, (bool)1, (bool)0, float>(const T1 *, void *, T5 *, int, int, int, float, float, float, int, int)",1286925936,1286928336,0,7,291407625453568,231902,,,,,24788,1286919351,1286924852,cudaLaunchKernel_v7000,3045,stage,64,extend,2,projection,,hbm,Compute,Projection / RoPE,,False,,,extend,1286925936,1286928336,2400
hbm,13587,kernel,"void deep_gemm::sm90_fp8_gemm_1d2d_impl<(unsigned int)0, (unsigned int)2112, (unsigned int)7168, (unsigned int)1, (unsigned int)64, (unsigned int)32, (unsigned int)128, (unsigned int)64, (unsigned int)12, (unsigned int)8, (unsigned int)128, (unsigned int)128, (unsigned int)1, (bool)0, (unsigned int)132, (deep_gemm::GemmType)0, deep_gemm::EpilogueIdentity>(float *, int *, unsigned int, unsigned int, unsigned int, CUtensorMap_st, CUtensorMap_st, CUtensorMap_st, CUtensorMap_st)",1286968656,1286979088,0,7,291407625453568,231916,,,,,10872,1286962243,1286966670,cuLaunchKernelEx,3045,stage,64,extend,2,projection,,hbm,Compute,Projection / RoPE,,False,,,extend,1286968656,1286979088,10432
hbm,13588,kernel,"void flashinfer::norm::RMSNormKernel<(unsigned int)8, __nv_bfloat16>(T2 *, T2 *, T2 *, unsigned int, unsigned int, unsigned int, float, float)",1287017776,1287019984,0,7,291407625453568,231930,,,,,24789,1287011561,1287016122,cudaLaunchKernelExC_v11060,3045,stage,64,extend,2,projection,,hbm,Compute,Projection / RoPE,,False,,,extend,1287017776,1287019984,2208
hbm,13589,kernel,"void flashinfer::norm::RMSNormKernel<(unsigned int)8, __nv_bfloat16>(T2 *, T2 *, T2 *, unsigned int, unsigned int, unsigned int, float, float)",1287035888,1287037904,0,7,291407625453568,231943,,,,,24790,1287030121,1287033957,cudaLaunchKernelExC_v11060,3045,stage,64,extend,2,projection,,hbm,Compute,Projection / RoPE,,False,,,extend,1287035888,1287037904,2016
hbm,13590,kernel,"void per_token_group_quant_8bit_kernel<__nv_bfloat16, __nv_fp8_e4m3, (bool)1, (bool)0, float>(const T1 *, void *, T5 *, int, int, int, float, float, float, int, int)",1287088368,1287090000,0,7,291407625453568,231964,,,,,24791,1287082016,1287086588,cudaLaunchKernel_v7000,3045,stage,64,extend,2,projection,,hbm,Compute,Projection / RoPE,,False,,,extend,1287088368,1287090000,1632
hbm,13591,kernel,"void deep_gemm::sm90_fp8_gemm_1d2d_impl<(unsigned int)0, (unsigned int)24576, (unsigned int)1536, (unsigned int)1, (unsigned int)128, (unsigned int)192, (unsigned int)128, (unsigned int)128, (unsigned int)4, (unsigned int)0, (unsigned int)128, (unsigned int)256, (unsigned int)1, (bool)0, (unsigned int)128, (deep_gemm::GemmType)0, deep_gemm::EpilogueIdentity>(float *, int *, unsigned int, unsigned int, unsigned int, CUtensorMap_st, CUtensorMap_st, CUtensorMap_st, CUtensorMap_st)",1287130160,1287145552,0,7,291407625453568,231978,,,,,10877,1287124074,1287128126,cuLaunchKernelEx,3045,stage,64,extend,2,projection,,hbm,Compute,Projection / RoPE,,False,,,extend,1287130160,1287145552,15392
hbm,13592,kernel,nvjet_tst_256x128_64x4_2x1_v_bz_coopA_TNT,1287196560,1287207280,0,7,291407625453568,231995,,,,,10880,1287187791,1287194833,cuLaunchKernelEx,3045,stage,64,extend,2,projection,,hbm,Compute,Projection / RoPE,,False,,,extend,1287196560,1287207280,10720
hbm,13593,kernel,"void flashinfer::BatchQKApplyRotaryPosIdsCosSinCacheHeadParallelismKernel<(bool)1, (unsigned int)64, (unsigned int)8, (unsigned int)8, __nv_bfloat16, long>(T5 *, T5 *, T5 *, T5 *, float *, T6 *, unsigned int, unsigned int, unsigned int, unsigned int, unsigned long, unsigned long, unsigned long, unsigned long, unsigned long, unsigned long, unsigned long, unsigned long)",1287250288,1287252976,0,7,291407625453568,232003,,,,,24792,1287243802,1287248487,cudaLaunchKernel_v7000,3045,stage,64,extend,2,projection,,hbm,Compute,Projection / RoPE,,False,,,extend,1287250288,1287252976,2688
hbm,13594,kernel,"void per_token_group_quant_8bit_kernel<__nv_bfloat16, __nv_fp8_e4m3, (bool)1, (bool)0, float>(const T1 *, void *, T5 *, int, int, int, float, float, float, int, int)",1287324400,1287326512,0,7,291407625453568,232022,,,,,24793,1287318169,1287322882,cudaLaunchKernel_v7000,3046,stage,64,extend,2,indexer,,hbm,Compute,Indexer / top-k,,False,,,extend,1287324400,1287326512,2112
hbm,13595,kernel,"void deep_gemm::sm90_fp8_gemm_1d2d_impl<(unsigned int)0, (unsigned int)8192, (unsigned int)1536, (unsigned int)1, (unsigned int)64, (unsigned int)128, (unsigned int)128, (unsigned int)128, (unsigned int)8, (unsigned int)4, (unsigned int)128, (unsigned int)128, (unsigned int)1, (bool)0, (unsigned int)128, (deep_gemm::GemmType)0, deep_gemm::EpilogueIdentity>(float *, int *, unsigned int, unsigned int, unsigned int, CUtensorMap_st, CUtensorMap_st, CUtensorMap_st, CUtensorMap_st)",1287370288,1287377936,0,7,291407625453568,232036,,,,,10885,1287363484,1287368204,cuLaunchKernelEx,3046,stage,64,extend,2,indexer,,hbm,Compute,Indexer / top-k,,False,,,extend,1287370288,1287377936,7648
hbm,13596,kernel,"void per_token_group_quant_8bit_kernel<__nv_bfloat16, __nv_fp8_e4m3, (bool)1, (bool)0, float>(const T1 *, void *, T5 *, int, int, int, float, float, float, int, int)",1287441136,1287443760,0,7,291407625453568,232055,,,,,24794,1287434936,1287439491,cudaLaunchKernel_v7000,3046,stage,64,extend,2,indexer,,hbm,Compute,Indexer / top-k,,False,,,extend,1287441136,1287443760,2624
hbm,13597,kernel,"void deep_gemm::sm90_fp8_gemm_1d2d_impl<(unsigned int)0, (unsigned int)128, (unsigned int)7168, (unsigned int)1, (unsigned int)64, (unsigned int)16, (unsigned int)128, (unsigned int)32, (unsigned int)12, (unsigned int)8, (unsigned int)128, (unsigned int)128, (unsigned int)1, (bool)0, (unsigned int)16, (deep_gemm::GemmType)0, deep_gemm::EpilogueIdentity>(float *, int *, unsigned int, unsigned int, unsigned int, CUtensorMap_st, CUtensorMap_st, CUtensorMap_st, CUtensorMap_st)",1287483344,1287492208,0,7,291407625453568,232069,,,,,10890,1287477018,1287481464,cuLaunchKernelEx,3046,stage,64,extend,2,indexer,,hbm,Compute,Indexer / top-k,,False,,,extend,1287483344,1287492208,8864
hbm,13598,kernel,"void at::native::unrolled_elementwise_kernel<at::native::direct_copy_kernel_cuda(at::TensorIteratorBase &)::[lambda() (instance 3)]::operator ()() const::[lambda() (instance 7)]::operator ()() const::[lambda(float) (instance 1)], std::array<char *, (unsigned long)2>, (int)4, TrivialOffsetCalculator<(int)1, unsigned int>, TrivialOffsetCalculator<(int)1, unsigned int>, at::native::memory::LoadWithCast<(int)1>, at::native::memory::StoreWithCast<(int)1>>(int, T1, T2, T4, T5, T6, T7)",1287514992,1287517840,0,7,291407625453568,232079,,,,,24795,1287508339,1287513209,cudaLaunchKernel_v7000,3046,stage,64,extend,2,indexer,,hbm,Compute,Indexer / top-k,,False,,,extend,1287514992,1287517840,2848
hbm,13599,kernel,"void at::native::<unnamed>::vectorized_layer_norm_kernel<float, float>(int, T2, const T1 *, const T1 *, const T1 *, T2 *, T2 *, T1 *)",1287541936,1287544912,0,7,291407625453568,232109,,,,,24796,1287535809,1287540030,cudaLaunchKernel_v7000,3046,stage,64,extend,2,indexer,,hbm,Compute,Indexer / top-k,,False,,,extend,1287541936,1287544912,2976
hbm,13600,kernel,"void at::native::vectorized_elementwise_kernel<(int)8, at::native::bfloat16_copy_kernel_cuda(at::TensorIteratorBase &)::[lambda(float) (instance 1)], std::array<char *, (unsigned long)2>>(int, T2, T3)",1287558767,1287559823,0,7,291407625453568,232122,,,,,24797,1287553125,1287556788,cudaLaunchKernel_v7000,3046,stage,64,extend,2,indexer,,hbm,Compute,Indexer / top-k,,False,,,extend,1287558767,1287559823,1056
hbm,13601,kernel,"void flashinfer::BatchQKApplyRotaryPosIdsCosSinCacheHeadParallelismKernel<(bool)0, (unsigned int)64, (unsigned int)8, (unsigned int)8, __nv_bfloat16, long>(T5 *, T5 *, T5 *, T5 *, float *, T6 *, unsigned int, unsigned int, unsigned int, unsigned int, unsigned long, unsigned long, unsigned long, unsigned long, unsigned long, unsigned long, unsigned long, unsigned long)",1287608271,1287610383,0,7,291407625453568,232132,,,,,24798,1287602190,1287606553,cudaLaunchKernel_v7000,3046,stage,64,extend,2,indexer,,hbm,Compute,Indexer / top-k,,False,,,extend,1287608271,1287610383,2112
hbm,13602,kernel,"void fast_hadamard_transform_kernel<fast_hadamard_transform_kernel_traits<(int)16, (int)7, c10::BFloat16>>(HadamardParamsBase)",1287657295,1287663567,0,7,291407625453568,232148,,,,,24799,1287650742,1287655668,cudaLaunchKernel_v7000,3046,stage,64,extend,2,indexer,,hbm,Compute,Indexer / top-k,,False,,,extend,1287657295,1287663567,6272
hbm,13603,kernel,"void fast_hadamard_transform_kernel<fast_hadamard_transform_kernel_traits<(int)16, (int)7, c10::BFloat16>>(HadamardParamsBase)",1287685583,1287686767,0,7,291407625453568,232161,,,,,24800,1287679726,1287683432,cudaLaunchKernel_v7000,3046,stage,64,extend,2,indexer,,hbm,Compute,Indexer / top-k,,False,,,extend,1287685583,1287686767,1184
hbm,13604,kernel,_act_quant_kernel,1287761327,1287763439,0,7,291407625453568,232184,,,,,10891,1287754945,1287759485,cuLaunchKernelEx,3046,stage,64,extend,2,indexer,,hbm,Compute,Indexer / top-k,,False,,,extend,1287761327,1287763439,2112
hbm,13605,kernel,_act_quant_kernel,1287809999,1287811567,0,7,291407625453568,232204,,,,,10892,1287804604,1287808110,cuLaunchKernelEx,3046,stage,64,extend,2,indexer,,hbm,Compute,Indexer / top-k,,False,,,extend,1287809999,1287811567,1568
hbm,13606,kernel,_set_k_and_s_triton_kernel,1287875247,1287876559,0,7,291407625453568,232212,,,,,10893,1287869105,1287873192,cuLaunchKernelEx,3047,stage,64,extend,2,cache_write,,hbm,GPU control,GPU control,,False,,,extend,1287875247,1287876559,1312
hbm,13607,kernel,triton_poi_fused__to_copy_0,1288001327,1288003311,0,7,291407625453568,232222,,,,,10894,1287994605,1288000092,cuLaunchKernel,3046,stage,64,extend,2,indexer,,hbm,Compute,Indexer / top-k,,False,,,extend,1288001327,1288003311,1984
hbm,13608,kernel,void cutlass::Kernel2<cutlass_80_simt_sgemm_64x64_8x5_tn_align1>(T1::Params),1288043183,1288054351,0,7,291407625453568,232237,,,,,10896,1288036744,1288041360,cuLaunchKernel,3046,stage,64,extend,2,indexer,,hbm,Compute,Indexer / top-k,,False,,,extend,1288043183,1288054351,11168
hbm,13609,kernel,"void cublasLt::splitKreduce_kernel<(int)32, (int)16, int, float, float, float, float, (bool)0, float, float, float, (bool)1, (bool)0, (bool)0>(cublasLt::cublasSplitKParams<T6>, const T4 *, const T10 *, T9 *, T5 *, const T6 *, const T6 *, const T11 *, const T4 *, T11 *, void *, long, T6 *, int *, T6 *, T6 *, const T6 *, const T6 *, const T6 *, const T6 *, const T6 *)",1288059183,1288062575,0,7,291407625453568,232239,,,,,24801,1288043688,1288057616,cudaLaunchKernel_v7000,3046,stage,64,extend,2,indexer,,hbm,Compute,Indexer / top-k,,False,,,extend,1288059183,1288062575,3392
hbm,13610,kernel,triton_poi_fused_mul_1,1288083567,1288084591,0,7,291407625453568,232246,,,,,10897,1288078025,1288081844,cuLaunchKernel,3046,stage,64,extend,2,indexer,,hbm,Compute,Indexer / top-k,,False,,,extend,1288083567,1288084591,1024
hbm,13611,kernel,"void at::native::vectorized_elementwise_kernel<(int)4, at::native::AUnaryFunctor<int, int, int, at::native::binary_internal::MulFunctor<int>>, std::array<char *, (unsigned long)2>>(int, T2, T3)",1288170895,1288172079,0,7,291407625453568,232257,,,,,24802,1288164038,1288169365,cudaLaunchKernel_v7000,3048,stage,64,extend,2,indexer_control,,hbm,GPU control,GPU control,,False,,,extend,1288170895,1288172079,1184
hbm,13612,kernel,"void <unnamed>::elementwise_kernel_with_index<int, at::native::arange_cuda_out(const c10::Scalar &, const c10::Scalar &, const c10::Scalar &, at::Tensor &)::[lambda() (instance 1)]::operator ()() const::[lambda() (instance 3)]::operator ()() const::[lambda(long) (instance 1)]>(T1, T2, function_traits<T2>::result_type *)",1288201871,1288202703,0,7,291407625453568,232277,,,,,24803,1288195729,1288200100,cudaLaunchKernel_v7000,3048,stage,64,extend,2,indexer_control,,hbm,GPU control,GPU control,,False,,,extend,1288201871,1288202703,832
hbm,13613,kernel,"void at::native::elementwise_kernel<(int)128, (int)2, void at::native::gpu_kernel_impl_nocast<at::native::CUDAFunctor_add<int>>(at::TensorIteratorBase &, const T1 &)::[lambda(int) (instance 1)]>(int, T3)",1288223311,1288244911,0,7,291407625453568,232290,,,,,24804,1288217219,1288221301,cudaLaunchKernel_v7000,3048,stage,64,extend,2,indexer_control,,hbm,GPU control,GPU control,,False,,,extend,1288223311,1288244911,21600
hbm,13614,kernel,"void at::native::unrolled_elementwise_kernel<at::native::direct_copy_kernel_cuda(at::TensorIteratorBase &)::[lambda() (instance 3)]::operator ()() const::[lambda() (instance 4)]::operator ()() const::[lambda(long) (instance 1)], std::array<char *, (unsigned long)2>, (int)4, TrivialOffsetCalculator<(int)1, unsigned int>, TrivialOffsetCalculator<(int)1, unsigned int>, at::native::memory::LoadWithCast<(int)1>, at::native::memory::StoreWithCast<(int)1>>(int, T1, T2, T4, T5, T6, T7)",1288261967,1288293070,0,7,291407625453568,232307,,,,,24805,1288255215,1288259822,cudaLaunchKernel_v7000,3048,stage,64,extend,2,indexer_control,,hbm,GPU control,GPU control,,False,,,extend,1288261967,1288293070,31103
hbm,13615,kernel,"void at::native::index_elementwise_kernel<(int)128, (int)4, void at::native::gpu_index_kernel<void at::native::index_kernel_impl<at::native::OpaqueType<(int)1>>(at::TensorIteratorBase &, c10::ArrayRef<long>, c10::ArrayRef<long>)::[lambda(char *, const char *, long) (instance 1)]>(at::TensorIteratorBase &, c10::ArrayRef<long>, c10::ArrayRef<long>, const T1 &, bool)::[lambda(int) (instance 1)]>(long, T3)",1288294574,1288346542,0,7,291407625453568,232318,,,,,24806,1288271116,1288275475,cudaLaunchKernel_v7000,3048,stage,64,extend,2,indexer_control,,hbm,GPU control,GPU control,,False,,,extend,1288294574,1288346542,51968
hbm,13616,kernel,"void at::native::vectorized_elementwise_kernel<(int)4, at::native::AUnaryFunctor<int, int, int, at::native::binary_internal::MulFunctor<int>>, std::array<char *, (unsigned long)2>>(int, T2, T3)",1288347822,1288349006,0,7,291407625453568,232333,,,,,24807,1288296859,1288300600,cudaLaunchKernel_v7000,3048,stage,64,extend,2,indexer_control,,hbm,GPU control,GPU control,,False,,,extend,1288347822,1288349006,1184
hbm,13617,kernel,"void <unnamed>::elementwise_kernel_with_index<int, at::native::arange_cuda_out(const c10::Scalar &, const c10::Scalar &, const c10::Scalar &, at::Tensor &)::[lambda() (instance 1)]::operator ()() const::[lambda() (instance 3)]::operator ()() const::[lambda(long) (instance 1)]>(T1, T2, function_traits<T2>::result_type *)",1288350222,1288350926,0,7,291407625453568,232353,,,,,24808,1288314549,1288318016,cudaLaunchKernel_v7000,3048,stage,64,extend,2,indexer_control,,hbm,GPU control,GPU control,,False,,,extend,1288350222,1288350926,704
hbm,13618,kernel,"void at::native::elementwise_kernel<(int)128, (int)2, void at::native::gpu_kernel_impl_nocast<at::native::CUDAFunctor_add<int>>(at::TensorIteratorBase &, const T1 &)::[lambda(int) (instance 1)]>(int, T3)",1288352046,1288354254,0,7,291407625453568,232366,,,,,24809,1288329226,1288332571,cudaLaunchKernel_v7000,3048,stage,64,extend,2,indexer_control,,hbm,GPU control,GPU control,,False,,,extend,1288352046,1288354254,2208
hbm,13619,kernel,"void at::native::vectorized_elementwise_kernel<(int)4, at::native::CUDAFunctorOnSelf_add<int>, std::array<char *, (unsigned long)2>>(int, T2, T3)",1288355438,1288356750,0,7,291407625453568,232376,,,,,24810,1288342250,1288345818,cudaLaunchKernel_v7000,3048,stage,64,extend,2,indexer_control,,hbm,GPU control,GPU control,,False,,,extend,1288355438,1288356750,1312
hbm,13620,kernel,"void at::native::unrolled_elementwise_kernel<at::native::direct_copy_kernel_cuda(at::TensorIteratorBase &)::[lambda() (instance 3)]::operator ()() const::[lambda() (instance 4)]::operator ()() const::[lambda(long) (instance 1)], std::array<char *, (unsigned long)2>, (int)4, TrivialOffsetCalculator<(int)1, unsigned int>, TrivialOffsetCalculator<(int)1, unsigned int>, at::native::memory::LoadWithCast<(int)1>, at::native::memory::StoreWithCast<(int)1>>(int, T1, T2, T4, T5, T6, T7)",1288370094,1288372846,0,7,291407625453568,232393,,,,,24811,1288364366,1288368094,cudaLaunchKernel_v7000,3048,stage,64,extend,2,indexer_control,,hbm,GPU control,GPU control,,False,,,extend,1288370094,1288372846,2752
hbm,13621,kernel,"void at::native::index_elementwise_kernel<(int)128, (int)4, void at::native::gpu_index_kernel<void at::native::index_kernel_impl<at::native::OpaqueType<(int)1>>(at::TensorIteratorBase &, c10::ArrayRef<long>, c10::ArrayRef<long>)::[lambda(char *, const char *, long) (instance 1)]>(at::TensorIteratorBase &, c10::ArrayRef<long>, c10::ArrayRef<long>, const T1 &, bool)::[lambda(int) (instance 1)]>(long, T3)",1288380942,1288385358,0,7,291407625453568,232404,,,,,24812,1288375401,1288378907,cudaLaunchKernel_v7000,3048,stage,64,extend,2,indexer_control,,hbm,GPU control,GPU control,,False,,,extend,1288380942,1288385358,4416
hbm,13622,kernel,"void at::native::vectorized_elementwise_kernel<(int)4, at::native::FillFunctor<int>, std::array<char *, (unsigned long)1>>(int, T2, T3)",1288400654,1288401518,0,7,291407625453568,232419,,,,,24813,1288394699,1288398587,cudaLaunchKernel_v7000,3048,stage,64,extend,2,indexer_control,,hbm,GPU control,GPU control,,False,,,extend,1288400654,1288401518,864
hbm,13623,kernel,"void at::native::vectorized_elementwise_kernel<(int)4, at::native::CUDAFunctor_add<int>, std::array<char *, (unsigned long)3>>(int, T2, T3)",1288491694,1288492878,0,7,291407625453568,232465,,,,,24817,1288485981,1288489819,cudaLaunchKernel_v7000,3048,stage,64,extend,2,indexer_control,,hbm,GPU control,GPU control,,False,,,extend,1288491694,1288492878,1184
hbm,13624,kernel,"void deep_gemm::sm90_fp8_mqa_logits<(unsigned int)64, (unsigned int)128, (unsigned int)2, (unsigned int)256, (unsigned int)3, (unsigned int)3, (unsigned int)128, (unsigned int)512>(unsigned int, unsigned int, unsigned long, unsigned int *, unsigned int *, float *, CUtensorMap_st, CUtensorMap_st, CUtensorMap_st, CUtensorMap_st)",1288543918,1288778830,0,7,291407625453568,232485,,,,,10902,1288537455,1288541822,cuLaunchKernelEx,3049,stage,64,extend,2,indexer,,hbm,Compute,Indexer / top-k,,False,,,extend,1288543918,1288778830,234912
hbm,13625,kernel,"<unnamed>::topk_transform_prefill_kernel(<unnamed>::FastTopKParams, int *, const int *, long, float *, const int *, long)",1288780110,1288819598,0,7,291407625453568,232494,,,,,24818,1288580885,1288585346,cudaLaunchKernel_v7000,3050,stage,64,extend,2,topk,,hbm,Compute,Indexer / top-k,,False,,,extend,1288780110,1288819598,39488
hbm,13626,kernel,"void <unnamed>::elementwise_kernel_with_index<int, at::native::arange_cuda_out(const c10::Scalar &, const c10::Scalar &, const c10::Scalar &, at::Tensor &)::[lambda() (instance 1)]::operator ()() const::[lambda() (instance 3)]::operator ()() const::[lambda(long) (instance 1)]>(T1, T2, function_traits<T2>::result_type *)",1288820782,1288821646,0,7,291407625453568,232509,,,,,24819,1288597433,1288601051,cudaLaunchKernel_v7000,3050,stage,64,extend,2,topk,,hbm,GPU control,GPU control,,False,,,extend,1288820782,1288821646,864
hbm,13627,kernel,"void at::native::elementwise_kernel<(int)128, (int)4, void at::native::gpu_kernel_impl_nocast<at::native::<unnamed>::CompareFunctor<int>>(at::TensorIteratorBase &, const T1 &)::[lambda(int) (instance 1)]>(int, T3)",1288822798,1288823886,0,7,291407625453568,232519,,,,,24820,1288611136,1288615052,cudaLaunchKernel_v7000,3050,stage,64,extend,2,topk,,hbm,Compute,Indexer / top-k,,False,,,extend,1288822798,1288823886,1088
hbm,13628,kernel,"void at::native::elementwise_kernel<(int)128, (int)2, void at::native::gpu_kernel_impl_nocast<at::native::<unnamed>::masked_fill_kernel(at::TensorIterator &, const c10::Scalar &)::[lambda() (instance 1)]::operator ()() const::[lambda() (instance 3)]::operator ()() const::[lambda(int, bool) (instance 1)]>(at::TensorIteratorBase &, const T1 &)::[lambda(int) (instance 1)]>(int, T3)",1288825102,1288827406,0,7,291407625453568,232525,,,,,24821,1288627540,1288631345,cudaLaunchKernel_v7000,3050,stage,64,extend,2,topk,,hbm,Compute,Indexer / top-k,,False,,,extend,1288825102,1288827406,2304
hbm,13629,kernel,set_mla_kv_buffer_kernel,1288828526,1288830318,0,7,291407625453568,232535,,,,,10903,1288754054,1288759185,cuLaunchKernelEx,3053,stage,64,extend,2,cache_write,,hbm,GPU control,GPU control,,False,,,extend,1288828526,1288830318,1792
hbm,13630,kernel,"void at::native::<unnamed>::CatArrayBatchedCopy<at::native::<unnamed>::OpaqueType<(unsigned int)2>, unsigned int, (int)3, (int)64, (int)64>(T1 *, at::native::<unnamed>::CatArrInputTensorMetadata<T1, T2, T4, T5>, at::native::<unnamed>::TensorSizeStride<T2, (unsigned int)4>, int, T2)",1288831534,1288874958,0,7,291407625453568,232543,,,,,24822,1288783091,1288788057,cudaLaunchKernel_v7000,3052,stage,64,extend,2,cache_control,,hbm,GPU control,GPU control,,False,,,extend,1288831534,1288874958,43424
hbm,13631,kernel,"void sm90::sparse_attn_fwd_kernel<sm90::TmaParams<cute::tuple<int, int, int>, cute::TiledCopy<cute::Copy_Atom<cute::Copy_Traits<cute::SM90_TMA_LOAD, cute::C<(int)65536>, cute::AuxTmaParams<cute::tuple<cute::ScaledBasis<cute::C<(int)1>, (int)1>, cute::ScaledBasis<cute::C<(int)1>, (int)0>, cute::ScaledBasis<cute::C<(int)1>, (int)2>>, const cute::Layout<cute::tuple<cute::C<(int)64>, cute::C<(int)64>, cute::C<(int)1>>, cute::tuple<cute::ScaledBasis<cute::C<(int)1>, (int)1>, cute::ScaledBasis<cute::C<(int)1>, (int)0>, cute::ScaledBasis<cute::C<(int)1>, (int)2>>> &, const cute::Swizzle<(int)3, (int)4, (int)3> &>>, cutlass::bfloat16_t>, cute::Layout<cute::tuple<cute::C<(int)1>, cute::tuple<cute::tuple<cute::tuple<cute::C<(int)64>, cute::C<(int)64>>, cute::C<(int)9>>>>, cute::tuple<cute::C<(int)0>, cute::tuple<cute::tuple<cute::tuple<cute::C<(int)64>, cute::C<(int)1>>, cute::C<(int)4096>>>>>, cute::tuple<cute::C<(int)64>, cute::C<(int)576>>>>>(SparsePrefillParams, T1)",1288876238,1288996429,0,7,291407625453568,232577,,,,,24825,1288824206,1288829753,cudaLaunchKernelExC_v11060,3054,stage,64,extend,2,attention,,hbm,Compute,Attention,,False,,,extend,1288876238,1288996429,120191
hbm,13632,kernel,nvjet_tst_128x128_64x6_1x1_v_bz_TNT,1288997581,1289008717,0,7,291407625453568,232597,,,,,10908,1288898304,1288903674,cuLaunchKernelEx,3051,stage,64,extend,2,output_mlp,,hbm,Compute,Output / MLP,,False,,,extend,1288997581,1289008717,11136
hbm,13633,kernel,"void per_token_group_quant_8bit_kernel<__nv_bfloat16, __nv_fp8_e4m3, (bool)1, (bool)0, float>(const T1 *, void *, T5 *, int, int, int, float, float, float, int, int)",1289009709,1289013549,0,7,291407625453568,232618,,,,,24826,1288971662,1288977278,cudaLaunchKernel_v7000,3051,stage,64,extend,2,output_mlp,,hbm,Compute,Output / MLP,,False,,,extend,1289009709,1289013549,3840
hbm,13634,kernel,"void deep_gemm::sm90_fp8_gemm_1d2d_impl<(unsigned int)0, (unsigned int)7168, (unsigned int)16384, (unsigned int)1, (unsigned int)64, (unsigned int)112, (unsigned int)128, (unsigned int)32, (unsigned int)9, (unsigned int)2, (unsigned int)128, (unsigned int)128, (unsigned int)1, (bool)0, (unsigned int)128, (deep_gemm::GemmType)0, deep_gemm::EpilogueIdentity>(float *, int *, unsigned int, unsigned int, unsigned int, CUtensorMap_st, CUtensorMap_st, CUtensorMap_st, CUtensorMap_st)",1289042989,1289082093,0,7,291407625453568,232632,,,,,10913,1289036617,1289041009,cuLaunchKernelEx,3051,stage,64,extend,2,output_mlp,,hbm,Compute,Output / MLP,,False,,,extend,1289042989,1289082093,39104
hbm,13635,kernel,"void flashinfer::norm::FusedAddRMSNormKernel<(unsigned int)8, __nv_bfloat16>(T2 *, T2 *, T2 *, unsigned int, unsigned int, unsigned int, float, float)",1289109485,1289113037,0,7,291407625453568,232635,,,,,24827,1289101831,1289107483,cudaLaunchKernelExC_v11060,3055,stage,64,extend,2,output_mlp,,hbm,Compute,Output / MLP,,False,,,extend,1289109485,1289113037,3552
hbm,13636,kernel,"void per_token_group_quant_8bit_kernel<__nv_bfloat16, __nv_fp8_e4m3, (bool)1, (bool)0, float>(const T1 *, void *, T5 *, int, int, int, float, float, float, int, int)",1289180045,1289182445,0,7,291407625453568,232654,,,,,24828,1289173315,1289178400,cudaLaunchKernel_v7000,3056,stage,64,extend,2,output_mlp,,hbm,Compute,Output / MLP,,False,,,extend,1289180045,1289182445,2400
hbm,13637,kernel,"void deep_gemm::sm90_fp8_gemm_1d2d_impl<(unsigned int)0, (unsigned int)36864, (unsigned int)7168, (unsigned int)1, (unsigned int)128, (unsigned int)144, (unsigned int)128, (unsigned int)32, (unsigned int)5, (unsigned int)1, (unsigned int)128, (unsigned int)256, (unsigned int)1, (bool)0, (unsigned int)128, (deep_gemm::GemmType)0, deep_gemm::EpilogueIdentity>(float *, int *, unsigned int, unsigned int, unsigned int, CUtensorMap_st, CUtensorMap_st, CUtensorMap_st, CUtensorMap_st)",1289227341,1289304973,0,7,291407625453568,232668,,,,,10918,1289221088,1289225448,cuLaunchKernelEx,3056,stage,64,extend,2,output_mlp,,hbm,Compute,Output / MLP,,False,,,extend,1289227341,1289304973,77632
hbm,13638,kernel,"void flashinfer::activation::act_and_mul_kernel<__nv_bfloat16, &silu<float>>(T1 *, const T1 *, int)",1289306637,1289312301,0,7,291407625453568,232678,,,,,24829,1289255160,1289259514,cudaLaunchKernel_v7000,3056,stage,64,extend,2,output_mlp,,hbm,Compute,Output / MLP,,False,,,extend,1289306637,1289312301,5664
hbm,13639,kernel,"void per_token_group_quant_8bit_kernel<__nv_bfloat16, __nv_fp8_e4m3, (bool)1, (bool)0, float>(const T1 *, void *, T5 *, int, int, int, float, float, float, int, int)",1289313485,1289318477,0,7,291407625453568,232699,,,,,24830,1289302990,1289307483,cudaLaunchKernel_v7000,3056,stage,64,extend,2,output_mlp,,hbm,Compute,Output / MLP,,False,,,extend,1289313485,1289318477,4992
hbm,13640,kernel,"void deep_gemm::sm90_fp8_gemm_1d2d_impl<(unsigned int)0, (unsigned int)7168, (unsigned int)18432, (unsigned int)1, (unsigned int)64, (unsigned int)112, (unsigned int)128, (unsigned int)32, (unsigned int)9, (unsigned int)0, (unsigned int)128, (unsigned int)128, (unsigned int)1, (bool)0, (unsigned int)128, (deep_gemm::GemmType)0, deep_gemm::EpilogueIdentity>(float *, int *, unsigned int, unsigned int, unsigned int, CUtensorMap_st, CUtensorMap_st, CUtensorMap_st, CUtensorMap_st)",1289351341,1289394189,0,7,291407625453568,232713,,,,,10923,1289345038,1289349087,cuLaunchKernelEx,3056,stage,64,extend,2,output_mlp,,hbm,Compute,Output / MLP,,False,,,extend,1289351341,1289394189,42848
hbm,15757,memcpy,Device-to-Device,1212799608,1212804248,0,7,291407625453568,227166,8388608,,,8,24512,1212785472,1212799477,cudaMemcpyAsync_v3020,2970,stage,63,prefill,0,indexer_control,,hbm,GPU control,GPU control,,False,,,prefill,1212799608,1212804248,4640
hbm,15758,memcpy,Device-to-Device,1212820504,1212821560,0,7,291407625453568,227178,262144,,,8,24513,1212812777,1212818756,cudaMemcpyAsync_v3020,2970,stage,63,prefill,0,indexer_control,,hbm,GPU control,GPU control,,False,,,prefill,1212820504,1212821560,1056
hbm,15759,memcpy,Device-to-Device,1212839800,1212840632,0,7,291407625453568,227190,4096,,,8,24514,1212832007,1212837896,cudaMemcpyAsync_v3020,2970,stage,63,prefill,0,indexer_control,,hbm,GPU control,GPU control,,False,,,prefill,1212839800,1212840632,832
hbm,15760,memcpy,Device-to-Device,1216903346,1216908210,0,7,291407625453568,227997,8388608,,,8,24559,1215406282,1215419568,cudaMemcpyAsync_v3020,2985,stage,63,prefill,1,indexer_control,,hbm,GPU control,GPU control,,False,,,prefill,1216903346,1216908210,4864
hbm,15761,memcpy,Device-to-Device,1216909234,1216910322,0,7,291407625453568,228009,262144,,,8,24560,1215433027,1215439002,cudaMemcpyAsync_v3020,2985,stage,63,prefill,1,indexer_control,,hbm,GPU control,GPU control,,False,,,prefill,1216909234,1216910322,1088
hbm,15762,memcpy,Device-to-Device,1216911474,1216912338,0,7,291407625453568,228021,4096,,,8,24561,1215451726,1215457425,cudaMemcpyAsync_v3020,2985,stage,63,prefill,1,indexer_control,,hbm,GPU control,GPU control,,False,,,prefill,1216911474,1216912338,864
hbm,15763,memcpy,Device-to-Device,1220920877,1220925293,0,7,291407625453568,228828,8388608,,,8,24606,1218023543,1218037637,cudaMemcpyAsync_v3020,3000,stage,63,prefill,2,indexer_control,,hbm,GPU control,GPU control,,False,,,prefill,1220920877,1220925293,4416
hbm,15764,memcpy,Device-to-Device,1220926349,1220927661,0,7,291407625453568,228840,262144,,,8,24607,1218060282,1218068053,cudaMemcpyAsync_v3020,3000,stage,63,prefill,2,indexer_control,,hbm,GPU control,GPU control,,False,,,prefill,1220926349,1220927661,1312
hbm,15765,memcpy,Device-to-Device,1220928685,1220929549,0,7,291407625453568,228852,4096,,,8,24608,1218081327,1218087161,cudaMemcpyAsync_v3020,3000,stage,63,prefill,2,indexer_control,,hbm,GPU control,GPU control,,False,,,prefill,1220928685,1220929549,864
hbm,15789,memcpy,Device-to-Device,1283225878,1283230454,0,7,291407625453568,230763,8404992,,,8,24726,1283211979,1283225556,cudaMemcpyAsync_v3020,3018,stage,64,extend,0,indexer_control,,hbm,GPU control,GPU control,,False,,,extend,1283225878,1283230454,4576
hbm,15790,memcpy,Device-to-Device,1283247126,1283248214,0,7,291407625453568,230775,262656,,,8,24727,1283239216,1283245348,cudaMemcpyAsync_v3020,3018,stage,64,extend,0,indexer_control,,hbm,GPU control,GPU control,,False,,,extend,1283247126,1283248214,1088
hbm,15791,memcpy,Device-to-Device,1283265462,1283266198,0,7,291407625453568,230787,512,,,8,24728,1283258628,1283263435,cudaMemcpyAsync_v3020,3018,stage,64,extend,0,indexer_control,,hbm,GPU control,GPU control,,False,,,extend,1283265462,1283266198,736
hbm,15792,memcpy,Device-to-Device,1285858354,1285862962,0,7,291407625453568,231596,8404992,,,8,24770,1285844650,1285858343,cudaMemcpyAsync_v3020,3033,stage,64,extend,1,indexer_control,,hbm,GPU control,GPU control,,False,,,extend,1285858354,1285862962,4608
hbm,15793,memcpy,Device-to-Device,1285879602,1285880850,0,7,291407625453568,231608,262656,,,8,24771,1285871835,1285877890,cudaMemcpyAsync_v3020,3033,stage,64,extend,1,indexer_control,,hbm,GPU control,GPU control,,False,,,extend,1285879602,1285880850,1248
hbm,15794,memcpy,Device-to-Device,1285898066,1285898802,0,7,291407625453568,231620,512,,,8,24772,1285891101,1285896078,cudaMemcpyAsync_v3020,3033,stage,64,extend,1,indexer_control,,hbm,GPU control,GPU control,,False,,,extend,1285898066,1285898802,736
hbm,15795,memcpy,Device-to-Device,1288441198,1288445710,0,7,291407625453568,232429,8404992,,,8,24814,1288426778,1288440857,cudaMemcpyAsync_v3020,3048,stage,64,extend,2,indexer_control,,hbm,GPU control,GPU control,,False,,,extend,1288441198,1288445710,4512
hbm,15796,memcpy,Device-to-Device,1288462222,1288463502,0,7,291407625453568,232441,262656,,,8,24815,1288454389,1288460494,cudaMemcpyAsync_v3020,3048,stage,64,extend,2,indexer_control,,hbm,GPU control,GPU control,,False,,,extend,1288462222,1288463502,1280
hbm,15797,memcpy,Device-to-Device,1288480078,1288480846,0,7,291407625453568,232453,512,,,8,24816,1288473446,1288478228,cudaMemcpyAsync_v3020,3048,stage,64,extend,2,indexer_control,,hbm,GPU control,GPU control,,False,,,extend,1288480078,1288480846,768
hbm,16241,memset,memset,1211518234,1211518970,0,7,291407625453568,226735,4,,,,24488,1211508353,1211516378,cudaMemsetAsync_v3020,2967,stage,63,prefill,0,projection,,hbm,GPU control,GPU control,,False,,,prefill,1211518234,1211518970,736
hbm,16242,memset,memset,1215367797,1215368821,0,7,291407625453568,227334,4,,,,24524,1213270080,1213277922,cudaMemsetAsync_v3020,2973,stage,63,prefill,0,output_mlp,,hbm,GPU control,GPU control,,False,,,prefill,1215367797,1215368821,1024
hbm,16243,memset,memset,1216514195,1216514931,0,7,291407625453568,227566,4,,,,24535,1214147573,1214154938,cudaMemsetAsync_v3020,2982,stage,63,prefill,1,projection,,hbm,GPU control,GPU control,,False,,,prefill,1216514195,1216514931,736
hbm,16244,memset,memset,1219384527,1219385519,0,7,291407625453568,228165,4,,,,24571,1215893209,1215901012,cudaMemsetAsync_v3020,2988,stage,63,prefill,1,output_mlp,,hbm,GPU control,GPU control,,False,,,prefill,1219384527,1219385519,992
hbm,16245,memset,memset,1220531597,1220532365,0,7,291407625453568,228397,4,,,,24582,1216750872,1216758369,cudaMemsetAsync_v3020,2997,stage,63,prefill,2,projection,,hbm,GPU control,GPU control,,False,,,prefill,1220531597,1220532365,768
hbm,16246,memset,memset,1223407593,1223408329,0,7,291407625453568,228996,4,,,,24618,1218510544,1218518369,cudaMemsetAsync_v3020,3003,stage,63,prefill,2,output_mlp,,hbm,GPU control,GPU control,,False,,,prefill,1223407593,1223408329,736
echo,24089,kernel,"void flashinfer::norm::RMSNormKernel<(unsigned int)8, __nv_bfloat16>(T2 *, T2 *, T2 *, unsigned int, unsigned int, unsigned int, float, float)",1910909383,1910919335,0,7,291518204084224,377480,,,,,47141,1910901917,1910907281,cudaLaunchKernelExC_v11060,4667,stage,63,prefill,0,projection,,echo,Compute,Projection / RoPE,,False,,,prefill,1910909383,1910919335,9952
echo,24090,kernel,"void per_token_group_quant_8bit_kernel<__nv_bfloat16, __nv_fp8_e4m3, (bool)1, (bool)0, float>(const T1 *, void *, T5 *, int, int, int, float, float, float, int, int)",1911015111,1911023751,0,7,291518204084224,377501,,,,,47142,1911007501,1911013891,cudaLaunchKernel_v7000,4668,stage,63,prefill,0,projection,,echo,Compute,Projection / RoPE,,False,,,prefill,1911015111,1911023751,8640
echo,24091,kernel,"void deep_gemm::sm90_fp8_gemm_1d2d_impl<(unsigned int)0, (unsigned int)2112, (unsigned int)7168, (unsigned int)1, (unsigned int)256, (unsigned int)64, (unsigned int)128, (unsigned int)128, (unsigned int)4, (unsigned int)0, (unsigned int)128, (unsigned int)256, (unsigned int)2, (bool)1, (unsigned int)132, (deep_gemm::GemmType)0, deep_gemm::EpilogueIdentity>(float *, int *, unsigned int, unsigned int, unsigned int, CUtensorMap_st, CUtensorMap_st, CUtensorMap_st, CUtensorMap_st)",1911104551,1911133319,0,7,291518204084224,377515,,,,,13238,1911096451,1911103422,cuLaunchKernelEx,4668,stage,63,prefill,0,projection,,echo,Compute,Projection / RoPE,,False,,,prefill,1911104551,1911133319,28768
echo,24092,kernel,"void flashinfer::norm::RMSNormKernel<(unsigned int)8, __nv_bfloat16>(T2 *, T2 *, T2 *, unsigned int, unsigned int, unsigned int, float, float)",1911161127,1911164455,0,7,291518204084224,377529,,,,,47143,1911154098,1911159326,cudaLaunchKernelExC_v11060,4668,stage,63,prefill,0,projection,,echo,Compute,Projection / RoPE,,False,,,prefill,1911161127,1911164455,3328
echo,24093,kernel,"void flashinfer::norm::RMSNormKernel<(unsigned int)8, __nv_bfloat16>(T2 *, T2 *, T2 *, unsigned int, unsigned int, unsigned int, float, float)",1911180039,1911183015,0,7,291518204084224,377542,,,,,47144,1911174193,1911177873,cudaLaunchKernelExC_v11060,4668,stage,63,prefill,0,projection,,echo,Compute,Projection / RoPE,,False,,,prefill,1911180039,1911183015,2976
echo,24094,kernel,"void per_token_group_quant_8bit_kernel<__nv_bfloat16, __nv_fp8_e4m3, (bool)1, (bool)0, float>(const T1 *, void *, T5 *, int, int, int, float, float, float, int, int)",1911231815,1911235015,0,7,291518204084224,377563,,,,,47145,1911225481,1911230258,cudaLaunchKernel_v7000,4668,stage,63,prefill,0,projection,,echo,Compute,Projection / RoPE,,False,,,prefill,1911231815,1911235015,3200
echo,24095,kernel,"void deep_gemm::sm90_fp8_gemm_1d2d_impl<(unsigned int)0, (unsigned int)24576, (unsigned int)1536, (unsigned int)1, (unsigned int)256, (unsigned int)128, (unsigned int)128, (unsigned int)128, (unsigned int)3, (unsigned int)0, (unsigned int)128, (unsigned int)256, (unsigned int)2, (bool)1, (unsigned int)128, (deep_gemm::GemmType)0, deep_gemm::EpilogueIdentity>(float *, int *, unsigned int, unsigned int, unsigned int, CUtensorMap_st, CUtensorMap_st, CUtensorMap_st, CUtensorMap_st)",1911281255,1911349031,0,7,291518204084224,377577,,,,,13243,1911274700,1911279790,cuLaunchKernelEx,4668,stage,63,prefill,0,projection,,echo,Compute,Projection / RoPE,,False,,,prefill,1911281255,1911349031,67776
echo,24096,kernel,nvjet_tst_256x128_64x4_1x2_h_bz_coopA_TNT,1911370375,1911422726,0,7,291518204084224,377595,,,,,13246,1911361784,1911368356,cuLaunchKernelEx,4668,stage,63,prefill,0,projection,,echo,Compute,Projection / RoPE,,False,,,prefill,1911370375,1911422726,52351
echo,24097,kernel,"void flashinfer::BatchQKApplyRotaryPosIdsCosSinCacheHeadParallelismKernel<(bool)1, (unsigned int)64, (unsigned int)8, (unsigned int)8, __nv_bfloat16, long>(T5 *, T5 *, T5 *, T5 *, float *, T6 *, unsigned int, unsigned int, unsigned int, unsigned int, unsigned long, unsigned long, unsigned long, unsigned long, unsigned long, unsigned long, unsigned long, unsigned long)",1911428742,1911440614,0,7,291518204084224,377603,,,,,47147,1911421480,1911426833,cudaLaunchKernel_v7000,4668,stage,63,prefill,0,projection,,echo,Compute,Projection / RoPE,,False,,,prefill,1911428742,1911440614,11872
echo,24098,kernel,"void per_token_group_quant_8bit_kernel<__nv_bfloat16, __nv_fp8_e4m3, (bool)1, (bool)0, float>(const T1 *, void *, T5 *, int, int, int, float, float, float, int, int)",1911511334,1911514790,0,7,291518204084224,377622,,,,,47148,1911504291,1911509500,cudaLaunchKernel_v7000,4669,stage,63,prefill,0,indexer,,echo,Compute,Indexer / top-k,,False,,,prefill,1911511334,1911514790,3456
echo,24099,kernel,"void deep_gemm::sm90_fp8_gemm_1d2d_impl<(unsigned int)0, (unsigned int)8192, (unsigned int)1536, (unsigned int)1, (unsigned int)256, (unsigned int)128, (unsigned int)128, (unsigned int)128, (unsigned int)3, (unsigned int)0, (unsigned int)128, (unsigned int)256, (unsigned int)2, (bool)1, (unsigned int)128, (deep_gemm::GemmType)0, deep_gemm::EpilogueIdentity>(float *, int *, unsigned int, unsigned int, unsigned int, CUtensorMap_st, CUtensorMap_st, CUtensorMap_st, CUtensorMap_st)",1911561702,1911587110,0,7,291518204084224,377636,,,,,13251,1911555363,1911560383,cuLaunchKernelEx,4669,stage,63,prefill,0,indexer,,echo,Compute,Indexer / top-k,,False,,,prefill,1911561702,1911587110,25408
echo,24100,kernel,"void per_token_group_quant_8bit_kernel<__nv_bfloat16, __nv_fp8_e4m3, (bool)1, (bool)0, float>(const T1 *, void *, T5 *, int, int, int, float, float, float, int, int)",1911639014,1911649350,0,7,291518204084224,377655,,,,,47149,1911632231,1911637340,cudaLaunchKernel_v7000,4669,stage,63,prefill,0,indexer,,echo,Compute,Indexer / top-k,,False,,,prefill,1911639014,1911649350,10336
echo,24101,kernel,"void deep_gemm::sm90_fp8_gemm_1d2d_impl<(unsigned int)0, (unsigned int)128, (unsigned int)7168, (unsigned int)1, (unsigned int)64, (unsigned int)16, (unsigned int)128, (unsigned int)32, (unsigned int)12, (unsigned int)8, (unsigned int)128, (unsigned int)128, (unsigned int)2, (bool)1, (unsigned int)128, (deep_gemm::GemmType)0, deep_gemm::EpilogueIdentity>(float *, int *, unsigned int, unsigned int, unsigned int, CUtensorMap_st, CUtensorMap_st, CUtensorMap_st, CUtensorMap_st)",1911683494,1911693894,0,7,291518204084224,377669,,,,,13256,1911676332,1911681755,cuLaunchKernelEx,4669,stage,63,prefill,0,indexer,,echo,Compute,Indexer / top-k,,False,,,prefill,1911683494,1911693894,10400
echo,24102,kernel,"void at::native::unrolled_elementwise_kernel<at::native::direct_copy_kernel_cuda(at::TensorIteratorBase &)::[lambda() (instance 3)]::operator ()() const::[lambda() (instance 7)]::operator ()() const::[lambda(float) (instance 1)], std::array<char *, (unsigned long)2>, (int)4, TrivialOffsetCalculator<(int)1, unsigned int>, TrivialOffsetCalculator<(int)1, unsigned int>, at::native::memory::LoadWithCast<(int)1>, at::native::memory::StoreWithCast<(int)1>>(int, T1, T2, T4, T5, T6, T7)",1911716326,1911719238,0,7,291518204084224,377679,,,,,47150,1911709367,1911714518,cudaLaunchKernel_v7000,4669,stage,63,prefill,0,indexer,,echo,Compute,Indexer / top-k,,False,,,prefill,1911716326,1911719238,2912
echo,24103,kernel,"void at::native::<unnamed>::vectorized_layer_norm_kernel<float, float>(int, T2, const T1 *, const T1 *, const T1 *, T2 *, T2 *, T1 *)",1911744582,1911748230,0,7,291518204084224,377709,,,,,47151,1911738605,1911742740,cudaLaunchKernel_v7000,4669,stage,63,prefill,0,indexer,,echo,Compute,Indexer / top-k,,False,,,prefill,1911744582,1911748230,3648
echo,24104,kernel,"void at::native::vectorized_elementwise_kernel<(int)8, at::native::bfloat16_copy_kernel_cuda(at::TensorIteratorBase &)::[lambda(float) (instance 1)], std::array<char *, (unsigned long)2>>(int, T2, T3)",1911762758,1911763942,0,7,291518204084224,377722,,,,,47152,1911756599,1911760378,cudaLaunchKernel_v7000,4669,stage,63,prefill,0,indexer,,echo,Compute,Indexer / top-k,,False,,,prefill,1911762758,1911763942,1184
echo,24105,kernel,"void flashinfer::BatchQKApplyRotaryPosIdsCosSinCacheHeadParallelismKernel<(bool)0, (unsigned int)64, (unsigned int)8, (unsigned int)8, __nv_bfloat16, long>(T5 *, T5 *, T5 *, T5 *, float *, T6 *, unsigned int, unsigned int, unsigned int, unsigned int, unsigned long, unsigned long, unsigned long, unsigned long, unsigned long, unsigned long, unsigned long, unsigned long)",1911813734,1911819910,0,7,291518204084224,377732,,,,,47153,1911807299,1911811881,cudaLaunchKernel_v7000,4669,stage,63,prefill,0,indexer,,echo,Compute,Indexer / top-k,,False,,,prefill,1911813734,1911819910,6176
echo,24106,kernel,"void fast_hadamard_transform_kernel<fast_hadamard_transform_kernel_traits<(int)16, (int)7, c10::BFloat16>>(HadamardParamsBase)",1911864614,1911905414,0,7,291518204084224,377748,,,,,47154,1911857797,1911862592,cudaLaunchKernel_v7000,4669,stage,63,prefill,0,indexer,,echo,Compute,Indexer / top-k,,False,,,prefill,1911864614,1911905414,40800
echo,24107,kernel,"void fast_hadamard_transform_kernel<fast_hadamard_transform_kernel_traits<(int)16, (int)7, c10::BFloat16>>(HadamardParamsBase)",1911906694,1911908358,0,7,291518204084224,377761,,,,,47155,1911886621,1911890863,cudaLaunchKernel_v7000,4669,stage,63,prefill,0,indexer,,echo,Compute,Indexer / top-k,,False,,,prefill,1911906694,1911908358,1664
echo,24108,kernel,_act_quant_kernel,1911971014,1911977061,0,7,291518204084224,377784,,,,,13257,1911963670,1911968724,cuLaunchKernelEx,4669,stage,63,prefill,0,indexer,,echo,Compute,Indexer / top-k,,False,,,prefill,1911971014,1911977061,6047
echo,24109,kernel,_act_quant_kernel,1912021061,1912022725,0,7,291518204084224,377804,,,,,13258,1912014575,1912018774,cuLaunchKernelEx,4669,stage,63,prefill,0,indexer,,echo,Compute,Indexer / top-k,,False,,,prefill,1912021061,1912022725,1664
echo,24110,kernel,_set_k_and_s_triton_kernel,1912103877,1912105701,0,7,291518204084224,377812,,,,,13259,1912097328,1912101912,cuLaunchKernelEx,4670,stage,63,prefill,0,cache_write,,echo,GPU control,GPU control,,False,,,prefill,1912103877,1912105701,1824
echo,24111,kernel,triton_poi_fused__to_copy_0,1912239621,1912251845,0,7,291518204084224,377822,,,,,13260,1912232292,1912238362,cuLaunchKernel,4669,stage,63,prefill,0,indexer,,echo,Compute,Indexer / top-k,,False,,,prefill,1912239621,1912251845,12224
echo,24112,kernel,sm80_xmma_gemm_f32f32_f32f32_f32_tn_n_tilesize128x64x8_stage3_warpsize2x2x1_ffma_aligna4_alignc4_execute_kernel__5x_cublas,1912296069,1912328549,0,7,291518204084224,377833,,,,,47156,1912288340,1912294536,cudaLaunchKernelExC_v11060,4669,stage,63,prefill,0,indexer,,echo,Compute,Indexer / top-k,,False,,,prefill,1912296069,1912328549,32480
echo,24113,kernel,sm80_xmma_gemm_f32f32_f32f32_f32_tn_n_tilesize128x64x8_stage3_warpsize2x2x1_ffma_aligna4_alignc4_execute_split_k_kernel__5x_cublas,1912329829,1912336421,0,7,291518204084224,377835,,,,,47157,1912295528,1912299433,cudaLaunchKernelExC_v11060,4669,stage,63,prefill,0,indexer,,echo,Compute,Indexer / top-k,,False,,,prefill,1912329829,1912336421,6592
echo,24114,kernel,triton_poi_fused_mul_1,1912337701,1912339397,0,7,291518204084224,377842,,,,,13261,1912320018,1912324206,cuLaunchKernel,4669,stage,63,prefill,0,indexer,,echo,Compute,Indexer / top-k,,False,,,prefill,1912337701,1912339397,1696
echo,24115,kernel,"void at::native::vectorized_elementwise_kernel<(int)4, at::native::AUnaryFunctor<int, int, int, at::native::binary_internal::MulFunctor<int>>, std::array<char *, (unsigned long)2>>(int, T2, T3)",1912420965,1912422309,0,7,291518204084224,377853,,,,,47158,1912413628,1912419272,cudaLaunchKernel_v7000,4671,stage,63,prefill,0,indexer_control,,echo,GPU control,GPU control,,False,,,prefill,1912420965,1912422309,1344
echo,24116,kernel,"void <unnamed>::elementwise_kernel_with_index<int, at::native::arange_cuda_out(const c10::Scalar &, const c10::Scalar &, const c10::Scalar &, at::Tensor &)::[lambda() (instance 1)]::operator ()() const::[lambda() (instance 3)]::operator ()() const::[lambda(long) (instance 1)]>(T1, T2, function_traits<T2>::result_type *)",1912452517,1912453317,0,7,291518204084224,377873,,,,,47159,1912446211,1912450428,cudaLaunchKernel_v7000,4671,stage,63,prefill,0,indexer_control,,echo,GPU control,GPU control,,False,,,prefill,1912452517,1912453317,800
echo,24117,kernel,"void at::native::elementwise_kernel<(int)128, (int)2, void at::native::gpu_kernel_impl_nocast<at::native::CUDAFunctor_add<int>>(at::TensorIteratorBase &, const T1 &)::[lambda(int) (instance 1)]>(int, T3)",1912473893,1912495397,0,7,291518204084224,377886,,,,,47160,1912467845,1912471983,cudaLaunchKernel_v7000,4671,stage,63,prefill,0,indexer_control,,echo,GPU control,GPU control,,False,,,prefill,1912473893,1912495397,21504
echo,24118,kernel,"void at::native::unrolled_elementwise_kernel<at::native::direct_copy_kernel_cuda(at::TensorIteratorBase &)::[lambda() (instance 3)]::operator ()() const::[lambda() (instance 4)]::operator ()() const::[lambda(long) (instance 1)], std::array<char *, (unsigned long)2>, (int)4, TrivialOffsetCalculator<(int)1, unsigned int>, TrivialOffsetCalculator<(int)1, unsigned int>, at::native::memory::LoadWithCast<(int)1>, at::native::memory::StoreWithCast<(int)1>>(int, T1, T2, T4, T5, T6, T7)",1912514117,1912543621,0,7,291518204084224,377903,,,,,47161,1912506862,1912511642,cudaLaunchKernel_v7000,4671,stage,63,prefill,0,indexer_control,,echo,GPU control,GPU control,,False,,,prefill,1912514117,1912543621,29504
echo,24119,kernel,"void at::native::index_elementwise_kernel<(int)128, (int)4, void at::native::gpu_index_kernel<void at::native::index_kernel_impl<at::native::OpaqueType<(int)1>>(at::TensorIteratorBase &, c10::ArrayRef<long>, c10::ArrayRef<long>)::[lambda(char *, const char *, long) (instance 1)]>(at::TensorIteratorBase &, c10::ArrayRef<long>, c10::ArrayRef<long>, const T1 &, bool)::[lambda(int) (instance 1)]>(long, T3)",1912544805,1912597444,0,7,291518204084224,377914,,,,,47162,1912523445,1912527570,cudaLaunchKernel_v7000,4671,stage,63,prefill,0,indexer_control,,echo,GPU control,GPU control,,False,,,prefill,1912544805,1912597444,52639
echo,24120,kernel,"void at::native::vectorized_elementwise_kernel<(int)4, at::native::AUnaryFunctor<int, int, int, at::native::binary_internal::MulFunctor<int>>, std::array<char *, (unsigned long)2>>(int, T2, T3)",1912599044,1912600356,0,7,291518204084224,377929,,,,,47163,1912548504,1912552210,cudaLaunchKernel_v7000,4671,stage,63,prefill,0,indexer_control,,echo,GPU control,GPU control,,False,,,prefill,1912599044,1912600356,1312
echo,24121,kernel,"void <unnamed>::elementwise_kernel_with_index<int, at::native::arange_cuda_out(const c10::Scalar &, const c10::Scalar &, const c10::Scalar &, at::Tensor &)::[lambda() (instance 1)]::operator ()() const::[lambda() (instance 3)]::operator ()() const::[lambda(long) (instance 1)]>(T1, T2, function_traits<T2>::result_type *)",1912601732,1912602468,0,7,291518204084224,377949,,,,,47164,1912566282,1912570053,cudaLaunchKernel_v7000,4671,stage,63,prefill,0,indexer_control,,echo,GPU control,GPU control,,False,,,prefill,1912601732,1912602468,736
echo,24122,kernel,"void at::native::elementwise_kernel<(int)128, (int)2, void at::native::gpu_kernel_impl_nocast<at::native::CUDAFunctor_add<int>>(at::TensorIteratorBase &, const T1 &)::[lambda(int) (instance 1)]>(int, T3)",1912603684,1912605828,0,7,291518204084224,377962,,,,,47165,1912581223,1912584617,cudaLaunchKernel_v7000,4671,stage,63,prefill,0,indexer_control,,echo,GPU control,GPU control,,False,,,prefill,1912603684,1912605828,2144
echo,24123,kernel,"void at::native::vectorized_elementwise_kernel<(int)4, at::native::CUDAFunctorOnSelf_add<int>, std::array<char *, (unsigned long)2>>(int, T2, T3)",1912607012,1912608292,0,7,291518204084224,377972,,,,,47166,1912594325,1912597819,cudaLaunchKernel_v7000,4671,stage,63,prefill,0,indexer_control,,echo,GPU control,GPU control,,False,,,prefill,1912607012,1912608292,1280
echo,24124,kernel,"void at::native::unrolled_elementwise_kernel<at::native::direct_copy_kernel_cuda(at::TensorIteratorBase &)::[lambda() (instance 3)]::operator ()() const::[lambda() (instance 4)]::operator ()() const::[lambda(long) (instance 1)], std::array<char *, (unsigned long)2>, (int)4, TrivialOffsetCalculator<(int)1, unsigned int>, TrivialOffsetCalculator<(int)1, unsigned int>, at::native::memory::LoadWithCast<(int)1>, at::native::memory::StoreWithCast<(int)1>>(int, T1, T2, T4, T5, T6, T7)",1912622116,1912624836,0,7,291518204084224,377989,,,,,47167,1912616338,1912619957,cudaLaunchKernel_v7000,4671,stage,63,prefill,0,indexer_control,,echo,GPU control,GPU control,,False,,,prefill,1912622116,1912624836,2720
echo,24125,kernel,"void at::native::index_elementwise_kernel<(int)128, (int)4, void at::native::gpu_index_kernel<void at::native::index_kernel_impl<at::native::OpaqueType<(int)1>>(at::TensorIteratorBase &, c10::ArrayRef<long>, c10::ArrayRef<long>)::[lambda(char *, const char *, long) (instance 1)]>(at::TensorIteratorBase &, c10::ArrayRef<long>, c10::ArrayRef<long>, const T1 &, bool)::[lambda(int) (instance 1)]>(long, T3)",1912633348,1912637796,0,7,291518204084224,378000,,,,,47168,1912627731,1912631205,cudaLaunchKernel_v7000,4671,stage,63,prefill,0,indexer_control,,echo,GPU control,GPU control,,False,,,prefill,1912633348,1912637796,4448
echo,24126,kernel,"void at::native::vectorized_elementwise_kernel<(int)4, at::native::FillFunctor<int>, std::array<char *, (unsigned long)1>>(int, T2, T3)",1912653956,1912654820,0,7,291518204084224,378015,,,,,47169,1912648089,1912651848,cudaLaunchKernel_v7000,4671,stage,63,prefill,0,indexer_control,,echo,GPU control,GPU control,,False,,,prefill,1912653956,1912654820,864
echo,24127,kernel,"void at::native::vectorized_elementwise_kernel<(int)4, at::native::CUDAFunctor_add<int>, std::array<char *, (unsigned long)3>>(int, T2, T3)",1912747780,1912748964,0,7,291518204084224,378061,,,,,47173,1912741828,1912745862,cudaLaunchKernel_v7000,4671,stage,63,prefill,0,indexer_control,,echo,GPU control,GPU control,,False,,,prefill,1912747780,1912748964,1184
echo,24128,kernel,"void at::native::vectorized_elementwise_kernel<(int)4, at::native::FillFunctor<int>, std::array<char *, (unsigned long)1>>(int, T2, T3)",1912760484,1912761316,0,7,291518204084224,378067,,,,,47174,1912754984,1912758498,cudaLaunchKernel_v7000,4671,stage,63,prefill,0,indexer_control,,echo,GPU control,GPU control,,False,,,prefill,1912760484,1912761316,832
echo,24129,kernel,"at::native::<unnamed>::fill_reverse_indices_kernel(long *, int, at::cuda::detail::IntDivider<unsigned int>)",1912789348,1912790628,0,7,291518204084224,378090,,,,,47176,1912783390,1912787187,cudaLaunchKernel_v7000,4671,stage,63,prefill,0,indexer_control,,echo,GPU control,GPU control,,False,,,prefill,1912789348,1912790628,1280
echo,24130,kernel,"void at_cuda_detail::cub::DeviceRadixSortHistogramKernel<at_cuda_detail::cub::DeviceRadixSortPolicy<int, at::cuda::cub::detail::OpaqueType<(int)8>, unsigned long long>::Policy900, (bool)0, int, unsigned long long, at_cuda_detail::cub::detail::identity_decomposer_t>(T4 *, const T3 *, T4, int, int, T5)",1912816356,1912819044,0,7,291518204084224,378113,,,,,47179,1912810266,1912814122,cudaLaunchKernel_v7000,4671,stage,63,prefill,0,indexer_control,,echo,GPU control,GPU control,,False,,,prefill,1912816356,1912819044,2688
echo,24131,kernel,"void at_cuda_detail::cub::DeviceRadixSortExclusiveSumKernel<at_cuda_detail::cub::DeviceRadixSortPolicy<int, at::cuda::cub::detail::OpaqueType<(int)8>, unsigned long long>::Policy900, unsigned long long>(T2 *)",1912822116,1912823332,0,7,291518204084224,378117,,,,,47180,1912815674,1912819424,cudaLaunchKernel_v7000,4671,stage,63,prefill,0,indexer_control,,echo,GPU control,GPU control,,False,,,prefill,1912822116,1912823332,1216
echo,24132,kernel,"void at_cuda_detail::cub::DeviceRadixSortOnesweepKernel<at_cuda_detail::cub::DeviceRadixSortPolicy<int, at::cuda::cub::detail::OpaqueType<(int)8>, unsigned long long>::Policy900, (bool)0, int, at::cuda::cub::detail::OpaqueType<(int)8>, unsigned long long, int, int, at_cuda_detail::cub::detail::identity_decomposer_t>(T7 *, T7 *, T5 *, const T5 *, T3 *, const T3 *, T4 *, const T4 *, T6, int, int, T8)",1912830436,1912839844,0,7,291518204084224,378123,,,,,47182,1912824643,1912828108,cudaLaunchKernel_v7000,4671,stage,63,prefill,0,indexer_control,,echo,GPU control,GPU control,,False,,,prefill,1912830436,1912839844,9408
echo,24133,kernel,"void at_cuda_detail::cub::DeviceRadixSortOnesweepKernel<at_cuda_detail::cub::DeviceRadixSortPolicy<int, at::cuda::cub::detail::OpaqueType<(int)8>, unsigned long long>::Policy900, (bool)0, int, at::cuda::cub::detail::OpaqueType<(int)8>, unsigned long long, int, int, at_cuda_detail::cub::detail::identity_decomposer_t>(T7 *, T7 *, T5 *, const T5 *, T3 *, const T3 *, T4 *, const T4 *, T6, int, int, T8)",1912843684,1912851044,0,7,291518204084224,378129,,,,,47184,1912832348,1912835332,cudaLaunchKernel_v7000,4671,stage,63,prefill,0,indexer_control,,echo,GPU control,GPU control,,False,,,prefill,1912843684,1912851044,7360
echo,24134,kernel,"void at_cuda_detail::cub::DeviceRadixSortOnesweepKernel<at_cuda_detail::cub::DeviceRadixSortPolicy<int, at::cuda::cub::detail::OpaqueType<(int)8>, unsigned long long>::Policy900, (bool)0, int, at::cuda::cub::detail::OpaqueType<(int)8>, unsigned long long, int, int, at_cuda_detail::cub::detail::identity_decomposer_t>(T7 *, T7 *, T5 *, const T5 *, T3 *, const T3 *, T4 *, const T4 *, T6, int, int, T8)",1912854628,1912861668,0,7,291518204084224,378135,,,,,47186,1912839376,1912842589,cudaLaunchKernel_v7000,4671,stage,63,prefill,0,indexer_control,,echo,GPU control,GPU control,,False,,,prefill,1912854628,1912861668,7040
echo,24135,kernel,"void at_cuda_detail::cub::DeviceRadixSortOnesweepKernel<at_cuda_detail::cub::DeviceRadixSortPolicy<int, at::cuda::cub::detail::OpaqueType<(int)8>, unsigned long long>::Policy900, (bool)0, int, at::cuda::cub::detail::OpaqueType<(int)8>, unsigned long long, int, int, at_cuda_detail::cub::detail::identity_decomposer_t>(T7 *, T7 *, T5 *, const T5 *, T3 *, const T3 *, T4 *, const T4 *, T6, int, int, T8)",1912865252,1912872484,0,7,291518204084224,378141,,,,,47188,1912846498,1912849403,cudaLaunchKernel_v7000,4671,stage,63,prefill,0,indexer_control,,echo,GPU control,GPU control,,False,,,prefill,1912865252,1912872484,7232
echo,24136,kernel,"void at::native::unrolled_elementwise_kernel<at::native::direct_copy_kernel_cuda(at::TensorIteratorBase &)::[lambda() (instance 3)]::operator ()() const::[lambda() (instance 3)]::operator ()() const::[lambda(int) (instance 1)], std::array<char *, (unsigned long)2>, (int)4, TrivialOffsetCalculator<(int)1, unsigned int>, TrivialOffsetCalculator<(int)1, unsigned int>, at::native::memory::LoadWithCast<(int)1>, at::native::memory::StoreWithCast<(int)1>>(int, T1, T2, T4, T5, T6, T7)",1912873892,1912875684,0,7,291518204084224,378157,,,,,47189,1912862391,1912866168,cudaLaunchKernel_v7000,4671,stage,63,prefill,0,indexer_control,,echo,GPU control,GPU control,,False,,,prefill,1912873892,1912875684,1792
echo,24137,kernel,"void at::native::vectorized_elementwise_kernel<(int)4, at::native::FillFunctor<unsigned int>, std::array<char *, (unsigned long)1>>(int, T2, T3)",1912883236,1912883972,0,7,291518204084224,378170,,,,,47190,1912877629,1912881228,cudaLaunchKernel_v7000,4671,stage,63,prefill,0,indexer_control,,echo,GPU control,GPU control,,False,,,prefill,1912883236,1912883972,736
echo,24138,kernel,"void deep_gemm::sm90_fp8_mqa_logits_fuse_prefetch<(unsigned int)64, (unsigned int)128, (unsigned int)576, (unsigned int)2, (unsigned int)128, (unsigned int)3, (unsigned int)3, (unsigned int)101, (unsigned int)128, (unsigned int)256, (unsigned int)256, (unsigned int)16384>(unsigned int, unsigned int, unsigned long, unsigned long, unsigned int *, unsigned int *, float *, const int *, const int *, const int *, __nv_bfloat16 *, __nv_bfloat16 *, int *, const int *, long *, int *, unsigned int *, float *, unsigned int, CUtensorMap_st, CUtensorMap_st, CUtensorMap_st, CUtensorMap_st)",1912944004,1917016861,0,7,291518204084224,378190,,,,,13266,1912937538,1912941932,cuLaunchKernelEx,4672,stage,63,prefill,0,indexer_prefetch,,echo,Compute,Indexer / top-k,Fused indexer contains dynamically gated mapped-host H2D; per-call bytes unknown,True,,,prefill,1912944004,1917016861,4072857
echo,24139,kernel,"void at::native::reduce_kernel<(int)512, (int)1, at::native::ReduceOp<float, at::native::MeanOps<float, float, float, float>, unsigned int, float, (int)4, (int)4>>(T3)",1917020669,1917027773,0,7,291518204084224,378210,,,,,47192,1912975686,1912979958,cudaLaunchKernel_v7000,4671,stage,63,prefill,0,indexer_control,,echo,GPU control,GPU control,,False,,,prefill,1917020669,1917027773,7104
echo,24140,kernel,_cuda_graph_allocator_post_alloc_kernel,1917031069,1917034077,0,7,291518204084224,378226,,,,,13267,1913057174,1913061953,cuLaunchKernelEx,4673,stage,63,prefill,0,echo_finalize,,echo,GPU control,ECHO finalize,,False,,,prefill,1917031069,1917034077,3008
echo,24141,kernel,"void at::native::vectorized_elementwise_kernel<(int)4, at::native::FillFunctor<int>, std::array<char *, (unsigned long)1>>(int, T2, T3)",1917035485,1917036413,0,7,291518204084224,378229,,,,,47194,1913068071,1913071970,cudaLaunchKernel_v7000,4673,stage,63,prefill,0,echo_finalize,,echo,GPU control,ECHO finalize,,False,,,prefill,1917035485,1917036413,928
echo,24142,kernel,_cuda_graph_allocator_rebuild_stack_kernel,1917037757,1917041277,0,7,291518204084224,378238,,,,,13268,1913095230,1913098763,cuLaunchKernelEx,4673,stage,63,prefill,0,echo_finalize,,echo,GPU control,ECHO finalize,,False,,,prefill,1917037757,1917041277,3520
echo,24143,kernel,_cuda_graph_allocator_set_available_kernel,1917042653,1917043709,0,7,291518204084224,378244,,,,,13269,1913118290,1913122222,cuLaunchKernelEx,4673,stage,63,prefill,0,echo_finalize,,echo,GPU control,ECHO finalize,,False,,,prefill,1917042653,1917043709,1056
echo,24144,kernel,"void at::native::unrolled_elementwise_kernel<at::native::direct_copy_kernel_cuda(at::TensorIteratorBase &)::[lambda() (instance 3)]::operator ()() const::[lambda() (instance 4)]::operator ()() const::[lambda(long) (instance 1)], std::array<char *, (unsigned long)2>, (int)4, TrivialOffsetCalculator<(int)1, unsigned int>, TrivialOffsetCalculator<(int)1, unsigned int>, at::native::memory::LoadWithCast<(int)1>, at::native::memory::StoreWithCast<(int)1>>(int, T1, T2, T4, T5, T6, T7)",1917045053,1917047837,0,7,291518204084224,378259,,,,,47195,1913154284,1913158857,cudaLaunchKernel_v7000,4674,stage,63,prefill,0,echo_finalize,,echo,GPU control,ECHO finalize,,False,,,prefill,1917045053,1917047837,2784
echo,24145,kernel,"void at::native::index_elementwise_kernel<(int)128, (int)4, void at::native::gpu_index_kernel<void at::native::index_put_kernel_impl<at::native::OpaqueType<(int)4>>(at::TensorIterator &, c10::ArrayRef<long>, c10::ArrayRef<long>)::[lambda(char *, const char *, long) (instance 1)]>(at::TensorIteratorBase &, c10::ArrayRef<long>, c10::ArrayRef<long>, const T1 &, bool)::[lambda(int) (instance 1)]>(long, T3)",1917049085,1917052509,0,7,291518204084224,378265,,,,,47196,1913166066,1913169973,cudaLaunchKernel_v7000,4674,stage,63,prefill,0,echo_finalize,,echo,GPU control,ECHO finalize,,False,,,prefill,1917049085,1917052509,3424
echo,24146,kernel,"void at::native::vectorized_elementwise_kernel<(int)4, at::native::CUDAFunctorOnSelf_add<int>, std::array<char *, (unsigned long)2>>(int, T2, T3)",1917053725,1917054685,0,7,291518204084224,378276,,,,,47197,1913186176,1913189814,cudaLaunchKernel_v7000,4674,stage,63,prefill,0,echo_finalize,,echo,GPU control,ECHO finalize,,False,,,prefill,1917053725,1917054685,960
echo,24147,kernel,"void at::native::vectorized_elementwise_kernel<(int)4, at::native::FillFunctor<int>, std::array<char *, (unsigned long)1>>(int, T2, T3)",1917055933,1917056765,0,7,291518204084224,378288,,,,,47198,1913203276,1913207176,cudaLaunchKernel_v7000,4674,stage,63,prefill,0,echo_finalize,,echo,GPU control,ECHO finalize,,False,,,prefill,1917055933,1917056765,832
echo,24148,kernel,"<unnamed>::topk_transform_prefill_kernel(<unnamed>::FastTopKParams, int *, const int *, long, float *, const int *, long)",1917058077,1917348348,0,7,291518204084224,378300,,,,,47199,1913248233,1913253079,cudaLaunchKernel_v7000,4675,stage,63,prefill,0,topk,,echo,Compute,Indexer / top-k,,False,,,prefill,1917058077,1917348348,290271
echo,24149,kernel,"void <unnamed>::elementwise_kernel_with_index<int, at::native::arange_cuda_out(const c10::Scalar &, const c10::Scalar &, const c10::Scalar &, at::Tensor &)::[lambda() (instance 1)]::operator ()() const::[lambda() (instance 3)]::operator ()() const::[lambda(long) (instance 1)]>(T1, T2, function_traits<T2>::result_type *)",1917350140,1917350908,0,7,291518204084224,378315,,,,,47200,1913267133,1913270932,cudaLaunchKernel_v7000,4675,stage,63,prefill,0,topk,,echo,GPU control,GPU control,,False,,,prefill,1917350140,1917350908,768
echo,24150,kernel,"void at::native::elementwise_kernel<(int)128, (int)4, void at::native::gpu_kernel_impl_nocast<at::native::<unnamed>::CompareFunctor<int>>(at::TensorIteratorBase &, const T1 &)::[lambda(int) (instance 1)]>(int, T3)",1917352156,1917354236,0,7,291518204084224,378325,,,,,47201,1913282320,1913286199,cudaLaunchKernel_v7000,4675,stage,63,prefill,0,topk,,echo,Compute,Indexer / top-k,,False,,,prefill,1917352156,1917354236,2080
echo,24151,kernel,"void at::native::elementwise_kernel<(int)128, (int)2, void at::native::gpu_kernel_impl_nocast<at::native::<unnamed>::masked_fill_kernel(at::TensorIterator &, const c10::Scalar &)::[lambda() (instance 1)]::operator ()() const::[lambda() (instance 3)]::operator ()() const::[lambda(int, bool) (instance 1)]>(at::TensorIteratorBase &, const T1 &)::[lambda(int) (instance 1)]>(int, T3)",1917355516,1917362588,0,7,291518204084224,378331,,,,,47202,1913299726,1913303546,cudaLaunchKernel_v7000,4675,stage,63,prefill,0,topk,,echo,Compute,Indexer / top-k,,False,,,prefill,1917355516,1917362588,7072
echo,24152,kernel,"void at::native::unrolled_elementwise_kernel<at::native::CUDAFunctor_add<int>, std::array<char *, (unsigned long)3>, (int)4, TrivialOffsetCalculator<(int)2, unsigned int>, TrivialOffsetCalculator<(int)1, unsigned int>, at::native::memory::LoadWithoutCast, at::native::memory::StoreWithoutCast>(int, T1, T2, T4, T5, T6, T7)",1917363868,1917365084,0,7,291518204084224,378344,,,,,47203,1913404375,1913409920,cudaLaunchKernel_v7000,4678,stage,63,prefill,0,cache_write,,echo,GPU control,GPU control,,False,,,prefill,1917363868,1917365084,1216
echo,24153,kernel,"void at::native::vectorized_elementwise_kernel<(int)4, at::native::<unnamed>::launch_clamp_scalar(at::TensorIteratorBase &, c10::Scalar, c10::Scalar, at::native::detail::ClampLimits)::[lambda() (instance 1)]::operator ()() const::[lambda() (instance 3)]::operator ()() const::[lambda(int) (instance 1)], std::array<char *, (unsigned long)2>>(int, T2, T3)",1917366332,1917367484,0,7,291518204084224,378354,,,,,47204,1913420532,1913424637,cudaLaunchKernel_v7000,4678,stage,63,prefill,0,cache_write,,echo,GPU control,GPU control,,False,,,prefill,1917366332,1917367484,1152
echo,24154,kernel,"void at::native::vectorized_elementwise_kernel<(int)4, void at::native::compare_scalar_kernel<int>(at::TensorIteratorBase &, at::native::<unnamed>::OpType, T1)::[lambda(int) (instance 1)], std::array<char *, (unsigned long)2>>(int, T2, T3)",1917371516,1917372668,0,7,291518204084224,378379,,,,,47206,1913465051,1913469380,cudaLaunchKernel_v7000,4679,stage,63,prefill,0,cache_control,,echo,GPU control,GPU control,,False,,,prefill,1917371516,1917372668,1152
echo,24155,kernel,"void at::native::vectorized_elementwise_kernel<(int)4, at::native::<unnamed>::masked_fill_kernel(at::TensorIterator &, const c10::Scalar &)::[lambda() (instance 1)]::operator ()() const::[lambda() (instance 3)]::operator ()() const::[lambda(int, bool) (instance 1)], std::array<char *, (unsigned long)3>>(int, T2, T3)",1917374076,1917375356,0,7,291518204084224,378387,,,,,47207,1913480359,1913484282,cudaLaunchKernel_v7000,4679,stage,63,prefill,0,cache_control,,echo,GPU control,GPU control,,False,,,prefill,1917374076,1917375356,1280
echo,24156,kernel,"void <unnamed>::argmin_bounded_kernel<(unsigned long)196608>(const int *, int *, const int *, int, int)",1917376700,1917442396,0,7,291518204084224,378397,,,,,47208,1913496250,1913500304,cudaLaunchKernel_v7000,4679,stage,63,prefill,0,cache_control,,echo,GPU control,GPU control,,False,,,prefill,1917376700,1917442396,65696
echo,24157,kernel,_free_update_kernel,1917443612,1917445756,0,7,291518204084224,378416,,,,,13270,1913544569,1913549008,cuLaunchKernelEx,4679,stage,63,prefill,0,cache_control,,echo,GPU control,GPU control,,False,,,prefill,1917443612,1917445756,2144
echo,24158,kernel,_cuda_graph_allocator_free_kernel,1917446972,1917450684,0,7,291518204084224,378424,,,,,13271,1913576086,1913579737,cuLaunchKernelEx,4679,stage,63,prefill,0,cache_control,,echo,GPU control,GPU control,,False,,,prefill,1917446972,1917450684,3712
echo,24159,kernel,_cuda_graph_allocator_alloc_kernel,1917451996,1917453468,0,7,291518204084224,378433,,,,,13272,1913610315,1913614031,cuLaunchKernelEx,4678,stage,63,prefill,0,cache_write,,echo,GPU control,GPU control,,False,,,prefill,1917451996,1917453468,1472
echo,24160,kernel,"void at::native::unrolled_elementwise_kernel<at::native::direct_copy_kernel_cuda(at::TensorIteratorBase &)::[lambda() (instance 3)]::operator ()() const::[lambda() (instance 4)]::operator ()() const::[lambda(long) (instance 1)], std::array<char *, (unsigned long)2>, (int)4, TrivialOffsetCalculator<(int)1, unsigned int>, TrivialOffsetCalculator<(int)1, unsigned int>, at::native::memory::LoadWithCast<(int)1>, at::native::memory::StoreWithCast<(int)1>>(int, T1, T2, T4, T5, T6, T7)",1917454716,1917457404,0,7,291518204084224,378448,,,,,47209,1913639794,1913644544,cudaLaunchKernel_v7000,4680,stage,63,prefill,0,cache_control,,echo,GPU control,GPU control,,False,,,prefill,1917454716,1917457404,2688
echo,24161,kernel,"void at::native::index_elementwise_kernel<(int)128, (int)4, void at::native::gpu_index_kernel<void at::native::index_put_kernel_impl<at::native::OpaqueType<(int)4>>(at::TensorIterator &, c10::ArrayRef<long>, c10::ArrayRef<long>)::[lambda(char *, const char *, long) (instance 1)]>(at::TensorIteratorBase &, c10::ArrayRef<long>, c10::ArrayRef<long>, const T1 &, bool)::[lambda(int) (instance 1)]>(long, T3)",1917458524,1917462108,0,7,291518204084224,378454,,,,,47210,1913650840,1913656988,cudaLaunchKernel_v7000,4680,stage,63,prefill,0,cache_control,,echo,GPU control,GPU control,,False,,,prefill,1917458524,1917462108,3584
echo,24162,kernel,"void at::native::vectorized_elementwise_kernel<(int)4, at::native::CUDAFunctorOnSelf_add<int>, std::array<char *, (unsigned long)2>>(int, T2, T3)",1917463388,1917464348,0,7,291518204084224,378465,,,,,47211,1913668958,1913672480,cudaLaunchKernel_v7000,4680,stage,63,prefill,0,cache_control,,echo,GPU control,GPU control,,False,,,prefill,1917463388,1917464348,960
echo,24163,kernel,"void at::native::vectorized_elementwise_kernel<(int)4, at::native::FillFunctor<int>, std::array<char *, (unsigned long)1>>(int, T2, T3)",1917465724,1917466524,0,7,291518204084224,378477,,,,,47212,1913685564,1913689035,cudaLaunchKernel_v7000,4680,stage,63,prefill,0,cache_control,,echo,GPU control,GPU control,,False,,,prefill,1917465724,1917466524,800
echo,24164,kernel,_set_update_kernel,1917467708,1917469436,0,7,291518204084224,378493,,,,,13273,1913720890,1913724826,cuLaunchKernelEx,4678,stage,63,prefill,0,cache_write,,echo,GPU control,GPU control,,False,,,prefill,1917467708,1917469436,1728
echo,24165,kernel,_set_mla_kv_buffer_cuda_graph_kernel,1917470652,1917474812,0,7,291518204084224,378501,,,,,13274,1913759591,1913763213,cuLaunchKernelEx,4678,stage,63,prefill,0,cache_write,,echo,GPU control,GPU control,,False,,,prefill,1917470652,1917474812,4160
echo,24166,kernel,set_mla_kv_buffer_kernel,1917476156,1917502460,0,17,291518204084224,378544,,,,,13275,1913876866,1913885262,cuLaunchKernelEx,4681,stage,63,prefill,0,io_d2h,D2H,echo,D2H,D2H,Destination-aware mapped-host transfer NVTX; per-call bytes unknown,False,,,prefill,1917476156,1917502460,26304
echo,24167,kernel,"void at::native::unrolled_elementwise_kernel<at::native::direct_copy_kernel_cuda(at::TensorIteratorBase &)::[lambda() (instance 3)]::operator ()() const::[lambda() (instance 4)]::operator ()() const::[lambda(long) (instance 1)], std::array<char *, (unsigned long)2>, (int)4, TrivialOffsetCalculator<(int)1, unsigned int>, TrivialOffsetCalculator<(int)1, unsigned int>, at::native::memory::LoadWithCast<(int)1>, at::native::memory::StoreWithCast<(int)1>>(int, T1, T2, T4, T5, T6, T7)",1917480668,1917504252,0,7,291518204084224,378579,,,,,47226,1913939166,1913945136,cudaLaunchKernel_v7000,4677,stage,63,prefill,0,cache_control,,echo,GPU control,GPU control,,False,,,prefill,1917480668,1917504252,23584
echo,24168,kernel,"void at::native::index_elementwise_kernel<(int)128, (int)4, void at::native::gpu_index_kernel<void at::native::index_kernel_impl<at::native::OpaqueType<(int)4>>(at::TensorIteratorBase &, c10::ArrayRef<long>, c10::ArrayRef<long>)::[lambda(char *, const char *, long) (instance 1)]>(at::TensorIteratorBase &, c10::ArrayRef<long>, c10::ArrayRef<long>, const T1 &, bool)::[lambda(int) (instance 1)]>(long, T3)",1917505404,1917516572,0,7,291518204084224,378590,,,,,47227,1913956657,1913961113,cudaLaunchKernel_v7000,4677,stage,63,prefill,0,cache_control,,echo,GPU control,GPU control,,False,,,prefill,1917505404,1917516572,11168
echo,24169,kernel,"void at::native::vectorized_elementwise_kernel<(int)4, at::native::AUnaryFunctor<int, int, bool, at::native::<unnamed>::CompareEqFunctor<int>>, std::array<char *, (unsigned long)2>>(int, T2, T3)",1917517788,1917520604,0,7,291518204084224,378602,,,,,47228,1913977674,1913981793,cudaLaunchKernel_v7000,4677,stage,63,prefill,0,cache_control,,echo,GPU control,GPU control,,False,,,prefill,1917517788,1917520604,2816
echo,24170,kernel,"void at::native::vectorized_elementwise_kernel<(int)4, at::native::FillFunctor<int>, std::array<char *, (unsigned long)1>>(int, T2, T3)",1917521852,1917522620,0,7,291518204084224,378615,,,,,47229,1913993398,1913997071,cudaLaunchKernel_v7000,4677,stage,63,prefill,0,cache_control,,echo,GPU control,GPU control,,False,,,prefill,1917521852,1917522620,768
echo,24171,kernel,"void at::native::elementwise_kernel<(int)128, (int)2, void at::native::gpu_kernel_impl_nocast<at::native::<unnamed>::where_kernel_impl(at::TensorIterator &)::[lambda() (instance 1)]::operator ()() const::[lambda() (instance 7)]::operator ()() const::[lambda(bool, int, int) (instance 1)]>(at::TensorIteratorBase &, const T1 &)::[lambda(int) (instance 1)]>(int, T3)",1917523900,1917530524,0,7,291518204084224,378632,,,,,47230,1914010883,1914014837,cudaLaunchKernel_v7000,4677,stage,63,prefill,0,cache_control,,echo,GPU control,GPU control,,False,,,prefill,1917523900,1917530524,6624
echo,24172,kernel,"void at::native::vectorized_elementwise_kernel<(int)4, at::native::FillFunctor<bool>, std::array<char *, (unsigned long)1>>(int, T2, T3)",1917531804,1917537756,0,7,291518204084224,378638,,,,,47231,1914032976,1914036984,cudaLaunchKernel_v7000,4682,stage,63,prefill,0,cache_recall,,echo,GPU control,GPU control,,False,,,prefill,1917531804,1917537756,5952
echo,24173,kernel,_mark_host_need_recall_kernel,1917539068,1917545308,0,7,291518204084224,378646,,,,,13276,1914075882,1914080032,cuLaunchKernelEx,4682,stage,63,prefill,0,cache_recall,,echo,GPU control,GPU control,,False,,,prefill,1917539068,1917545308,6240
echo,24174,kernel,"void at::native::unrolled_elementwise_kernel<at::native::direct_copy_kernel_cuda(at::TensorIteratorBase &)::[lambda() (instance 3)]::operator ()() const::[lambda() (instance 4)]::operator ()() const::[lambda(long) (instance 1)], std::array<char *, (unsigned long)2>, (int)4, TrivialOffsetCalculator<(int)1, unsigned int>, TrivialOffsetCalculator<(int)1, unsigned int>, at::native::memory::LoadWithCast<(int)1>, at::native::memory::StoreWithCast<(int)1>>(int, T1, T2, T4, T5, T6, T7)",1917546620,1917597276,0,7,291518204084224,378664,,,,,47232,1914102072,1914105898,cudaLaunchKernel_v7000,4682,stage,63,prefill,0,cache_recall,,echo,GPU control,GPU control,,False,,,prefill,1917546620,1917597276,50656
echo,24175,kernel,"void at::native::reduce_kernel<(int)512, (int)1, at::native::ReduceOp<long, at::native::func_wrapper_t<long, at::native::sum_functor<long, long, long>::operator ()(at::TensorIterator &)::[lambda(long, long) (instance 1)]>, unsigned int, long, (int)4, (int)4>>(T3)",1917601628,1917644188,0,7,291518204084224,378677,,,,,47234,1914122200,1914126428,cudaLaunchKernel_v7000,4682,stage,63,prefill,0,cache_recall,,echo,GPU control,GPU control,,False,,,prefill,1917601628,1917644188,42560
echo,24176,kernel,"void at::native::unrolled_elementwise_kernel<at::native::direct_copy_kernel_cuda(at::TensorIteratorBase &)::[lambda() (instance 3)]::operator ()() const::[lambda() (instance 3)]::operator ()() const::[lambda(int) (instance 1)], std::array<char *, (unsigned long)2>, (int)4, TrivialOffsetCalculator<(int)1, unsigned int>, TrivialOffsetCalculator<(int)1, unsigned int>, at::native::memory::LoadWithCast<(int)1>, at::native::memory::StoreWithCast<(int)1>>(int, T1, T2, T4, T5, T6, T7)",1917645724,1917646908,0,7,291518204084224,378690,,,,,47235,1914137399,1914141221,cudaLaunchKernel_v7000,4682,stage,63,prefill,0,cache_recall,,echo,GPU control,GPU control,,False,,,prefill,1917645724,1917646908,1184
echo,24177,kernel,_protect_kernel,1917648092,1917712476,0,7,291518204084224,378706,,,,,13277,1914183684,1914187857,cuLaunchKernelEx,4683,stage,63,prefill,0,cache_control,,echo,GPU control,GPU control,,False,,,prefill,1917648092,1917712476,64384
echo,24178,kernel,"void at::native::vectorized_elementwise_kernel<(int)4, at::native::CUDAFunctorOnSelf_add<int>, std::array<char *, (unsigned long)2>>(int, T2, T3)",1917713596,1917714588,0,7,291518204084224,378712,,,,,47236,1914200251,1914203835,cudaLaunchKernel_v7000,4683,stage,63,prefill,0,cache_control,,echo,GPU control,GPU control,,False,,,prefill,1917713596,1917714588,992
echo,24179,kernel,"void at::native::vectorized_elementwise_kernel<(int)4, void at::native::compare_scalar_kernel<int>(at::TensorIteratorBase &, at::native::<unnamed>::OpType, T1)::[lambda(int) (instance 1)], std::array<char *, (unsigned long)2>>(int, T2, T3)",1917718620,1917720124,0,7,291518204084224,378740,,,,,47238,1914241202,1914245375,cudaLaunchKernel_v7000,4683,stage,63,prefill,0,cache_control,,echo,GPU control,GPU control,,False,,,prefill,1917718620,1917720124,1504
echo,24180,kernel,"void at::native::vectorized_elementwise_kernel<(int)4, at::native::<unnamed>::masked_fill_kernel(at::TensorIterator &, const c10::Scalar &)::[lambda() (instance 1)]::operator ()() const::[lambda() (instance 3)]::operator ()() const::[lambda(int, bool) (instance 1)], std::array<char *, (unsigned long)3>>(int, T2, T3)",1917721404,1917722812,0,7,291518204084224,378748,,,,,47239,1914255878,1914259900,cudaLaunchKernel_v7000,4683,stage,63,prefill,0,cache_control,,echo,GPU control,GPU control,,False,,,prefill,1917721404,1917722812,1408
echo,24181,kernel,"void <unnamed>::argmin_bounded_kernel<(unsigned long)196608>(const int *, int *, const int *, int, int)",1917724060,1917725084,0,7,291518204084224,378758,,,,,47240,1914273740,1914277983,cudaLaunchKernel_v7000,4683,stage,63,prefill,0,cache_control,,echo,GPU control,GPU control,,False,,,prefill,1917724060,1917725084,1024
echo,24182,kernel,_free_update_kernel,1917726332,1917727804,0,7,291518204084224,378777,,,,,13278,1914314134,1914318102,cuLaunchKernelEx,4683,stage,63,prefill,0,cache_control,,echo,GPU control,GPU control,,False,,,prefill,1917726332,1917727804,1472
echo,24183,kernel,_cuda_graph_allocator_free_kernel,1917728924,1917729884,0,7,291518204084224,378785,,,,,13279,1914341937,1914345174,cuLaunchKernelEx,4683,stage,63,prefill,0,cache_control,,echo,GPU control,GPU control,,False,,,prefill,1917728924,1917729884,960
echo,24184,kernel,_cuda_graph_allocator_alloc_kernel,1917731164,1917732316,0,7,291518204084224,378794,,,,,13280,1914375282,1914378734,cuLaunchKernelEx,4682,stage,63,prefill,0,cache_recall,,echo,GPU control,GPU control,,False,,,prefill,1917731164,1917732316,1152
echo,24185,kernel,"void at::native::unrolled_elementwise_kernel<at::native::direct_copy_kernel_cuda(at::TensorIteratorBase &)::[lambda() (instance 3)]::operator ()() const::[lambda() (instance 4)]::operator ()() const::[lambda(long) (instance 1)], std::array<char *, (unsigned long)2>, (int)4, TrivialOffsetCalculator<(int)1, unsigned int>, TrivialOffsetCalculator<(int)1, unsigned int>, at::native::memory::LoadWithCast<(int)1>, at::native::memory::StoreWithCast<(int)1>>(int, T1, T2, T4, T5, T6, T7)",1917733628,1917737244,0,7,291518204084224,378809,,,,,47241,1914403983,1914408186,cudaLaunchKernel_v7000,4684,stage,63,prefill,0,cache_control,,echo,GPU control,GPU control,,False,,,prefill,1917733628,1917737244,3616
echo,24186,kernel,"void at::native::index_elementwise_kernel<(int)128, (int)4, void at::native::gpu_index_kernel<void at::native::index_put_kernel_impl<at::native::OpaqueType<(int)4>>(at::TensorIterator &, c10::ArrayRef<long>, c10::ArrayRef<long>)::[lambda(char *, const char *, long) (instance 1)]>(at::TensorIteratorBase &, c10::ArrayRef<long>, c10::ArrayRef<long>, const T1 &, bool)::[lambda(int) (instance 1)]>(long, T3)",1917738396,1917742012,0,7,291518204084224,378815,,,,,47242,1914414365,1914418340,cudaLaunchKernel_v7000,4684,stage,63,prefill,0,cache_control,,echo,GPU control,GPU control,,False,,,prefill,1917738396,1917742012,3616
echo,24187,kernel,"void at::native::vectorized_elementwise_kernel<(int)4, at::native::CUDAFunctorOnSelf_add<int>, std::array<char *, (unsigned long)2>>(int, T2, T3)",1917743228,1917744188,0,7,291518204084224,378826,,,,,47243,1914428987,1914432544,cudaLaunchKernel_v7000,4684,stage,63,prefill,0,cache_control,,echo,GPU control,GPU control,,False,,,prefill,1917743228,1917744188,960
echo,24188,kernel,"void at::native::vectorized_elementwise_kernel<(int)4, at::native::FillFunctor<int>, std::array<char *, (unsigned long)1>>(int, T2, T3)",1917745436,1917746236,0,7,291518204084224,378838,,,,,47244,1914444999,1914448400,cudaLaunchKernel_v7000,4684,stage,63,prefill,0,cache_control,,echo,GPU control,GPU control,,False,,,prefill,1917745436,1917746236,800
echo,24189,kernel,"void at::native::vectorized_elementwise_kernel<(int)4, at::native::FillFunctor<unsigned int>, std::array<char *, (unsigned long)1>>(int, T2, T3)",1917747452,1917748188,0,7,291518204084224,378853,,,,,47245,1914475876,1914479786,cudaLaunchKernel_v7000,4685,stage,63,prefill,0,io_h2d,,echo,GPU control,GPU control,,False,,,prefill,1917747452,1917748188,736
echo,24190,kernel,_recall_update_extend_kernel,1917749500,1919282105,0,7,291518204084224,378866,,,,,13281,1914510616,1914514307,cuLaunchKernelEx,4685,stage,63,prefill,0,io_h2d,,echo,GPU control,ECHO recall (IO unknown),Source-identified recall kernel with dynamic miss count; per-call bytes unknown,True,,,prefill,1917749500,1919282105,1532605
echo,24191,kernel,"void at::native::unrolled_elementwise_kernel<at::native::direct_copy_kernel_cuda(at::TensorIteratorBase &)::[lambda() (instance 3)]::operator ()() const::[lambda() (instance 4)]::operator ()() const::[lambda(long) (instance 1)], std::array<char *, (unsigned long)2>, (int)4, TrivialOffsetCalculator<(int)1, unsigned int>, TrivialOffsetCalculator<(int)1, unsigned int>, at::native::memory::LoadWithCast<(int)1>, at::native::memory::StoreWithCast<(int)1>>(int, T1, T2, T4, T5, T6, T7)",1919283225,1919291705,0,7,291518204084224,378877,,,,,47246,1914533303,1914537134,cudaLaunchKernel_v7000,4677,stage,63,prefill,0,cache_control,,echo,GPU control,GPU control,,False,,,prefill,1919283225,1919291705,8480
echo,24192,kernel,"void at::native::index_elementwise_kernel<(int)128, (int)4, void at::native::gpu_index_kernel<void at::native::index_kernel_impl<at::native::OpaqueType<(int)4>>(at::TensorIteratorBase &, c10::ArrayRef<long>, c10::ArrayRef<long>)::[lambda(char *, const char *, long) (instance 1)]>(at::TensorIteratorBase &, c10::ArrayRef<long>, c10::ArrayRef<long>, const T1 &, bool)::[lambda(int) (instance 1)]>(long, T3)",1919292889,1919303929,0,7,291518204084224,378888,,,,,47247,1914547081,1914550966,cudaLaunchKernel_v7000,4677,stage,63,prefill,0,cache_control,,echo,GPU control,GPU control,,False,,,prefill,1919292889,1919303929,11040
echo,24193,kernel,"void at::native::<unnamed>::CatArrayBatchedCopy<at::native::<unnamed>::OpaqueType<(unsigned int)2>, unsigned int, (int)3, (int)64, (int)64>(T1 *, at::native::<unnamed>::CatArrInputTensorMetadata<T1, T2, T4, T5>, at::native::<unnamed>::TensorSizeStride<T2, (unsigned int)4>, int, T2)",1919305177,1919624313,0,7,291518204084224,378901,,,,,47248,1914570946,1914575557,cudaLaunchKernel_v7000,4677,stage,63,prefill,0,cache_control,,echo,GPU control,GPU control,,False,,,prefill,1919305177,1919624313,319136
echo,24194,kernel,"void sm90::sparse_attn_fwd_kernel<sm90::TmaParams<cute::tuple<int, int, int>, cute::TiledCopy<cute::Copy_Atom<cute::Copy_Traits<cute::SM90_TMA_LOAD, cute::C<(int)65536>, cute::AuxTmaParams<cute::tuple<cute::ScaledBasis<cute::C<(int)1>, (int)1>, cute::ScaledBasis<cute::C<(int)1>, (int)0>, cute::ScaledBasis<cute::C<(int)1>, (int)2>>, const cute::Layout<cute::tuple<cute::C<(int)64>, cute::C<(int)64>, cute::C<(int)1>>, cute::tuple<cute::ScaledBasis<cute::C<(int)1>, (int)1>, cute::ScaledBasis<cute::C<(int)1>, (int)0>, cute::ScaledBasis<cute::C<(int)1>, (int)2>>> &, const cute::Swizzle<(int)3, (int)4, (int)3> &>>, cutlass::bfloat16_t>, cute::Layout<cute::tuple<cute::C<(int)1>, cute::tuple<cute::tuple<cute::tuple<cute::C<(int)64>, cute::C<(int)64>>, cute::C<(int)9>>>>, cute::tuple<cute::C<(int)0>, cute::tuple<cute::tuple<cute::tuple<cute::C<(int)64>, cute::C<(int)1>>, cute::C<(int)4096>>>>>, cute::tuple<cute::C<(int)64>, cute::C<(int)576>>>>>(SparsePrefillParams, T1)",1919625721,1920517623,0,7,291518204084224,378935,,,,,47251,1914615993,1914621253,cudaLaunchKernelExC_v11060,4686,stage,63,prefill,0,attention,,echo,Compute,Attention,,False,,,prefill,1919625721,1920517623,891902
echo,24195,kernel,nvjet_tst_128x256_64x4_1x2_h_bz_coopA_TNN,1920521879,1920572087,0,7,291518204084224,378956,,,,,13286,1914703214,1914709556,cuLaunchKernelEx,4676,stage,63,prefill,0,output_mlp,,echo,Compute,Output / MLP,,False,,,prefill,1920521879,1920572087,50208
echo,24196,kernel,"void per_token_group_quant_8bit_kernel<__nv_bfloat16, __nv_fp8_e4m3, (bool)1, (bool)0, float>(const T1 *, void *, T5 *, int, int, int, float, float, float, int, int)",1920573559,1920593367,0,7,291518204084224,378977,,,,,47253,1914783307,1914788436,cudaLaunchKernel_v7000,4676,stage,63,prefill,0,output_mlp,,echo,Compute,Output / MLP,,False,,,prefill,1920573559,1920593367,19808
echo,24197,kernel,"void deep_gemm::sm90_fp8_gemm_1d2d_impl<(unsigned int)0, (unsigned int)7168, (unsigned int)16384, (unsigned int)1, (unsigned int)256, (unsigned int)112, (unsigned int)128, (unsigned int)32, (unsigned int)3, (unsigned int)2, (unsigned int)128, (unsigned int)256, (unsigned int)2, (bool)1, (unsigned int)128, (deep_gemm::GemmType)0, deep_gemm::EpilogueIdentity>(float *, int *, unsigned int, unsigned int, unsigned int, CUtensorMap_st, CUtensorMap_st, CUtensorMap_st, CUtensorMap_st)",1920594999,1920800311,0,7,291518204084224,378991,,,,,13291,1914856314,1914861602,cuLaunchKernelEx,4676,stage,63,prefill,0,output_mlp,,echo,Compute,Output / MLP,,False,,,prefill,1920594999,1920800311,205312
echo,24198,kernel,"void flashinfer::norm::FusedAddRMSNormKernel<(unsigned int)8, __nv_bfloat16>(T2 *, T2 *, T2 *, unsigned int, unsigned int, unsigned int, float, float)",1920800567,1920816343,0,7,291518204084224,379004,,,,,47256,1914926887,1914931951,cudaLaunchKernelExC_v11060,4687,stage,63,prefill,0,output_mlp,,echo,Compute,Output / MLP,,False,,,prefill,1920800567,1920816343,15776
echo,24199,kernel,"void per_token_group_quant_8bit_kernel<__nv_bfloat16, __nv_fp8_e4m3, (bool)1, (bool)0, float>(const T1 *, void *, T5 *, int, int, int, float, float, float, int, int)",1920817495,1920826167,0,7,291518204084224,379027,,,,,47259,1915008735,1915013707,cudaLaunchKernel_v7000,4688,stage,63,prefill,0,output_mlp,,echo,Compute,Output / MLP,,False,,,prefill,1920817495,1920826167,8672
echo,24200,kernel,"void deep_gemm::sm90_fp8_gemm_1d2d_impl<(unsigned int)0, (unsigned int)36864, (unsigned int)7168, (unsigned int)1, (unsigned int)256, (unsigned int)128, (unsigned int)128, (unsigned int)128, (unsigned int)3, (unsigned int)2, (unsigned int)128, (unsigned int)256, (unsigned int)2, (bool)1, (unsigned int)128, (deep_gemm::GemmType)0, deep_gemm::EpilogueIdentity>(float *, int *, unsigned int, unsigned int, unsigned int, CUtensorMap_st, CUtensorMap_st, CUtensorMap_st, CUtensorMap_st)",1920827319,1921253814,0,7,291518204084224,379043,,,,,13296,1915069903,1915075070,cuLaunchKernelEx,4688,stage,63,prefill,0,output_mlp,,echo,Compute,Output / MLP,,False,,,prefill,1920827319,1921253814,426495
echo,24201,kernel,"void flashinfer::activation::act_and_mul_kernel<__nv_bfloat16, &silu<float>>(T1 *, const T1 *, int)",1921255062,1921283670,0,7,291518204084224,379055,,,,,47262,1915105939,1915110914,cudaLaunchKernel_v7000,4688,stage,63,prefill,0,output_mlp,,echo,Compute,Output / MLP,,False,,,prefill,1921255062,1921283670,28608
echo,24202,kernel,"void per_token_group_quant_8bit_kernel<__nv_bfloat16, __nv_fp8_e4m3, (bool)1, (bool)0, float>(const T1 *, void *, T5 *, int, int, int, float, float, float, int, int)",1921284886,1921308310,0,7,291518204084224,379080,,,,,47265,1915157890,1915162799,cudaLaunchKernel_v7000,4688,stage,63,prefill,0,output_mlp,,echo,Compute,Output / MLP,,False,,,prefill,1921284886,1921308310,23424
echo,24203,kernel,"void deep_gemm::sm90_fp8_gemm_1d2d_impl<(unsigned int)0, (unsigned int)7168, (unsigned int)18432, (unsigned int)1, (unsigned int)256, (unsigned int)112, (unsigned int)128, (unsigned int)32, (unsigned int)3, (unsigned int)0, (unsigned int)128, (unsigned int)256, (unsigned int)2, (bool)1, (unsigned int)128, (deep_gemm::GemmType)0, deep_gemm::EpilogueIdentity>(float *, int *, unsigned int, unsigned int, unsigned int, CUtensorMap_st, CUtensorMap_st, CUtensorMap_st, CUtensorMap_st)",1921309622,1921539637,0,7,291518204084224,379096,,,,,13301,1915203593,1915208568,cuLaunchKernelEx,4688,stage,63,prefill,0,output_mlp,,echo,Compute,Output / MLP,,False,,,prefill,1921309622,1921539637,230015
echo,24204,kernel,"void flashinfer::norm::FusedAddRMSNormKernel<(unsigned int)8, __nv_bfloat16>(T2 *, T2 *, T2 *, unsigned int, unsigned int, unsigned int, float, float)",1921539861,1921554677,0,7,291518204084224,379099,,,,,47267,1915273114,1915278421,cudaLaunchKernelExC_v11060,4691,stage,63,prefill,1,projection,,echo,Compute,Projection / RoPE,,False,,,prefill,1921539861,1921554677,14816
echo,24205,kernel,"void per_token_group_quant_8bit_kernel<__nv_bfloat16, __nv_fp8_e4m3, (bool)1, (bool)0, float>(const T1 *, void *, T5 *, int, int, int, float, float, float, int, int)",1921555925,1921564469,0,7,291518204084224,379122,,,,,47270,1915356608,1915362529,cudaLaunchKernel_v7000,4692,stage,63,prefill,1,projection,,echo,Compute,Projection / RoPE,,False,,,prefill,1921555925,1921564469,8544
echo,24206,kernel,"void deep_gemm::sm90_fp8_gemm_1d2d_impl<(unsigned int)0, (unsigned int)2112, (unsigned int)7168, (unsigned int)1, (unsigned int)256, (unsigned int)64, (unsigned int)128, (unsigned int)128, (unsigned int)4, (unsigned int)0, (unsigned int)128, (unsigned int)256, (unsigned int)2, (bool)1, (unsigned int)132, (deep_gemm::GemmType)0, deep_gemm::EpilogueIdentity>(float *, int *, unsigned int, unsigned int, unsigned int, CUtensorMap_st, CUtensorMap_st, CUtensorMap_st, CUtensorMap_st)",1921565525,1921594517,0,7,291518204084224,379138,,,,,13306,1915407530,1915413259,cuLaunchKernelEx,4692,stage,63,prefill,1,projection,,echo,Compute,Projection / RoPE,,False,,,prefill,1921565525,1921594517,28992
echo,24207,kernel,"void flashinfer::norm::RMSNormKernel<(unsigned int)8, __nv_bfloat16>(T2 *, T2 *, T2 *, unsigned int, unsigned int, unsigned int, float, float)",1921594357,1921597813,0,7,291518204084224,379154,,,,,47273,1915463569,1915468516,cudaLaunchKernelExC_v11060,4692,stage,63,prefill,1,projection,,echo,Compute,Projection / RoPE,,False,,,prefill,1921594357,1921597813,3456
echo,24208,kernel,"void flashinfer::norm::RMSNormKernel<(unsigned int)8, __nv_bfloat16>(T2 *, T2 *, T2 *, unsigned int, unsigned int, unsigned int, float, float)",1921597845,1921600917,0,7,291518204084224,379169,,,,,47275,1915484180,1915488087,cudaLaunchKernelExC_v11060,4692,stage,63,prefill,1,projection,,echo,Compute,Projection / RoPE,,False,,,prefill,1921597845,1921600917,3072
echo,24209,kernel,"void per_token_group_quant_8bit_kernel<__nv_bfloat16, __nv_fp8_e4m3, (bool)1, (bool)0, float>(const T1 *, void *, T5 *, int, int, int, float, float, float, int, int)",1921601973,1921605173,0,7,291518204084224,379194,,,,,47278,1915533941,1915538631,cudaLaunchKernel_v7000,4692,stage,63,prefill,1,projection,,echo,Compute,Projection / RoPE,,False,,,prefill,1921601973,1921605173,3200
echo,24210,kernel,"void deep_gemm::sm90_fp8_gemm_1d2d_impl<(unsigned int)0, (unsigned int)24576, (unsigned int)1536, (unsigned int)1, (unsigned int)256, (unsigned int)128, (unsigned int)128, (unsigned int)128, (unsigned int)3, (unsigned int)0, (unsigned int)128, (unsigned int)256, (unsigned int)2, (bool)1, (unsigned int)128, (deep_gemm::GemmType)0, deep_gemm::EpilogueIdentity>(float *, int *, unsigned int, unsigned int, unsigned int, CUtensorMap_st, CUtensorMap_st, CUtensorMap_st, CUtensorMap_st)",1921606229,1921671605,0,7,291518204084224,379210,,,,,13311,1915578014,1915582846,cuLaunchKernelEx,4692,stage,63,prefill,1,projection,,echo,Compute,Projection / RoPE,,False,,,prefill,1921606229,1921671605,65376
echo,24211,kernel,nvjet_tst_256x128_64x4_1x2_h_bz_coopA_TNT,1921675829,1921728341,0,7,291518204084224,379230,,,,,13314,1915656963,1915662745,cuLaunchKernelEx,4692,stage,63,prefill,1,projection,,echo,Compute,Projection / RoPE,,False,,,prefill,1921675829,1921728341,52512
echo,24212,kernel,"void flashinfer::BatchQKApplyRotaryPosIdsCosSinCacheHeadParallelismKernel<(bool)1, (unsigned int)64, (unsigned int)8, (unsigned int)8, __nv_bfloat16, long>(T5 *, T5 *, T5 *, T5 *, float *, T6 *, unsigned int, unsigned int, unsigned int, unsigned int, unsigned long, unsigned long, unsigned long, unsigned long, unsigned long, unsigned long, unsigned long, unsigned long)",1921729781,1921741717,0,7,291518204084224,379238,,,,,47282,1915713176,1915718670,cudaLaunchKernel_v7000,4692,stage,63,prefill,1,projection,,echo,Compute,Projection / RoPE,,False,,,prefill,1921729781,1921741717,11936
echo,24213,kernel,"void per_token_group_quant_8bit_kernel<__nv_bfloat16, __nv_fp8_e4m3, (bool)1, (bool)0, float>(const T1 *, void *, T5 *, int, int, int, float, float, float, int, int)",1921742869,1921746517,0,7,291518204084224,379261,,,,,47285,1915794188,1915799160,cudaLaunchKernel_v7000,4693,stage,63,prefill,1,indexer,,echo,Compute,Indexer / top-k,,False,,,prefill,1921742869,1921746517,3648
echo,24214,kernel,"void deep_gemm::sm90_fp8_gemm_1d2d_impl<(unsigned int)0, (unsigned int)8192, (unsigned int)1536, (unsigned int)1, (unsigned int)256, (unsigned int)128, (unsigned int)128, (unsigned int)128, (unsigned int)3, (unsigned int)0, (unsigned int)128, (unsigned int)256, (unsigned int)2, (bool)1, (unsigned int)128, (deep_gemm::GemmType)0, deep_gemm::EpilogueIdentity>(float *, int *, unsigned int, unsigned int, unsigned int, CUtensorMap_st, CUtensorMap_st, CUtensorMap_st, CUtensorMap_st)",1921747637,1921773013,0,7,291518204084224,379277,,,,,13319,1915844173,1915849168,cuLaunchKernelEx,4693,stage,63,prefill,1,indexer,,echo,Compute,Indexer / top-k,,False,,,prefill,1921747637,1921773013,25376
echo,24215,kernel,"void per_token_group_quant_8bit_kernel<__nv_bfloat16, __nv_fp8_e4m3, (bool)1, (bool)0, float>(const T1 *, void *, T5 *, int, int, int, float, float, float, int, int)",1921774101,1921784245,0,7,291518204084224,379300,,,,,47289,1915922119,1915927096,cudaLaunchKernel_v7000,4693,stage,63,prefill,1,indexer,,echo,Compute,Indexer / top-k,,False,,,prefill,1921774101,1921784245,10144
echo,24216,kernel,"void deep_gemm::sm90_fp8_gemm_1d2d_impl<(unsigned int)0, (unsigned int)128, (unsigned int)7168, (unsigned int)1, (unsigned int)64, (unsigned int)16, (unsigned int)128, (unsigned int)32, (unsigned int)12, (unsigned int)8, (unsigned int)128, (unsigned int)128, (unsigned int)2, (bool)1, (unsigned int)128, (deep_gemm::GemmType)0, deep_gemm::EpilogueIdentity>(float *, int *, unsigned int, unsigned int, unsigned int, CUtensorMap_st, CUtensorMap_st, CUtensorMap_st, CUtensorMap_st)",1921785397,1921795253,0,7,291518204084224,379316,,,,,13324,1915967236,1915971971,cuLaunchKernelEx,4693,stage,63,prefill,1,indexer,,echo,Compute,Indexer / top-k,,False,,,prefill,1921785397,1921795253,9856
echo,24217,kernel,"void at::native::unrolled_elementwise_kernel<at::native::direct_copy_kernel_cuda(at::TensorIteratorBase &)::[lambda() (instance 3)]::operator ()() const::[lambda() (instance 7)]::operator ()() const::[lambda(float) (instance 1)], std::array<char *, (unsigned long)2>, (int)4, TrivialOffsetCalculator<(int)1, unsigned int>, TrivialOffsetCalculator<(int)1, unsigned int>, at::native::memory::LoadWithCast<(int)1>, at::native::memory::StoreWithCast<(int)1>>(int, T1, T2, T4, T5, T6, T7)",1921796405,1921799413,0,7,291518204084224,379328,,,,,47292,1916001980,1916007315,cudaLaunchKernel_v7000,4693,stage,63,prefill,1,indexer,,echo,Compute,Indexer / top-k,,False,,,prefill,1921796405,1921799413,3008
echo,24218,kernel,"void at::native::<unnamed>::vectorized_layer_norm_kernel<float, float>(int, T2, const T1 *, const T1 *, const T1 *, T2 *, T2 *, T1 *)",1921800629,1921805013,0,7,291518204084224,379364,,,,,47296,1916035198,1916039396,cudaLaunchKernel_v7000,4693,stage,63,prefill,1,indexer,,echo,Compute,Indexer / top-k,,False,,,prefill,1921800629,1921805013,4384
echo,24219,kernel,"void at::native::vectorized_elementwise_kernel<(int)8, at::native::bfloat16_copy_kernel_cuda(at::TensorIteratorBase &)::[lambda(float) (instance 1)], std::array<char *, (unsigned long)2>>(int, T2, T3)",1921806325,1921807509,0,7,291518204084224,379379,,,,,47298,1916063093,1916067171,cudaLaunchKernel_v7000,4693,stage,63,prefill,1,indexer,,echo,Compute,Indexer / top-k,,False,,,prefill,1921806325,1921807509,1184
echo,24220,kernel,"void flashinfer::BatchQKApplyRotaryPosIdsCosSinCacheHeadParallelismKernel<(bool)0, (unsigned int)64, (unsigned int)8, (unsigned int)8, __nv_bfloat16, long>(T5 *, T5 *, T5 *, T5 *, float *, T6 *, unsigned int, unsigned int, unsigned int, unsigned int, unsigned long, unsigned long, unsigned long, unsigned long, unsigned long, unsigned long, unsigned long, unsigned long)",1921808725,1921814869,0,7,291518204084224,379389,,,,,47299,1916114603,1916119157,cudaLaunchKernel_v7000,4693,stage,63,prefill,1,indexer,,echo,Compute,Indexer / top-k,,False,,,prefill,1921808725,1921814869,6144
echo,24221,kernel,"void fast_hadamard_transform_kernel<fast_hadamard_transform_kernel_traits<(int)16, (int)7, c10::BFloat16>>(HadamardParamsBase)",1921816117,1921856917,0,7,291518204084224,379407,,,,,47301,1916167200,1916171904,cudaLaunchKernel_v7000,4693,stage,63,prefill,1,indexer,,echo,Compute,Indexer / top-k,,False,,,prefill,1921816117,1921856917,40800
echo,24222,kernel,"void fast_hadamard_transform_kernel<fast_hadamard_transform_kernel_traits<(int)16, (int)7, c10::BFloat16>>(HadamardParamsBase)",1921858261,1921859957,0,7,291518204084224,379422,,,,,47303,1916197984,1916202141,cudaLaunchKernel_v7000,4693,stage,63,prefill,1,indexer,,echo,Compute,Indexer / top-k,,False,,,prefill,1921858261,1921859957,1696
echo,24223,kernel,_act_quant_kernel,1921861045,1921866965,0,7,291518204084224,379449,,,,,13325,1916277840,1916282597,cuLaunchKernelEx,4693,stage,63,prefill,1,indexer,,echo,Compute,Indexer / top-k,,False,,,prefill,1921861045,1921866965,5920
echo,24224,kernel,_act_quant_kernel,1921868117,1921869813,0,7,291518204084224,379473,,,,,13326,1916332341,1916336376,cuLaunchKernelEx,4693,stage,63,prefill,1,indexer,,echo,Compute,Indexer / top-k,,False,,,prefill,1921868117,1921869813,1696
echo,24225,kernel,_set_k_and_s_triton_kernel,1921870997,1921872853,0,7,291518204084224,379481,,,,,13327,1916397430,1916401573,cuLaunchKernelEx,4694,stage,63,prefill,1,cache_write,,echo,GPU control,GPU control,,False,,,prefill,1921870997,1921872853,1856
echo,24226,kernel,triton_poi_fused__to_copy_0,1921874133,1921886485,0,7,291518204084224,379493,,,,,13328,1916531673,1916537423,cuLaunchKernel,4693,stage,63,prefill,1,indexer,,echo,Compute,Indexer / top-k,,False,,,prefill,1921874133,1921886485,12352
echo,24227,kernel,sm80_xmma_gemm_f32f32_f32f32_f32_tn_n_tilesize128x64x8_stage3_warpsize2x2x1_ffma_aligna4_alignc4_execute_kernel__5x_cublas,1921888053,1921921717,0,7,291518204084224,379506,,,,,47310,1916588327,1916594366,cudaLaunchKernelExC_v11060,4693,stage,63,prefill,1,indexer,,echo,Compute,Indexer / top-k,,False,,,prefill,1921888053,1921921717,33664
echo,24228,kernel,sm80_xmma_gemm_f32f32_f32f32_f32_tn_n_tilesize128x64x8_stage3_warpsize2x2x1_ffma_aligna4_alignc4_execute_split_k_kernel__5x_cublas,1921923285,1921929877,0,7,291518204084224,379508,,,,,47311,1916595255,1916598744,cudaLaunchKernelExC_v11060,4693,stage,63,prefill,1,indexer,,echo,Compute,Indexer / top-k,,False,,,prefill,1921923285,1921929877,6592
echo,24229,kernel,triton_poi_fused_mul_1,1921931253,1921932757,0,7,291518204084224,379515,,,,,13329,1916620087,1916624241,cuLaunchKernel,4693,stage,63,prefill,1,indexer,,echo,Compute,Indexer / top-k,,False,,,prefill,1921931253,1921932757,1504
echo,24230,kernel,"void at::native::vectorized_elementwise_kernel<(int)4, at::native::AUnaryFunctor<int, int, int, at::native::binary_internal::MulFunctor<int>>, std::array<char *, (unsigned long)2>>(int, T2, T3)",1921934133,1921935285,0,7,291518204084224,379528,,,,,47313,1916714703,1916720247,cudaLaunchKernel_v7000,4695,stage,63,prefill,1,indexer_control,,echo,GPU control,GPU control,,False,,,prefill,1921934133,1921935285,1152
echo,24231,kernel,"void <unnamed>::elementwise_kernel_with_index<int, at::native::arange_cuda_out(const c10::Scalar &, const c10::Scalar &, const c10::Scalar &, at::Tensor &)::[lambda() (instance 1)]::operator ()() const::[lambda() (instance 3)]::operator ()() const::[lambda(long) (instance 1)]>(T1, T2, function_traits<T2>::result_type *)",1921936533,1921937365,0,7,291518204084224,379550,,,,,47315,1916748715,1916752836,cudaLaunchKernel_v7000,4695,stage,63,prefill,1,indexer_control,,echo,GPU control,GPU control,,False,,,prefill,1921936533,1921937365,832
echo,24232,kernel,"void at::native::elementwise_kernel<(int)128, (int)2, void at::native::gpu_kernel_impl_nocast<at::native::CUDAFunctor_add<int>>(at::TensorIteratorBase &, const T1 &)::[lambda(int) (instance 1)]>(int, T3)",1921938549,1921960021,0,7,291518204084224,379565,,,,,47317,1916771551,1916775687,cudaLaunchKernel_v7000,4695,stage,63,prefill,1,indexer_control,,echo,GPU control,GPU control,,False,,,prefill,1921938549,1921960021,21472
echo,24233,kernel,"void at::native::unrolled_elementwise_kernel<at::native::direct_copy_kernel_cuda(at::TensorIteratorBase &)::[lambda() (instance 3)]::operator ()() const::[lambda() (instance 4)]::operator ()() const::[lambda(long) (instance 1)], std::array<char *, (unsigned long)2>, (int)4, TrivialOffsetCalculator<(int)1, unsigned int>, TrivialOffsetCalculator<(int)1, unsigned int>, at::native::memory::LoadWithCast<(int)1>, at::native::memory::StoreWithCast<(int)1>>(int, T1, T2, T4, T5, T6, T7)",1921961141,1921990581,0,7,291518204084224,379584,,,,,47319,1916814874,1916819656,cudaLaunchKernel_v7000,4695,stage,63,prefill,1,indexer_control,,echo,GPU control,GPU control,,False,,,prefill,1921961141,1921990581,29440
echo,24234,kernel,"void at::native::index_elementwise_kernel<(int)128, (int)4, void at::native::gpu_index_kernel<void at::native::index_kernel_impl<at::native::OpaqueType<(int)1>>(at::TensorIteratorBase &, c10::ArrayRef<long>, c10::ArrayRef<long>)::[lambda(char *, const char *, long) (instance 1)]>(at::TensorIteratorBase &, c10::ArrayRef<long>, c10::ArrayRef<long>, const T1 &, bool)::[lambda(int) (instance 1)]>(long, T3)",1921992117,1922044629,0,7,291518204084224,379597,,,,,47321,1916832587,1916836811,cudaLaunchKernel_v7000,4695,stage,63,prefill,1,indexer_control,,echo,GPU control,GPU control,,False,,,prefill,1921992117,1922044629,52512
echo,24235,kernel,"void at::native::vectorized_elementwise_kernel<(int)4, at::native::AUnaryFunctor<int, int, int, at::native::binary_internal::MulFunctor<int>>, std::array<char *, (unsigned long)2>>(int, T2, T3)",1922046229,1922047285,0,7,291518204084224,379614,,,,,47323,1916859511,1916863152,cudaLaunchKernel_v7000,4695,stage,63,prefill,1,indexer_control,,echo,GPU control,GPU control,,False,,,prefill,1922046229,1922047285,1056
echo,24236,kernel,"void <unnamed>::elementwise_kernel_with_index<int, at::native::arange_cuda_out(const c10::Scalar &, const c10::Scalar &, const c10::Scalar &, at::Tensor &)::[lambda() (instance 1)]::operator ()() const::[lambda() (instance 3)]::operator ()() const::[lambda(long) (instance 1)]>(T1, T2, function_traits<T2>::result_type *)",1922048629,1922049333,0,7,291518204084224,379636,,,,,47325,1916878282,1916881724,cudaLaunchKernel_v7000,4695,stage,63,prefill,1,indexer_control,,echo,GPU control,GPU control,,False,,,prefill,1922048629,1922049333,704
echo,24237,kernel,"void at::native::elementwise_kernel<(int)128, (int)2, void at::native::gpu_kernel_impl_nocast<at::native::CUDAFunctor_add<int>>(at::TensorIteratorBase &, const T1 &)::[lambda(int) (instance 1)]>(int, T3)",1922050677,1922052821,0,7,291518204084224,379651,,,,,47327,1916894059,1916897361,cudaLaunchKernel_v7000,4695,stage,63,prefill,1,indexer_control,,echo,GPU control,GPU control,,False,,,prefill,1922050677,1922052821,2144
echo,24238,kernel,"void at::native::vectorized_elementwise_kernel<(int)4, at::native::CUDAFunctorOnSelf_add<int>, std::array<char *, (unsigned long)2>>(int, T2, T3)",1922054037,1922055541,0,7,291518204084224,379667,,,,,47331,1917476692,1917483209,cudaLaunchKernel_v7000,4695,stage,63,prefill,1,indexer_control,,echo,GPU control,GPU control,,False,,,prefill,1922054037,1922055541,1504
echo,24239,kernel,"void at::native::unrolled_elementwise_kernel<at::native::direct_copy_kernel_cuda(at::TensorIteratorBase &)::[lambda() (instance 3)]::operator ()() const::[lambda() (instance 4)]::operator ()() const::[lambda(long) (instance 1)], std::array<char *, (unsigned long)2>, (int)4, TrivialOffsetCalculator<(int)1, unsigned int>, TrivialOffsetCalculator<(int)1, unsigned int>, at::native::memory::LoadWithCast<(int)1>, at::native::memory::StoreWithCast<(int)1>>(int, T1, T2, T4, T5, T6, T7)",1922056853,1922059605,0,7,291518204084224,379686,,,,,47334,1917528711,1917533581,cudaLaunchKernel_v7000,4695,stage,63,prefill,1,indexer_control,,echo,GPU control,GPU control,,False,,,prefill,1922056853,1922059605,2752
echo,24240,kernel,"void at::native::index_elementwise_kernel<(int)128, (int)4, void at::native::gpu_index_kernel<void at::native::index_kernel_impl<at::native::OpaqueType<(int)1>>(at::TensorIteratorBase &, c10::ArrayRef<long>, c10::ArrayRef<long>)::[lambda(char *, const char *, long) (instance 1)]>(at::TensorIteratorBase &, c10::ArrayRef<long>, c10::ArrayRef<long>, const T1 &, bool)::[lambda(int) (instance 1)]>(long, T3)",1922060885,1922065397,0,7,291518204084224,379697,,,,,47335,1917544542,1917548538,cudaLaunchKernel_v7000,4695,stage,63,prefill,1,indexer_control,,echo,GPU control,GPU control,,False,,,prefill,1922060885,1922065397,4512
echo,24241,kernel,"void at::native::vectorized_elementwise_kernel<(int)4, at::native::FillFunctor<int>, std::array<char *, (unsigned long)1>>(int, T2, T3)",1922066677,1922067445,0,7,291518204084224,379712,,,,,47336,1917570780,1917574774,cudaLaunchKernel_v7000,4695,stage,63,prefill,1,indexer_control,,echo,GPU control,GPU control,,False,,,prefill,1922066677,1922067445,768
echo,24242,kernel,"void at::native::vectorized_elementwise_kernel<(int)4, at::native::CUDAFunctor_add<int>, std::array<char *, (unsigned long)3>>(int, T2, T3)",1922079157,1922080341,0,7,291518204084224,379758,,,,,47340,1917673355,1917677338,cudaLaunchKernel_v7000,4695,stage,63,prefill,1,indexer_control,,echo,GPU control,GPU control,,False,,,prefill,1922079157,1922080341,1184
echo,24243,kernel,"void at::native::vectorized_elementwise_kernel<(int)4, at::native::FillFunctor<int>, std::array<char *, (unsigned long)1>>(int, T2, T3)",1922081685,1922082485,0,7,291518204084224,379764,,,,,47341,1917687029,1917690487,cudaLaunchKernel_v7000,4695,stage,63,prefill,1,indexer_control,,echo,GPU control,GPU control,,False,,,prefill,1922081685,1922082485,800
echo,24244,kernel,"at::native::<unnamed>::fill_reverse_indices_kernel(long *, int, at::cuda::detail::IntDivider<unsigned int>)",1922086709,1922087989,0,7,291518204084224,379787,,,,,47343,1917716436,1917720462,cudaLaunchKernel_v7000,4695,stage,63,prefill,1,indexer_control,,echo,GPU control,GPU control,,False,,,prefill,1922086709,1922087989,1280
echo,24245,kernel,"void at_cuda_detail::cub::DeviceRadixSortHistogramKernel<at_cuda_detail::cub::DeviceRadixSortPolicy<int, at::cuda::cub::detail::OpaqueType<(int)8>, unsigned long long>::Policy900, (bool)0, int, unsigned long long, at_cuda_detail::cub::detail::identity_decomposer_t>(T4 *, const T3 *, T4, int, int, T5)",1922094612,1922097364,0,7,291518204084224,379810,,,,,47346,1917744844,1917748908,cudaLaunchKernel_v7000,4695,stage,63,prefill,1,indexer_control,,echo,GPU control,GPU control,,False,,,prefill,1922094612,1922097364,2752
echo,24246,kernel,"void at_cuda_detail::cub::DeviceRadixSortExclusiveSumKernel<at_cuda_detail::cub::DeviceRadixSortPolicy<int, at::cuda::cub::detail::OpaqueType<(int)8>, unsigned long long>::Policy900, unsigned long long>(T2 *)",1922098740,1922099892,0,7,291518204084224,379814,,,,,47347,1917750370,1917754078,cudaLaunchKernel_v7000,4695,stage,63,prefill,1,indexer_control,,echo,GPU control,GPU control,,False,,,prefill,1922098740,1922099892,1152
echo,24247,kernel,"void at_cuda_detail::cub::DeviceRadixSortOnesweepKernel<at_cuda_detail::cub::DeviceRadixSortPolicy<int, at::cuda::cub::detail::OpaqueType<(int)8>, unsigned long long>::Policy900, (bool)0, int, at::cuda::cub::detail::OpaqueType<(int)8>, unsigned long long, int, int, at_cuda_detail::cub::detail::identity_decomposer_t>(T7 *, T7 *, T5 *, const T5 *, T3 *, const T3 *, T4 *, const T4 *, T6, int, int, T8)",1922103444,1922113396,0,7,291518204084224,379820,,,,,47349,1917758864,1917762233,cudaLaunchKernel_v7000,4695,stage,63,prefill,1,indexer_control,,echo,GPU control,GPU control,,False,,,prefill,1922103444,1922113396,9952
echo,24248,kernel,"void at_cuda_detail::cub::DeviceRadixSortOnesweepKernel<at_cuda_detail::cub::DeviceRadixSortPolicy<int, at::cuda::cub::detail::OpaqueType<(int)8>, unsigned long long>::Policy900, (bool)0, int, at::cuda::cub::detail::OpaqueType<(int)8>, unsigned long long, int, int, at_cuda_detail::cub::detail::identity_decomposer_t>(T7 *, T7 *, T5 *, const T5 *, T3 *, const T3 *, T4 *, const T4 *, T6, int, int, T8)",1922117492,1922124980,0,7,291518204084224,379826,,,,,47351,1917766462,1917769455,cudaLaunchKernel_v7000,4695,stage,63,prefill,1,indexer_control,,echo,GPU control,GPU control,,False,,,prefill,1922117492,1922124980,7488
echo,24249,kernel,"void at_cuda_detail::cub::DeviceRadixSortOnesweepKernel<at_cuda_detail::cub::DeviceRadixSortPolicy<int, at::cuda::cub::detail::OpaqueType<(int)8>, unsigned long long>::Policy900, (bool)0, int, at::cuda::cub::detail::OpaqueType<(int)8>, unsigned long long, int, int, at_cuda_detail::cub::detail::identity_decomposer_t>(T7 *, T7 *, T5 *, const T5 *, T3 *, const T3 *, T4 *, const T4 *, T6, int, int, T8)",1922128404,1922135732,0,7,291518204084224,379832,,,,,47353,1917773562,1917776737,cudaLaunchKernel_v7000,4695,stage,63,prefill,1,indexer_control,,echo,GPU control,GPU control,,False,,,prefill,1922128404,1922135732,7328
echo,24250,kernel,"void at_cuda_detail::cub::DeviceRadixSortOnesweepKernel<at_cuda_detail::cub::DeviceRadixSortPolicy<int, at::cuda::cub::detail::OpaqueType<(int)8>, unsigned long long>::Policy900, (bool)0, int, at::cuda::cub::detail::OpaqueType<(int)8>, unsigned long long, int, int, at_cuda_detail::cub::detail::identity_decomposer_t>(T7 *, T7 *, T5 *, const T5 *, T3 *, const T3 *, T4 *, const T4 *, T6, int, int, T8)",1922139284,1922146516,0,7,291518204084224,379838,,,,,47355,1917780731,1917783705,cudaLaunchKernel_v7000,4695,stage,63,prefill,1,indexer_control,,echo,GPU control,GPU control,,False,,,prefill,1922139284,1922146516,7232
echo,24251,kernel,"void at::native::unrolled_elementwise_kernel<at::native::direct_copy_kernel_cuda(at::TensorIteratorBase &)::[lambda() (instance 3)]::operator ()() const::[lambda() (instance 3)]::operator ()() const::[lambda(int) (instance 1)], std::array<char *, (unsigned long)2>, (int)4, TrivialOffsetCalculator<(int)1, unsigned int>, TrivialOffsetCalculator<(int)1, unsigned int>, at::native::memory::LoadWithCast<(int)1>, at::native::memory::StoreWithCast<(int)1>>(int, T1, T2, T4, T5, T6, T7)",1922147860,1922149780,0,7,291518204084224,379854,,,,,47356,1917797862,1917801544,cudaLaunchKernel_v7000,4695,stage,63,prefill,1,indexer_control,,echo,GPU control,GPU control,,False,,,prefill,1922147860,1922149780,1920
echo,24252,kernel,"void at::native::vectorized_elementwise_kernel<(int)4, at::native::FillFunctor<unsigned int>, std::array<char *, (unsigned long)1>>(int, T2, T3)",1922151156,1922151892,0,7,291518204084224,379867,,,,,47357,1917813246,1917816869,cudaLaunchKernel_v7000,4695,stage,63,prefill,1,indexer_control,,echo,GPU control,GPU control,,False,,,prefill,1922151156,1922151892,736
echo,24253,kernel,"void deep_gemm::sm90_fp8_mqa_logits_fuse_prefetch<(unsigned int)64, (unsigned int)128, (unsigned int)576, (unsigned int)2, (unsigned int)128, (unsigned int)3, (unsigned int)3, (unsigned int)101, (unsigned int)128, (unsigned int)256, (unsigned int)256, (unsigned int)16384>(unsigned int, unsigned int, unsigned long, unsigned long, unsigned int *, unsigned int *, float *, const int *, const int *, const int *, __nv_bfloat16 *, __nv_bfloat16 *, int *, const int *, long *, int *, unsigned int *, float *, unsigned int, CUtensorMap_st, CUtensorMap_st, CUtensorMap_st, CUtensorMap_st)",1922153108,1926189454,0,7,291518204084224,379887,,,,,13334,1917883037,1917887587,cuLaunchKernelEx,4696,stage,63,prefill,1,indexer_prefetch,,echo,Compute,Indexer / top-k,Fused indexer contains dynamically gated mapped-host H2D; per-call bytes unknown,True,,,prefill,1922153108,1926189454,4036346
echo,24254,kernel,"void at::native::reduce_kernel<(int)512, (int)1, at::native::ReduceOp<float, at::native::MeanOps<float, float, float, float>, unsigned int, float, (int)4, (int)4>>(T3)",1926194318,1926201422,0,7,291518204084224,379907,,,,,47359,1917923098,1917927397,cudaLaunchKernel_v7000,4695,stage,63,prefill,1,indexer_control,,echo,GPU control,GPU control,,False,,,prefill,1926194318,1926201422,7104
echo,24255,kernel,_cuda_graph_allocator_post_alloc_kernel,1926204846,1926207758,0,7,291518204084224,379923,,,,,13335,1918000011,1918004536,cuLaunchKernelEx,4697,stage,63,prefill,1,echo_finalize,,echo,GPU control,ECHO finalize,,False,,,prefill,1926204846,1926207758,2912
echo,24256,kernel,"void at::native::vectorized_elementwise_kernel<(int)4, at::native::FillFunctor<int>, std::array<char *, (unsigned long)1>>(int, T2, T3)",1926209070,1926209902,0,7,291518204084224,379926,,,,,47361,1918011056,1918014907,cudaLaunchKernel_v7000,4697,stage,63,prefill,1,echo_finalize,,echo,GPU control,ECHO finalize,,False,,,prefill,1926209070,1926209902,832
echo,24257,kernel,_cuda_graph_allocator_rebuild_stack_kernel,1926211214,1926215022,0,7,291518204084224,379935,,,,,13336,1918040357,1918056910,cuLaunchKernelEx,4697,stage,63,prefill,1,echo_finalize,,echo,GPU control,ECHO finalize,,False,,,prefill,1926211214,1926215022,3808
echo,24258,kernel,_cuda_graph_allocator_set_available_kernel,1926216270,1926217358,0,7,291518204084224,379941,,,,,13337,1918077745,1918081469,cuLaunchKernelEx,4697,stage,63,prefill,1,echo_finalize,,echo,GPU control,ECHO finalize,,False,,,prefill,1926216270,1926217358,1088
echo,24259,kernel,"void at::native::unrolled_elementwise_kernel<at::native::direct_copy_kernel_cuda(at::TensorIteratorBase &)::[lambda() (instance 3)]::operator ()() const::[lambda() (instance 4)]::operator ()() const::[lambda(long) (instance 1)], std::array<char *, (unsigned long)2>, (int)4, TrivialOffsetCalculator<(int)1, unsigned int>, TrivialOffsetCalculator<(int)1, unsigned int>, at::native::memory::LoadWithCast<(int)1>, at::native::memory::StoreWithCast<(int)1>>(int, T1, T2, T4, T5, T6, T7)",1926218766,1926221518,0,7,291518204084224,379956,,,,,47362,1918115331,1918119870,cudaLaunchKernel_v7000,4698,stage,63,prefill,1,echo_finalize,,echo,GPU control,ECHO finalize,,False,,,prefill,1926218766,1926221518,2752
echo,24260,kernel,"void at::native::index_elementwise_kernel<(int)128, (int)4, void at::native::gpu_index_kernel<void at::native::index_put_kernel_impl<at::native::OpaqueType<(int)4>>(at::TensorIterator &, c10::ArrayRef<long>, c10::ArrayRef<long>)::[lambda(char *, const char *, long) (instance 1)]>(at::TensorIteratorBase &, c10::ArrayRef<long>, c10::ArrayRef<long>, const T1 &, bool)::[lambda(int) (instance 1)]>(long, T3)",1926222830,1926226478,0,7,291518204084224,379962,,,,,47363,1918127817,1918131729,cudaLaunchKernel_v7000,4698,stage,63,prefill,1,echo_finalize,,echo,GPU control,ECHO finalize,,False,,,prefill,1926222830,1926226478,3648
echo,24261,kernel,"void at::native::unrolled_elementwise_kernel<at::native::CUDAFunctorOnSelf_add<int>, std::array<char *, (unsigned long)2>, (int)4, TrivialOffsetCalculator<(int)1, unsigned int>, TrivialOffsetCalculator<(int)1, unsigned int>, at::native::memory::LoadWithoutCast, at::native::memory::StoreWithoutCast>(int, T1, T2, T4, T5, T6, T7)",1926227790,1926228654,0,7,291518204084224,379973,,,,,47364,1918146428,1918150188,cudaLaunchKernel_v7000,4698,stage,63,prefill,1,echo_finalize,,echo,GPU control,ECHO finalize,,False,,,prefill,1926227790,1926228654,864
echo,24262,kernel,"void at::native::unrolled_elementwise_kernel<at::native::FillFunctor<int>, std::array<char *, (unsigned long)1>, (int)4, TrivialOffsetCalculator<(int)0, unsigned int>, TrivialOffsetCalculator<(int)1, unsigned int>, at::native::memory::LoadWithoutCast, at::native::memory::StoreWithoutCast>(int, T1, T2, T4, T5, T6, T7)",1926229806,1926230510,0,7,291518204084224,379985,,,,,47365,1918164324,1918167927,cudaLaunchKernel_v7000,4698,stage,63,prefill,1,echo_finalize,,echo,GPU control,ECHO finalize,,False,,,prefill,1926229806,1926230510,704
echo,24263,kernel,"<unnamed>::topk_transform_prefill_kernel(<unnamed>::FastTopKParams, int *, const int *, long, float *, const int *, long)",1926231822,1926528557,0,7,291518204084224,379997,,,,,47366,1918211379,1918215983,cudaLaunchKernel_v7000,4699,stage,63,prefill,1,topk,,echo,Compute,Indexer / top-k,,False,,,prefill,1926231822,1926528557,296735
echo,24264,kernel,"void <unnamed>::elementwise_kernel_with_index<int, at::native::arange_cuda_out(const c10::Scalar &, const c10::Scalar &, const c10::Scalar &, at::Tensor &)::[lambda() (instance 1)]::operator ()() const::[lambda() (instance 3)]::operator ()() const::[lambda(long) (instance 1)]>(T1, T2, function_traits<T2>::result_type *)",1926530093,1926530893,0,7,291518204084224,380012,,,,,47367,1918231890,1918235927,cudaLaunchKernel_v7000,4699,stage,63,prefill,1,topk,,echo,GPU control,GPU control,,False,,,prefill,1926530093,1926530893,800
echo,24265,kernel,"void at::native::elementwise_kernel<(int)128, (int)4, void at::native::gpu_kernel_impl_nocast<at::native::<unnamed>::CompareFunctor<int>>(at::TensorIteratorBase &, const T1 &)::[lambda(int) (instance 1)]>(int, T3)",1926532173,1926534125,0,7,291518204084224,380022,,,,,47368,1918247196,1918251282,cudaLaunchKernel_v7000,4699,stage,63,prefill,1,topk,,echo,Compute,Indexer / top-k,,False,,,prefill,1926532173,1926534125,1952
echo,24266,kernel,"void at::native::elementwise_kernel<(int)128, (int)2, void at::native::gpu_kernel_impl_nocast<at::native::<unnamed>::masked_fill_kernel(at::TensorIterator &, const c10::Scalar &)::[lambda() (instance 1)]::operator ()() const::[lambda() (instance 3)]::operator ()() const::[lambda(int, bool) (instance 1)]>(at::TensorIteratorBase &, const T1 &)::[lambda(int) (instance 1)]>(int, T3)",1926535533,1926542573,0,7,291518204084224,380028,,,,,47369,1918265311,1918269165,cudaLaunchKernel_v7000,4699,stage,63,prefill,1,topk,,echo,Compute,Indexer / top-k,,False,,,prefill,1926535533,1926542573,7040
echo,24267,kernel,"void at::native::unrolled_elementwise_kernel<at::native::CUDAFunctor_add<int>, std::array<char *, (unsigned long)3>, (int)4, TrivialOffsetCalculator<(int)2, unsigned int>, TrivialOffsetCalculator<(int)1, unsigned int>, at::native::memory::LoadWithoutCast, at::native::memory::StoreWithoutCast>(int, T1, T2, T4, T5, T6, T7)",1926543757,1926544845,0,7,291518204084224,380041,,,,,47370,1918372212,1918377169,cudaLaunchKernel_v7000,4702,stage,63,prefill,1,cache_write,,echo,GPU control,GPU control,,False,,,prefill,1926543757,1926544845,1088
echo,24268,kernel,"void at::native::vectorized_elementwise_kernel<(int)4, at::native::<unnamed>::launch_clamp_scalar(at::TensorIteratorBase &, c10::Scalar, c10::Scalar, at::native::detail::ClampLimits)::[lambda() (instance 1)]::operator ()() const::[lambda() (instance 3)]::operator ()() const::[lambda(int) (instance 1)], std::array<char *, (unsigned long)2>>(int, T2, T3)",1926546221,1926547437,0,7,291518204084224,380051,,,,,47371,1918387819,1918391700,cudaLaunchKernel_v7000,4702,stage,63,prefill,1,cache_write,,echo,GPU control,GPU control,,False,,,prefill,1926546221,1926547437,1216
echo,24269,kernel,"void at::native::vectorized_elementwise_kernel<(int)4, void at::native::compare_scalar_kernel<int>(at::TensorIteratorBase &, at::native::<unnamed>::OpType, T1)::[lambda(int) (instance 1)], std::array<char *, (unsigned long)2>>(int, T2, T3)",1926551085,1926552365,0,7,291518204084224,380076,,,,,47373,1918432687,1918436703,cudaLaunchKernel_v7000,4703,stage,63,prefill,1,cache_control,,echo,GPU control,GPU control,,False,,,prefill,1926551085,1926552365,1280
echo,24270,kernel,"void at::native::vectorized_elementwise_kernel<(int)4, at::native::<unnamed>::masked_fill_kernel(at::TensorIterator &, const c10::Scalar &)::[lambda() (instance 1)]::operator ()() const::[lambda() (instance 3)]::operator ()() const::[lambda(int, bool) (instance 1)], std::array<char *, (unsigned long)3>>(int, T2, T3)",1926553549,1926555021,0,7,291518204084224,380084,,,,,47374,1918447826,1918451738,cudaLaunchKernel_v7000,4703,stage,63,prefill,1,cache_control,,echo,GPU control,GPU control,,False,,,prefill,1926553549,1926555021,1472
echo,24271,kernel,"void <unnamed>::argmin_bounded_kernel<(unsigned long)196608>(const int *, int *, const int *, int, int)",1926556205,1926622509,0,7,291518204084224,380094,,,,,47375,1918464200,1918468218,cudaLaunchKernel_v7000,4703,stage,63,prefill,1,cache_control,,echo,GPU control,GPU control,,False,,,prefill,1926556205,1926622509,66304
echo,24272,kernel,_free_update_kernel,1926623917,1926625997,0,7,291518204084224,380113,,,,,13338,1918515100,1918519113,cuLaunchKernelEx,4703,stage,63,prefill,1,cache_control,,echo,GPU control,GPU control,,False,,,prefill,1926623917,1926625997,2080
echo,24273,kernel,_cuda_graph_allocator_free_kernel,1926627245,1926631117,0,7,291518204084224,380121,,,,,13339,1918546712,1918550479,cuLaunchKernelEx,4703,stage,63,prefill,1,cache_control,,echo,GPU control,GPU control,,False,,,prefill,1926627245,1926631117,3872
echo,24274,kernel,_cuda_graph_allocator_alloc_kernel,1926632365,1926633837,0,7,291518204084224,380130,,,,,13340,1918582554,1918586261,cuLaunchKernelEx,4702,stage,63,prefill,1,cache_write,,echo,GPU control,GPU control,,False,,,prefill,1926632365,1926633837,1472
echo,24275,kernel,"void at::native::unrolled_elementwise_kernel<at::native::direct_copy_kernel_cuda(at::TensorIteratorBase &)::[lambda() (instance 3)]::operator ()() const::[lambda() (instance 4)]::operator ()() const::[lambda(long) (instance 1)], std::array<char *, (unsigned long)2>, (int)4, TrivialOffsetCalculator<(int)1, unsigned int>, TrivialOffsetCalculator<(int)1, unsigned int>, at::native::memory::LoadWithCast<(int)1>, at::native::memory::StoreWithCast<(int)1>>(int, T1, T2, T4, T5, T6, T7)",1926635309,1926638029,0,7,291518204084224,380145,,,,,47376,1918611895,1918616570,cudaLaunchKernel_v7000,4704,stage,63,prefill,1,cache_control,,echo,GPU control,GPU control,,False,,,prefill,1926635309,1926638029,2720
echo,24276,kernel,"void at::native::index_elementwise_kernel<(int)128, (int)4, void at::native::gpu_index_kernel<void at::native::index_put_kernel_impl<at::native::OpaqueType<(int)4>>(at::TensorIterator &, c10::ArrayRef<long>, c10::ArrayRef<long>)::[lambda(char *, const char *, long) (instance 1)]>(at::TensorIteratorBase &, c10::ArrayRef<long>, c10::ArrayRef<long>, const T1 &, bool)::[lambda(int) (instance 1)]>(long, T3)",1926639245,1926642765,0,7,291518204084224,380151,,,,,47377,1918622774,1918626643,cudaLaunchKernel_v7000,4704,stage,63,prefill,1,cache_control,,echo,GPU control,GPU control,,False,,,prefill,1926639245,1926642765,3520
echo,24277,kernel,"void at::native::unrolled_elementwise_kernel<at::native::CUDAFunctorOnSelf_add<int>, std::array<char *, (unsigned long)2>, (int)4, TrivialOffsetCalculator<(int)1, unsigned int>, TrivialOffsetCalculator<(int)1, unsigned int>, at::native::memory::LoadWithoutCast, at::native::memory::StoreWithoutCast>(int, T1, T2, T4, T5, T6, T7)",1926644077,1926644941,0,7,291518204084224,380162,,,,,47378,1918638878,1918642433,cudaLaunchKernel_v7000,4704,stage,63,prefill,1,cache_control,,echo,GPU control,GPU control,,False,,,prefill,1926644077,1926644941,864
echo,24278,kernel,"void at::native::unrolled_elementwise_kernel<at::native::FillFunctor<int>, std::array<char *, (unsigned long)1>, (int)4, TrivialOffsetCalculator<(int)0, unsigned int>, TrivialOffsetCalculator<(int)1, unsigned int>, at::native::memory::LoadWithoutCast, at::native::memory::StoreWithoutCast>(int, T1, T2, T4, T5, T6, T7)",1926646061,1926646797,0,7,291518204084224,380174,,,,,47379,1918655712,1918659391,cudaLaunchKernel_v7000,4704,stage,63,prefill,1,cache_control,,echo,GPU control,GPU control,,False,,,prefill,1926646061,1926646797,736
echo,24279,kernel,_set_update_kernel,1926648109,1926649837,0,7,291518204084224,380190,,,,,13341,1918690541,1918694319,cuLaunchKernelEx,4702,stage,63,prefill,1,cache_write,,echo,GPU control,GPU control,,False,,,prefill,1926648109,1926649837,1728
echo,24280,kernel,_set_mla_kv_buffer_cuda_graph_kernel,1926651117,1926655277,0,7,291518204084224,380198,,,,,13342,1918729606,1918733350,cuLaunchKernelEx,4702,stage,63,prefill,1,cache_write,,echo,GPU control,GPU control,,False,,,prefill,1926651117,1926655277,4160
echo,24281,kernel,set_mla_kv_buffer_kernel,1926657485,1926683629,0,21,291518204084224,380241,,,,,13343,1918844116,1918850985,cuLaunchKernelEx,4705,stage,63,prefill,1,io_d2h,D2H,echo,D2H,D2H,Destination-aware mapped-host transfer NVTX; per-call bytes unknown,False,,,prefill,1926657485,1926683629,26144
echo,24282,kernel,"void at::native::unrolled_elementwise_kernel<at::native::direct_copy_kernel_cuda(at::TensorIteratorBase &)::[lambda() (instance 3)]::operator ()() const::[lambda() (instance 4)]::operator ()() const::[lambda(long) (instance 1)], std::array<char *, (unsigned long)2>, (int)4, TrivialOffsetCalculator<(int)1, unsigned int>, TrivialOffsetCalculator<(int)1, unsigned int>, at::native::memory::LoadWithCast<(int)1>, at::native::memory::StoreWithCast<(int)1>>(int, T1, T2, T4, T5, T6, T7)",1926662605,1926684877,0,7,291518204084224,380276,,,,,47393,1918902099,1918907412,cudaLaunchKernel_v7000,4701,stage,63,prefill,1,cache_control,,echo,GPU control,GPU control,,False,,,prefill,1926662605,1926684877,22272
echo,24283,kernel,"void at::native::index_elementwise_kernel<(int)128, (int)4, void at::native::gpu_index_kernel<void at::native::index_kernel_impl<at::native::OpaqueType<(int)4>>(at::TensorIteratorBase &, c10::ArrayRef<long>, c10::ArrayRef<long>)::[lambda(char *, const char *, long) (instance 1)]>(at::TensorIteratorBase &, c10::ArrayRef<long>, c10::ArrayRef<long>, const T1 &, bool)::[lambda(int) (instance 1)]>(long, T3)",1926686221,1926697101,0,7,291518204084224,380287,,,,,47394,1918918550,1918922784,cudaLaunchKernel_v7000,4701,stage,63,prefill,1,cache_control,,echo,GPU control,GPU control,,False,,,prefill,1926686221,1926697101,10880
echo,24284,kernel,"void at::native::vectorized_elementwise_kernel<(int)4, at::native::AUnaryFunctor<int, int, bool, at::native::<unnamed>::CompareEqFunctor<int>>, std::array<char *, (unsigned long)2>>(int, T2, T3)",1926698445,1926701261,0,7,291518204084224,380299,,,,,47395,1918938884,1918942689,cudaLaunchKernel_v7000,4701,stage,63,prefill,1,cache_control,,echo,GPU control,GPU control,,False,,,prefill,1926698445,1926701261,2816
echo,24285,kernel,"void at::native::vectorized_elementwise_kernel<(int)4, at::native::FillFunctor<int>, std::array<char *, (unsigned long)1>>(int, T2, T3)",1926702445,1926703181,0,7,291518204084224,380312,,,,,47396,1918954262,1918957921,cudaLaunchKernel_v7000,4701,stage,63,prefill,1,cache_control,,echo,GPU control,GPU control,,False,,,prefill,1926702445,1926703181,736
echo,24286,kernel,"void at::native::elementwise_kernel<(int)128, (int)2, void at::native::gpu_kernel_impl_nocast<at::native::<unnamed>::where_kernel_impl(at::TensorIterator &)::[lambda() (instance 1)]::operator ()() const::[lambda() (instance 7)]::operator ()() const::[lambda(bool, int, int) (instance 1)]>(at::TensorIteratorBase &, const T1 &)::[lambda(int) (instance 1)]>(int, T3)",1926704493,1926711149,0,7,291518204084224,380329,,,,,47397,1918971774,1918975523,cudaLaunchKernel_v7000,4701,stage,63,prefill,1,cache_control,,echo,GPU control,GPU control,,False,,,prefill,1926704493,1926711149,6656
echo,24287,kernel,"void at::native::vectorized_elementwise_kernel<(int)4, at::native::FillFunctor<bool>, std::array<char *, (unsigned long)1>>(int, T2, T3)",1926712301,1926718253,0,7,291518204084224,380335,,,,,47398,1918992788,1918996667,cudaLaunchKernel_v7000,4706,stage,63,prefill,1,cache_recall,,echo,GPU control,GPU control,,False,,,prefill,1926712301,1926718253,5952
echo,24288,kernel,_mark_host_need_recall_kernel,1926719501,1926725645,0,7,291518204084224,380343,,,,,13344,1919025633,1919029949,cuLaunchKernelEx,4706,stage,63,prefill,1,cache_recall,,echo,GPU control,GPU control,,False,,,prefill,1926719501,1926725645,6144
echo,24289,kernel,"void at::native::unrolled_elementwise_kernel<at::native::direct_copy_kernel_cuda(at::TensorIteratorBase &)::[lambda() (instance 3)]::operator ()() const::[lambda() (instance 4)]::operator ()() const::[lambda(long) (instance 1)], std::array<char *, (unsigned long)2>, (int)4, TrivialOffsetCalculator<(int)1, unsigned int>, TrivialOffsetCalculator<(int)1, unsigned int>, at::native::memory::LoadWithCast<(int)1>, at::native::memory::StoreWithCast<(int)1>>(int, T1, T2, T4, T5, T6, T7)",1926726925,1926777645,0,7,291518204084224,380361,,,,,47399,1919059377,1919063528,cudaLaunchKernel_v7000,4706,stage,63,prefill,1,cache_recall,,echo,GPU control,GPU control,,False,,,prefill,1926726925,1926777645,50720
echo,24290,kernel,"void at::native::reduce_kernel<(int)512, (int)1, at::native::ReduceOp<long, at::native::func_wrapper_t<long, at::native::sum_functor<long, long, long>::operator ()(at::TensorIterator &)::[lambda(long, long) (instance 1)]>, unsigned int, long, (int)4, (int)4>>(T3)",1926781805,1926825837,0,7,291518204084224,380374,,,,,47401,1919079359,1919083807,cudaLaunchKernel_v7000,4706,stage,63,prefill,1,cache_recall,,echo,GPU control,GPU control,,False,,,prefill,1926781805,1926825837,44032
echo,24291,kernel,"void at::native::unrolled_elementwise_kernel<at::native::direct_copy_kernel_cuda(at::TensorIteratorBase &)::[lambda() (instance 3)]::operator ()() const::[lambda() (instance 3)]::operator ()() const::[lambda(int) (instance 1)], std::array<char *, (unsigned long)2>, (int)4, TrivialOffsetCalculator<(int)1, unsigned int>, TrivialOffsetCalculator<(int)1, unsigned int>, at::native::memory::LoadWithCast<(int)1>, at::native::memory::StoreWithCast<(int)1>>(int, T1, T2, T4, T5, T6, T7)",1926827373,1926828813,0,7,291518204084224,380387,,,,,47402,1919094894,1919098701,cudaLaunchKernel_v7000,4706,stage,63,prefill,1,cache_recall,,echo,GPU control,GPU control,,False,,,prefill,1926827373,1926828813,1440
echo,24292,kernel,_protect_kernel,1926830221,1926902988,0,7,291518204084224,380403,,,,,13345,1919144985,1919149213,cuLaunchKernelEx,4707,stage,63,prefill,1,cache_control,,echo,GPU control,GPU control,,False,,,prefill,1926830221,1926902988,72767
echo,24293,kernel,"void at::native::unrolled_elementwise_kernel<at::native::CUDAFunctorOnSelf_add<int>, std::array<char *, (unsigned long)2>, (int)4, TrivialOffsetCalculator<(int)1, unsigned int>, TrivialOffsetCalculator<(int)1, unsigned int>, at::native::memory::LoadWithoutCast, at::native::memory::StoreWithoutCast>(int, T1, T2, T4, T5, T6, T7)",1926904108,1926904972,0,7,291518204084224,380409,,,,,47403,1919161361,1919165393,cudaLaunchKernel_v7000,4707,stage,63,prefill,1,cache_control,,echo,GPU control,GPU control,,False,,,prefill,1926904108,1926904972,864
echo,24294,kernel,"void at::native::vectorized_elementwise_kernel<(int)4, void at::native::compare_scalar_kernel<int>(at::TensorIteratorBase &, at::native::<unnamed>::OpType, T1)::[lambda(int) (instance 1)], std::array<char *, (unsigned long)2>>(int, T2, T3)",1926908812,1926910092,0,7,291518204084224,380437,,,,,47405,1919203048,1919207126,cudaLaunchKernel_v7000,4707,stage,63,prefill,1,cache_control,,echo,GPU control,GPU control,,False,,,prefill,1926908812,1926910092,1280
echo,24295,kernel,"void at::native::vectorized_elementwise_kernel<(int)4, at::native::<unnamed>::masked_fill_kernel(at::TensorIterator &, const c10::Scalar &)::[lambda() (instance 1)]::operator ()() const::[lambda() (instance 3)]::operator ()() const::[lambda(int, bool) (instance 1)], std::array<char *, (unsigned long)3>>(int, T2, T3)",1926911276,1926912684,0,7,291518204084224,380445,,,,,47406,1919217751,1919221555,cudaLaunchKernel_v7000,4707,stage,63,prefill,1,cache_control,,echo,GPU control,GPU control,,False,,,prefill,1926911276,1926912684,1408
echo,24296,kernel,"void <unnamed>::argmin_bounded_kernel<(unsigned long)196608>(const int *, int *, const int *, int, int)",1926914028,1926915148,0,7,291518204084224,380455,,,,,47407,1919236064,1919242418,cudaLaunchKernel_v7000,4707,stage,63,prefill,1,cache_control,,echo,GPU control,GPU control,,False,,,prefill,1926914028,1926915148,1120
echo,24297,kernel,_free_update_kernel,1926916492,1926917932,0,7,291518204084224,380474,,,,,13346,1919279809,1919283798,cuLaunchKernelEx,4707,stage,63,prefill,1,cache_control,,echo,GPU control,GPU control,,False,,,prefill,1926916492,1926917932,1440
echo,24298,kernel,_cuda_graph_allocator_free_kernel,1926919212,1926920172,0,7,291518204084224,380482,,,,,13347,1919308865,1919312383,cuLaunchKernelEx,4707,stage,63,prefill,1,cache_control,,echo,GPU control,GPU control,,False,,,prefill,1926919212,1926920172,960
echo,24299,kernel,_cuda_graph_allocator_alloc_kernel,1926921452,1926922732,0,7,291518204084224,380491,,,,,13348,1919343118,1919346786,cuLaunchKernelEx,4706,stage,63,prefill,1,cache_recall,,echo,GPU control,GPU control,,False,,,prefill,1926921452,1926922732,1280
echo,24300,kernel,"void at::native::unrolled_elementwise_kernel<at::native::direct_copy_kernel_cuda(at::TensorIteratorBase &)::[lambda() (instance 3)]::operator ()() const::[lambda() (instance 4)]::operator ()() const::[lambda(long) (instance 1)], std::array<char *, (unsigned long)2>, (int)4, TrivialOffsetCalculator<(int)1, unsigned int>, TrivialOffsetCalculator<(int)1, unsigned int>, at::native::memory::LoadWithCast<(int)1>, at::native::memory::StoreWithCast<(int)1>>(int, T1, T2, T4, T5, T6, T7)",1926924044,1926927564,0,7,291518204084224,380506,,,,,47408,1919372295,1919376665,cudaLaunchKernel_v7000,4708,stage,63,prefill,1,cache_control,,echo,GPU control,GPU control,,False,,,prefill,1926924044,1926927564,3520
echo,24301,kernel,"void at::native::index_elementwise_kernel<(int)128, (int)4, void at::native::gpu_index_kernel<void at::native::index_put_kernel_impl<at::native::OpaqueType<(int)4>>(at::TensorIterator &, c10::ArrayRef<long>, c10::ArrayRef<long>)::[lambda(char *, const char *, long) (instance 1)]>(at::TensorIteratorBase &, c10::ArrayRef<long>, c10::ArrayRef<long>, const T1 &, bool)::[lambda(int) (instance 1)]>(long, T3)",1926928748,1926932492,0,7,291518204084224,380512,,,,,47409,1919383124,1919387206,cudaLaunchKernel_v7000,4708,stage,63,prefill,1,cache_control,,echo,GPU control,GPU control,,False,,,prefill,1926928748,1926932492,3744
echo,24302,kernel,"void at::native::unrolled_elementwise_kernel<at::native::CUDAFunctorOnSelf_add<int>, std::array<char *, (unsigned long)2>, (int)4, TrivialOffsetCalculator<(int)1, unsigned int>, TrivialOffsetCalculator<(int)1, unsigned int>, at::native::memory::LoadWithoutCast, at::native::memory::StoreWithoutCast>(int, T1, T2, T4, T5, T6, T7)",1926933580,1926934476,0,7,291518204084224,380523,,,,,47410,1919398172,1919401755,cudaLaunchKernel_v7000,4708,stage,63,prefill,1,cache_control,,echo,GPU control,GPU control,,False,,,prefill,1926933580,1926934476,896
echo,24303,kernel,"void at::native::unrolled_elementwise_kernel<at::native::FillFunctor<int>, std::array<char *, (unsigned long)1>, (int)4, TrivialOffsetCalculator<(int)0, unsigned int>, TrivialOffsetCalculator<(int)1, unsigned int>, at::native::memory::LoadWithoutCast, at::native::memory::StoreWithoutCast>(int, T1, T2, T4, T5, T6, T7)",1926935628,1926936492,0,7,291518204084224,380535,,,,,47411,1919414558,1919418219,cudaLaunchKernel_v7000,4708,stage,63,prefill,1,cache_control,,echo,GPU control,GPU control,,False,,,prefill,1926935628,1926936492,864
echo,24304,kernel,"void at::native::vectorized_elementwise_kernel<(int)4, at::native::FillFunctor<unsigned int>, std::array<char *, (unsigned long)1>>(int, T2, T3)",1926937740,1926938444,0,7,291518204084224,380550,,,,,47412,1919445956,1919450018,cudaLaunchKernel_v7000,4709,stage,63,prefill,1,io_h2d,,echo,GPU control,GPU control,,False,,,prefill,1926937740,1926938444,704
echo,24305,kernel,_recall_update_extend_kernel,1926939724,1928472394,0,7,291518204084224,380563,,,,,13349,1919481370,1919485265,cuLaunchKernelEx,4709,stage,63,prefill,1,io_h2d,,echo,GPU control,ECHO recall (IO unknown),Source-identified recall kernel with dynamic miss count; per-call bytes unknown,True,,,prefill,1926939724,1928472394,1532670
echo,24306,kernel,"void at::native::unrolled_elementwise_kernel<at::native::direct_copy_kernel_cuda(at::TensorIteratorBase &)::[lambda() (instance 3)]::operator ()() const::[lambda() (instance 4)]::operator ()() const::[lambda(long) (instance 1)], std::array<char *, (unsigned long)2>, (int)4, TrivialOffsetCalculator<(int)1, unsigned int>, TrivialOffsetCalculator<(int)1, unsigned int>, at::native::memory::LoadWithCast<(int)1>, at::native::memory::StoreWithCast<(int)1>>(int, T1, T2, T4, T5, T6, T7)",1928473738,1928482154,0,7,291518204084224,380574,,,,,47413,1919504948,1919509062,cudaLaunchKernel_v7000,4701,stage,63,prefill,1,cache_control,,echo,GPU control,GPU control,,False,,,prefill,1928473738,1928482154,8416
echo,24307,kernel,"void at::native::index_elementwise_kernel<(int)128, (int)4, void at::native::gpu_index_kernel<void at::native::index_kernel_impl<at::native::OpaqueType<(int)4>>(at::TensorIteratorBase &, c10::ArrayRef<long>, c10::ArrayRef<long>)::[lambda(char *, const char *, long) (instance 1)]>(at::TensorIteratorBase &, c10::ArrayRef<long>, c10::ArrayRef<long>, const T1 &, bool)::[lambda(int) (instance 1)]>(long, T3)",1928483370,1928494186,0,7,291518204084224,380585,,,,,47414,1919519148,1919522985,cudaLaunchKernel_v7000,4701,stage,63,prefill,1,cache_control,,echo,GPU control,GPU control,,False,,,prefill,1928483370,1928494186,10816
echo,24308,kernel,"void at::native::<unnamed>::CatArrayBatchedCopy<at::native::<unnamed>::OpaqueType<(unsigned int)2>, unsigned int, (int)3, (int)64, (int)64>(T1 *, at::native::<unnamed>::CatArrInputTensorMetadata<T1, T2, T4, T5>, at::native::<unnamed>::TensorSizeStride<T2, (unsigned int)4>, int, T2)",1928495402,1928817769,0,7,291518204084224,380598,,,,,47415,1919542805,1919547496,cudaLaunchKernel_v7000,4701,stage,63,prefill,1,cache_control,,echo,GPU control,GPU control,,False,,,prefill,1928495402,1928817769,322367
echo,24309,kernel,"void sm90::sparse_attn_fwd_kernel<sm90::TmaParams<cute::tuple<int, int, int>, cute::TiledCopy<cute::Copy_Atom<cute::Copy_Traits<cute::SM90_TMA_LOAD, cute::C<(int)65536>, cute::AuxTmaParams<cute::tuple<cute::ScaledBasis<cute::C<(int)1>, (int)1>, cute::ScaledBasis<cute::C<(int)1>, (int)0>, cute::ScaledBasis<cute::C<(int)1>, (int)2>>, const cute::Layout<cute::tuple<cute::C<(int)64>, cute::C<(int)64>, cute::C<(int)1>>, cute::tuple<cute::ScaledBasis<cute::C<(int)1>, (int)1>, cute::ScaledBasis<cute::C<(int)1>, (int)0>, cute::ScaledBasis<cute::C<(int)1>, (int)2>>> &, const cute::Swizzle<(int)3, (int)4, (int)3> &>>, cutlass::bfloat16_t>, cute::Layout<cute::tuple<cute::C<(int)1>, cute::tuple<cute::tuple<cute::tuple<cute::C<(int)64>, cute::C<(int)64>>, cute::C<(int)9>>>>, cute::tuple<cute::C<(int)0>, cute::tuple<cute::tuple<cute::tuple<cute::C<(int)64>, cute::C<(int)1>>, cute::C<(int)4096>>>>>, cute::tuple<cute::C<(int)64>, cute::C<(int)576>>>>>(SparsePrefillParams, T1)",1928819177,1929709800,0,7,291518204084224,380632,,,,,47418,1919587457,1919592619,cudaLaunchKernelExC_v11060,4710,stage,63,prefill,1,attention,,echo,Compute,Attention,,False,,,prefill,1928819177,1929709800,890623
echo,24310,kernel,nvjet_tst_128x256_64x4_1x2_h_bz_coopA_TNN,1929714600,1929765480,0,7,291518204084224,380653,,,,,13354,1919675356,1919681526,cuLaunchKernelEx,4700,stage,63,prefill,1,output_mlp,,echo,Compute,Output / MLP,,False,,,prefill,1929714600,1929765480,50880
echo,24311,kernel,"void per_token_group_quant_8bit_kernel<__nv_bfloat16, __nv_fp8_e4m3, (bool)1, (bool)0, float>(const T1 *, void *, T5 *, int, int, int, float, float, float, int, int)",1929766856,1929786280,0,7,291518204084224,380674,,,,,47420,1919755631,1919761042,cudaLaunchKernel_v7000,4700,stage,63,prefill,1,output_mlp,,echo,Compute,Output / MLP,,False,,,prefill,1929766856,1929786280,19424
echo,24312,kernel,"void deep_gemm::sm90_fp8_gemm_1d2d_impl<(unsigned int)0, (unsigned int)7168, (unsigned int)16384, (unsigned int)1, (unsigned int)256, (unsigned int)112, (unsigned int)128, (unsigned int)32, (unsigned int)3, (unsigned int)2, (unsigned int)128, (unsigned int)256, (unsigned int)2, (bool)1, (unsigned int)128, (deep_gemm::GemmType)0, deep_gemm::EpilogueIdentity>(float *, int *, unsigned int, unsigned int, unsigned int, CUtensorMap_st, CUtensorMap_st, CUtensorMap_st, CUtensorMap_st)",1929787848,1929992583,0,7,291518204084224,380688,,,,,13359,1919828734,1919833909,cuLaunchKernelEx,4700,stage,63,prefill,1,output_mlp,,echo,Compute,Output / MLP,,False,,,prefill,1929787848,1929992583,204735
echo,24313,kernel,"void flashinfer::norm::FusedAddRMSNormKernel<(unsigned int)8, __nv_bfloat16>(T2 *, T2 *, T2 *, unsigned int, unsigned int, unsigned int, float, float)",1929992807,1930007719,0,7,291518204084224,380701,,,,,47423,1919897088,1919902221,cudaLaunchKernelExC_v11060,4711,stage,63,prefill,1,output_mlp,,echo,Compute,Output / MLP,,False,,,prefill,1929992807,1930007719,14912
echo,24314,kernel,"void per_token_group_quant_8bit_kernel<__nv_bfloat16, __nv_fp8_e4m3, (bool)1, (bool)0, float>(const T1 *, void *, T5 *, int, int, int, float, float, float, int, int)",1930008935,1930017511,0,7,291518204084224,380724,,,,,47426,1919976861,1919982116,cudaLaunchKernel_v7000,4712,stage,63,prefill,1,output_mlp,,echo,Compute,Output / MLP,,False,,,prefill,1930008935,1930017511,8576
echo,24315,kernel,"void deep_gemm::sm90_fp8_gemm_1d2d_impl<(unsigned int)0, (unsigned int)36864, (unsigned int)7168, (unsigned int)1, (unsigned int)256, (unsigned int)128, (unsigned int)128, (unsigned int)128, (unsigned int)3, (unsigned int)2, (unsigned int)128, (unsigned int)256, (unsigned int)2, (bool)1, (unsigned int)128, (deep_gemm::GemmType)0, deep_gemm::EpilogueIdentity>(float *, int *, unsigned int, unsigned int, unsigned int, CUtensorMap_st, CUtensorMap_st, CUtensorMap_st, CUtensorMap_st)",1930018567,1930441830,0,7,291518204084224,380740,,,,,13364,1920028750,1920033901,cuLaunchKernelEx,4712,stage,63,prefill,1,output_mlp,,echo,Compute,Output / MLP,,False,,,prefill,1930018567,1930441830,423263
echo,24316,kernel,"void flashinfer::activation::act_and_mul_kernel<__nv_bfloat16, &silu<float>>(T1 *, const T1 *, int)",1930443046,1930471366,0,7,291518204084224,380752,,,,,47429,1920075512,1920080731,cudaLaunchKernel_v7000,4712,stage,63,prefill,1,output_mlp,,echo,Compute,Output / MLP,,False,,,prefill,1930443046,1930471366,28320
echo,24317,kernel,"void per_token_group_quant_8bit_kernel<__nv_bfloat16, __nv_fp8_e4m3, (bool)1, (bool)0, float>(const T1 *, void *, T5 *, int, int, int, float, float, float, int, int)",1930472774,1930495270,0,7,291518204084224,380777,,,,,47432,1920129221,1920133560,cudaLaunchKernel_v7000,4712,stage,63,prefill,1,output_mlp,,echo,Compute,Output / MLP,,False,,,prefill,1930472774,1930495270,22496
echo,24318,kernel,"void deep_gemm::sm90_fp8_gemm_1d2d_impl<(unsigned int)0, (unsigned int)7168, (unsigned int)18432, (unsigned int)1, (unsigned int)256, (unsigned int)112, (unsigned int)128, (unsigned int)32, (unsigned int)3, (unsigned int)0, (unsigned int)128, (unsigned int)256, (unsigned int)2, (bool)1, (unsigned int)128, (deep_gemm::GemmType)0, deep_gemm::EpilogueIdentity>(float *, int *, unsigned int, unsigned int, unsigned int, CUtensorMap_st, CUtensorMap_st, CUtensorMap_st, CUtensorMap_st)",1930496518,1930725286,0,7,291518204084224,380793,,,,,13369,1920172497,1920176997,cuLaunchKernelEx,4712,stage,63,prefill,1,output_mlp,,echo,Compute,Output / MLP,,False,,,prefill,1930496518,1930725286,228768
echo,24319,kernel,"void flashinfer::norm::FusedAddRMSNormKernel<(unsigned int)8, __nv_bfloat16>(T2 *, T2 *, T2 *, unsigned int, unsigned int, unsigned int, float, float)",1930725638,1930740550,0,7,291518204084224,380796,,,,,47434,1920243063,1920248479,cudaLaunchKernelExC_v11060,4715,stage,63,prefill,2,projection,,echo,Compute,Projection / RoPE,,False,,,prefill,1930725638,1930740550,14912
echo,24320,kernel,"void per_token_group_quant_8bit_kernel<__nv_bfloat16, __nv_fp8_e4m3, (bool)1, (bool)0, float>(const T1 *, void *, T5 *, int, int, int, float, float, float, int, int)",1930741894,1930750438,0,7,291518204084224,380819,,,,,47437,1920324193,1920329364,cudaLaunchKernel_v7000,4716,stage,63,prefill,2,projection,,echo,Compute,Projection / RoPE,,False,,,prefill,1930741894,1930750438,8544
echo,24321,kernel,"void deep_gemm::sm90_fp8_gemm_1d2d_impl<(unsigned int)0, (unsigned int)2112, (unsigned int)7168, (unsigned int)1, (unsigned int)256, (unsigned int)64, (unsigned int)128, (unsigned int)128, (unsigned int)4, (unsigned int)0, (unsigned int)128, (unsigned int)256, (unsigned int)2, (bool)1, (unsigned int)132, (deep_gemm::GemmType)0, deep_gemm::EpilogueIdentity>(float *, int *, unsigned int, unsigned int, unsigned int, CUtensorMap_st, CUtensorMap_st, CUtensorMap_st, CUtensorMap_st)",1930751494,1930780070,0,7,291518204084224,380835,,,,,13374,1920372403,1920377438,cuLaunchKernelEx,4716,stage,63,prefill,2,projection,,echo,Compute,Projection / RoPE,,False,,,prefill,1930751494,1930780070,28576
echo,24322,kernel,"void flashinfer::norm::RMSNormKernel<(unsigned int)8, __nv_bfloat16>(T2 *, T2 *, T2 *, unsigned int, unsigned int, unsigned int, float, float)",1930779910,1930783174,0,7,291518204084224,380851,,,,,47440,1920424763,1920430018,cudaLaunchKernelExC_v11060,4716,stage,63,prefill,2,projection,,echo,Compute,Projection / RoPE,,False,,,prefill,1930779910,1930783174,3264
echo,24323,kernel,"void flashinfer::norm::RMSNormKernel<(unsigned int)8, __nv_bfloat16>(T2 *, T2 *, T2 *, unsigned int, unsigned int, unsigned int, float, float)",1930783302,1930786342,0,7,291518204084224,380866,,,,,47442,1920445389,1920449364,cudaLaunchKernelExC_v11060,4716,stage,63,prefill,2,projection,,echo,Compute,Projection / RoPE,,False,,,prefill,1930783302,1930786342,3040
echo,24324,kernel,"void per_token_group_quant_8bit_kernel<__nv_bfloat16, __nv_fp8_e4m3, (bool)1, (bool)0, float>(const T1 *, void *, T5 *, int, int, int, float, float, float, int, int)",1930787398,1930790534,0,7,291518204084224,380891,,,,,47445,1920496497,1920501300,cudaLaunchKernel_v7000,4716,stage,63,prefill,2,projection,,echo,Compute,Projection / RoPE,,False,,,prefill,1930787398,1930790534,3136
echo,24325,kernel,"void deep_gemm::sm90_fp8_gemm_1d2d_impl<(unsigned int)0, (unsigned int)24576, (unsigned int)1536, (unsigned int)1, (unsigned int)256, (unsigned int)128, (unsigned int)128, (unsigned int)128, (unsigned int)3, (unsigned int)0, (unsigned int)128, (unsigned int)256, (unsigned int)2, (bool)1, (unsigned int)128, (deep_gemm::GemmType)0, deep_gemm::EpilogueIdentity>(float *, int *, unsigned int, unsigned int, unsigned int, CUtensorMap_st, CUtensorMap_st, CUtensorMap_st, CUtensorMap_st)",1930791686,1930856582,0,7,291518204084224,380907,,,,,13379,1920541914,1920547072,cuLaunchKernelEx,4716,stage,63,prefill,2,projection,,echo,Compute,Projection / RoPE,,False,,,prefill,1930791686,1930856582,64896
echo,24326,kernel,nvjet_tst_256x128_64x4_1x2_h_bz_coopA_TNT,1930860966,1930911494,0,7,291518204084224,380927,,,,,13382,1920622431,1920628491,cuLaunchKernelEx,4716,stage,63,prefill,2,projection,,echo,Compute,Projection / RoPE,,False,,,prefill,1930860966,1930911494,50528
echo,24327,kernel,"void flashinfer::BatchQKApplyRotaryPosIdsCosSinCacheHeadParallelismKernel<(bool)1, (unsigned int)64, (unsigned int)8, (unsigned int)8, __nv_bfloat16, long>(T5 *, T5 *, T5 *, T5 *, float *, T6 *, unsigned int, unsigned int, unsigned int, unsigned int, unsigned long, unsigned long, unsigned long, unsigned long, unsigned long, unsigned long, unsigned long, unsigned long)",1930912774,1930926022,0,7,291518204084224,380935,,,,,47449,1920680204,1920685909,cudaLaunchKernel_v7000,4716,stage,63,prefill,2,projection,,echo,Compute,Projection / RoPE,,False,,,prefill,1930912774,1930926022,13248
echo,24328,kernel,"void per_token_group_quant_8bit_kernel<__nv_bfloat16, __nv_fp8_e4m3, (bool)1, (bool)0, float>(const T1 *, void *, T5 *, int, int, int, float, float, float, int, int)",1930927046,1930930534,0,7,291518204084224,380958,,,,,47452,1920763941,1920768891,cudaLaunchKernel_v7000,4717,stage,63,prefill,2,indexer,,echo,Compute,Indexer / top-k,,False,,,prefill,1930927046,1930930534,3488
echo,24329,kernel,"void deep_gemm::sm90_fp8_gemm_1d2d_impl<(unsigned int)0, (unsigned int)8192, (unsigned int)1536, (unsigned int)1, (unsigned int)256, (unsigned int)128, (unsigned int)128, (unsigned int)128, (unsigned int)3, (unsigned int)0, (unsigned int)128, (unsigned int)256, (unsigned int)2, (bool)1, (unsigned int)128, (deep_gemm::GemmType)0, deep_gemm::EpilogueIdentity>(float *, int *, unsigned int, unsigned int, unsigned int, CUtensorMap_st, CUtensorMap_st, CUtensorMap_st, CUtensorMap_st)",1930931622,1930956582,0,7,291518204084224,380974,,,,,13387,1920814509,1920819881,cuLaunchKernelEx,4717,stage,63,prefill,2,indexer,,echo,Compute,Indexer / top-k,,False,,,prefill,1930931622,1930956582,24960
echo,24330,kernel,"void per_token_group_quant_8bit_kernel<__nv_bfloat16, __nv_fp8_e4m3, (bool)1, (bool)0, float>(const T1 *, void *, T5 *, int, int, int, float, float, float, int, int)",1930957798,1930968134,0,7,291518204084224,380997,,,,,47456,1920893299,1920898335,cudaLaunchKernel_v7000,4717,stage,63,prefill,2,indexer,,echo,Compute,Indexer / top-k,,False,,,prefill,1930957798,1930968134,10336
echo,24331,kernel,"void deep_gemm::sm90_fp8_gemm_1d2d_impl<(unsigned int)0, (unsigned int)128, (unsigned int)7168, (unsigned int)1, (unsigned int)64, (unsigned int)16, (unsigned int)128, (unsigned int)32, (unsigned int)12, (unsigned int)8, (unsigned int)128, (unsigned int)128, (unsigned int)2, (bool)1, (unsigned int)128, (deep_gemm::GemmType)0, deep_gemm::EpilogueIdentity>(float *, int *, unsigned int, unsigned int, unsigned int, CUtensorMap_st, CUtensorMap_st, CUtensorMap_st, CUtensorMap_st)",1930969478,1930979366,0,7,291518204084224,381013,,,,,13392,1920940038,1920944774,cuLaunchKernelEx,4717,stage,63,prefill,2,indexer,,echo,Compute,Indexer / top-k,,False,,,prefill,1930969478,1930979366,9888
echo,24332,kernel,"void at::native::unrolled_elementwise_kernel<at::native::direct_copy_kernel_cuda(at::TensorIteratorBase &)::[lambda() (instance 3)]::operator ()() const::[lambda() (instance 7)]::operator ()() const::[lambda(float) (instance 1)], std::array<char *, (unsigned long)2>, (int)4, TrivialOffsetCalculator<(int)1, unsigned int>, TrivialOffsetCalculator<(int)1, unsigned int>, at::native::memory::LoadWithCast<(int)1>, at::native::memory::StoreWithCast<(int)1>>(int, T1, T2, T4, T5, T6, T7)",1930980582,1930983622,0,7,291518204084224,381025,,,,,47459,1920975055,1920980190,cudaLaunchKernel_v7000,4717,stage,63,prefill,2,indexer,,echo,Compute,Indexer / top-k,,False,,,prefill,1930980582,1930983622,3040
echo,24333,kernel,"void at::native::<unnamed>::vectorized_layer_norm_kernel<float, float>(int, T2, const T1 *, const T1 *, const T1 *, T2 *, T2 *, T1 *)",1930984806,1930988454,0,7,291518204084224,381061,,,,,47463,1921007862,1921011896,cudaLaunchKernel_v7000,4717,stage,63,prefill,2,indexer,,echo,Compute,Indexer / top-k,,False,,,prefill,1930984806,1930988454,3648
echo,24334,kernel,"void at::native::vectorized_elementwise_kernel<(int)8, at::native::bfloat16_copy_kernel_cuda(at::TensorIteratorBase &)::[lambda(float) (instance 1)], std::array<char *, (unsigned long)2>>(int, T2, T3)",1930989734,1930990918,0,7,291518204084224,381076,,,,,47465,1921027584,1921031598,cudaLaunchKernel_v7000,4717,stage,63,prefill,2,indexer,,echo,Compute,Indexer / top-k,,False,,,prefill,1930989734,1930990918,1184
echo,24335,kernel,"void flashinfer::BatchQKApplyRotaryPosIdsCosSinCacheHeadParallelismKernel<(bool)0, (unsigned int)64, (unsigned int)8, (unsigned int)8, __nv_bfloat16, long>(T5 *, T5 *, T5 *, T5 *, float *, T6 *, unsigned int, unsigned int, unsigned int, unsigned int, unsigned long, unsigned long, unsigned long, unsigned long, unsigned long, unsigned long, unsigned long, unsigned long)",1930992166,1930998278,0,7,291518204084224,381086,,,,,47466,1921086604,1921091475,cudaLaunchKernel_v7000,4717,stage,63,prefill,2,indexer,,echo,Compute,Indexer / top-k,,False,,,prefill,1930992166,1930998278,6112
echo,24336,kernel,"void fast_hadamard_transform_kernel<fast_hadamard_transform_kernel_traits<(int)16, (int)7, c10::BFloat16>>(HadamardParamsBase)",1930999558,1931040357,0,7,291518204084224,381104,,,,,47468,1921139473,1921144228,cudaLaunchKernel_v7000,4717,stage,63,prefill,2,indexer,,echo,Compute,Indexer / top-k,,False,,,prefill,1930999558,1931040357,40799
echo,24337,kernel,"void fast_hadamard_transform_kernel<fast_hadamard_transform_kernel_traits<(int)16, (int)7, c10::BFloat16>>(HadamardParamsBase)",1931041669,1931043365,0,7,291518204084224,381119,,,,,47470,1921170359,1921174312,cudaLaunchKernel_v7000,4717,stage,63,prefill,2,indexer,,echo,Compute,Indexer / top-k,,False,,,prefill,1931041669,1931043365,1696
echo,24338,kernel,_act_quant_kernel,1931044581,1931050533,0,7,291518204084224,381146,,,,,13393,1921250946,1921255974,cuLaunchKernelEx,4717,stage,63,prefill,2,indexer,,echo,Compute,Indexer / top-k,,False,,,prefill,1931044581,1931050533,5952
echo,24339,kernel,_act_quant_kernel,1931051813,1931053573,0,7,291518204084224,381170,,,,,13394,1921305588,1921309927,cuLaunchKernelEx,4717,stage,63,prefill,2,indexer,,echo,Compute,Indexer / top-k,,False,,,prefill,1931051813,1931053573,1760
echo,24340,kernel,_set_k_and_s_triton_kernel,1931054821,1931056581,0,7,291518204084224,381178,,,,,13395,1921371899,1921376946,cuLaunchKernelEx,4718,stage,63,prefill,2,cache_write,,echo,GPU control,GPU control,,False,,,prefill,1931054821,1931056581,1760
echo,24341,kernel,triton_poi_fused__to_copy_0,1931057733,1931069573,0,7,291518204084224,381190,,,,,13396,1921504422,1921510196,cuLaunchKernel,4717,stage,63,prefill,2,indexer,,echo,Compute,Indexer / top-k,,False,,,prefill,1931057733,1931069573,11840
echo,24342,kernel,sm80_xmma_gemm_f32f32_f32f32_f32_tn_n_tilesize128x64x8_stage3_warpsize2x2x1_ffma_aligna4_alignc4_execute_kernel__5x_cublas,1931070885,1931104005,0,7,291518204084224,381203,,,,,47477,1921561121,1921566978,cudaLaunchKernelExC_v11060,4717,stage,63,prefill,2,indexer,,echo,Compute,Indexer / top-k,,False,,,prefill,1931070885,1931104005,33120
echo,24343,kernel,sm80_xmma_gemm_f32f32_f32f32_f32_tn_n_tilesize128x64x8_stage3_warpsize2x2x1_ffma_aligna4_alignc4_execute_split_k_kernel__5x_cublas,1931105157,1931111717,0,7,291518204084224,381205,,,,,47478,1921567898,1921571466,cudaLaunchKernelExC_v11060,4717,stage,63,prefill,2,indexer,,echo,Compute,Indexer / top-k,,False,,,prefill,1931105157,1931111717,6560
echo,24344,kernel,triton_poi_fused_mul_1,1931112997,1931114533,0,7,291518204084224,381212,,,,,13397,1921592928,1921597207,cuLaunchKernel,4717,stage,63,prefill,2,indexer,,echo,Compute,Indexer / top-k,,False,,,prefill,1931112997,1931114533,1536
echo,24345,kernel,"void at::native::vectorized_elementwise_kernel<(int)4, at::native::AUnaryFunctor<int, int, int, at::native::binary_internal::MulFunctor<int>>, std::array<char *, (unsigned long)2>>(int, T2, T3)",1931115877,1931117221,0,7,291518204084224,381225,,,,,47480,1921685109,1921690330,cudaLaunchKernel_v7000,4719,stage,63,prefill,2,indexer_control,,echo,GPU control,GPU control,,False,,,prefill,1931115877,1931117221,1344
echo,24346,kernel,"void <unnamed>::elementwise_kernel_with_index<int, at::native::arange_cuda_out(const c10::Scalar &, const c10::Scalar &, const c10::Scalar &, at::Tensor &)::[lambda() (instance 1)]::operator ()() const::[lambda() (instance 3)]::operator ()() const::[lambda(long) (instance 1)]>(T1, T2, function_traits<T2>::result_type *)",1931118597,1931119429,0,7,291518204084224,381247,,,,,47482,1921718235,1921722526,cudaLaunchKernel_v7000,4719,stage,63,prefill,2,indexer_control,,echo,GPU control,GPU control,,False,,,prefill,1931118597,1931119429,832
echo,24347,kernel,"void at::native::elementwise_kernel<(int)128, (int)2, void at::native::gpu_kernel_impl_nocast<at::native::CUDAFunctor_add<int>>(at::TensorIteratorBase &, const T1 &)::[lambda(int) (instance 1)]>(int, T3)",1931120837,1931142341,0,7,291518204084224,381262,,,,,47484,1921740780,1921744953,cudaLaunchKernel_v7000,4719,stage,63,prefill,2,indexer_control,,echo,GPU control,GPU control,,False,,,prefill,1931120837,1931142341,21504
echo,24348,kernel,"void at::native::unrolled_elementwise_kernel<at::native::direct_copy_kernel_cuda(at::TensorIteratorBase &)::[lambda() (instance 3)]::operator ()() const::[lambda() (instance 4)]::operator ()() const::[lambda(long) (instance 1)], std::array<char *, (unsigned long)2>, (int)4, TrivialOffsetCalculator<(int)1, unsigned int>, TrivialOffsetCalculator<(int)1, unsigned int>, at::native::memory::LoadWithCast<(int)1>, at::native::memory::StoreWithCast<(int)1>>(int, T1, T2, T4, T5, T6, T7)",1931143493,1931173221,0,7,291518204084224,381281,,,,,47486,1921782615,1921787379,cudaLaunchKernel_v7000,4719,stage,63,prefill,2,indexer_control,,echo,GPU control,GPU control,,False,,,prefill,1931143493,1931173221,29728
echo,24349,kernel,"void at::native::index_elementwise_kernel<(int)128, (int)4, void at::native::gpu_index_kernel<void at::native::index_kernel_impl<at::native::OpaqueType<(int)1>>(at::TensorIteratorBase &, c10::ArrayRef<long>, c10::ArrayRef<long>)::[lambda(char *, const char *, long) (instance 1)]>(at::TensorIteratorBase &, c10::ArrayRef<long>, c10::ArrayRef<long>, const T1 &, bool)::[lambda(int) (instance 1)]>(long, T3)",1931174565,1931226981,0,7,291518204084224,381294,,,,,47488,1921800699,1921805014,cudaLaunchKernel_v7000,4719,stage,63,prefill,2,indexer_control,,echo,GPU control,GPU control,,False,,,prefill,1931174565,1931226981,52416
echo,24350,kernel,"void at::native::vectorized_elementwise_kernel<(int)4, at::native::AUnaryFunctor<int, int, int, at::native::binary_internal::MulFunctor<int>>, std::array<char *, (unsigned long)2>>(int, T2, T3)",1931228389,1931229445,0,7,291518204084224,381311,,,,,47490,1921827483,1921831161,cudaLaunchKernel_v7000,4719,stage,63,prefill,2,indexer_control,,echo,GPU control,GPU control,,False,,,prefill,1931228389,1931229445,1056
echo,24351,kernel,"void <unnamed>::elementwise_kernel_with_index<int, at::native::arange_cuda_out(const c10::Scalar &, const c10::Scalar &, const c10::Scalar &, at::Tensor &)::[lambda() (instance 1)]::operator ()() const::[lambda() (instance 3)]::operator ()() const::[lambda(long) (instance 1)]>(T1, T2, function_traits<T2>::result_type *)",1931230597,1931231301,0,7,291518204084224,381333,,,,,47492,1921846641,1921850266,cudaLaunchKernel_v7000,4719,stage,63,prefill,2,indexer_control,,echo,GPU control,GPU control,,False,,,prefill,1931230597,1931231301,704
echo,24352,kernel,"void at::native::elementwise_kernel<(int)128, (int)2, void at::native::gpu_kernel_impl_nocast<at::native::CUDAFunctor_add<int>>(at::TensorIteratorBase &, const T1 &)::[lambda(int) (instance 1)]>(int, T3)",1931232517,1931234661,0,7,291518204084224,381348,,,,,47494,1921863550,1921867053,cudaLaunchKernel_v7000,4719,stage,63,prefill,2,indexer_control,,echo,GPU control,GPU control,,False,,,prefill,1931232517,1931234661,2144
echo,24353,kernel,"void at::native::vectorized_elementwise_kernel<(int)4, at::native::CUDAFunctorOnSelf_add<int>, std::array<char *, (unsigned long)2>>(int, T2, T3)",1931235845,1931237157,0,7,291518204084224,381360,,,,,47496,1921878382,1921881951,cudaLaunchKernel_v7000,4719,stage,63,prefill,2,indexer_control,,echo,GPU control,GPU control,,False,,,prefill,1931235845,1931237157,1312
echo,24354,kernel,"void at::native::unrolled_elementwise_kernel<at::native::direct_copy_kernel_cuda(at::TensorIteratorBase &)::[lambda() (instance 3)]::operator ()() const::[lambda() (instance 4)]::operator ()() const::[lambda(long) (instance 1)], std::array<char *, (unsigned long)2>, (int)4, TrivialOffsetCalculator<(int)1, unsigned int>, TrivialOffsetCalculator<(int)1, unsigned int>, at::native::memory::LoadWithCast<(int)1>, at::native::memory::StoreWithCast<(int)1>>(int, T1, T2, T4, T5, T6, T7)",1931238341,1931241349,0,7,291518204084224,381379,,,,,47498,1921902638,1921906585,cudaLaunchKernel_v7000,4719,stage,63,prefill,2,indexer_control,,echo,GPU control,GPU control,,False,,,prefill,1931238341,1931241349,3008
echo,24355,kernel,"void at::native::index_elementwise_kernel<(int)128, (int)4, void at::native::gpu_index_kernel<void at::native::index_kernel_impl<at::native::OpaqueType<(int)1>>(at::TensorIteratorBase &, c10::ArrayRef<long>, c10::ArrayRef<long>)::[lambda(char *, const char *, long) (instance 1)]>(at::TensorIteratorBase &, c10::ArrayRef<long>, c10::ArrayRef<long>, const T1 &, bool)::[lambda(int) (instance 1)]>(long, T3)",1931242629,1931247269,0,7,291518204084224,381392,,,,,47500,1921915617,1921919196,cudaLaunchKernel_v7000,4719,stage,63,prefill,2,indexer_control,,echo,GPU control,GPU control,,False,,,prefill,1931242629,1931247269,4640
echo,24356,kernel,"void at::native::vectorized_elementwise_kernel<(int)4, at::native::FillFunctor<int>, std::array<char *, (unsigned long)1>>(int, T2, T3)",1931248517,1931249285,0,7,291518204084224,381409,,,,,47502,1921937544,1921941375,cudaLaunchKernel_v7000,4719,stage,63,prefill,2,indexer_control,,echo,GPU control,GPU control,,False,,,prefill,1931248517,1931249285,768
echo,24357,kernel,"void at::native::vectorized_elementwise_kernel<(int)4, at::native::CUDAFunctor_add<int>, std::array<char *, (unsigned long)3>>(int, T2, T3)",1931260869,1931262181,0,7,291518204084224,381463,,,,,47510,1922037416,1922041386,cudaLaunchKernel_v7000,4719,stage,63,prefill,2,indexer_control,,echo,GPU control,GPU control,,False,,,prefill,1931260869,1931262181,1312
echo,24358,kernel,"void at::native::vectorized_elementwise_kernel<(int)4, at::native::FillFunctor<int>, std::array<char *, (unsigned long)1>>(int, T2, T3)",1931263557,1931264389,0,7,291518204084224,381469,,,,,47511,1922059357,1922062902,cudaLaunchKernel_v7000,4719,stage,63,prefill,2,indexer_control,,echo,GPU control,GPU control,,False,,,prefill,1931263557,1931264389,832
echo,24359,kernel,"at::native::<unnamed>::fill_reverse_indices_kernel(long *, int, at::cuda::detail::IntDivider<unsigned int>)",1931268741,1931270021,0,7,291518204084224,381498,,,,,47516,1922091432,1922095383,cudaLaunchKernel_v7000,4719,stage,63,prefill,2,indexer_control,,echo,GPU control,GPU control,,False,,,prefill,1931268741,1931270021,1280
echo,24360,kernel,"void at_cuda_detail::cub::DeviceRadixSortHistogramKernel<at_cuda_detail::cub::DeviceRadixSortPolicy<int, at::cuda::cub::detail::OpaqueType<(int)8>, unsigned long long>::Policy900, (bool)0, int, unsigned long long, at_cuda_detail::cub::detail::identity_decomposer_t>(T4 *, const T3 *, T4, int, int, T5)",1931276517,1931279269,0,7,291518204084224,381523,,,,,47520,1922119892,1922123752,cudaLaunchKernel_v7000,4719,stage,63,prefill,2,indexer_control,,echo,GPU control,GPU control,,False,,,prefill,1931276517,1931279269,2752
echo,24361,kernel,"void at_cuda_detail::cub::DeviceRadixSortExclusiveSumKernel<at_cuda_detail::cub::DeviceRadixSortPolicy<int, at::cuda::cub::detail::OpaqueType<(int)8>, unsigned long long>::Policy900, unsigned long long>(T2 *)",1931280549,1931281765,0,7,291518204084224,381527,,,,,47521,1922125249,1922128727,cudaLaunchKernel_v7000,4719,stage,63,prefill,2,indexer_control,,echo,GPU control,GPU control,,False,,,prefill,1931280549,1931281765,1216
echo,24362,kernel,"void at_cuda_detail::cub::DeviceRadixSortOnesweepKernel<at_cuda_detail::cub::DeviceRadixSortPolicy<int, at::cuda::cub::detail::OpaqueType<(int)8>, unsigned long long>::Policy900, (bool)0, int, at::cuda::cub::detail::OpaqueType<(int)8>, unsigned long long, int, int, at_cuda_detail::cub::detail::identity_decomposer_t>(T7 *, T7 *, T5 *, const T5 *, T3 *, const T3 *, T4 *, const T4 *, T6, int, int, T8)",1931285349,1931294661,0,7,291518204084224,381533,,,,,47523,1922133581,1922136919,cudaLaunchKernel_v7000,4719,stage,63,prefill,2,indexer_control,,echo,GPU control,GPU control,,False,,,prefill,1931285349,1931294661,9312
echo,24363,kernel,"void at_cuda_detail::cub::DeviceRadixSortOnesweepKernel<at_cuda_detail::cub::DeviceRadixSortPolicy<int, at::cuda::cub::detail::OpaqueType<(int)8>, unsigned long long>::Policy900, (bool)0, int, at::cuda::cub::detail::OpaqueType<(int)8>, unsigned long long, int, int, at_cuda_detail::cub::detail::identity_decomposer_t>(T7 *, T7 *, T5 *, const T5 *, T3 *, const T3 *, T4 *, const T4 *, T6, int, int, T8)",1931298597,1931305989,0,7,291518204084224,381539,,,,,47525,1922141243,1922144406,cudaLaunchKernel_v7000,4719,stage,63,prefill,2,indexer_control,,echo,GPU control,GPU control,,False,,,prefill,1931298597,1931305989,7392
echo,24364,kernel,"void at_cuda_detail::cub::DeviceRadixSortOnesweepKernel<at_cuda_detail::cub::DeviceRadixSortPolicy<int, at::cuda::cub::detail::OpaqueType<(int)8>, unsigned long long>::Policy900, (bool)0, int, at::cuda::cub::detail::OpaqueType<(int)8>, unsigned long long, int, int, at_cuda_detail::cub::detail::identity_decomposer_t>(T7 *, T7 *, T5 *, const T5 *, T3 *, const T3 *, T4 *, const T4 *, T6, int, int, T8)",1931309381,1931316325,0,7,291518204084224,381545,,,,,47527,1922148403,1922151283,cudaLaunchKernel_v7000,4719,stage,63,prefill,2,indexer_control,,echo,GPU control,GPU control,,False,,,prefill,1931309381,1931316325,6944
echo,24365,kernel,"void at_cuda_detail::cub::DeviceRadixSortOnesweepKernel<at_cuda_detail::cub::DeviceRadixSortPolicy<int, at::cuda::cub::detail::OpaqueType<(int)8>, unsigned long long>::Policy900, (bool)0, int, at::cuda::cub::detail::OpaqueType<(int)8>, unsigned long long, int, int, at_cuda_detail::cub::detail::identity_decomposer_t>(T7 *, T7 *, T5 *, const T5 *, T3 *, const T3 *, T4 *, const T4 *, T6, int, int, T8)",1931319781,1931326821,0,7,291518204084224,381551,,,,,47529,1922155388,1922158471,cudaLaunchKernel_v7000,4719,stage,63,prefill,2,indexer_control,,echo,GPU control,GPU control,,False,,,prefill,1931319781,1931326821,7040
echo,24366,kernel,"void at::native::unrolled_elementwise_kernel<at::native::direct_copy_kernel_cuda(at::TensorIteratorBase &)::[lambda() (instance 3)]::operator ()() const::[lambda() (instance 3)]::operator ()() const::[lambda(int) (instance 1)], std::array<char *, (unsigned long)2>, (int)4, TrivialOffsetCalculator<(int)1, unsigned int>, TrivialOffsetCalculator<(int)1, unsigned int>, at::native::memory::LoadWithCast<(int)1>, at::native::memory::StoreWithCast<(int)1>>(int, T1, T2, T4, T5, T6, T7)",1931328261,1931329957,0,7,291518204084224,381569,,,,,47531,1922172923,1922176508,cudaLaunchKernel_v7000,4719,stage,63,prefill,2,indexer_control,,echo,GPU control,GPU control,,False,,,prefill,1931328261,1931329957,1696
echo,24367,kernel,"void at::native::vectorized_elementwise_kernel<(int)4, at::native::FillFunctor<unsigned int>, std::array<char *, (unsigned long)1>>(int, T2, T3)",1931331173,1931331973,0,7,291518204084224,381582,,,,,47532,1922188524,1922192039,cudaLaunchKernel_v7000,4719,stage,63,prefill,2,indexer_control,,echo,GPU control,GPU control,,False,,,prefill,1931331173,1931331973,800
echo,24368,kernel,"void deep_gemm::sm90_fp8_mqa_logits_fuse_prefetch<(unsigned int)64, (unsigned int)128, (unsigned int)576, (unsigned int)2, (unsigned int)128, (unsigned int)3, (unsigned int)3, (unsigned int)101, (unsigned int)128, (unsigned int)256, (unsigned int)256, (unsigned int)16384>(unsigned int, unsigned int, unsigned long, unsigned long, unsigned int *, unsigned int *, float *, const int *, const int *, const int *, __nv_bfloat16 *, __nv_bfloat16 *, int *, const int *, long *, int *, unsigned int *, float *, unsigned int, CUtensorMap_st, CUtensorMap_st, CUtensorMap_st, CUtensorMap_st)",1931333189,1935215550,0,7,291518204084224,381604,,,,,13402,1922250948,1922255519,cuLaunchKernelEx,4720,stage,63,prefill,2,indexer_prefetch,,echo,Compute,Indexer / top-k,Fused indexer contains dynamically gated mapped-host H2D; per-call bytes unknown,True,,,prefill,1931333189,1935215550,3882361
echo,24369,kernel,"void at::native::reduce_kernel<(int)512, (int)1, at::native::ReduceOp<float, at::native::MeanOps<float, float, float, float>, unsigned int, float, (int)4, (int)4>>(T3)",1935219550,1935227070,0,7,291518204084224,381630,,,,,47538,1922293295,1922297607,cudaLaunchKernel_v7000,4719,stage,63,prefill,2,indexer_control,,echo,GPU control,GPU control,,False,,,prefill,1935219550,1935227070,7520
echo,24370,kernel,_cuda_graph_allocator_post_alloc_kernel,1935230686,1935233918,0,7,291518204084224,381646,,,,,13403,1922367225,1922371758,cuLaunchKernelEx,4721,stage,63,prefill,2,echo_finalize,,echo,GPU control,ECHO finalize,,False,,,prefill,1935230686,1935233918,3232
echo,24371,kernel,"void at::native::vectorized_elementwise_kernel<(int)4, at::native::FillFunctor<int>, std::array<char *, (unsigned long)1>>(int, T2, T3)",1935235102,1935235902,0,7,291518204084224,381649,,,,,47540,1922378270,1922382081,cudaLaunchKernel_v7000,4721,stage,63,prefill,2,echo_finalize,,echo,GPU control,ECHO finalize,,False,,,prefill,1935235102,1935235902,800
echo,24372,kernel,_cuda_graph_allocator_rebuild_stack_kernel,1935237118,1935240638,0,7,291518204084224,381658,,,,,13404,1922405912,1922409479,cuLaunchKernelEx,4721,stage,63,prefill,2,echo_finalize,,echo,GPU control,ECHO finalize,,False,,,prefill,1935237118,1935240638,3520
echo,24373,kernel,_cuda_graph_allocator_set_available_kernel,1935241758,1935243070,0,7,291518204084224,381664,,,,,13405,1922428557,1922432288,cuLaunchKernelEx,4721,stage,63,prefill,2,echo_finalize,,echo,GPU control,ECHO finalize,,False,,,prefill,1935241758,1935243070,1312
echo,24374,kernel,"void at::native::unrolled_elementwise_kernel<at::native::direct_copy_kernel_cuda(at::TensorIteratorBase &)::[lambda() (instance 3)]::operator ()() const::[lambda() (instance 4)]::operator ()() const::[lambda(long) (instance 1)], std::array<char *, (unsigned long)2>, (int)4, TrivialOffsetCalculator<(int)1, unsigned int>, TrivialOffsetCalculator<(int)1, unsigned int>, at::native::memory::LoadWithCast<(int)1>, at::native::memory::StoreWithCast<(int)1>>(int, T1, T2, T4, T5, T6, T7)",1935244350,1935247038,0,7,291518204084224,381681,,,,,47542,1922466780,1922471314,cudaLaunchKernel_v7000,4722,stage,63,prefill,2,echo_finalize,,echo,GPU control,ECHO finalize,,False,,,prefill,1935244350,1935247038,2688
echo,24375,kernel,"void at::native::index_elementwise_kernel<(int)128, (int)4, void at::native::gpu_index_kernel<void at::native::index_put_kernel_impl<at::native::OpaqueType<(int)4>>(at::TensorIterator &, c10::ArrayRef<long>, c10::ArrayRef<long>)::[lambda(char *, const char *, long) (instance 1)]>(at::TensorIteratorBase &, c10::ArrayRef<long>, c10::ArrayRef<long>, const T1 &, bool)::[lambda(int) (instance 1)]>(long, T3)",1935248382,1935251838,0,7,291518204084224,381687,,,,,47543,1922478477,1922482554,cudaLaunchKernel_v7000,4722,stage,63,prefill,2,echo_finalize,,echo,GPU control,ECHO finalize,,False,,,prefill,1935248382,1935251838,3456
echo,24376,kernel,"void at::native::vectorized_elementwise_kernel<(int)2, at::native::CUDAFunctorOnSelf_add<int>, std::array<char *, (unsigned long)2>>(int, T2, T3)",1935253214,1935254206,0,7,291518204084224,381698,,,,,47544,1922497388,1922501062,cudaLaunchKernel_v7000,4722,stage,63,prefill,2,echo_finalize,,echo,GPU control,ECHO finalize,,False,,,prefill,1935253214,1935254206,992
echo,24377,kernel,"void at::native::vectorized_elementwise_kernel<(int)2, at::native::FillFunctor<int>, std::array<char *, (unsigned long)1>>(int, T2, T3)",1935255454,1935256350,0,7,291518204084224,381710,,,,,47545,1922514571,1922518311,cudaLaunchKernel_v7000,4722,stage,63,prefill,2,echo_finalize,,echo,GPU control,ECHO finalize,,False,,,prefill,1935255454,1935256350,896
echo,24378,kernel,"<unnamed>::topk_transform_prefill_kernel(<unnamed>::FastTopKParams, int *, const int *, long, float *, const int *, long)",1935257598,1935549022,0,7,291518204084224,381724,,,,,47547,1922561574,1922566467,cudaLaunchKernel_v7000,4723,stage,63,prefill,2,topk,,echo,Compute,Indexer / top-k,,False,,,prefill,1935257598,1935549022,291424
echo,24379,kernel,"void <unnamed>::elementwise_kernel_with_index<int, at::native::arange_cuda_out(const c10::Scalar &, const c10::Scalar &, const c10::Scalar &, at::Tensor &)::[lambda() (instance 1)]::operator ()() const::[lambda() (instance 3)]::operator ()() const::[lambda(long) (instance 1)]>(T1, T2, function_traits<T2>::result_type *)",1935550398,1935551198,0,7,291518204084224,381741,,,,,47549,1922582336,1922586391,cudaLaunchKernel_v7000,4723,stage,63,prefill,2,topk,,echo,GPU control,GPU control,,False,,,prefill,1935550398,1935551198,800
echo,24380,kernel,"void at::native::elementwise_kernel<(int)128, (int)4, void at::native::gpu_kernel_impl_nocast<at::native::<unnamed>::CompareFunctor<int>>(at::TensorIteratorBase &, const T1 &)::[lambda(int) (instance 1)]>(int, T3)",1935552382,1935554398,0,7,291518204084224,381753,,,,,47551,1922598782,1922602797,cudaLaunchKernel_v7000,4723,stage,63,prefill,2,topk,,echo,Compute,Indexer / top-k,,False,,,prefill,1935552382,1935554398,2016
echo,24381,kernel,"void at::native::elementwise_kernel<(int)128, (int)2, void at::native::gpu_kernel_impl_nocast<at::native::<unnamed>::masked_fill_kernel(at::TensorIterator &, const c10::Scalar &)::[lambda() (instance 1)]::operator ()() const::[lambda() (instance 3)]::operator ()() const::[lambda(int, bool) (instance 1)]>(at::TensorIteratorBase &, const T1 &)::[lambda(int) (instance 1)]>(int, T3)",1935555518,1935562622,0,7,291518204084224,381759,,,,,47552,1922616321,1922620101,cudaLaunchKernel_v7000,4723,stage,63,prefill,2,topk,,echo,Compute,Indexer / top-k,,False,,,prefill,1935555518,1935562622,7104
echo,24382,kernel,"void at::native::unrolled_elementwise_kernel<at::native::CUDAFunctor_add<int>, std::array<char *, (unsigned long)3>, (int)4, TrivialOffsetCalculator<(int)2, unsigned int>, TrivialOffsetCalculator<(int)1, unsigned int>, at::native::memory::LoadWithoutCast, at::native::memory::StoreWithoutCast>(int, T1, T2, T4, T5, T6, T7)",1935563870,1935565022,0,7,291518204084224,381774,,,,,47554,1922722827,1922727892,cudaLaunchKernel_v7000,4726,stage,63,prefill,2,cache_write,,echo,GPU control,GPU control,,False,,,prefill,1935563870,1935565022,1152
echo,24383,kernel,"void at::native::vectorized_elementwise_kernel<(int)4, at::native::<unnamed>::launch_clamp_scalar(at::TensorIteratorBase &, c10::Scalar, c10::Scalar, at::native::detail::ClampLimits)::[lambda() (instance 1)]::operator ()() const::[lambda() (instance 3)]::operator ()() const::[lambda(int) (instance 1)], std::array<char *, (unsigned long)2>>(int, T2, T3)",1935566302,1935567486,0,7,291518204084224,381786,,,,,47556,1922739750,1922743903,cudaLaunchKernel_v7000,4726,stage,63,prefill,2,cache_write,,echo,GPU control,GPU control,,False,,,prefill,1935566302,1935567486,1184
echo,24384,kernel,"void at::native::vectorized_elementwise_kernel<(int)4, void at::native::compare_scalar_kernel<int>(at::TensorIteratorBase &, at::native::<unnamed>::OpType, T1)::[lambda(int) (instance 1)], std::array<char *, (unsigned long)2>>(int, T2, T3)",1935571486,1935572766,0,7,291518204084224,381815,,,,,47560,1922787737,1922791650,cudaLaunchKernel_v7000,4727,stage,63,prefill,2,cache_control,,echo,GPU control,GPU control,,False,,,prefill,1935571486,1935572766,1280
echo,24385,kernel,"void at::native::vectorized_elementwise_kernel<(int)4, at::native::<unnamed>::masked_fill_kernel(at::TensorIterator &, const c10::Scalar &)::[lambda() (instance 1)]::operator ()() const::[lambda() (instance 3)]::operator ()() const::[lambda(int, bool) (instance 1)], std::array<char *, (unsigned long)3>>(int, T2, T3)",1935574078,1935575486,0,7,291518204084224,381823,,,,,47561,1922802765,1922806541,cudaLaunchKernel_v7000,4727,stage,63,prefill,2,cache_control,,echo,GPU control,GPU control,,False,,,prefill,1935574078,1935575486,1408
echo,24386,kernel,"void <unnamed>::argmin_bounded_kernel<(unsigned long)196608>(const int *, int *, const int *, int, int)",1935576734,1935643038,0,7,291518204084224,381833,,,,,47562,1922818866,1922823049,cudaLaunchKernel_v7000,4727,stage,63,prefill,2,cache_control,,echo,GPU control,GPU control,,False,,,prefill,1935576734,1935643038,66304
echo,24387,kernel,_free_update_kernel,1935644254,1935646270,0,7,291518204084224,381852,,,,,13406,1922868939,1922872978,cuLaunchKernelEx,4727,stage,63,prefill,2,cache_control,,echo,GPU control,GPU control,,False,,,prefill,1935644254,1935646270,2016
echo,24388,kernel,_cuda_graph_allocator_free_kernel,1935647390,1935651294,0,7,291518204084224,381860,,,,,13407,1922900163,1922903901,cuLaunchKernelEx,4727,stage,63,prefill,2,cache_control,,echo,GPU control,GPU control,,False,,,prefill,1935647390,1935651294,3904
echo,24389,kernel,_cuda_graph_allocator_alloc_kernel,1935652606,1935654046,0,7,291518204084224,381869,,,,,13408,1922933403,1922937207,cuLaunchKernelEx,4726,stage,63,prefill,2,cache_write,,echo,GPU control,GPU control,,False,,,prefill,1935652606,1935654046,1440
echo,24390,kernel,"void at::native::unrolled_elementwise_kernel<at::native::direct_copy_kernel_cuda(at::TensorIteratorBase &)::[lambda() (instance 3)]::operator ()() const::[lambda() (instance 4)]::operator ()() const::[lambda(long) (instance 1)], std::array<char *, (unsigned long)2>, (int)4, TrivialOffsetCalculator<(int)1, unsigned int>, TrivialOffsetCalculator<(int)1, unsigned int>, at::native::memory::LoadWithCast<(int)1>, at::native::memory::StoreWithCast<(int)1>>(int, T1, T2, T4, T5, T6, T7)",1935655294,1935658046,0,7,291518204084224,381886,,,,,47564,1922964890,1922969590,cudaLaunchKernel_v7000,4728,stage,63,prefill,2,cache_control,,echo,GPU control,GPU control,,False,,,prefill,1935655294,1935658046,2752
echo,24391,kernel,"void at::native::index_elementwise_kernel<(int)128, (int)4, void at::native::gpu_index_kernel<void at::native::index_put_kernel_impl<at::native::OpaqueType<(int)4>>(at::TensorIterator &, c10::ArrayRef<long>, c10::ArrayRef<long>)::[lambda(char *, const char *, long) (instance 1)]>(at::TensorIteratorBase &, c10::ArrayRef<long>, c10::ArrayRef<long>, const T1 &, bool)::[lambda(int) (instance 1)]>(long, T3)",1935659326,1935662846,0,7,291518204084224,381892,,,,,47565,1922975592,1922979305,cudaLaunchKernel_v7000,4728,stage,63,prefill,2,cache_control,,echo,GPU control,GPU control,,False,,,prefill,1935659326,1935662846,3520
echo,24392,kernel,"void at::native::vectorized_elementwise_kernel<(int)2, at::native::CUDAFunctorOnSelf_add<int>, std::array<char *, (unsigned long)2>>(int, T2, T3)",1935664190,1935665150,0,7,291518204084224,381903,,,,,47566,1922991284,1922995094,cudaLaunchKernel_v7000,4728,stage,63,prefill,2,cache_control,,echo,GPU control,GPU control,,False,,,prefill,1935664190,1935665150,960
echo,24393,kernel,"void at::native::vectorized_elementwise_kernel<(int)2, at::native::FillFunctor<int>, std::array<char *, (unsigned long)1>>(int, T2, T3)",1935666334,1935667134,0,7,291518204084224,381915,,,,,47567,1923008135,1923011757,cudaLaunchKernel_v7000,4728,stage,63,prefill,2,cache_control,,echo,GPU control,GPU control,,False,,,prefill,1935666334,1935667134,800
echo,24394,kernel,_set_update_kernel,1935668318,1935670046,0,7,291518204084224,381931,,,,,13409,1923050886,1923054981,cuLaunchKernelEx,4726,stage,63,prefill,2,cache_write,,echo,GPU control,GPU control,,False,,,prefill,1935668318,1935670046,1728
echo,24395,kernel,_set_mla_kv_buffer_cuda_graph_kernel,1935671230,1935675390,0,7,291518204084224,381939,,,,,13410,1923088933,1923092421,cuLaunchKernelEx,4726,stage,63,prefill,2,cache_write,,echo,GPU control,GPU control,,False,,,prefill,1935671230,1935675390,4160
echo,24396,kernel,"void at::native::unrolled_elementwise_kernel<at::native::direct_copy_kernel_cuda(at::TensorIteratorBase &)::[lambda() (instance 3)]::operator ()() const::[lambda() (instance 4)]::operator ()() const::[lambda(long) (instance 1)], std::array<char *, (unsigned long)2>, (int)4, TrivialOffsetCalculator<(int)1, unsigned int>, TrivialOffsetCalculator<(int)1, unsigned int>, at::native::memory::LoadWithCast<(int)1>, at::native::memory::StoreWithCast<(int)1>>(int, T1, T2, T4, T5, T6, T7)",1935676542,1935706142,0,7,291518204084224,382019,,,,,47582,1923261949,1923267187,cudaLaunchKernel_v7000,4725,stage,63,prefill,2,cache_control,,echo,GPU control,GPU control,,False,,,prefill,1935676542,1935706142,29600
echo,24397,kernel,set_mla_kv_buffer_kernel,1935680478,1935708510,0,25,291518204084224,381982,,,,,13411,1923201328,1923208208,cuLaunchKernelEx,4729,stage,63,prefill,2,io_d2h,D2H,echo,D2H,D2H,Destination-aware mapped-host transfer NVTX; per-call bytes unknown,False,,,prefill,1935680478,1935708510,28032
echo,24398,kernel,"void at::native::index_elementwise_kernel<(int)128, (int)4, void at::native::gpu_index_kernel<void at::native::index_kernel_impl<at::native::OpaqueType<(int)4>>(at::TensorIteratorBase &, c10::ArrayRef<long>, c10::ArrayRef<long>)::[lambda(char *, const char *, long) (instance 1)]>(at::TensorIteratorBase &, c10::ArrayRef<long>, c10::ArrayRef<long>, const T1 &, bool)::[lambda(int) (instance 1)]>(long, T3)",1935707390,1935718206,0,7,291518204084224,382032,,,,,47584,1923279784,1923283978,cudaLaunchKernel_v7000,4725,stage,63,prefill,2,cache_control,,echo,GPU control,GPU control,,False,,,prefill,1935707390,1935718206,10816
echo,24399,kernel,"void at::native::vectorized_elementwise_kernel<(int)4, at::native::AUnaryFunctor<int, int, bool, at::native::<unnamed>::CompareEqFunctor<int>>, std::array<char *, (unsigned long)2>>(int, T2, T3)",1935719614,1935722526,0,7,291518204084224,382046,,,,,47586,1923301900,1923305627,cudaLaunchKernel_v7000,4725,stage,63,prefill,2,cache_control,,echo,GPU control,GPU control,,False,,,prefill,1935719614,1935722526,2912
echo,24400,kernel,"void at::native::vectorized_elementwise_kernel<(int)4, at::native::FillFunctor<int>, std::array<char *, (unsigned long)1>>(int, T2, T3)",1935723838,1935724894,0,7,291518204084224,382061,,,,,47588,1923318264,1923321767,cudaLaunchKernel_v7000,4725,stage,63,prefill,2,cache_control,,echo,GPU control,GPU control,,False,,,prefill,1935723838,1935724894,1056
echo,24401,kernel,"void at::native::elementwise_kernel<(int)128, (int)2, void at::native::gpu_kernel_impl_nocast<at::native::<unnamed>::where_kernel_impl(at::TensorIterator &)::[lambda() (instance 1)]::operator ()() const::[lambda() (instance 7)]::operator ()() const::[lambda(bool, int, int) (instance 1)]>(at::TensorIteratorBase &, const T1 &)::[lambda(int) (instance 1)]>(int, T3)",1935726334,1935733054,0,7,291518204084224,382080,,,,,47590,1923336554,1923340613,cudaLaunchKernel_v7000,4725,stage,63,prefill,2,cache_control,,echo,GPU control,GPU control,,False,,,prefill,1935726334,1935733054,6720
echo,24402,kernel,"void at::native::vectorized_elementwise_kernel<(int)4, at::native::FillFunctor<bool>, std::array<char *, (unsigned long)1>>(int, T2, T3)",1935734238,1935740158,0,7,291518204084224,382086,,,,,47591,1923358534,1923362247,cudaLaunchKernel_v7000,4730,stage,63,prefill,2,cache_recall,,echo,GPU control,GPU control,,False,,,prefill,1935734238,1935740158,5920
echo,24403,kernel,_mark_host_need_recall_kernel,1935741406,1935747550,0,7,291518204084224,382094,,,,,13412,1923389954,1923393830,cuLaunchKernelEx,4730,stage,63,prefill,2,cache_recall,,echo,GPU control,GPU control,,False,,,prefill,1935741406,1935747550,6144
echo,24404,kernel,"void at::native::unrolled_elementwise_kernel<at::native::direct_copy_kernel_cuda(at::TensorIteratorBase &)::[lambda() (instance 3)]::operator ()() const::[lambda() (instance 4)]::operator ()() const::[lambda(long) (instance 1)], std::array<char *, (unsigned long)2>, (int)4, TrivialOffsetCalculator<(int)1, unsigned int>, TrivialOffsetCalculator<(int)1, unsigned int>, at::native::memory::LoadWithCast<(int)1>, at::native::memory::StoreWithCast<(int)1>>(int, T1, T2, T4, T5, T6, T7)",1935748702,1935799549,0,7,291518204084224,382116,,,,,47594,1923417414,1923421477,cudaLaunchKernel_v7000,4730,stage,63,prefill,2,cache_recall,,echo,GPU control,GPU control,,False,,,prefill,1935748702,1935799549,50847
echo,24405,kernel,"void at::native::reduce_kernel<(int)512, (int)1, at::native::ReduceOp<long, at::native::func_wrapper_t<long, at::native::sum_functor<long, long, long>::operator ()(at::TensorIterator &)::[lambda(long, long) (instance 1)]>, unsigned int, long, (int)4, (int)4>>(T3)",1935803773,1935847485,0,7,291518204084224,382133,,,,,47598,1923439226,1923443520,cudaLaunchKernel_v7000,4730,stage,63,prefill,2,cache_recall,,echo,GPU control,GPU control,,False,,,prefill,1935803773,1935847485,43712
echo,24406,kernel,"void at::native::unrolled_elementwise_kernel<at::native::direct_copy_kernel_cuda(at::TensorIteratorBase &)::[lambda() (instance 3)]::operator ()() const::[lambda() (instance 3)]::operator ()() const::[lambda(int) (instance 1)], std::array<char *, (unsigned long)2>, (int)4, TrivialOffsetCalculator<(int)1, unsigned int>, TrivialOffsetCalculator<(int)1, unsigned int>, at::native::memory::LoadWithCast<(int)1>, at::native::memory::StoreWithCast<(int)1>>(int, T1, T2, T4, T5, T6, T7)",1935849149,1935850429,0,7,291518204084224,382148,,,,,47600,1923455193,1923458812,cudaLaunchKernel_v7000,4730,stage,63,prefill,2,cache_recall,,echo,GPU control,GPU control,,False,,,prefill,1935849149,1935850429,1280
echo,24407,kernel,_protect_kernel,1935851645,1935903517,0,7,291518204084224,382164,,,,,13413,1923500553,1923504439,cuLaunchKernelEx,4731,stage,63,prefill,2,cache_control,,echo,GPU control,GPU control,,False,,,prefill,1935851645,1935903517,51872
echo,24408,kernel,"void at::native::vectorized_elementwise_kernel<(int)2, at::native::CUDAFunctorOnSelf_add<int>, std::array<char *, (unsigned long)2>>(int, T2, T3)",1935904829,1935905789,0,7,291518204084224,382170,,,,,47601,1923516215,1923519818,cudaLaunchKernel_v7000,4731,stage,63,prefill,2,cache_control,,echo,GPU control,GPU control,,False,,,prefill,1935904829,1935905789,960
echo,24409,kernel,"void at::native::vectorized_elementwise_kernel<(int)4, void at::native::compare_scalar_kernel<int>(at::TensorIteratorBase &, at::native::<unnamed>::OpType, T1)::[lambda(int) (instance 1)], std::array<char *, (unsigned long)2>>(int, T2, T3)",1935909693,1935910941,0,7,291518204084224,382202,,,,,47605,1923558896,1923562994,cudaLaunchKernel_v7000,4731,stage,63,prefill,2,cache_control,,echo,GPU control,GPU control,,False,,,prefill,1935909693,1935910941,1248
echo,24410,kernel,"void at::native::vectorized_elementwise_kernel<(int)4, at::native::<unnamed>::masked_fill_kernel(at::TensorIterator &, const c10::Scalar &)::[lambda() (instance 1)]::operator ()() const::[lambda() (instance 3)]::operator ()() const::[lambda(int, bool) (instance 1)], std::array<char *, (unsigned long)3>>(int, T2, T3)",1935912125,1935913597,0,7,291518204084224,382210,,,,,47606,1923573386,1923577154,cudaLaunchKernel_v7000,4731,stage,63,prefill,2,cache_control,,echo,GPU control,GPU control,,False,,,prefill,1935912125,1935913597,1472
echo,24411,kernel,"void <unnamed>::argmin_bounded_kernel<(unsigned long)196608>(const int *, int *, const int *, int, int)",1935914781,1935915965,0,7,291518204084224,382220,,,,,47607,1923590757,1923594749,cudaLaunchKernel_v7000,4731,stage,63,prefill,2,cache_control,,echo,GPU control,GPU control,,False,,,prefill,1935914781,1935915965,1184
echo,24412,kernel,_free_update_kernel,1935917277,1935918717,0,7,291518204084224,382239,,,,,13414,1923629780,1923633533,cuLaunchKernelEx,4731,stage,63,prefill,2,cache_control,,echo,GPU control,GPU control,,False,,,prefill,1935917277,1935918717,1440
echo,24413,kernel,_cuda_graph_allocator_free_kernel,1935920061,1935921021,0,7,291518204084224,382247,,,,,13415,1923655968,1923659446,cuLaunchKernelEx,4731,stage,63,prefill,2,cache_control,,echo,GPU control,GPU control,,False,,,prefill,1935920061,1935921021,960
echo,24414,kernel,_cuda_graph_allocator_alloc_kernel,1935922301,1935923453,0,7,291518204084224,382256,,,,,13416,1923695772,1923699372,cuLaunchKernelEx,4730,stage,63,prefill,2,cache_recall,,echo,GPU control,GPU control,,False,,,prefill,1935922301,1935923453,1152
echo,24415,kernel,"void at::native::unrolled_elementwise_kernel<at::native::direct_copy_kernel_cuda(at::TensorIteratorBase &)::[lambda() (instance 3)]::operator ()() const::[lambda() (instance 4)]::operator ()() const::[lambda(long) (instance 1)], std::array<char *, (unsigned long)2>, (int)4, TrivialOffsetCalculator<(int)1, unsigned int>, TrivialOffsetCalculator<(int)1, unsigned int>, at::native::memory::LoadWithCast<(int)1>, at::native::memory::StoreWithCast<(int)1>>(int, T1, T2, T4, T5, T6, T7)",1935924765,1935928349,0,7,291518204084224,382273,,,,,47609,1923725655,1923730004,cudaLaunchKernel_v7000,4732,stage,63,prefill,2,cache_control,,echo,GPU control,GPU control,,False,,,prefill,1935924765,1935928349,3584
echo,24416,kernel,"void at::native::index_elementwise_kernel<(int)128, (int)4, void at::native::gpu_index_kernel<void at::native::index_put_kernel_impl<at::native::OpaqueType<(int)4>>(at::TensorIterator &, c10::ArrayRef<long>, c10::ArrayRef<long>)::[lambda(char *, const char *, long) (instance 1)]>(at::TensorIteratorBase &, c10::ArrayRef<long>, c10::ArrayRef<long>, const T1 &, bool)::[lambda(int) (instance 1)]>(long, T3)",1935929725,1935933181,0,7,291518204084224,382279,,,,,47610,1923735858,1923739548,cudaLaunchKernel_v7000,4732,stage,63,prefill,2,cache_control,,echo,GPU control,GPU control,,False,,,prefill,1935929725,1935933181,3456
echo,24417,kernel,"void at::native::vectorized_elementwise_kernel<(int)2, at::native::CUDAFunctorOnSelf_add<int>, std::array<char *, (unsigned long)2>>(int, T2, T3)",1935934461,1935935421,0,7,291518204084224,382290,,,,,47611,1923750563,1923754081,cudaLaunchKernel_v7000,4732,stage,63,prefill,2,cache_control,,echo,GPU control,GPU control,,False,,,prefill,1935934461,1935935421,960
echo,24418,kernel,"void at::native::vectorized_elementwise_kernel<(int)2, at::native::FillFunctor<int>, std::array<char *, (unsigned long)1>>(int, T2, T3)",1935936669,1935937501,0,7,291518204084224,382302,,,,,47612,1923766246,1923769929,cudaLaunchKernel_v7000,4732,stage,63,prefill,2,cache_control,,echo,GPU control,GPU control,,False,,,prefill,1935936669,1935937501,832
echo,24419,kernel,"void at::native::vectorized_elementwise_kernel<(int)4, at::native::FillFunctor<unsigned int>, std::array<char *, (unsigned long)1>>(int, T2, T3)",1935938685,1935939613,0,7,291518204084224,382317,,,,,47613,1923797733,1923802169,cudaLaunchKernel_v7000,4733,stage,63,prefill,2,io_h2d,,echo,GPU control,GPU control,,False,,,prefill,1935938685,1935939613,928
echo,24420,kernel,_recall_update_extend_kernel,1935940701,1937473435,0,7,291518204084224,382330,,,,,13417,1923832241,1923836412,cuLaunchKernelEx,4733,stage,63,prefill,2,io_h2d,,echo,GPU control,ECHO recall (IO unknown),Source-identified recall kernel with dynamic miss count; per-call bytes unknown,True,,,prefill,1935940701,1937473435,1532734
echo,24421,kernel,"void at::native::unrolled_elementwise_kernel<at::native::direct_copy_kernel_cuda(at::TensorIteratorBase &)::[lambda() (instance 3)]::operator ()() const::[lambda() (instance 4)]::operator ()() const::[lambda(long) (instance 1)], std::array<char *, (unsigned long)2>, (int)4, TrivialOffsetCalculator<(int)1, unsigned int>, TrivialOffsetCalculator<(int)1, unsigned int>, at::native::memory::LoadWithCast<(int)1>, at::native::memory::StoreWithCast<(int)1>>(int, T1, T2, T4, T5, T6, T7)",1937474619,1937482971,0,7,291518204084224,382343,,,,,47615,1923857794,1923861579,cudaLaunchKernel_v7000,4725,stage,63,prefill,2,cache_control,,echo,GPU control,GPU control,,False,,,prefill,1937474619,1937482971,8352
echo,24422,kernel,"void at::native::index_elementwise_kernel<(int)128, (int)4, void at::native::gpu_index_kernel<void at::native::index_kernel_impl<at::native::OpaqueType<(int)4>>(at::TensorIteratorBase &, c10::ArrayRef<long>, c10::ArrayRef<long>)::[lambda(char *, const char *, long) (instance 1)]>(at::TensorIteratorBase &, c10::ArrayRef<long>, c10::ArrayRef<long>, const T1 &, bool)::[lambda(int) (instance 1)]>(long, T3)",1937484251,1937494747,0,7,291518204084224,382356,,,,,47617,1923872812,1923876515,cudaLaunchKernel_v7000,4725,stage,63,prefill,2,cache_control,,echo,GPU control,GPU control,,False,,,prefill,1937484251,1937494747,10496
echo,24423,kernel,"void at::native::<unnamed>::CatArrayBatchedCopy<at::native::<unnamed>::OpaqueType<(unsigned int)2>, unsigned int, (int)3, (int)64, (int)64>(T1 *, at::native::<unnamed>::CatArrInputTensorMetadata<T1, T2, T4, T5>, at::native::<unnamed>::TensorSizeStride<T2, (unsigned int)4>, int, T2)",1937495963,1937819514,0,7,291518204084224,382371,,,,,47619,1923897224,1923901854,cudaLaunchKernel_v7000,4725,stage,63,prefill,2,cache_control,,echo,GPU control,GPU control,,False,,,prefill,1937495963,1937819514,323551
echo,24424,kernel,"void sm90::sparse_attn_fwd_kernel<sm90::TmaParams<cute::tuple<int, int, int>, cute::TiledCopy<cute::Copy_Atom<cute::Copy_Traits<cute::SM90_TMA_LOAD, cute::C<(int)65536>, cute::AuxTmaParams<cute::tuple<cute::ScaledBasis<cute::C<(int)1>, (int)1>, cute::ScaledBasis<cute::C<(int)1>, (int)0>, cute::ScaledBasis<cute::C<(int)1>, (int)2>>, const cute::Layout<cute::tuple<cute::C<(int)64>, cute::C<(int)64>, cute::C<(int)1>>, cute::tuple<cute::ScaledBasis<cute::C<(int)1>, (int)1>, cute::ScaledBasis<cute::C<(int)1>, (int)0>, cute::ScaledBasis<cute::C<(int)1>, (int)2>>> &, const cute::Swizzle<(int)3, (int)4, (int)3> &>>, cutlass::bfloat16_t>, cute::Layout<cute::tuple<cute::C<(int)1>, cute::tuple<cute::tuple<cute::tuple<cute::C<(int)64>, cute::C<(int)64>>, cute::C<(int)9>>>>, cute::tuple<cute::C<(int)0>, cute::tuple<cute::tuple<cute::tuple<cute::C<(int)64>, cute::C<(int)1>>, cute::C<(int)4096>>>>>, cute::tuple<cute::C<(int)64>, cute::C<(int)576>>>>>(SparsePrefillParams, T1)",1937821082,1938724889,0,7,291518204084224,382411,,,,,47625,1923946129,1923951273,cudaLaunchKernelExC_v11060,4734,stage,63,prefill,2,attention,,echo,Compute,Attention,,False,,,prefill,1937821082,1938724889,903807
echo,24425,kernel,nvjet_tst_128x256_64x4_1x2_h_bz_coopA_TNN,1938729305,1938779960,0,7,291518204084224,382434,,,,,13422,1924034645,1924041008,cuLaunchKernelEx,4724,stage,63,prefill,2,output_mlp,,echo,Compute,Output / MLP,,False,,,prefill,1938729305,1938779960,50655
echo,24426,kernel,"void per_token_group_quant_8bit_kernel<__nv_bfloat16, __nv_fp8_e4m3, (bool)1, (bool)0, float>(const T1 *, void *, T5 *, int, int, int, float, float, float, int, int)",1938781400,1938801176,0,7,291518204084224,382459,,,,,47630,1924132263,1924137394,cudaLaunchKernel_v7000,4724,stage,63,prefill,2,output_mlp,,echo,Compute,Output / MLP,,False,,,prefill,1938781400,1938801176,19776
echo,24427,kernel,"void deep_gemm::sm90_fp8_gemm_1d2d_impl<(unsigned int)0, (unsigned int)7168, (unsigned int)16384, (unsigned int)1, (unsigned int)256, (unsigned int)112, (unsigned int)128, (unsigned int)32, (unsigned int)3, (unsigned int)2, (unsigned int)128, (unsigned int)256, (unsigned int)2, (bool)1, (unsigned int)128, (deep_gemm::GemmType)0, deep_gemm::EpilogueIdentity>(float *, int *, unsigned int, unsigned int, unsigned int, CUtensorMap_st, CUtensorMap_st, CUtensorMap_st, CUtensorMap_st)",1938802776,1939007896,0,7,291518204084224,382475,,,,,13427,1924207214,1924212409,cuLaunchKernelEx,4724,stage,63,prefill,2,output_mlp,,echo,Compute,Output / MLP,,False,,,prefill,1938802776,1939007896,205120
echo,24428,kernel,"void flashinfer::norm::FusedAddRMSNormKernel<(unsigned int)8, __nv_bfloat16>(T2 *, T2 *, T2 *, unsigned int, unsigned int, unsigned int, float, float)",1939008120,1939023192,0,7,291518204084224,382488,,,,,47634,1924277124,1924282795,cudaLaunchKernelExC_v11060,4735,stage,63,prefill,2,output_mlp,,echo,Compute,Output / MLP,,False,,,prefill,1939008120,1939023192,15072
echo,24429,kernel,"void per_token_group_quant_8bit_kernel<__nv_bfloat16, __nv_fp8_e4m3, (bool)1, (bool)0, float>(const T1 *, void *, T5 *, int, int, int, float, float, float, int, int)",1939024472,1939033336,0,7,291518204084224,382515,,,,,47639,1924360286,1924366311,cudaLaunchKernel_v7000,4736,stage,63,prefill,2,output_mlp,,echo,Compute,Output / MLP,,False,,,prefill,1939024472,1939033336,8864
echo,24430,kernel,"void deep_gemm::sm90_fp8_gemm_1d2d_impl<(unsigned int)0, (unsigned int)36864, (unsigned int)7168, (unsigned int)1, (unsigned int)256, (unsigned int)128, (unsigned int)128, (unsigned int)128, (unsigned int)3, (unsigned int)2, (unsigned int)128, (unsigned int)256, (unsigned int)2, (bool)1, (unsigned int)128, (deep_gemm::GemmType)0, deep_gemm::EpilogueIdentity>(float *, int *, unsigned int, unsigned int, unsigned int, CUtensorMap_st, CUtensorMap_st, CUtensorMap_st, CUtensorMap_st)",1939034552,1939457655,0,7,291518204084224,382533,,,,,13432,1924414204,1924419616,cuLaunchKernelEx,4736,stage,63,prefill,2,output_mlp,,echo,Compute,Output / MLP,,False,,,prefill,1939034552,1939457655,423103
echo,24431,kernel,"void flashinfer::activation::act_and_mul_kernel<__nv_bfloat16, &silu<float>>(T1 *, const T1 *, int)",1939458967,1939487351,0,7,291518204084224,382547,,,,,47644,1924451920,1924456908,cudaLaunchKernel_v7000,4736,stage,63,prefill,2,output_mlp,,echo,Compute,Output / MLP,,False,,,prefill,1939458967,1939487351,28384
echo,24432,kernel,"void per_token_group_quant_8bit_kernel<__nv_bfloat16, __nv_fp8_e4m3, (bool)1, (bool)0, float>(const T1 *, void *, T5 *, int, int, int, float, float, float, int, int)",1939488727,1939511255,0,7,291518204084224,382576,,,,,47649,1924505092,1924509587,cudaLaunchKernel_v7000,4736,stage,63,prefill,2,output_mlp,,echo,Compute,Output / MLP,,False,,,prefill,1939488727,1939511255,22528
echo,24433,kernel,"void deep_gemm::sm90_fp8_gemm_1d2d_impl<(unsigned int)0, (unsigned int)7168, (unsigned int)18432, (unsigned int)1, (unsigned int)256, (unsigned int)112, (unsigned int)128, (unsigned int)32, (unsigned int)3, (unsigned int)0, (unsigned int)128, (unsigned int)256, (unsigned int)2, (bool)1, (unsigned int)128, (deep_gemm::GemmType)0, deep_gemm::EpilogueIdentity>(float *, int *, unsigned int, unsigned int, unsigned int, CUtensorMap_st, CUtensorMap_st, CUtensorMap_st, CUtensorMap_st)",1939512567,1939742935,0,7,291518204084224,382594,,,,,13437,1924549170,1924554017,cuLaunchKernelEx,4736,stage,63,prefill,2,output_mlp,,echo,Compute,Output / MLP,,False,,,prefill,1939512567,1939742935,230368
echo,24472,kernel,"void flashinfer::norm::RMSNormKernel<(unsigned int)8, __nv_bfloat16>(T2 *, T2 *, T2 *, unsigned int, unsigned int, unsigned int, float, float)",2034929043,2034931635,0,7,291518204084224,383792,,,,,47764,2034921734,2034926941,cudaLaunchKernelExC_v11060,4742,stage,64,extend,0,projection,,echo,Compute,Projection / RoPE,,False,,,extend,2034929043,2034931635,2592
echo,24473,kernel,"void per_token_group_quant_8bit_kernel<__nv_bfloat16, __nv_fp8_e4m3, (bool)1, (bool)0, float>(const T1 *, void *, T5 *, int, int, int, float, float, float, int, int)",2035035987,2035038419,0,7,291518204084224,383813,,,,,47765,2035028835,2035034876,cudaLaunchKernel_v7000,4743,stage,64,extend,0,projection,,echo,Compute,Projection / RoPE,,False,,,extend,2035035987,2035038419,2432
echo,24474,kernel,"void deep_gemm::sm90_fp8_gemm_1d2d_impl<(unsigned int)0, (unsigned int)2112, (unsigned int)7168, (unsigned int)1, (unsigned int)64, (unsigned int)32, (unsigned int)128, (unsigned int)64, (unsigned int)12, (unsigned int)8, (unsigned int)128, (unsigned int)128, (unsigned int)1, (bool)0, (unsigned int)132, (deep_gemm::GemmType)0, deep_gemm::EpilogueIdentity>(float *, int *, unsigned int, unsigned int, unsigned int, CUtensorMap_st, CUtensorMap_st, CUtensorMap_st, CUtensorMap_st)",2035122931,2035133267,0,7,291518204084224,383827,,,,,13448,2035115463,2035122329,cuLaunchKernelEx,4743,stage,64,extend,0,projection,,echo,Compute,Projection / RoPE,,False,,,extend,2035122931,2035133267,10336
echo,24475,kernel,"void flashinfer::norm::RMSNormKernel<(unsigned int)8, __nv_bfloat16>(T2 *, T2 *, T2 *, unsigned int, unsigned int, unsigned int, float, float)",2035182163,2035184147,0,7,291518204084224,383841,,,,,47766,2035175552,2035180542,cudaLaunchKernelExC_v11060,4743,stage,64,extend,0,projection,,echo,Compute,Projection / RoPE,,False,,,extend,2035182163,2035184147,1984
echo,24476,kernel,"void flashinfer::norm::RMSNormKernel<(unsigned int)8, __nv_bfloat16>(T2 *, T2 *, T2 *, unsigned int, unsigned int, unsigned int, float, float)",2035201491,2035203283,0,7,291518204084224,383854,,,,,47767,2035195657,2035199451,cudaLaunchKernelExC_v11060,4743,stage,64,extend,0,projection,,echo,Compute,Projection / RoPE,,False,,,extend,2035201491,2035203283,1792
echo,24477,kernel,"void per_token_group_quant_8bit_kernel<__nv_bfloat16, __nv_fp8_e4m3, (bool)1, (bool)0, float>(const T1 *, void *, T5 *, int, int, int, float, float, float, int, int)",2035253395,2035254995,0,7,291518204084224,383875,,,,,47768,2035247200,2035251820,cudaLaunchKernel_v7000,4743,stage,64,extend,0,projection,,echo,Compute,Projection / RoPE,,False,,,extend,2035253395,2035254995,1600
echo,24478,kernel,"void deep_gemm::sm90_fp8_gemm_1d2d_impl<(unsigned int)0, (unsigned int)24576, (unsigned int)1536, (unsigned int)1, (unsigned int)128, (unsigned int)192, (unsigned int)128, (unsigned int)128, (unsigned int)4, (unsigned int)0, (unsigned int)128, (unsigned int)256, (unsigned int)1, (bool)0, (unsigned int)128, (deep_gemm::GemmType)0, deep_gemm::EpilogueIdentity>(float *, int *, unsigned int, unsigned int, unsigned int, CUtensorMap_st, CUtensorMap_st, CUtensorMap_st, CUtensorMap_st)",2035302707,2035318707,0,7,291518204084224,383889,,,,,13453,2035295885,2035301496,cuLaunchKernelEx,4743,stage,64,extend,0,projection,,echo,Compute,Projection / RoPE,,False,,,extend,2035302707,2035318707,16000
echo,24479,kernel,nvjet_tst_256x128_64x4_2x1_v_bz_coopA_TNT,2035384595,2035395507,0,7,291518204084224,383906,,,,,13456,2035375159,2035383498,cuLaunchKernelEx,4743,stage,64,extend,0,projection,,echo,Compute,Projection / RoPE,,False,,,extend,2035384595,2035395507,10912
echo,24480,kernel,"void flashinfer::BatchQKApplyRotaryPosIdsCosSinCacheHeadParallelismKernel<(bool)1, (unsigned int)64, (unsigned int)8, (unsigned int)8, __nv_bfloat16, long>(T5 *, T5 *, T5 *, T5 *, float *, T6 *, unsigned int, unsigned int, unsigned int, unsigned int, unsigned long, unsigned long, unsigned long, unsigned long, unsigned long, unsigned long, unsigned long, unsigned long)",2035443026,2035445682,0,7,291518204084224,383914,,,,,47769,2035436267,2035441496,cudaLaunchKernel_v7000,4743,stage,64,extend,0,projection,,echo,Compute,Projection / RoPE,,False,,,extend,2035443026,2035445682,2656
echo,24481,kernel,"void per_token_group_quant_8bit_kernel<__nv_bfloat16, __nv_fp8_e4m3, (bool)1, (bool)0, float>(const T1 *, void *, T5 *, int, int, int, float, float, float, int, int)",2035524114,2035526002,0,7,291518204084224,383933,,,,,47770,2035517521,2035522667,cudaLaunchKernel_v7000,4744,stage,64,extend,0,indexer,,echo,Compute,Indexer / top-k,,False,,,extend,2035524114,2035526002,1888
echo,24482,kernel,"void deep_gemm::sm90_fp8_gemm_1d2d_impl<(unsigned int)0, (unsigned int)8192, (unsigned int)1536, (unsigned int)1, (unsigned int)64, (unsigned int)128, (unsigned int)128, (unsigned int)128, (unsigned int)8, (unsigned int)4, (unsigned int)128, (unsigned int)128, (unsigned int)1, (bool)0, (unsigned int)128, (deep_gemm::GemmType)0, deep_gemm::EpilogueIdentity>(float *, int *, unsigned int, unsigned int, unsigned int, CUtensorMap_st, CUtensorMap_st, CUtensorMap_st, CUtensorMap_st)",2035575090,2035582546,0,7,291518204084224,383947,,,,,13461,2035568177,2035573689,cuLaunchKernelEx,4744,stage,64,extend,0,indexer,,echo,Compute,Indexer / top-k,,False,,,extend,2035575090,2035582546,7456
echo,24483,kernel,"void per_token_group_quant_8bit_kernel<__nv_bfloat16, __nv_fp8_e4m3, (bool)1, (bool)0, float>(const T1 *, void *, T5 *, int, int, int, float, float, float, int, int)",2035652146,2035654802,0,7,291518204084224,383966,,,,,47771,2035645736,2035650588,cudaLaunchKernel_v7000,4744,stage,64,extend,0,indexer,,echo,Compute,Indexer / top-k,,False,,,extend,2035652146,2035654802,2656
echo,24484,kernel,"void deep_gemm::sm90_fp8_gemm_1d2d_impl<(unsigned int)0, (unsigned int)128, (unsigned int)7168, (unsigned int)1, (unsigned int)64, (unsigned int)16, (unsigned int)128, (unsigned int)32, (unsigned int)12, (unsigned int)8, (unsigned int)128, (unsigned int)128, (unsigned int)1, (bool)0, (unsigned int)16, (deep_gemm::GemmType)0, deep_gemm::EpilogueIdentity>(float *, int *, unsigned int, unsigned int, unsigned int, CUtensorMap_st, CUtensorMap_st, CUtensorMap_st, CUtensorMap_st)",2035695858,2035704562,0,7,291518204084224,383980,,,,,13466,2035688824,2035694198,cuLaunchKernelEx,4744,stage,64,extend,0,indexer,,echo,Compute,Indexer / top-k,,False,,,extend,2035695858,2035704562,8704
echo,24485,kernel,"void at::native::unrolled_elementwise_kernel<at::native::direct_copy_kernel_cuda(at::TensorIteratorBase &)::[lambda() (instance 3)]::operator ()() const::[lambda() (instance 7)]::operator ()() const::[lambda(float) (instance 1)], std::array<char *, (unsigned long)2>, (int)4, TrivialOffsetCalculator<(int)1, unsigned int>, TrivialOffsetCalculator<(int)1, unsigned int>, at::native::memory::LoadWithCast<(int)1>, at::native::memory::StoreWithCast<(int)1>>(int, T1, T2, T4, T5, T6, T7)",2035729330,2035732274,0,7,291518204084224,383990,,,,,47772,2035722655,2035727587,cudaLaunchKernel_v7000,4744,stage,64,extend,0,indexer,,echo,Compute,Indexer / top-k,,False,,,extend,2035729330,2035732274,2944
echo,24486,kernel,"void at::native::<unnamed>::vectorized_layer_norm_kernel<float, float>(int, T2, const T1 *, const T1 *, const T1 *, T2 *, T2 *, T1 *)",2035758098,2035761234,0,7,291518204084224,384020,,,,,47773,2035752008,2035756358,cudaLaunchKernel_v7000,4744,stage,64,extend,0,indexer,,echo,Compute,Indexer / top-k,,False,,,extend,2035758098,2035761234,3136
echo,24487,kernel,"void at::native::vectorized_elementwise_kernel<(int)8, at::native::bfloat16_copy_kernel_cuda(at::TensorIteratorBase &)::[lambda(float) (instance 1)], std::array<char *, (unsigned long)2>>(int, T2, T3)",2035776146,2035777170,0,7,291518204084224,384033,,,,,47774,2035770145,2035774248,cudaLaunchKernel_v7000,4744,stage,64,extend,0,indexer,,echo,Compute,Indexer / top-k,,False,,,extend,2035776146,2035777170,1024
echo,24488,kernel,"void flashinfer::BatchQKApplyRotaryPosIdsCosSinCacheHeadParallelismKernel<(bool)0, (unsigned int)64, (unsigned int)8, (unsigned int)8, __nv_bfloat16, long>(T5 *, T5 *, T5 *, T5 *, float *, T6 *, unsigned int, unsigned int, unsigned int, unsigned int, unsigned long, unsigned long, unsigned long, unsigned long, unsigned long, unsigned long, unsigned long, unsigned long)",2035827506,2035829650,0,7,291518204084224,384043,,,,,47775,2035820986,2035825603,cudaLaunchKernel_v7000,4744,stage,64,extend,0,indexer,,echo,Compute,Indexer / top-k,,False,,,extend,2035827506,2035829650,2144
echo,24489,kernel,"void fast_hadamard_transform_kernel<fast_hadamard_transform_kernel_traits<(int)16, (int)7, c10::BFloat16>>(HadamardParamsBase)",2035880210,2035886482,0,7,291518204084224,384059,,,,,47776,2035873679,2035878160,cudaLaunchKernel_v7000,4744,stage,64,extend,0,indexer,,echo,Compute,Indexer / top-k,,False,,,extend,2035880210,2035886482,6272
echo,24490,kernel,"void fast_hadamard_transform_kernel<fast_hadamard_transform_kernel_traits<(int)16, (int)7, c10::BFloat16>>(HadamardParamsBase)",2035909394,2035910610,0,7,291518204084224,384072,,,,,47777,2035903262,2035907177,cudaLaunchKernel_v7000,4744,stage,64,extend,0,indexer,,echo,Compute,Indexer / top-k,,False,,,extend,2035909394,2035910610,1216
echo,24491,kernel,_act_quant_kernel,2035986865,2035989105,0,7,291518204084224,384095,,,,,13467,2035980141,2035985260,cuLaunchKernelEx,4744,stage,64,extend,0,indexer,,echo,Compute,Indexer / top-k,,False,,,extend,2035986865,2035989105,2240
echo,24492,kernel,_act_quant_kernel,2036035249,2036036881,0,7,291518204084224,384115,,,,,13468,2036029309,2036033586,cuLaunchKernelEx,4744,stage,64,extend,0,indexer,,echo,Compute,Indexer / top-k,,False,,,extend,2036035249,2036036881,1632
echo,24493,kernel,_set_k_and_s_triton_kernel,2036120849,2036122193,0,7,291518204084224,384123,,,,,13469,2036114306,2036119176,cuLaunchKernelEx,4745,stage,64,extend,0,cache_write,,echo,GPU control,GPU control,,False,,,extend,2036120849,2036122193,1344
echo,24494,kernel,triton_poi_fused__to_copy_0,2036256433,2036258321,0,7,291518204084224,384133,,,,,13470,2036249103,2036255063,cuLaunchKernel,4744,stage,64,extend,0,indexer,,echo,Compute,Indexer / top-k,,False,,,extend,2036256433,2036258321,1888
echo,24495,kernel,void cutlass::Kernel2<cutlass_80_simt_sgemm_64x64_8x5_tn_align1>(T1::Params),2036310257,2036321361,0,7,291518204084224,384148,,,,,13472,2036303303,2036309569,cuLaunchKernel,4744,stage,64,extend,0,indexer,,echo,Compute,Indexer / top-k,,False,,,extend,2036310257,2036321361,11104
echo,24496,kernel,"void cublasLt::splitKreduce_kernel<(int)32, (int)16, int, float, float, float, float, (bool)0, float, float, float, (bool)1, (bool)0, (bool)0>(cublasLt::cublasSplitKParams<T6>, const T4 *, const T10 *, T9 *, T5 *, const T6 *, const T6 *, const T11 *, const T4 *, T11 *, void *, long, T6 *, int *, T6 *, T6 *, const T6 *, const T6 *, const T6 *, const T6 *, const T6 *)",2036322577,2036325809,0,7,291518204084224,384150,,,,,47778,2036313042,2036320551,cudaLaunchKernel_v7000,4744,stage,64,extend,0,indexer,,echo,Compute,Indexer / top-k,,False,,,extend,2036322577,2036325809,3232
echo,24497,kernel,triton_poi_fused_mul_1,2036347505,2036348529,0,7,291518204084224,384157,,,,,13473,2036341609,2036345671,cuLaunchKernel,4744,stage,64,extend,0,indexer,,echo,Compute,Indexer / top-k,,False,,,extend,2036347505,2036348529,1024
echo,24498,kernel,"void at::native::vectorized_elementwise_kernel<(int)4, at::native::AUnaryFunctor<int, int, int, at::native::binary_internal::MulFunctor<int>>, std::array<char *, (unsigned long)2>>(int, T2, T3)",2036439761,2036440945,0,7,291518204084224,384168,,,,,47779,2036432480,2036438030,cudaLaunchKernel_v7000,4746,stage,64,extend,0,indexer_control,,echo,GPU control,GPU control,,False,,,extend,2036439761,2036440945,1184
echo,24499,kernel,"void <unnamed>::elementwise_kernel_with_index<int, at::native::arange_cuda_out(const c10::Scalar &, const c10::Scalar &, const c10::Scalar &, at::Tensor &)::[lambda() (instance 1)]::operator ()() const::[lambda() (instance 3)]::operator ()() const::[lambda(long) (instance 1)]>(T1, T2, function_traits<T2>::result_type *)",2036471088,2036471920,0,7,291518204084224,384188,,,,,47780,2036464820,2036469085,cudaLaunchKernel_v7000,4746,stage,64,extend,0,indexer_control,,echo,GPU control,GPU control,,False,,,extend,2036471088,2036471920,832
echo,24500,kernel,"void at::native::elementwise_kernel<(int)128, (int)2, void at::native::gpu_kernel_impl_nocast<at::native::CUDAFunctor_add<int>>(at::TensorIteratorBase &, const T1 &)::[lambda(int) (instance 1)]>(int, T3)",2036492272,2036513808,0,7,291518204084224,384201,,,,,47781,2036486413,2036490268,cudaLaunchKernel_v7000,4746,stage,64,extend,0,indexer_control,,echo,GPU control,GPU control,,False,,,extend,2036492272,2036513808,21536
echo,24501,kernel,"void at::native::unrolled_elementwise_kernel<at::native::direct_copy_kernel_cuda(at::TensorIteratorBase &)::[lambda() (instance 3)]::operator ()() const::[lambda() (instance 4)]::operator ()() const::[lambda(long) (instance 1)], std::array<char *, (unsigned long)2>, (int)4, TrivialOffsetCalculator<(int)1, unsigned int>, TrivialOffsetCalculator<(int)1, unsigned int>, at::native::memory::LoadWithCast<(int)1>, at::native::memory::StoreWithCast<(int)1>>(int, T1, T2, T4, T5, T6, T7)",2036532176,2036561872,0,7,291518204084224,384218,,,,,47782,2036524693,2036529717,cudaLaunchKernel_v7000,4746,stage,64,extend,0,indexer_control,,echo,GPU control,GPU control,,False,,,extend,2036532176,2036561872,29696
echo,24502,kernel,"void at::native::index_elementwise_kernel<(int)128, (int)4, void at::native::gpu_index_kernel<void at::native::index_kernel_impl<at::native::OpaqueType<(int)1>>(at::TensorIteratorBase &, c10::ArrayRef<long>, c10::ArrayRef<long>)::[lambda(char *, const char *, long) (instance 1)]>(at::TensorIteratorBase &, c10::ArrayRef<long>, c10::ArrayRef<long>, const T1 &, bool)::[lambda(int) (instance 1)]>(long, T3)",2036563120,2036615600,0,7,291518204084224,384229,,,,,47783,2036541529,2036546269,cudaLaunchKernel_v7000,4746,stage,64,extend,0,indexer_control,,echo,GPU control,GPU control,,False,,,extend,2036563120,2036615600,52480
echo,24503,kernel,"void at::native::vectorized_elementwise_kernel<(int)4, at::native::AUnaryFunctor<int, int, int, at::native::binary_internal::MulFunctor<int>>, std::array<char *, (unsigned long)2>>(int, T2, T3)",2036617296,2036618448,0,7,291518204084224,384244,,,,,47784,2036567522,2036571364,cudaLaunchKernel_v7000,4746,stage,64,extend,0,indexer_control,,echo,GPU control,GPU control,,False,,,extend,2036617296,2036618448,1152
echo,24504,kernel,"void <unnamed>::elementwise_kernel_with_index<int, at::native::arange_cuda_out(const c10::Scalar &, const c10::Scalar &, const c10::Scalar &, at::Tensor &)::[lambda() (instance 1)]::operator ()() const::[lambda() (instance 3)]::operator ()() const::[lambda(long) (instance 1)]>(T1, T2, function_traits<T2>::result_type *)",2036619856,2036620592,0,7,291518204084224,384264,,,,,47785,2036585381,2036588962,cudaLaunchKernel_v7000,4746,stage,64,extend,0,indexer_control,,echo,GPU control,GPU control,,False,,,extend,2036619856,2036620592,736
echo,24505,kernel,"void at::native::elementwise_kernel<(int)128, (int)2, void at::native::gpu_kernel_impl_nocast<at::native::CUDAFunctor_add<int>>(at::TensorIteratorBase &, const T1 &)::[lambda(int) (instance 1)]>(int, T3)",2036621904,2036624048,0,7,291518204084224,384277,,,,,47786,2036600219,2036603666,cudaLaunchKernel_v7000,4746,stage,64,extend,0,indexer_control,,echo,GPU control,GPU control,,False,,,extend,2036621904,2036624048,2144
echo,24506,kernel,"void at::native::vectorized_elementwise_kernel<(int)4, at::native::CUDAFunctorOnSelf_add<int>, std::array<char *, (unsigned long)2>>(int, T2, T3)",2036625232,2036626544,0,7,291518204084224,384287,,,,,47787,2036613253,2036616732,cudaLaunchKernel_v7000,4746,stage,64,extend,0,indexer_control,,echo,GPU control,GPU control,,False,,,extend,2036625232,2036626544,1312
echo,24507,kernel,"void at::native::unrolled_elementwise_kernel<at::native::direct_copy_kernel_cuda(at::TensorIteratorBase &)::[lambda() (instance 3)]::operator ()() const::[lambda() (instance 4)]::operator ()() const::[lambda(long) (instance 1)], std::array<char *, (unsigned long)2>, (int)4, TrivialOffsetCalculator<(int)1, unsigned int>, TrivialOffsetCalculator<(int)1, unsigned int>, at::native::memory::LoadWithCast<(int)1>, at::native::memory::StoreWithCast<(int)1>>(int, T1, T2, T4, T5, T6, T7)",2036640944,2036643696,0,7,291518204084224,384304,,,,,47788,2036634894,2036638812,cudaLaunchKernel_v7000,4746,stage,64,extend,0,indexer_control,,echo,GPU control,GPU control,,False,,,extend,2036640944,2036643696,2752
echo,24508,kernel,"void at::native::index_elementwise_kernel<(int)128, (int)4, void at::native::gpu_index_kernel<void at::native::index_kernel_impl<at::native::OpaqueType<(int)1>>(at::TensorIteratorBase &, c10::ArrayRef<long>, c10::ArrayRef<long>)::[lambda(char *, const char *, long) (instance 1)]>(at::TensorIteratorBase &, c10::ArrayRef<long>, c10::ArrayRef<long>, const T1 &, bool)::[lambda(int) (instance 1)]>(long, T3)",2036652048,2036656752,0,7,291518204084224,384315,,,,,47789,2036646425,2036649955,cudaLaunchKernel_v7000,4746,stage,64,extend,0,indexer_control,,echo,GPU control,GPU control,,False,,,extend,2036652048,2036656752,4704
echo,24509,kernel,"void at::native::vectorized_elementwise_kernel<(int)4, at::native::FillFunctor<int>, std::array<char *, (unsigned long)1>>(int, T2, T3)",2036672528,2036674000,0,7,291518204084224,384330,,,,,47790,2036666762,2036670548,cudaLaunchKernel_v7000,4746,stage,64,extend,0,indexer_control,,echo,GPU control,GPU control,,False,,,extend,2036672528,2036674000,1472
echo,24510,kernel,"void at::native::vectorized_elementwise_kernel<(int)4, at::native::CUDAFunctor_add<int>, std::array<char *, (unsigned long)3>>(int, T2, T3)",2036768656,2036769744,0,7,291518204084224,384376,,,,,47794,2036762680,2036766777,cudaLaunchKernel_v7000,4746,stage,64,extend,0,indexer_control,,echo,GPU control,GPU control,,False,,,extend,2036768656,2036769744,1088
echo,24511,kernel,"void at::native::vectorized_elementwise_kernel<(int)4, at::native::FillFunctor<int>, std::array<char *, (unsigned long)1>>(int, T2, T3)",2036781936,2036782768,0,7,291518204084224,384382,,,,,47795,2036776253,2036779652,cudaLaunchKernel_v7000,4746,stage,64,extend,0,indexer_control,,echo,GPU control,GPU control,,False,,,extend,2036781936,2036782768,832
echo,24512,kernel,"at::native::<unnamed>::fill_reverse_indices_kernel(long *, int, at::cuda::detail::IntDivider<unsigned int>)",2036811088,2036812368,0,7,291518204084224,384405,,,,,47797,2036805345,2036809152,cudaLaunchKernel_v7000,4746,stage,64,extend,0,indexer_control,,echo,GPU control,GPU control,,False,,,extend,2036811088,2036812368,1280
echo,24513,kernel,"void at_cuda_detail::cub::DeviceRadixSortHistogramKernel<at_cuda_detail::cub::DeviceRadixSortPolicy<int, at::cuda::cub::detail::OpaqueType<(int)8>, unsigned long long>::Policy900, (bool)0, int, unsigned long long, at_cuda_detail::cub::detail::identity_decomposer_t>(T4 *, const T3 *, T4, int, int, T5)",2036838800,2036841520,0,7,291518204084224,384428,,,,,47800,2036832766,2036836907,cudaLaunchKernel_v7000,4746,stage,64,extend,0,indexer_control,,echo,GPU control,GPU control,,False,,,extend,2036838800,2036841520,2720
echo,24514,kernel,"void at_cuda_detail::cub::DeviceRadixSortExclusiveSumKernel<at_cuda_detail::cub::DeviceRadixSortPolicy<int, at::cuda::cub::detail::OpaqueType<(int)8>, unsigned long long>::Policy900, unsigned long long>(T2 *)",2036844272,2036845424,0,7,291518204084224,384432,,,,,47801,2036838450,2036842051,cudaLaunchKernel_v7000,4746,stage,64,extend,0,indexer_control,,echo,GPU control,GPU control,,False,,,extend,2036844272,2036845424,1152
echo,24515,kernel,"void at_cuda_detail::cub::DeviceRadixSortOnesweepKernel<at_cuda_detail::cub::DeviceRadixSortPolicy<int, at::cuda::cub::detail::OpaqueType<(int)8>, unsigned long long>::Policy900, (bool)0, int, at::cuda::cub::detail::OpaqueType<(int)8>, unsigned long long, int, int, at_cuda_detail::cub::detail::identity_decomposer_t>(T7 *, T7 *, T5 *, const T5 *, T3 *, const T3 *, T4 *, const T4 *, T6, int, int, T8)",2036853232,2036862672,0,7,291518204084224,384438,,,,,47803,2036847267,2036850841,cudaLaunchKernel_v7000,4746,stage,64,extend,0,indexer_control,,echo,GPU control,GPU control,,False,,,extend,2036853232,2036862672,9440
echo,24516,kernel,"void at_cuda_detail::cub::DeviceRadixSortOnesweepKernel<at_cuda_detail::cub::DeviceRadixSortPolicy<int, at::cuda::cub::detail::OpaqueType<(int)8>, unsigned long long>::Policy900, (bool)0, int, at::cuda::cub::detail::OpaqueType<(int)8>, unsigned long long, int, int, at_cuda_detail::cub::detail::identity_decomposer_t>(T7 *, T7 *, T5 *, const T5 *, T3 *, const T3 *, T4 *, const T4 *, T6, int, int, T8)",2036866576,2036873968,0,7,291518204084224,384444,,,,,47805,2036855535,2036858518,cudaLaunchKernel_v7000,4746,stage,64,extend,0,indexer_control,,echo,GPU control,GPU control,,False,,,extend,2036866576,2036873968,7392
echo,24517,kernel,"void at_cuda_detail::cub::DeviceRadixSortOnesweepKernel<at_cuda_detail::cub::DeviceRadixSortPolicy<int, at::cuda::cub::detail::OpaqueType<(int)8>, unsigned long long>::Policy900, (bool)0, int, at::cuda::cub::detail::OpaqueType<(int)8>, unsigned long long, int, int, at_cuda_detail::cub::detail::identity_decomposer_t>(T7 *, T7 *, T5 *, const T5 *, T3 *, const T3 *, T4 *, const T4 *, T6, int, int, T8)",2036877328,2036884304,0,7,291518204084224,384450,,,,,47807,2036862469,2036865388,cudaLaunchKernel_v7000,4746,stage,64,extend,0,indexer_control,,echo,GPU control,GPU control,,False,,,extend,2036877328,2036884304,6976
echo,24518,kernel,"void at_cuda_detail::cub::DeviceRadixSortOnesweepKernel<at_cuda_detail::cub::DeviceRadixSortPolicy<int, at::cuda::cub::detail::OpaqueType<(int)8>, unsigned long long>::Policy900, (bool)0, int, at::cuda::cub::detail::OpaqueType<(int)8>, unsigned long long, int, int, at_cuda_detail::cub::detail::identity_decomposer_t>(T7 *, T7 *, T5 *, const T5 *, T3 *, const T3 *, T4 *, const T4 *, T6, int, int, T8)",2036887728,2036894992,0,7,291518204084224,384456,,,,,47809,2036869457,2036872246,cudaLaunchKernel_v7000,4746,stage,64,extend,0,indexer_control,,echo,GPU control,GPU control,,False,,,extend,2036887728,2036894992,7264
echo,24519,kernel,"void at::native::unrolled_elementwise_kernel<at::native::direct_copy_kernel_cuda(at::TensorIteratorBase &)::[lambda() (instance 3)]::operator ()() const::[lambda() (instance 3)]::operator ()() const::[lambda(int) (instance 1)], std::array<char *, (unsigned long)2>, (int)4, TrivialOffsetCalculator<(int)1, unsigned int>, TrivialOffsetCalculator<(int)1, unsigned int>, at::native::memory::LoadWithCast<(int)1>, at::native::memory::StoreWithCast<(int)1>>(int, T1, T2, T4, T5, T6, T7)",2036896560,2036898192,0,7,291518204084224,384472,,,,,47810,2036885257,2036889046,cudaLaunchKernel_v7000,4746,stage,64,extend,0,indexer_control,,echo,GPU control,GPU control,,False,,,extend,2036896560,2036898192,1632
echo,24520,kernel,"void at::native::vectorized_elementwise_kernel<(int)4, at::native::FillFunctor<unsigned int>, std::array<char *, (unsigned long)1>>(int, T2, T3)",2036906928,2036907728,0,7,291518204084224,384485,,,,,47811,2036901093,2036904783,cudaLaunchKernel_v7000,4746,stage,64,extend,0,indexer_control,,echo,GPU control,GPU control,,False,,,extend,2036906928,2036907728,800
echo,24521,kernel,"void deep_gemm::sm90_fp8_mqa_logits_fuse_prefetch<(unsigned int)64, (unsigned int)128, (unsigned int)576, (unsigned int)2, (unsigned int)128, (unsigned int)3, (unsigned int)3, (unsigned int)101, (unsigned int)128, (unsigned int)256, (unsigned int)256, (unsigned int)16384>(unsigned int, unsigned int, unsigned long, unsigned long, unsigned int *, unsigned int *, float *, const int *, const int *, const int *, __nv_bfloat16 *, __nv_bfloat16 *, int *, const int *, long *, int *, unsigned int *, float *, unsigned int, CUtensorMap_st, CUtensorMap_st, CUtensorMap_st, CUtensorMap_st)",2036966096,2037913966,0,7,291518204084224,384505,,,,,13478,2036959622,2036964221,cuLaunchKernelEx,4747,stage,64,extend,0,indexer_prefetch,,echo,Compute,Indexer / top-k,Fused indexer contains dynamically gated mapped-host H2D; per-call bytes unknown,True,,,extend,2036966096,2037913966,947870
echo,24522,kernel,"void at::native::reduce_kernel<(int)512, (int)1, at::native::ReduceOp<float, at::native::MeanOps<float, float, float, float>, unsigned int, float, (int)4, (int)4>>(T3)",2037918414,2037925582,0,7,291518204084224,384525,,,,,47813,2036998952,2037003368,cudaLaunchKernel_v7000,4746,stage,64,extend,0,indexer_control,,echo,GPU control,GPU control,,False,,,extend,2037918414,2037925582,7168
echo,24523,kernel,_cuda_graph_allocator_post_alloc_kernel,2037929070,2037932206,0,7,291518204084224,384541,,,,,13479,2037076869,2037081534,cuLaunchKernelEx,4748,stage,64,extend,0,echo_finalize,,echo,GPU control,ECHO finalize,,False,,,extend,2037929070,2037932206,3136
echo,24524,kernel,"void at::native::vectorized_elementwise_kernel<(int)4, at::native::FillFunctor<int>, std::array<char *, (unsigned long)1>>(int, T2, T3)",2037933454,2037934382,0,7,291518204084224,384544,,,,,47815,2037087422,2037091074,cudaLaunchKernel_v7000,4748,stage,64,extend,0,echo_finalize,,echo,GPU control,ECHO finalize,,False,,,extend,2037933454,2037934382,928
echo,24525,kernel,_cuda_graph_allocator_rebuild_stack_kernel,2037935502,2037939118,0,7,291518204084224,384553,,,,,13480,2037114021,2037117603,cuLaunchKernelEx,4748,stage,64,extend,0,echo_finalize,,echo,GPU control,ECHO finalize,,False,,,extend,2037935502,2037939118,3616
echo,24526,kernel,_cuda_graph_allocator_set_available_kernel,2037940462,2037941550,0,7,291518204084224,384559,,,,,13481,2037136543,2037140257,cuLaunchKernelEx,4748,stage,64,extend,0,echo_finalize,,echo,GPU control,ECHO finalize,,False,,,extend,2037940462,2037941550,1088
echo,24527,kernel,"void at::native::unrolled_elementwise_kernel<at::native::direct_copy_kernel_cuda(at::TensorIteratorBase &)::[lambda() (instance 3)]::operator ()() const::[lambda() (instance 4)]::operator ()() const::[lambda(long) (instance 1)], std::array<char *, (unsigned long)2>, (int)4, TrivialOffsetCalculator<(int)1, unsigned int>, TrivialOffsetCalculator<(int)1, unsigned int>, at::native::memory::LoadWithCast<(int)1>, at::native::memory::StoreWithCast<(int)1>>(int, T1, T2, T4, T5, T6, T7)",2037942926,2037945678,0,7,291518204084224,384574,,,,,47816,2037172073,2037176390,cudaLaunchKernel_v7000,4749,stage,64,extend,0,echo_finalize,,echo,GPU control,ECHO finalize,,False,,,extend,2037942926,2037945678,2752
echo,24528,kernel,"void at::native::index_elementwise_kernel<(int)128, (int)4, void at::native::gpu_index_kernel<void at::native::index_put_kernel_impl<at::native::OpaqueType<(int)4>>(at::TensorIterator &, c10::ArrayRef<long>, c10::ArrayRef<long>)::[lambda(char *, const char *, long) (instance 1)]>(at::TensorIteratorBase &, c10::ArrayRef<long>, c10::ArrayRef<long>, const T1 &, bool)::[lambda(int) (instance 1)]>(long, T3)",2037946958,2037950350,0,7,291518204084224,384580,,,,,47817,2037183415,2037187494,cudaLaunchKernel_v7000,4749,stage,64,extend,0,echo_finalize,,echo,GPU control,ECHO finalize,,False,,,extend,2037946958,2037950350,3392
echo,24529,kernel,"void at::native::vectorized_elementwise_kernel<(int)4, at::native::CUDAFunctorOnSelf_add<int>, std::array<char *, (unsigned long)2>>(int, T2, T3)",2037951566,2037952558,0,7,291518204084224,384591,,,,,47818,2037202384,2037205953,cudaLaunchKernel_v7000,4749,stage,64,extend,0,echo_finalize,,echo,GPU control,ECHO finalize,,False,,,extend,2037951566,2037952558,992
echo,24530,kernel,"void at::native::vectorized_elementwise_kernel<(int)4, at::native::FillFunctor<int>, std::array<char *, (unsigned long)1>>(int, T2, T3)",2037953710,2037954510,0,7,291518204084224,384603,,,,,47819,2037219275,2037222797,cudaLaunchKernel_v7000,4749,stage,64,extend,0,echo_finalize,,echo,GPU control,ECHO finalize,,False,,,extend,2037953710,2037954510,800
echo,24531,kernel,"<unnamed>::topk_transform_prefill_kernel(<unnamed>::FastTopKParams, int *, const int *, long, float *, const int *, long)",2037955790,2037991982,0,7,291518204084224,384615,,,,,47820,2037263028,2037267622,cudaLaunchKernel_v7000,4750,stage,64,extend,0,topk,,echo,Compute,Indexer / top-k,,False,,,extend,2037955790,2037991982,36192
echo,24532,kernel,"void <unnamed>::elementwise_kernel_with_index<int, at::native::arange_cuda_out(const c10::Scalar &, const c10::Scalar &, const c10::Scalar &, at::Tensor &)::[lambda() (instance 1)]::operator ()() const::[lambda() (instance 3)]::operator ()() const::[lambda(long) (instance 1)]>(T1, T2, function_traits<T2>::result_type *)",2037993614,2037994414,0,7,291518204084224,384630,,,,,47821,2037281518,2037285730,cudaLaunchKernel_v7000,4750,stage,64,extend,0,topk,,echo,GPU control,GPU control,,False,,,extend,2037993614,2037994414,800
echo,24533,kernel,"void at::native::elementwise_kernel<(int)128, (int)4, void at::native::gpu_kernel_impl_nocast<at::native::<unnamed>::CompareFunctor<int>>(at::TensorIteratorBase &, const T1 &)::[lambda(int) (instance 1)]>(int, T3)",2037995566,2037996782,0,7,291518204084224,384640,,,,,47822,2037297006,2037301042,cudaLaunchKernel_v7000,4750,stage,64,extend,0,topk,,echo,Compute,Indexer / top-k,,False,,,extend,2037995566,2037996782,1216
echo,24534,kernel,"void at::native::elementwise_kernel<(int)128, (int)2, void at::native::gpu_kernel_impl_nocast<at::native::<unnamed>::masked_fill_kernel(at::TensorIterator &, const c10::Scalar &)::[lambda() (instance 1)]::operator ()() const::[lambda() (instance 3)]::operator ()() const::[lambda(int, bool) (instance 1)]>(at::TensorIteratorBase &, const T1 &)::[lambda(int) (instance 1)]>(int, T3)",2037998126,2038000430,0,7,291518204084224,384646,,,,,47823,2037314610,2037321424,cudaLaunchKernel_v7000,4750,stage,64,extend,0,topk,,echo,Compute,Indexer / top-k,,False,,,extend,2037998126,2038000430,2304
echo,24535,kernel,"void at::native::unrolled_elementwise_kernel<at::native::CUDAFunctor_add<int>, std::array<char *, (unsigned long)3>, (int)4, TrivialOffsetCalculator<(int)2, unsigned int>, TrivialOffsetCalculator<(int)1, unsigned int>, at::native::memory::LoadWithoutCast, at::native::memory::StoreWithoutCast>(int, T1, T2, T4, T5, T6, T7)",2038001646,2038002926,0,7,291518204084224,384659,,,,,47824,2037422256,2037427064,cudaLaunchKernel_v7000,4753,stage,64,extend,0,cache_write,,echo,GPU control,GPU control,,False,,,extend,2038001646,2038002926,1280
echo,24536,kernel,"void at::native::vectorized_elementwise_kernel<(int)4, at::native::<unnamed>::launch_clamp_scalar(at::TensorIteratorBase &, c10::Scalar, c10::Scalar, at::native::detail::ClampLimits)::[lambda() (instance 1)]::operator ()() const::[lambda() (instance 3)]::operator ()() const::[lambda(int) (instance 1)], std::array<char *, (unsigned long)2>>(int, T2, T3)",2038004110,2038005486,0,7,291518204084224,384669,,,,,47825,2037437884,2037441819,cudaLaunchKernel_v7000,4753,stage,64,extend,0,cache_write,,echo,GPU control,GPU control,,False,,,extend,2038004110,2038005486,1376
echo,24537,kernel,"void at::native::vectorized_elementwise_kernel<(int)4, void at::native::compare_scalar_kernel<int>(at::TensorIteratorBase &, at::native::<unnamed>::OpType, T1)::[lambda(int) (instance 1)], std::array<char *, (unsigned long)2>>(int, T2, T3)",2038009614,2038010958,0,7,291518204084224,384694,,,,,47827,2037484067,2037488270,cudaLaunchKernel_v7000,4754,stage,64,extend,0,cache_control,,echo,GPU control,GPU control,,False,,,extend,2038009614,2038010958,1344
echo,24538,kernel,"void at::native::vectorized_elementwise_kernel<(int)4, at::native::<unnamed>::masked_fill_kernel(at::TensorIterator &, const c10::Scalar &)::[lambda() (instance 1)]::operator ()() const::[lambda() (instance 3)]::operator ()() const::[lambda(int, bool) (instance 1)], std::array<char *, (unsigned long)3>>(int, T2, T3)",2038012238,2038013902,0,7,291518204084224,384702,,,,,47828,2037499281,2037503221,cudaLaunchKernel_v7000,4754,stage,64,extend,0,cache_control,,echo,GPU control,GPU control,,False,,,extend,2038012238,2038013902,1664
echo,24539,kernel,"void <unnamed>::argmin_bounded_kernel<(unsigned long)196608>(const int *, int *, const int *, int, int)",2038015118,2038079821,0,7,291518204084224,384712,,,,,47829,2037515109,2037519026,cudaLaunchKernel_v7000,4754,stage,64,extend,0,cache_control,,echo,GPU control,GPU control,,False,,,extend,2038015118,2038079821,64703
echo,24540,kernel,_free_update_kernel,2038081101,2038082829,0,7,291518204084224,384731,,,,,13482,2037565948,2037570148,cuLaunchKernelEx,4754,stage,64,extend,0,cache_control,,echo,GPU control,GPU control,,False,,,extend,2038081101,2038082829,1728
echo,24541,kernel,_cuda_graph_allocator_free_kernel,2038084109,2038086861,0,7,291518204084224,384739,,,,,13483,2037598912,2037602866,cuLaunchKernelEx,4754,stage,64,extend,0,cache_control,,echo,GPU control,GPU control,,False,,,extend,2038084109,2038086861,2752
echo,24542,kernel,_cuda_graph_allocator_alloc_kernel,2038088077,2038089453,0,7,291518204084224,384748,,,,,13484,2037633272,2037637098,cuLaunchKernelEx,4753,stage,64,extend,0,cache_write,,echo,GPU control,GPU control,,False,,,extend,2038088077,2038089453,1376
echo,24543,kernel,"void at::native::unrolled_elementwise_kernel<at::native::direct_copy_kernel_cuda(at::TensorIteratorBase &)::[lambda() (instance 3)]::operator ()() const::[lambda() (instance 4)]::operator ()() const::[lambda(long) (instance 1)], std::array<char *, (unsigned long)2>, (int)4, TrivialOffsetCalculator<(int)1, unsigned int>, TrivialOffsetCalculator<(int)1, unsigned int>, at::native::memory::LoadWithCast<(int)1>, at::native::memory::StoreWithCast<(int)1>>(int, T1, T2, T4, T5, T6, T7)",2038090797,2038093453,0,7,291518204084224,384763,,,,,47830,2037663005,2037667776,cudaLaunchKernel_v7000,4755,stage,64,extend,0,cache_control,,echo,GPU control,GPU control,,False,,,extend,2038090797,2038093453,2656
echo,24544,kernel,"void at::native::index_elementwise_kernel<(int)128, (int)4, void at::native::gpu_index_kernel<void at::native::index_put_kernel_impl<at::native::OpaqueType<(int)4>>(at::TensorIterator &, c10::ArrayRef<long>, c10::ArrayRef<long>)::[lambda(char *, const char *, long) (instance 1)]>(at::TensorIteratorBase &, c10::ArrayRef<long>, c10::ArrayRef<long>, const T1 &, bool)::[lambda(int) (instance 1)]>(long, T3)",2038094797,2038098189,0,7,291518204084224,384769,,,,,47831,2037673943,2037677748,cudaLaunchKernel_v7000,4755,stage,64,extend,0,cache_control,,echo,GPU control,GPU control,,False,,,extend,2038094797,2038098189,3392
echo,24545,kernel,"void at::native::vectorized_elementwise_kernel<(int)4, at::native::CUDAFunctorOnSelf_add<int>, std::array<char *, (unsigned long)2>>(int, T2, T3)",2038099309,2038100301,0,7,291518204084224,384780,,,,,47832,2037689603,2037693047,cudaLaunchKernel_v7000,4755,stage,64,extend,0,cache_control,,echo,GPU control,GPU control,,False,,,extend,2038099309,2038100301,992
echo,24546,kernel,"void at::native::vectorized_elementwise_kernel<(int)4, at::native::FillFunctor<int>, std::array<char *, (unsigned long)1>>(int, T2, T3)",2038101517,2038102349,0,7,291518204084224,384792,,,,,47833,2037705871,2037709503,cudaLaunchKernel_v7000,4755,stage,64,extend,0,cache_control,,echo,GPU control,GPU control,,False,,,extend,2038101517,2038102349,832
echo,24547,kernel,_set_update_kernel,2038103565,2038104845,0,7,291518204084224,384808,,,,,13485,2037739966,2037743950,cuLaunchKernelEx,4753,stage,64,extend,0,cache_write,,echo,GPU control,GPU control,,False,,,extend,2038103565,2038104845,1280
echo,24548,kernel,_set_mla_kv_buffer_cuda_graph_kernel,2038105997,2038109389,0,7,291518204084224,384816,,,,,13486,2037776200,2037779925,cuLaunchKernelEx,4753,stage,64,extend,0,cache_write,,echo,GPU control,GPU control,,False,,,extend,2038105997,2038109389,3392
echo,24549,kernel,"void at::native::unrolled_elementwise_kernel<at::native::direct_copy_kernel_cuda(at::TensorIteratorBase &)::[lambda() (instance 3)]::operator ()() const::[lambda() (instance 4)]::operator ()() const::[lambda(long) (instance 1)], std::array<char *, (unsigned long)2>, (int)4, TrivialOffsetCalculator<(int)1, unsigned int>, TrivialOffsetCalculator<(int)1, unsigned int>, at::native::memory::LoadWithCast<(int)1>, at::native::memory::StoreWithCast<(int)1>>(int, T1, T2, T4, T5, T6, T7)",2038110733,2038116845,0,7,291518204084224,384894,,,,,47847,2037949142,2037954729,cudaLaunchKernel_v7000,4752,stage,64,extend,0,cache_control,,echo,GPU control,GPU control,,False,,,extend,2038110733,2038116845,6112
echo,24550,kernel,set_mla_kv_buffer_kernel,2038111309,2038116493,0,17,291518204084224,384859,,,,,13487,2037891097,2037898022,cuLaunchKernelEx,4756,stage,64,extend,0,io_d2h,D2H,echo,D2H,D2H,Destination-aware mapped-host transfer NVTX; per-call bytes unknown,False,,,extend,2038111309,2038116493,5184
echo,24551,kernel,"void at::native::index_elementwise_kernel<(int)128, (int)4, void at::native::gpu_index_kernel<void at::native::index_kernel_impl<at::native::OpaqueType<(int)4>>(at::TensorIteratorBase &, c10::ArrayRef<long>, c10::ArrayRef<long>)::[lambda(char *, const char *, long) (instance 1)]>(at::TensorIteratorBase &, c10::ArrayRef<long>, c10::ArrayRef<long>, const T1 &, bool)::[lambda(int) (instance 1)]>(long, T3)",2038118221,2038123469,0,7,291518204084224,384905,,,,,47848,2037966760,2037970834,cudaLaunchKernel_v7000,4752,stage,64,extend,0,cache_control,,echo,GPU control,GPU control,,False,,,extend,2038118221,2038123469,5248
echo,24552,kernel,"void at::native::vectorized_elementwise_kernel<(int)4, at::native::AUnaryFunctor<int, int, bool, at::native::<unnamed>::CompareEqFunctor<int>>, std::array<char *, (unsigned long)2>>(int, T2, T3)",2038124685,2038126157,0,7,291518204084224,384917,,,,,47849,2037987306,2037991470,cudaLaunchKernel_v7000,4752,stage,64,extend,0,cache_control,,echo,GPU control,GPU control,,False,,,extend,2038124685,2038126157,1472
echo,24553,kernel,"void at::native::vectorized_elementwise_kernel<(int)4, at::native::FillFunctor<int>, std::array<char *, (unsigned long)1>>(int, T2, T3)",2038127341,2038128173,0,7,291518204084224,384930,,,,,47850,2038002802,2038006288,cudaLaunchKernel_v7000,4752,stage,64,extend,0,cache_control,,echo,GPU control,GPU control,,False,,,extend,2038127341,2038128173,832
echo,24554,kernel,"void at::native::elementwise_kernel<(int)128, (int)2, void at::native::gpu_kernel_impl_nocast<at::native::<unnamed>::where_kernel_impl(at::TensorIterator &)::[lambda() (instance 1)]::operator ()() const::[lambda() (instance 7)]::operator ()() const::[lambda(bool, int, int) (instance 1)]>(at::TensorIteratorBase &, const T1 &)::[lambda(int) (instance 1)]>(int, T3)",2038129421,2038131629,0,7,291518204084224,384947,,,,,47851,2038020115,2038024204,cudaLaunchKernel_v7000,4752,stage,64,extend,0,cache_control,,echo,GPU control,GPU control,,False,,,extend,2038129421,2038131629,2208
echo,24555,kernel,"void at::native::vectorized_elementwise_kernel<(int)4, at::native::FillFunctor<bool>, std::array<char *, (unsigned long)1>>(int, T2, T3)",2038132717,2038138701,0,7,291518204084224,384953,,,,,47852,2038049482,2038053669,cudaLaunchKernel_v7000,4757,stage,64,extend,0,cache_recall,,echo,GPU control,GPU control,,False,,,extend,2038132717,2038138701,5984
echo,24556,kernel,_mark_host_need_recall_kernel,2038139949,2038141645,0,7,291518204084224,384961,,,,,13488,2038081516,2038087109,cuLaunchKernelEx,4757,stage,64,extend,0,cache_recall,,echo,GPU control,GPU control,,False,,,extend,2038139949,2038141645,1696
echo,24557,kernel,"void at::native::unrolled_elementwise_kernel<at::native::direct_copy_kernel_cuda(at::TensorIteratorBase &)::[lambda() (instance 3)]::operator ()() const::[lambda() (instance 4)]::operator ()() const::[lambda(long) (instance 1)], std::array<char *, (unsigned long)2>, (int)4, TrivialOffsetCalculator<(int)1, unsigned int>, TrivialOffsetCalculator<(int)1, unsigned int>, at::native::memory::LoadWithCast<(int)1>, at::native::memory::StoreWithCast<(int)1>>(int, T1, T2, T4, T5, T6, T7)",2038142861,2038193549,0,7,291518204084224,384979,,,,,47853,2038109300,2038113310,cudaLaunchKernel_v7000,4757,stage,64,extend,0,cache_recall,,echo,GPU control,GPU control,,False,,,extend,2038142861,2038193549,50688
echo,24558,kernel,"void at::native::reduce_kernel<(int)512, (int)1, at::native::ReduceOp<long, at::native::func_wrapper_t<long, at::native::sum_functor<long, long, long>::operator ()(at::TensorIterator &)::[lambda(long, long) (instance 1)]>, unsigned int, long, (int)4, (int)4>>(T3)",2038198061,2038240941,0,7,291518204084224,384992,,,,,47855,2038129262,2038133824,cudaLaunchKernel_v7000,4757,stage,64,extend,0,cache_recall,,echo,GPU control,GPU control,,False,,,extend,2038198061,2038240941,42880
echo,24559,kernel,"void at::native::unrolled_elementwise_kernel<at::native::direct_copy_kernel_cuda(at::TensorIteratorBase &)::[lambda() (instance 3)]::operator ()() const::[lambda() (instance 3)]::operator ()() const::[lambda(int) (instance 1)], std::array<char *, (unsigned long)2>, (int)4, TrivialOffsetCalculator<(int)1, unsigned int>, TrivialOffsetCalculator<(int)1, unsigned int>, at::native::memory::LoadWithCast<(int)1>, at::native::memory::StoreWithCast<(int)1>>(int, T1, T2, T4, T5, T6, T7)",2038242573,2038243885,0,7,291518204084224,385005,,,,,47856,2038144797,2038148510,cudaLaunchKernel_v7000,4757,stage,64,extend,0,cache_recall,,echo,GPU control,GPU control,,False,,,extend,2038242573,2038243885,1312
echo,24560,kernel,_protect_kernel,2038245229,2038253101,0,7,291518204084224,385021,,,,,13489,2038189808,2038194026,cuLaunchKernelEx,4758,stage,64,extend,0,cache_control,,echo,GPU control,GPU control,,False,,,extend,2038245229,2038253101,7872
echo,24561,kernel,"void at::native::vectorized_elementwise_kernel<(int)4, at::native::CUDAFunctorOnSelf_add<int>, std::array<char *, (unsigned long)2>>(int, T2, T3)",2038254413,2038255405,0,7,291518204084224,385027,,,,,47857,2038205748,2038209825,cudaLaunchKernel_v7000,4758,stage,64,extend,0,cache_control,,echo,GPU control,GPU control,,False,,,extend,2038254413,2038255405,992
echo,24562,kernel,"void at::native::vectorized_elementwise_kernel<(int)4, void at::native::compare_scalar_kernel<int>(at::TensorIteratorBase &, at::native::<unnamed>::OpType, T1)::[lambda(int) (instance 1)], std::array<char *, (unsigned long)2>>(int, T2, T3)",2038259245,2038260525,0,7,291518204084224,385055,,,,,47859,2038246057,2038250300,cudaLaunchKernel_v7000,4758,stage,64,extend,0,cache_control,,echo,GPU control,GPU control,,False,,,extend,2038259245,2038260525,1280
echo,24563,kernel,"void at::native::vectorized_elementwise_kernel<(int)4, at::native::<unnamed>::masked_fill_kernel(at::TensorIterator &, const c10::Scalar &)::[lambda() (instance 1)]::operator ()() const::[lambda() (instance 3)]::operator ()() const::[lambda(int, bool) (instance 1)], std::array<char *, (unsigned long)3>>(int, T2, T3)",2038266637,2038268077,0,7,291518204084224,385063,,,,,47860,2038260505,2038264676,cudaLaunchKernel_v7000,4758,stage,64,extend,0,cache_control,,echo,GPU control,GPU control,,False,,,extend,2038266637,2038268077,1440
echo,24564,kernel,"void <unnamed>::argmin_bounded_kernel<(unsigned long)196608>(const int *, int *, const int *, int, int)",2038284813,2038285773,0,7,291518204084224,385073,,,,,47861,2038278744,2038282907,cudaLaunchKernel_v7000,4758,stage,64,extend,0,cache_control,,echo,GPU control,GPU control,,False,,,extend,2038284813,2038285773,960
echo,24565,kernel,_free_update_kernel,2038323949,2038325421,0,7,291518204084224,385092,,,,,13490,2038317743,2038321852,cuLaunchKernelEx,4758,stage,64,extend,0,cache_control,,echo,GPU control,GPU control,,False,,,extend,2038323949,2038325421,1472
echo,24566,kernel,_cuda_graph_allocator_free_kernel,2038351533,2038352461,0,7,291518204084224,385100,,,,,13491,2038345640,2038349245,cuLaunchKernelEx,4758,stage,64,extend,0,cache_control,,echo,GPU control,GPU control,,False,,,extend,2038351533,2038352461,928
echo,24567,kernel,_cuda_graph_allocator_alloc_kernel,2038381741,2038383021,0,7,291518204084224,385109,,,,,13492,2038375859,2038379516,cuLaunchKernelEx,4757,stage,64,extend,0,cache_recall,,echo,GPU control,GPU control,,False,,,extend,2038381741,2038383021,1280
echo,24568,kernel,"void at::native::unrolled_elementwise_kernel<at::native::direct_copy_kernel_cuda(at::TensorIteratorBase &)::[lambda() (instance 3)]::operator ()() const::[lambda() (instance 4)]::operator ()() const::[lambda(long) (instance 1)], std::array<char *, (unsigned long)2>, (int)4, TrivialOffsetCalculator<(int)1, unsigned int>, TrivialOffsetCalculator<(int)1, unsigned int>, at::native::memory::LoadWithCast<(int)1>, at::native::memory::StoreWithCast<(int)1>>(int, T1, T2, T4, T5, T6, T7)",2038410317,2038413837,0,7,291518204084224,385124,,,,,47862,2038403906,2038408179,cudaLaunchKernel_v7000,4759,stage,64,extend,0,cache_control,,echo,GPU control,GPU control,,False,,,extend,2038410317,2038413837,3520
echo,24569,kernel,"void at::native::index_elementwise_kernel<(int)128, (int)4, void at::native::gpu_index_kernel<void at::native::index_put_kernel_impl<at::native::OpaqueType<(int)4>>(at::TensorIterator &, c10::ArrayRef<long>, c10::ArrayRef<long>)::[lambda(char *, const char *, long) (instance 1)]>(at::TensorIteratorBase &, c10::ArrayRef<long>, c10::ArrayRef<long>, const T1 &, bool)::[lambda(int) (instance 1)]>(long, T3)",2038419949,2038423437,0,7,291518204084224,385130,,,,,47863,2038414093,2038417851,cudaLaunchKernel_v7000,4759,stage,64,extend,0,cache_control,,echo,GPU control,GPU control,,False,,,extend,2038419949,2038423437,3488
echo,24570,kernel,"void at::native::vectorized_elementwise_kernel<(int)4, at::native::CUDAFunctorOnSelf_add<int>, std::array<char *, (unsigned long)2>>(int, T2, T3)",2038433997,2038434957,0,7,291518204084224,385141,,,,,47864,2038428148,2038431775,cudaLaunchKernel_v7000,4759,stage,64,extend,0,cache_control,,echo,GPU control,GPU control,,False,,,extend,2038433997,2038434957,960
echo,24571,kernel,"void at::native::vectorized_elementwise_kernel<(int)4, at::native::FillFunctor<int>, std::array<char *, (unsigned long)1>>(int, T2, T3)",2038449357,2038450189,0,7,291518204084224,385153,,,,,47865,2038443888,2038447287,cudaLaunchKernel_v7000,4759,stage,64,extend,0,cache_control,,echo,GPU control,GPU control,,False,,,extend,2038449357,2038450189,832
echo,24572,kernel,"void at::native::vectorized_elementwise_kernel<(int)4, at::native::FillFunctor<unsigned int>, std::array<char *, (unsigned long)1>>(int, T2, T3)",2038480845,2038481549,0,7,291518204084224,385168,,,,,47866,2038474639,2038478582,cudaLaunchKernel_v7000,4760,stage,64,extend,0,io_h2d,,echo,GPU control,GPU control,,False,,,extend,2038480845,2038481549,704
echo,24573,kernel,_recall_update_extend_kernel,2038522765,2040055690,0,7,291518204084224,385181,,,,,13493,2038516625,2038520577,cuLaunchKernelEx,4760,stage,64,extend,0,io_h2d,,echo,GPU control,ECHO recall (IO unknown),Source-identified recall kernel with dynamic miss count; per-call bytes unknown,True,,,extend,2038522765,2040055690,1532925
echo,24574,kernel,"void at::native::unrolled_elementwise_kernel<at::native::direct_copy_kernel_cuda(at::TensorIteratorBase &)::[lambda() (instance 3)]::operator ()() const::[lambda() (instance 4)]::operator ()() const::[lambda(long) (instance 1)], std::array<char *, (unsigned long)2>, (int)4, TrivialOffsetCalculator<(int)1, unsigned int>, TrivialOffsetCalculator<(int)1, unsigned int>, at::native::memory::LoadWithCast<(int)1>, at::native::memory::StoreWithCast<(int)1>>(int, T1, T2, T4, T5, T6, T7)",2040056906,2040060554,0,7,291518204084224,385192,,,,,47867,2038539338,2038543393,cudaLaunchKernel_v7000,4752,stage,64,extend,0,cache_control,,echo,GPU control,GPU control,,False,,,extend,2040056906,2040060554,3648
echo,24575,kernel,"void at::native::index_elementwise_kernel<(int)128, (int)4, void at::native::gpu_index_kernel<void at::native::index_kernel_impl<at::native::OpaqueType<(int)4>>(at::TensorIteratorBase &, c10::ArrayRef<long>, c10::ArrayRef<long>)::[lambda(char *, const char *, long) (instance 1)]>(at::TensorIteratorBase &, c10::ArrayRef<long>, c10::ArrayRef<long>, const T1 &, bool)::[lambda(int) (instance 1)]>(long, T3)",2040061802,2040066698,0,7,291518204084224,385203,,,,,47868,2038553547,2038557536,cudaLaunchKernel_v7000,4752,stage,64,extend,0,cache_control,,echo,GPU control,GPU control,,False,,,extend,2040061802,2040066698,4896
echo,24576,kernel,"void at::native::<unnamed>::CatArrayBatchedCopy<at::native::<unnamed>::OpaqueType<(unsigned int)2>, unsigned int, (int)3, (int)64, (int)64>(T1 *, at::native::<unnamed>::CatArrInputTensorMetadata<T1, T2, T4, T5>, at::native::<unnamed>::TensorSizeStride<T2, (unsigned int)4>, int, T2)",2040067946,2040110825,0,7,291518204084224,385216,,,,,47869,2038577740,2038582720,cudaLaunchKernel_v7000,4752,stage,64,extend,0,cache_control,,echo,GPU control,GPU control,,False,,,extend,2040067946,2040110825,42879
echo,24577,kernel,"void sm90::sparse_attn_fwd_kernel<sm90::TmaParams<cute::tuple<int, int, int>, cute::TiledCopy<cute::Copy_Atom<cute::Copy_Traits<cute::SM90_TMA_LOAD, cute::C<(int)65536>, cute::AuxTmaParams<cute::tuple<cute::ScaledBasis<cute::C<(int)1>, (int)1>, cute::ScaledBasis<cute::C<(int)1>, (int)0>, cute::ScaledBasis<cute::C<(int)1>, (int)2>>, const cute::Layout<cute::tuple<cute::C<(int)64>, cute::C<(int)64>, cute::C<(int)1>>, cute::tuple<cute::ScaledBasis<cute::C<(int)1>, (int)1>, cute::ScaledBasis<cute::C<(int)1>, (int)0>, cute::ScaledBasis<cute::C<(int)1>, (int)2>>> &, const cute::Swizzle<(int)3, (int)4, (int)3> &>>, cutlass::bfloat16_t>, cute::Layout<cute::tuple<cute::C<(int)1>, cute::tuple<cute::tuple<cute::tuple<cute::C<(int)64>, cute::C<(int)64>>, cute::C<(int)9>>>>, cute::tuple<cute::C<(int)0>, cute::tuple<cute::tuple<cute::tuple<cute::C<(int)64>, cute::C<(int)1>>, cute::C<(int)4096>>>>>, cute::tuple<cute::C<(int)64>, cute::C<(int)576>>>>>(SparsePrefillParams, T1)",2040112361,2040231369,0,7,291518204084224,385250,,,,,47872,2038623591,2038628805,cudaLaunchKernelExC_v11060,4761,stage,64,extend,0,attention,,echo,Compute,Attention,,False,,,extend,2040112361,2040231369,119008
echo,24578,kernel,nvjet_tst_128x128_64x6_1x1_v_bz_TNT,2040232521,2040243657,0,7,291518204084224,385270,,,,,13498,2038702721,2038709596,cuLaunchKernelEx,4751,stage,64,extend,0,output_mlp,,echo,Compute,Output / MLP,,False,,,extend,2040232521,2040243657,11136
echo,24579,kernel,"void per_token_group_quant_8bit_kernel<__nv_bfloat16, __nv_fp8_e4m3, (bool)1, (bool)0, float>(const T1 *, void *, T5 *, int, int, int, float, float, float, int, int)",2040245385,2040249129,0,7,291518204084224,385291,,,,,47873,2038781707,2038786638,cudaLaunchKernel_v7000,4751,stage,64,extend,0,output_mlp,,echo,Compute,Output / MLP,,False,,,extend,2040245385,2040249129,3744
echo,24580,kernel,"void deep_gemm::sm90_fp8_gemm_1d2d_impl<(unsigned int)0, (unsigned int)7168, (unsigned int)16384, (unsigned int)1, (unsigned int)64, (unsigned int)112, (unsigned int)128, (unsigned int)32, (unsigned int)9, (unsigned int)2, (unsigned int)128, (unsigned int)128, (unsigned int)1, (bool)0, (unsigned int)128, (deep_gemm::GemmType)0, deep_gemm::EpilogueIdentity>(float *, int *, unsigned int, unsigned int, unsigned int, CUtensorMap_st, CUtensorMap_st, CUtensorMap_st, CUtensorMap_st)",2040250409,2040289449,0,7,291518204084224,385305,,,,,13503,2038853842,2038859920,cuLaunchKernelEx,4751,stage,64,extend,0,output_mlp,,echo,Compute,Output / MLP,,False,,,extend,2040250409,2040289449,39040
echo,24581,kernel,"void flashinfer::norm::FusedAddRMSNormKernel<(unsigned int)8, __nv_bfloat16>(T2 *, T2 *, T2 *, unsigned int, unsigned int, unsigned int, float, float)",2040289769,2040293193,0,7,291518204084224,385318,,,,,47876,2038923471,2038928799,cudaLaunchKernelExC_v11060,4762,stage,64,extend,0,output_mlp,,echo,Compute,Output / MLP,,False,,,extend,2040289769,2040293193,3424
echo,24582,kernel,"void per_token_group_quant_8bit_kernel<__nv_bfloat16, __nv_fp8_e4m3, (bool)1, (bool)0, float>(const T1 *, void *, T5 *, int, int, int, float, float, float, int, int)",2040294473,2040296905,0,7,291518204084224,385339,,,,,47879,2039009549,2039014544,cudaLaunchKernel_v7000,4763,stage,64,extend,0,output_mlp,,echo,Compute,Output / MLP,,False,,,extend,2040294473,2040296905,2432
echo,24583,kernel,"void deep_gemm::sm90_fp8_gemm_1d2d_impl<(unsigned int)0, (unsigned int)36864, (unsigned int)7168, (unsigned int)1, (unsigned int)128, (unsigned int)144, (unsigned int)128, (unsigned int)32, (unsigned int)5, (unsigned int)1, (unsigned int)128, (unsigned int)256, (unsigned int)1, (bool)0, (unsigned int)128, (deep_gemm::GemmType)0, deep_gemm::EpilogueIdentity>(float *, int *, unsigned int, unsigned int, unsigned int, CUtensorMap_st, CUtensorMap_st, CUtensorMap_st, CUtensorMap_st)",2040297961,2040369577,0,7,291518204084224,385353,,,,,13508,2039071727,2039077694,cuLaunchKernelEx,4763,stage,64,extend,0,output_mlp,,echo,Compute,Output / MLP,,False,,,extend,2040297961,2040369577,71616
echo,24584,kernel,"void flashinfer::activation::act_and_mul_kernel<__nv_bfloat16, &silu<float>>(T1 *, const T1 *, int)",2040371305,2040376137,0,7,291518204084224,385363,,,,,47880,2039108744,2039113501,cudaLaunchKernel_v7000,4763,stage,64,extend,0,output_mlp,,echo,Compute,Output / MLP,,False,,,extend,2040371305,2040376137,4832
echo,24585,kernel,"void per_token_group_quant_8bit_kernel<__nv_bfloat16, __nv_fp8_e4m3, (bool)1, (bool)0, float>(const T1 *, void *, T5 *, int, int, int, float, float, float, int, int)",2040377225,2040381641,0,7,291518204084224,385384,,,,,47881,2039159941,2039165216,cudaLaunchKernel_v7000,4763,stage,64,extend,0,output_mlp,,echo,Compute,Output / MLP,,False,,,extend,2040377225,2040381641,4416
echo,24586,kernel,"void deep_gemm::sm90_fp8_gemm_1d2d_impl<(unsigned int)0, (unsigned int)7168, (unsigned int)18432, (unsigned int)1, (unsigned int)64, (unsigned int)112, (unsigned int)128, (unsigned int)32, (unsigned int)9, (unsigned int)0, (unsigned int)128, (unsigned int)128, (unsigned int)1, (bool)0, (unsigned int)128, (deep_gemm::GemmType)0, deep_gemm::EpilogueIdentity>(float *, int *, unsigned int, unsigned int, unsigned int, CUtensorMap_st, CUtensorMap_st, CUtensorMap_st, CUtensorMap_st)",2040382665,2040425097,0,7,291518204084224,385398,,,,,13513,2039206552,2039212145,cuLaunchKernelEx,4763,stage,64,extend,0,output_mlp,,echo,Compute,Output / MLP,,False,,,extend,2040382665,2040425097,42432
echo,24587,kernel,"void flashinfer::norm::FusedAddRMSNormKernel<(unsigned int)8, __nv_bfloat16>(T2 *, T2 *, T2 *, unsigned int, unsigned int, unsigned int, float, float)",2040425001,2040428425,0,7,291518204084224,385401,,,,,47882,2039279369,2039284742,cudaLaunchKernelExC_v11060,4766,stage,64,extend,1,projection,,echo,Compute,Projection / RoPE,,False,,,extend,2040425001,2040428425,3424
echo,24588,kernel,"void per_token_group_quant_8bit_kernel<__nv_bfloat16, __nv_fp8_e4m3, (bool)1, (bool)0, float>(const T1 *, void *, T5 *, int, int, int, float, float, float, int, int)",2040429737,2040432233,0,7,291518204084224,385420,,,,,47883,2039359350,2039364929,cudaLaunchKernel_v7000,4767,stage,64,extend,1,projection,,echo,Compute,Projection / RoPE,,False,,,extend,2040429737,2040432233,2496
echo,24589,kernel,"void deep_gemm::sm90_fp8_gemm_1d2d_impl<(unsigned int)0, (unsigned int)2112, (unsigned int)7168, (unsigned int)1, (unsigned int)64, (unsigned int)32, (unsigned int)128, (unsigned int)64, (unsigned int)12, (unsigned int)8, (unsigned int)128, (unsigned int)128, (unsigned int)1, (bool)0, (unsigned int)132, (deep_gemm::GemmType)0, deep_gemm::EpilogueIdentity>(float *, int *, unsigned int, unsigned int, unsigned int, CUtensorMap_st, CUtensorMap_st, CUtensorMap_st, CUtensorMap_st)",2040433257,2040444297,0,7,291518204084224,385434,,,,,13518,2039407300,2039412228,cuLaunchKernelEx,4767,stage,64,extend,1,projection,,echo,Compute,Projection / RoPE,,False,,,extend,2040433257,2040444297,11040
echo,24590,kernel,"void flashinfer::norm::RMSNormKernel<(unsigned int)8, __nv_bfloat16>(T2 *, T2 *, T2 *, unsigned int, unsigned int, unsigned int, float, float)",2040444201,2040446313,0,7,291518204084224,385448,,,,,47884,2039459835,2039464691,cudaLaunchKernelExC_v11060,4767,stage,64,extend,1,projection,,echo,Compute,Projection / RoPE,,False,,,extend,2040444201,2040446313,2112
echo,24591,kernel,"void flashinfer::norm::RMSNormKernel<(unsigned int)8, __nv_bfloat16>(T2 *, T2 *, T2 *, unsigned int, unsigned int, unsigned int, float, float)",2040446473,2040448393,0,7,291518204084224,385461,,,,,47885,2039478168,2039481713,cudaLaunchKernelExC_v11060,4767,stage,64,extend,1,projection,,echo,Compute,Projection / RoPE,,False,,,extend,2040446473,2040448393,1920
echo,24592,kernel,"void per_token_group_quant_8bit_kernel<__nv_bfloat16, __nv_fp8_e4m3, (bool)1, (bool)0, float>(const T1 *, void *, T5 *, int, int, int, float, float, float, int, int)",2040449609,2040451369,0,7,291518204084224,385482,,,,,47886,2039523639,2039528884,cudaLaunchKernel_v7000,4767,stage,64,extend,1,projection,,echo,Compute,Projection / RoPE,,False,,,extend,2040449609,2040451369,1760
echo,24593,kernel,"void deep_gemm::sm90_fp8_gemm_1d2d_impl<(unsigned int)0, (unsigned int)24576, (unsigned int)1536, (unsigned int)1, (unsigned int)128, (unsigned int)192, (unsigned int)128, (unsigned int)128, (unsigned int)4, (unsigned int)0, (unsigned int)128, (unsigned int)256, (unsigned int)1, (bool)0, (unsigned int)128, (deep_gemm::GemmType)0, deep_gemm::EpilogueIdentity>(float *, int *, unsigned int, unsigned int, unsigned int, CUtensorMap_st, CUtensorMap_st, CUtensorMap_st, CUtensorMap_st)",2040452521,2040467849,0,7,291518204084224,385496,,,,,13523,2039566382,2039571000,cuLaunchKernelEx,4767,stage,64,extend,1,projection,,echo,Compute,Projection / RoPE,,False,,,extend,2040452521,2040467849,15328
echo,24594,kernel,nvjet_tst_256x128_64x4_2x1_v_bz_coopA_TNT,2040469641,2040480585,0,7,291518204084224,385513,,,,,13526,2039634133,2039641836,cuLaunchKernelEx,4767,stage,64,extend,1,projection,,echo,Compute,Projection / RoPE,,False,,,extend,2040469641,2040480585,10944
echo,24595,kernel,"void flashinfer::BatchQKApplyRotaryPosIdsCosSinCacheHeadParallelismKernel<(bool)1, (unsigned int)64, (unsigned int)8, (unsigned int)8, __nv_bfloat16, long>(T5 *, T5 *, T5 *, T5 *, float *, T6 *, unsigned int, unsigned int, unsigned int, unsigned int, unsigned long, unsigned long, unsigned long, unsigned long, unsigned long, unsigned long, unsigned long, unsigned long)",2040481769,2040484489,0,7,291518204084224,385521,,,,,47887,2039691105,2039696416,cudaLaunchKernel_v7000,4767,stage,64,extend,1,projection,,echo,Compute,Projection / RoPE,,False,,,extend,2040481769,2040484489,2720
echo,24596,kernel,"void per_token_group_quant_8bit_kernel<__nv_bfloat16, __nv_fp8_e4m3, (bool)1, (bool)0, float>(const T1 *, void *, T5 *, int, int, int, float, float, float, int, int)",2040485545,2040487625,0,7,291518204084224,385540,,,,,47888,2039776584,2039781885,cudaLaunchKernel_v7000,4768,stage,64,extend,1,indexer,,echo,Compute,Indexer / top-k,,False,,,extend,2040485545,2040487625,2080
echo,24597,kernel,"void deep_gemm::sm90_fp8_gemm_1d2d_impl<(unsigned int)0, (unsigned int)8192, (unsigned int)1536, (unsigned int)1, (unsigned int)64, (unsigned int)128, (unsigned int)128, (unsigned int)128, (unsigned int)8, (unsigned int)4, (unsigned int)128, (unsigned int)128, (unsigned int)1, (bool)0, (unsigned int)128, (deep_gemm::GemmType)0, deep_gemm::EpilogueIdentity>(float *, int *, unsigned int, unsigned int, unsigned int, CUtensorMap_st, CUtensorMap_st, CUtensorMap_st, CUtensorMap_st)",2040488745,2040496265,0,7,291518204084224,385554,,,,,13531,2039823091,2039827812,cuLaunchKernelEx,4768,stage,64,extend,1,indexer,,echo,Compute,Indexer / top-k,,False,,,extend,2040488745,2040496265,7520
echo,24598,kernel,"void per_token_group_quant_8bit_kernel<__nv_bfloat16, __nv_fp8_e4m3, (bool)1, (bool)0, float>(const T1 *, void *, T5 *, int, int, int, float, float, float, int, int)",2040497353,2040500041,0,7,291518204084224,385573,,,,,47889,2039896058,2039901070,cudaLaunchKernel_v7000,4768,stage,64,extend,1,indexer,,echo,Compute,Indexer / top-k,,False,,,extend,2040497353,2040500041,2688
echo,24599,kernel,"void deep_gemm::sm90_fp8_gemm_1d2d_impl<(unsigned int)0, (unsigned int)128, (unsigned int)7168, (unsigned int)1, (unsigned int)64, (unsigned int)16, (unsigned int)128, (unsigned int)32, (unsigned int)12, (unsigned int)8, (unsigned int)128, (unsigned int)128, (unsigned int)1, (bool)0, (unsigned int)16, (deep_gemm::GemmType)0, deep_gemm::EpilogueIdentity>(float *, int *, unsigned int, unsigned int, unsigned int, CUtensorMap_st, CUtensorMap_st, CUtensorMap_st, CUtensorMap_st)",2040501321,2040509993,0,7,291518204084224,385587,,,,,13536,2039937485,2039941871,cuLaunchKernelEx,4768,stage,64,extend,1,indexer,,echo,Compute,Indexer / top-k,,False,,,extend,2040501321,2040509993,8672
echo,24600,kernel,"void at::native::unrolled_elementwise_kernel<at::native::direct_copy_kernel_cuda(at::TensorIteratorBase &)::[lambda() (instance 3)]::operator ()() const::[lambda() (instance 7)]::operator ()() const::[lambda(float) (instance 1)], std::array<char *, (unsigned long)2>, (int)4, TrivialOffsetCalculator<(int)1, unsigned int>, TrivialOffsetCalculator<(int)1, unsigned int>, at::native::memory::LoadWithCast<(int)1>, at::native::memory::StoreWithCast<(int)1>>(int, T1, T2, T4, T5, T6, T7)",2040511273,2040514409,0,7,291518204084224,385597,,,,,47890,2039970155,2039975392,cudaLaunchKernel_v7000,4768,stage,64,extend,1,indexer,,echo,Compute,Indexer / top-k,,False,,,extend,2040511273,2040514409,3136
echo,24601,kernel,"void at::native::<unnamed>::vectorized_layer_norm_kernel<float, float>(int, T2, const T1 *, const T1 *, const T1 *, T2 *, T2 *, T1 *)",2040515625,2040518729,0,7,291518204084224,385627,,,,,47891,2039999283,2040003412,cudaLaunchKernel_v7000,4768,stage,64,extend,1,indexer,,echo,Compute,Indexer / top-k,,False,,,extend,2040515625,2040518729,3104
echo,24602,kernel,"void at::native::vectorized_elementwise_kernel<(int)8, at::native::bfloat16_copy_kernel_cuda(at::TensorIteratorBase &)::[lambda(float) (instance 1)], std::array<char *, (unsigned long)2>>(int, T2, T3)",2040520009,2040521065,0,7,291518204084224,385640,,,,,47892,2040017346,2040021282,cudaLaunchKernel_v7000,4768,stage,64,extend,1,indexer,,echo,Compute,Indexer / top-k,,False,,,extend,2040520009,2040521065,1056
echo,24603,kernel,"void flashinfer::BatchQKApplyRotaryPosIdsCosSinCacheHeadParallelismKernel<(bool)0, (unsigned int)64, (unsigned int)8, (unsigned int)8, __nv_bfloat16, long>(T5 *, T5 *, T5 *, T5 *, float *, T6 *, unsigned int, unsigned int, unsigned int, unsigned int, unsigned long, unsigned long, unsigned long, unsigned long, unsigned long, unsigned long, unsigned long, unsigned long)",2040522217,2040524425,0,7,291518204084224,385650,,,,,47893,2040075438,2040080066,cudaLaunchKernel_v7000,4768,stage,64,extend,1,indexer,,echo,Compute,Indexer / top-k,,False,,,extend,2040522217,2040524425,2208
echo,24604,kernel,"void fast_hadamard_transform_kernel<fast_hadamard_transform_kernel_traits<(int)16, (int)7, c10::BFloat16>>(HadamardParamsBase)",2040525577,2040531849,0,7,291518204084224,385666,,,,,47894,2040126713,2040131536,cudaLaunchKernel_v7000,4768,stage,64,extend,1,indexer,,echo,Compute,Indexer / top-k,,False,,,extend,2040525577,2040531849,6272
echo,24605,kernel,"void fast_hadamard_transform_kernel<fast_hadamard_transform_kernel_traits<(int)16, (int)7, c10::BFloat16>>(HadamardParamsBase)",2040533097,2040534249,0,7,291518204084224,385679,,,,,47895,2040155756,2040159536,cudaLaunchKernel_v7000,4768,stage,64,extend,1,indexer,,echo,Compute,Indexer / top-k,,False,,,extend,2040533097,2040534249,1152
echo,24606,kernel,_act_quant_kernel,2040535497,2040537545,0,7,291518204084224,385702,,,,,13537,2040233877,2040239361,cuLaunchKernelEx,4768,stage,64,extend,1,indexer,,echo,Compute,Indexer / top-k,,False,,,extend,2040535497,2040537545,2048
echo,24607,kernel,_act_quant_kernel,2040538825,2040540393,0,7,291518204084224,385722,,,,,13538,2040285514,2040289747,cuLaunchKernelEx,4768,stage,64,extend,1,indexer,,echo,Compute,Indexer / top-k,,False,,,extend,2040538825,2040540393,1568
echo,24608,kernel,_set_k_and_s_triton_kernel,2040541705,2040543081,0,7,291518204084224,385730,,,,,13539,2040349665,2040354231,cuLaunchKernelEx,4769,stage,64,extend,1,cache_write,,echo,GPU control,GPU control,,False,,,extend,2040541705,2040543081,1376
echo,24609,kernel,triton_poi_fused__to_copy_0,2040544233,2040546153,0,7,291518204084224,385740,,,,,13540,2040479709,2040485148,cuLaunchKernel,4768,stage,64,extend,1,indexer,,echo,Compute,Indexer / top-k,,False,,,extend,2040544233,2040546153,1920
echo,24610,kernel,void cutlass::Kernel2<cutlass_80_simt_sgemm_64x64_8x5_tn_align1>(T1::Params),2040547433,2040558633,0,7,291518204084224,385755,,,,,13542,2040526373,2040531323,cuLaunchKernel,4768,stage,64,extend,1,indexer,,echo,Compute,Indexer / top-k,,False,,,extend,2040547433,2040558633,11200
echo,24611,kernel,"void cublasLt::splitKreduce_kernel<(int)32, (int)16, int, float, float, float, float, (bool)0, float, float, float, (bool)1, (bool)0, (bool)0>(cublasLt::cublasSplitKParams<T6>, const T4 *, const T10 *, T9 *, T5 *, const T6 *, const T6 *, const T11 *, const T4 *, T11 *, void *, long, T6 *, int *, T6 *, T6 *, const T6 *, const T6 *, const T6 *, const T6 *, const T6 *)",2040559753,2040563113,0,7,291518204084224,385757,,,,,47896,2040533910,2040538984,cudaLaunchKernel_v7000,4768,stage,64,extend,1,indexer,,echo,Compute,Indexer / top-k,,False,,,extend,2040559753,2040563113,3360
echo,24612,kernel,triton_poi_fused_mul_1,2040567081,2040568073,0,7,291518204084224,385764,,,,,13543,2040560909,2040564804,cuLaunchKernel,4768,stage,64,extend,1,indexer,,echo,Compute,Indexer / top-k,,False,,,extend,2040567081,2040568073,992
echo,24613,kernel,"void at::native::vectorized_elementwise_kernel<(int)4, at::native::AUnaryFunctor<int, int, int, at::native::binary_internal::MulFunctor<int>>, std::array<char *, (unsigned long)2>>(int, T2, T3)",2040658568,2040659752,0,7,291518204084224,385775,,,,,47897,2040650267,2040657102,cudaLaunchKernel_v7000,4770,stage,64,extend,1,indexer_control,,echo,GPU control,GPU control,,False,,,extend,2040658568,2040659752,1184
echo,24614,kernel,"void <unnamed>::elementwise_kernel_with_index<int, at::native::arange_cuda_out(const c10::Scalar &, const c10::Scalar &, const c10::Scalar &, at::Tensor &)::[lambda() (instance 1)]::operator ()() const::[lambda() (instance 3)]::operator ()() const::[lambda(long) (instance 1)]>(T1, T2, function_traits<T2>::result_type *)",2040689224,2040690056,0,7,291518204084224,385795,,,,,47898,2040682938,2040687350,cudaLaunchKernel_v7000,4770,stage,64,extend,1,indexer_control,,echo,GPU control,GPU control,,False,,,extend,2040689224,2040690056,832
echo,24615,kernel,"void at::native::elementwise_kernel<(int)128, (int)2, void at::native::gpu_kernel_impl_nocast<at::native::CUDAFunctor_add<int>>(at::TensorIteratorBase &, const T1 &)::[lambda(int) (instance 1)]>(int, T3)",2040710792,2040732328,0,7,291518204084224,385808,,,,,47899,2040704803,2040708735,cudaLaunchKernel_v7000,4770,stage,64,extend,1,indexer_control,,echo,GPU control,GPU control,,False,,,extend,2040710792,2040732328,21536
echo,24616,kernel,"void at::native::unrolled_elementwise_kernel<at::native::direct_copy_kernel_cuda(at::TensorIteratorBase &)::[lambda() (instance 3)]::operator ()() const::[lambda() (instance 4)]::operator ()() const::[lambda(long) (instance 1)], std::array<char *, (unsigned long)2>, (int)4, TrivialOffsetCalculator<(int)1, unsigned int>, TrivialOffsetCalculator<(int)1, unsigned int>, at::native::memory::LoadWithCast<(int)1>, at::native::memory::StoreWithCast<(int)1>>(int, T1, T2, T4, T5, T6, T7)",2040749256,2040779720,0,7,291518204084224,385825,,,,,47900,2040742490,2040747197,cudaLaunchKernel_v7000,4770,stage,64,extend,1,indexer_control,,echo,GPU control,GPU control,,False,,,extend,2040749256,2040779720,30464
echo,24617,kernel,"void at::native::index_elementwise_kernel<(int)128, (int)4, void at::native::gpu_index_kernel<void at::native::index_kernel_impl<at::native::OpaqueType<(int)1>>(at::TensorIteratorBase &, c10::ArrayRef<long>, c10::ArrayRef<long>)::[lambda(char *, const char *, long) (instance 1)]>(at::TensorIteratorBase &, c10::ArrayRef<long>, c10::ArrayRef<long>, const T1 &, bool)::[lambda(int) (instance 1)]>(long, T3)",2040781160,2040832776,0,7,291518204084224,385836,,,,,47901,2040758796,2040763156,cudaLaunchKernel_v7000,4770,stage,64,extend,1,indexer_control,,echo,GPU control,GPU control,,False,,,extend,2040781160,2040832776,51616
echo,24618,kernel,"void at::native::vectorized_elementwise_kernel<(int)4, at::native::AUnaryFunctor<int, int, int, at::native::binary_internal::MulFunctor<int>>, std::array<char *, (unsigned long)2>>(int, T2, T3)",2040834568,2040835752,0,7,291518204084224,385851,,,,,47902,2040784245,2040788010,cudaLaunchKernel_v7000,4770,stage,64,extend,1,indexer_control,,echo,GPU control,GPU control,,False,,,extend,2040834568,2040835752,1184
echo,24619,kernel,"void <unnamed>::elementwise_kernel_with_index<int, at::native::arange_cuda_out(const c10::Scalar &, const c10::Scalar &, const c10::Scalar &, at::Tensor &)::[lambda() (instance 1)]::operator ()() const::[lambda() (instance 3)]::operator ()() const::[lambda(long) (instance 1)]>(T1, T2, function_traits<T2>::result_type *)",2040837000,2040837736,0,7,291518204084224,385871,,,,,47903,2040801811,2040805343,cudaLaunchKernel_v7000,4770,stage,64,extend,1,indexer_control,,echo,GPU control,GPU control,,False,,,extend,2040837000,2040837736,736
echo,24620,kernel,"void at::native::elementwise_kernel<(int)128, (int)2, void at::native::gpu_kernel_impl_nocast<at::native::CUDAFunctor_add<int>>(at::TensorIteratorBase &, const T1 &)::[lambda(int) (instance 1)]>(int, T3)",2040839048,2040841192,0,7,291518204084224,385884,,,,,47904,2040816411,2040819922,cudaLaunchKernel_v7000,4770,stage,64,extend,1,indexer_control,,echo,GPU control,GPU control,,False,,,extend,2040839048,2040841192,2144
echo,24621,kernel,"void at::native::vectorized_elementwise_kernel<(int)4, at::native::CUDAFunctorOnSelf_add<int>, std::array<char *, (unsigned long)2>>(int, T2, T3)",2040842472,2040843816,0,7,291518204084224,385894,,,,,47905,2040829564,2040833273,cudaLaunchKernel_v7000,4770,stage,64,extend,1,indexer_control,,echo,GPU control,GPU control,,False,,,extend,2040842472,2040843816,1344
echo,24622,kernel,"void at::native::unrolled_elementwise_kernel<at::native::direct_copy_kernel_cuda(at::TensorIteratorBase &)::[lambda() (instance 3)]::operator ()() const::[lambda() (instance 4)]::operator ()() const::[lambda(long) (instance 1)], std::array<char *, (unsigned long)2>, (int)4, TrivialOffsetCalculator<(int)1, unsigned int>, TrivialOffsetCalculator<(int)1, unsigned int>, at::native::memory::LoadWithCast<(int)1>, at::native::memory::StoreWithCast<(int)1>>(int, T1, T2, T4, T5, T6, T7)",2040857032,2040859784,0,7,291518204084224,385911,,,,,47906,2040851230,2040854928,cudaLaunchKernel_v7000,4770,stage,64,extend,1,indexer_control,,echo,GPU control,GPU control,,False,,,extend,2040857032,2040859784,2752
echo,24623,kernel,"void at::native::index_elementwise_kernel<(int)128, (int)4, void at::native::gpu_index_kernel<void at::native::index_kernel_impl<at::native::OpaqueType<(int)1>>(at::TensorIteratorBase &, c10::ArrayRef<long>, c10::ArrayRef<long>)::[lambda(char *, const char *, long) (instance 1)]>(at::TensorIteratorBase &, c10::ArrayRef<long>, c10::ArrayRef<long>, const T1 &, bool)::[lambda(int) (instance 1)]>(long, T3)",2040868136,2040872776,0,7,291518204084224,385922,,,,,47907,2040862340,2040865870,cudaLaunchKernel_v7000,4770,stage,64,extend,1,indexer_control,,echo,GPU control,GPU control,,False,,,extend,2040868136,2040872776,4640
echo,24624,kernel,"void at::native::vectorized_elementwise_kernel<(int)4, at::native::FillFunctor<int>, std::array<char *, (unsigned long)1>>(int, T2, T3)",2040888552,2040889320,0,7,291518204084224,385937,,,,,47908,2040882363,2040886387,cudaLaunchKernel_v7000,4770,stage,64,extend,1,indexer_control,,echo,GPU control,GPU control,,False,,,extend,2040888552,2040889320,768
echo,24625,kernel,"void at::native::vectorized_elementwise_kernel<(int)4, at::native::CUDAFunctor_add<int>, std::array<char *, (unsigned long)3>>(int, T2, T3)",2040983848,2040984872,0,7,291518204084224,385983,,,,,47912,2040977761,2040982052,cudaLaunchKernel_v7000,4770,stage,64,extend,1,indexer_control,,echo,GPU control,GPU control,,False,,,extend,2040983848,2040984872,1024
echo,24626,kernel,"void at::native::vectorized_elementwise_kernel<(int)4, at::native::FillFunctor<int>, std::array<char *, (unsigned long)1>>(int, T2, T3)",2040996296,2040997096,0,7,291518204084224,385989,,,,,47913,2040990838,2040994174,cudaLaunchKernel_v7000,4770,stage,64,extend,1,indexer_control,,echo,GPU control,GPU control,,False,,,extend,2040996296,2040997096,800
echo,24627,kernel,"at::native::<unnamed>::fill_reverse_indices_kernel(long *, int, at::cuda::detail::IntDivider<unsigned int>)",2041025736,2041026984,0,7,291518204084224,386012,,,,,47915,2041019726,2041023626,cudaLaunchKernel_v7000,4770,stage,64,extend,1,indexer_control,,echo,GPU control,GPU control,,False,,,extend,2041025736,2041026984,1248
echo,24628,kernel,"void at_cuda_detail::cub::DeviceRadixSortHistogramKernel<at_cuda_detail::cub::DeviceRadixSortPolicy<int, at::cuda::cub::detail::OpaqueType<(int)8>, unsigned long long>::Policy900, (bool)0, int, unsigned long long, at_cuda_detail::cub::detail::identity_decomposer_t>(T4 *, const T3 *, T4, int, int, T5)",2041062088,2041064808,0,7,291518204084224,386035,,,,,47918,2041056227,2041060175,cudaLaunchKernel_v7000,4770,stage,64,extend,1,indexer_control,,echo,GPU control,GPU control,,False,,,extend,2041062088,2041064808,2720
echo,24629,kernel,"void at_cuda_detail::cub::DeviceRadixSortExclusiveSumKernel<at_cuda_detail::cub::DeviceRadixSortPolicy<int, at::cuda::cub::detail::OpaqueType<(int)8>, unsigned long long>::Policy900, unsigned long long>(T2 *)",2041067496,2041068616,0,7,291518204084224,386039,,,,,47919,2041061690,2041065297,cudaLaunchKernel_v7000,4770,stage,64,extend,1,indexer_control,,echo,GPU control,GPU control,,False,,,extend,2041067496,2041068616,1120
echo,24630,kernel,"void at_cuda_detail::cub::DeviceRadixSortOnesweepKernel<at_cuda_detail::cub::DeviceRadixSortPolicy<int, at::cuda::cub::detail::OpaqueType<(int)8>, unsigned long long>::Policy900, (bool)0, int, at::cuda::cub::detail::OpaqueType<(int)8>, unsigned long long, int, int, at_cuda_detail::cub::detail::identity_decomposer_t>(T7 *, T7 *, T5 *, const T5 *, T3 *, const T3 *, T4 *, const T4 *, T6, int, int, T8)",2041076328,2041085896,0,7,291518204084224,386045,,,,,47921,2041070330,2041073994,cudaLaunchKernel_v7000,4770,stage,64,extend,1,indexer_control,,echo,GPU control,GPU control,,False,,,extend,2041076328,2041085896,9568
echo,24631,kernel,"void at_cuda_detail::cub::DeviceRadixSortOnesweepKernel<at_cuda_detail::cub::DeviceRadixSortPolicy<int, at::cuda::cub::detail::OpaqueType<(int)8>, unsigned long long>::Policy900, (bool)0, int, at::cuda::cub::detail::OpaqueType<(int)8>, unsigned long long, int, int, at_cuda_detail::cub::detail::identity_decomposer_t>(T7 *, T7 *, T5 *, const T5 *, T3 *, const T3 *, T4 *, const T4 *, T6, int, int, T8)",2041089960,2041097416,0,7,291518204084224,386051,,,,,47923,2041078426,2041081683,cudaLaunchKernel_v7000,4770,stage,64,extend,1,indexer_control,,echo,GPU control,GPU control,,False,,,extend,2041089960,2041097416,7456
echo,24632,kernel,"void at_cuda_detail::cub::DeviceRadixSortOnesweepKernel<at_cuda_detail::cub::DeviceRadixSortPolicy<int, at::cuda::cub::detail::OpaqueType<(int)8>, unsigned long long>::Policy900, (bool)0, int, at::cuda::cub::detail::OpaqueType<(int)8>, unsigned long long, int, int, at_cuda_detail::cub::detail::identity_decomposer_t>(T7 *, T7 *, T5 *, const T5 *, T3 *, const T3 *, T4 *, const T4 *, T6, int, int, T8)",2041100968,2041107912,0,7,291518204084224,386057,,,,,47925,2041085890,2041088553,cudaLaunchKernel_v7000,4770,stage,64,extend,1,indexer_control,,echo,GPU control,GPU control,,False,,,extend,2041100968,2041107912,6944
echo,24633,kernel,"void at_cuda_detail::cub::DeviceRadixSortOnesweepKernel<at_cuda_detail::cub::DeviceRadixSortPolicy<int, at::cuda::cub::detail::OpaqueType<(int)8>, unsigned long long>::Policy900, (bool)0, int, at::cuda::cub::detail::OpaqueType<(int)8>, unsigned long long, int, int, at_cuda_detail::cub::detail::identity_decomposer_t>(T7 *, T7 *, T5 *, const T5 *, T3 *, const T3 *, T4 *, const T4 *, T6, int, int, T8)",2041111432,2041118696,0,7,291518204084224,386063,,,,,47927,2041092410,2041095155,cudaLaunchKernel_v7000,4770,stage,64,extend,1,indexer_control,,echo,GPU control,GPU control,,False,,,extend,2041111432,2041118696,7264
echo,24634,kernel,"void at::native::unrolled_elementwise_kernel<at::native::direct_copy_kernel_cuda(at::TensorIteratorBase &)::[lambda() (instance 3)]::operator ()() const::[lambda() (instance 3)]::operator ()() const::[lambda(int) (instance 1)], std::array<char *, (unsigned long)2>, (int)4, TrivialOffsetCalculator<(int)1, unsigned int>, TrivialOffsetCalculator<(int)1, unsigned int>, at::native::memory::LoadWithCast<(int)1>, at::native::memory::StoreWithCast<(int)1>>(int, T1, T2, T4, T5, T6, T7)",2041120008,2041121896,0,7,291518204084224,386079,,,,,47928,2041108377,2041112209,cudaLaunchKernel_v7000,4770,stage,64,extend,1,indexer_control,,echo,GPU control,GPU control,,False,,,extend,2041120008,2041121896,1888
echo,24635,kernel,"void at::native::vectorized_elementwise_kernel<(int)4, at::native::FillFunctor<unsigned int>, std::array<char *, (unsigned long)1>>(int, T2, T3)",2041129576,2041130312,0,7,291518204084224,386092,,,,,47929,2041124024,2041127675,cudaLaunchKernel_v7000,4770,stage,64,extend,1,indexer_control,,echo,GPU control,GPU control,,False,,,extend,2041129576,2041130312,736
echo,24636,kernel,"void deep_gemm::sm90_fp8_mqa_logits_fuse_prefetch<(unsigned int)64, (unsigned int)128, (unsigned int)576, (unsigned int)2, (unsigned int)128, (unsigned int)3, (unsigned int)3, (unsigned int)101, (unsigned int)128, (unsigned int)256, (unsigned int)256, (unsigned int)16384>(unsigned int, unsigned int, unsigned long, unsigned long, unsigned int *, unsigned int *, float *, const int *, const int *, const int *, __nv_bfloat16 *, __nv_bfloat16 *, int *, const int *, long *, int *, unsigned int *, float *, unsigned int, CUtensorMap_st, CUtensorMap_st, CUtensorMap_st, CUtensorMap_st)",2041188519,2042167302,0,7,291518204084224,386112,,,,,13548,2041182160,2041186635,cuLaunchKernelEx,4771,stage,64,extend,1,indexer_prefetch,,echo,Compute,Indexer / top-k,Fused indexer contains dynamically gated mapped-host H2D; per-call bytes unknown,True,,,extend,2041188519,2042167302,978783
echo,24637,kernel,"void at::native::reduce_kernel<(int)512, (int)1, at::native::ReduceOp<float, at::native::MeanOps<float, float, float, float>, unsigned int, float, (int)4, (int)4>>(T3)",2042171206,2042177990,0,7,291518204084224,386132,,,,,47931,2041220460,2041225006,cudaLaunchKernel_v7000,4770,stage,64,extend,1,indexer_control,,echo,GPU control,GPU control,,False,,,extend,2042171206,2042177990,6784
echo,24638,kernel,_cuda_graph_allocator_post_alloc_kernel,2042181542,2042184486,0,7,291518204084224,386148,,,,,13549,2041293274,2041297819,cuLaunchKernelEx,4772,stage,64,extend,1,echo_finalize,,echo,GPU control,ECHO finalize,,False,,,extend,2042181542,2042184486,2944
echo,24639,kernel,"void at::native::vectorized_elementwise_kernel<(int)4, at::native::FillFunctor<int>, std::array<char *, (unsigned long)1>>(int, T2, T3)",2042185734,2042186694,0,7,291518204084224,386151,,,,,47933,2041304036,2041307713,cudaLaunchKernel_v7000,4772,stage,64,extend,1,echo_finalize,,echo,GPU control,ECHO finalize,,False,,,extend,2042185734,2042186694,960
echo,24640,kernel,_cuda_graph_allocator_rebuild_stack_kernel,2042187974,2042191462,0,7,291518204084224,386160,,,,,13550,2041332134,2041335908,cuLaunchKernelEx,4772,stage,64,extend,1,echo_finalize,,echo,GPU control,ECHO finalize,,False,,,extend,2042187974,2042191462,3488
echo,24641,kernel,_cuda_graph_allocator_set_available_kernel,2042192614,2042193670,0,7,291518204084224,386166,,,,,13551,2041355800,2041359828,cuLaunchKernelEx,4772,stage,64,extend,1,echo_finalize,,echo,GPU control,ECHO finalize,,False,,,extend,2042192614,2042193670,1056
echo,24642,kernel,"void at::native::unrolled_elementwise_kernel<at::native::direct_copy_kernel_cuda(at::TensorIteratorBase &)::[lambda() (instance 3)]::operator ()() const::[lambda() (instance 4)]::operator ()() const::[lambda(long) (instance 1)], std::array<char *, (unsigned long)2>, (int)4, TrivialOffsetCalculator<(int)1, unsigned int>, TrivialOffsetCalculator<(int)1, unsigned int>, at::native::memory::LoadWithCast<(int)1>, at::native::memory::StoreWithCast<(int)1>>(int, T1, T2, T4, T5, T6, T7)",2042194854,2042197574,0,7,291518204084224,386181,,,,,47934,2041391440,2041396072,cudaLaunchKernel_v7000,4773,stage,64,extend,1,echo_finalize,,echo,GPU control,ECHO finalize,,False,,,extend,2042194854,2042197574,2720
echo,24643,kernel,"void at::native::index_elementwise_kernel<(int)128, (int)4, void at::native::gpu_index_kernel<void at::native::index_put_kernel_impl<at::native::OpaqueType<(int)4>>(at::TensorIterator &, c10::ArrayRef<long>, c10::ArrayRef<long>)::[lambda(char *, const char *, long) (instance 1)]>(at::TensorIteratorBase &, c10::ArrayRef<long>, c10::ArrayRef<long>, const T1 &, bool)::[lambda(int) (instance 1)]>(long, T3)",2042199014,2042202374,0,7,291518204084224,386187,,,,,47935,2041403414,2041407554,cudaLaunchKernel_v7000,4773,stage,64,extend,1,echo_finalize,,echo,GPU control,ECHO finalize,,False,,,extend,2042199014,2042202374,3360
echo,24644,kernel,"void at::native::unrolled_elementwise_kernel<at::native::CUDAFunctorOnSelf_add<int>, std::array<char *, (unsigned long)2>, (int)4, TrivialOffsetCalculator<(int)1, unsigned int>, TrivialOffsetCalculator<(int)1, unsigned int>, at::native::memory::LoadWithoutCast, at::native::memory::StoreWithoutCast>(int, T1, T2, T4, T5, T6, T7)",2042203589,2042204453,0,7,291518204084224,386198,,,,,47936,2041422113,2041425970,cudaLaunchKernel_v7000,4773,stage,64,extend,1,echo_finalize,,echo,GPU control,ECHO finalize,,False,,,extend,2042203589,2042204453,864
echo,24645,kernel,"void at::native::unrolled_elementwise_kernel<at::native::FillFunctor<int>, std::array<char *, (unsigned long)1>, (int)4, TrivialOffsetCalculator<(int)0, unsigned int>, TrivialOffsetCalculator<(int)1, unsigned int>, at::native::memory::LoadWithoutCast, at::native::memory::StoreWithoutCast>(int, T1, T2, T4, T5, T6, T7)",2042205893,2042206597,0,7,291518204084224,386210,,,,,47937,2041439642,2041443316,cudaLaunchKernel_v7000,4773,stage,64,extend,1,echo_finalize,,echo,GPU control,ECHO finalize,,False,,,extend,2042205893,2042206597,704
echo,24646,kernel,"<unnamed>::topk_transform_prefill_kernel(<unnamed>::FastTopKParams, int *, const int *, long, float *, const int *, long)",2042207909,2042244389,0,7,291518204084224,386222,,,,,47938,2041483291,2041487773,cudaLaunchKernel_v7000,4774,stage,64,extend,1,topk,,echo,Compute,Indexer / top-k,,False,,,extend,2042207909,2042244389,36480
echo,24647,kernel,"void <unnamed>::elementwise_kernel_with_index<int, at::native::arange_cuda_out(const c10::Scalar &, const c10::Scalar &, const c10::Scalar &, at::Tensor &)::[lambda() (instance 1)]::operator ()() const::[lambda() (instance 3)]::operator ()() const::[lambda(long) (instance 1)]>(T1, T2, function_traits<T2>::result_type *)",2042245925,2042246725,0,7,291518204084224,386237,,,,,47939,2041501118,2041504932,cudaLaunchKernel_v7000,4774,stage,64,extend,1,topk,,echo,GPU control,GPU control,,False,,,extend,2042245925,2042246725,800
echo,24648,kernel,"void at::native::elementwise_kernel<(int)128, (int)4, void at::native::gpu_kernel_impl_nocast<at::native::<unnamed>::CompareFunctor<int>>(at::TensorIteratorBase &, const T1 &)::[lambda(int) (instance 1)]>(int, T3)",2042247877,2042248901,0,7,291518204084224,386247,,,,,47940,2041515560,2041519448,cudaLaunchKernel_v7000,4774,stage,64,extend,1,topk,,echo,Compute,Indexer / top-k,,False,,,extend,2042247877,2042248901,1024
echo,24649,kernel,"void at::native::elementwise_kernel<(int)128, (int)2, void at::native::gpu_kernel_impl_nocast<at::native::<unnamed>::masked_fill_kernel(at::TensorIterator &, const c10::Scalar &)::[lambda() (instance 1)]::operator ()() const::[lambda() (instance 3)]::operator ()() const::[lambda(int, bool) (instance 1)]>(at::TensorIteratorBase &, const T1 &)::[lambda(int) (instance 1)]>(int, T3)",2042250117,2042252453,0,7,291518204084224,386253,,,,,47941,2041532497,2041536226,cudaLaunchKernel_v7000,4774,stage,64,extend,1,topk,,echo,Compute,Indexer / top-k,,False,,,extend,2042250117,2042252453,2336
echo,24650,kernel,"void at::native::unrolled_elementwise_kernel<at::native::CUDAFunctor_add<int>, std::array<char *, (unsigned long)3>, (int)4, TrivialOffsetCalculator<(int)2, unsigned int>, TrivialOffsetCalculator<(int)1, unsigned int>, at::native::memory::LoadWithoutCast, at::native::memory::StoreWithoutCast>(int, T1, T2, T4, T5, T6, T7)",2042253669,2042254757,0,7,291518204084224,386266,,,,,47942,2041636336,2041641005,cudaLaunchKernel_v7000,4777,stage,64,extend,1,cache_write,,echo,GPU control,GPU control,,False,,,extend,2042253669,2042254757,1088
echo,24651,kernel,"void at::native::vectorized_elementwise_kernel<(int)4, at::native::<unnamed>::launch_clamp_scalar(at::TensorIteratorBase &, c10::Scalar, c10::Scalar, at::native::detail::ClampLimits)::[lambda() (instance 1)]::operator ()() const::[lambda() (instance 3)]::operator ()() const::[lambda(int) (instance 1)], std::array<char *, (unsigned long)2>>(int, T2, T3)",2042256005,2042257253,0,7,291518204084224,386276,,,,,47943,2041651512,2041655298,cudaLaunchKernel_v7000,4777,stage,64,extend,1,cache_write,,echo,GPU control,GPU control,,False,,,extend,2042256005,2042257253,1248
echo,24652,kernel,"void at::native::vectorized_elementwise_kernel<(int)4, void at::native::compare_scalar_kernel<int>(at::TensorIteratorBase &, at::native::<unnamed>::OpType, T1)::[lambda(int) (instance 1)], std::array<char *, (unsigned long)2>>(int, T2, T3)",2042261669,2042262981,0,7,291518204084224,386301,,,,,47945,2041694701,2041698794,cudaLaunchKernel_v7000,4778,stage,64,extend,1,cache_control,,echo,GPU control,GPU control,,False,,,extend,2042261669,2042262981,1312
echo,24653,kernel,"void at::native::vectorized_elementwise_kernel<(int)4, at::native::<unnamed>::masked_fill_kernel(at::TensorIterator &, const c10::Scalar &)::[lambda() (instance 1)]::operator ()() const::[lambda() (instance 3)]::operator ()() const::[lambda(int, bool) (instance 1)], std::array<char *, (unsigned long)3>>(int, T2, T3)",2042264325,2042265637,0,7,291518204084224,386309,,,,,47946,2041709234,2041713181,cudaLaunchKernel_v7000,4778,stage,64,extend,1,cache_control,,echo,GPU control,GPU control,,False,,,extend,2042264325,2042265637,1312
echo,24654,kernel,"void <unnamed>::argmin_bounded_kernel<(unsigned long)196608>(const int *, int *, const int *, int, int)",2042266885,2042331717,0,7,291518204084224,386319,,,,,47947,2041725233,2041729132,cudaLaunchKernel_v7000,4778,stage,64,extend,1,cache_control,,echo,GPU control,GPU control,,False,,,extend,2042266885,2042331717,64832
echo,24655,kernel,_free_update_kernel,2042332837,2042334853,0,7,291518204084224,386338,,,,,13552,2041773430,2041777442,cuLaunchKernelEx,4778,stage,64,extend,1,cache_control,,echo,GPU control,GPU control,,False,,,extend,2042332837,2042334853,2016
echo,24656,kernel,_cuda_graph_allocator_free_kernel,2042336197,2042339077,0,7,291518204084224,386346,,,,,13553,2041804311,2041807846,cuLaunchKernelEx,4778,stage,64,extend,1,cache_control,,echo,GPU control,GPU control,,False,,,extend,2042336197,2042339077,2880
echo,24657,kernel,_cuda_graph_allocator_alloc_kernel,2042340197,2042341509,0,7,291518204084224,386355,,,,,13554,2041838085,2041841871,cuLaunchKernelEx,4777,stage,64,extend,1,cache_write,,echo,GPU control,GPU control,,False,,,extend,2042340197,2042341509,1312
echo,24658,kernel,"void at::native::unrolled_elementwise_kernel<at::native::direct_copy_kernel_cuda(at::TensorIteratorBase &)::[lambda() (instance 3)]::operator ()() const::[lambda() (instance 4)]::operator ()() const::[lambda(long) (instance 1)], std::array<char *, (unsigned long)2>, (int)4, TrivialOffsetCalculator<(int)1, unsigned int>, TrivialOffsetCalculator<(int)1, unsigned int>, at::native::memory::LoadWithCast<(int)1>, at::native::memory::StoreWithCast<(int)1>>(int, T1, T2, T4, T5, T6, T7)",2042342757,2042345413,0,7,291518204084224,386370,,,,,47948,2041866743,2041871709,cudaLaunchKernel_v7000,4779,stage,64,extend,1,cache_control,,echo,GPU control,GPU control,,False,,,extend,2042342757,2042345413,2656
echo,24659,kernel,"void at::native::index_elementwise_kernel<(int)128, (int)4, void at::native::gpu_index_kernel<void at::native::index_put_kernel_impl<at::native::OpaqueType<(int)4>>(at::TensorIterator &, c10::ArrayRef<long>, c10::ArrayRef<long>)::[lambda(char *, const char *, long) (instance 1)]>(at::TensorIteratorBase &, c10::ArrayRef<long>, c10::ArrayRef<long>, const T1 &, bool)::[lambda(int) (instance 1)]>(long, T3)",2042346757,2042350149,0,7,291518204084224,386376,,,,,47949,2041877595,2041881453,cudaLaunchKernel_v7000,4779,stage,64,extend,1,cache_control,,echo,GPU control,GPU control,,False,,,extend,2042346757,2042350149,3392
echo,24660,kernel,"void at::native::unrolled_elementwise_kernel<at::native::CUDAFunctorOnSelf_add<int>, std::array<char *, (unsigned long)2>, (int)4, TrivialOffsetCalculator<(int)1, unsigned int>, TrivialOffsetCalculator<(int)1, unsigned int>, at::native::memory::LoadWithoutCast, at::native::memory::StoreWithoutCast>(int, T1, T2, T4, T5, T6, T7)",2042351493,2042352357,0,7,291518204084224,386387,,,,,47950,2041893393,2041896957,cudaLaunchKernel_v7000,4779,stage,64,extend,1,cache_control,,echo,GPU control,GPU control,,False,,,extend,2042351493,2042352357,864
echo,24661,kernel,"void at::native::unrolled_elementwise_kernel<at::native::FillFunctor<int>, std::array<char *, (unsigned long)1>, (int)4, TrivialOffsetCalculator<(int)0, unsigned int>, TrivialOffsetCalculator<(int)1, unsigned int>, at::native::memory::LoadWithoutCast, at::native::memory::StoreWithoutCast>(int, T1, T2, T4, T5, T6, T7)",2042353733,2042354437,0,7,291518204084224,386399,,,,,47951,2041909923,2041913405,cudaLaunchKernel_v7000,4779,stage,64,extend,1,cache_control,,echo,GPU control,GPU control,,False,,,extend,2042353733,2042354437,704
echo,24662,kernel,_set_update_kernel,2042355653,2042356933,0,7,291518204084224,386415,,,,,13555,2041944528,2041948292,cuLaunchKernelEx,4777,stage,64,extend,1,cache_write,,echo,GPU control,GPU control,,False,,,extend,2042355653,2042356933,1280
echo,24663,kernel,_set_mla_kv_buffer_cuda_graph_kernel,2042358053,2042361477,0,7,291518204084224,386423,,,,,13556,2041981936,2041987323,cuLaunchKernelEx,4777,stage,64,extend,1,cache_write,,echo,GPU control,GPU control,,False,,,extend,2042358053,2042361477,3424
echo,24664,kernel,"void at::native::unrolled_elementwise_kernel<at::native::direct_copy_kernel_cuda(at::TensorIteratorBase &)::[lambda() (instance 3)]::operator ()() const::[lambda() (instance 4)]::operator ()() const::[lambda(long) (instance 1)], std::array<char *, (unsigned long)2>, (int)4, TrivialOffsetCalculator<(int)1, unsigned int>, TrivialOffsetCalculator<(int)1, unsigned int>, at::native::memory::LoadWithCast<(int)1>, at::native::memory::StoreWithCast<(int)1>>(int, T1, T2, T4, T5, T6, T7)",2042362693,2042368965,0,7,291518204084224,386501,,,,,47965,2042163291,2042168869,cudaLaunchKernel_v7000,4776,stage,64,extend,1,cache_control,,echo,GPU control,GPU control,,False,,,extend,2042362693,2042368965,6272
echo,24665,kernel,set_mla_kv_buffer_kernel,2042363461,2042368613,0,21,291518204084224,386466,,,,,13557,2042103203,2042110429,cuLaunchKernelEx,4780,stage,64,extend,1,io_d2h,D2H,echo,D2H,D2H,Destination-aware mapped-host transfer NVTX; per-call bytes unknown,False,,,extend,2042363461,2042368613,5152
echo,24666,kernel,"void at::native::index_elementwise_kernel<(int)128, (int)4, void at::native::gpu_index_kernel<void at::native::index_kernel_impl<at::native::OpaqueType<(int)4>>(at::TensorIteratorBase &, c10::ArrayRef<long>, c10::ArrayRef<long>)::[lambda(char *, const char *, long) (instance 1)]>(at::TensorIteratorBase &, c10::ArrayRef<long>, c10::ArrayRef<long>, const T1 &, bool)::[lambda(int) (instance 1)]>(long, T3)",2042370245,2042375205,0,7,291518204084224,386512,,,,,47966,2042180540,2042184742,cudaLaunchKernel_v7000,4776,stage,64,extend,1,cache_control,,echo,GPU control,GPU control,,False,,,extend,2042370245,2042375205,4960
echo,24667,kernel,"void at::native::vectorized_elementwise_kernel<(int)4, at::native::AUnaryFunctor<int, int, bool, at::native::<unnamed>::CompareEqFunctor<int>>, std::array<char *, (unsigned long)2>>(int, T2, T3)",2042376549,2042377861,0,7,291518204084224,386524,,,,,47967,2042200971,2042204923,cudaLaunchKernel_v7000,4776,stage,64,extend,1,cache_control,,echo,GPU control,GPU control,,False,,,extend,2042376549,2042377861,1312
echo,24668,kernel,"void at::native::vectorized_elementwise_kernel<(int)4, at::native::FillFunctor<int>, std::array<char *, (unsigned long)1>>(int, T2, T3)",2042379173,2042380005,0,7,291518204084224,386537,,,,,47968,2042216370,2042219806,cudaLaunchKernel_v7000,4776,stage,64,extend,1,cache_control,,echo,GPU control,GPU control,,False,,,extend,2042379173,2042380005,832
echo,24669,kernel,"void at::native::elementwise_kernel<(int)128, (int)2, void at::native::gpu_kernel_impl_nocast<at::native::<unnamed>::where_kernel_impl(at::TensorIterator &)::[lambda() (instance 1)]::operator ()() const::[lambda() (instance 7)]::operator ()() const::[lambda(bool, int, int) (instance 1)]>(at::TensorIteratorBase &, const T1 &)::[lambda(int) (instance 1)]>(int, T3)",2042381221,2042383429,0,7,291518204084224,386554,,,,,47969,2042233729,2042237388,cudaLaunchKernel_v7000,4776,stage,64,extend,1,cache_control,,echo,GPU control,GPU control,,False,,,extend,2042381221,2042383429,2208
echo,24670,kernel,"void at::native::vectorized_elementwise_kernel<(int)4, at::native::FillFunctor<bool>, std::array<char *, (unsigned long)1>>(int, T2, T3)",2042384805,2042390757,0,7,291518204084224,386560,,,,,47970,2042254302,2042257898,cudaLaunchKernel_v7000,4781,stage,64,extend,1,cache_recall,,echo,GPU control,GPU control,,False,,,extend,2042384805,2042390757,5952
echo,24671,kernel,_mark_host_need_recall_kernel,2042391877,2042393541,0,7,291518204084224,386568,,,,,13558,2042285892,2042290610,cuLaunchKernelEx,4781,stage,64,extend,1,cache_recall,,echo,GPU control,GPU control,,False,,,extend,2042391877,2042393541,1664
echo,24672,kernel,"void at::native::unrolled_elementwise_kernel<at::native::direct_copy_kernel_cuda(at::TensorIteratorBase &)::[lambda() (instance 3)]::operator ()() const::[lambda() (instance 4)]::operator ()() const::[lambda(long) (instance 1)], std::array<char *, (unsigned long)2>, (int)4, TrivialOffsetCalculator<(int)1, unsigned int>, TrivialOffsetCalculator<(int)1, unsigned int>, at::native::memory::LoadWithCast<(int)1>, at::native::memory::StoreWithCast<(int)1>>(int, T1, T2, T4, T5, T6, T7)",2042394725,2042445157,0,7,291518204084224,386586,,,,,47971,2042311585,2042315458,cudaLaunchKernel_v7000,4781,stage,64,extend,1,cache_recall,,echo,GPU control,GPU control,,False,,,extend,2042394725,2042445157,50432
echo,24673,kernel,"void at::native::reduce_kernel<(int)512, (int)1, at::native::ReduceOp<long, at::native::func_wrapper_t<long, at::native::sum_functor<long, long, long>::operator ()(at::TensorIterator &)::[lambda(long, long) (instance 1)]>, unsigned int, long, (int)4, (int)4>>(T3)",2042449509,2042493317,0,7,291518204084224,386599,,,,,47973,2042331164,2042335311,cudaLaunchKernel_v7000,4781,stage,64,extend,1,cache_recall,,echo,GPU control,GPU control,,False,,,extend,2042449509,2042493317,43808
echo,24674,kernel,"void at::native::unrolled_elementwise_kernel<at::native::direct_copy_kernel_cuda(at::TensorIteratorBase &)::[lambda() (instance 3)]::operator ()() const::[lambda() (instance 3)]::operator ()() const::[lambda(int) (instance 1)], std::array<char *, (unsigned long)2>, (int)4, TrivialOffsetCalculator<(int)1, unsigned int>, TrivialOffsetCalculator<(int)1, unsigned int>, at::native::memory::LoadWithCast<(int)1>, at::native::memory::StoreWithCast<(int)1>>(int, T1, T2, T4, T5, T6, T7)",2042494917,2042496229,0,7,291518204084224,386612,,,,,47974,2042345963,2042349637,cudaLaunchKernel_v7000,4781,stage,64,extend,1,cache_recall,,echo,GPU control,GPU control,,False,,,extend,2042494917,2042496229,1312
echo,24675,kernel,_protect_kernel,2042497445,2042505829,0,7,291518204084224,386628,,,,,13559,2042389954,2042393763,cuLaunchKernelEx,4782,stage,64,extend,1,cache_control,,echo,GPU control,GPU control,,False,,,extend,2042497445,2042505829,8384
echo,24676,kernel,"void at::native::unrolled_elementwise_kernel<at::native::CUDAFunctorOnSelf_add<int>, std::array<char *, (unsigned long)2>, (int)4, TrivialOffsetCalculator<(int)1, unsigned int>, TrivialOffsetCalculator<(int)1, unsigned int>, at::native::memory::LoadWithoutCast, at::native::memory::StoreWithoutCast>(int, T1, T2, T4, T5, T6, T7)",2042507109,2042507973,0,7,291518204084224,386634,,,,,47975,2042405181,2042409201,cudaLaunchKernel_v7000,4782,stage,64,extend,1,cache_control,,echo,GPU control,GPU control,,False,,,extend,2042507109,2042507973,864
echo,24677,kernel,"void at::native::vectorized_elementwise_kernel<(int)4, void at::native::compare_scalar_kernel<int>(at::TensorIteratorBase &, at::native::<unnamed>::OpType, T1)::[lambda(int) (instance 1)], std::array<char *, (unsigned long)2>>(int, T2, T3)",2042512293,2042513605,0,7,291518204084224,386662,,,,,47977,2042445384,2042449662,cudaLaunchKernel_v7000,4782,stage,64,extend,1,cache_control,,echo,GPU control,GPU control,,False,,,extend,2042512293,2042513605,1312
echo,24678,kernel,"void at::native::vectorized_elementwise_kernel<(int)4, at::native::<unnamed>::masked_fill_kernel(at::TensorIterator &, const c10::Scalar &)::[lambda() (instance 1)]::operator ()() const::[lambda() (instance 3)]::operator ()() const::[lambda(int, bool) (instance 1)], std::array<char *, (unsigned long)3>>(int, T2, T3)",2042514853,2042516133,0,7,291518204084224,386670,,,,,47978,2042459975,2042463917,cudaLaunchKernel_v7000,4782,stage,64,extend,1,cache_control,,echo,GPU control,GPU control,,False,,,extend,2042514853,2042516133,1280
echo,24679,kernel,"void <unnamed>::argmin_bounded_kernel<(unsigned long)196608>(const int *, int *, const int *, int, int)",2042517285,2042518149,0,7,291518204084224,386680,,,,,47979,2042477430,2042481204,cudaLaunchKernel_v7000,4782,stage,64,extend,1,cache_control,,echo,GPU control,GPU control,,False,,,extend,2042517285,2042518149,864
echo,24680,kernel,_free_update_kernel,2042522053,2042523557,0,7,291518204084224,386699,,,,,13560,2042516018,2042519792,cuLaunchKernelEx,4782,stage,64,extend,1,cache_control,,echo,GPU control,GPU control,,False,,,extend,2042522053,2042523557,1504
echo,24681,kernel,_cuda_graph_allocator_free_kernel,2042548261,2042549189,0,7,291518204084224,386707,,,,,13561,2042542487,2042546200,cuLaunchKernelEx,4782,stage,64,extend,1,cache_control,,echo,GPU control,GPU control,,False,,,extend,2042548261,2042549189,928
echo,24682,kernel,_cuda_graph_allocator_alloc_kernel,2042579749,2042580901,0,7,291518204084224,386716,,,,,13562,2042573727,2042577265,cuLaunchKernelEx,4781,stage,64,extend,1,cache_recall,,echo,GPU control,GPU control,,False,,,extend,2042579749,2042580901,1152
echo,24683,kernel,"void at::native::unrolled_elementwise_kernel<at::native::direct_copy_kernel_cuda(at::TensorIteratorBase &)::[lambda() (instance 3)]::operator ()() const::[lambda() (instance 4)]::operator ()() const::[lambda(long) (instance 1)], std::array<char *, (unsigned long)2>, (int)4, TrivialOffsetCalculator<(int)1, unsigned int>, TrivialOffsetCalculator<(int)1, unsigned int>, at::native::memory::LoadWithCast<(int)1>, at::native::memory::StoreWithCast<(int)1>>(int, T1, T2, T4, T5, T6, T7)",2042608101,2042611557,0,7,291518204084224,386731,,,,,47980,2042601555,2042606306,cudaLaunchKernel_v7000,4783,stage,64,extend,1,cache_control,,echo,GPU control,GPU control,,False,,,extend,2042608101,2042611557,3456
echo,24684,kernel,"void at::native::index_elementwise_kernel<(int)128, (int)4, void at::native::gpu_index_kernel<void at::native::index_put_kernel_impl<at::native::OpaqueType<(int)4>>(at::TensorIterator &, c10::ArrayRef<long>, c10::ArrayRef<long>)::[lambda(char *, const char *, long) (instance 1)]>(at::TensorIteratorBase &, c10::ArrayRef<long>, c10::ArrayRef<long>, const T1 &, bool)::[lambda(int) (instance 1)]>(long, T3)",2042618245,2042621829,0,7,291518204084224,386737,,,,,47981,2042612233,2042616007,cudaLaunchKernel_v7000,4783,stage,64,extend,1,cache_control,,echo,GPU control,GPU control,,False,,,extend,2042618245,2042621829,3584
echo,24685,kernel,"void at::native::unrolled_elementwise_kernel<at::native::CUDAFunctorOnSelf_add<int>, std::array<char *, (unsigned long)2>, (int)4, TrivialOffsetCalculator<(int)1, unsigned int>, TrivialOffsetCalculator<(int)1, unsigned int>, at::native::memory::LoadWithoutCast, at::native::memory::StoreWithoutCast>(int, T1, T2, T4, T5, T6, T7)",2042632069,2042632901,0,7,291518204084224,386748,,,,,47982,2042626382,2042629929,cudaLaunchKernel_v7000,4783,stage,64,extend,1,cache_control,,echo,GPU control,GPU control,,False,,,extend,2042632069,2042632901,832
echo,24686,kernel,"void at::native::unrolled_elementwise_kernel<at::native::FillFunctor<int>, std::array<char *, (unsigned long)1>, (int)4, TrivialOffsetCalculator<(int)0, unsigned int>, TrivialOffsetCalculator<(int)1, unsigned int>, at::native::memory::LoadWithoutCast, at::native::memory::StoreWithoutCast>(int, T1, T2, T4, T5, T6, T7)",2042647589,2042648293,0,7,291518204084224,386760,,,,,47983,2042642023,2042645407,cudaLaunchKernel_v7000,4783,stage,64,extend,1,cache_control,,echo,GPU control,GPU control,,False,,,extend,2042647589,2042648293,704
echo,24687,kernel,"void at::native::vectorized_elementwise_kernel<(int)4, at::native::FillFunctor<unsigned int>, std::array<char *, (unsigned long)1>>(int, T2, T3)",2042679077,2042679941,0,7,291518204084224,386775,,,,,47984,2042673091,2042677054,cudaLaunchKernel_v7000,4784,stage,64,extend,1,io_h2d,,echo,GPU control,GPU control,,False,,,extend,2042679077,2042679941,864
echo,24688,kernel,_recall_update_extend_kernel,2042713925,2044246946,0,7,291518204084224,386788,,,,,13563,2042708109,2042711754,cuLaunchKernelEx,4784,stage,64,extend,1,io_h2d,,echo,GPU control,ECHO recall (IO unknown),Source-identified recall kernel with dynamic miss count; per-call bytes unknown,True,,,extend,2042713925,2044246946,1533021
echo,24689,kernel,"void at::native::unrolled_elementwise_kernel<at::native::direct_copy_kernel_cuda(at::TensorIteratorBase &)::[lambda() (instance 3)]::operator ()() const::[lambda() (instance 4)]::operator ()() const::[lambda(long) (instance 1)], std::array<char *, (unsigned long)2>, (int)4, TrivialOffsetCalculator<(int)1, unsigned int>, TrivialOffsetCalculator<(int)1, unsigned int>, at::native::memory::LoadWithCast<(int)1>, at::native::memory::StoreWithCast<(int)1>>(int, T1, T2, T4, T5, T6, T7)",2044248162,2044251810,0,7,291518204084224,386799,,,,,47985,2042731036,2042735012,cudaLaunchKernel_v7000,4776,stage,64,extend,1,cache_control,,echo,GPU control,GPU control,,False,,,extend,2044248162,2044251810,3648
echo,24690,kernel,"void at::native::index_elementwise_kernel<(int)128, (int)4, void at::native::gpu_index_kernel<void at::native::index_kernel_impl<at::native::OpaqueType<(int)4>>(at::TensorIteratorBase &, c10::ArrayRef<long>, c10::ArrayRef<long>)::[lambda(char *, const char *, long) (instance 1)]>(at::TensorIteratorBase &, c10::ArrayRef<long>, c10::ArrayRef<long>, const T1 &, bool)::[lambda(int) (instance 1)]>(long, T3)",2044253154,2044257890,0,7,291518204084224,386810,,,,,47986,2042744200,2042747863,cudaLaunchKernel_v7000,4776,stage,64,extend,1,cache_control,,echo,GPU control,GPU control,,False,,,extend,2044253154,2044257890,4736
echo,24691,kernel,"void at::native::<unnamed>::CatArrayBatchedCopy<at::native::<unnamed>::OpaqueType<(unsigned int)2>, unsigned int, (int)3, (int)64, (int)64>(T1 *, at::native::<unnamed>::CatArrInputTensorMetadata<T1, T2, T4, T5>, at::native::<unnamed>::TensorSizeStride<T2, (unsigned int)4>, int, T2)",2044259234,2044302465,0,7,291518204084224,386823,,,,,47987,2042768002,2042772541,cudaLaunchKernel_v7000,4776,stage,64,extend,1,cache_control,,echo,GPU control,GPU control,,False,,,extend,2044259234,2044302465,43231
echo,24692,kernel,"void sm90::sparse_attn_fwd_kernel<sm90::TmaParams<cute::tuple<int, int, int>, cute::TiledCopy<cute::Copy_Atom<cute::Copy_Traits<cute::SM90_TMA_LOAD, cute::C<(int)65536>, cute::AuxTmaParams<cute::tuple<cute::ScaledBasis<cute::C<(int)1>, (int)1>, cute::ScaledBasis<cute::C<(int)1>, (int)0>, cute::ScaledBasis<cute::C<(int)1>, (int)2>>, const cute::Layout<cute::tuple<cute::C<(int)64>, cute::C<(int)64>, cute::C<(int)1>>, cute::tuple<cute::ScaledBasis<cute::C<(int)1>, (int)1>, cute::ScaledBasis<cute::C<(int)1>, (int)0>, cute::ScaledBasis<cute::C<(int)1>, (int)2>>> &, const cute::Swizzle<(int)3, (int)4, (int)3> &>>, cutlass::bfloat16_t>, cute::Layout<cute::tuple<cute::C<(int)1>, cute::tuple<cute::tuple<cute::tuple<cute::C<(int)64>, cute::C<(int)64>>, cute::C<(int)9>>>>, cute::tuple<cute::C<(int)0>, cute::tuple<cute::tuple<cute::tuple<cute::C<(int)64>, cute::C<(int)1>>, cute::C<(int)4096>>>>>, cute::tuple<cute::C<(int)64>, cute::C<(int)576>>>>>(SparsePrefillParams, T1)",2044303809,2044422017,0,7,291518204084224,386857,,,,,47990,2042813249,2042818235,cudaLaunchKernelExC_v11060,4785,stage,64,extend,1,attention,,echo,Compute,Attention,,False,,,extend,2044303809,2044422017,118208
echo,24693,kernel,nvjet_tst_128x128_64x6_1x1_v_bz_TNT,2044423553,2044434145,0,7,291518204084224,386877,,,,,13568,2042892535,2042898216,cuLaunchKernelEx,4775,stage,64,extend,1,output_mlp,,echo,Compute,Output / MLP,,False,,,extend,2044423553,2044434145,10592
echo,24694,kernel,"void per_token_group_quant_8bit_kernel<__nv_bfloat16, __nv_fp8_e4m3, (bool)1, (bool)0, float>(const T1 *, void *, T5 *, int, int, int, float, float, float, int, int)",2044435361,2044439009,0,7,291518204084224,386898,,,,,47991,2042970973,2042976679,cudaLaunchKernel_v7000,4775,stage,64,extend,1,output_mlp,,echo,Compute,Output / MLP,,False,,,extend,2044435361,2044439009,3648
echo,24695,kernel,"void deep_gemm::sm90_fp8_gemm_1d2d_impl<(unsigned int)0, (unsigned int)7168, (unsigned int)16384, (unsigned int)1, (unsigned int)64, (unsigned int)112, (unsigned int)128, (unsigned int)32, (unsigned int)9, (unsigned int)2, (unsigned int)128, (unsigned int)128, (unsigned int)1, (bool)0, (unsigned int)128, (deep_gemm::GemmType)0, deep_gemm::EpilogueIdentity>(float *, int *, unsigned int, unsigned int, unsigned int, CUtensorMap_st, CUtensorMap_st, CUtensorMap_st, CUtensorMap_st)",2044440193,2044479489,0,7,291518204084224,386912,,,,,13573,2043051118,2043056519,cuLaunchKernelEx,4775,stage,64,extend,1,output_mlp,,echo,Compute,Output / MLP,,False,,,extend,2044440193,2044479489,39296
echo,24696,kernel,"void flashinfer::norm::FusedAddRMSNormKernel<(unsigned int)8, __nv_bfloat16>(T2 *, T2 *, T2 *, unsigned int, unsigned int, unsigned int, float, float)",2044479745,2044483201,0,7,291518204084224,386925,,,,,47994,2043123828,2043129132,cudaLaunchKernelExC_v11060,4786,stage,64,extend,1,output_mlp,,echo,Compute,Output / MLP,,False,,,extend,2044479745,2044483201,3456
echo,24697,kernel,"void per_token_group_quant_8bit_kernel<__nv_bfloat16, __nv_fp8_e4m3, (bool)1, (bool)0, float>(const T1 *, void *, T5 *, int, int, int, float, float, float, int, int)",2044484545,2044487457,0,7,291518204084224,386946,,,,,47997,2043219132,2043224663,cudaLaunchKernel_v7000,4787,stage,64,extend,1,output_mlp,,echo,Compute,Output / MLP,,False,,,extend,2044484545,2044487457,2912
echo,24698,kernel,"void deep_gemm::sm90_fp8_gemm_1d2d_impl<(unsigned int)0, (unsigned int)36864, (unsigned int)7168, (unsigned int)1, (unsigned int)128, (unsigned int)144, (unsigned int)128, (unsigned int)32, (unsigned int)5, (unsigned int)1, (unsigned int)128, (unsigned int)256, (unsigned int)1, (bool)0, (unsigned int)128, (deep_gemm::GemmType)0, deep_gemm::EpilogueIdentity>(float *, int *, unsigned int, unsigned int, unsigned int, CUtensorMap_st, CUtensorMap_st, CUtensorMap_st, CUtensorMap_st)",2044488513,2044560097,0,7,291518204084224,386960,,,,,13578,2043272374,2043277359,cuLaunchKernelEx,4787,stage,64,extend,1,output_mlp,,echo,Compute,Output / MLP,,False,,,extend,2044488513,2044560097,71584
echo,24699,kernel,"void flashinfer::activation::act_and_mul_kernel<__nv_bfloat16, &silu<float>>(T1 *, const T1 *, int)",2044561441,2044566849,0,7,291518204084224,386970,,,,,47998,2043306734,2043311517,cudaLaunchKernel_v7000,4787,stage,64,extend,1,output_mlp,,echo,Compute,Output / MLP,,False,,,extend,2044561441,2044566849,5408
echo,24700,kernel,"void per_token_group_quant_8bit_kernel<__nv_bfloat16, __nv_fp8_e4m3, (bool)1, (bool)0, float>(const T1 *, void *, T5 *, int, int, int, float, float, float, int, int)",2044567969,2044572321,0,7,291518204084224,386991,,,,,47999,2043354441,2043358978,cudaLaunchKernel_v7000,4787,stage,64,extend,1,output_mlp,,echo,Compute,Output / MLP,,False,,,extend,2044567969,2044572321,4352
echo,24701,kernel,"void deep_gemm::sm90_fp8_gemm_1d2d_impl<(unsigned int)0, (unsigned int)7168, (unsigned int)18432, (unsigned int)1, (unsigned int)64, (unsigned int)112, (unsigned int)128, (unsigned int)32, (unsigned int)9, (unsigned int)0, (unsigned int)128, (unsigned int)128, (unsigned int)1, (bool)0, (unsigned int)128, (deep_gemm::GemmType)0, deep_gemm::EpilogueIdentity>(float *, int *, unsigned int, unsigned int, unsigned int, CUtensorMap_st, CUtensorMap_st, CUtensorMap_st, CUtensorMap_st)",2044573569,2044618017,0,7,291518204084224,387005,,,,,13583,2043396529,2043400892,cuLaunchKernelEx,4787,stage,64,extend,1,output_mlp,,echo,Compute,Output / MLP,,False,,,extend,2044573569,2044618017,44448
echo,24702,kernel,"void flashinfer::norm::FusedAddRMSNormKernel<(unsigned int)8, __nv_bfloat16>(T2 *, T2 *, T2 *, unsigned int, unsigned int, unsigned int, float, float)",2044617921,2044621377,0,7,291518204084224,387008,,,,,48000,2043465861,2043470914,cudaLaunchKernelExC_v11060,4790,stage,64,extend,2,projection,,echo,Compute,Projection / RoPE,,False,,,extend,2044617921,2044621377,3456
echo,24703,kernel,"void per_token_group_quant_8bit_kernel<__nv_bfloat16, __nv_fp8_e4m3, (bool)1, (bool)0, float>(const T1 *, void *, T5 *, int, int, int, float, float, float, int, int)",2044622689,2044625185,0,7,291518204084224,387027,,,,,48001,2043543935,2043549335,cudaLaunchKernel_v7000,4791,stage,64,extend,2,projection,,echo,Compute,Projection / RoPE,,False,,,extend,2044622689,2044625185,2496
echo,24704,kernel,"void deep_gemm::sm90_fp8_gemm_1d2d_impl<(unsigned int)0, (unsigned int)2112, (unsigned int)7168, (unsigned int)1, (unsigned int)64, (unsigned int)32, (unsigned int)128, (unsigned int)64, (unsigned int)12, (unsigned int)8, (unsigned int)128, (unsigned int)128, (unsigned int)1, (bool)0, (unsigned int)132, (deep_gemm::GemmType)0, deep_gemm::EpilogueIdentity>(float *, int *, unsigned int, unsigned int, unsigned int, CUtensorMap_st, CUtensorMap_st, CUtensorMap_st, CUtensorMap_st)",2044626337,2044636929,0,7,291518204084224,387041,,,,,13588,2043590052,2043594667,cuLaunchKernelEx,4791,stage,64,extend,2,projection,,echo,Compute,Projection / RoPE,,False,,,extend,2044626337,2044636929,10592
echo,24705,kernel,"void flashinfer::norm::RMSNormKernel<(unsigned int)8, __nv_bfloat16>(T2 *, T2 *, T2 *, unsigned int, unsigned int, unsigned int, float, float)",2044636833,2044638913,0,7,291518204084224,387055,,,,,48002,2043641188,2043645759,cudaLaunchKernelExC_v11060,4791,stage,64,extend,2,projection,,echo,Compute,Projection / RoPE,,False,,,extend,2044636833,2044638913,2080
echo,24706,kernel,"void flashinfer::norm::RMSNormKernel<(unsigned int)8, __nv_bfloat16>(T2 *, T2 *, T2 *, unsigned int, unsigned int, unsigned int, float, float)",2044639041,2044640897,0,7,291518204084224,387068,,,,,48003,2043659998,2043663785,cudaLaunchKernelExC_v11060,4791,stage,64,extend,2,projection,,echo,Compute,Projection / RoPE,,False,,,extend,2044639041,2044640897,1856
echo,24707,kernel,"void per_token_group_quant_8bit_kernel<__nv_bfloat16, __nv_fp8_e4m3, (bool)1, (bool)0, float>(const T1 *, void *, T5 *, int, int, int, float, float, float, int, int)",2044642017,2044643649,0,7,291518204084224,387089,,,,,48004,2043705486,2043709984,cudaLaunchKernel_v7000,4791,stage,64,extend,2,projection,,echo,Compute,Projection / RoPE,,False,,,extend,2044642017,2044643649,1632
echo,24708,kernel,"void deep_gemm::sm90_fp8_gemm_1d2d_impl<(unsigned int)0, (unsigned int)24576, (unsigned int)1536, (unsigned int)1, (unsigned int)128, (unsigned int)192, (unsigned int)128, (unsigned int)128, (unsigned int)4, (unsigned int)0, (unsigned int)128, (unsigned int)256, (unsigned int)1, (bool)0, (unsigned int)128, (deep_gemm::GemmType)0, deep_gemm::EpilogueIdentity>(float *, int *, unsigned int, unsigned int, unsigned int, CUtensorMap_st, CUtensorMap_st, CUtensorMap_st, CUtensorMap_st)",2044644737,2044660481,0,7,291518204084224,387103,,,,,13593,2043747112,2043751634,cuLaunchKernelEx,4791,stage,64,extend,2,projection,,echo,Compute,Projection / RoPE,,False,,,extend,2044644737,2044660481,15744
echo,24709,kernel,nvjet_tst_256x128_64x4_2x1_v_bz_coopA_TNT,2044662113,2044672737,0,7,291518204084224,387120,,,,,13596,2043815593,2043822623,cuLaunchKernelEx,4791,stage,64,extend,2,projection,,echo,Compute,Projection / RoPE,,False,,,extend,2044662113,2044672737,10624
echo,24710,kernel,"void flashinfer::BatchQKApplyRotaryPosIdsCosSinCacheHeadParallelismKernel<(bool)1, (unsigned int)64, (unsigned int)8, (unsigned int)8, __nv_bfloat16, long>(T5 *, T5 *, T5 *, T5 *, float *, T6 *, unsigned int, unsigned int, unsigned int, unsigned int, unsigned long, unsigned long, unsigned long, unsigned long, unsigned long, unsigned long, unsigned long, unsigned long)",2044673825,2044676577,0,7,291518204084224,387128,,,,,48005,2043872269,2043877395,cudaLaunchKernel_v7000,4791,stage,64,extend,2,projection,,echo,Compute,Projection / RoPE,,False,,,extend,2044673825,2044676577,2752
echo,24711,kernel,"void per_token_group_quant_8bit_kernel<__nv_bfloat16, __nv_fp8_e4m3, (bool)1, (bool)0, float>(const T1 *, void *, T5 *, int, int, int, float, float, float, int, int)",2044677569,2044679553,0,7,291518204084224,387147,,,,,48006,2043946081,2043951308,cudaLaunchKernel_v7000,4792,stage,64,extend,2,indexer,,echo,Compute,Indexer / top-k,,False,,,extend,2044677569,2044679553,1984
echo,24712,kernel,"void deep_gemm::sm90_fp8_gemm_1d2d_impl<(unsigned int)0, (unsigned int)8192, (unsigned int)1536, (unsigned int)1, (unsigned int)64, (unsigned int)128, (unsigned int)128, (unsigned int)128, (unsigned int)8, (unsigned int)4, (unsigned int)128, (unsigned int)128, (unsigned int)1, (bool)0, (unsigned int)128, (deep_gemm::GemmType)0, deep_gemm::EpilogueIdentity>(float *, int *, unsigned int, unsigned int, unsigned int, CUtensorMap_st, CUtensorMap_st, CUtensorMap_st, CUtensorMap_st)",2044680705,2044688801,0,7,291518204084224,387161,,,,,13601,2043992086,2043996617,cuLaunchKernelEx,4792,stage,64,extend,2,indexer,,echo,Compute,Indexer / top-k,,False,,,extend,2044680705,2044688801,8096
echo,24713,kernel,"void per_token_group_quant_8bit_kernel<__nv_bfloat16, __nv_fp8_e4m3, (bool)1, (bool)0, float>(const T1 *, void *, T5 *, int, int, int, float, float, float, int, int)",2044689761,2044692513,0,7,291518204084224,387180,,,,,48007,2044073093,2044078081,cudaLaunchKernel_v7000,4792,stage,64,extend,2,indexer,,echo,Compute,Indexer / top-k,,False,,,extend,2044689761,2044692513,2752
echo,24714,kernel,"void deep_gemm::sm90_fp8_gemm_1d2d_impl<(unsigned int)0, (unsigned int)128, (unsigned int)7168, (unsigned int)1, (unsigned int)64, (unsigned int)16, (unsigned int)128, (unsigned int)32, (unsigned int)12, (unsigned int)8, (unsigned int)128, (unsigned int)128, (unsigned int)1, (bool)0, (unsigned int)16, (deep_gemm::GemmType)0, deep_gemm::EpilogueIdentity>(float *, int *, unsigned int, unsigned int, unsigned int, CUtensorMap_st, CUtensorMap_st, CUtensorMap_st, CUtensorMap_st)",2044693793,2044702497,0,7,291518204084224,387194,,,,,13606,2044115186,2044119610,cuLaunchKernelEx,4792,stage,64,extend,2,indexer,,echo,Compute,Indexer / top-k,,False,,,extend,2044693793,2044702497,8704
echo,24715,kernel,"void at::native::unrolled_elementwise_kernel<at::native::direct_copy_kernel_cuda(at::TensorIteratorBase &)::[lambda() (instance 3)]::operator ()() const::[lambda() (instance 7)]::operator ()() const::[lambda(float) (instance 1)], std::array<char *, (unsigned long)2>, (int)4, TrivialOffsetCalculator<(int)1, unsigned int>, TrivialOffsetCalculator<(int)1, unsigned int>, at::native::memory::LoadWithCast<(int)1>, at::native::memory::StoreWithCast<(int)1>>(int, T1, T2, T4, T5, T6, T7)",2044703777,2044706753,0,7,291518204084224,387204,,,,,48008,2044148754,2044153908,cudaLaunchKernel_v7000,4792,stage,64,extend,2,indexer,,echo,Compute,Indexer / top-k,,False,,,extend,2044703777,2044706753,2976
echo,24716,kernel,"void at::native::<unnamed>::vectorized_layer_norm_kernel<float, float>(int, T2, const T1 *, const T1 *, const T1 *, T2 *, T2 *, T1 *)",2044708001,2044711009,0,7,291518204084224,387234,,,,,48009,2044177281,2044181254,cudaLaunchKernel_v7000,4792,stage,64,extend,2,indexer,,echo,Compute,Indexer / top-k,,False,,,extend,2044708001,2044711009,3008
echo,24717,kernel,"void at::native::vectorized_elementwise_kernel<(int)8, at::native::bfloat16_copy_kernel_cuda(at::TensorIteratorBase &)::[lambda(float) (instance 1)], std::array<char *, (unsigned long)2>>(int, T2, T3)",2044712417,2044713441,0,7,291518204084224,387247,,,,,48010,2044195077,2044198960,cudaLaunchKernel_v7000,4792,stage,64,extend,2,indexer,,echo,Compute,Indexer / top-k,,False,,,extend,2044712417,2044713441,1024
echo,24718,kernel,"void flashinfer::BatchQKApplyRotaryPosIdsCosSinCacheHeadParallelismKernel<(bool)0, (unsigned int)64, (unsigned int)8, (unsigned int)8, __nv_bfloat16, long>(T5 *, T5 *, T5 *, T5 *, float *, T6 *, unsigned int, unsigned int, unsigned int, unsigned int, unsigned long, unsigned long, unsigned long, unsigned long, unsigned long, unsigned long, unsigned long, unsigned long)",2044714753,2044716993,0,7,291518204084224,387257,,,,,48011,2044244472,2044248907,cudaLaunchKernel_v7000,4792,stage,64,extend,2,indexer,,echo,Compute,Indexer / top-k,,False,,,extend,2044714753,2044716993,2240
echo,24719,kernel,"void fast_hadamard_transform_kernel<fast_hadamard_transform_kernel_traits<(int)16, (int)7, c10::BFloat16>>(HadamardParamsBase)",2044718113,2044724385,0,7,291518204084224,387273,,,,,48012,2044294979,2044299434,cudaLaunchKernel_v7000,4792,stage,64,extend,2,indexer,,echo,Compute,Indexer / top-k,,False,,,extend,2044718113,2044724385,6272
echo,24720,kernel,"void fast_hadamard_transform_kernel<fast_hadamard_transform_kernel_traits<(int)16, (int)7, c10::BFloat16>>(HadamardParamsBase)",2044725633,2044726817,0,7,291518204084224,387286,,,,,48013,2044323676,2044327444,cudaLaunchKernel_v7000,4792,stage,64,extend,2,indexer,,echo,Compute,Indexer / top-k,,False,,,extend,2044725633,2044726817,1184
echo,24721,kernel,_act_quant_kernel,2044727969,2044730049,0,7,291518204084224,387309,,,,,13607,2044401326,2044406191,cuLaunchKernelEx,4792,stage,64,extend,2,indexer,,echo,Compute,Indexer / top-k,,False,,,extend,2044727969,2044730049,2080
echo,24722,kernel,_act_quant_kernel,2044731393,2044733089,0,7,291518204084224,387329,,,,,13608,2044451731,2044455689,cuLaunchKernelEx,4792,stage,64,extend,2,indexer,,echo,Compute,Indexer / top-k,,False,,,extend,2044731393,2044733089,1696
echo,24723,kernel,_set_k_and_s_triton_kernel,2044734337,2044735617,0,7,291518204084224,387337,,,,,13609,2044513810,2044518044,cuLaunchKernelEx,4793,stage,64,extend,2,cache_write,,echo,GPU control,GPU control,,False,,,extend,2044734337,2044735617,1280
echo,24724,kernel,triton_poi_fused__to_copy_0,2044736961,2044738881,0,7,291518204084224,387347,,,,,13610,2044643149,2044649905,cuLaunchKernel,4792,stage,64,extend,2,indexer,,echo,Compute,Indexer / top-k,,False,,,extend,2044736961,2044738881,1920
echo,24725,kernel,void cutlass::Kernel2<cutlass_80_simt_sgemm_64x64_8x5_tn_align1>(T1::Params),2044740161,2044751265,0,7,291518204084224,387362,,,,,13612,2044690463,2044695484,cuLaunchKernel,4792,stage,64,extend,2,indexer,,echo,Compute,Indexer / top-k,,False,,,extend,2044740161,2044751265,11104
echo,24726,kernel,"void cublasLt::splitKreduce_kernel<(int)32, (int)16, int, float, float, float, float, (bool)0, float, float, float, (bool)1, (bool)0, (bool)0>(cublasLt::cublasSplitKParams<T6>, const T4 *, const T10 *, T9 *, T5 *, const T6 *, const T6 *, const T11 *, const T4 *, T11 *, void *, long, T6 *, int *, T6 *, T6 *, const T6 *, const T6 *, const T6 *, const T6 *, const T6 *)",2044752417,2044755649,0,7,291518204084224,387364,,,,,48014,2044697994,2044702842,cudaLaunchKernel_v7000,4792,stage,64,extend,2,indexer,,echo,Compute,Indexer / top-k,,False,,,extend,2044752417,2044755649,3232
echo,24727,kernel,triton_poi_fused_mul_1,2044756833,2044757825,0,7,291518204084224,387371,,,,,13613,2044722614,2044726386,cuLaunchKernel,4792,stage,64,extend,2,indexer,,echo,Compute,Indexer / top-k,,False,,,extend,2044756833,2044757825,992
echo,24728,kernel,"void at::native::vectorized_elementwise_kernel<(int)4, at::native::AUnaryFunctor<int, int, int, at::native::binary_internal::MulFunctor<int>>, std::array<char *, (unsigned long)2>>(int, T2, T3)",2044818529,2044819744,0,7,291518204084224,387382,,,,,48015,2044811102,2044817009,cudaLaunchKernel_v7000,4794,stage,64,extend,2,indexer_control,,echo,GPU control,GPU control,,False,,,extend,2044818529,2044819744,1215
echo,24729,kernel,"void <unnamed>::elementwise_kernel_with_index<int, at::native::arange_cuda_out(const c10::Scalar &, const c10::Scalar &, const c10::Scalar &, at::Tensor &)::[lambda() (instance 1)]::operator ()() const::[lambda() (instance 3)]::operator ()() const::[lambda(long) (instance 1)]>(T1, T2, function_traits<T2>::result_type *)",2044849888,2044850720,0,7,291518204084224,387402,,,,,48016,2044843373,2044847971,cudaLaunchKernel_v7000,4794,stage,64,extend,2,indexer_control,,echo,GPU control,GPU control,,False,,,extend,2044849888,2044850720,832
echo,24730,kernel,"void at::native::elementwise_kernel<(int)128, (int)2, void at::native::gpu_kernel_impl_nocast<at::native::CUDAFunctor_add<int>>(at::TensorIteratorBase &, const T1 &)::[lambda(int) (instance 1)]>(int, T3)",2044871712,2044893248,0,7,291518204084224,387415,,,,,48017,2044865457,2044869669,cudaLaunchKernel_v7000,4794,stage,64,extend,2,indexer_control,,echo,GPU control,GPU control,,False,,,extend,2044871712,2044893248,21536
echo,24731,kernel,"void at::native::unrolled_elementwise_kernel<at::native::direct_copy_kernel_cuda(at::TensorIteratorBase &)::[lambda() (instance 3)]::operator ()() const::[lambda() (instance 4)]::operator ()() const::[lambda(long) (instance 1)], std::array<char *, (unsigned long)2>, (int)4, TrivialOffsetCalculator<(int)1, unsigned int>, TrivialOffsetCalculator<(int)1, unsigned int>, at::native::memory::LoadWithCast<(int)1>, at::native::memory::StoreWithCast<(int)1>>(int, T1, T2, T4, T5, T6, T7)",2044910112,2044940128,0,7,291518204084224,387432,,,,,48018,2044903166,2044908104,cudaLaunchKernel_v7000,4794,stage,64,extend,2,indexer_control,,echo,GPU control,GPU control,,False,,,extend,2044910112,2044940128,30016
echo,24732,kernel,"void at::native::index_elementwise_kernel<(int)128, (int)4, void at::native::gpu_index_kernel<void at::native::index_kernel_impl<at::native::OpaqueType<(int)1>>(at::TensorIteratorBase &, c10::ArrayRef<long>, c10::ArrayRef<long>)::[lambda(char *, const char *, long) (instance 1)]>(at::TensorIteratorBase &, c10::ArrayRef<long>, c10::ArrayRef<long>, const T1 &, bool)::[lambda(int) (instance 1)]>(long, T3)",2044941696,2044994112,0,7,291518204084224,387443,,,,,48019,2044919428,2044923828,cudaLaunchKernel_v7000,4794,stage,64,extend,2,indexer_control,,echo,GPU control,GPU control,,False,,,extend,2044941696,2044994112,52416
echo,24733,kernel,"void at::native::vectorized_elementwise_kernel<(int)4, at::native::AUnaryFunctor<int, int, int, at::native::binary_internal::MulFunctor<int>>, std::array<char *, (unsigned long)2>>(int, T2, T3)",2044995648,2044996832,0,7,291518204084224,387458,,,,,48020,2044945079,2044949137,cudaLaunchKernel_v7000,4794,stage,64,extend,2,indexer_control,,echo,GPU control,GPU control,,False,,,extend,2044995648,2044996832,1184
echo,24734,kernel,"void <unnamed>::elementwise_kernel_with_index<int, at::native::arange_cuda_out(const c10::Scalar &, const c10::Scalar &, const c10::Scalar &, at::Tensor &)::[lambda() (instance 1)]::operator ()() const::[lambda() (instance 3)]::operator ()() const::[lambda(long) (instance 1)]>(T1, T2, function_traits<T2>::result_type *)",2044997984,2044998688,0,7,291518204084224,387478,,,,,48021,2044963027,2044966474,cudaLaunchKernel_v7000,4794,stage,64,extend,2,indexer_control,,echo,GPU control,GPU control,,False,,,extend,2044997984,2044998688,704
echo,24735,kernel,"void at::native::elementwise_kernel<(int)128, (int)2, void at::native::gpu_kernel_impl_nocast<at::native::CUDAFunctor_add<int>>(at::TensorIteratorBase &, const T1 &)::[lambda(int) (instance 1)]>(int, T3)",2045000000,2045002176,0,7,291518204084224,387491,,,,,48022,2044977775,2044980983,cudaLaunchKernel_v7000,4794,stage,64,extend,2,indexer_control,,echo,GPU control,GPU control,,False,,,extend,2045000000,2045002176,2176
echo,24736,kernel,"void at::native::vectorized_elementwise_kernel<(int)4, at::native::CUDAFunctorOnSelf_add<int>, std::array<char *, (unsigned long)2>>(int, T2, T3)",2045003328,2045004896,0,7,291518204084224,387501,,,,,48023,2044990676,2044994169,cudaLaunchKernel_v7000,4794,stage,64,extend,2,indexer_control,,echo,GPU control,GPU control,,False,,,extend,2045003328,2045004896,1568
echo,24737,kernel,"void at::native::unrolled_elementwise_kernel<at::native::direct_copy_kernel_cuda(at::TensorIteratorBase &)::[lambda() (instance 3)]::operator ()() const::[lambda() (instance 4)]::operator ()() const::[lambda(long) (instance 1)], std::array<char *, (unsigned long)2>, (int)4, TrivialOffsetCalculator<(int)1, unsigned int>, TrivialOffsetCalculator<(int)1, unsigned int>, at::native::memory::LoadWithCast<(int)1>, at::native::memory::StoreWithCast<(int)1>>(int, T1, T2, T4, T5, T6, T7)",2045018112,2045020864,0,7,291518204084224,387518,,,,,48024,2045012416,2045016140,cudaLaunchKernel_v7000,4794,stage,64,extend,2,indexer_control,,echo,GPU control,GPU control,,False,,,extend,2045018112,2045020864,2752
echo,24738,kernel,"void at::native::index_elementwise_kernel<(int)128, (int)4, void at::native::gpu_index_kernel<void at::native::index_kernel_impl<at::native::OpaqueType<(int)1>>(at::TensorIteratorBase &, c10::ArrayRef<long>, c10::ArrayRef<long>)::[lambda(char *, const char *, long) (instance 1)]>(at::TensorIteratorBase &, c10::ArrayRef<long>, c10::ArrayRef<long>, const T1 &, bool)::[lambda(int) (instance 1)]>(long, T3)",2045029600,2045034048,0,7,291518204084224,387529,,,,,48025,2045023716,2045027294,cudaLaunchKernel_v7000,4794,stage,64,extend,2,indexer_control,,echo,GPU control,GPU control,,False,,,extend,2045029600,2045034048,4448
echo,24739,kernel,"void at::native::vectorized_elementwise_kernel<(int)4, at::native::FillFunctor<int>, std::array<char *, (unsigned long)1>>(int, T2, T3)",2045057792,2045058560,0,7,291518204084224,387544,,,,,48026,2045051785,2045055823,cudaLaunchKernel_v7000,4794,stage,64,extend,2,indexer_control,,echo,GPU control,GPU control,,False,,,extend,2045057792,2045058560,768
echo,24740,kernel,"void at::native::vectorized_elementwise_kernel<(int)4, at::native::CUDAFunctor_add<int>, std::array<char *, (unsigned long)3>>(int, T2, T3)",2045152320,2045153344,0,7,291518204084224,387590,,,,,48030,2045146429,2045150336,cudaLaunchKernel_v7000,4794,stage,64,extend,2,indexer_control,,echo,GPU control,GPU control,,False,,,extend,2045152320,2045153344,1024
echo,24741,kernel,"void at::native::vectorized_elementwise_kernel<(int)4, at::native::FillFunctor<int>, std::array<char *, (unsigned long)1>>(int, T2, T3)",2045165216,2045166016,0,7,291518204084224,387596,,,,,48031,2045159665,2045163146,cudaLaunchKernel_v7000,4794,stage,64,extend,2,indexer_control,,echo,GPU control,GPU control,,False,,,extend,2045165216,2045166016,800
echo,24742,kernel,"at::native::<unnamed>::fill_reverse_indices_kernel(long *, int, at::cuda::detail::IntDivider<unsigned int>)",2045195072,2045196320,0,7,291518204084224,387619,,,,,48033,2045189012,2045192762,cudaLaunchKernel_v7000,4794,stage,64,extend,2,indexer_control,,echo,GPU control,GPU control,,False,,,extend,2045195072,2045196320,1248
echo,24743,kernel,"void at_cuda_detail::cub::DeviceRadixSortHistogramKernel<at_cuda_detail::cub::DeviceRadixSortPolicy<int, at::cuda::cub::detail::OpaqueType<(int)8>, unsigned long long>::Policy900, (bool)0, int, unsigned long long, at_cuda_detail::cub::detail::identity_decomposer_t>(T4 *, const T3 *, T4, int, int, T5)",2045222144,2045224960,0,7,291518204084224,387642,,,,,48036,2045216047,2045220130,cudaLaunchKernel_v7000,4794,stage,64,extend,2,indexer_control,,echo,GPU control,GPU control,,False,,,extend,2045222144,2045224960,2816
echo,24744,kernel,"void at_cuda_detail::cub::DeviceRadixSortExclusiveSumKernel<at_cuda_detail::cub::DeviceRadixSortPolicy<int, at::cuda::cub::detail::OpaqueType<(int)8>, unsigned long long>::Policy900, unsigned long long>(T2 *)",2045227616,2045228768,0,7,291518204084224,387646,,,,,48037,2045221656,2045225127,cudaLaunchKernel_v7000,4794,stage,64,extend,2,indexer_control,,echo,GPU control,GPU control,,False,,,extend,2045227616,2045228768,1152
echo,24745,kernel,"void at_cuda_detail::cub::DeviceRadixSortOnesweepKernel<at_cuda_detail::cub::DeviceRadixSortPolicy<int, at::cuda::cub::detail::OpaqueType<(int)8>, unsigned long long>::Policy900, (bool)0, int, at::cuda::cub::detail::OpaqueType<(int)8>, unsigned long long, int, int, at_cuda_detail::cub::detail::identity_decomposer_t>(T7 *, T7 *, T5 *, const T5 *, T3 *, const T3 *, T4 *, const T4 *, T6, int, int, T8)",2045236160,2045245600,0,7,291518204084224,387652,,,,,48039,2045230369,2045233855,cudaLaunchKernel_v7000,4794,stage,64,extend,2,indexer_control,,echo,GPU control,GPU control,,False,,,extend,2045236160,2045245600,9440
echo,24746,kernel,"void at_cuda_detail::cub::DeviceRadixSortOnesweepKernel<at_cuda_detail::cub::DeviceRadixSortPolicy<int, at::cuda::cub::detail::OpaqueType<(int)8>, unsigned long long>::Policy900, (bool)0, int, at::cuda::cub::detail::OpaqueType<(int)8>, unsigned long long, int, int, at_cuda_detail::cub::detail::identity_decomposer_t>(T7 *, T7 *, T5 *, const T5 *, T3 *, const T3 *, T4 *, const T4 *, T6, int, int, T8)",2045249408,2045256928,0,7,291518204084224,387658,,,,,48041,2045238749,2045241669,cudaLaunchKernel_v7000,4794,stage,64,extend,2,indexer_control,,echo,GPU control,GPU control,,False,,,extend,2045249408,2045256928,7520
echo,24747,kernel,"void at_cuda_detail::cub::DeviceRadixSortOnesweepKernel<at_cuda_detail::cub::DeviceRadixSortPolicy<int, at::cuda::cub::detail::OpaqueType<(int)8>, unsigned long long>::Policy900, (bool)0, int, at::cuda::cub::detail::OpaqueType<(int)8>, unsigned long long, int, int, at_cuda_detail::cub::detail::identity_decomposer_t>(T7 *, T7 *, T5 *, const T5 *, T3 *, const T3 *, T4 *, const T4 *, T6, int, int, T8)",2045260544,2045267488,0,7,291518204084224,387664,,,,,48043,2045245902,2045248985,cudaLaunchKernel_v7000,4794,stage,64,extend,2,indexer_control,,echo,GPU control,GPU control,,False,,,extend,2045260544,2045267488,6944
echo,24748,kernel,"void at_cuda_detail::cub::DeviceRadixSortOnesweepKernel<at_cuda_detail::cub::DeviceRadixSortPolicy<int, at::cuda::cub::detail::OpaqueType<(int)8>, unsigned long long>::Policy900, (bool)0, int, at::cuda::cub::detail::OpaqueType<(int)8>, unsigned long long, int, int, at_cuda_detail::cub::detail::identity_decomposer_t>(T7 *, T7 *, T5 *, const T5 *, T3 *, const T3 *, T4 *, const T4 *, T6, int, int, T8)",2045270944,2045277920,0,7,291518204084224,387670,,,,,48045,2045253044,2045255838,cudaLaunchKernel_v7000,4794,stage,64,extend,2,indexer_control,,echo,GPU control,GPU control,,False,,,extend,2045270944,2045277920,6976
echo,24749,kernel,"void at::native::unrolled_elementwise_kernel<at::native::direct_copy_kernel_cuda(at::TensorIteratorBase &)::[lambda() (instance 3)]::operator ()() const::[lambda() (instance 3)]::operator ()() const::[lambda(int) (instance 1)], std::array<char *, (unsigned long)2>, (int)4, TrivialOffsetCalculator<(int)1, unsigned int>, TrivialOffsetCalculator<(int)1, unsigned int>, at::native::memory::LoadWithCast<(int)1>, at::native::memory::StoreWithCast<(int)1>>(int, T1, T2, T4, T5, T6, T7)",2045279552,2045281184,0,7,291518204084224,387686,,,,,48046,2045269255,2045272817,cudaLaunchKernel_v7000,4794,stage,64,extend,2,indexer_control,,echo,GPU control,GPU control,,False,,,extend,2045279552,2045281184,1632
echo,24750,kernel,"void at::native::vectorized_elementwise_kernel<(int)4, at::native::FillFunctor<unsigned int>, std::array<char *, (unsigned long)1>>(int, T2, T3)",2045289984,2045290688,0,7,291518204084224,387699,,,,,48047,2045284256,2045287861,cudaLaunchKernel_v7000,4794,stage,64,extend,2,indexer_control,,echo,GPU control,GPU control,,False,,,extend,2045289984,2045290688,704
echo,24751,kernel,"void deep_gemm::sm90_fp8_mqa_logits_fuse_prefetch<(unsigned int)64, (unsigned int)128, (unsigned int)576, (unsigned int)2, (unsigned int)128, (unsigned int)3, (unsigned int)3, (unsigned int)101, (unsigned int)128, (unsigned int)256, (unsigned int)256, (unsigned int)16384>(unsigned int, unsigned int, unsigned long, unsigned long, unsigned int *, unsigned int *, float *, const int *, const int *, const int *, __nv_bfloat16 *, __nv_bfloat16 *, int *, const int *, long *, int *, unsigned int *, float *, unsigned int, CUtensorMap_st, CUtensorMap_st, CUtensorMap_st, CUtensorMap_st)",2045348671,2046224158,0,7,291518204084224,387719,,,,,13618,2045342295,2045346755,cuLaunchKernelEx,4795,stage,64,extend,2,indexer_prefetch,,echo,Compute,Indexer / top-k,Fused indexer contains dynamically gated mapped-host H2D; per-call bytes unknown,True,,,extend,2045348671,2046224158,875487
echo,24752,kernel,"void at::native::reduce_kernel<(int)512, (int)1, at::native::ReduceOp<float, at::native::MeanOps<float, float, float, float>, unsigned int, float, (int)4, (int)4>>(T3)",2046228542,2046235774,0,7,291518204084224,387739,,,,,48049,2045379656,2045383839,cudaLaunchKernel_v7000,4794,stage,64,extend,2,indexer_control,,echo,GPU control,GPU control,,False,,,extend,2046228542,2046235774,7232
echo,24753,kernel,_cuda_graph_allocator_post_alloc_kernel,2046239390,2046242622,0,7,291518204084224,387755,,,,,13619,2045452129,2045457048,cuLaunchKernelEx,4796,stage,64,extend,2,echo_finalize,,echo,GPU control,ECHO finalize,,False,,,extend,2046239390,2046242622,3232
echo,24754,kernel,"void at::native::vectorized_elementwise_kernel<(int)4, at::native::FillFunctor<int>, std::array<char *, (unsigned long)1>>(int, T2, T3)",2046243838,2046244638,0,7,291518204084224,387758,,,,,48051,2045463603,2045467555,cudaLaunchKernel_v7000,4796,stage,64,extend,2,echo_finalize,,echo,GPU control,ECHO finalize,,False,,,extend,2046243838,2046244638,800
echo,24755,kernel,_cuda_graph_allocator_rebuild_stack_kernel,2046245886,2046249438,0,7,291518204084224,387767,,,,,13620,2045491712,2045495288,cuLaunchKernelEx,4796,stage,64,extend,2,echo_finalize,,echo,GPU control,ECHO finalize,,False,,,extend,2046245886,2046249438,3552
echo,24756,kernel,_cuda_graph_allocator_set_available_kernel,2046250622,2046251678,0,7,291518204084224,387773,,,,,13621,2045514447,2045518345,cuLaunchKernelEx,4796,stage,64,extend,2,echo_finalize,,echo,GPU control,ECHO finalize,,False,,,extend,2046250622,2046251678,1056
echo,24757,kernel,"void at::native::unrolled_elementwise_kernel<at::native::direct_copy_kernel_cuda(at::TensorIteratorBase &)::[lambda() (instance 3)]::operator ()() const::[lambda() (instance 4)]::operator ()() const::[lambda(long) (instance 1)], std::array<char *, (unsigned long)2>, (int)4, TrivialOffsetCalculator<(int)1, unsigned int>, TrivialOffsetCalculator<(int)1, unsigned int>, at::native::memory::LoadWithCast<(int)1>, at::native::memory::StoreWithCast<(int)1>>(int, T1, T2, T4, T5, T6, T7)",2046252894,2046255582,0,7,291518204084224,387788,,,,,48052,2045550747,2045555316,cudaLaunchKernel_v7000,4797,stage,64,extend,2,echo_finalize,,echo,GPU control,ECHO finalize,,False,,,extend,2046252894,2046255582,2688
echo,24758,kernel,"void at::native::index_elementwise_kernel<(int)128, (int)4, void at::native::gpu_index_kernel<void at::native::index_put_kernel_impl<at::native::OpaqueType<(int)4>>(at::TensorIterator &, c10::ArrayRef<long>, c10::ArrayRef<long>)::[lambda(char *, const char *, long) (instance 1)]>(at::TensorIteratorBase &, c10::ArrayRef<long>, c10::ArrayRef<long>, const T1 &, bool)::[lambda(int) (instance 1)]>(long, T3)",2046256894,2046260286,0,7,291518204084224,387794,,,,,48053,2045562323,2045566182,cudaLaunchKernel_v7000,4797,stage,64,extend,2,echo_finalize,,echo,GPU control,ECHO finalize,,False,,,extend,2046256894,2046260286,3392
echo,24759,kernel,"void at::native::vectorized_elementwise_kernel<(int)2, at::native::CUDAFunctorOnSelf_add<int>, std::array<char *, (unsigned long)2>>(int, T2, T3)",2046261502,2046262462,0,7,291518204084224,387805,,,,,48054,2045580282,2045583840,cudaLaunchKernel_v7000,4797,stage,64,extend,2,echo_finalize,,echo,GPU control,ECHO finalize,,False,,,extend,2046261502,2046262462,960
echo,24760,kernel,"void at::native::vectorized_elementwise_kernel<(int)2, at::native::FillFunctor<int>, std::array<char *, (unsigned long)1>>(int, T2, T3)",2046263838,2046264574,0,7,291518204084224,387817,,,,,48055,2045597169,2045600546,cudaLaunchKernel_v7000,4797,stage,64,extend,2,echo_finalize,,echo,GPU control,ECHO finalize,,False,,,extend,2046263838,2046264574,736
echo,24761,kernel,"<unnamed>::topk_transform_prefill_kernel(<unnamed>::FastTopKParams, int *, const int *, long, float *, const int *, long)",2046265854,2046303774,0,7,291518204084224,387829,,,,,48056,2045640754,2045645219,cudaLaunchKernel_v7000,4798,stage,64,extend,2,topk,,echo,Compute,Indexer / top-k,,False,,,extend,2046265854,2046303774,37920
echo,24762,kernel,"void <unnamed>::elementwise_kernel_with_index<int, at::native::arange_cuda_out(const c10::Scalar &, const c10::Scalar &, const c10::Scalar &, at::Tensor &)::[lambda() (instance 1)]::operator ()() const::[lambda() (instance 3)]::operator ()() const::[lambda(long) (instance 1)]>(T1, T2, function_traits<T2>::result_type *)",2046305022,2046305854,0,7,291518204084224,387844,,,,,48057,2045659300,2045663191,cudaLaunchKernel_v7000,4798,stage,64,extend,2,topk,,echo,GPU control,GPU control,,False,,,extend,2046305022,2046305854,832
echo,24763,kernel,"void at::native::elementwise_kernel<(int)128, (int)4, void at::native::gpu_kernel_impl_nocast<at::native::<unnamed>::CompareFunctor<int>>(at::TensorIteratorBase &, const T1 &)::[lambda(int) (instance 1)]>(int, T3)",2046307230,2046308350,0,7,291518204084224,387854,,,,,48058,2045673903,2045677646,cudaLaunchKernel_v7000,4798,stage,64,extend,2,topk,,echo,Compute,Indexer / top-k,,False,,,extend,2046307230,2046308350,1120
echo,24764,kernel,"void at::native::elementwise_kernel<(int)128, (int)2, void at::native::gpu_kernel_impl_nocast<at::native::<unnamed>::masked_fill_kernel(at::TensorIterator &, const c10::Scalar &)::[lambda() (instance 1)]::operator ()() const::[lambda() (instance 3)]::operator ()() const::[lambda(int, bool) (instance 1)]>(at::TensorIteratorBase &, const T1 &)::[lambda(int) (instance 1)]>(int, T3)",2046309598,2046311870,0,7,291518204084224,387860,,,,,48059,2045691020,2045694713,cudaLaunchKernel_v7000,4798,stage,64,extend,2,topk,,echo,Compute,Indexer / top-k,,False,,,extend,2046309598,2046311870,2272
echo,24765,kernel,"void at::native::unrolled_elementwise_kernel<at::native::CUDAFunctor_add<int>, std::array<char *, (unsigned long)3>, (int)4, TrivialOffsetCalculator<(int)2, unsigned int>, TrivialOffsetCalculator<(int)1, unsigned int>, at::native::memory::LoadWithoutCast, at::native::memory::StoreWithoutCast>(int, T1, T2, T4, T5, T6, T7)",2046313150,2046314270,0,7,291518204084224,387873,,,,,48060,2045810399,2045815912,cudaLaunchKernel_v7000,4801,stage,64,extend,2,cache_write,,echo,GPU control,GPU control,,False,,,extend,2046313150,2046314270,1120
echo,24766,kernel,"void at::native::vectorized_elementwise_kernel<(int)4, at::native::<unnamed>::launch_clamp_scalar(at::TensorIteratorBase &, c10::Scalar, c10::Scalar, at::native::detail::ClampLimits)::[lambda() (instance 1)]::operator ()() const::[lambda() (instance 3)]::operator ()() const::[lambda(int) (instance 1)], std::array<char *, (unsigned long)2>>(int, T2, T3)",2046315358,2046316606,0,7,291518204084224,387883,,,,,48061,2045826945,2045831005,cudaLaunchKernel_v7000,4801,stage,64,extend,2,cache_write,,echo,GPU control,GPU control,,False,,,extend,2046315358,2046316606,1248
echo,24767,kernel,"void at::native::vectorized_elementwise_kernel<(int)4, void at::native::compare_scalar_kernel<int>(at::TensorIteratorBase &, at::native::<unnamed>::OpType, T1)::[lambda(int) (instance 1)], std::array<char *, (unsigned long)2>>(int, T2, T3)",2046320830,2046322238,0,7,291518204084224,387908,,,,,48063,2045873805,2045877773,cudaLaunchKernel_v7000,4802,stage,64,extend,2,cache_control,,echo,GPU control,GPU control,,False,,,extend,2046320830,2046322238,1408
echo,24768,kernel,"void at::native::vectorized_elementwise_kernel<(int)4, at::native::<unnamed>::masked_fill_kernel(at::TensorIterator &, const c10::Scalar &)::[lambda() (instance 1)]::operator ()() const::[lambda() (instance 3)]::operator ()() const::[lambda(int, bool) (instance 1)], std::array<char *, (unsigned long)3>>(int, T2, T3)",2046323486,2046324798,0,7,291518204084224,387916,,,,,48064,2045889975,2045894194,cudaLaunchKernel_v7000,4802,stage,64,extend,2,cache_control,,echo,GPU control,GPU control,,False,,,extend,2046323486,2046324798,1312
echo,24769,kernel,"void <unnamed>::argmin_bounded_kernel<(unsigned long)196608>(const int *, int *, const int *, int, int)",2046326142,2046390781,0,7,291518204084224,387926,,,,,48065,2045907762,2045911719,cudaLaunchKernel_v7000,4802,stage,64,extend,2,cache_control,,echo,GPU control,GPU control,,False,,,extend,2046326142,2046390781,64639
echo,24770,kernel,_free_update_kernel,2046392029,2046394013,0,7,291518204084224,387945,,,,,13622,2045960383,2045964468,cuLaunchKernelEx,4802,stage,64,extend,2,cache_control,,echo,GPU control,GPU control,,False,,,extend,2046392029,2046394013,1984
echo,24771,kernel,_cuda_graph_allocator_free_kernel,2046395293,2046398205,0,7,291518204084224,387953,,,,,13623,2045992178,2045995826,cuLaunchKernelEx,4802,stage,64,extend,2,cache_control,,echo,GPU control,GPU control,,False,,,extend,2046395293,2046398205,2912
echo,24772,kernel,_cuda_graph_allocator_alloc_kernel,2046399485,2046400957,0,7,291518204084224,387962,,,,,13624,2046026545,2046030258,cuLaunchKernelEx,4801,stage,64,extend,2,cache_write,,echo,GPU control,GPU control,,False,,,extend,2046399485,2046400957,1472
echo,24773,kernel,"void at::native::unrolled_elementwise_kernel<at::native::direct_copy_kernel_cuda(at::TensorIteratorBase &)::[lambda() (instance 3)]::operator ()() const::[lambda() (instance 4)]::operator ()() const::[lambda(long) (instance 1)], std::array<char *, (unsigned long)2>, (int)4, TrivialOffsetCalculator<(int)1, unsigned int>, TrivialOffsetCalculator<(int)1, unsigned int>, at::native::memory::LoadWithCast<(int)1>, at::native::memory::StoreWithCast<(int)1>>(int, T1, T2, T4, T5, T6, T7)",2046402173,2046404829,0,7,291518204084224,387977,,,,,48066,2046062653,2046067439,cudaLaunchKernel_v7000,4803,stage,64,extend,2,cache_control,,echo,GPU control,GPU control,,False,,,extend,2046402173,2046404829,2656
echo,24774,kernel,"void at::native::index_elementwise_kernel<(int)128, (int)4, void at::native::gpu_index_kernel<void at::native::index_put_kernel_impl<at::native::OpaqueType<(int)4>>(at::TensorIterator &, c10::ArrayRef<long>, c10::ArrayRef<long>)::[lambda(char *, const char *, long) (instance 1)]>(at::TensorIteratorBase &, c10::ArrayRef<long>, c10::ArrayRef<long>, const T1 &, bool)::[lambda(int) (instance 1)]>(long, T3)",2046405981,2046409405,0,7,291518204084224,387983,,,,,48067,2046074120,2046077902,cudaLaunchKernel_v7000,4803,stage,64,extend,2,cache_control,,echo,GPU control,GPU control,,False,,,extend,2046405981,2046409405,3424
echo,24775,kernel,"void at::native::vectorized_elementwise_kernel<(int)2, at::native::CUDAFunctorOnSelf_add<int>, std::array<char *, (unsigned long)2>>(int, T2, T3)",2046410685,2046411645,0,7,291518204084224,387994,,,,,48068,2046090563,2046093956,cudaLaunchKernel_v7000,4803,stage,64,extend,2,cache_control,,echo,GPU control,GPU control,,False,,,extend,2046410685,2046411645,960
echo,24776,kernel,"void at::native::vectorized_elementwise_kernel<(int)2, at::native::FillFunctor<int>, std::array<char *, (unsigned long)1>>(int, T2, T3)",2046412893,2046413629,0,7,291518204084224,388006,,,,,48069,2046107199,2046111045,cudaLaunchKernel_v7000,4803,stage,64,extend,2,cache_control,,echo,GPU control,GPU control,,False,,,extend,2046412893,2046413629,736
echo,24777,kernel,_set_update_kernel,2046414941,2046416221,0,7,291518204084224,388022,,,,,13625,2046142875,2046146746,cuLaunchKernelEx,4801,stage,64,extend,2,cache_write,,echo,GPU control,GPU control,,False,,,extend,2046414941,2046416221,1280
echo,24778,kernel,_set_mla_kv_buffer_cuda_graph_kernel,2046417565,2046420989,0,7,291518204084224,388030,,,,,13626,2046180125,2046183841,cuLaunchKernelEx,4801,stage,64,extend,2,cache_write,,echo,GPU control,GPU control,,False,,,extend,2046417565,2046420989,3424
echo,24779,kernel,"void at::native::unrolled_elementwise_kernel<at::native::direct_copy_kernel_cuda(at::TensorIteratorBase &)::[lambda() (instance 3)]::operator ()() const::[lambda() (instance 4)]::operator ()() const::[lambda(long) (instance 1)], std::array<char *, (unsigned long)2>, (int)4, TrivialOffsetCalculator<(int)1, unsigned int>, TrivialOffsetCalculator<(int)1, unsigned int>, at::native::memory::LoadWithCast<(int)1>, at::native::memory::StoreWithCast<(int)1>>(int, T1, T2, T4, T5, T6, T7)",2046422109,2046428285,0,7,291518204084224,388108,,,,,48083,2046352403,2046357450,cudaLaunchKernel_v7000,4800,stage,64,extend,2,cache_control,,echo,GPU control,GPU control,,False,,,extend,2046422109,2046428285,6176
echo,24780,kernel,set_mla_kv_buffer_kernel,2046422685,2046427933,0,25,291518204084224,388073,,,,,13627,2046293186,2046299799,cuLaunchKernelEx,4804,stage,64,extend,2,io_d2h,D2H,echo,D2H,D2H,Destination-aware mapped-host transfer NVTX; per-call bytes unknown,False,,,extend,2046422685,2046427933,5248
echo,24781,kernel,"void at::native::index_elementwise_kernel<(int)128, (int)4, void at::native::gpu_index_kernel<void at::native::index_kernel_impl<at::native::OpaqueType<(int)4>>(at::TensorIteratorBase &, c10::ArrayRef<long>, c10::ArrayRef<long>)::[lambda(char *, const char *, long) (instance 1)]>(at::TensorIteratorBase &, c10::ArrayRef<long>, c10::ArrayRef<long>, const T1 &, bool)::[lambda(int) (instance 1)]>(long, T3)",2046429405,2046434045,0,7,291518204084224,388119,,,,,48084,2046369212,2046373326,cudaLaunchKernel_v7000,4800,stage,64,extend,2,cache_control,,echo,GPU control,GPU control,,False,,,extend,2046429405,2046434045,4640
echo,24782,kernel,"void at::native::vectorized_elementwise_kernel<(int)4, at::native::AUnaryFunctor<int, int, bool, at::native::<unnamed>::CompareEqFunctor<int>>, std::array<char *, (unsigned long)2>>(int, T2, T3)",2046435165,2046436477,0,7,291518204084224,388131,,,,,48085,2046389269,2046393110,cudaLaunchKernel_v7000,4800,stage,64,extend,2,cache_control,,echo,GPU control,GPU control,,False,,,extend,2046435165,2046436477,1312
echo,24783,kernel,"void at::native::vectorized_elementwise_kernel<(int)4, at::native::FillFunctor<int>, std::array<char *, (unsigned long)1>>(int, T2, T3)",2046437597,2046438397,0,7,291518204084224,388144,,,,,48086,2046404397,2046407894,cudaLaunchKernel_v7000,4800,stage,64,extend,2,cache_control,,echo,GPU control,GPU control,,False,,,extend,2046437597,2046438397,800
echo,24784,kernel,"void at::native::elementwise_kernel<(int)128, (int)2, void at::native::gpu_kernel_impl_nocast<at::native::<unnamed>::where_kernel_impl(at::TensorIterator &)::[lambda() (instance 1)]::operator ()() const::[lambda() (instance 7)]::operator ()() const::[lambda(bool, int, int) (instance 1)]>(at::TensorIteratorBase &, const T1 &)::[lambda(int) (instance 1)]>(int, T3)",2046439709,2046441917,0,7,291518204084224,388161,,,,,48087,2046421690,2046425667,cudaLaunchKernel_v7000,4800,stage,64,extend,2,cache_control,,echo,GPU control,GPU control,,False,,,extend,2046439709,2046441917,2208
echo,24785,kernel,"void at::native::vectorized_elementwise_kernel<(int)4, at::native::FillFunctor<bool>, std::array<char *, (unsigned long)1>>(int, T2, T3)",2046448573,2046454525,0,7,291518204084224,388167,,,,,48088,2046442686,2046446548,cudaLaunchKernel_v7000,4805,stage,64,extend,2,cache_recall,,echo,GPU control,GPU control,,False,,,extend,2046448573,2046454525,5952
echo,24786,kernel,_mark_host_need_recall_kernel,2046480637,2046482333,0,7,291518204084224,388175,,,,,13628,2046474190,2046478337,cuLaunchKernelEx,4805,stage,64,extend,2,cache_recall,,echo,GPU control,GPU control,,False,,,extend,2046480637,2046482333,1696
echo,24787,kernel,"void at::native::unrolled_elementwise_kernel<at::native::direct_copy_kernel_cuda(at::TensorIteratorBase &)::[lambda() (instance 3)]::operator ()() const::[lambda() (instance 4)]::operator ()() const::[lambda(long) (instance 1)], std::array<char *, (unsigned long)2>, (int)4, TrivialOffsetCalculator<(int)1, unsigned int>, TrivialOffsetCalculator<(int)1, unsigned int>, at::native::memory::LoadWithCast<(int)1>, at::native::memory::StoreWithCast<(int)1>>(int, T1, T2, T4, T5, T6, T7)",2046505405,2046555677,0,7,291518204084224,388193,,,,,48089,2046499534,2046503366,cudaLaunchKernel_v7000,4805,stage,64,extend,2,cache_recall,,echo,GPU control,GPU control,,False,,,extend,2046505405,2046555677,50272
echo,24788,kernel,"void at::native::reduce_kernel<(int)512, (int)1, at::native::ReduceOp<long, at::native::func_wrapper_t<long, at::native::sum_functor<long, long, long>::operator ()(at::TensorIterator &)::[lambda(long, long) (instance 1)]>, unsigned int, long, (int)4, (int)4>>(T3)",2046559997,2046604349,0,7,291518204084224,388206,,,,,48091,2046519320,2046523495,cudaLaunchKernel_v7000,4805,stage,64,extend,2,cache_recall,,echo,GPU control,GPU control,,False,,,extend,2046559997,2046604349,44352
echo,24789,kernel,"void at::native::unrolled_elementwise_kernel<at::native::direct_copy_kernel_cuda(at::TensorIteratorBase &)::[lambda() (instance 3)]::operator ()() const::[lambda() (instance 3)]::operator ()() const::[lambda(int) (instance 1)], std::array<char *, (unsigned long)2>, (int)4, TrivialOffsetCalculator<(int)1, unsigned int>, TrivialOffsetCalculator<(int)1, unsigned int>, at::native::memory::LoadWithCast<(int)1>, at::native::memory::StoreWithCast<(int)1>>(int, T1, T2, T4, T5, T6, T7)",2046605725,2046607197,0,7,291518204084224,388219,,,,,48092,2046534076,2046537685,cudaLaunchKernel_v7000,4805,stage,64,extend,2,cache_recall,,echo,GPU control,GPU control,,False,,,extend,2046605725,2046607197,1472
echo,24790,kernel,_protect_kernel,2046608349,2046615773,0,7,291518204084224,388235,,,,,13629,2046578497,2046582463,cuLaunchKernelEx,4806,stage,64,extend,2,cache_control,,echo,GPU control,GPU control,,False,,,extend,2046608349,2046615773,7424
echo,24791,kernel,"void at::native::vectorized_elementwise_kernel<(int)2, at::native::CUDAFunctorOnSelf_add<int>, std::array<char *, (unsigned long)2>>(int, T2, T3)",2046616893,2046617853,0,7,291518204084224,388241,,,,,48093,2046594380,2046598076,cudaLaunchKernel_v7000,4806,stage,64,extend,2,cache_control,,echo,GPU control,GPU control,,False,,,extend,2046616893,2046617853,960
echo,24792,kernel,"void at::native::vectorized_elementwise_kernel<(int)4, void at::native::compare_scalar_kernel<int>(at::TensorIteratorBase &, at::native::<unnamed>::OpType, T1)::[lambda(int) (instance 1)], std::array<char *, (unsigned long)2>>(int, T2, T3)",2046640605,2046641885,0,7,291518204084224,388269,,,,,48095,2046634328,2046638536,cudaLaunchKernel_v7000,4806,stage,64,extend,2,cache_control,,echo,GPU control,GPU control,,False,,,extend,2046640605,2046641885,1280
echo,24793,kernel,"void at::native::vectorized_elementwise_kernel<(int)4, at::native::<unnamed>::masked_fill_kernel(at::TensorIterator &, const c10::Scalar &)::[lambda() (instance 1)]::operator ()() const::[lambda() (instance 3)]::operator ()() const::[lambda(int, bool) (instance 1)], std::array<char *, (unsigned long)3>>(int, T2, T3)",2046656221,2046657789,0,7,291518204084224,388277,,,,,48096,2046649277,2046654098,cudaLaunchKernel_v7000,4806,stage,64,extend,2,cache_control,,echo,GPU control,GPU control,,False,,,extend,2046656221,2046657789,1568
echo,24794,kernel,"void <unnamed>::argmin_bounded_kernel<(unsigned long)196608>(const int *, int *, const int *, int, int)",2046673885,2046674877,0,7,291518204084224,388287,,,,,48097,2046667798,2046672020,cudaLaunchKernel_v7000,4806,stage,64,extend,2,cache_control,,echo,GPU control,GPU control,,False,,,extend,2046673885,2046674877,992
echo,24795,kernel,_free_update_kernel,2046714397,2046715869,0,7,291518204084224,388306,,,,,13630,2046708548,2046712377,cuLaunchKernelEx,4806,stage,64,extend,2,cache_control,,echo,GPU control,GPU control,,False,,,extend,2046714397,2046715869,1472
echo,24796,kernel,_cuda_graph_allocator_free_kernel,2046742109,2046743005,0,7,291518204084224,388314,,,,,13631,2046736226,2046739823,cuLaunchKernelEx,4806,stage,64,extend,2,cache_control,,echo,GPU control,GPU control,,False,,,extend,2046742109,2046743005,896
echo,24797,kernel,_cuda_graph_allocator_alloc_kernel,2046774973,2046776125,0,7,291518204084224,388323,,,,,13632,2046769168,2046772810,cuLaunchKernelEx,4805,stage,64,extend,2,cache_recall,,echo,GPU control,GPU control,,False,,,extend,2046774973,2046776125,1152
echo,24798,kernel,"void at::native::unrolled_elementwise_kernel<at::native::direct_copy_kernel_cuda(at::TensorIteratorBase &)::[lambda() (instance 3)]::operator ()() const::[lambda() (instance 4)]::operator ()() const::[lambda(long) (instance 1)], std::array<char *, (unsigned long)2>, (int)4, TrivialOffsetCalculator<(int)1, unsigned int>, TrivialOffsetCalculator<(int)1, unsigned int>, at::native::memory::LoadWithCast<(int)1>, at::native::memory::StoreWithCast<(int)1>>(int, T1, T2, T4, T5, T6, T7)",2046805629,2046809021,0,7,291518204084224,388338,,,,,48098,2046799386,2046803858,cudaLaunchKernel_v7000,4807,stage,64,extend,2,cache_control,,echo,GPU control,GPU control,,False,,,extend,2046805629,2046809021,3392
echo,24799,kernel,"void at::native::index_elementwise_kernel<(int)128, (int)4, void at::native::gpu_index_kernel<void at::native::index_put_kernel_impl<at::native::OpaqueType<(int)4>>(at::TensorIterator &, c10::ArrayRef<long>, c10::ArrayRef<long>)::[lambda(char *, const char *, long) (instance 1)]>(at::TensorIteratorBase &, c10::ArrayRef<long>, c10::ArrayRef<long>, const T1 &, bool)::[lambda(int) (instance 1)]>(long, T3)",2046815901,2046819357,0,7,291518204084224,388344,,,,,48099,2046810006,2046813733,cudaLaunchKernel_v7000,4807,stage,64,extend,2,cache_control,,echo,GPU control,GPU control,,False,,,extend,2046815901,2046819357,3456
echo,24800,kernel,"void at::native::vectorized_elementwise_kernel<(int)2, at::native::CUDAFunctorOnSelf_add<int>, std::array<char *, (unsigned long)2>>(int, T2, T3)",2046830013,2046830973,0,7,291518204084224,388355,,,,,48100,2046824318,2046827666,cudaLaunchKernel_v7000,4807,stage,64,extend,2,cache_control,,echo,GPU control,GPU control,,False,,,extend,2046830013,2046830973,960
echo,24801,kernel,"void at::native::vectorized_elementwise_kernel<(int)2, at::native::FillFunctor<int>, std::array<char *, (unsigned long)1>>(int, T2, T3)",2046845405,2046846237,0,7,291518204084224,388367,,,,,48101,2046839783,2046843177,cudaLaunchKernel_v7000,4807,stage,64,extend,2,cache_control,,echo,GPU control,GPU control,,False,,,extend,2046845405,2046846237,832
echo,24802,kernel,"void at::native::vectorized_elementwise_kernel<(int)4, at::native::FillFunctor<unsigned int>, std::array<char *, (unsigned long)1>>(int, T2, T3)",2046876893,2046877693,0,7,291518204084224,388382,,,,,48102,2046870701,2046875024,cudaLaunchKernel_v7000,4808,stage,64,extend,2,io_h2d,,echo,GPU control,GPU control,,False,,,extend,2046876893,2046877693,800
echo,24803,kernel,_recall_update_extend_kernel,2046910973,2048443770,0,7,291518204084224,388395,,,,,13633,2046904972,2046908804,cuLaunchKernelEx,4808,stage,64,extend,2,io_h2d,,echo,GPU control,ECHO recall (IO unknown),Source-identified recall kernel with dynamic miss count; per-call bytes unknown,True,,,extend,2046910973,2048443770,1532797
echo,24804,kernel,"void at::native::unrolled_elementwise_kernel<at::native::direct_copy_kernel_cuda(at::TensorIteratorBase &)::[lambda() (instance 3)]::operator ()() const::[lambda() (instance 4)]::operator ()() const::[lambda(long) (instance 1)], std::array<char *, (unsigned long)2>, (int)4, TrivialOffsetCalculator<(int)1, unsigned int>, TrivialOffsetCalculator<(int)1, unsigned int>, at::native::memory::LoadWithCast<(int)1>, at::native::memory::StoreWithCast<(int)1>>(int, T1, T2, T4, T5, T6, T7)",2048444922,2048448442,0,7,291518204084224,388406,,,,,48103,2046927784,2046932028,cudaLaunchKernel_v7000,4800,stage,64,extend,2,cache_control,,echo,GPU control,GPU control,,False,,,extend,2048444922,2048448442,3520
echo,24805,kernel,"void at::native::index_elementwise_kernel<(int)128, (int)4, void at::native::gpu_index_kernel<void at::native::index_kernel_impl<at::native::OpaqueType<(int)4>>(at::TensorIteratorBase &, c10::ArrayRef<long>, c10::ArrayRef<long>)::[lambda(char *, const char *, long) (instance 1)]>(at::TensorIteratorBase &, c10::ArrayRef<long>, c10::ArrayRef<long>, const T1 &, bool)::[lambda(int) (instance 1)]>(long, T3)",2048449594,2048454042,0,7,291518204084224,388417,,,,,48104,2046941698,2046945321,cudaLaunchKernel_v7000,4800,stage,64,extend,2,cache_control,,echo,GPU control,GPU control,,False,,,extend,2048449594,2048454042,4448
echo,24806,kernel,"void at::native::<unnamed>::CatArrayBatchedCopy<at::native::<unnamed>::OpaqueType<(unsigned int)2>, unsigned int, (int)3, (int)64, (int)64>(T1 *, at::native::<unnamed>::CatArrInputTensorMetadata<T1, T2, T4, T5>, at::native::<unnamed>::TensorSizeStride<T2, (unsigned int)4>, int, T2)",2048455258,2048497785,0,7,291518204084224,388430,,,,,48105,2046965720,2046970438,cudaLaunchKernel_v7000,4800,stage,64,extend,2,cache_control,,echo,GPU control,GPU control,,False,,,extend,2048455258,2048497785,42527
echo,24807,kernel,"void sm90::sparse_attn_fwd_kernel<sm90::TmaParams<cute::tuple<int, int, int>, cute::TiledCopy<cute::Copy_Atom<cute::Copy_Traits<cute::SM90_TMA_LOAD, cute::C<(int)65536>, cute::AuxTmaParams<cute::tuple<cute::ScaledBasis<cute::C<(int)1>, (int)1>, cute::ScaledBasis<cute::C<(int)1>, (int)0>, cute::ScaledBasis<cute::C<(int)1>, (int)2>>, const cute::Layout<cute::tuple<cute::C<(int)64>, cute::C<(int)64>, cute::C<(int)1>>, cute::tuple<cute::ScaledBasis<cute::C<(int)1>, (int)1>, cute::ScaledBasis<cute::C<(int)1>, (int)0>, cute::ScaledBasis<cute::C<(int)1>, (int)2>>> &, const cute::Swizzle<(int)3, (int)4, (int)3> &>>, cutlass::bfloat16_t>, cute::Layout<cute::tuple<cute::C<(int)1>, cute::tuple<cute::tuple<cute::tuple<cute::C<(int)64>, cute::C<(int)64>>, cute::C<(int)9>>>>, cute::tuple<cute::C<(int)0>, cute::tuple<cute::tuple<cute::tuple<cute::C<(int)64>, cute::C<(int)1>>, cute::C<(int)4096>>>>>, cute::tuple<cute::C<(int)64>, cute::C<(int)576>>>>>(SparsePrefillParams, T1)",2048499033,2048619737,0,7,291518204084224,388464,,,,,48108,2047011233,2047016357,cudaLaunchKernelExC_v11060,4809,stage,64,extend,2,attention,,echo,Compute,Attention,,False,,,extend,2048499033,2048619737,120704
echo,24808,kernel,nvjet_tst_128x128_64x6_1x1_v_bz_TNT,2048621145,2048632153,0,7,291518204084224,388484,,,,,13638,2047100326,2047105768,cuLaunchKernelEx,4799,stage,64,extend,2,output_mlp,,echo,Compute,Output / MLP,,False,,,extend,2048621145,2048632153,11008
echo,24809,kernel,"void per_token_group_quant_8bit_kernel<__nv_bfloat16, __nv_fp8_e4m3, (bool)1, (bool)0, float>(const T1 *, void *, T5 *, int, int, int, float, float, float, int, int)",2048633433,2048637113,0,7,291518204084224,388505,,,,,48109,2047177918,2047182862,cudaLaunchKernel_v7000,4799,stage,64,extend,2,output_mlp,,echo,Compute,Output / MLP,,False,,,extend,2048633433,2048637113,3680
echo,24810,kernel,"void deep_gemm::sm90_fp8_gemm_1d2d_impl<(unsigned int)0, (unsigned int)7168, (unsigned int)16384, (unsigned int)1, (unsigned int)64, (unsigned int)112, (unsigned int)128, (unsigned int)32, (unsigned int)9, (unsigned int)2, (unsigned int)128, (unsigned int)128, (unsigned int)1, (bool)0, (unsigned int)128, (deep_gemm::GemmType)0, deep_gemm::EpilogueIdentity>(float *, int *, unsigned int, unsigned int, unsigned int, CUtensorMap_st, CUtensorMap_st, CUtensorMap_st, CUtensorMap_st)",2048638457,2048676569,0,7,291518204084224,388519,,,,,13643,2047249809,2047254626,cuLaunchKernelEx,4799,stage,64,extend,2,output_mlp,,echo,Compute,Output / MLP,,False,,,extend,2048638457,2048676569,38112
echo,24811,kernel,"void flashinfer::norm::FusedAddRMSNormKernel<(unsigned int)8, __nv_bfloat16>(T2 *, T2 *, T2 *, unsigned int, unsigned int, unsigned int, float, float)",2048676825,2048680281,0,7,291518204084224,388532,,,,,48112,2047320191,2047325410,cudaLaunchKernelExC_v11060,4810,stage,64,extend,2,output_mlp,,echo,Compute,Output / MLP,,False,,,extend,2048676825,2048680281,3456
echo,24812,kernel,"void per_token_group_quant_8bit_kernel<__nv_bfloat16, __nv_fp8_e4m3, (bool)1, (bool)0, float>(const T1 *, void *, T5 *, int, int, int, float, float, float, int, int)",2048681817,2048684377,0,7,291518204084224,388553,,,,,48115,2047404743,2047410527,cudaLaunchKernel_v7000,4811,stage,64,extend,2,output_mlp,,echo,Compute,Output / MLP,,False,,,extend,2048681817,2048684377,2560
echo,24813,kernel,"void deep_gemm::sm90_fp8_gemm_1d2d_impl<(unsigned int)0, (unsigned int)36864, (unsigned int)7168, (unsigned int)1, (unsigned int)128, (unsigned int)144, (unsigned int)128, (unsigned int)32, (unsigned int)5, (unsigned int)1, (unsigned int)128, (unsigned int)256, (unsigned int)1, (bool)0, (unsigned int)128, (deep_gemm::GemmType)0, deep_gemm::EpilogueIdentity>(float *, int *, unsigned int, unsigned int, unsigned int, CUtensorMap_st, CUtensorMap_st, CUtensorMap_st, CUtensorMap_st)",2048685497,2048757401,0,7,291518204084224,388567,,,,,13648,2047455997,2047460995,cuLaunchKernelEx,4811,stage,64,extend,2,output_mlp,,echo,Compute,Output / MLP,,False,,,extend,2048685497,2048757401,71904
echo,24814,kernel,"void flashinfer::activation::act_and_mul_kernel<__nv_bfloat16, &silu<float>>(T1 *, const T1 *, int)",2048759161,2048764121,0,7,291518204084224,388577,,,,,48116,2047490633,2047495230,cudaLaunchKernel_v7000,4811,stage,64,extend,2,output_mlp,,echo,Compute,Output / MLP,,False,,,extend,2048759161,2048764121,4960
echo,24815,kernel,"void per_token_group_quant_8bit_kernel<__nv_bfloat16, __nv_fp8_e4m3, (bool)1, (bool)0, float>(const T1 *, void *, T5 *, int, int, int, float, float, float, int, int)",2048765305,2048769657,0,7,291518204084224,388598,,,,,48117,2047538971,2047543668,cudaLaunchKernel_v7000,4811,stage,64,extend,2,output_mlp,,echo,Compute,Output / MLP,,False,,,extend,2048765305,2048769657,4352
echo,24816,kernel,"void deep_gemm::sm90_fp8_gemm_1d2d_impl<(unsigned int)0, (unsigned int)7168, (unsigned int)18432, (unsigned int)1, (unsigned int)64, (unsigned int)112, (unsigned int)128, (unsigned int)32, (unsigned int)9, (unsigned int)0, (unsigned int)128, (unsigned int)128, (unsigned int)1, (bool)0, (unsigned int)128, (deep_gemm::GemmType)0, deep_gemm::EpilogueIdentity>(float *, int *, unsigned int, unsigned int, unsigned int, CUtensorMap_st, CUtensorMap_st, CUtensorMap_st, CUtensorMap_st)",2048770777,2048814585,0,7,291518204084224,388612,,,,,13653,2047581382,2047585502,cuLaunchKernelEx,4811,stage,64,extend,2,output_mlp,,echo,Compute,Output / MLP,,False,,,extend,2048770777,2048814585,43808
echo,24817,kernel,"void flashinfer::norm::FusedAddRMSNormKernel<(unsigned int)8, __nv_bfloat16>(T2 *, T2 *, T2 *, unsigned int, unsigned int, unsigned int, float, float)",2048814521,2048818041,0,7,291518204084224,388615,,,,,48118,2047631253,2047636173,cudaLaunchKernelExC_v11060,4739,forward,64,extend,-1,,,echo,Compute,Output / MLP,,False,,Shared final norm outside decoder-layer scopes; raw CUPTI overlap may clip its start into the L2 window,extend,2048814521,2048814585,64
echo,27624,memcpy,Device-to-Device,1912696100,1912700804,0,7,291518204084224,378025,8388608,,,8,47170,1912681284,1912695777,cudaMemcpyAsync_v3020,4671,stage,63,prefill,0,indexer_control,,echo,GPU control,GPU control,,False,,,prefill,1912696100,1912700804,4704
echo,27625,memcpy,Device-to-Device,1912717636,1912718756,0,7,291518204084224,378037,262144,,,8,47171,1912709399,1912715567,cudaMemcpyAsync_v3020,4671,stage,63,prefill,0,indexer_control,,echo,GPU control,GPU control,,False,,,prefill,1912717636,1912718756,1120
echo,27626,memcpy,Device-to-Device,1912736004,1912736836,0,7,291518204084224,378049,4096,,,8,47172,1912728541,1912733982,cudaMemcpyAsync_v3020,4671,stage,63,prefill,0,indexer_control,,echo,GPU control,GPU control,,False,,,prefill,1912736004,1912736836,832
echo,27627,memcpy,Device-to-Device,1912780932,1912782340,0,7,291518204084224,378084,262660,,,8,47175,1912773425,1912778926,cudaMemcpyAsync_v3020,4671,stage,63,prefill,0,indexer_control,,echo,GPU control,GPU control,,False,,,prefill,1912780932,1912782340,1408
echo,27628,memcpy,Device-to-Device,1917028925,1917029821,0,7,291518204084224,378216,4,,,8,47193,1912987571,1912994849,cudaMemcpyAsync_v3020,4671,stage,63,prefill,0,indexer_control,,echo,GPU control,GPU control,,False,,,prefill,1917028925,1917029821,896
echo,27629,memcpy,Device-to-Device,1917368796,1917370204,0,7,291518204084224,378369,262660,,,8,47205,1913443425,1913452786,cudaMemcpyAsync_v3020,4679,stage,63,prefill,0,cache_control,,echo,GPU control,GPU control,,False,,,prefill,1917368796,1917370204,1408
echo,27630,memcpy,Device-to-Device,1917715836,1917717276,0,7,291518204084224,378730,262660,,,8,47237,1914218739,1914229835,cudaMemcpyAsync_v3020,4683,stage,63,prefill,0,cache_control,,echo,GPU control,GPU control,,False,,,prefill,1917715836,1917717276,1440
echo,27631,memcpy,Device-to-Device,1922068661,1922073461,0,7,291518204084224,379722,8388608,,,8,47337,1917608364,1917622978,cudaMemcpyAsync_v3020,4695,stage,63,prefill,1,indexer_control,,echo,GPU control,GPU control,,False,,,prefill,1922068661,1922073461,4800
echo,27632,memcpy,Device-to-Device,1922074677,1922075733,0,7,291518204084224,379734,262144,,,8,47338,1917637835,1917644142,cudaMemcpyAsync_v3020,4695,stage,63,prefill,1,indexer_control,,echo,GPU control,GPU control,,False,,,prefill,1922074677,1922075733,1056
echo,27633,memcpy,Device-to-Device,1922077109,1922077941,0,7,291518204084224,379746,4096,,,8,47339,1917658530,1917664193,cudaMemcpyAsync_v3020,4695,stage,63,prefill,1,indexer_control,,echo,GPU control,GPU control,,False,,,prefill,1922077109,1922077941,832
echo,27634,memcpy,Device-to-Device,1922083797,1922085429,0,7,291518204084224,379781,262660,,,8,47342,1917705986,1917711999,cudaMemcpyAsync_v3020,4695,stage,63,prefill,1,indexer_control,,echo,GPU control,GPU control,,False,,,prefill,1922083797,1922085429,1632
echo,27635,memcpy,Device-to-Device,1926202606,1926203694,0,7,291518204084224,379913,4,,,8,47360,1917935048,1917942040,cudaMemcpyAsync_v3020,4695,stage,63,prefill,1,indexer_control,,echo,GPU control,GPU control,,False,,,prefill,1926202606,1926203694,1088
echo,27636,memcpy,Device-to-Device,1926548589,1926549965,0,7,291518204084224,380066,262660,,,8,47372,1918411302,1918420692,cudaMemcpyAsync_v3020,4703,stage,63,prefill,1,cache_control,,echo,GPU control,GPU control,,False,,,prefill,1926548589,1926549965,1376
echo,27637,memcpy,Device-to-Device,1926906124,1926907692,0,7,291518204084224,380427,262660,,,8,47404,1919180513,1919191464,cudaMemcpyAsync_v3020,4707,stage,63,prefill,1,cache_control,,echo,GPU control,GPU control,,False,,,prefill,1926906124,1926907692,1568
echo,27638,memcpy,Device-to-Device,1931250533,1931255109,0,7,291518204084224,381421,8388608,,,8,47504,1921972386,1921987251,cudaMemcpyAsync_v3020,4719,stage,63,prefill,2,indexer_control,,echo,GPU control,GPU control,,False,,,prefill,1931250533,1931255109,4576
echo,27639,memcpy,Device-to-Device,1931256261,1931257541,0,7,291518204084224,381435,262144,,,8,47506,1922001932,1922008135,cudaMemcpyAsync_v3020,4719,stage,63,prefill,2,indexer_control,,echo,GPU control,GPU control,,False,,,prefill,1931256261,1931257541,1280
echo,27640,memcpy,Device-to-Device,1931258725,1931259557,0,7,291518204084224,381449,4096,,,8,47508,1922022446,1922028219,cudaMemcpyAsync_v3020,4719,stage,63,prefill,2,indexer_control,,echo,GPU control,GPU control,,False,,,prefill,1931258725,1931259557,832
echo,27641,memcpy,Device-to-Device,1931265797,1931267365,0,7,291518204084224,381490,262660,,,8,47514,1922080188,1922085969,cudaMemcpyAsync_v3020,4719,stage,63,prefill,2,indexer_control,,echo,GPU control,GPU control,,False,,,prefill,1931265797,1931267365,1568
echo,27642,memcpy,Device-to-Device,1935228286,1935229406,0,7,291518204084224,381636,4,,,8,47539,1922305121,1922312460,cudaMemcpyAsync_v3020,4719,stage,63,prefill,2,indexer_control,,echo,GPU control,GPU control,,False,,,prefill,1935228286,1935229406,1120
echo,27643,memcpy,Device-to-Device,1935568766,1935570078,0,7,291518204084224,381803,262660,,,8,47558,1922764899,1922774053,cudaMemcpyAsync_v3020,4727,stage,63,prefill,2,cache_control,,echo,GPU control,GPU control,,False,,,prefill,1935568766,1935570078,1312
echo,27644,memcpy,Device-to-Device,1935907101,1935908509,0,7,291518204084224,382190,262660,,,8,47603,1923536052,1923546451,cudaMemcpyAsync_v3020,4731,stage,63,prefill,2,cache_control,,echo,GPU control,GPU control,,False,,,prefill,1935907101,1935908509,1408
echo,27672,memcpy,Device-to-Device,2036715728,2036720240,0,7,291518204084224,384340,8404992,,,8,47791,2036700578,2036715392,cudaMemcpyAsync_v3020,4746,stage,64,extend,0,indexer_control,,echo,GPU control,GPU control,,False,,,extend,2036715728,2036720240,4512
echo,27673,memcpy,Device-to-Device,2036738032,2036739088,0,7,291518204084224,384352,262656,,,8,47792,2036729222,2036736133,cudaMemcpyAsync_v3020,4746,stage,64,extend,0,indexer_control,,echo,GPU control,GPU control,,False,,,extend,2036738032,2036739088,1056
echo,27674,memcpy,Device-to-Device,2036756912,2036757744,0,7,291518204084224,384364,512,,,8,47793,2036749381,2036754801,cudaMemcpyAsync_v3020,4746,stage,64,extend,0,indexer_control,,echo,GPU control,GPU control,,False,,,extend,2036756912,2036757744,832
echo,27675,memcpy,Device-to-Device,2036802800,2036804240,0,7,291518204084224,384399,262660,,,8,47796,2036795124,2036800816,cudaMemcpyAsync_v3020,4746,stage,64,extend,0,indexer_control,,echo,GPU control,GPU control,,False,,,extend,2036802800,2036804240,1440
echo,27676,memcpy,Device-to-Device,2037926830,2037927790,0,7,291518204084224,384531,4,,,8,47814,2037010911,2037018373,cudaMemcpyAsync_v3020,4746,stage,64,extend,0,indexer_control,,echo,GPU control,GPU control,,False,,,extend,2037926830,2037927790,960
echo,27677,memcpy,Device-to-Device,2038006798,2038008302,0,7,291518204084224,384684,262660,,,8,47826,2037461875,2037471555,cudaMemcpyAsync_v3020,4754,stage,64,extend,0,cache_control,,echo,GPU control,GPU control,,False,,,extend,2038006798,2038008302,1504
echo,27678,memcpy,Device-to-Device,2038256557,2038258061,0,7,291518204084224,385045,262660,,,8,47858,2038224965,2038235190,cudaMemcpyAsync_v3020,4758,stage,64,extend,0,cache_control,,echo,GPU control,GPU control,,False,,,extend,2038256557,2038258061,1504
echo,27679,memcpy,Device-to-Device,2040930824,2040935496,0,7,291518204084224,385947,8404992,,,8,47909,2040915739,2040930590,cudaMemcpyAsync_v3020,4770,stage,64,extend,1,indexer_control,,echo,GPU control,GPU control,,False,,,extend,2040930824,2040935496,4672
echo,27680,memcpy,Device-to-Device,2040953224,2040954344,0,7,291518204084224,385959,262656,,,8,47910,2040944276,2040951262,cudaMemcpyAsync_v3020,4770,stage,64,extend,1,indexer_control,,echo,GPU control,GPU control,,False,,,extend,2040953224,2040954344,1120
echo,27681,memcpy,Device-to-Device,2040971912,2040972648,0,7,291518204084224,385971,512,,,8,47911,2040964418,2040970112,cudaMemcpyAsync_v3020,4770,stage,64,extend,1,indexer_control,,echo,GPU control,GPU control,,False,,,extend,2040971912,2040972648,736
echo,27682,memcpy,Device-to-Device,2041017128,2041018472,0,7,291518204084224,386006,262660,,,8,47914,2041009195,2041015198,cudaMemcpyAsync_v3020,4770,stage,64,extend,1,indexer_control,,echo,GPU control,GPU control,,False,,,extend,2041017128,2041018472,1344
echo,27683,memcpy,Device-to-Device,2042179302,2042180262,0,7,291518204084224,386138,4,,,8,47932,2041232559,2041239738,cudaMemcpyAsync_v3020,4770,stage,64,extend,1,indexer_control,,echo,GPU control,GPU control,,False,,,extend,2042179302,2042180262,960
echo,27684,memcpy,Device-to-Device,2042258757,2042260261,0,7,291518204084224,386291,262660,,,8,47944,2041673679,2041682739,cudaMemcpyAsync_v3020,4778,stage,64,extend,1,cache_control,,echo,GPU control,GPU control,,False,,,extend,2042258757,2042260261,1504
echo,27685,memcpy,Device-to-Device,2042509349,2042510853,0,7,291518204084224,386652,262660,,,8,47976,2042424290,2042434445,cudaMemcpyAsync_v3020,4782,stage,64,extend,1,cache_control,,echo,GPU control,GPU control,,False,,,extend,2042509349,2042510853,1504
echo,27686,memcpy,Device-to-Device,2045099840,2045104416,0,7,291518204084224,387554,8404992,,,8,48027,2045084860,2045099734,cudaMemcpyAsync_v3020,4794,stage,64,extend,2,indexer_control,,echo,GPU control,GPU control,,False,,,extend,2045099840,2045104416,4576
echo,27687,memcpy,Device-to-Device,2045122016,2045123136,0,7,291518204084224,387566,262656,,,8,48028,2045113341,2045120118,cudaMemcpyAsync_v3020,4794,stage,64,extend,2,indexer_control,,echo,GPU control,GPU control,,False,,,extend,2045122016,2045123136,1120
echo,27688,memcpy,Device-to-Device,2045140864,2045141632,0,7,291518204084224,387578,512,,,8,48029,2045133383,2045138763,cudaMemcpyAsync_v3020,4794,stage,64,extend,2,indexer_control,,echo,GPU control,GPU control,,False,,,extend,2045140864,2045141632,768
echo,27689,memcpy,Device-to-Device,2045186464,2045187712,0,7,291518204084224,387613,262660,,,8,48032,2045178470,2045184465,cudaMemcpyAsync_v3020,4794,stage,64,extend,2,indexer_control,,echo,GPU control,GPU control,,False,,,extend,2045186464,2045187712,1248
echo,27690,memcpy,Device-to-Device,2046237182,2046238110,0,7,291518204084224,387745,4,,,8,48050,2045391385,2045398590,cudaMemcpyAsync_v3020,4794,stage,64,extend,2,indexer_control,,echo,GPU control,GPU control,,False,,,extend,2046237182,2046238110,928
echo,27691,memcpy,Device-to-Device,2046317822,2046319422,0,7,291518204084224,387898,262660,,,8,48062,2045850105,2045861108,cudaMemcpyAsync_v3020,4802,stage,64,extend,2,cache_control,,echo,GPU control,GPU control,,False,,,extend,2046317822,2046319422,1600
echo,27692,memcpy,Device-to-Device,2046624349,2046625757,0,7,291518204084224,388259,262660,,,8,48094,2046613050,2046623480,cudaMemcpyAsync_v3020,4806,stage,64,extend,2,cache_control,,echo,GPU control,GPU control,,False,,,extend,2046624349,2046625757,1408
echo,29559,memset,memset,1911363367,1911364103,0,7,291518204084224,377594,4,,,,47146,1911352875,1911361370,cudaMemsetAsync_v3020,4668,stage,63,prefill,0,projection,,echo,GPU control,GPU control,,False,,,prefill,1911363367,1911364103,736
echo,29560,memset,memset,1912801828,1912802660,0,7,291518204084224,378103,16,,,,47177,1912792721,1912800054,cudaMemsetAsync_v3020,4671,stage,63,prefill,0,indexer_control,,echo,GPU control,GPU control,,False,,,prefill,1912801828,1912802660,832
echo,29561,memset,memset,1912807620,1912808516,0,7,291518204084224,378105,8192,,,,47178,1912800578,1912805574,cudaMemsetAsync_v3020,4671,stage,63,prefill,0,indexer_control,,echo,GPU control,GPU control,,False,,,prefill,1912807620,1912808516,896
echo,29562,memset,memset,1912826212,1912827204,0,7,291518204084224,378121,13312,,,,47181,1912820180,1912823674,cudaMemsetAsync_v3020,4671,stage,63,prefill,0,indexer_control,,echo,GPU control,GPU control,,False,,,prefill,1912826212,1912827204,992
echo,29563,memset,memset,1912841316,1912842308,0,7,291518204084224,378127,13312,,,,47183,1912828987,1912831934,cudaMemsetAsync_v3020,4671,stage,63,prefill,0,indexer_control,,echo,GPU control,GPU control,,False,,,prefill,1912841316,1912842308,992
echo,29564,memset,memset,1912852260,1912853252,0,7,291518204084224,378133,13312,,,,47185,1912836069,1912838955,cudaMemsetAsync_v3020,4671,stage,63,prefill,0,indexer_control,,echo,GPU control,GPU control,,False,,,prefill,1912852260,1912853252,992
echo,29565,memset,memset,1912863012,1912864004,0,7,291518204084224,378139,13312,,,,47187,1912843222,1912846083,cudaMemsetAsync_v3020,4671,stage,63,prefill,0,indexer_control,,echo,GPU control,GPU control,,False,,,prefill,1912863012,1912864004,992
echo,29566,memset,memset,1917018237,1917018973,0,7,291518204084224,378208,4,,,,47191,1912969758,1912974246,cudaMemsetAsync_v3020,4671,stage,63,prefill,0,indexer_control,,echo,GPU control,GPU control,,False,,,prefill,1917018237,1917018973,736
echo,29567,memset,memset,1917598908,1917599900,0,7,291518204084224,378675,4,,,,47233,1914113187,1914120865,cudaMemsetAsync_v3020,4682,stage,63,prefill,0,cache_recall,,echo,GPU control,GPU control,,False,,,prefill,1917598908,1917599900,992
echo,29568,memset,memset,1920519351,1920520087,0,7,291518204084224,378955,4,,,,47252,1914695496,1914702883,cudaMemsetAsync_v3020,4676,stage,63,prefill,0,output_mlp,,echo,GPU control,GPU control,,False,,,prefill,1920519351,1920520087,736
echo,29569,memset,memset,1921673173,1921674229,0,7,291518204084224,379229,4,,,,47281,1915649095,1915656660,cudaMemsetAsync_v3020,4692,stage,63,prefill,1,projection,,echo,GPU control,GPU control,,False,,,prefill,1921673173,1921674229,1056
echo,29570,memset,memset,1922089716,1922090484,0,7,291518204084224,379800,16,,,,47344,1917727312,1917734742,cudaMemsetAsync_v3020,4695,stage,63,prefill,1,indexer_control,,echo,GPU control,GPU control,,False,,,prefill,1922089716,1922090484,768
echo,29571,memset,memset,1922092436,1922093332,0,7,291518204084224,379802,8192,,,,47345,1917735143,1917740054,cudaMemsetAsync_v3020,4695,stage,63,prefill,1,indexer_control,,echo,GPU control,GPU control,,False,,,prefill,1922092436,1922093332,896
echo,29572,memset,memset,1922101172,1922102164,0,7,291518204084224,379818,13312,,,,47348,1917754824,1917757977,cudaMemsetAsync_v3020,4695,stage,63,prefill,1,indexer_control,,echo,GPU control,GPU control,,False,,,prefill,1922101172,1922102164,992
echo,29573,memset,memset,1922115156,1922116148,0,7,291518204084224,379824,13312,,,,47350,1917763055,1917766052,cudaMemsetAsync_v3020,4695,stage,63,prefill,1,indexer_control,,echo,GPU control,GPU control,,False,,,prefill,1922115156,1922116148,992
echo,29574,memset,memset,1922126164,1922127156,0,7,291518204084224,379830,13312,,,,47352,1917770177,1917773136,cudaMemsetAsync_v3020,4695,stage,63,prefill,1,indexer_control,,echo,GPU control,GPU control,,False,,,prefill,1922126164,1922127156,992
echo,29575,memset,memset,1922137012,1922138004,0,7,291518204084224,379836,13312,,,,47354,1917777448,1917780326,cudaMemsetAsync_v3020,4695,stage,63,prefill,1,indexer_control,,echo,GPU control,GPU control,,False,,,prefill,1922137012,1922138004,992
echo,29576,memset,memset,1926191086,1926192238,0,7,291518204084224,379905,4,,,,47358,1917916965,1917921611,cudaMemsetAsync_v3020,4695,stage,63,prefill,1,indexer_control,,echo,GPU control,GPU control,,False,,,prefill,1926191086,1926192238,1152
echo,29577,memset,memset,1926779341,1926780109,0,7,291518204084224,380372,4,,,,47400,1919070968,1919078065,cudaMemsetAsync_v3020,4706,stage,63,prefill,1,cache_recall,,echo,GPU control,GPU control,,False,,,prefill,1926779341,1926780109,768
echo,29578,memset,memset,1929711400,1929712136,0,7,291518204084224,380652,4,,,,47419,1919667808,1919675025,cudaMemsetAsync_v3020,4700,stage,63,prefill,1,output_mlp,,echo,GPU control,GPU control,,False,,,prefill,1929711400,1929712136,736
echo,29579,memset,memset,1930858342,1930859398,0,7,291518204084224,380926,4,,,,47448,1920614857,1920622133,cudaMemsetAsync_v3020,4716,stage,63,prefill,2,projection,,echo,GPU control,GPU control,,False,,,prefill,1930858342,1930859398,1056
echo,29580,memset,memset,1931271941,1931272773,0,7,291518204084224,381513,16,,,,47518,1922102365,1922110162,cudaMemsetAsync_v3020,4719,stage,63,prefill,2,indexer_control,,echo,GPU control,GPU control,,False,,,prefill,1931271941,1931272773,832
echo,29581,memset,memset,1931274373,1931275301,0,7,291518204084224,381515,8192,,,,47519,1922110484,1922115320,cudaMemsetAsync_v3020,4719,stage,63,prefill,2,indexer_control,,echo,GPU control,GPU control,,False,,,prefill,1931274373,1931275301,928
echo,29582,memset,memset,1931282981,1931283973,0,7,291518204084224,381531,13312,,,,47522,1922129434,1922132675,cudaMemsetAsync_v3020,4719,stage,63,prefill,2,indexer_control,,echo,GPU control,GPU control,,False,,,prefill,1931282981,1931283973,992
echo,29583,memset,memset,1931296261,1931297253,0,7,291518204084224,381537,13312,,,,47524,1922137835,1922140842,cudaMemsetAsync_v3020,4719,stage,63,prefill,2,indexer_control,,echo,GPU control,GPU control,,False,,,prefill,1931296261,1931297253,992
echo,29584,memset,memset,1931307237,1931308197,0,7,291518204084224,381543,13312,,,,47526,1922145089,1922147986,cudaMemsetAsync_v3020,4719,stage,63,prefill,2,indexer_control,,echo,GPU control,GPU control,,False,,,prefill,1931307237,1931308197,960
echo,29585,memset,memset,1931317541,1931318533,0,7,291518204084224,381549,13312,,,,47528,1922151913,1922154905,cudaMemsetAsync_v3020,4719,stage,63,prefill,2,indexer_control,,echo,GPU control,GPU control,,False,,,prefill,1931317541,1931318533,992
echo,29586,memset,memset,1935217054,1935217822,0,7,291518204084224,381628,4,,,,47537,1922287445,1922291815,cudaMemsetAsync_v3020,4719,stage,63,prefill,2,indexer_control,,echo,GPU control,GPU control,,False,,,prefill,1935217054,1935217822,768
echo,29587,memset,memset,1935801149,1935802141,0,7,291518204084224,382131,4,,,,47597,1923430992,1923437918,cudaMemsetAsync_v3020,4730,stage,63,prefill,2,cache_recall,,echo,GPU control,GPU control,,False,,,prefill,1935801149,1935802141,992
echo,29588,memset,memset,1938726521,1938727257,0,7,291518204084224,382433,4,,,,47627,1924027103,1924034371,cudaMemsetAsync_v3020,4724,stage,63,prefill,2,output_mlp,,echo,GPU control,GPU control,,False,,,prefill,1938726521,1938727257,736
echo,29590,memset,memset,2036824720,2036825456,0,7,291518204084224,384418,16,,,,47798,2036815252,2036822952,cudaMemsetAsync_v3020,4746,stage,64,extend,0,indexer_control,,echo,GPU control,GPU control,,False,,,extend,2036824720,2036825456,736
echo,29591,memset,memset,2036830576,2036831472,0,7,291518204084224,384420,8192,,,,47799,2036823312,2036828643,cudaMemsetAsync_v3020,4746,stage,64,extend,0,indexer_control,,echo,GPU control,GPU control,,False,,,extend,2036830576,2036831472,896
echo,29592,memset,memset,2036848688,2036849648,0,7,291518204084224,384436,13312,,,,47802,2036842819,2036846276,cudaMemsetAsync_v3020,4746,stage,64,extend,0,indexer_control,,echo,GPU control,GPU control,,False,,,extend,2036848688,2036849648,960
echo,29593,memset,memset,2036864304,2036865328,0,7,291518204084224,384442,13312,,,,47804,2036851807,2036855006,cudaMemsetAsync_v3020,4746,stage,64,extend,0,indexer_control,,echo,GPU control,GPU control,,False,,,extend,2036864304,2036865328,1024
echo,29594,memset,memset,2036875088,2036876080,0,7,291518204084224,384448,13312,,,,47806,2036859175,2036862049,cudaMemsetAsync_v3020,4746,stage,64,extend,0,indexer_control,,echo,GPU control,GPU control,,False,,,extend,2036875088,2036876080,992
echo,29595,memset,memset,2036885488,2036886448,0,7,291518204084224,384454,13312,,,,47808,2036866034,2036869051,cudaMemsetAsync_v3020,4746,stage,64,extend,0,indexer_control,,echo,GPU control,GPU control,,False,,,extend,2036885488,2036886448,960
echo,29596,memset,memset,2037915502,2037916302,0,7,291518204084224,384523,4,,,,47812,2036991686,2036997399,cudaMemsetAsync_v3020,4746,stage,64,extend,0,indexer_control,,echo,GPU control,GPU control,,False,,,extend,2037915502,2037916302,800
echo,29597,memset,memset,2038195533,2038196333,0,7,291518204084224,384990,4,,,,47854,2038120650,2038127951,cudaMemsetAsync_v3020,4757,stage,64,extend,0,cache_recall,,echo,GPU control,GPU control,,False,,,extend,2038195533,2038196333,800
echo,29598,memset,memset,2041038952,2041039720,0,7,291518204084224,386025,16,,,,47916,2041029530,2041037068,cudaMemsetAsync_v3020,4770,stage,64,extend,1,indexer_control,,echo,GPU control,GPU control,,False,,,extend,2041038952,2041039720,768
echo,29599,memset,memset,2041044552,2041045480,0,7,291518204084224,386027,8192,,,,47917,2041037520,2041052029,cudaMemsetAsync_v3020,4770,stage,64,extend,1,indexer_control,,echo,GPU control,GPU control,,False,,,extend,2041044552,2041045480,928
echo,29600,memset,memset,2041072136,2041073096,0,7,291518204084224,386043,13312,,,,47920,2041066038,2041069420,cudaMemsetAsync_v3020,4770,stage,64,extend,1,indexer_control,,echo,GPU control,GPU control,,False,,,extend,2041072136,2041073096,960
echo,29601,memset,memset,2041087656,2041088648,0,7,291518204084224,386049,13312,,,,47922,2041074853,2041077917,cudaMemsetAsync_v3020,4770,stage,64,extend,1,indexer_control,,echo,GPU control,GPU control,,False,,,extend,2041087656,2041088648,992
echo,29602,memset,memset,2041098728,2041099720,0,7,291518204084224,386055,13312,,,,47924,2041082343,2041085473,cudaMemsetAsync_v3020,4770,stage,64,extend,1,indexer_control,,echo,GPU control,GPU control,,False,,,extend,2041098728,2041099720,992
echo,29603,memset,memset,2041109224,2041110184,0,7,291518204084224,386061,13312,,,,47926,2041089173,2041091968,cudaMemsetAsync_v3020,4770,stage,64,extend,1,indexer_control,,echo,GPU control,GPU control,,False,,,extend,2041109224,2041110184,960
echo,29604,memset,memset,2042168678,2042169510,0,7,291518204084224,386130,4,,,,47930,2041214134,2041219119,cudaMemsetAsync_v3020,4770,stage,64,extend,1,indexer_control,,echo,GPU control,GPU control,,False,,,extend,2042168678,2042169510,832
echo,29605,memset,memset,2042447077,2042447877,0,7,291518204084224,386597,4,,,,47972,2042322764,2042329775,cudaMemsetAsync_v3020,4781,stage,64,extend,1,cache_recall,,echo,GPU control,GPU control,,False,,,extend,2042447077,2042447877,800
echo,29606,memset,memset,2045208128,2045208896,0,7,291518204084224,387632,16,,,,48034,2045198574,2045206311,cudaMemsetAsync_v3020,4794,stage,64,extend,2,indexer_control,,echo,GPU control,GPU control,,False,,,extend,2045208128,2045208896,768
echo,29607,memset,memset,2045213696,2045214624,0,7,291518204084224,387634,8192,,,,48035,2045206651,2045211744,cudaMemsetAsync_v3020,4794,stage,64,extend,2,indexer_control,,echo,GPU control,GPU control,,False,,,extend,2045213696,2045214624,928
echo,29608,memset,memset,2045231744,2045232704,0,7,291518204084224,387650,13312,,,,48038,2045225919,2045229438,cudaMemsetAsync_v3020,4794,stage,64,extend,2,indexer_control,,echo,GPU control,GPU control,,False,,,extend,2045231744,2045232704,960
echo,29609,memset,memset,2045247104,2045248096,0,7,291518204084224,387656,13312,,,,48040,2045234784,2045238260,cudaMemsetAsync_v3020,4794,stage,64,extend,2,indexer_control,,echo,GPU control,GPU control,,False,,,extend,2045247104,2045248096,992
echo,29610,memset,memset,2045258336,2045259296,0,7,291518204084224,387662,13312,,,,48042,2045242375,2045245431,cudaMemsetAsync_v3020,4794,stage,64,extend,2,indexer_control,,echo,GPU control,GPU control,,False,,,extend,2045258336,2045259296,960
echo,29611,memset,memset,2045268704,2045269696,0,7,291518204084224,387668,13312,,,,48044,2045249656,2045252593,cudaMemsetAsync_v3020,4794,stage,64,extend,2,indexer_control,,echo,GPU control,GPU control,,False,,,extend,2045268704,2045269696,992
echo,29612,memset,memset,2046225758,2046226558,0,7,291518204084224,387737,4,,,,48048,2045373857,2045378195,cudaMemsetAsync_v3020,4794,stage,64,extend,2,indexer_control,,echo,GPU control,GPU control,,False,,,extend,2046225758,2046226558,800
echo,29613,memset,memset,2046557533,2046558333,0,7,291518204084224,388204,4,,,,48090,2046510612,2046518030,cudaMemsetAsync_v3020,4805,stage,64,extend,2,cache_recall,,echo,GPU control,GPU control,,False,,,extend,2046557533,2046558333,800
