mode,phase,layer,stage,scope_count,metadata_call_count,metadata_call_count_matches,useful_flops,precision,dense_peak_tflops,kernel_mfu_percent,mfu_unavailable_reason,scope_host_union_ms,scope_host_duration_sum_ms,api_thread_union_ms,api_count,runtime_api_count,driver_api_count,kernel_launch_count,useful_tflops,kernel_count,kernel_ns,kernel_ms,memcpy_count,memcpy_ns,memcpy_ms,memset_count,memset_ns,memset_ms,profile_run_id
hbm,prefill_annotated,layer_0,attention_output,64,64,True,,,,,N/A (no matrix multiply),25.428504,25.428504,0.0,0,0,0,0,,0,0,0.0,0,0,0.0,0,0,0.0,deepseek_h64k_a1_fused_prepare_20261009_01_hbm_operators
hbm,prefill_annotated,layer_0,attention_projection,64,64,True,,,,,N/A (no matrix multiply),10.730916,10.730916,0.0,0,0,0,0,,0,0,0.0,0,0,0.0,0,0,0.0,deepseek_h64k_a1_fused_prepare_20261009_01_hbm_operators
hbm,prefill_annotated,layer_0,cache_write,64,64,True,,,,,N/A (no matrix multiply),7.78214,7.78214,3.297596,448,448,0,128,,128,164064,0.164064,192,216548,0.216548,0,0,0.0,deepseek_h64k_a1_fused_prepare_20261009_01_hbm_operators
hbm,prefill_annotated,layer_0,compute_graph_finish_layer_0_q_1024,64,64,True,,,,,N/A (no matrix multiply),16.580813,16.580813,16.199177,64,64,0,64,,128,2797029,2.797029,0,0,0.0,0,0,0.0,deepseek_h64k_a1_fused_prepare_20261009_01_hbm_operators
hbm,prefill_annotated,layer_0,compute_graph_projection_inputs,64,64,True,,,,,N/A (no matrix multiply),2.480663,2.480663,1.285367,192,192,0,64,,64,53056,0.053056,64,398144,0.398144,0,0,0.0,deepseek_h64k_a1_fused_prepare_20261009_01_hbm_operators
hbm,prefill_annotated,layer_0,compute_graph_projection_layer_0_q_1024,64,64,True,,,,,N/A (no matrix multiply),6.366342,6.366342,6.052443,64,64,0,64,,1600,6348205,6.348205,0,0,0.0,0,0,0.0,deepseek_h64k_a1_fused_prepare_20261009_01_hbm_operators
hbm,prefill_annotated,layer_0,compute_graph_value_expansion,64,64,True,,,,,N/A (no matrix multiply),6.979005,6.979005,0.0,0,0,0,0,,0,0,0.0,0,0,0.0,0,0,0.0,deepseek_h64k_a1_fused_prepare_20261009_01_hbm_operators
hbm,prefill_annotated,layer_0,exact_topk,64,64,True,,,,,N/A (no matrix multiply),53.628691,53.628691,48.67277,258,258,0,256,,256,18782984,18.782984,0,0,0.0,0,0,0.0,deepseek_h64k_a1_fused_prepare_20261009_01_hbm_operators
hbm,prefill_annotated,layer_0,index_cache_write,64,64,True,,,,,N/A (no matrix multiply),2.106157,2.106157,0.865234,128,128,0,0,,0,0,0.0,128,172064,0.172064,0,0,0.0,deepseek_h64k_a1_fused_prepare_20261009_01_hbm_operators
hbm,prefill_annotated,layer_0,index_k_proj,64,64,True,120259084288,FP8,1979.0,5.005807688063236,,0.0,0.0,0.0,0,0,0,64,99.06493414677142,192,1213942,1.213942,0,0,0.0,0,0,0.0,deepseek_h64k_a1_fused_prepare_20261009_01_hbm_operators
hbm,prefill_annotated,layer_0,index_q_proj,64,64,True,1649267441664,FP8,1979.0,44.47037976174795,,0.0,0.0,0.0,0,0,0,64,880.0688154849919,192,1874021,1.874021,0,0,0.0,0,0,0.0,deepseek_h64k_a1_fused_prepare_20261009_01_hbm_operators
hbm,prefill_annotated,layer_0,index_weights_proj,64,64,True,60129542144,FP32,67.0,34.04931542885553,,0.0,0.0,0.0,0,0,0,64,22.813041337333203,128,2635753,2.635753,0,0,0.0,0,0,0.0,deepseek_h64k_a1_fused_prepare_20261009_01_hbm_operators
hbm,prefill_annotated,layer_0,indexer_aux,64,64,True,,,,,N/A (no matrix multiply),22.830999,22.830999,0.0,0,0,0,0,,0,0,0.0,0,0,0.0,0,0,0.0,deepseek_h64k_a1_fused_prepare_20261009_01_hbm_operators
hbm,prefill_annotated,layer_0,indexer_qk,64,64,True,35184908959744,FP8,1979.0,47.71803411674879,,14.52258,14.52258,7.296343,448,448,0,128,944.3398951704586,128,37258734,37.258734,0,0,0.0,0,0,0.0,deepseek_h64k_a1_fused_prepare_20261009_01_hbm_operators
hbm,prefill_annotated,layer_0,kv_a_proj,64,64,True,541165879296,FP8,1979.0,15.25419693653519,,0.0,0.0,0.0,0,0,0,64,301.8805573740314,192,1792649,1.792649,0,0,0.0,0,0,0.0,deepseek_h64k_a1_fused_prepare_20261009_01_hbm_operators
hbm,prefill_annotated,layer_0,layer_misc,64,64,True,,,,,N/A (no matrix multiply),145.395219,145.395219,0.0,0,0,0,0,,0,0,0.0,0,0,0.0,0,0,0.0,deepseek_h64k_a1_fused_prepare_20261009_01_hbm_operators
hbm,prefill_annotated,layer_0,mla_qk_pv,64,64,True,36799565004800,BF16,989.5,61.12147491472283,,8.888852,8.888852,5.228622,326,326,0,64,604.7969942811824,64,60846144,60.846144,0,0,0.0,0,0,0.0,deepseek_h64k_a1_fused_prepare_20261009_01_hbm_operators
hbm,prefill_annotated,layer_0,mlp_down,64,64,True,17317308137472,FP8,1979.0,56.56533202342398,,0.0,0.0,0.0,0,0,0,64,1119.4279207435604,192,15469784,15.469784,0,0,0.0,0,0,0.0,deepseek_h64k_a1_fused_prepare_20261009_01_hbm_operators
hbm,prefill_annotated,layer_0,mlp_gate,64,64,True,17317308137472,FP8,1979.0,59.03721703356798,,0.0,0.0,0.0,0,0,0,64,1168.3465250943104,192,14822065,14.822065,0,0,0.0,0,0,0.0,deepseek_h64k_a1_fused_prepare_20261009_01_hbm_operators
hbm,prefill_annotated,layer_0,mlp_up,64,64,True,17317308137472,FP8,1979.0,60.72713407722547,,0.0,0.0,0.0,0,0,0,64,1201.789983388292,128,14409596,14.409596,0,0,0.0,0,0,0.0,deepseek_h64k_a1_fused_prepare_20261009_01_hbm_operators
hbm,prefill_annotated,layer_0,o_proj,64,64,True,15393162788864,FP8,1979.0,56.09479186013351,,0.0,0.0,0.0,0,0,0,64,1110.1159309120421,192,13866266,13.866266,0,0,0.0,0,0,0.0,deepseek_h64k_a1_fused_prepare_20261009_01_hbm_operators
hbm,prefill_annotated,layer_0,offload_prepare,64,64,True,,,,,N/A (no matrix multiply),0.077898,0.077898,0.0,0,0,0,0,,0,0,0.0,0,0,0.0,0,0,0.0,deepseek_h64k_a1_fused_prepare_20261009_01_hbm_operators
hbm,prefill_annotated,layer_0,offload_source_reservation,64,64,True,,,,,N/A (no matrix multiply),0.093852,0.093852,0.0,0,0,0,0,,0,0,0.0,0,0,0.0,0,0,0.0,deepseek_h64k_a1_fused_prepare_20261009_01_hbm_operators
hbm,prefill_annotated,layer_0,q_a_proj,64,64,True,1443109011456,FP8,1979.0,41.47614723552783,,0.0,0.0,0.0,0,0,0,64,820.8129537910959,192,1758146,1.758146,0,0,0.0,0,0,0.0,deepseek_h64k_a1_fused_prepare_20261009_01_hbm_operators
hbm,prefill_annotated,layer_0,q_absorb,64,64,True,1099511627776,BF16,989.5,30.189757495300658,,0.0,0.0,0.0,0,0,0,64,298.727650416,64,3680649,3.680649,0,0,0.0,64,57536,0.057536,deepseek_h64k_a1_fused_prepare_20261009_01_hbm_operators
hbm,prefill_annotated,layer_0,q_b_proj,64,64,True,4947802324992,FP8,1979.0,58.20451365987452,,0.0,0.0,0.0,0,0,0,64,1151.8673253289169,192,4295462,4.295462,0,0,0.0,0,0,0.0,deepseek_h64k_a1_fused_prepare_20261009_01_hbm_operators
hbm,prefill_annotated,layer_0,sparse_mla_aux,64,64,True,,,,,N/A (no matrix multiply),11.946294,11.946294,0.0,0,0,0,0,,0,0,0.0,0,0,0.0,0,0,0.0,deepseek_h64k_a1_fused_prepare_20261009_01_hbm_operators
hbm,prefill_annotated,layer_0,v_expand,64,64,True,1099511627776,BF16,989.5,33.857197665332976,,3.586595,3.586595,0.952936,256,256,0,64,335.01697089846976,64,3281958,3.281958,0,0,0.0,64,56960,0.05696,deepseek_h64k_a1_fused_prepare_20261009_01_hbm_operators
hbm,prefill_annotated,layer_1,attention_output,64,64,True,,,,,N/A (no matrix multiply),24.485172,24.485172,0.0,0,0,0,0,,0,0,0.0,0,0,0.0,0,0,0.0,deepseek_h64k_a1_fused_prepare_20261009_01_hbm_operators
hbm,prefill_annotated,layer_1,attention_projection,64,64,True,,,,,N/A (no matrix multiply),7.833271,7.833271,0.0,0,0,0,0,,0,0,0.0,0,0,0.0,0,0,0.0,deepseek_h64k_a1_fused_prepare_20261009_01_hbm_operators
hbm,prefill_annotated,layer_1,cache_write,64,64,True,,,,,N/A (no matrix multiply),43.641433,43.641433,39.503355,448,448,0,128,,128,166721,0.166721,192,219266,0.219266,0,0,0.0,deepseek_h64k_a1_fused_prepare_20261009_01_hbm_operators
hbm,prefill_annotated,layer_1,compute_graph_finish_layer_1_q_1024,64,64,True,,,,,N/A (no matrix multiply),16.626486,16.626486,16.255048,64,64,0,64,,128,2788989,2.788989,0,0,0.0,0,0,0.0,deepseek_h64k_a1_fused_prepare_20261009_01_hbm_operators
hbm,prefill_annotated,layer_1,compute_graph_projection_inputs,64,64,True,,,,,N/A (no matrix multiply),0.097654,0.097654,0.0,0,0,0,0,,0,0,0.0,0,0,0.0,0,0,0.0,deepseek_h64k_a1_fused_prepare_20261009_01_hbm_operators
hbm,prefill_annotated,layer_1,compute_graph_projection_layer_1_q_1024,64,64,True,,,,,N/A (no matrix multiply),5.914518,5.914518,5.598279,64,64,0,64,,1600,6700547,6.700547,0,0,0.0,0,0,0.0,deepseek_h64k_a1_fused_prepare_20261009_01_hbm_operators
hbm,prefill_annotated,layer_1,compute_graph_value_expansion,64,64,True,,,,,N/A (no matrix multiply),6.089845,6.089845,0.0,0,0,0,0,,0,0,0.0,0,0,0.0,0,0,0.0,deepseek_h64k_a1_fused_prepare_20261009_01_hbm_operators
hbm,prefill_annotated,layer_1,exact_topk,64,64,True,,,,,N/A (no matrix multiply),26.267223,26.267223,21.731834,256,256,0,256,,256,18586921,18.586921,0,0,0.0,0,0,0.0,deepseek_h64k_a1_fused_prepare_20261009_01_hbm_operators
hbm,prefill_annotated,layer_1,index_cache_write,64,64,True,,,,,N/A (no matrix multiply),2.632603,2.632603,1.126419,128,128,0,0,,0,0,0.0,128,174080,0.17408,0,0,0.0,deepseek_h64k_a1_fused_prepare_20261009_01_hbm_operators
hbm,prefill_annotated,layer_1,index_k_proj,64,64,True,120259084288,FP8,1979.0,4.966535814053522,,0.0,0.0,0.0,0,0,0,64,98.2877437601192,192,1223541,1.223541,0,0,0.0,0,0,0.0,deepseek_h64k_a1_fused_prepare_20261009_01_hbm_operators
hbm,prefill_annotated,layer_1,index_q_proj,64,64,True,1649267441664,FP8,1979.0,44.46058146165224,,0.0,0.0,0.0,0,0,0,64,879.8749071260978,192,1874434,1.874434,0,0,0.0,0,0,0.0,deepseek_h64k_a1_fused_prepare_20261009_01_hbm_operators
hbm,prefill_annotated,layer_1,index_weights_proj,64,64,True,60129542144,FP32,67.0,34.16380601219384,,0.0,0.0,0.0,0,0,0,64,22.88975002816987,128,2626920,2.62692,0,0,0.0,0,0,0.0,deepseek_h64k_a1_fused_prepare_20261009_01_hbm_operators
hbm,prefill_annotated,layer_1,indexer_aux,64,64,True,,,,,N/A (no matrix multiply),16.6185,16.6185,0.0,0,0,0,0,,0,0,0.0,0,0,0.0,0,0,0.0,deepseek_h64k_a1_fused_prepare_20261009_01_hbm_operators
hbm,prefill_annotated,layer_1,indexer_qk,64,64,True,35184908959744,FP8,1979.0,47.73644517486909,,7.126063,7.126063,0.761094,384,384,0,128,944.7042500106593,128,37244364,37.244364,0,0,0.0,0,0,0.0,deepseek_h64k_a1_fused_prepare_20261009_01_hbm_operators
hbm,prefill_annotated,layer_1,kv_a_proj,64,64,True,541165879296,FP8,1979.0,15.211328738251172,,0.0,0.0,0.0,0,0,0,64,301.0321957299907,192,1797701,1.797701,0,0,0.0,0,0,0.0,deepseek_h64k_a1_fused_prepare_20261009_01_hbm_operators
hbm,prefill_annotated,layer_1,layer_misc,64,64,True,,,,,N/A (no matrix multiply),143.36561,143.36561,0.0,0,0,0,0,,0,0,0.0,0,0,0.0,0,0,0.0,deepseek_h64k_a1_fused_prepare_20261009_01_hbm_operators
hbm,prefill_annotated,layer_1,mla_qk_pv,64,64,True,36799565004800,BF16,989.5,61.10617882283489,,8.489027,8.489027,4.971431,320,320,0,64,604.6456394519513,64,60861375,60.861375,0,0,0.0,0,0,0.0,deepseek_h64k_a1_fused_prepare_20261009_01_hbm_operators
hbm,prefill_annotated,layer_1,mlp_down,64,64,True,17317308137472,FP8,1979.0,56.710288036354314,,0.0,0.0,0.0,0,0,0,64,1122.296600239452,192,15430242,15.430242,0,0,0.0,0,0,0.0,deepseek_h64k_a1_fused_prepare_20261009_01_hbm_operators
hbm,prefill_annotated,layer_1,mlp_gate,64,64,True,17317308137472,FP8,1979.0,59.33080757453202,,0.0,0.0,0.0,0,0,0,64,1174.1566818999886,192,14748720,14.74872,0,0,0.0,0,0,0.0,deepseek_h64k_a1_fused_prepare_20261009_01_hbm_operators
hbm,prefill_annotated,layer_1,mlp_up,64,64,True,17317308137472,FP8,1979.0,60.731218060586336,,0.0,0.0,0.0,0,0,0,64,1201.8708054190035,128,14408627,14.408627,0,0,0.0,0,0,0.0,deepseek_h64k_a1_fused_prepare_20261009_01_hbm_operators
hbm,prefill_annotated,layer_1,o_proj,64,64,True,15393162788864,FP8,1979.0,56.23770735965874,,0.0,0.0,0.0,0,0,0,64,1112.9442286476465,192,13831028,13.831028,0,0,0.0,0,0,0.0,deepseek_h64k_a1_fused_prepare_20261009_01_hbm_operators
hbm,prefill_annotated,layer_1,offload_prepare,64,64,True,,,,,N/A (no matrix multiply),0.063186,0.063186,0.0,0,0,0,0,,0,0,0.0,0,0,0.0,0,0,0.0,deepseek_h64k_a1_fused_prepare_20261009_01_hbm_operators
hbm,prefill_annotated,layer_1,offload_source_reservation,64,64,True,,,,,N/A (no matrix multiply),0.107674,0.107674,0.0,0,0,0,0,,0,0,0.0,0,0,0.0,0,0,0.0,deepseek_h64k_a1_fused_prepare_20261009_01_hbm_operators
hbm,prefill_annotated,layer_1,q_a_proj,64,64,True,1443109011456,FP8,1979.0,40.957281604810056,,0.0,0.0,0.0,0,0,0,64,810.544602959191,192,1780419,1.780419,0,0,0.0,0,0,0.0,deepseek_h64k_a1_fused_prepare_20261009_01_hbm_operators
hbm,prefill_annotated,layer_1,q_absorb,64,64,True,1099511627776,BF16,989.5,30.17568892147326,,0.0,0.0,0.0,0,0,0,64,298.58844187797786,64,3682365,3.682365,0,0,0.0,64,53952,0.053952,deepseek_h64k_a1_fused_prepare_20261009_01_hbm_operators
hbm,prefill_annotated,layer_1,q_b_proj,64,64,True,4947802324992,FP8,1979.0,58.68660746750181,,0.0,0.0,0.0,0,0,0,64,1161.4079617818606,192,4260176,4.260176,0,0,0.0,0,0,0.0,deepseek_h64k_a1_fused_prepare_20261009_01_hbm_operators
hbm,prefill_annotated,layer_1,sparse_mla_aux,64,64,True,,,,,N/A (no matrix multiply),11.395589,11.395589,0.0,0,0,0,0,,0,0,0.0,0,0,0.0,0,0,0.0,deepseek_h64k_a1_fused_prepare_20261009_01_hbm_operators
hbm,prefill_annotated,layer_1,v_expand,64,64,True,1099511627776,BF16,989.5,33.73418247262412,,3.347382,3.347382,0.906009,256,256,0,64,333.79973556661565,64,3293926,3.293926,0,0,0.0,64,56480,0.05648,deepseek_h64k_a1_fused_prepare_20261009_01_hbm_operators
hbm,prefill_annotated,layer_2,attention_output,64,64,True,,,,,N/A (no matrix multiply),24.472771,24.472771,0.0,0,0,0,0,,0,0,0.0,0,0,0.0,0,0,0.0,deepseek_h64k_a1_fused_prepare_20261009_01_hbm_operators
hbm,prefill_annotated,layer_2,attention_projection,64,64,True,,,,,N/A (no matrix multiply),7.962254,7.962254,0.0,0,0,0,0,,0,0,0.0,0,0,0.0,0,0,0.0,deepseek_h64k_a1_fused_prepare_20261009_01_hbm_operators
hbm,prefill_annotated,layer_2,cache_write,64,64,True,,,,,N/A (no matrix multiply),44.594461,44.594461,40.46632,448,448,0,128,,128,164064,0.164064,192,219137,0.219137,0,0,0.0,deepseek_h64k_a1_fused_prepare_20261009_01_hbm_operators
hbm,prefill_annotated,layer_2,compute_graph_finish_layer_2_q_1024,64,64,True,,,,,N/A (no matrix multiply),16.794481,16.794481,16.426808,64,64,0,64,,128,2801285,2.801285,0,0,0.0,0,0,0.0,deepseek_h64k_a1_fused_prepare_20261009_01_hbm_operators
hbm,prefill_annotated,layer_2,compute_graph_projection_inputs,64,64,True,,,,,N/A (no matrix multiply),0.098721,0.098721,0.0,0,0,0,0,,0,0,0.0,0,0,0.0,0,0,0.0,deepseek_h64k_a1_fused_prepare_20261009_01_hbm_operators
hbm,prefill_annotated,layer_2,compute_graph_projection_layer_2_q_1024,64,64,True,,,,,N/A (no matrix multiply),6.027606,6.027606,5.715404,64,64,0,64,,1600,6703120,6.70312,0,0,0.0,0,0,0.0,deepseek_h64k_a1_fused_prepare_20261009_01_hbm_operators
hbm,prefill_annotated,layer_2,compute_graph_value_expansion,64,64,True,,,,,N/A (no matrix multiply),5.964264,5.964264,0.0,0,0,0,0,,0,0,0.0,0,0,0.0,0,0,0.0,deepseek_h64k_a1_fused_prepare_20261009_01_hbm_operators
hbm,prefill_annotated,layer_2,exact_topk,64,64,True,,,,,N/A (no matrix multiply),26.70795,26.70795,22.250968,256,256,0,256,,256,19558697,19.558697,0,0,0.0,0,0,0.0,deepseek_h64k_a1_fused_prepare_20261009_01_hbm_operators
hbm,prefill_annotated,layer_2,index_cache_write,64,64,True,,,,,N/A (no matrix multiply),2.575031,2.575031,1.096758,128,128,0,0,,0,0,0.0,128,176768,0.176768,0,0,0.0,deepseek_h64k_a1_fused_prepare_20261009_01_hbm_operators
hbm,prefill_annotated,layer_2,index_k_proj,64,64,True,120259084288,FP8,1979.0,4.9089582907578855,,0.0,0.0,0.0,0,0,0,64,97.14828457409855,192,1237892,1.237892,0,0,0.0,0,0,0.0,deepseek_h64k_a1_fused_prepare_20261009_01_hbm_operators
hbm,prefill_annotated,layer_2,index_q_proj,64,64,True,1649267441664,FP8,1979.0,44.37705637893134,,0.0,0.0,0.0,0,0,0,64,878.2219457390512,192,1877962,1.877962,0,0,0.0,0,0,0.0,deepseek_h64k_a1_fused_prepare_20261009_01_hbm_operators
hbm,prefill_annotated,layer_2,index_weights_proj,64,64,True,60129542144,FP32,67.0,34.08372563114097,,0.0,0.0,0.0,0,0,0,64,22.83609617286445,128,2633092,2.633092,0,0,0.0,0,0,0.0,deepseek_h64k_a1_fused_prepare_20261009_01_hbm_operators
hbm,prefill_annotated,layer_2,indexer_aux,64,64,True,,,,,N/A (no matrix multiply),15.346746,15.346746,0.0,0,0,0,0,,0,0,0.0,0,0,0.0,0,0,0.0,deepseek_h64k_a1_fused_prepare_20261009_01_hbm_operators
hbm,prefill_annotated,layer_2,indexer_qk,64,64,True,35184908959744,FP8,1979.0,47.72721865205091,,7.118117,7.118117,0.749163,384,384,0,128,944.5216571240875,128,37251564,37.251564,0,0,0.0,0,0,0.0,deepseek_h64k_a1_fused_prepare_20261009_01_hbm_operators
hbm,prefill_annotated,layer_2,kv_a_proj,64,64,True,541165879296,FP8,1979.0,15.018066372890937,,0.0,0.0,0.0,0,0,0,64,297.2075335195116,192,1820835,1.820835,0,0,0.0,0,0,0.0,deepseek_h64k_a1_fused_prepare_20261009_01_hbm_operators
hbm,prefill_annotated,layer_2,layer_misc,64,64,True,,,,,N/A (no matrix multiply),143.726125,143.726125,0.0,0,0,0,0,,0,0,0.0,0,0,0.0,0,0,0.0,deepseek_h64k_a1_fused_prepare_20261009_01_hbm_operators
hbm,prefill_annotated,layer_2,mla_qk_pv,64,64,True,36799565004800,BF16,989.5,60.99985444946078,,8.650557,8.650557,5.164906,320,320,0,64,603.5935597774144,64,60967458,60.967458,0,0,0.0,0,0,0.0,deepseek_h64k_a1_fused_prepare_20261009_01_hbm_operators
hbm,prefill_annotated,layer_2,mlp_down,64,64,True,17317308137472,FP8,1979.0,56.524025428098234,,0.0,0.0,0.0,0,0,0,64,1118.610463222064,192,15481089,15.481089,0,0,0.0,0,0,0.0,deepseek_h64k_a1_fused_prepare_20261009_01_hbm_operators
hbm,prefill_annotated,layer_2,mlp_gate,64,64,True,17317308137472,FP8,1979.0,59.21426378976362,,0.0,0.0,0.0,0,0,0,64,1171.8502803994222,192,14777748,14.777748,0,0,0.0,0,0,0.0,deepseek_h64k_a1_fused_prepare_20261009_01_hbm_operators
hbm,prefill_annotated,layer_2,mlp_up,64,64,True,17317308137472,FP8,1979.0,60.779690369713244,,0.0,0.0,0.0,0,0,0,64,1202.8300724166252,128,14397136,14.397136,0,0,0.0,0,0,0.0,deepseek_h64k_a1_fused_prepare_20261009_01_hbm_operators
hbm,prefill_annotated,layer_2,o_proj,64,64,True,15393162788864,FP8,1979.0,56.215629225050776,,0.0,0.0,0.0,0,0,0,64,1112.507302363755,192,13836460,13.83646,0,0,0.0,0,0,0.0,deepseek_h64k_a1_fused_prepare_20261009_01_hbm_operators
hbm,prefill_annotated,layer_2,offload_prepare,64,64,True,,,,,N/A (no matrix multiply),0.07599,0.07599,0.0,0,0,0,0,,0,0,0.0,0,0,0.0,0,0,0.0,deepseek_h64k_a1_fused_prepare_20261009_01_hbm_operators
hbm,prefill_annotated,layer_2,offload_source_reservation,64,64,True,,,,,N/A (no matrix multiply),0.097231,0.097231,0.0,0,0,0,0,,0,0,0.0,0,0,0.0,0,0,0.0,deepseek_h64k_a1_fused_prepare_20261009_01_hbm_operators
hbm,prefill_annotated,layer_2,q_a_proj,64,64,True,1443109011456,FP8,1979.0,41.22772276171417,,0.0,0.0,0.0,0,0,0,64,815.8966334543234,192,1768740,1.76874,0,0,0.0,0,0,0.0,deepseek_h64k_a1_fused_prepare_20261009_01_hbm_operators
hbm,prefill_annotated,layer_2,q_absorb,64,64,True,1099511627776,BF16,989.5,30.287995084737084,,0.0,0.0,0.0,0,0,0,64,299.69971136347345,64,3668711,3.668711,0,0,0.0,64,52897,0.052897,deepseek_h64k_a1_fused_prepare_20261009_01_hbm_operators
hbm,prefill_annotated,layer_2,q_b_proj,64,64,True,4947802324992,FP8,1979.0,58.73264037464247,,0.0,0.0,0.0,0,0,0,64,1162.3189530141747,192,4256837,4.256837,0,0,0.0,0,0,0.0,deepseek_h64k_a1_fused_prepare_20261009_01_hbm_operators
hbm,prefill_annotated,layer_2,sparse_mla_aux,64,64,True,,,,,N/A (no matrix multiply),11.53089,11.53089,0.0,0,0,0,0,,0,0,0.0,0,0,0.0,0,0,0.0,deepseek_h64k_a1_fused_prepare_20261009_01_hbm_operators
hbm,prefill_annotated,layer_2,v_expand,64,64,True,1099511627776,BF16,989.5,33.7932655900144,,3.323443,3.323443,0.887971,256,256,0,64,334.38436301319246,64,3288167,3.288167,0,0,0.0,64,59904,0.059904,deepseek_h64k_a1_fused_prepare_20261009_01_hbm_operators
hbm,prefill_annotated,shared,embedding,64,64,True,,,,,N/A (no matrix multiply),3.140842,3.140842,0.501418,128,128,0,64,,64,421025,0.421025,0,0,0.0,0,0,0.0,deepseek_h64k_a1_fused_prepare_20261009_01_hbm_operators
hbm,prefill_annotated,shared,final_norm_lm_head,1,1,True,,,,,N/A (no matrix multiply),0.308499,0.308499,0.013326,2,2,0,1,,1,3872,0.003872,0,0,0.0,0,0,0.0,deepseek_h64k_a1_fused_prepare_20261009_01_hbm_operators
hbm,prefill_annotated,shared,forward_misc,1,1,True,,,,,N/A (no matrix multiply),633.232369,633.232369,184.425135,7,7,0,0,,0,0,0.0,1,12544,0.012544,0,0,0.0,deepseek_h64k_a1_fused_prepare_20261009_01_hbm_operators
hbm,prefill_annotated,shared,hidden_transfer,192,192,True,,,,,N/A (no matrix multiply),0.949675,0.949675,0.0,0,0,0,0,,0,0,0.0,0,0,0.0,0,0,0.0,deepseek_h64k_a1_fused_prepare_20261009_01_hbm_operators
hbm,prefill_annotated,shared,lm_head,1,1,True,1853358080,BF16,989.5,0.44500788573658195,,0.068706,0.068706,0.014183,4,4,0,1,4.403353029363479,1,420897,0.420897,0,0,0.0,1,800,0.0008,deepseek_h64k_a1_fused_prepare_20261009_01_hbm_operators
hbm,prefill_annotated,shared,residual_rms_norm,1,1,True,,,,,N/A (no matrix multiply),0.139279,0.139279,0.010459,2,2,0,1,,1,2560,0.00256,0,0,0.0,0,0,0.0,deepseek_h64k_a1_fused_prepare_20261009_01_hbm_operators
hbm,extend_annotated,layer_0,index_k_proj,1,1,True,1835008,FP8,1979.0,0.008048958508786706,,0.0,0.0,0.0,0,0,0,1,0.1592888888888889,2,11520,0.01152,0,0,0.0,0,0,0.0,deepseek_h64k_a1_fused_prepare_20261009_01_hbm_operators
hbm,extend_annotated,layer_0,index_q_proj,1,1,True,25165824,FP8,1979.0,0.14294553240681837,,0.0,0.0,0.0,0,0,0,1,2.8288920863309355,2,8896,0.008896,0,0,0.0,0,0,0.0,deepseek_h64k_a1_fused_prepare_20261009_01_hbm_operators
hbm,extend_annotated,layer_0,index_weights_proj,1,1,True,917504,FP32,67.0,0.3056716417910448,,0.0,0.0,0.0,0,0,0,1,0.2048,2,4480,0.00448,0,0,0.0,0,0,0.0,deepseek_h64k_a1_fused_prepare_20261009_01_hbm_operators
hbm,extend_annotated,layer_0,indexer_qk,1,1,True,1073758208,FP8,1979.0,3.5773465656552768,,0.0,0.0,0.0,0,0,0,1,70.79568853431793,7,15167,0.015167,0,0,0.0,0,0,0.0,deepseek_h64k_a1_fused_prepare_20261009_01_hbm_operators
hbm,extend_annotated,layer_0,kv_a_proj,1,1,True,8257536,FP8,1979.0,0.03360647624802696,,0.0,0.0,0.0,0,0,0,1,0.6650721649484536,2,12416,0.012416,0,0,0.0,0,0,0.0,deepseek_h64k_a1_fused_prepare_20261009_01_hbm_operators
hbm,extend_annotated,layer_0,mla_qk_pv,1,1,True,570425344,BF16,989.5,3.865868876421308,,0.0,0.0,0.0,0,0,0,1,38.25277253218884,3,14912,0.014912,0,0,0.0,0,0,0.0,deepseek_h64k_a1_fused_prepare_20261009_01_hbm_operators
hbm,extend_annotated,layer_0,mlp_down,1,1,True,264241152,FP8,1979.0,0.30635683487188164,,0.0,0.0,0.0,0,0,0,1,6.062801762114537,2,43584,0.043584,0,0,0.0,0,0,0.0,deepseek_h64k_a1_fused_prepare_20261009_01_hbm_operators
hbm,extend_annotated,layer_0,mlp_gate,1,1,True,264241152,FP8,1979.0,0.35784461959789055,,0.0,0.0,0.0,0,0,0,1,7.081745021842253,2,37313,0.037313,0,0,0.0,0,0,0.0,deepseek_h64k_a1_fused_prepare_20261009_01_hbm_operators
hbm,extend_annotated,layer_0,mlp_up,1,1,True,264241152,FP8,1979.0,0.3722194550361309,,0.0,0.0,0.0,0,0,0,1,7.366223015165032,1,35872,0.035872,0,0,0.0,0,0,0.0,deepseek_h64k_a1_fused_prepare_20261009_01_hbm_operators
hbm,extend_annotated,layer_0,o_proj,1,1,True,234881024,FP8,1979.0,0.28034467731284307,,0.0,0.0,0.0,0,0,0,1,5.548021164021164,2,42336,0.042336,0,0,0.0,0,0,0.0,deepseek_h64k_a1_fused_prepare_20261009_01_hbm_operators
hbm,extend_annotated,layer_0,q_a_proj,1,1,True,22020096,FP8,1979.0,0.07592548783723467,,0.0,0.0,0.0,0,0,0,1,1.502565404298874,2,14655,0.014655,0,0,0.0,0,0,0.0,deepseek_h64k_a1_fused_prepare_20261009_01_hbm_operators
hbm,extend_annotated,layer_0,q_absorb,1,1,True,16777216,BF16,989.5,0.23341473133095744,,0.0,0.0,0.0,0,0,0,1,2.3096387665198237,1,7264,0.007264,0,0,0.0,0,0,0.0,deepseek_h64k_a1_fused_prepare_20261009_01_hbm_operators
hbm,extend_annotated,layer_0,q_b_proj,1,1,True,75497472,FP8,1979.0,0.20733317222136785,,0.0,0.0,0.0,0,0,0,1,4.103123478260869,2,18400,0.0184,0,0,0.0,0,0,0.0,deepseek_h64k_a1_fused_prepare_20261009_01_hbm_operators
hbm,extend_annotated,layer_0,v_expand,1,1,True,16777216,BF16,989.5,0.2597310980986634,,0.0,0.0,0.0,0,0,0,1,2.5700392156862746,1,6528,0.006528,0,0,0.0,0,0,0.0,deepseek_h64k_a1_fused_prepare_20261009_01_hbm_operators
hbm,extend_annotated,layer_1,index_k_proj,1,1,True,1835008,FP8,1979.0,0.008162324121586519,,0.0,0.0,0.0,0,0,0,1,0.16153239436619718,2,11360,0.01136,0,0,0.0,0,0,0.0,deepseek_h64k_a1_fused_prepare_20261009_01_hbm_operators
hbm,extend_annotated,layer_1,index_q_proj,1,1,True,25165824,FP8,1979.0,0.14827932092946083,,0.0,0.0,0.0,0,0,0,1,2.93444776119403,2,8576,0.008576,0,0,0.0,0,0,0.0,deepseek_h64k_a1_fused_prepare_20261009_01_hbm_operators
hbm,extend_annotated,layer_1,index_weights_proj,1,1,True,917504,FP32,67.0,0.3169928137092316,,0.0,0.0,0.0,0,0,0,1,0.21238518518518518,2,4320,0.00432,0,0,0.0,0,0,0.0,deepseek_h64k_a1_fused_prepare_20261009_01_hbm_operators
hbm,extend_annotated,layer_1,indexer_qk,1,1,True,1073758208,FP8,1979.0,3.5104564804149576,,0.0,0.0,0.0,0,0,0,1,69.47193374741201,7,15456,0.015456,0,0,0.0,0,0,0.0,deepseek_h64k_a1_fused_prepare_20261009_01_hbm_operators
hbm,extend_annotated,layer_1,kv_a_proj,1,1,True,8257536,FP8,1979.0,0.03343413534419093,,0.0,0.0,0.0,0,0,0,1,0.6616615384615384,2,12480,0.01248,0,0,0.0,0,0,0.0,deepseek_h64k_a1_fused_prepare_20261009_01_hbm_operators
hbm,extend_annotated,layer_1,mla_qk_pv,1,1,True,570425344,BF16,989.5,3.942001961514944,,0.0,0.0,0.0,0,0,0,1,39.00610940919037,3,14624,0.014624,0,0,0.0,0,0,0.0,deepseek_h64k_a1_fused_prepare_20261009_01_hbm_operators
hbm,extend_annotated,layer_1,mlp_down,1,1,True,264241152,FP8,1979.0,0.3272611836043159,,0.0,0.0,0.0,0,0,0,1,6.476498823529412,2,40800,0.0408,0,0,0.0,0,0,0.0,deepseek_h64k_a1_fused_prepare_20261009_01_hbm_operators
hbm,extend_annotated,layer_1,mlp_gate,1,1,True,264241152,FP8,1979.0,0.3551131992302151,,0.0,0.0,0.0,0,0,0,1,7.0276902127659575,2,37600,0.0376,0,0,0.0,0,0,0.0,deepseek_h64k_a1_fused_prepare_20261009_01_hbm_operators
hbm,extend_annotated,layer_1,mlp_up,1,1,True,264241152,FP8,1979.0,0.3637820480344401,,0.0,0.0,0.0,0,0,0,1,7.199246730601569,1,36704,0.036704,0,0,0.0,0,0,0.0,deepseek_h64k_a1_fused_prepare_20261009_01_hbm_operators
hbm,extend_annotated,layer_1,o_proj,1,1,True,234881024,FP8,1979.0,0.3055156574010637,,0.0,0.0,0.0,0,0,0,1,6.046154859967051,2,38848,0.038848,0,0,0.0,0,0,0.0,deepseek_h64k_a1_fused_prepare_20261009_01_hbm_operators
hbm,extend_annotated,layer_1,q_a_proj,1,1,True,22020096,FP8,1979.0,0.08086395525106643,,0.0,0.0,0.0,0,0,0,1,1.6002976744186046,2,13760,0.01376,0,0,0.0,0,0,0.0,deepseek_h64k_a1_fused_prepare_20261009_01_hbm_operators
hbm,extend_annotated,layer_1,q_absorb,1,1,True,16777216,BF16,989.5,0.22740405155419458,,0.0,0.0,0.0,0,0,0,1,2.2501630901287553,1,7456,0.007456,0,0,0.0,0,0,0.0,deepseek_h64k_a1_fused_prepare_20261009_01_hbm_operators
hbm,extend_annotated,layer_1,q_b_proj,1,1,True,75497472,FP8,1979.0,0.21480463788700271,,0.0,0.0,0.0,0,0,0,1,4.250983783783783,2,17760,0.01776,0,0,0.0,0,0,0.0,deepseek_h64k_a1_fused_prepare_20261009_01_hbm_operators
hbm,extend_annotated,layer_1,v_expand,1,1,True,16777216,BF16,989.5,0.24644253028896437,,0.0,0.0,0.0,0,0,0,1,2.4385488372093023,1,6880,0.00688,0,0,0.0,0,0,0.0,deepseek_h64k_a1_fused_prepare_20261009_01_hbm_operators
hbm,extend_annotated,layer_2,index_k_proj,1,1,True,1835008,FP8,1979.0,0.007831419089630308,,0.0,0.0,0.0,0,0,0,1,0.15498378378378377,2,11840,0.01184,0,0,0.0,0,0,0.0,deepseek_h64k_a1_fused_prepare_20261009_01_hbm_operators
hbm,extend_annotated,layer_2,index_q_proj,1,1,True,25165824,FP8,1979.0,0.16489152700869503,,0.0,0.0,0.0,0,0,0,1,3.263203319502075,2,7712,0.007712,0,0,0.0,0,0,0.0,deepseek_h64k_a1_fused_prepare_20261009_01_hbm_operators
hbm,extend_annotated,layer_2,index_weights_proj,1,1,True,917504,FP32,67.0,0.31466198419666375,,0.0,0.0,0.0,0,0,0,1,0.21082352941176472,2,4352,0.004352,0,0,0.0,0,0,0.0,deepseek_h64k_a1_fused_prepare_20261009_01_hbm_operators
hbm,extend_annotated,layer_2,indexer_qk,1,1,True,1073758208,FP8,1979.0,3.517739585146109,,0.0,0.0,0.0,0,0,0,1,69.6160663900415,7,15424,0.015424,0,0,0.0,0,0,0.0,deepseek_h64k_a1_fused_prepare_20261009_01_hbm_operators
hbm,extend_annotated,layer_2,kv_a_proj,1,1,True,8257536,FP8,1979.0,0.03467614136919328,,0.0,0.0,0.0,0,0,0,1,0.686240837696335,2,12033,0.012033,0,0,0.0,0,0,0.0,deepseek_h64k_a1_fused_prepare_20261009_01_hbm_operators
hbm,extend_annotated,layer_2,mla_qk_pv,1,1,True,570425344,BF16,989.5,3.985608177903384,,0.0,0.0,0.0,0,0,0,1,39.437592920353985,3,14464,0.014464,0,0,0.0,0,0,0.0,deepseek_h64k_a1_fused_prepare_20261009_01_hbm_operators
hbm,extend_annotated,layer_2,mlp_down,1,1,True,264241152,FP8,1979.0,0.3370420105779506,,0.0,0.0,0.0,0,0,0,1,6.670061389337642,2,39616,0.039616,0,0,0.0,0,0,0.0,deepseek_h64k_a1_fused_prepare_20261009_01_hbm_operators
hbm,extend_annotated,layer_2,mlp_gate,1,1,True,264241152,FP8,1979.0,0.34455657233319803,,0.0,0.0,0.0,0,0,0,1,6.818774566473988,2,38752,0.038752,0,0,0.0,0,0,0.0,deepseek_h64k_a1_fused_prepare_20261009_01_hbm_operators
hbm,extend_annotated,layer_2,mlp_up,1,1,True,264241152,FP8,1979.0,0.3800164017263231,,0.0,0.0,0.0,0,0,0,1,7.520524590163935,1,35136,0.035136,0,0,0.0,0,0,0.0,deepseek_h64k_a1_fused_prepare_20261009_01_hbm_operators
hbm,extend_annotated,layer_2,o_proj,1,1,True,234881024,FP8,1979.0,0.316194380294025,,0.0,0.0,0.0,0,0,0,1,6.257486786018755,2,37536,0.037536,0,0,0.0,0,0,0.0,deepseek_h64k_a1_fused_prepare_20261009_01_hbm_operators
hbm,extend_annotated,layer_2,q_a_proj,1,1,True,22020096,FP8,1979.0,0.08713979358247899,,0.0,0.0,0.0,0,0,0,1,1.724496514997259,2,12769,0.012769,0,0,0.0,0,0,0.0,deepseek_h64k_a1_fused_prepare_20261009_01_hbm_operators
hbm,extend_annotated,layer_2,q_absorb,1,1,True,16777216,BF16,989.5,0.24530159264873766,,0.0,0.0,0.0,0,0,0,1,2.4272592592592592,1,6912,0.006912,0,0,0.0,0,0,0.0,deepseek_h64k_a1_fused_prepare_20261009_01_hbm_operators
hbm,extend_annotated,layer_2,q_b_proj,1,1,True,75497472,FP8,1979.0,0.21754849275052282,,0.0,0.0,0.0,0,0,0,1,4.3052846715328466,2,17536,0.017536,0,0,0.0,0,0,0.0,deepseek_h64k_a1_fused_prepare_20261009_01_hbm_operators
hbm,extend_annotated,layer_2,v_expand,1,1,True,16777216,BF16,989.5,0.23760154265527952,,0.0,0.0,0.0,0,0,0,1,2.351067264573991,1,7136,0.007136,0,0,0.0,0,0,0.0,deepseek_h64k_a1_fused_prepare_20261009_01_hbm_operators
hbm,extend_annotated,shared,extend_graph_inputs,2,2,True,,,,,N/A (no matrix multiply),1.566548,1.566548,1.312144,3,3,0,0,,0,0,0.0,2,1536,0.001536,0,0,0.0,deepseek_h64k_a1_fused_prepare_20261009_01_hbm_operators
hbm,extend_annotated,shared,extend_graph_replay_q_1,1,1,True,,,,,N/A (no matrix multiply),0.531255,0.531255,0.516927,1,1,0,1,,87,285696,0.285696,15,14752,0.014752,0,0,0.0,deepseek_h64k_a1_fused_prepare_20261009_01_hbm_operators
hbm,extend_annotated,shared,forward_misc,1,1,True,,,,,N/A (no matrix multiply),4.23416,4.23416,1.439249,4,4,0,0,,0,0,0.0,0,0,0.0,0,0,0.0,deepseek_h64k_a1_fused_prepare_20261009_01_hbm_operators
hbm,extend_annotated,shared,lm_head,1,1,True,1853358080,BF16,989.5,0.4487265106475187,,0.0,0.0,0.0,0,0,0,1,4.440148822857197,1,417409,0.417409,0,0,0.0,1,1120,0.00112,deepseek_h64k_a1_fused_prepare_20261009_01_hbm_operators
echo,prefill_annotated,layer_0,attention_output,64,64,True,,,,,N/A (no matrix multiply),11.435852,11.435852,0.0,0,0,0,0,,0,0,0.0,0,0,0.0,0,0,0.0,deepseek_h64k_a1_fused_prepare_20261009_01_echo_operators
echo,prefill_annotated,layer_0,attention_projection,64,64,True,,,,,N/A (no matrix multiply),13.206677,13.206677,0.0,0,0,0,0,,0,0,0.0,0,0,0.0,0,0,0.0,deepseek_h64k_a1_fused_prepare_20261009_01_echo_operators
echo,prefill_annotated,layer_0,cache_write,64,64,True,,,,,N/A (no matrix multiply),13.17357,13.17357,1.643602,803,803,0,76,,76,348065,0.348065,66,1770723,1.770723,10,10048,0.010048,deepseek_h64k_a1_fused_prepare_20261009_01_echo_operators
echo,prefill_annotated,layer_0,compute_graph_finish_layer_0_q_1024,64,64,True,,,,,N/A (no matrix multiply),2.750384,2.750384,2.35048,64,64,0,64,,128,2793254,2.793254,0,0,0.0,0,0,0.0,deepseek_h64k_a1_fused_prepare_20261009_01_echo_operators
echo,prefill_annotated,layer_0,compute_graph_owned_writeback_source,64,64,True,,,,,N/A (no matrix multiply),1.929185,1.929185,0.543053,64,64,0,0,,0,0,0.0,64,97600,0.0976,0,0,0.0,deepseek_h64k_a1_fused_prepare_20261009_01_echo_operators
echo,prefill_annotated,layer_0,compute_graph_projection_inputs,64,64,True,,,,,N/A (no matrix multiply),2.659069,2.659069,1.337342,192,192,0,64,,64,52064,0.052064,64,402721,0.402721,0,0,0.0,deepseek_h64k_a1_fused_prepare_20261009_01_echo_operators
echo,prefill_annotated,layer_0,compute_graph_projection_layer_0_q_1024,64,64,True,,,,,N/A (no matrix multiply),5.814038,5.814038,5.457418,64,64,0,64,,1600,6284009,6.284009,0,0,0.0,0,0,0.0,deepseek_h64k_a1_fused_prepare_20261009_01_echo_operators
echo,prefill_annotated,layer_0,compute_graph_value_expansion,64,64,True,,,,,N/A (no matrix multiply),6.857829,6.857829,0.0,0,0,0,0,,0,0,0.0,0,0,0.0,0,0,0.0,deepseek_h64k_a1_fused_prepare_20261009_01_echo_operators
echo,prefill_annotated,layer_0,exact_topk,64,64,True,,,,,N/A (no matrix multiply),6.489504,6.489504,1.243374,256,256,0,256,,256,18674600,18.6746,0,0,0.0,0,0,0.0,deepseek_h64k_a1_fused_prepare_20261009_01_echo_operators
echo,prefill_annotated,layer_0,index_cache_write,64,64,True,,,,,N/A (no matrix multiply),2.390075,2.390075,0.831682,192,192,0,0,,0,0,0.0,128,171104,0.171104,0,0,0.0,deepseek_h64k_a1_fused_prepare_20261009_01_echo_operators
echo,prefill_annotated,layer_0,index_k_proj,64,64,True,120259084288,FP8,1979.0,5.017044917792067,,0.0,0.0,0.0,0,0,0,64,99.28731892310499,192,1211223,1.211223,0,0,0.0,0,0,0.0,deepseek_h64k_a1_fused_prepare_20261009_01_echo_operators
echo,prefill_annotated,layer_0,index_q_proj,64,64,True,1649267441664,FP8,1979.0,44.650289343782994,,0.0,0.0,0.0,0,0,0,64,883.6292261134655,192,1866470,1.86647,0,0,0.0,0,0,0.0,deepseek_h64k_a1_fused_prepare_20261009_01_echo_operators
echo,prefill_annotated,layer_0,index_weights_proj,64,64,True,60129542144,FP32,67.0,34.17261285020169,,0.0,0.0,0.0,0,0,0,64,22.895650609635133,128,2626243,2.626243,0,0,0.0,0,0,0.0,deepseek_h64k_a1_fused_prepare_20261009_01_echo_operators
echo,prefill_annotated,layer_0,indexer_aux,64,64,True,,,,,N/A (no matrix multiply),24.536653,24.536653,0.0,0,0,0,0,,0,0,0.0,0,0,0.0,0,0,0.0,deepseek_h64k_a1_fused_prepare_20261009_01_echo_operators
echo,prefill_annotated,layer_0,indexer_qk,64,64,True,35184908959744,FP8,1979.0,47.979697182622765,,15.592186,15.592186,7.720551,448,448,0,128,949.5182072441046,128,37055539,37.055539,0,0,0.0,0,0,0.0,deepseek_h64k_a1_fused_prepare_20261009_01_echo_operators
echo,prefill_annotated,layer_0,kv_a_proj,64,64,True,541165879296,FP8,1979.0,15.271567166542614,,0.0,0.0,0.0,0,0,0,64,302.22431422587835,192,1790610,1.79061,0,0,0.0,0,0,0.0,deepseek_h64k_a1_fused_prepare_20261009_01_echo_operators
echo,prefill_annotated,layer_0,layer_misc,64,64,True,,,,,N/A (no matrix multiply),211.231247,211.231247,0.113971,255,255,0,0,,0,0,0.0,0,0,0.0,0,0,0.0,deepseek_h64k_a1_fused_prepare_20261009_01_echo_operators
echo,prefill_annotated,layer_0,mla_qk_pv,64,64,True,36799565004800,BF16,989.5,61.62920207487426,,5.214394,5.214394,1.068555,324,324,0,64,609.8209545308807,64,60344868,60.344868,0,0,0.0,0,0,0.0,deepseek_h64k_a1_fused_prepare_20261009_01_echo_operators
echo,prefill_annotated,layer_0,mlp_down,64,64,True,17317308137472,FP8,1979.0,56.87415527805745,,0.0,0.0,0.0,0,0,0,64,1125.5395329527569,192,15385784,15.385784,0,0,0.0,0,0,0.0,deepseek_h64k_a1_fused_prepare_20261009_01_echo_operators
echo,prefill_annotated,layer_0,mlp_gate,64,64,True,17317308137472,FP8,1979.0,59.38402027447801,,0.0,0.0,0.0,0,0,0,64,1175.2097612319199,192,14735504,14.735504,0,0,0.0,0,0,0.0,deepseek_h64k_a1_fused_prepare_20261009_01_echo_operators
echo,prefill_annotated,layer_0,mlp_up,64,64,True,17317308137472,FP8,1979.0,60.92331179569309,,0.0,0.0,0.0,0,0,0,64,1205.6723404367663,128,14363196,14.363196,0,0,0.0,0,0,0.0,deepseek_h64k_a1_fused_prepare_20261009_01_echo_operators
echo,prefill_annotated,layer_0,o_proj,64,64,True,15393162788864,FP8,1979.0,56.384307894064314,,0.0,0.0,0.0,0,0,0,64,1115.8454532235328,192,13795067,13.795067,0,0,0.0,0,0,0.0,deepseek_h64k_a1_fused_prepare_20261009_01_echo_operators
echo,prefill_annotated,layer_0,offload_exact_recall,64,64,True,,,,,N/A (no matrix multiply),5.255666,5.255666,0.817252,448,448,0,128,,128,1316322,1.316322,0,0,0.0,0,0,0.0,deepseek_h64k_a1_fused_prepare_20261009_01_echo_operators
echo,prefill_annotated,layer_0,offload_prepare,64,64,True,,,,,N/A (no matrix multiply),4.887788,4.887788,0.512273,384,384,0,64,,64,45026,0.045026,0,0,0.0,0,0,0.0,deepseek_h64k_a1_fused_prepare_20261009_01_echo_operators
echo,prefill_annotated,layer_0,offload_source_reservation,64,64,True,,,,,N/A (no matrix multiply),106.392113,106.392113,0.050422,192,192,0,0,,0,0,0.0,0,0,0.0,0,0,0.0,deepseek_h64k_a1_fused_prepare_20261009_01_echo_operators
echo,prefill_annotated,layer_0,prefetch_hint,1,1,True,,,,,N/A (no matrix multiply),0.220902,0.220902,0.038077,5,5,0,3,,3,8576,0.008576,0,0,0.0,1,1184,0.001184,deepseek_h64k_a1_fused_prepare_20261009_01_echo_operators
echo,prefill_annotated,layer_0,q_a_proj,64,64,True,1443109011456,FP8,1979.0,41.868554947070464,,0.0,0.0,0.0,0,0,0,64,828.5787024025245,192,1741668,1.741668,0,0,0.0,0,0,0.0,deepseek_h64k_a1_fused_prepare_20261009_01_echo_operators
echo,prefill_annotated,layer_0,q_absorb,64,64,True,1099511627776,BF16,989.5,30.214441953654237,,0.0,0.0,0.0,0,0,0,64,298.9719031314087,64,3677642,3.677642,0,0,0.0,64,52704,0.052704,deepseek_h64k_a1_fused_prepare_20261009_01_echo_operators
echo,prefill_annotated,layer_0,q_b_proj,64,64,True,4947802324992,FP8,1979.0,58.47457041462766,,0.0,0.0,0.0,0,0,0,64,1157.2117485054814,192,4275624,4.275624,0,0,0.0,0,0,0.0,deepseek_h64k_a1_fused_prepare_20261009_01_echo_operators
echo,prefill_annotated,layer_0,sparse_mla_aux,64,64,True,,,,,N/A (no matrix multiply),8.56763,8.56763,0.0,0,0,0,0,,0,0,0.0,0,0,0.0,0,0,0.0,deepseek_h64k_a1_fused_prepare_20261009_01_echo_operators
echo,prefill_annotated,layer_0,v_expand,64,64,True,1099511627776,BF16,989.5,34.002700418469054,,3.756179,3.756179,0.945865,256,256,0,64,336.45672064075126,64,3267914,3.267914,0,0,0.0,64,58496,0.058496,deepseek_h64k_a1_fused_prepare_20261009_01_echo_operators
echo,prefill_annotated,layer_1,attention_output,64,64,True,,,,,N/A (no matrix multiply),11.21117,11.21117,0.0,0,0,0,0,,0,0,0.0,0,0,0.0,0,0,0.0,deepseek_h64k_a1_fused_prepare_20261009_01_echo_operators
echo,prefill_annotated,layer_1,attention_projection,64,64,True,,,,,N/A (no matrix multiply),11.259275,11.259275,0.0,0,0,0,0,,0,0,0.0,0,0,0.0,0,0,0.0,deepseek_h64k_a1_fused_prepare_20261009_01_echo_operators
echo,prefill_annotated,layer_1,cache_write,64,64,True,,,,,N/A (no matrix multiply),12.296833,12.296833,1.488325,803,803,0,76,,76,349344,0.349344,66,1744453,1.744453,10,9600,0.0096,deepseek_h64k_a1_fused_prepare_20261009_01_echo_operators
echo,prefill_annotated,layer_1,compute_graph_finish_layer_1_q_1024,64,64,True,,,,,N/A (no matrix multiply),2.681136,2.681136,2.301089,64,64,0,64,,128,2787553,2.787553,0,0,0.0,0,0,0.0,deepseek_h64k_a1_fused_prepare_20261009_01_echo_operators
echo,prefill_annotated,layer_1,compute_graph_owned_writeback_source,64,64,True,,,,,N/A (no matrix multiply),2.728201,2.728201,0.987743,64,64,0,0,,0,0,0.0,64,88800,0.0888,0,0,0.0,deepseek_h64k_a1_fused_prepare_20261009_01_echo_operators
echo,prefill_annotated,layer_1,compute_graph_projection_inputs,64,64,True,,,,,N/A (no matrix multiply),0.106213,0.106213,0.0,0,0,0,0,,0,0,0.0,0,0,0.0,0,0,0.0,deepseek_h64k_a1_fused_prepare_20261009_01_echo_operators
echo,prefill_annotated,layer_1,compute_graph_projection_layer_1_q_1024,64,64,True,,,,,N/A (no matrix multiply),5.702228,5.702228,5.371176,64,64,0,64,,1600,6688065,6.688065,0,0,0.0,0,0,0.0,deepseek_h64k_a1_fused_prepare_20261009_01_echo_operators
echo,prefill_annotated,layer_1,compute_graph_value_expansion,64,64,True,,,,,N/A (no matrix multiply),6.716473,6.716473,0.0,0,0,0,0,,0,0,0.0,0,0,0.0,0,0,0.0,deepseek_h64k_a1_fused_prepare_20261009_01_echo_operators
echo,prefill_annotated,layer_1,exact_topk,64,64,True,,,,,N/A (no matrix multiply),5.970546,5.970546,1.191441,256,256,0,256,,256,18420456,18.420456,0,0,0.0,0,0,0.0,deepseek_h64k_a1_fused_prepare_20261009_01_echo_operators
echo,prefill_annotated,layer_1,index_cache_write,64,64,True,,,,,N/A (no matrix multiply),2.545298,2.545298,0.847555,192,192,0,0,,0,0,0.0,128,172896,0.172896,0,0,0.0,deepseek_h64k_a1_fused_prepare_20261009_01_echo_operators
echo,prefill_annotated,layer_1,index_k_proj,64,64,True,120259084288,FP8,1979.0,4.988466391549613,,0.0,0.0,0.0,0,0,0,64,98.72174988876685,192,1218162,1.218162,0,0,0.0,0,0,0.0,deepseek_h64k_a1_fused_prepare_20261009_01_echo_operators
echo,prefill_annotated,layer_1,index_q_proj,64,64,True,1649267441664,FP8,1979.0,44.64725141607463,,0.0,0.0,0.0,0,0,0,64,883.5691055241169,192,1866597,1.866597,0,0,0.0,0,0,0.0,deepseek_h64k_a1_fused_prepare_20261009_01_echo_operators
echo,prefill_annotated,layer_1,index_weights_proj,64,64,True,60129542144,FP32,67.0,34.25700825588791,,0.0,0.0,0.0,0,0,0,64,22.9521955314449,128,2619773,2.619773,0,0,0.0,0,0,0.0,deepseek_h64k_a1_fused_prepare_20261009_01_echo_operators
echo,prefill_annotated,layer_1,indexer_aux,64,64,True,,,,,N/A (no matrix multiply),18.678925,18.678925,0.0,0,0,0,0,,0,0,0.0,0,0,0.0,0,0,0.0,deepseek_h64k_a1_fused_prepare_20261009_01_echo_operators
echo,prefill_annotated,layer_1,indexer_qk,64,64,True,35184908959744,FP8,1979.0,47.99387560156873,,10.160386,10.160386,0.796187,384,384,0,128,949.7987981550451,128,37044592,37.044592,0,0,0.0,0,0,0.0,deepseek_h64k_a1_fused_prepare_20261009_01_echo_operators
echo,prefill_annotated,layer_1,kv_a_proj,64,64,True,541165879296,FP8,1979.0,15.215145852876825,,0.0,0.0,0.0,0,0,0,64,301.1077364284323,192,1797250,1.79725,0,0,0.0,0,0,0.0,deepseek_h64k_a1_fused_prepare_20261009_01_echo_operators
echo,prefill_annotated,layer_1,layer_misc,64,64,True,,,,,N/A (no matrix multiply),193.99742,193.99742,0.100947,255,255,0,0,,0,0,0.0,0,0,0.0,0,0,0.0,deepseek_h64k_a1_fused_prepare_20261009_01_echo_operators
echo,prefill_annotated,layer_1,mla_qk_pv,64,64,True,36799565004800,BF16,989.5,61.512192570884295,,4.644309,4.644309,0.58961,320,320,0,64,608.6631454889001,64,60459657,60.459657,0,0,0.0,0,0,0.0,deepseek_h64k_a1_fused_prepare_20261009_01_echo_operators
echo,prefill_annotated,layer_1,mlp_down,64,64,True,17317308137472,FP8,1979.0,57.003331546077696,,0.0,0.0,0.0,0,0,0,64,1128.0959312968776,192,15350918,15.350918,0,0,0.0,0,0,0.0,deepseek_h64k_a1_fused_prepare_20261009_01_echo_operators
echo,prefill_annotated,layer_1,mlp_gate,64,64,True,17317308137472,FP8,1979.0,59.65295339000667,,0.0,0.0,0.0,0,0,0,64,1180.5319475882318,192,14669072,14.669072,0,0,0.0,0,0,0.0,deepseek_h64k_a1_fused_prepare_20261009_01_echo_operators
echo,prefill_annotated,layer_1,mlp_up,64,64,True,17317308137472,FP8,1979.0,60.94929435064179,,0.0,0.0,0.0,0,0,0,64,1206.1865351992012,128,14357073,14.357073,0,0,0.0,0,0,0.0,deepseek_h64k_a1_fused_prepare_20261009_01_echo_operators
echo,prefill_annotated,layer_1,o_proj,64,64,True,15393162788864,FP8,1979.0,56.597658902671725,,0.0,0.0,0.0,0,0,0,64,1120.0676696838732,192,13743065,13.743065,0,0,0.0,0,0,0.0,deepseek_h64k_a1_fused_prepare_20261009_01_echo_operators
echo,prefill_annotated,layer_1,offload_exact_recall,64,64,True,,,,,N/A (no matrix multiply),5.279916,5.279916,0.827475,448,448,0,128,,128,1200642,1.200642,0,0,0.0,0,0,0.0,deepseek_h64k_a1_fused_prepare_20261009_01_echo_operators
echo,prefill_annotated,layer_1,offload_prepare,64,64,True,,,,,N/A (no matrix multiply),4.928985,4.928985,0.5826,384,384,0,64,,64,44096,0.044096,0,0,0.0,0,0,0.0,deepseek_h64k_a1_fused_prepare_20261009_01_echo_operators
echo,prefill_annotated,layer_1,offload_source_reservation,64,64,True,,,,,N/A (no matrix multiply),99.621332,99.621332,0.051661,192,192,0,0,,0,0,0.0,0,0,0.0,0,0,0.0,deepseek_h64k_a1_fused_prepare_20261009_01_echo_operators
echo,prefill_annotated,layer_1,prefetch_hint,1,1,True,,,,,N/A (no matrix multiply),0.153207,0.153207,0.026088,5,5,0,3,,3,8640,0.00864,0,0,0.0,1,800,0.0008,deepseek_h64k_a1_fused_prepare_20261009_01_echo_operators
echo,prefill_annotated,layer_1,q_a_proj,64,64,True,1443109011456,FP8,1979.0,41.228468666141794,,0.0,0.0,0.0,0,0,0,64,815.9113949029461,192,1768708,1.768708,0,0,0.0,0,0,0.0,deepseek_h64k_a1_fused_prepare_20261009_01_echo_operators
echo,prefill_annotated,layer_1,q_absorb,64,64,True,1099511627776,BF16,989.5,30.377146488661626,,0.0,0.0,0.0,0,0,0,64,300.5818645053068,64,3657944,3.657944,0,0,0.0,64,55200,0.0552,deepseek_h64k_a1_fused_prepare_20261009_01_echo_operators
echo,prefill_annotated,layer_1,q_b_proj,64,64,True,4947802324992,FP8,1979.0,59.15771112794368,,0.0,0.0,0.0,0,0,0,64,1170.7311032220052,192,4226250,4.22625,0,0,0.0,0,0,0.0,deepseek_h64k_a1_fused_prepare_20261009_01_echo_operators
echo,prefill_annotated,layer_1,sparse_mla_aux,64,64,True,,,,,N/A (no matrix multiply),7.877501,7.877501,0.0,0,0,0,0,,0,0,0.0,0,0,0.0,0,0,0.0,deepseek_h64k_a1_fused_prepare_20261009_01_echo_operators
echo,prefill_annotated,layer_1,v_expand,64,64,True,1099511627776,BF16,989.5,33.892174589271015,,3.712199,3.712199,0.961958,256,256,0,64,335.3630675608367,64,3278571,3.278571,0,0,0.0,64,58528,0.058528,deepseek_h64k_a1_fused_prepare_20261009_01_echo_operators
echo,prefill_annotated,layer_2,attention_output,64,64,True,,,,,N/A (no matrix multiply),11.02928,11.02928,0.0,0,0,0,0,,0,0,0.0,0,0,0.0,0,0,0.0,deepseek_h64k_a1_fused_prepare_20261009_01_echo_operators
echo,prefill_annotated,layer_2,attention_projection,64,64,True,,,,,N/A (no matrix multiply),11.117213,11.117213,0.0,0,0,0,0,,0,0,0.0,0,0,0.0,0,0,0.0,deepseek_h64k_a1_fused_prepare_20261009_01_echo_operators
echo,prefill_annotated,layer_2,cache_write,64,64,True,,,,,N/A (no matrix multiply),12.300169,12.300169,1.552098,803,803,0,76,,76,349984,0.349984,66,1739973,1.739973,10,9344,0.009344,deepseek_h64k_a1_fused_prepare_20261009_01_echo_operators
echo,prefill_annotated,layer_2,compute_graph_finish_layer_2_q_1024,64,64,True,,,,,N/A (no matrix multiply),2.58981,2.58981,2.214343,64,64,0,64,,128,2781286,2.781286,0,0,0.0,0,0,0.0,deepseek_h64k_a1_fused_prepare_20261009_01_echo_operators
echo,prefill_annotated,layer_2,compute_graph_owned_writeback_source,64,64,True,,,,,N/A (no matrix multiply),2.729205,2.729205,1.003806,64,64,0,0,,0,0,0.0,64,92288,0.092288,0,0,0.0,deepseek_h64k_a1_fused_prepare_20261009_01_echo_operators
echo,prefill_annotated,layer_2,compute_graph_projection_inputs,64,64,True,,,,,N/A (no matrix multiply),0.104874,0.104874,0.0,0,0,0,0,,0,0,0.0,0,0,0.0,0,0,0.0,deepseek_h64k_a1_fused_prepare_20261009_01_echo_operators
echo,prefill_annotated,layer_2,compute_graph_projection_layer_2_q_1024,64,64,True,,,,,N/A (no matrix multiply),5.585989,5.585989,5.263725,64,64,0,64,,1600,6680949,6.680949,0,0,0.0,0,0,0.0,deepseek_h64k_a1_fused_prepare_20261009_01_echo_operators
echo,prefill_annotated,layer_2,compute_graph_value_expansion,64,64,True,,,,,N/A (no matrix multiply),6.589656,6.589656,0.0,0,0,0,0,,0,0,0.0,0,0,0.0,0,0,0.0,deepseek_h64k_a1_fused_prepare_20261009_01_echo_operators
echo,prefill_annotated,layer_2,exact_topk,64,64,True,,,,,N/A (no matrix multiply),5.839467,5.839467,1.173113,256,256,0,256,,256,19398063,19.398063,0,0,0.0,0,0,0.0,deepseek_h64k_a1_fused_prepare_20261009_01_echo_operators
echo,prefill_annotated,layer_2,index_cache_write,64,64,True,,,,,N/A (no matrix multiply),2.540976,2.540976,0.857438,192,192,0,0,,0,0,0.0,128,174529,0.174529,0,0,0.0,deepseek_h64k_a1_fused_prepare_20261009_01_echo_operators
echo,prefill_annotated,layer_2,index_k_proj,64,64,True,120259084288,FP8,1979.0,4.9380667046939575,,0.0,0.0,0.0,0,0,0,64,97.7243400858934,192,1230595,1.230595,0,0,0.0,0,0,0.0,deepseek_h64k_a1_fused_prepare_20261009_01_echo_operators
echo,prefill_annotated,layer_2,index_q_proj,64,64,True,1649267441664,FP8,1979.0,44.429364852526085,,0.0,0.0,0.0,0,0,0,64,879.2571304314912,192,1875751,1.875751,0,0,0.0,0,0,0.0,deepseek_h64k_a1_fused_prepare_20261009_01_echo_operators
echo,prefill_annotated,layer_2,index_weights_proj,64,64,True,60129542144,FP32,67.0,34.117271597695286,,0.0,0.0,0.0,0,0,0,64,22.85857197045584,128,2630503,2.630503,0,0,0.0,0,0,0.0,deepseek_h64k_a1_fused_prepare_20261009_01_echo_operators
echo,prefill_annotated,layer_2,indexer_aux,64,64,True,,,,,N/A (no matrix multiply),16.558012,16.558012,0.0,0,0,0,0,,0,0,0.0,0,0,0.0,0,0,0.0,deepseek_h64k_a1_fused_prepare_20261009_01_echo_operators
echo,prefill_annotated,layer_2,indexer_qk,64,64,True,35184908959744,FP8,1979.0,47.98525253922933,,7.960142,7.960142,0.773545,384,384,0,128,949.6281477513484,128,37051249,37.051249,0,0,0.0,0,0,0.0,deepseek_h64k_a1_fused_prepare_20261009_01_echo_operators
echo,prefill_annotated,layer_2,kv_a_proj,64,64,True,541165879296,FP8,1979.0,15.150942443418442,,0.0,0.0,0.0,0,0,0,64,299.837150955251,192,1804866,1.804866,0,0,0.0,0,0,0.0,deepseek_h64k_a1_fused_prepare_20261009_01_echo_operators
echo,prefill_annotated,layer_2,layer_misc,64,64,True,,,,,N/A (no matrix multiply),203.486205,203.486205,0.101074,255,255,0,0,,0,0,0.0,0,0,0.0,0,0,0.0,deepseek_h64k_a1_fused_prepare_20261009_01_echo_operators
echo,prefill_annotated,layer_2,mla_qk_pv,64,64,True,36799565004800,BF16,989.5,61.365517393442815,,4.63488,4.63488,0.580437,320,320,0,64,607.2117946081166,64,60604167,60.604167,0,0,0.0,0,0,0.0,deepseek_h64k_a1_fused_prepare_20261009_01_echo_operators
echo,prefill_annotated,layer_2,mlp_down,64,64,True,17317308137472,FP8,1979.0,56.83805931586434,,0.0,0.0,0.0,0,0,0,64,1124.8251938609553,192,15395555,15.395555,0,0,0.0,0,0,0.0,deepseek_h64k_a1_fused_prepare_20261009_01_echo_operators
echo,prefill_annotated,layer_2,mlp_gate,64,64,True,17317308137472,FP8,1979.0,59.55821046140717,,0.0,0.0,0.0,0,0,0,64,1178.6569850312478,192,14692407,14.692407,0,0,0.0,0,0,0.0,deepseek_h64k_a1_fused_prepare_20261009_01_echo_operators
echo,prefill_annotated,layer_2,mlp_up,64,64,True,17317308137472,FP8,1979.0,60.934507504872684,,0.0,0.0,0.0,0,0,0,64,1205.8939035214303,128,14360557,14.360557,0,0,0.0,0,0,0.0,deepseek_h64k_a1_fused_prepare_20261009_01_echo_operators
echo,prefill_annotated,layer_2,o_proj,64,64,True,15393162788864,FP8,1979.0,56.55975503305788,,0.0,0.0,0.0,0,0,0,64,1119.3175521042156,192,13752275,13.752275,0,0,0.0,0,0,0.0,deepseek_h64k_a1_fused_prepare_20261009_01_echo_operators
echo,prefill_annotated,layer_2,offload_exact_recall,64,64,True,,,,,N/A (no matrix multiply),5.222951,5.222951,0.801683,448,448,0,128,,128,1159235,1.159235,0,0,0.0,0,0,0.0,deepseek_h64k_a1_fused_prepare_20261009_01_echo_operators
echo,prefill_annotated,layer_2,offload_prepare,64,64,True,,,,,N/A (no matrix multiply),4.919787,4.919787,0.566226,384,384,0,64,,64,44448,0.044448,0,0,0.0,0,0,0.0,deepseek_h64k_a1_fused_prepare_20261009_01_echo_operators
echo,prefill_annotated,layer_2,offload_source_reservation,64,64,True,,,,,N/A (no matrix multiply),112.062212,112.062212,0.050088,192,192,0,0,,0,0,0.0,0,0,0.0,0,0,0.0,deepseek_h64k_a1_fused_prepare_20261009_01_echo_operators
echo,prefill_annotated,layer_2,prefetch_hint,1,1,True,,,,,N/A (no matrix multiply),0.173672,0.173672,0.027689,5,5,0,3,,3,8641,0.008641,0,0,0.0,1,800,0.0008,deepseek_h64k_a1_fused_prepare_20261009_01_echo_operators
echo,prefill_annotated,layer_2,q_a_proj,64,64,True,1443109011456,FP8,1979.0,41.46928343611646,,0.0,0.0,0.0,0,0,0,64,820.6771192007448,192,1758437,1.758437,0,0,0.0,0,0,0.0,deepseek_h64k_a1_fused_prepare_20261009_01_echo_operators
echo,prefill_annotated,layer_2,q_absorb,64,64,True,1099511627776,BF16,989.5,30.298293517079067,,0.0,0.0,0.0,0,0,0,64,299.8016143514974,64,3667464,3.667464,0,0,0.0,64,57632,0.057632,deepseek_h64k_a1_fused_prepare_20261009_01_echo_operators
echo,prefill_annotated,layer_2,q_b_proj,64,64,True,4947802324992,FP8,1979.0,59.04068449345644,,0.0,0.0,0.0,0,0,0,64,1168.4151461255028,192,4234627,4.234627,0,0,0.0,0,0,0.0,deepseek_h64k_a1_fused_prepare_20261009_01_echo_operators
echo,prefill_annotated,layer_2,sparse_mla_aux,64,64,True,,,,,N/A (no matrix multiply),7.819792,7.819792,0.0,0,0,0,0,,0,0,0.0,0,0,0.0,0,0,0.0,deepseek_h64k_a1_fused_prepare_20261009_01_echo_operators
echo,prefill_annotated,layer_2,v_expand,64,64,True,1099511627776,BF16,989.5,33.87205945381823,,3.64775,3.64775,0.932909,256,256,0,64,335.16402829553135,64,3280518,3.280518,0,0,0.0,64,56224,0.056224,deepseek_h64k_a1_fused_prepare_20261009_01_echo_operators
echo,prefill_annotated,shared,embedding,64,64,True,,,,,N/A (no matrix multiply),3.361529,3.361529,0.502194,128,128,0,64,,64,416961,0.416961,0,0,0.0,0,0,0.0,deepseek_h64k_a1_fused_prepare_20261009_01_echo_operators
echo,prefill_annotated,shared,final_norm_lm_head,1,1,True,,,,,N/A (no matrix multiply),0.326771,0.326771,0.008646,2,2,0,1,,1,3872,0.003872,0,0,0.0,0,0,0.0,deepseek_h64k_a1_fused_prepare_20261009_01_echo_operators
echo,prefill_annotated,shared,forward_misc,1,1,True,,,,,N/A (no matrix multiply),634.096157,634.096157,8.520859,19,19,0,0,,0,0,0.0,4,14976,0.014976,0,0,0.0,deepseek_h64k_a1_fused_prepare_20261009_01_echo_operators
echo,prefill_annotated,shared,hidden_transfer,192,192,True,,,,,N/A (no matrix multiply),0.994539,0.994539,0.0,0,0,0,0,,0,0,0.0,0,0,0.0,0,0,0.0,deepseek_h64k_a1_fused_prepare_20261009_01_echo_operators
echo,prefill_annotated,shared,lm_head,1,1,True,1853358080,BF16,989.5,0.4422841775887217,,0.070435,0.070435,0.015662,4,4,0,1,4.3764019372404,1,423489,0.423489,0,0,0.0,1,736,0.000736,deepseek_h64k_a1_fused_prepare_20261009_01_echo_operators
echo,prefill_annotated,shared,residual_rms_norm,1,1,True,,,,,N/A (no matrix multiply),0.148489,0.148489,0.015992,2,2,0,1,,1,2624,0.002624,0,0,0.0,0,0,0.0,deepseek_h64k_a1_fused_prepare_20261009_01_echo_operators
echo,extend_annotated,layer_0,index_k_proj,1,1,True,1835008,FP8,1979.0,0.008139396244840488,,0.0,0.0,0.0,0,0,0,1,0.16107865168539326,2,11392,0.011392,0,0,0.0,0,0,0.0,deepseek_h64k_a1_fused_prepare_20261009_01_echo_operators
echo,extend_annotated,layer_0,index_q_proj,1,1,True,25165824,FP8,1979.0,0.14883467419136892,,0.0,0.0,0.0,0,0,0,1,2.945438202247191,2,8544,0.008544,0,0,0.0,0,0,0.0,deepseek_h64k_a1_fused_prepare_20261009_01_echo_operators
echo,extend_annotated,layer_0,index_weights_proj,1,1,True,917504,FP32,67.0,0.3193584317219871,,0.0,0.0,0.0,0,0,0,1,0.21397014925373134,2,4288,0.004288,0,0,0.0,0,0,0.0,deepseek_h64k_a1_fused_prepare_20261009_01_echo_operators
echo,extend_annotated,layer_0,indexer_fused,1,1,True,1073758208,FP8,1979.0,1.649368171245549,,0.0,0.0,0.0,0,0,0,1,32.640996108949416,8,32896,0.032896,0,0,0.0,0,0,0.0,deepseek_h64k_a1_fused_prepare_20261009_01_echo_operators
echo,extend_annotated,layer_0,kv_a_proj,1,1,True,8257536,FP8,1979.0,0.03292755753594561,,0.0,0.0,0.0,0,0,0,1,0.6516363636363637,2,12672,0.012672,0,0,0.0,0,0,0.0,deepseek_h64k_a1_fused_prepare_20261009_01_echo_operators
echo,extend_annotated,layer_0,mla_qk_pv,1,1,True,570425344,BF16,989.5,4.07578030862518,,0.0,0.0,0.0,0,0,0,1,40.329846153846155,3,14144,0.014144,0,0,0.0,0,0,0.0,deepseek_h64k_a1_fused_prepare_20261009_01_echo_operators
echo,extend_annotated,layer_0,mlp_down,1,1,True,264241152,FP8,1979.0,0.327767294868451,,0.0,0.0,0.0,0,0,0,1,6.486514765446645,2,40737,0.040737,0,0,0.0,0,0,0.0,deepseek_h64k_a1_fused_prepare_20261009_01_echo_operators
echo,extend_annotated,layer_0,mlp_gate,1,1,True,264241152,FP8,1979.0,0.34512655839164824,,0.0,0.0,0.0,0,0,0,1,6.83005459057072,2,38688,0.038688,0,0,0.0,0,0,0.0,deepseek_h64k_a1_fused_prepare_20261009_01_echo_operators
echo,extend_annotated,layer_0,mlp_up,1,1,True,264241152,FP8,1979.0,0.36032643272495923,,0.0,0.0,0.0,0,0,0,1,7.130860103626943,1,37056,0.037056,0,0,0.0,0,0,0.0,deepseek_h64k_a1_fused_prepare_20261009_01_echo_operators
echo,extend_annotated,layer_0,o_proj,1,1,True,234881024,FP8,1979.0,0.297192314170586,,0.0,0.0,0.0,0,0,0,1,5.881435897435898,2,39936,0.039936,0,0,0.0,0,0,0.0,deepseek_h64k_a1_fused_prepare_20261009_01_echo_operators
echo,extend_annotated,layer_0,q_a_proj,1,1,True,22020096,FP8,1979.0,0.07744209522930638,,0.0,0.0,0.0,0,0,0,1,1.5325790645879733,2,14368,0.014368,0,0,0.0,0,0,0.0,deepseek_h64k_a1_fused_prepare_20261009_01_echo_operators
echo,extend_annotated,layer_0,q_absorb,1,1,True,16777216,BF16,989.5,0.2441711705627988,,0.0,0.0,0.0,0,0,0,1,2.416073732718894,1,6944,0.006944,0,0,0.0,0,0,0.0,deepseek_h64k_a1_fused_prepare_20261009_01_echo_operators
echo,extend_annotated,layer_0,q_b_proj,1,1,True,75497472,FP8,1979.0,0.19935881944362294,,0.0,0.0,0.0,0,0,0,1,3.9453110367892976,2,19136,0.019136,0,0,0.0,0,0,0.0,deepseek_h64k_a1_fused_prepare_20261009_01_echo_operators
echo,extend_annotated,layer_0,v_expand,1,1,True,16777216,BF16,989.5,0.2408415636914879,,0.0,0.0,0.0,0,0,0,1,2.3831272727272728,1,7040,0.00704,0,0,0.0,0,0,0.0,deepseek_h64k_a1_fused_prepare_20261009_01_echo_operators
echo,extend_annotated,layer_1,index_k_proj,1,1,True,1835008,FP8,1979.0,0.008208569584031766,,0.0,0.0,0.0,0,0,0,1,0.16244759206798867,2,11296,0.011296,0,0,0.0,0,0,0.0,deepseek_h64k_a1_fused_prepare_20261009_01_echo_operators
echo,extend_annotated,layer_1,index_q_proj,1,1,True,25165824,FP8,1979.0,0.1471809555892426,,0.0,0.0,0.0,0,0,0,1,2.9127111111111113,2,8640,0.00864,0,0,0.0,0,0,0.0,deepseek_h64k_a1_fused_prepare_20261009_01_echo_operators
echo,extend_annotated,layer_1,index_weights_proj,1,1,True,917504,FP32,67.0,0.2992589500052187,,0.0,0.0,0.0,0,0,0,1,0.2005034965034965,2,4576,0.004576,0,0,0.0,0,0,0.0,deepseek_h64k_a1_fused_prepare_20261009_01_echo_operators
echo,extend_annotated,layer_1,indexer_fused,1,1,True,1073758208,FP8,1979.0,0.9778261130567616,,0.0,0.0,0.0,0,0,0,1,19.35117877739331,8,55488,0.055488,0,0,0.0,0,0,0.0,deepseek_h64k_a1_fused_prepare_20261009_01_echo_operators
echo,extend_annotated,layer_1,kv_a_proj,1,1,True,8257536,FP8,1979.0,0.034864472685118886,,0.0,0.0,0.0,0,0,0,1,0.6899679144385027,2,11968,0.011968,0,0,0.0,0,0,0.0,deepseek_h64k_a1_fused_prepare_20261009_01_echo_operators
echo,extend_annotated,layer_1,mla_qk_pv,1,1,True,570425344,BF16,989.5,3.942001961514944,,0.0,0.0,0.0,0,0,0,1,39.00610940919037,3,14624,0.014624,0,0,0.0,0,0,0.0,deepseek_h64k_a1_fused_prepare_20261009_01_echo_operators
echo,extend_annotated,layer_1,mlp_down,1,1,True,264241152,FP8,1979.0,0.34314862869255713,,0.0,0.0,0.0,0,0,0,1,6.790911361825705,2,38911,0.038911,0,0,0.0,0,0,0.0,deepseek_h64k_a1_fused_prepare_20261009_01_echo_operators
echo,extend_annotated,layer_1,mlp_gate,1,1,True,264241152,FP8,1979.0,0.350627774771043,,0.0,0.0,0.0,0,0,0,1,6.938923662718941,2,38081,0.038081,0,0,0.0,0,0,0.0,deepseek_h64k_a1_fused_prepare_20261009_01_echo_operators
echo,extend_annotated,layer_1,mlp_up,1,1,True,264241152,FP8,1979.0,0.3563262246759204,,0.0,0.0,0.0,0,0,0,1,7.0516959863364645,1,37472,0.037472,0,0,0.0,0,0,0.0,deepseek_h64k_a1_fused_prepare_20261009_01_echo_operators
echo,extend_annotated,layer_1,o_proj,1,1,True,234881024,FP8,1979.0,0.2918143257945644,,0.0,0.0,0.0,0,0,0,1,5.77500550747443,2,40672,0.040672,0,0,0.0,0,0,0.0,deepseek_h64k_a1_fused_prepare_20261009_01_echo_operators
echo,extend_annotated,layer_1,q_a_proj,1,1,True,22020096,FP8,1979.0,0.07866855375103747,,0.0,0.0,0.0,0,0,0,1,1.5568506787330316,2,14144,0.014144,0,0,0.0,0,0,0.0,deepseek_h64k_a1_fused_prepare_20261009_01_echo_operators
echo,extend_annotated,layer_1,q_absorb,1,1,True,16777216,BF16,989.5,0.22262665551314006,,0.0,0.0,0.0,0,0,0,1,2.202890756302521,1,7616,0.007616,0,0,0.0,0,0,0.0,deepseek_h64k_a1_fused_prepare_20261009_01_echo_operators
echo,extend_annotated,layer_1,q_b_proj,1,1,True,75497472,FP8,1979.0,0.20951946226236642,,0.0,0.0,0.0,0,0,0,1,4.146390158172232,2,18208,0.018208,0,0,0.0,0,0,0.0,deepseek_h64k_a1_fused_prepare_20261009_01_echo_operators
echo,extend_annotated,layer_1,v_expand,1,1,True,16777216,BF16,989.5,0.23867181987444747,,0.0,0.0,0.0,0,0,0,1,2.361657657657658,1,7104,0.007104,0,0,0.0,0,0,0.0,deepseek_h64k_a1_fused_prepare_20261009_01_echo_operators
echo,extend_annotated,layer_2,index_k_proj,1,1,True,1835008,FP8,1979.0,0.007727000168435236,,0.0,0.0,0.0,0,0,0,1,0.15291733333333332,2,12000,0.012,0,0,0.0,0,0,0.0,deepseek_h64k_a1_fused_prepare_20261009_01_echo_operators
echo,extend_annotated,layer_2,index_q_proj,1,1,True,25165824,FP8,1979.0,0.14995795475130377,,0.0,0.0,0.0,0,0,0,1,2.967667924528302,2,8480,0.00848,0,0,0.0,0,0,0.0,deepseek_h64k_a1_fused_prepare_20261009_01_echo_operators
echo,extend_annotated,layer_2,index_weights_proj,1,1,True,917504,FP32,67.0,0.31236518139230857,,0.0,0.0,0.0,0,0,0,1,0.20928467153284672,2,4384,0.004384,0,0,0.0,0,0,0.0,deepseek_h64k_a1_fused_prepare_20261009_01_echo_operators
echo,extend_annotated,layer_2,indexer_fused,1,1,True,1073758208,FP8,1979.0,0.7842509158373842,,0.0,0.0,0.0,0,0,0,1,15.520325624421831,8,69184,0.069184,0,0,0.0,0,0,0.0,deepseek_h64k_a1_fused_prepare_20261009_01_echo_operators
echo,extend_annotated,layer_2,kv_a_proj,1,1,True,8257536,FP8,1979.0,0.03276209242269965,,0.0,0.0,0.0,0,0,0,1,0.6483618090452261,2,12736,0.012736,0,0,0.0,0,0,0.0,deepseek_h64k_a1_fused_prepare_20261009_01_echo_operators
echo,extend_annotated,layer_2,mla_qk_pv,1,1,True,570425344,BF16,989.5,4.030189924859798,,0.0,0.0,0.0,0,0,0,1,39.8787293064877,3,14304,0.014304,0,0,0.0,0,0,0.0,deepseek_h64k_a1_fused_prepare_20261009_01_echo_operators
echo,extend_annotated,layer_2,mlp_down,1,1,True,264241152,FP8,1979.0,0.3222069568305041,,0.0,0.0,0.0,0,0,0,1,6.3764756756756755,2,41440,0.04144,0,0,0.0,0,0,0.0,deepseek_h64k_a1_fused_prepare_20261009_01_echo_operators
echo,extend_annotated,layer_2,mlp_gate,1,1,True,264241152,FP8,1979.0,0.35004866534857615,,0.0,0.0,0.0,0,0,0,1,6.927463087248322,2,38144,0.038144,0,0,0.0,0,0,0.0,deepseek_h64k_a1_fused_prepare_20261009_01_echo_operators
echo,extend_annotated,layer_2,mlp_up,1,1,True,264241152,FP8,1979.0,0.36001553847756923,,0.0,0.0,0.0,0,0,0,1,7.124707506471096,1,37088,0.037088,0,0,0.0,0,0,0.0,deepseek_h64k_a1_fused_prepare_20261009_01_echo_operators
echo,extend_annotated,layer_2,o_proj,1,1,True,234881024,FP8,1979.0,0.3035155548976198,,0.0,0.0,0.0,0,0,0,1,6.006572831423895,2,39104,0.039104,0,0,0.0,0,0,0.0,deepseek_h64k_a1_fused_prepare_20261009_01_echo_operators
echo,extend_annotated,layer_2,q_a_proj,1,1,True,22020096,FP8,1979.0,0.08181529590107897,,0.0,0.0,0.0,0,0,0,1,1.619124705882353,2,13600,0.0136,0,0,0.0,0,0,0.0,deepseek_h64k_a1_fused_prepare_20261009_01_echo_operators
echo,extend_annotated,layer_2,q_absorb,1,1,True,16777216,BF16,989.5,0.23341473133095744,,0.0,0.0,0.0,0,0,0,1,2.3096387665198237,1,7264,0.007264,0,0,0.0,0,0,0.0,deepseek_h64k_a1_fused_prepare_20261009_01_echo_operators
echo,extend_annotated,layer_2,q_b_proj,1,1,True,75497472,FP8,1979.0,0.21834537367634893,,0.0,0.0,0.0,0,0,0,1,4.321054945054945,2,17472,0.017472,0,0,0.0,0,0,0.0,deepseek_h64k_a1_fused_prepare_20261009_01_echo_operators
echo,extend_annotated,layer_2,v_expand,1,1,True,16777216,BF16,989.5,0.23548952894278816,,0.0,0.0,0.0,0,0,0,1,2.3301688888888887,1,7200,0.0072,0,0,0.0,0,0,0.0,deepseek_h64k_a1_fused_prepare_20261009_01_echo_operators
echo,extend_annotated,shared,extend_graph_inputs,2,2,True,,,,,N/A (no matrix multiply),1.595955,1.595955,1.29407,3,3,0,0,,0,0,0.0,2,1504,0.001504,0,0,0.0,deepseek_h64k_a1_fused_prepare_20261009_01_echo_operators
echo,extend_annotated,shared,extend_graph_replay_q_1,1,1,True,,,,,N/A (no matrix multiply),0.678904,0.678904,0.660769,1,1,0,1,,147,558561,0.558561,12,18688,0.018688,0,0,0.0,deepseek_h64k_a1_fused_prepare_20261009_01_echo_operators
echo,extend_annotated,shared,forward_misc,1,1,True,,,,,N/A (no matrix multiply),4.896363,4.896363,1.520408,17,17,0,0,,0,0,0.0,0,0,0.0,0,0,0.0,deepseek_h64k_a1_fused_prepare_20261009_01_echo_operators
echo,extend_annotated,shared,lm_head,1,1,True,1853358080,BF16,989.5,0.4408517625195536,,0.0,0.0,0.0,0,0,0,1,4.362228190130983,1,424865,0.424865,0,0,0.0,1,736,0.000736,deepseek_h64k_a1_fused_prepare_20261009_01_echo_operators
serial_sparse,prefill_annotated,layer_0,attention_output,64,64,True,,,,,N/A (no matrix multiply),11.167584,11.167584,0.0,0,0,0,0,,0,0,0.0,0,0,0.0,0,0,0.0,deepseek_h64k_a1_fused_prepare_20261009_01_serial_sparse_operators
serial_sparse,prefill_annotated,layer_0,attention_projection,64,64,True,,,,,N/A (no matrix multiply),12.732779,12.732779,0.0,0,0,0,0,,0,0,0.0,0,0,0.0,0,0,0.0,deepseek_h64k_a1_fused_prepare_20261009_01_serial_sparse_operators
serial_sparse,prefill_annotated,layer_0,cache_write,64,64,True,,,,,N/A (no matrix multiply),13.418863,13.418863,1.570106,803,803,0,76,,76,351906,0.351906,66,1767589,1.767589,10,9824,0.009824,deepseek_h64k_a1_fused_prepare_20261009_01_serial_sparse_operators
serial_sparse,prefill_annotated,layer_0,compute_graph_finish_layer_0_q_1024,64,64,True,,,,,N/A (no matrix multiply),2.667638,2.667638,2.272121,64,64,0,64,,128,2793415,2.793415,0,0,0.0,0,0,0.0,deepseek_h64k_a1_fused_prepare_20261009_01_serial_sparse_operators
serial_sparse,prefill_annotated,layer_0,compute_graph_owned_writeback_source,64,64,True,,,,,N/A (no matrix multiply),1.842399,1.842399,0.496811,64,64,0,0,,0,0,0.0,64,92032,0.092032,0,0,0.0,deepseek_h64k_a1_fused_prepare_20261009_01_serial_sparse_operators
serial_sparse,prefill_annotated,layer_0,compute_graph_projection_inputs,64,64,True,,,,,N/A (no matrix multiply),2.598774,2.598774,1.304979,192,192,0,64,,64,53088,0.053088,64,403872,0.403872,0,0,0.0,deepseek_h64k_a1_fused_prepare_20261009_01_serial_sparse_operators
serial_sparse,prefill_annotated,layer_0,compute_graph_projection_layer_0_q_1024,64,64,True,,,,,N/A (no matrix multiply),5.557797,5.557797,5.211303,64,64,0,64,,1600,6312017,6.312017,0,0,0.0,0,0,0.0,deepseek_h64k_a1_fused_prepare_20261009_01_serial_sparse_operators
serial_sparse,prefill_annotated,layer_0,compute_graph_value_expansion,64,64,True,,,,,N/A (no matrix multiply),6.729452,6.729452,0.0,0,0,0,0,,0,0,0.0,0,0,0.0,0,0,0.0,deepseek_h64k_a1_fused_prepare_20261009_01_serial_sparse_operators
serial_sparse,prefill_annotated,layer_0,exact_topk,64,64,True,,,,,N/A (no matrix multiply),6.495561,6.495561,1.223924,256,256,0,256,,256,18761382,18.761382,0,0,0.0,0,0,0.0,deepseek_h64k_a1_fused_prepare_20261009_01_serial_sparse_operators
serial_sparse,prefill_annotated,layer_0,index_cache_write,64,64,True,,,,,N/A (no matrix multiply),2.291489,2.291489,0.818181,192,192,0,0,,0,0,0.0,128,171232,0.171232,0,0,0.0,deepseek_h64k_a1_fused_prepare_20261009_01_serial_sparse_operators
serial_sparse,prefill_annotated,layer_0,index_k_proj,64,64,True,120259084288,FP8,1979.0,5.001975678477123,,0.0,0.0,0.0,0,0,0,64,98.98909867706227,192,1214872,1.214872,0,0,0.0,0,0,0.0,deepseek_h64k_a1_fused_prepare_20261009_01_serial_sparse_operators
serial_sparse,prefill_annotated,layer_0,index_q_proj,64,64,True,1649267441664,FP8,1979.0,44.465895257997055,,0.0,0.0,0.0,0,0,0,64,879.9800671557616,192,1874210,1.87421,0,0,0.0,0,0,0.0,deepseek_h64k_a1_fused_prepare_20261009_01_serial_sparse_operators
serial_sparse,prefill_annotated,layer_0,index_weights_proj,64,64,True,60129542144,FP32,67.0,33.973859582274066,,0.0,0.0,0.0,0,0,0,64,22.762485920123623,128,2641607,2.641607,0,0,0.0,0,0,0.0,deepseek_h64k_a1_fused_prepare_20261009_01_serial_sparse_operators
serial_sparse,prefill_annotated,layer_0,indexer_aux,64,64,True,,,,,N/A (no matrix multiply),23.862394,23.862394,0.0,0,0,0,0,,0,0,0.0,0,0,0.0,0,0,0.0,deepseek_h64k_a1_fused_prepare_20261009_01_serial_sparse_operators
serial_sparse,prefill_annotated,layer_0,indexer_qk,64,64,True,35184908959744,FP8,1979.0,47.82984241880088,,15.424377,15.424377,7.51088,448,448,0,128,946.5525814680693,128,37171637,37.171637,0,0,0.0,0,0,0.0,deepseek_h64k_a1_fused_prepare_20261009_01_serial_sparse_operators
serial_sparse,prefill_annotated,layer_0,kv_a_proj,64,64,True,541165879296,FP8,1979.0,15.213435954942256,,0.0,0.0,0.0,0,0,0,64,301.0738975483073,192,1797452,1.797452,0,0,0.0,0,0,0.0,deepseek_h64k_a1_fused_prepare_20261009_01_serial_sparse_operators
serial_sparse,prefill_annotated,layer_0,layer_misc,64,64,True,,,,,N/A (no matrix multiply),211.486493,211.486493,0.075052,192,192,0,0,,0,0,0.0,0,0,0.0,0,0,0.0,deepseek_h64k_a1_fused_prepare_20261009_01_serial_sparse_operators
serial_sparse,prefill_annotated,layer_0,mla_qk_pv,64,64,True,36799565004800,BF16,989.5,61.227696858390644,,5.219906,5.219906,1.1412,324,324,0,64,605.8480604137754,64,60740584,60.740584,0,0,0.0,0,0,0.0,deepseek_h64k_a1_fused_prepare_20261009_01_serial_sparse_operators
serial_sparse,prefill_annotated,layer_0,mlp_down,64,64,True,17317308137472,FP8,1979.0,56.63057340489524,,0.0,0.0,0.0,0,0,0,64,1120.7190476828769,192,15451962,15.451962,0,0,0.0,0,0,0.0,deepseek_h64k_a1_fused_prepare_20261009_01_serial_sparse_operators
serial_sparse,prefill_annotated,layer_0,mlp_gate,64,64,True,17317308137472,FP8,1979.0,59.149205758567014,,0.0,0.0,0.0,0,0,0,64,1170.562781962041,192,14794002,14.794002,0,0,0.0,0,0,0.0,deepseek_h64k_a1_fused_prepare_20261009_01_serial_sparse_operators
serial_sparse,prefill_annotated,layer_0,mlp_up,64,64,True,17317308137472,FP8,1979.0,60.75833209965479,,0.0,0.0,0.0,0,0,0,64,1202.4073922521682,128,14402197,14.402197,0,0,0.0,0,0,0.0,deepseek_h64k_a1_fused_prepare_20261009_01_serial_sparse_operators
serial_sparse,prefill_annotated,layer_0,o_proj,64,64,True,15393162788864,FP8,1979.0,56.19969107412381,,0.0,0.0,0.0,0,0,0,64,1112.1918863569103,192,13840384,13.840384,0,0,0.0,0,0,0.0,deepseek_h64k_a1_fused_prepare_20261009_01_serial_sparse_operators
serial_sparse,prefill_annotated,layer_0,offload_exact_recall,64,64,True,,,,,N/A (no matrix multiply),5.272678,5.272678,0.823292,448,448,0,128,,128,1324002,1.324002,0,0,0.0,0,0,0.0,deepseek_h64k_a1_fused_prepare_20261009_01_serial_sparse_operators
serial_sparse,prefill_annotated,layer_0,offload_prepare,64,64,True,,,,,N/A (no matrix multiply),0.067001,0.067001,0.0,0,0,0,0,,0,0,0.0,0,0,0.0,0,0,0.0,deepseek_h64k_a1_fused_prepare_20261009_01_serial_sparse_operators
serial_sparse,prefill_annotated,layer_0,offload_source_reservation,64,64,True,,,,,N/A (no matrix multiply),114.153281,114.153281,0.052105,192,192,0,0,,0,0,0.0,0,0,0.0,0,0,0.0,deepseek_h64k_a1_fused_prepare_20261009_01_serial_sparse_operators
serial_sparse,prefill_annotated,layer_0,q_a_proj,64,64,True,1443109011456,FP8,1979.0,41.5532672876507,,0.0,0.0,0.0,0,0,0,64,822.3391596226073,192,1754883,1.754883,0,0,0.0,0,0,0.0,deepseek_h64k_a1_fused_prepare_20261009_01_serial_sparse_operators
serial_sparse,prefill_annotated,layer_0,q_absorb,64,64,True,1099511627776,BF16,989.5,30.012275969960385,,0.0,0.0,0.0,0,0,0,64,296.971470722758,64,3702415,3.702415,0,0,0.0,64,53728,0.053728,deepseek_h64k_a1_fused_prepare_20261009_01_serial_sparse_operators
serial_sparse,prefill_annotated,layer_0,q_b_proj,64,64,True,4947802324992,FP8,1979.0,58.2540140748178,,0.0,0.0,0.0,0,0,0,64,1152.8469385406443,192,4291812,4.291812,0,0,0.0,0,0,0.0,deepseek_h64k_a1_fused_prepare_20261009_01_serial_sparse_operators
serial_sparse,prefill_annotated,layer_0,sparse_mla_aux,64,64,True,,,,,N/A (no matrix multiply),8.419339,8.419339,0.0,0,0,0,0,,0,0,0.0,0,0,0.0,0,0,0.0,deepseek_h64k_a1_fused_prepare_20261009_01_serial_sparse_operators
serial_sparse,prefill_annotated,layer_0,v_expand,64,64,True,1099511627776,BF16,989.5,33.93426935356343,,3.751936,3.751936,0.968582,256,256,0,64,335.77959525351014,64,3274504,3.274504,0,0,0.0,64,54976,0.054976,deepseek_h64k_a1_fused_prepare_20261009_01_serial_sparse_operators
serial_sparse,prefill_annotated,layer_1,attention_output,64,64,True,,,,,N/A (no matrix multiply),10.894625,10.894625,0.0,0,0,0,0,,0,0,0.0,0,0,0.0,0,0,0.0,deepseek_h64k_a1_fused_prepare_20261009_01_serial_sparse_operators
serial_sparse,prefill_annotated,layer_1,attention_projection,64,64,True,,,,,N/A (no matrix multiply),10.747547,10.747547,0.0,0,0,0,0,,0,0,0.0,0,0,0.0,0,0,0.0,deepseek_h64k_a1_fused_prepare_20261009_01_serial_sparse_operators
serial_sparse,prefill_annotated,layer_1,cache_write,64,64,True,,,,,N/A (no matrix multiply),12.706921,12.706921,1.522652,803,803,0,76,,76,350401,0.350401,66,1740549,1.740549,10,9632,0.009632,deepseek_h64k_a1_fused_prepare_20261009_01_serial_sparse_operators
serial_sparse,prefill_annotated,layer_1,compute_graph_finish_layer_1_q_1024,64,64,True,,,,,N/A (no matrix multiply),2.638599,2.638599,2.252206,64,64,0,64,,128,2789144,2.789144,0,0,0.0,0,0,0.0,deepseek_h64k_a1_fused_prepare_20261009_01_serial_sparse_operators
serial_sparse,prefill_annotated,layer_1,compute_graph_owned_writeback_source,64,64,True,,,,,N/A (no matrix multiply),2.641751,2.641751,0.958935,64,64,0,0,,0,0,0.0,64,93312,0.093312,0,0,0.0,deepseek_h64k_a1_fused_prepare_20261009_01_serial_sparse_operators
serial_sparse,prefill_annotated,layer_1,compute_graph_projection_inputs,64,64,True,,,,,N/A (no matrix multiply),0.106252,0.106252,0.0,0,0,0,0,,0,0,0.0,0,0,0.0,0,0,0.0,deepseek_h64k_a1_fused_prepare_20261009_01_serial_sparse_operators
serial_sparse,prefill_annotated,layer_1,compute_graph_projection_layer_1_q_1024,64,64,True,,,,,N/A (no matrix multiply),5.351252,5.351252,5.035756,64,64,0,64,,1600,6721440,6.72144,0,0,0.0,0,0,0.0,deepseek_h64k_a1_fused_prepare_20261009_01_serial_sparse_operators
serial_sparse,prefill_annotated,layer_1,compute_graph_value_expansion,64,64,True,,,,,N/A (no matrix multiply),6.51944,6.51944,0.0,0,0,0,0,,0,0,0.0,0,0,0.0,0,0,0.0,deepseek_h64k_a1_fused_prepare_20261009_01_serial_sparse_operators
serial_sparse,prefill_annotated,layer_1,exact_topk,64,64,True,,,,,N/A (no matrix multiply),6.127562,6.127562,1.207077,256,256,0,256,,256,18523369,18.523369,0,0,0.0,0,0,0.0,deepseek_h64k_a1_fused_prepare_20261009_01_serial_sparse_operators
serial_sparse,prefill_annotated,layer_1,index_cache_write,64,64,True,,,,,N/A (no matrix multiply),2.375616,2.375616,0.791281,192,192,0,0,,0,0,0.0,128,173728,0.173728,0,0,0.0,deepseek_h64k_a1_fused_prepare_20261009_01_serial_sparse_operators
serial_sparse,prefill_annotated,layer_1,index_k_proj,64,64,True,120259084288,FP8,1979.0,4.966815911163361,,0.0,0.0,0.0,0,0,0,64,98.29328688192292,192,1223472,1.223472,0,0,0.0,0,0,0.0,deepseek_h64k_a1_fused_prepare_20261009_01_serial_sparse_operators
serial_sparse,prefill_annotated,layer_1,index_q_proj,64,64,True,1649267441664,FP8,1979.0,44.41271971041691,,0.0,0.0,0.0,0,0,0,64,878.9277230691506,192,1876454,1.876454,0,0,0.0,0,0,0.0,deepseek_h64k_a1_fused_prepare_20261009_01_serial_sparse_operators
serial_sparse,prefill_annotated,layer_1,index_weights_proj,64,64,True,60129542144,FP32,67.0,34.22945246565339,,0.0,0.0,0.0,0,0,0,64,22.93373315198777,128,2621882,2.621882,0,0,0.0,0,0,0.0,deepseek_h64k_a1_fused_prepare_20261009_01_serial_sparse_operators
serial_sparse,prefill_annotated,layer_1,indexer_aux,64,64,True,,,,,N/A (no matrix multiply),17.849306,17.849306,0.0,0,0,0,0,,0,0,0.0,0,0,0.0,0,0,0.0,deepseek_h64k_a1_fused_prepare_20261009_01_serial_sparse_operators
serial_sparse,prefill_annotated,layer_1,indexer_qk,64,64,True,35184908959744,FP8,1979.0,47.813668553001385,,9.454696,9.454696,0.83281,384,384,0,128,946.2325006638973,128,37184211,37.184211,0,0,0.0,0,0,0.0,deepseek_h64k_a1_fused_prepare_20261009_01_serial_sparse_operators
serial_sparse,prefill_annotated,layer_1,kv_a_proj,64,64,True,541165879296,FP8,1979.0,15.200235286839433,,0.0,0.0,0.0,0,0,0,64,300.81265632655237,192,1799013,1.799013,0,0,0.0,0,0,0.0,deepseek_h64k_a1_fused_prepare_20261009_01_serial_sparse_operators
serial_sparse,prefill_annotated,layer_1,layer_misc,64,64,True,,,,,N/A (no matrix multiply),195.084142,195.084142,0.072099,192,192,0,0,,0,0,0.0,0,0,0.0,0,0,0.0,deepseek_h64k_a1_fused_prepare_20261009_01_serial_sparse_operators
serial_sparse,prefill_annotated,layer_1,mla_qk_pv,64,64,True,36799565004800,BF16,989.5,61.09579397713114,,4.557051,4.557051,0.581792,320,320,0,64,604.5428814037126,64,60871720,60.87172,0,0,0.0,0,0,0.0,deepseek_h64k_a1_fused_prepare_20261009_01_serial_sparse_operators
serial_sparse,prefill_annotated,layer_1,mlp_down,64,64,True,17317308137472,FP8,1979.0,56.72182705272998,,0.0,0.0,0.0,0,0,0,64,1122.5249573735264,192,15427103,15.427103,0,0,0.0,0,0,0.0,deepseek_h64k_a1_fused_prepare_20261009_01_serial_sparse_operators
serial_sparse,prefill_annotated,layer_1,mlp_gate,64,64,True,17317308137472,FP8,1979.0,59.365753893623065,,0.0,0.0,0.0,0,0,0,64,1174.8482695548003,192,14740038,14.740038,0,0,0.0,0,0,0.0,deepseek_h64k_a1_fused_prepare_20261009_01_serial_sparse_operators
serial_sparse,prefill_annotated,layer_1,mlp_up,64,64,True,17317308137472,FP8,1979.0,60.70595590954074,,0.0,0.0,0.0,0,0,0,64,1201.3708674498112,128,14414623,14.414623,0,0,0.0,0,0,0.0,deepseek_h64k_a1_fused_prepare_20261009_01_serial_sparse_operators
serial_sparse,prefill_annotated,layer_1,o_proj,64,64,True,15393162788864,FP8,1979.0,56.35134282498581,,0.0,0.0,0.0,0,0,0,64,1115.193074506469,192,13803137,13.803137,0,0,0.0,0,0,0.0,deepseek_h64k_a1_fused_prepare_20261009_01_serial_sparse_operators
serial_sparse,prefill_annotated,layer_1,offload_exact_recall,64,64,True,,,,,N/A (no matrix multiply),5.205797,5.205797,0.821023,448,448,0,128,,128,1205413,1.205413,0,0,0.0,0,0,0.0,deepseek_h64k_a1_fused_prepare_20261009_01_serial_sparse_operators
serial_sparse,prefill_annotated,layer_1,offload_prepare,64,64,True,,,,,N/A (no matrix multiply),0.067265,0.067265,0.0,0,0,0,0,,0,0,0.0,0,0,0.0,0,0,0.0,deepseek_h64k_a1_fused_prepare_20261009_01_serial_sparse_operators
serial_sparse,prefill_annotated,layer_1,offload_source_reservation,64,64,True,,,,,N/A (no matrix multiply),108.328793,108.328793,0.05348,192,192,0,0,,0,0,0.0,0,0,0.0,0,0,0.0,deepseek_h64k_a1_fused_prepare_20261009_01_serial_sparse_operators
serial_sparse,prefill_annotated,layer_1,q_a_proj,64,64,True,1443109011456,FP8,1979.0,40.98605717475648,,0.0,0.0,0.0,0,0,0,64,811.1140714884308,192,1779169,1.779169,0,0,0.0,0,0,0.0,deepseek_h64k_a1_fused_prepare_20261009_01_serial_sparse_operators
serial_sparse,prefill_annotated,layer_1,q_absorb,64,64,True,1099511627776,BF16,989.5,30.309839055129345,,0.0,0.0,0.0,0,0,0,64,299.91585745050486,64,3666067,3.666067,0,0,0.0,64,52384,0.052384,deepseek_h64k_a1_fused_prepare_20261009_01_serial_sparse_operators
serial_sparse,prefill_annotated,layer_1,q_b_proj,64,64,True,4947802324992,FP8,1979.0,58.87504127582236,,0.0,0.0,0.0,0,0,0,64,1165.1370668485245,192,4246541,4.246541,0,0,0.0,0,0,0.0,deepseek_h64k_a1_fused_prepare_20261009_01_serial_sparse_operators
serial_sparse,prefill_annotated,layer_1,sparse_mla_aux,64,64,True,,,,,N/A (no matrix multiply),7.671591,7.671591,0.0,0,0,0,0,,0,0,0.0,0,0,0.0,0,0,0.0,deepseek_h64k_a1_fused_prepare_20261009_01_serial_sparse_operators
serial_sparse,prefill_annotated,layer_1,v_expand,64,64,True,1099511627776,BF16,989.5,33.9008396154662,,3.611674,3.611674,0.93828,256,256,0,64,335.448807995038,64,3277733,3.277733,0,0,0.0,64,58560,0.05856,deepseek_h64k_a1_fused_prepare_20261009_01_serial_sparse_operators
serial_sparse,prefill_annotated,layer_2,attention_output,64,64,True,,,,,N/A (no matrix multiply),10.71542,10.71542,0.0,0,0,0,0,,0,0,0.0,0,0,0.0,0,0,0.0,deepseek_h64k_a1_fused_prepare_20261009_01_serial_sparse_operators
serial_sparse,prefill_annotated,layer_2,attention_projection,64,64,True,,,,,N/A (no matrix multiply),10.558676,10.558676,0.0,0,0,0,0,,0,0,0.0,0,0,0.0,0,0,0.0,deepseek_h64k_a1_fused_prepare_20261009_01_serial_sparse_operators
serial_sparse,prefill_annotated,layer_2,cache_write,64,64,True,,,,,N/A (no matrix multiply),12.520689,12.520689,1.469742,803,803,0,76,,76,354594,0.354594,66,1741705,1.741705,10,9312,0.009312,deepseek_h64k_a1_fused_prepare_20261009_01_serial_sparse_operators
serial_sparse,prefill_annotated,layer_2,compute_graph_finish_layer_2_q_1024,64,64,True,,,,,N/A (no matrix multiply),2.586552,2.586552,2.208897,64,64,0,64,,128,2787177,2.787177,0,0,0.0,0,0,0.0,deepseek_h64k_a1_fused_prepare_20261009_01_serial_sparse_operators
serial_sparse,prefill_annotated,layer_2,compute_graph_owned_writeback_source,64,64,True,,,,,N/A (no matrix multiply),2.565989,2.565989,0.914331,64,64,0,0,,0,0,0.0,64,95264,0.095264,0,0,0.0,deepseek_h64k_a1_fused_prepare_20261009_01_serial_sparse_operators
serial_sparse,prefill_annotated,layer_2,compute_graph_projection_inputs,64,64,True,,,,,N/A (no matrix multiply),0.103352,0.103352,0.0,0,0,0,0,,0,0,0.0,0,0,0.0,0,0,0.0,deepseek_h64k_a1_fused_prepare_20261009_01_serial_sparse_operators
serial_sparse,prefill_annotated,layer_2,compute_graph_projection_layer_2_q_1024,64,64,True,,,,,N/A (no matrix multiply),5.299466,5.299466,4.9945,64,64,0,64,,1600,6699706,6.699706,0,0,0.0,0,0,0.0,deepseek_h64k_a1_fused_prepare_20261009_01_serial_sparse_operators
serial_sparse,prefill_annotated,layer_2,compute_graph_value_expansion,64,64,True,,,,,N/A (no matrix multiply),6.354522,6.354522,0.0,0,0,0,0,,0,0,0.0,0,0,0.0,0,0,0.0,deepseek_h64k_a1_fused_prepare_20261009_01_serial_sparse_operators
serial_sparse,prefill_annotated,layer_2,exact_topk,64,64,True,,,,,N/A (no matrix multiply),5.959681,5.959681,1.171958,256,256,0,256,,256,19501410,19.50141,0,0,0.0,0,0,0.0,deepseek_h64k_a1_fused_prepare_20261009_01_serial_sparse_operators
serial_sparse,prefill_annotated,layer_2,index_cache_write,64,64,True,,,,,N/A (no matrix multiply),2.366562,2.366562,0.81787,192,192,0,0,,0,0,0.0,128,176032,0.176032,0,0,0.0,deepseek_h64k_a1_fused_prepare_20261009_01_serial_sparse_operators
serial_sparse,prefill_annotated,layer_2,index_k_proj,64,64,True,120259084288,FP8,1979.0,4.913662004389771,,0.0,0.0,0.0,0,0,0,64,97.24137106687355,192,1236707,1.236707,0,0,0.0,0,0,0.0,deepseek_h64k_a1_fused_prepare_20261009_01_serial_sparse_operators
serial_sparse,prefill_annotated,layer_2,index_q_proj,64,64,True,1649267441664,FP8,1979.0,44.19565753895997,,0.0,0.0,0.0,0,0,0,64,874.6320626960179,192,1885670,1.88567,0,0,0.0,0,0,0.0,deepseek_h64k_a1_fused_prepare_20261009_01_serial_sparse_operators
serial_sparse,prefill_annotated,layer_2,index_weights_proj,64,64,True,60129542144,FP32,67.0,34.04129508542879,,0.0,0.0,0.0,0,0,0,64,22.80766770723729,128,2636374,2.636374,0,0,0.0,0,0,0.0,deepseek_h64k_a1_fused_prepare_20261009_01_serial_sparse_operators
serial_sparse,prefill_annotated,layer_2,indexer_aux,64,64,True,,,,,N/A (no matrix multiply),16.195476,16.195476,0.0,0,0,0,0,,0,0,0.0,0,0,0.0,0,0,0.0,deepseek_h64k_a1_fused_prepare_20261009_01_serial_sparse_operators
serial_sparse,prefill_annotated,layer_2,indexer_qk,64,64,True,35184908959744,FP8,1979.0,47.741428980630324,,7.904462,7.904462,0.815164,384,384,0,128,944.8028795266741,128,37240476,37.240476,0,0,0.0,0,0,0.0,deepseek_h64k_a1_fused_prepare_20261009_01_serial_sparse_operators
serial_sparse,prefill_annotated,layer_2,kv_a_proj,64,64,True,541165879296,FP8,1979.0,15.068365012000434,,0.0,0.0,0.0,0,0,0,64,298.20294358748856,192,1814757,1.814757,0,0,0.0,0,0,0.0,deepseek_h64k_a1_fused_prepare_20261009_01_serial_sparse_operators
serial_sparse,prefill_annotated,layer_2,layer_misc,64,64,True,,,,,N/A (no matrix multiply),204.049248,204.049248,0.070939,192,192,0,0,,0,0,0.0,0,0,0.0,0,0,0.0,deepseek_h64k_a1_fused_prepare_20261009_01_serial_sparse_operators
serial_sparse,prefill_annotated,layer_2,mla_qk_pv,64,64,True,36799565004800,BF16,989.5,61.0454106229283,,4.491945,4.491945,0.58,320,320,0,64,604.0443381138755,64,60921960,60.92196,0,0,0.0,0,0,0.0,deepseek_h64k_a1_fused_prepare_20261009_01_serial_sparse_operators
serial_sparse,prefill_annotated,layer_2,mlp_down,64,64,True,17317308137472,FP8,1979.0,56.59547767613971,,0.0,0.0,0.0,0,0,0,64,1120.0245032108048,192,15461544,15.461544,0,0,0.0,0,0,0.0,deepseek_h64k_a1_fused_prepare_20261009_01_serial_sparse_operators
serial_sparse,prefill_annotated,layer_2,mlp_gate,64,64,True,17317308137472,FP8,1979.0,59.29460859212789,,0.0,0.0,0.0,0,0,0,64,1173.4403040382108,192,14757724,14.757724,0,0,0.0,0,0,0.0,deepseek_h64k_a1_fused_prepare_20261009_01_serial_sparse_operators
serial_sparse,prefill_annotated,layer_2,mlp_up,64,64,True,17317308137472,FP8,1979.0,60.76309958773554,,0.0,0.0,0.0,0,0,0,64,1202.5017408412862,128,14401067,14.401067,0,0,0.0,0,0,0.0,deepseek_h64k_a1_fused_prepare_20261009_01_serial_sparse_operators
serial_sparse,prefill_annotated,layer_2,o_proj,64,64,True,15393162788864,FP8,1979.0,56.30545207306311,,0.0,0.0,0.0,0,0,0,64,1114.284896525919,192,13814387,13.814387,0,0,0.0,0,0,0.0,deepseek_h64k_a1_fused_prepare_20261009_01_serial_sparse_operators
serial_sparse,prefill_annotated,layer_2,offload_exact_recall,64,64,True,,,,,N/A (no matrix multiply),5.147631,5.147631,0.808562,448,448,0,128,,128,1160168,1.160168,0,0,0.0,0,0,0.0,deepseek_h64k_a1_fused_prepare_20261009_01_serial_sparse_operators
serial_sparse,prefill_annotated,layer_2,offload_prepare,64,64,True,,,,,N/A (no matrix multiply),0.069294,0.069294,0.0,0,0,0,0,,0,0,0.0,0,0,0.0,0,0,0.0,deepseek_h64k_a1_fused_prepare_20261009_01_serial_sparse_operators
serial_sparse,prefill_annotated,layer_2,offload_source_reservation,64,64,True,,,,,N/A (no matrix multiply),120.103018,120.103018,0.051509,192,192,0,0,,0,0,0.0,0,0,0.0,0,0,0.0,deepseek_h64k_a1_fused_prepare_20261009_01_serial_sparse_operators
serial_sparse,prefill_annotated,layer_2,q_a_proj,64,64,True,1443109011456,FP8,1979.0,41.224622885619446,,0.0,0.0,0.0,0,0,0,64,815.8352869064088,192,1768873,1.768873,0,0,0.0,0,0,0.0,deepseek_h64k_a1_fused_prepare_20261009_01_serial_sparse_operators
serial_sparse,prefill_annotated,layer_2,q_absorb,64,64,True,1099511627776,BF16,989.5,30.2513344067027,,0.0,0.0,0.0,0,0,0,64,299.33695395432323,64,3673157,3.673157,0,0,0.0,64,58400,0.0584,deepseek_h64k_a1_fused_prepare_20261009_01_serial_sparse_operators
serial_sparse,prefill_annotated,layer_2,q_b_proj,64,64,True,4947802324992,FP8,1979.0,58.807240153028715,,0.0,0.0,0.0,0,0,0,64,1163.7952826284384,192,4251437,4.251437,0,0,0.0,0,0,0.0,deepseek_h64k_a1_fused_prepare_20261009_01_serial_sparse_operators
serial_sparse,prefill_annotated,layer_2,sparse_mla_aux,64,64,True,,,,,N/A (no matrix multiply),7.554646,7.554646,0.0,0,0,0,0,,0,0,0.0,0,0,0.0,0,0,0.0,deepseek_h64k_a1_fused_prepare_20261009_01_serial_sparse_operators
serial_sparse,prefill_annotated,layer_2,v_expand,64,64,True,1099511627776,BF16,989.5,33.861479412374266,,3.550295,3.550295,0.932094,256,256,0,64,335.0593387854433,64,3281543,3.281543,0,0,0.0,64,58208,0.058208,deepseek_h64k_a1_fused_prepare_20261009_01_serial_sparse_operators
serial_sparse,prefill_annotated,shared,embedding,64,64,True,,,,,N/A (no matrix multiply),3.278344,3.278344,0.521489,128,128,0,64,,64,420032,0.420032,0,0,0.0,0,0,0.0,deepseek_h64k_a1_fused_prepare_20261009_01_serial_sparse_operators
serial_sparse,prefill_annotated,shared,final_norm_lm_head,1,1,True,,,,,N/A (no matrix multiply),0.290526,0.290526,0.007635,2,2,0,1,,1,3904,0.003904,0,0,0.0,0,0,0.0,deepseek_h64k_a1_fused_prepare_20261009_01_serial_sparse_operators
serial_sparse,prefill_annotated,shared,forward_misc,1,1,True,,,,,N/A (no matrix multiply),635.822907,635.822907,8.807922,16,16,0,0,,0,0,0.0,1,12640,0.01264,0,0,0.0,deepseek_h64k_a1_fused_prepare_20261009_01_serial_sparse_operators
serial_sparse,prefill_annotated,shared,hidden_transfer,192,192,True,,,,,N/A (no matrix multiply),0.951037,0.951037,0.0,0,0,0,0,,0,0,0.0,0,0,0.0,0,0,0.0,deepseek_h64k_a1_fused_prepare_20261009_01_serial_sparse_operators
serial_sparse,prefill_annotated,shared,lm_head,1,1,True,1853358080,BF16,989.5,0.44548205390634804,,0.076702,0.076702,0.013699,4,4,0,1,4.408044923403314,1,420449,0.420449,0,0,0.0,1,768,0.000768,deepseek_h64k_a1_fused_prepare_20261009_01_serial_sparse_operators
serial_sparse,prefill_annotated,shared,residual_rms_norm,1,1,True,,,,,N/A (no matrix multiply),0.115381,0.115381,0.011485,2,2,0,1,,1,2688,0.002688,0,0,0.0,0,0,0.0,deepseek_h64k_a1_fused_prepare_20261009_01_serial_sparse_operators
serial_sparse,extend_annotated,layer_0,index_k_proj,1,1,True,1835008,FP8,1979.0,0.007960508415283554,,0.0,0.0,0.0,0,0,0,1,0.15753846153846154,2,11648,0.011648,0,0,0.0,0,0,0.0,deepseek_h64k_a1_fused_prepare_20261009_01_serial_sparse_operators
serial_sparse,extend_annotated,layer_0,index_q_proj,1,1,True,25165824,FP8,1979.0,0.14294553240681837,,0.0,0.0,0.0,0,0,0,1,2.8288920863309355,2,8896,0.008896,0,0,0.0,0,0,0.0,deepseek_h64k_a1_fused_prepare_20261009_01_serial_sparse_operators
serial_sparse,extend_annotated,layer_0,index_weights_proj,1,1,True,917504,FP32,67.0,0.31928397184049445,,0.0,0.0,0.0,0,0,0,1,0.21392026113313126,2,4289,0.004289,0,0,0.0,0,0,0.0,deepseek_h64k_a1_fused_prepare_20261009_01_serial_sparse_operators
serial_sparse,extend_annotated,layer_0,indexer_qk,1,1,True,1073758208,FP8,1979.0,3.3978967535880247,,0.0,0.0,0.0,0,0,0,1,67.24437675350701,7,15968,0.015968,0,0,0.0,0,0,0.0,deepseek_h64k_a1_fused_prepare_20261009_01_serial_sparse_operators
serial_sparse,extend_annotated,layer_0,kv_a_proj,1,1,True,8257536,FP8,1979.0,0.03219583403514682,,0.0,0.0,0.0,0,0,0,1,0.6371555555555556,2,12960,0.01296,0,0,0.0,0,0,0.0,deepseek_h64k_a1_fused_prepare_20261009_01_serial_sparse_operators
serial_sparse,extend_annotated,layer_0,mla_qk_pv,1,1,True,570425344,BF16,989.5,4.048303138005235,,0.0,0.0,0.0,0,0,0,1,40.0579595505618,3,14240,0.01424,0,0,0.0,0,0,0.0,deepseek_h64k_a1_fused_prepare_20261009_01_serial_sparse_operators
serial_sparse,extend_annotated,layer_0,mlp_down,1,1,True,264241152,FP8,1979.0,0.30170499573066,,0.0,0.0,0.0,0,0,0,1,5.970741865509761,2,44256,0.044256,0,0,0.0,0,0,0.0,deepseek_h64k_a1_fused_prepare_20261009_01_serial_sparse_operators
serial_sparse,extend_annotated,layer_0,mlp_gate,1,1,True,264241152,FP8,1979.0,0.3515231753121338,,0.0,0.0,0.0,0,0,0,1,6.956643639427127,2,37984,0.037984,0,0,0.0,0,0,0.0,deepseek_h64k_a1_fused_prepare_20261009_01_serial_sparse_operators
serial_sparse,extend_annotated,layer_0,mlp_up,1,1,True,264241152,FP8,1979.0,0.35785421020197494,,0.0,0.0,0.0,0,0,0,1,7.081934819897084,1,37312,0.037312,0,0,0.0,0,0,0.0,deepseek_h64k_a1_fused_prepare_20261009_01_serial_sparse_operators
serial_sparse,extend_annotated,layer_0,o_proj,1,1,True,234881024,FP8,1979.0,0.2837765937910416,,0.0,0.0,0.0,0,0,0,1,5.615938791124713,2,41824,0.041824,0,0,0.0,0,0,0.0,deepseek_h64k_a1_fused_prepare_20261009_01_serial_sparse_operators
serial_sparse,extend_annotated,layer_0,q_a_proj,1,1,True,22020096,FP8,1979.0,0.0751004336025023,,0.0,0.0,0.0,0,0,0,1,1.4862375809935204,2,14816,0.014816,0,0,0.0,0,0,0.0,deepseek_h64k_a1_fused_prepare_20261009_01_serial_sparse_operators
serial_sparse,extend_annotated,layer_0,q_absorb,1,1,True,16777216,BF16,989.5,0.23548952894278816,,0.0,0.0,0.0,0,0,0,1,2.3301688888888887,1,7200,0.0072,0,0,0.0,0,0,0.0,deepseek_h64k_a1_fused_prepare_20261009_01_serial_sparse_operators
serial_sparse,extend_annotated,layer_0,q_b_proj,1,1,True,75497472,FP8,1979.0,0.19935881944362294,,0.0,0.0,0.0,0,0,0,1,3.9453110367892976,2,19136,0.019136,0,0,0.0,0,0,0.0,deepseek_h64k_a1_fused_prepare_20261009_01_serial_sparse_operators
serial_sparse,extend_annotated,layer_0,v_expand,1,1,True,16777216,BF16,989.5,0.24759413089779128,,0.0,0.0,0.0,0,0,0,1,2.449943925233645,1,6848,0.006848,0,0,0.0,0,0,0.0,deepseek_h64k_a1_fused_prepare_20261009_01_serial_sparse_operators
serial_sparse,extend_annotated,layer_1,index_k_proj,1,1,True,1835008,FP8,1979.0,0.007747660596693085,,0.0,0.0,0.0,0,0,0,1,0.15332620320855614,2,11968,0.011968,0,0,0.0,0,0,0.0,deepseek_h64k_a1_fused_prepare_20261009_01_serial_sparse_operators
serial_sparse,extend_annotated,layer_1,index_q_proj,1,1,True,25165824,FP8,1979.0,0.1576938809884742,,0.0,0.0,0.0,0,0,0,1,3.120761904761905,2,8064,0.008064,0,0,0.0,0,0,0.0,deepseek_h64k_a1_fused_prepare_20261009_01_serial_sparse_operators
serial_sparse,extend_annotated,layer_1,index_weights_proj,1,1,True,917504,FP32,67.0,0.31010166558511787,,0.0,0.0,0.0,0,0,0,1,0.20776811594202899,2,4416,0.004416,0,0,0.0,0,0,0.0,deepseek_h64k_a1_fused_prepare_20261009_01_serial_sparse_operators
serial_sparse,extend_annotated,layer_1,indexer_qk,1,1,True,1073758208,FP8,1979.0,3.53977135707813,,0.0,0.0,0.0,0,0,0,1,70.0520751565762,7,15328,0.015328,0,0,0.0,0,0,0.0,deepseek_h64k_a1_fused_prepare_20261009_01_serial_sparse_operators
serial_sparse,extend_annotated,layer_1,kv_a_proj,1,1,True,8257536,FP8,1979.0,0.03543291517455017,,0.0,0.0,0.0,0,0,0,1,0.7012173913043478,2,11776,0.011776,0,0,0.0,0,0,0.0,deepseek_h64k_a1_fused_prepare_20261009_01_serial_sparse_operators
serial_sparse,extend_annotated,layer_1,mla_qk_pv,1,1,True,570425344,BF16,989.5,4.0392262251397515,,0.0,0.0,0.0,0,0,0,1,39.96814349775785,3,14272,0.014272,0,0,0.0,0,0,0.0,deepseek_h64k_a1_fused_prepare_20261009_01_serial_sparse_operators
serial_sparse,extend_annotated,layer_1,mlp_down,1,1,True,264241152,FP8,1979.0,0.3234636568486661,,0.0,0.0,0.0,0,0,0,1,6.401345769035102,2,41279,0.041279,0,0,0.0,0,0,0.0,deepseek_h64k_a1_fused_prepare_20261009_01_serial_sparse_operators
serial_sparse,extend_annotated,layer_1,mlp_gate,1,1,True,264241152,FP8,1979.0,0.34089706625449573,,0.0,0.0,0.0,0,0,0,1,6.746352941176471,2,39168,0.039168,0,0,0.0,0,0,0.0,deepseek_h64k_a1_fused_prepare_20261009_01_serial_sparse_operators
serial_sparse,extend_annotated,layer_1,mlp_up,1,1,True,264241152,FP8,1979.0,0.3679523889731065,,0.0,0.0,0.0,0,0,0,1,7.281777777777778,1,36288,0.036288,0,0,0.0,0,0,0.0,deepseek_h64k_a1_fused_prepare_20261009_01_serial_sparse_operators
serial_sparse,extend_annotated,layer_1,o_proj,1,1,True,234881024,FP8,1979.0,0.2948372191955415,,0.0,0.0,0.0,0,0,0,1,5.834828567879766,2,40255,0.040255,0,0,0.0,0,0,0.0,deepseek_h64k_a1_fused_prepare_20261009_01_serial_sparse_operators
serial_sparse,extend_annotated,layer_1,q_a_proj,1,1,True,22020096,FP8,1979.0,0.08030369690059715,,0.0,0.0,0.0,0,0,0,1,1.5892101616628176,2,13856,0.013856,0,0,0.0,0,0,0.0,deepseek_h64k_a1_fused_prepare_20261009_01_serial_sparse_operators
serial_sparse,extend_annotated,layer_1,q_absorb,1,1,True,16777216,BF16,989.5,0.2441711705627988,,0.0,0.0,0.0,0,0,0,1,2.416073732718894,1,6944,0.006944,0,0,0.0,0,0,0.0,deepseek_h64k_a1_fused_prepare_20261009_01_serial_sparse_operators
serial_sparse,extend_annotated,layer_1,q_b_proj,1,1,True,75497472,FP8,1979.0,0.20951946226236642,,0.0,0.0,0.0,0,0,0,1,4.146390158172232,2,18208,0.018208,0,0,0.0,0,0,0.0,deepseek_h64k_a1_fused_prepare_20261009_01_serial_sparse_operators
serial_sparse,extend_annotated,layer_1,v_expand,1,1,True,16777216,BF16,989.5,0.24194129685902893,,0.0,0.0,0.0,0,0,0,1,2.3940091324200914,1,7008,0.007008,0,0,0.0,0,0,0.0,deepseek_h64k_a1_fused_prepare_20261009_01_serial_sparse_operators
serial_sparse,extend_annotated,layer_2,index_k_proj,1,1,True,1835008,FP8,1979.0,0.008116596815583231,,0.0,0.0,0.0,0,0,0,1,0.16062745098039216,2,11424,0.011424,0,0,0.0,0,0,0.0,deepseek_h64k_a1_fused_prepare_20261009_01_serial_sparse_operators
serial_sparse,extend_annotated,layer_2,index_q_proj,1,1,True,25165824,FP8,1979.0,0.15645219688620277,,0.0,0.0,0.0,0,0,0,1,3.096188976377953,2,8128,0.008128,0,0,0.0,0,0,0.0,deepseek_h64k_a1_fused_prepare_20261009_01_serial_sparse_operators
serial_sparse,extend_annotated,layer_2,index_weights_proj,1,1,True,917504,FP32,67.0,0.3078707183506926,,0.0,0.0,0.0,0,0,0,1,0.20627338129496403,2,4448,0.004448,0,0,0.0,0,0,0.0,deepseek_h64k_a1_fused_prepare_20261009_01_serial_sparse_operators
serial_sparse,extend_annotated,layer_2,indexer_qk,1,1,True,1073758208,FP8,1979.0,3.5032034711579016,,0.0,0.0,0.0,0,0,0,1,69.32839669421487,7,15488,0.015488,0,0,0.0,0,0,0.0,deepseek_h64k_a1_fused_prepare_20261009_01_serial_sparse_operators
serial_sparse,extend_annotated,layer_2,kv_a_proj,1,1,True,8257536,FP8,1979.0,0.03505191608665178,,0.0,0.0,0.0,0,0,0,1,0.6936774193548387,2,11904,0.011904,0,0,0.0,0,0,0.0,deepseek_h64k_a1_fused_prepare_20261009_01_serial_sparse_operators
serial_sparse,extend_annotated,layer_2,mla_qk_pv,1,1,True,570425344,BF16,989.5,4.021193965206093,,0.0,0.0,0.0,0,0,0,1,39.78971428571428,3,14336,0.014336,0,0,0.0,0,0,0.0,deepseek_h64k_a1_fused_prepare_20261009_01_serial_sparse_operators
serial_sparse,extend_annotated,layer_2,mlp_down,1,1,True,264241152,FP8,1979.0,0.3212147876023886,,0.0,0.0,0.0,0,0,0,1,6.35684064665127,2,41568,0.041568,0,0,0.0,0,0,0.0,deepseek_h64k_a1_fused_prepare_20261009_01_serial_sparse_operators
serial_sparse,extend_annotated,layer_2,mlp_gate,1,1,True,264241152,FP8,1979.0,0.34946231917546294,,0.0,0.0,0.0,0,0,0,1,6.915859296482412,2,38208,0.038208,0,0,0.0,0,0,0.0,deepseek_h64k_a1_fused_prepare_20261009_01_serial_sparse_operators
serial_sparse,extend_annotated,layer_2,mlp_up,1,1,True,264241152,FP8,1979.0,0.3686024815331297,,0.0,0.0,0.0,0,0,0,1,7.294643109540636,1,36224,0.036224,0,0,0.0,0,0,0.0,deepseek_h64k_a1_fused_prepare_20261009_01_serial_sparse_operators
serial_sparse,extend_annotated,layer_2,o_proj,1,1,True,234881024,FP8,1979.0,0.2964796227696973,,0.0,0.0,0.0,0,0,0,1,5.86733173461231,2,40032,0.040032,0,0,0.0,0,0,0.0,deepseek_h64k_a1_fused_prepare_20261009_01_serial_sparse_operators
serial_sparse,extend_annotated,layer_2,q_a_proj,1,1,True,22020096,FP8,1979.0,0.0751004336025023,,0.0,0.0,0.0,0,0,0,1,1.4862375809935204,2,14816,0.014816,0,0,0.0,0,0,0.0,deepseek_h64k_a1_fused_prepare_20261009_01_serial_sparse_operators
serial_sparse,extend_annotated,layer_2,q_absorb,1,1,True,16777216,BF16,989.5,0.24759413089779128,,0.0,0.0,0.0,0,0,0,1,2.449943925233645,1,6848,0.006848,0,0,0.0,0,0,0.0,deepseek_h64k_a1_fused_prepare_20261009_01_serial_sparse_operators
serial_sparse,extend_annotated,layer_2,q_b_proj,1,1,True,75497472,FP8,1979.0,0.2199567786481301,,0.0,0.0,0.0,0,0,0,1,4.352944649446495,2,17344,0.017344,0,0,0.0,0,0,0.0,deepseek_h64k_a1_fused_prepare_20261009_01_serial_sparse_operators
serial_sparse,extend_annotated,layer_2,v_expand,1,1,True,16777216,BF16,989.5,0.24530159264873766,,0.0,0.0,0.0,0,0,0,1,2.4272592592592592,1,6912,0.006912,0,0,0.0,0,0,0.0,deepseek_h64k_a1_fused_prepare_20261009_01_serial_sparse_operators
serial_sparse,extend_annotated,shared,extend_graph_inputs,2,2,True,,,,,N/A (no matrix multiply),0.743651,0.743651,0.445832,3,3,0,0,,0,0,0.0,2,1504,0.001504,0,0,0.0,deepseek_h64k_a1_fused_prepare_20261009_01_serial_sparse_operators
serial_sparse,extend_annotated,shared,extend_graph_replay_q_1,1,1,True,,,,,N/A (no matrix multiply),0.614843,0.614843,0.597787,1,1,0,1,,117,520065,0.520065,9,15904,0.015904,0,0,0.0,deepseek_h64k_a1_fused_prepare_20261009_01_serial_sparse_operators
serial_sparse,extend_annotated,shared,forward_misc,1,1,True,,,,,N/A (no matrix multiply),3.770462,3.770462,1.383868,17,17,0,0,,0,0,0.0,0,0,0.0,0,0,0.0,deepseek_h64k_a1_fused_prepare_20261009_01_serial_sparse_operators
serial_sparse,extend_annotated,shared,lm_head,1,1,True,1853358080,BF16,989.5,0.43873689506496677,,0.0,0.0,0.0,0,0,0,1,4.3413015766678456,1,426913,0.426913,0,0,0.0,1,1088,0.001088,deepseek_h64k_a1_fused_prepare_20261009_01_serial_sparse_operators
dense_prefetch,prefill_annotated,layer_0,attention_output,64,64,True,,,,,N/A (no matrix multiply),12.053011,12.053011,0.0,0,0,0,0,,0,0,0.0,0,0,0.0,0,0,0.0,deepseek_h64k_a1_fused_prepare_20261009_01_dense_prefetch_operators
dense_prefetch,prefill_annotated,layer_0,attention_projection,64,64,True,,,,,N/A (no matrix multiply),13.791231,13.791231,0.0,0,0,0,0,,0,0,0.0,0,0,0.0,0,0,0.0,deepseek_h64k_a1_fused_prepare_20261009_01_dense_prefetch_operators
dense_prefetch,prefill_annotated,layer_0,cache_write,64,64,True,,,,,N/A (no matrix multiply),13.686787,13.686787,1.624496,831,831,0,64,,64,301890,0.30189,64,1744769,1.744769,0,0,0.0,deepseek_h64k_a1_fused_prepare_20261009_01_dense_prefetch_operators
dense_prefetch,prefill_annotated,layer_0,compute_graph_finish_layer_0_q_1024,64,64,True,,,,,N/A (no matrix multiply),2.7609,2.7609,2.320182,64,64,0,64,,128,2796807,2.796807,0,0,0.0,0,0,0.0,deepseek_h64k_a1_fused_prepare_20261009_01_dense_prefetch_operators
dense_prefetch,prefill_annotated,layer_0,compute_graph_owned_writeback_source,64,64,True,,,,,N/A (no matrix multiply),2.102703,2.102703,0.608197,64,64,0,0,,0,0,0.0,64,89696,0.089696,0,0,0.0,deepseek_h64k_a1_fused_prepare_20261009_01_dense_prefetch_operators
dense_prefetch,prefill_annotated,layer_0,compute_graph_projection_inputs,64,64,True,,,,,N/A (no matrix multiply),2.860216,2.860216,1.433621,192,192,0,64,,64,51872,0.051872,64,411680,0.41168,0,0,0.0,deepseek_h64k_a1_fused_prepare_20261009_01_dense_prefetch_operators
dense_prefetch,prefill_annotated,layer_0,compute_graph_projection_layer_0_q_1024,64,64,True,,,,,N/A (no matrix multiply),5.970633,5.970633,5.575196,64,64,0,64,,1600,6286729,6.286729,0,0,0.0,0,0,0.0,deepseek_h64k_a1_fused_prepare_20261009_01_dense_prefetch_operators
dense_prefetch,prefill_annotated,layer_0,compute_graph_value_expansion,64,64,True,,,,,N/A (no matrix multiply),7.464219,7.464219,0.0,0,0,0,0,,0,0,0.0,0,0,0.0,0,0,0.0,deepseek_h64k_a1_fused_prepare_20261009_01_dense_prefetch_operators
dense_prefetch,prefill_annotated,layer_0,exact_topk,64,64,True,,,,,N/A (no matrix multiply),6.706049,6.706049,1.24575,256,256,0,256,,256,18704410,18.70441,0,0,0.0,0,0,0.0,deepseek_h64k_a1_fused_prepare_20261009_01_dense_prefetch_operators
dense_prefetch,prefill_annotated,layer_0,index_cache_write,64,64,True,,,,,N/A (no matrix multiply),2.455769,2.455769,0.836004,192,192,0,0,,0,0,0.0,128,173248,0.173248,0,0,0.0,deepseek_h64k_a1_fused_prepare_20261009_01_dense_prefetch_operators
dense_prefetch,prefill_annotated,layer_0,index_k_proj,64,64,True,120259084288,FP8,1979.0,5.050486240861152,,0.0,0.0,0.0,0,0,0,64,99.94912270664219,192,1203203,1.203203,0,0,0.0,0,0,0.0,deepseek_h64k_a1_fused_prepare_20261009_01_dense_prefetch_operators
dense_prefetch,prefill_annotated,layer_0,index_q_proj,64,64,True,1649267441664,FP8,1979.0,44.78788261821701,,0.0,0.0,0.0,0,0,0,64,886.3521970145147,192,1860736,1.860736,0,0,0.0,0,0,0.0,deepseek_h64k_a1_fused_prepare_20261009_01_dense_prefetch_operators
dense_prefetch,prefill_annotated,layer_0,index_weights_proj,64,64,True,60129542144,FP32,67.0,34.41578122280482,,0.0,0.0,0.0,0,0,0,64,23.05857341927923,128,2607687,2.607687,0,0,0.0,0,0,0.0,deepseek_h64k_a1_fused_prepare_20261009_01_dense_prefetch_operators
dense_prefetch,prefill_annotated,layer_0,indexer_aux,64,64,True,,,,,N/A (no matrix multiply),24.439017,24.439017,0.0,0,0,0,0,,0,0,0.0,0,0,0.0,0,0,0.0,deepseek_h64k_a1_fused_prepare_20261009_01_dense_prefetch_operators
dense_prefetch,prefill_annotated,layer_0,indexer_qk,64,64,True,35184908959744,FP8,1979.0,47.86794836662655,,15.739665,15.739665,7.803063,448,448,0,128,947.3066981755394,128,37142046,37.142046,0,0,0.0,0,0,0.0,deepseek_h64k_a1_fused_prepare_20261009_01_dense_prefetch_operators
dense_prefetch,prefill_annotated,layer_0,kv_a_proj,64,64,True,541165879296,FP8,1979.0,15.570257754593777,,0.0,0.0,0.0,0,0,0,64,308.13540096341086,192,1756260,1.75626,0,0,0.0,0,0,0.0,deepseek_h64k_a1_fused_prepare_20261009_01_dense_prefetch_operators
dense_prefetch,prefill_annotated,layer_0,layer_misc,64,64,True,,,,,N/A (no matrix multiply),195.981716,195.981716,0.062866,192,192,0,0,,0,0,0.0,0,0,0.0,0,0,0.0,deepseek_h64k_a1_fused_prepare_20261009_01_dense_prefetch_operators
dense_prefetch,prefill_annotated,layer_0,mla_qk_pv,64,64,True,36799565004800,BF16,989.5,61.46021133145329,,5.320503,5.320503,1.110781,324,324,0,64,608.1487911247302,64,60510792,60.510792,0,0,0.0,0,0,0.0,deepseek_h64k_a1_fused_prepare_20261009_01_dense_prefetch_operators
dense_prefetch,prefill_annotated,layer_0,mlp_down,64,64,True,17317308137472,FP8,1979.0,56.7583497970479,,0.0,0.0,0.0,0,0,0,64,1123.2477424835781,192,15417176,15.417176,0,0,0.0,0,0,0.0,deepseek_h64k_a1_fused_prepare_20261009_01_dense_prefetch_operators
dense_prefetch,prefill_annotated,layer_0,mlp_gate,64,64,True,17317308137472,FP8,1979.0,59.26890135992833,,0.0,0.0,0.0,0,0,0,64,1172.9315579129816,192,14764125,14.764125,0,0,0.0,0,0,0.0,deepseek_h64k_a1_fused_prepare_20261009_01_dense_prefetch_operators
dense_prefetch,prefill_annotated,layer_0,mlp_up,64,64,True,17317308137472,FP8,1979.0,60.874102051641586,,0.0,0.0,0.0,0,0,0,64,1204.698479601987,128,14374807,14.374807,0,0,0.0,0,0,0.0,deepseek_h64k_a1_fused_prepare_20261009_01_dense_prefetch_operators
dense_prefetch,prefill_annotated,layer_0,o_proj,64,64,True,15393162788864,FP8,1979.0,56.36891939682479,,0.0,0.0,0.0,0,0,0,64,1115.5409148631627,192,13798833,13.798833,0,0,0.0,0,0,0.0,deepseek_h64k_a1_fused_prepare_20261009_01_dense_prefetch_operators
dense_prefetch,prefill_annotated,layer_0,offload_exact_recall,64,64,True,,,,,N/A (no matrix multiply),5.613463,5.613463,0.879452,512,512,0,128,,128,1318752,1.318752,0,0,0.0,0,0,0.0,deepseek_h64k_a1_fused_prepare_20261009_01_dense_prefetch_operators
dense_prefetch,prefill_annotated,layer_0,offload_prepare,64,64,True,,,,,N/A (no matrix multiply),0.063504,0.063504,0.0,0,0,0,0,,0,0,0.0,0,0,0.0,0,0,0.0,deepseek_h64k_a1_fused_prepare_20261009_01_dense_prefetch_operators
dense_prefetch,prefill_annotated,layer_0,offload_source_reservation,64,64,True,,,,,N/A (no matrix multiply),94.357991,94.357991,0.051127,192,192,0,0,,0,0,0.0,0,0,0.0,0,0,0.0,deepseek_h64k_a1_fused_prepare_20261009_01_dense_prefetch_operators
dense_prefetch,prefill_annotated,layer_0,q_a_proj,64,64,True,1443109011456,FP8,1979.0,42.19574331677875,,0.0,0.0,0.0,0,0,0,64,835.0537602390515,192,1728163,1.728163,0,0,0.0,0,0,0.0,deepseek_h64k_a1_fused_prepare_20261009_01_dense_prefetch_operators
dense_prefetch,prefill_annotated,layer_0,q_absorb,64,64,True,1099511627776,BF16,989.5,30.14782009814529,,0.0,0.0,0.0,0,0,0,64,298.3126798711476,64,3685769,3.685769,0,0,0.0,64,54944,0.054944,deepseek_h64k_a1_fused_prepare_20261009_01_dense_prefetch_operators
dense_prefetch,prefill_annotated,layer_0,q_b_proj,64,64,True,4947802324992,FP8,1979.0,58.276160529001444,,0.0,0.0,0.0,0,0,0,64,1153.2852168689387,192,4290181,4.290181,0,0,0.0,0,0,0.0,deepseek_h64k_a1_fused_prepare_20261009_01_dense_prefetch_operators
dense_prefetch,prefill_annotated,layer_0,sparse_mla_aux,64,64,True,,,,,N/A (no matrix multiply),8.677673,8.677673,0.0,0,0,0,0,,0,0,0.0,0,0,0.0,0,0,0.0,deepseek_h64k_a1_fused_prepare_20261009_01_dense_prefetch_operators
dense_prefetch,prefill_annotated,layer_0,v_expand,64,64,True,1099511627776,BF16,989.5,33.913741958708464,,3.880016,3.880016,1.018356,256,256,0,64,335.5764766814203,64,3276486,3.276486,0,0,0.0,64,56896,0.056896,deepseek_h64k_a1_fused_prepare_20261009_01_dense_prefetch_operators
dense_prefetch,prefill_annotated,layer_1,attention_output,64,64,True,,,,,N/A (no matrix multiply),11.438841,11.438841,0.0,0,0,0,0,,0,0,0.0,0,0,0.0,0,0,0.0,deepseek_h64k_a1_fused_prepare_20261009_01_dense_prefetch_operators
dense_prefetch,prefill_annotated,layer_1,attention_projection,64,64,True,,,,,N/A (no matrix multiply),12.917872,12.917872,0.0,0,0,0,0,,0,0,0.0,0,0,0.0,0,0,0.0,deepseek_h64k_a1_fused_prepare_20261009_01_dense_prefetch_operators
dense_prefetch,prefill_annotated,layer_1,cache_write,64,64,True,,,,,N/A (no matrix multiply),12.912054,12.912054,1.472042,831,831,0,64,,64,301632,0.301632,64,1744802,1.744802,0,0,0.0,deepseek_h64k_a1_fused_prepare_20261009_01_dense_prefetch_operators
dense_prefetch,prefill_annotated,layer_1,compute_graph_finish_layer_1_q_1024,64,64,True,,,,,N/A (no matrix multiply),2.751011,2.751011,2.328534,64,64,0,64,,128,2791874,2.791874,0,0,0.0,0,0,0.0,deepseek_h64k_a1_fused_prepare_20261009_01_dense_prefetch_operators
dense_prefetch,prefill_annotated,layer_1,compute_graph_owned_writeback_source,64,64,True,,,,,N/A (no matrix multiply),2.884279,2.884279,0.985057,64,64,0,0,,0,0,0.0,64,91040,0.09104,0,0,0.0,deepseek_h64k_a1_fused_prepare_20261009_01_dense_prefetch_operators
dense_prefetch,prefill_annotated,layer_1,compute_graph_projection_inputs,64,64,True,,,,,N/A (no matrix multiply),0.12787,0.12787,0.0,0,0,0,0,,0,0,0.0,0,0,0.0,0,0,0.0,deepseek_h64k_a1_fused_prepare_20261009_01_dense_prefetch_operators
dense_prefetch,prefill_annotated,layer_1,compute_graph_projection_layer_1_q_1024,64,64,True,,,,,N/A (no matrix multiply),5.729896,5.729896,5.35303,64,64,0,64,,1600,6669898,6.669898,0,0,0.0,0,0,0.0,deepseek_h64k_a1_fused_prepare_20261009_01_dense_prefetch_operators
dense_prefetch,prefill_annotated,layer_1,compute_graph_value_expansion,64,64,True,,,,,N/A (no matrix multiply),6.871737,6.871737,0.0,0,0,0,0,,0,0,0.0,0,0,0.0,0,0,0.0,deepseek_h64k_a1_fused_prepare_20261009_01_dense_prefetch_operators
dense_prefetch,prefill_annotated,layer_1,exact_topk,64,64,True,,,,,N/A (no matrix multiply),6.097866,6.097866,1.192527,256,256,0,256,,256,18464634,18.464634,0,0,0.0,0,0,0.0,deepseek_h64k_a1_fused_prepare_20261009_01_dense_prefetch_operators
dense_prefetch,prefill_annotated,layer_1,index_cache_write,64,64,True,,,,,N/A (no matrix multiply),2.609538,2.609538,0.88012,192,192,0,0,,0,0,0.0,128,173472,0.173472,0,0,0.0,deepseek_h64k_a1_fused_prepare_20261009_01_dense_prefetch_operators
dense_prefetch,prefill_annotated,layer_1,index_k_proj,64,64,True,120259084288,FP8,1979.0,5.011579123283658,,0.0,0.0,0.0,0,0,0,64,99.1791508497836,192,1212544,1.212544,0,0,0.0,0,0,0.0,deepseek_h64k_a1_fused_prepare_20261009_01_dense_prefetch_operators
dense_prefetch,prefill_annotated,layer_1,index_q_proj,64,64,True,1649267441664,FP8,1979.0,44.852555632961305,,0.0,0.0,0.0,0,0,0,64,887.6320759763042,192,1858053,1.858053,0,0,0.0,0,0,0.0,deepseek_h64k_a1_fused_prepare_20261009_01_dense_prefetch_operators
dense_prefetch,prefill_annotated,layer_1,index_weights_proj,64,64,True,60129542144,FP32,67.0,34.557499881421414,,0.0,0.0,0.0,0,0,0,64,23.153524920552346,128,2596993,2.596993,0,0,0.0,0,0,0.0,deepseek_h64k_a1_fused_prepare_20261009_01_dense_prefetch_operators
dense_prefetch,prefill_annotated,layer_1,indexer_aux,64,64,True,,,,,N/A (no matrix multiply),16.954643,16.954643,0.0,0,0,0,0,,0,0,0.0,0,0,0.0,0,0,0.0,deepseek_h64k_a1_fused_prepare_20261009_01_dense_prefetch_operators
dense_prefetch,prefill_annotated,layer_1,indexer_qk,64,64,True,35184908959744,FP8,1979.0,47.876276626822175,,8.265443,8.265443,0.909504,384,384,0,128,947.4715144448109,128,37135585,37.135585,0,0,0.0,0,0,0.0,deepseek_h64k_a1_fused_prepare_20261009_01_dense_prefetch_operators
dense_prefetch,prefill_annotated,layer_1,kv_a_proj,64,64,True,541165879296,FP8,1979.0,15.34186724346199,,0.0,0.0,0.0,0,0,0,64,303.6155527481128,192,1782405,1.782405,0,0,0.0,0,0,0.0,deepseek_h64k_a1_fused_prepare_20261009_01_dense_prefetch_operators
dense_prefetch,prefill_annotated,layer_1,layer_misc,64,64,True,,,,,N/A (no matrix multiply),185.608864,185.608864,0.059425,192,192,0,0,,0,0,0.0,0,0,0.0,0,0,0.0,deepseek_h64k_a1_fused_prepare_20261009_01_dense_prefetch_operators
dense_prefetch,prefill_annotated,layer_1,mla_qk_pv,64,64,True,36799565004800,BF16,989.5,61.3053411330658,,4.725153,4.725153,0.631207,320,320,0,64,606.6163505116862,64,60663655,60.663655,0,0,0.0,0,0,0.0,deepseek_h64k_a1_fused_prepare_20261009_01_dense_prefetch_operators
dense_prefetch,prefill_annotated,layer_1,mlp_down,64,64,True,17317308137472,FP8,1979.0,56.886341682220184,,0.0,0.0,0.0,0,0,0,64,1125.7807018911376,192,15382488,15.382488,0,0,0.0,0,0,0.0,deepseek_h64k_a1_fused_prepare_20261009_01_dense_prefetch_operators
dense_prefetch,prefill_annotated,layer_1,mlp_gate,64,64,True,17317308137472,FP8,1979.0,59.4962537865795,,0.0,0.0,0.0,0,0,0,64,1177.4308624364082,192,14707707,14.707707,0,0,0.0,0,0,0.0,deepseek_h64k_a1_fused_prepare_20261009_01_dense_prefetch_operators
dense_prefetch,prefill_annotated,layer_1,mlp_up,64,64,True,17317308137472,FP8,1979.0,60.82170371482882,,0.0,0.0,0.0,0,0,0,64,1203.6615165164624,128,14387191,14.387191,0,0,0.0,0,0,0.0,deepseek_h64k_a1_fused_prepare_20261009_01_dense_prefetch_operators
dense_prefetch,prefill_annotated,layer_1,o_proj,64,64,True,15393162788864,FP8,1979.0,56.50018698260363,,0.0,0.0,0.0,0,0,0,64,1118.1387003857258,192,13766774,13.766774,0,0,0.0,0,0,0.0,deepseek_h64k_a1_fused_prepare_20261009_01_dense_prefetch_operators
dense_prefetch,prefill_annotated,layer_1,offload_exact_recall,64,64,True,,,,,N/A (no matrix multiply),5.574017,5.574017,0.874257,512,512,0,128,,128,1206528,1.206528,0,0,0.0,0,0,0.0,deepseek_h64k_a1_fused_prepare_20261009_01_dense_prefetch_operators
dense_prefetch,prefill_annotated,layer_1,offload_prepare,64,64,True,,,,,N/A (no matrix multiply),0.066046,0.066046,0.0,0,0,0,0,,0,0,0.0,0,0,0.0,0,0,0.0,deepseek_h64k_a1_fused_prepare_20261009_01_dense_prefetch_operators
dense_prefetch,prefill_annotated,layer_1,offload_source_reservation,64,64,True,,,,,N/A (no matrix multiply),95.485163,95.485163,0.051136,192,192,0,0,,0,0,0.0,0,0,0.0,0,0,0.0,deepseek_h64k_a1_fused_prepare_20261009_01_dense_prefetch_operators
dense_prefetch,prefill_annotated,layer_1,q_a_proj,64,64,True,1443109011456,FP8,1979.0,41.547940273507,,0.0,0.0,0.0,0,0,0,64,822.2337380127035,192,1755108,1.755108,0,0,0.0,0,0,0.0,deepseek_h64k_a1_fused_prepare_20261009_01_dense_prefetch_operators
dense_prefetch,prefill_annotated,layer_1,q_absorb,64,64,True,1099511627776,BF16,989.5,30.209480479370022,,0.0,0.0,0.0,0,0,0,64,298.9228093433664,64,3678246,3.678246,0,0,0.0,64,52640,0.05264,deepseek_h64k_a1_fused_prepare_20261009_01_dense_prefetch_operators
dense_prefetch,prefill_annotated,layer_1,q_b_proj,64,64,True,4947802324992,FP8,1979.0,58.844957402260256,,0.0,0.0,0.0,0,0,0,64,1164.5417069907303,192,4248712,4.248712,0,0,0.0,0,0,0.0,deepseek_h64k_a1_fused_prepare_20261009_01_dense_prefetch_operators
dense_prefetch,prefill_annotated,layer_1,sparse_mla_aux,64,64,True,,,,,N/A (no matrix multiply),8.030011,8.030011,0.0,0,0,0,0,,0,0,0.0,0,0,0.0,0,0,0.0,deepseek_h64k_a1_fused_prepare_20261009_01_dense_prefetch_operators
dense_prefetch,prefill_annotated,layer_1,v_expand,64,64,True,1099511627776,BF16,989.5,33.89984673859462,,3.818637,3.818637,1.02415,256,256,0,64,335.43898347839377,64,3277829,3.277829,0,0,0.0,64,58112,0.058112,deepseek_h64k_a1_fused_prepare_20261009_01_dense_prefetch_operators
dense_prefetch,prefill_annotated,layer_2,attention_output,64,64,True,,,,,N/A (no matrix multiply),11.331456,11.331456,0.0,0,0,0,0,,0,0,0.0,0,0,0.0,0,0,0.0,deepseek_h64k_a1_fused_prepare_20261009_01_dense_prefetch_operators
dense_prefetch,prefill_annotated,layer_2,attention_projection,64,64,True,,,,,N/A (no matrix multiply),11.599619,11.599619,0.0,0,0,0,0,,0,0,0.0,0,0,0.0,0,0,0.0,deepseek_h64k_a1_fused_prepare_20261009_01_dense_prefetch_operators
dense_prefetch,prefill_annotated,layer_2,cache_write,64,64,True,,,,,N/A (no matrix multiply),13.44858,13.44858,1.527246,831,831,0,64,,64,301248,0.301248,64,1748004,1.748004,0,0,0.0,deepseek_h64k_a1_fused_prepare_20261009_01_dense_prefetch_operators
dense_prefetch,prefill_annotated,layer_2,compute_graph_finish_layer_2_q_1024,64,64,True,,,,,N/A (no matrix multiply),2.749111,2.749111,2.338059,64,64,0,64,,128,2791554,2.791554,0,0,0.0,0,0,0.0,deepseek_h64k_a1_fused_prepare_20261009_01_dense_prefetch_operators
dense_prefetch,prefill_annotated,layer_2,compute_graph_owned_writeback_source,64,64,True,,,,,N/A (no matrix multiply),3.017556,3.017556,1.054883,64,64,0,0,,0,0,0.0,64,96480,0.09648,0,0,0.0,deepseek_h64k_a1_fused_prepare_20261009_01_dense_prefetch_operators
dense_prefetch,prefill_annotated,layer_2,compute_graph_projection_inputs,64,64,True,,,,,N/A (no matrix multiply),0.124644,0.124644,0.0,0,0,0,0,,0,0,0.0,0,0,0.0,0,0,0.0,deepseek_h64k_a1_fused_prepare_20261009_01_dense_prefetch_operators
dense_prefetch,prefill_annotated,layer_2,compute_graph_projection_layer_2_q_1024,64,64,True,,,,,N/A (no matrix multiply),5.71698,5.71698,5.341506,64,64,0,64,,1600,6662509,6.662509,0,0,0.0,0,0,0.0,deepseek_h64k_a1_fused_prepare_20261009_01_dense_prefetch_operators
dense_prefetch,prefill_annotated,layer_2,compute_graph_value_expansion,64,64,True,,,,,N/A (no matrix multiply),6.793372,6.793372,0.0,0,0,0,0,,0,0,0.0,0,0,0.0,0,0,0.0,deepseek_h64k_a1_fused_prepare_20261009_01_dense_prefetch_operators
dense_prefetch,prefill_annotated,layer_2,exact_topk,64,64,True,,,,,N/A (no matrix multiply),6.317877,6.317877,1.209324,256,256,0,256,,256,19459555,19.459555,0,0,0.0,0,0,0.0,deepseek_h64k_a1_fused_prepare_20261009_01_dense_prefetch_operators
dense_prefetch,prefill_annotated,layer_2,index_cache_write,64,64,True,,,,,N/A (no matrix multiply),2.68053,2.68053,0.918799,192,192,0,0,,0,0,0.0,128,171072,0.171072,0,0,0.0,deepseek_h64k_a1_fused_prepare_20261009_01_dense_prefetch_operators
dense_prefetch,prefill_annotated,layer_2,index_k_proj,64,64,True,120259084288,FP8,1979.0,4.936658632030048,,0.0,0.0,0.0,0,0,0,64,97.69647432787465,192,1230946,1.230946,0,0,0.0,0,0,0.0,deepseek_h64k_a1_fused_prepare_20261009_01_dense_prefetch_operators
dense_prefetch,prefill_annotated,layer_2,index_q_proj,64,64,True,1649267441664,FP8,1979.0,44.638881313444166,,0.0,0.0,0.0,0,0,0,64,883.4034611930601,192,1866947,1.866947,0,0,0.0,0,0,0.0,deepseek_h64k_a1_fused_prepare_20261009_01_dense_prefetch_operators
dense_prefetch,prefill_annotated,layer_2,index_weights_proj,64,64,True,60129542144,FP32,67.0,34.274526411416986,,0.0,0.0,0.0,0,0,0,64,22.963932695649383,128,2618434,2.618434,0,0,0.0,0,0,0.0,deepseek_h64k_a1_fused_prepare_20261009_01_dense_prefetch_operators
dense_prefetch,prefill_annotated,layer_2,indexer_aux,64,64,True,,,,,N/A (no matrix multiply),17.101896,17.101896,0.0,0,0,0,0,,0,0,0.0,0,0,0.0,0,0,0.0,deepseek_h64k_a1_fused_prepare_20261009_01_dense_prefetch_operators
dense_prefetch,prefill_annotated,layer_2,indexer_qk,64,64,True,35184908959744,FP8,1979.0,47.81521549194912,,8.417296,8.417296,0.935539,384,384,0,128,946.2631145856731,128,37183008,37.183008,0,0,0.0,0,0,0.0,deepseek_h64k_a1_fused_prepare_20261009_01_dense_prefetch_operators
dense_prefetch,prefill_annotated,layer_2,kv_a_proj,64,64,True,541165879296,FP8,1979.0,15.24797917010498,,0.0,0.0,0.0,0,0,0,64,301.75750777637757,192,1793380,1.79338,0,0,0.0,0,0,0.0,deepseek_h64k_a1_fused_prepare_20261009_01_dense_prefetch_operators
dense_prefetch,prefill_annotated,layer_2,layer_misc,64,64,True,,,,,N/A (no matrix multiply),204.974149,204.974149,0.064831,192,192,0,0,,0,0,0.0,0,0,0.0,0,0,0.0,deepseek_h64k_a1_fused_prepare_20261009_01_dense_prefetch_operators
dense_prefetch,prefill_annotated,layer_2,mla_qk_pv,64,64,True,36799565004800,BF16,989.5,61.17011854538473,,4.784335,4.784335,0.634548,320,320,0,64,605.2783230065819,64,60797758,60.797758,0,0,0.0,0,0,0.0,deepseek_h64k_a1_fused_prepare_20261009_01_dense_prefetch_operators
dense_prefetch,prefill_annotated,layer_2,mlp_down,64,64,True,17317308137472,FP8,1979.0,56.76316192688533,,0.0,0.0,0.0,0,0,0,64,1123.3429745330607,192,15415869,15.415869,0,0,0.0,0,0,0.0,deepseek_h64k_a1_fused_prepare_20261009_01_dense_prefetch_operators
dense_prefetch,prefill_annotated,layer_2,mlp_gate,64,64,True,17317308137472,FP8,1979.0,59.4068267165743,,0.0,0.0,0.0,0,0,0,64,1175.6611007210054,192,14729847,14.729847,0,0,0.0,0,0,0.0,deepseek_h64k_a1_fused_prepare_20261009_01_dense_prefetch_operators
dense_prefetch,prefill_annotated,layer_2,mlp_up,64,64,True,17317308137472,FP8,1979.0,60.851890284323815,,0.0,0.0,0.0,0,0,0,64,1204.2589087267684,128,14380054,14.380054,0,0,0.0,0,0,0.0,deepseek_h64k_a1_fused_prepare_20261009_01_dense_prefetch_operators
dense_prefetch,prefill_annotated,layer_2,o_proj,64,64,True,15393162788864,FP8,1979.0,56.4796985504872,,0.0,0.0,0.0,0,0,0,64,1117.7332343141418,192,13771768,13.771768,0,0,0.0,0,0,0.0,deepseek_h64k_a1_fused_prepare_20261009_01_dense_prefetch_operators
dense_prefetch,prefill_annotated,layer_2,offload_exact_recall,64,64,True,,,,,N/A (no matrix multiply),5.684322,5.684322,0.883605,512,512,0,128,,128,1157571,1.157571,0,0,0.0,0,0,0.0,deepseek_h64k_a1_fused_prepare_20261009_01_dense_prefetch_operators
dense_prefetch,prefill_annotated,layer_2,offload_prepare,64,64,True,,,,,N/A (no matrix multiply),0.064788,0.064788,0.0,0,0,0,0,,0,0,0.0,0,0,0.0,0,0,0.0,deepseek_h64k_a1_fused_prepare_20261009_01_dense_prefetch_operators
dense_prefetch,prefill_annotated,layer_2,offload_source_reservation,64,64,True,,,,,N/A (no matrix multiply),115.109449,115.109449,0.051571,192,192,0,0,,0,0,0.0,0,0,0.0,0,0,0.0,deepseek_h64k_a1_fused_prepare_20261009_01_dense_prefetch_operators
dense_prefetch,prefill_annotated,layer_2,q_a_proj,64,64,True,1443109011456,FP8,1979.0,41.64358412425857,,0.0,0.0,0.0,0,0,0,64,824.1265298190771,192,1751077,1.751077,0,0,0.0,0,0,0.0,deepseek_h64k_a1_fused_prepare_20261009_01_dense_prefetch_operators
dense_prefetch,prefill_annotated,layer_2,q_absorb,64,64,True,1099511627776,BF16,989.5,30.193736131140042,,0.0,0.0,0.0,0,0,0,64,298.76701901763073,64,3680164,3.680164,0,0,0.0,64,58784,0.058784,deepseek_h64k_a1_fused_prepare_20261009_01_dense_prefetch_operators
dense_prefetch,prefill_annotated,layer_2,q_b_proj,64,64,True,4947802324992,FP8,1979.0,58.92398107912723,,0.0,0.0,0.0,0,0,0,64,1166.105585555928,192,4243014,4.243014,0,0,0.0,0,0,0.0,deepseek_h64k_a1_fused_prepare_20261009_01_dense_prefetch_operators
dense_prefetch,prefill_annotated,layer_2,sparse_mla_aux,64,64,True,,,,,N/A (no matrix multiply),8.047958,8.047958,0.0,0,0,0,0,,0,0,0.0,0,0,0.0,0,0,0.0,deepseek_h64k_a1_fused_prepare_20261009_01_dense_prefetch_operators
dense_prefetch,prefill_annotated,layer_2,v_expand,64,64,True,1099511627776,BF16,989.5,33.65079935341544,,3.788817,3.788817,0.996142,256,256,0,64,332.97465960204573,64,3302088,3.302088,0,0,0.0,64,54368,0.054368,deepseek_h64k_a1_fused_prepare_20261009_01_dense_prefetch_operators
dense_prefetch,prefill_annotated,shared,dense_history_prefetch_layer_0,64,64,True,,,,,N/A (no matrix multiply),6.453008,6.453008,0.580225,576,576,0,64,,64,146752,0.146752,0,0,0.0,0,0,0.0,deepseek_h64k_a1_fused_prepare_20261009_01_dense_prefetch_operators
dense_prefetch,prefill_annotated,shared,dense_history_prefetch_layer_1,64,64,True,,,,,N/A (no matrix multiply),4.825172,4.825172,0.509853,576,576,0,64,,64,122368,0.122368,0,0,0.0,0,0,0.0,deepseek_h64k_a1_fused_prepare_20261009_01_dense_prefetch_operators
dense_prefetch,prefill_annotated,shared,dense_history_prefetch_layer_2,64,64,True,,,,,N/A (no matrix multiply),6.140232,6.140232,0.652406,576,576,0,64,,64,146336,0.146336,0,0,0.0,0,0,0.0,deepseek_h64k_a1_fused_prepare_20261009_01_dense_prefetch_operators
dense_prefetch,prefill_annotated,shared,dense_history_wait_layer_0,64,64,True,,,,,N/A (no matrix multiply),0.908887,0.908887,0.039497,128,128,0,0,,0,0,0.0,0,0,0.0,0,0,0.0,deepseek_h64k_a1_fused_prepare_20261009_01_dense_prefetch_operators
dense_prefetch,prefill_annotated,shared,dense_history_wait_layer_1,64,64,True,,,,,N/A (no matrix multiply),1.121571,1.121571,0.05216,128,128,0,0,,0,0,0.0,0,0,0.0,0,0,0.0,deepseek_h64k_a1_fused_prepare_20261009_01_dense_prefetch_operators
dense_prefetch,prefill_annotated,shared,dense_history_wait_layer_2,64,64,True,,,,,N/A (no matrix multiply),1.097231,1.097231,0.053239,128,128,0,0,,0,0,0.0,0,0,0.0,0,0,0.0,deepseek_h64k_a1_fused_prepare_20261009_01_dense_prefetch_operators
dense_prefetch,prefill_annotated,shared,embedding,64,64,True,,,,,N/A (no matrix multiply),3.465315,3.465315,0.567451,128,128,0,64,,64,421632,0.421632,0,0,0.0,0,0,0.0,deepseek_h64k_a1_fused_prepare_20261009_01_dense_prefetch_operators
dense_prefetch,prefill_annotated,shared,final_norm_lm_head,1,1,True,,,,,N/A (no matrix multiply),0.27802,0.27802,0.008557,2,2,0,1,,1,3936,0.003936,0,0,0.0,0,0,0.0,deepseek_h64k_a1_fused_prepare_20261009_01_dense_prefetch_operators
dense_prefetch,prefill_annotated,shared,forward_misc,1,1,True,,,,,N/A (no matrix multiply),640.009422,640.009422,8.818502,16,16,0,0,,0,0,0.0,1,12704,0.012704,0,0,0.0,deepseek_h64k_a1_fused_prepare_20261009_01_dense_prefetch_operators
dense_prefetch,prefill_annotated,shared,hidden_transfer,192,192,True,,,,,N/A (no matrix multiply),1.03358,1.03358,0.0,0,0,0,0,,0,0,0.0,0,0,0.0,0,0,0.0,deepseek_h64k_a1_fused_prepare_20261009_01_dense_prefetch_operators
dense_prefetch,prefill_annotated,shared,lm_head,1,1,True,1853358080,BF16,989.5,0.44248478983519873,,0.068749,0.068749,0.013953,4,4,0,1,4.378386995419292,1,423297,0.423297,0,0,0.0,1,736,0.000736,deepseek_h64k_a1_fused_prepare_20261009_01_dense_prefetch_operators
dense_prefetch,prefill_annotated,shared,residual_rms_norm,1,1,True,,,,,N/A (no matrix multiply),0.108225,0.108225,0.010629,2,2,0,1,,1,2592,0.002592,0,0,0.0,0,0,0.0,deepseek_h64k_a1_fused_prepare_20261009_01_dense_prefetch_operators
dense_prefetch,extend_annotated,layer_0,index_k_proj,1,1,True,1835008,FP8,1979.0,0.008026662224828847,,0.0,0.0,0.0,0,0,0,1,0.1588476454293629,2,11552,0.011552,0,0,0.0,0,0,0.0,deepseek_h64k_a1_fused_prepare_20261009_01_dense_prefetch_operators
dense_prefetch,extend_annotated,layer_0,index_q_proj,1,1,True,25165824,FP8,1979.0,0.13750469899341003,,0.0,0.0,0.0,0,0,0,1,2.7212179930795846,2,9248,0.009248,0,0,0.0,0,0,0.0,deepseek_h64k_a1_fused_prepare_20261009_01_dense_prefetch_operators
dense_prefetch,extend_annotated,layer_0,index_weights_proj,1,1,True,917504,FP32,67.0,0.3056716417910448,,0.0,0.0,0.0,0,0,0,1,0.2048,2,4480,0.00448,0,0,0.0,0,0,0.0,deepseek_h64k_a1_fused_prepare_20261009_01_dense_prefetch_operators
dense_prefetch,extend_annotated,layer_0,indexer_qk,1,1,True,1073758208,FP8,1979.0,3.3708757058457746,,0.0,0.0,0.0,0,0,0,1,66.70963021868788,7,16096,0.016096,0,0,0.0,0,0,0.0,deepseek_h64k_a1_fused_prepare_20261009_01_dense_prefetch_operators
dense_prefetch,extend_annotated,layer_0,kv_a_proj,1,1,True,8257536,FP8,1979.0,0.031045982819605862,,0.0,0.0,0.0,0,0,0,1,0.6144,2,13440,0.01344,0,0,0.0,0,0,0.0,deepseek_h64k_a1_fused_prepare_20261009_01_dense_prefetch_operators
dense_prefetch,extend_annotated,layer_0,mla_qk_pv,1,1,True,570425344,BF16,989.5,3.882532104336917,,0.0,0.0,0.0,0,0,0,1,38.417655172413795,3,14848,0.014848,0,0,0.0,0,0,0.0,deepseek_h64k_a1_fused_prepare_20261009_01_dense_prefetch_operators
dense_prefetch,extend_annotated,layer_0,mlp_down,1,1,True,264241152,FP8,1979.0,0.2982611363516896,,0.0,0.0,0.0,0,0,0,1,5.902587888399937,2,44767,0.044767,0,0,0.0,0,0,0.0,deepseek_h64k_a1_fused_prepare_20261009_01_dense_prefetch_operators
dense_prefetch,extend_annotated,layer_0,mlp_gate,1,1,True,264241152,FP8,1979.0,0.34398846586603693,,0.0,0.0,0.0,0,0,0,1,6.80753173948887,2,38816,0.038816,0,0,0.0,0,0,0.0,deepseek_h64k_a1_fused_prepare_20261009_01_dense_prefetch_operators
dense_prefetch,extend_annotated,layer_0,mlp_up,1,1,True,264241152,FP8,1979.0,0.36001553847756923,,0.0,0.0,0.0,0,0,0,1,7.124707506471096,1,37088,0.037088,0,0,0.0,0,0,0.0,deepseek_h64k_a1_fused_prepare_20261009_01_dense_prefetch_operators
dense_prefetch,extend_annotated,layer_0,o_proj,1,1,True,234881024,FP8,1979.0,0.27802647657983376,,0.0,0.0,0.0,0,0,0,1,5.5021439715149105,2,42689,0.042689,0,0,0.0,0,0,0.0,deepseek_h64k_a1_fused_prepare_20261009_01_dense_prefetch_operators
dense_prefetch,extend_annotated,layer_0,q_a_proj,1,1,True,22020096,FP8,1979.0,0.07304937134024908,,0.0,0.0,0.0,0,0,0,1,1.4456470588235295,2,15232,0.015232,0,0,0.0,0,0,0.0,deepseek_h64k_a1_fused_prepare_20261009_01_dense_prefetch_operators
dense_prefetch,extend_annotated,layer_0,q_absorb,1,1,True,16777216,BF16,989.5,0.22262665551314006,,0.0,0.0,0.0,0,0,0,1,2.202890756302521,1,7616,0.007616,0,0,0.0,0,0,0.0,deepseek_h64k_a1_fused_prepare_20261009_01_dense_prefetch_operators
dense_prefetch,extend_annotated,layer_0,q_b_proj,1,1,True,75497472,FP8,1979.0,0.19511714243418415,,0.0,0.0,0.0,0,0,0,1,3.861368248772504,2,19552,0.019552,0,0,0.0,0,0,0.0,deepseek_h64k_a1_fused_prepare_20261009_01_dense_prefetch_operators
dense_prefetch,extend_annotated,layer_0,v_expand,1,1,True,16777216,BF16,989.5,0.2441711705627988,,0.0,0.0,0.0,0,0,0,1,2.416073732718894,1,6944,0.006944,0,0,0.0,0,0,0.0,deepseek_h64k_a1_fused_prepare_20261009_01_dense_prefetch_operators
dense_prefetch,extend_annotated,layer_1,index_k_proj,1,1,True,1835008,FP8,1979.0,0.008116596815583231,,0.0,0.0,0.0,0,0,0,1,0.16062745098039216,2,11424,0.011424,0,0,0.0,0,0,0.0,deepseek_h64k_a1_fused_prepare_20261009_01_dense_prefetch_operators
dense_prefetch,extend_annotated,layer_1,index_q_proj,1,1,True,25165824,FP8,1979.0,0.15109831942621865,,0.0,0.0,0.0,0,0,0,1,2.990235741444867,2,8416,0.008416,0,0,0.0,0,0,0.0,deepseek_h64k_a1_fused_prepare_20261009_01_dense_prefetch_operators
dense_prefetch,extend_annotated,layer_1,index_weights_proj,1,1,True,917504,FP32,67.0,0.29718076285240463,,0.0,0.0,0.0,0,0,0,1,0.1991111111111111,2,4608,0.004608,0,0,0.0,0,0,0.0,deepseek_h64k_a1_fused_prepare_20261009_01_dense_prefetch_operators
dense_prefetch,extend_annotated,layer_1,indexer_qk,1,1,True,1073758208,FP8,1979.0,3.5471767364862434,,0.0,0.0,0.0,0,0,0,1,70.19862761506276,7,15296,0.015296,0,0,0.0,0,0,0.0,deepseek_h64k_a1_fused_prepare_20261009_01_dense_prefetch_operators
dense_prefetch,extend_annotated,layer_1,kv_a_proj,1,1,True,8257536,FP8,1979.0,0.034864472685118886,,0.0,0.0,0.0,0,0,0,1,0.6899679144385027,2,11968,0.011968,0,0,0.0,0,0,0.0,deepseek_h64k_a1_fused_prepare_20261009_01_dense_prefetch_operators
dense_prefetch,extend_annotated,layer_1,mla_qk_pv,1,1,True,570425344,BF16,989.5,3.800622144329809,,0.0,0.0,0.0,0,0,0,1,37.60715611814346,3,15168,0.015168,0,0,0.0,0,0,0.0,deepseek_h64k_a1_fused_prepare_20261009_01_dense_prefetch_operators
dense_prefetch,extend_annotated,layer_1,mlp_down,1,1,True,264241152,FP8,1979.0,0.30279971632474806,,0.0,0.0,0.0,0,0,0,1,5.992406386066763,2,44096,0.044096,0,0,0.0,0,0,0.0,deepseek_h64k_a1_fused_prepare_20261009_01_dense_prefetch_operators
dense_prefetch,extend_annotated,layer_1,mlp_gate,1,1,True,264241152,FP8,1979.0,0.3406187829351043,,0.0,0.0,0.0,0,0,0,1,6.740845714285714,2,39200,0.0392,0,0,0.0,0,0,0.0,deepseek_h64k_a1_fused_prepare_20261009_01_dense_prefetch_operators
dense_prefetch,extend_annotated,layer_1,mlp_up,1,1,True,264241152,FP8,1979.0,0.3637919595416203,,0.0,0.0,0.0,0,0,0,1,7.199442879328665,1,36703,0.036703,0,0,0.0,0,0,0.0,deepseek_h64k_a1_fused_prepare_20261009_01_dense_prefetch_operators
dense_prefetch,extend_annotated,layer_1,o_proj,1,1,True,234881024,FP8,1979.0,0.2820501962622748,,0.0,0.0,0.0,0,0,0,1,5.581773384030418,2,42080,0.04208,0,0,0.0,0,0,0.0,deepseek_h64k_a1_fused_prepare_20261009_01_dense_prefetch_operators
dense_prefetch,extend_annotated,layer_1,q_a_proj,1,1,True,22020096,FP8,1979.0,0.07575490361211017,,0.0,0.0,0.0,0,0,0,1,1.49918954248366,2,14688,0.014688,0,0,0.0,0,0,0.0,deepseek_h64k_a1_fused_prepare_20261009_01_dense_prefetch_operators
dense_prefetch,extend_annotated,layer_1,q_absorb,1,1,True,16777216,BF16,989.5,0.19770576123928107,,0.0,0.0,0.0,0,0,0,1,1.9562985074626866,1,8576,0.008576,0,0,0.0,0,0,0.0,deepseek_h64k_a1_fused_prepare_20261009_01_dense_prefetch_operators
dense_prefetch,extend_annotated,layer_1,q_b_proj,1,1,True,75497472,FP8,1979.0,0.22451332208528532,,0.0,0.0,0.0,0,0,0,1,4.4431186440677966,2,16992,0.016992,0,0,0.0,0,0,0.0,deepseek_h64k_a1_fused_prepare_20261009_01_dense_prefetch_operators
dense_prefetch,extend_annotated,layer_1,v_expand,1,1,True,16777216,BF16,989.5,0.2408415636914879,,0.0,0.0,0.0,0,0,0,1,2.3831272727272728,1,7040,0.00704,0,0,0.0,0,0,0.0,deepseek_h64k_a1_fused_prepare_20261009_01_dense_prefetch_operators
dense_prefetch,extend_annotated,layer_2,index_k_proj,1,1,True,1835008,FP8,1979.0,0.007810310143297073,,0.0,0.0,0.0,0,0,0,1,0.15456603773584907,2,11872,0.011872,0,0,0.0,0,0,0.0,deepseek_h64k_a1_fused_prepare_20261009_01_dense_prefetch_operators
dense_prefetch,extend_annotated,layer_2,index_q_proj,1,1,True,25165824,FP8,1979.0,0.14772809668808737,,0.0,0.0,0.0,0,0,0,1,2.923539033457249,2,8608,0.008608,0,0,0.0,0,0,0.0,deepseek_h64k_a1_fused_prepare_20261009_01_dense_prefetch_operators
dense_prefetch,extend_annotated,layer_2,index_weights_proj,1,1,True,917504,FP32,67.0,0.3056716417910448,,0.0,0.0,0.0,0,0,0,1,0.2048,2,4480,0.00448,0,0,0.0,0,0,0.0,deepseek_h64k_a1_fused_prepare_20261009_01_dense_prefetch_operators
dense_prefetch,extend_annotated,layer_2,indexer_qk,1,1,True,1073758208,FP8,1979.0,3.488786995967952,,0.0,0.0,0.0,0,0,0,1,69.04309465020576,7,15552,0.015552,0,0,0.0,0,0,0.0,deepseek_h64k_a1_fused_prepare_20261009_01_dense_prefetch_operators
dense_prefetch,extend_annotated,layer_2,kv_a_proj,1,1,True,8257536,FP8,1979.0,0.034864472685118886,,0.0,0.0,0.0,0,0,0,1,0.6899679144385027,2,11968,0.011968,0,0,0.0,0,0,0.0,deepseek_h64k_a1_fused_prepare_20261009_01_dense_prefetch_operators
dense_prefetch,extend_annotated,layer_2,mla_qk_pv,1,1,True,570425344,BF16,989.5,3.9248254823798026,,0.0,0.0,0.0,0,0,0,1,38.83614814814815,3,14688,0.014688,0,0,0.0,0,0,0.0,deepseek_h64k_a1_fused_prepare_20261009_01_dense_prefetch_operators
dense_prefetch,extend_annotated,layer_2,mlp_down,1,1,True,264241152,FP8,1979.0,0.3097683809172255,,0.0,0.0,0.0,0,0,0,1,6.130316258351893,2,43104,0.043104,0,0,0.0,0,0,0.0,deepseek_h64k_a1_fused_prepare_20261009_01_dense_prefetch_operators
dense_prefetch,extend_annotated,layer_2,mlp_gate,1,1,True,264241152,FP8,1979.0,0.3509318831753598,,0.0,0.0,0.0,0,0,0,1,6.94494196804037,2,38048,0.038048,0,0,0.0,0,0,0.0,deepseek_h64k_a1_fused_prepare_20261009_01_dense_prefetch_operators
dense_prefetch,extend_annotated,layer_2,mlp_up,1,1,True,264241152,FP8,1979.0,0.3695921690440969,,0.0,0.0,0.0,0,0,0,1,7.314229025382677,1,36127,0.036127,0,0,0.0,0,0,0.0,deepseek_h64k_a1_fused_prepare_20261009_01_dense_prefetch_operators
dense_prefetch,extend_annotated,layer_2,o_proj,1,1,True,234881024,FP8,1979.0,0.29766934838273784,,0.0,0.0,0.0,0,0,0,1,5.890876404494382,2,39872,0.039872,0,0,0.0,0,0,0.0,deepseek_h64k_a1_fused_prepare_20261009_01_dense_prefetch_operators
dense_prefetch,extend_annotated,layer_2,q_a_proj,1,1,True,22020096,FP8,1979.0,0.08030369690059715,,0.0,0.0,0.0,0,0,0,1,1.5892101616628176,2,13856,0.013856,0,0,0.0,0,0,0.0,deepseek_h64k_a1_fused_prepare_20261009_01_dense_prefetch_operators
dense_prefetch,extend_annotated,layer_2,q_absorb,1,1,True,16777216,BF16,989.5,0.22546869792394614,,0.0,0.0,0.0,0,0,0,1,2.231012765957447,1,7520,0.00752,0,0,0.0,0,0,0.0,deepseek_h64k_a1_fused_prepare_20261009_01_dense_prefetch_operators
dense_prefetch,extend_annotated,layer_2,q_b_proj,1,1,True,75497472,FP8,1979.0,0.20842058396378763,,0.0,0.0,0.0,0,0,0,1,4.1246433566433565,2,18304,0.018304,0,0,0.0,0,0,0.0,deepseek_h64k_a1_fused_prepare_20261009_01_dense_prefetch_operators
dense_prefetch,extend_annotated,layer_2,v_expand,1,1,True,16777216,BF16,989.5,0.23654082148271133,,0.0,0.0,0.0,0,0,0,1,2.3405714285714287,1,7168,0.007168,0,0,0.0,0,0,0.0,deepseek_h64k_a1_fused_prepare_20261009_01_dense_prefetch_operators
dense_prefetch,extend_annotated,shared,extend_graph_inputs,2,2,True,,,,,N/A (no matrix multiply),0.71787,0.71787,0.42365,3,3,0,0,,0,0,0.0,2,1536,0.001536,0,0,0.0,deepseek_h64k_a1_fused_prepare_20261009_01_dense_prefetch_operators
dense_prefetch,extend_annotated,shared,extend_graph_replay_q_1,1,1,True,,,,,N/A (no matrix multiply),0.610926,0.610926,0.596172,1,1,0,1,,96,327168,0.327168,12,4166919,4.166919,0,0,0.0,deepseek_h64k_a1_fused_prepare_20261009_01_dense_prefetch_operators
dense_prefetch,extend_annotated,shared,forward_misc,1,1,True,,,,,N/A (no matrix multiply),6.807269,6.807269,4.496022,17,17,0,0,,0,0,0.0,0,0,0.0,0,0,0.0,deepseek_h64k_a1_fused_prepare_20261009_01_dense_prefetch_operators
dense_prefetch,extend_annotated,shared,lm_head,1,1,True,1853358080,BF16,989.5,0.4474230733541239,,0.0,0.0,0.0,0,0,0,1,4.427251310839057,1,418625,0.418625,0,0,0.0,1,1120,0.00112,deepseek_h64k_a1_fused_prepare_20261009_01_dense_prefetch_operators
