role,run_id,method,visit_kind,request_id,prefix_cache_hit,latency_ms,extend_ms,admission_ms,prefix_ms,cleanup_ms,cache_hbm_bytes,cache_dram_bytes,reserved_hbm_bytes,reserved_dram_bytes,request_cache_hbm_bytes,request_cache_dram_bytes,torch_allocated_bytes,torch_reserved_bytes,device_used_bytes
published,nosa_motivation_poolscan_sm90_20261004_01,hbm,first,0,False,2355.570782907307,16.20339893270284,3.8253730162978172,2335.3459229692817,0.19608798902481794,9236948736,1,9281438720,2,9236948736,1,20211779584,25853689856,26662207488
published,nosa_motivation_poolscan_sm90_20261004_01,hbm,first,1,False,2325.5511349998415,16.46863203495741,2.940446953289211,2305.9381110360846,0.2039449755102396,9236948736,1,9281438720,2,9236948736,1,20211779584,25853689856,26662207488
published,nosa_motivation_poolscan_sm90_20261004_01,hbm,first,2,False,2339.4113449612632,16.602663905359805,3.039794974029064,2319.5633330615237,0.20555302035063505,9236948736,1,9281438720,2,9236948736,1,20211779584,25853689856,26662207488
published,nosa_motivation_poolscan_sm90_20261004_01,hbm,first,3,False,2341.969041968696,16.888314043171704,2.9504779959097505,2321.932525956072,0.19772397354245186,9236948736,1,9281438720,2,9236948736,1,20211779584,25853689856,26662207488
published,nosa_motivation_poolscan_sm90_20261004_01,hbm,first,4,False,2337.442448013462,16.96341799106449,3.1515650916844606,2317.1252749161795,0.20219001453369856,9236948736,1,9281438720,2,9236948736,1,20211779584,25853689856,26662207488
published,nosa_motivation_poolscan_sm90_20261004_01,hbm,first,5,False,2335.677706054412,16.545064048841596,2.9451559530571103,2315.988729009405,0.19875704310834408,9236948736,1,9281438720,2,9236948736,1,20211779584,25853689856,26662207488
published,nosa_motivation_poolscan_sm90_20261004_01,hbm,first,6,False,2333.807945949957,16.773983952589333,2.9747309163212776,2313.8601580867544,0.19907299429178238,9236948736,1,9281438720,2,9236948736,1,20211779584,25853689856,26662207488
published,nosa_motivation_poolscan_sm90_20261004_01,hbm,first,7,False,2324.5827689534053,16.85340900439769,3.083163988776505,2304.4495000503957,0.1966959098353982,9236948736,1,9281438720,2,9236948736,1,20211779584,25853689856,26662207488
published,nosa_motivation_poolscan_sm90_20261004_01,hbm,first,8,False,2342.982023023069,16.659116954542696,2.92511994484812,2323.196688084863,0.2010980388149619,9236948736,1,9281438720,2,9236948736,1,20211779584,25853689856,26662207488
published,nosa_motivation_poolscan_sm90_20261004_01,hbm,first,9,False,2343.6296900035813,16.955778002738953,3.0003139981999993,2323.4727199887857,0.200878013856709,9236948736,1,9281438720,2,9236948736,1,20211779584,25853689856,26662207488
published,nosa_motivation_poolscan_sm90_20261004_01,hbm,first,10,False,2345.4460939392447,16.979845939204097,3.047042991966009,2325.209188973531,0.21001603454351425,9236948736,1,9281438720,2,9236948736,1,20211779584,25853689856,26662207488
published,nosa_motivation_poolscan_sm90_20261004_01,hbm,first,11,False,2343.4975269483402,16.714564990252256,3.0626559164375067,2323.5213470179588,0.1989590236917138,9236948736,1,9281438720,2,9236948736,1,20211779584,25853689856,26662207488
published,nosa_motivation_poolscan_sm90_20261004_01,hbm,first,12,False,2345.2712470898405,16.523864003829658,2.960478072054684,2325.5840949714184,0.2028100425377488,9236948736,1,9281438720,2,9236948736,1,20211779584,25853689856,26662207488
published,nosa_motivation_poolscan_sm90_20261004_01,hbm,first,13,False,2331.7272670101374,16.802301979623735,3.0230109114199877,2311.7001360515133,0.2018180675804615,9236948736,1,9281438720,2,9236948736,1,20211779584,25853689856,26662207488
published,nosa_motivation_poolscan_sm90_20261004_01,hbm,first,14,False,2328.7476409459487,16.963180038146675,3.053894964978099,2308.5229139542207,0.2076519886031747,9236948736,1,9281438720,2,9236948736,1,20211779584,25853689856,26662207488
published,nosa_motivation_poolscan_sm90_20261004_01,hbm,first,15,False,2335.1752889575437,16.214102040976286,2.937217941507697,2315.82541402895,0.19855494610965252,9236948736,1,9281438720,2,9236948736,1,20211779584,25853689856,26662207488
published,nosa_motivation_poolscan_sm90_20261004_01,hbm,revisit,16,False,2314.2360630445182,16.642679926007986,2.9689939692616463,2294.425390078686,0.19899907056242228,9236948736,1,9281438720,2,9236948736,1,20211779584,25853689856,26662207488
published,nosa_motivation_poolscan_sm90_20261004_01,hbm,revisit,17,False,2333.3269129507244,16.843296005390584,3.060340997762978,2313.225438934751,0.1978370128199458,9236948736,1,9281438720,2,9236948736,1,20211779584,25853689856,26662207488
published,nosa_motivation_poolscan_sm90_20261004_01,hbm,revisit,18,False,2317.133601056412,16.750369919463992,3.1234429916366935,2297.0551510807127,0.20463706459850073,9236948736,1,9281438720,2,9236948736,1,20211779584,25853689856,26662207488
published,nosa_motivation_poolscan_sm90_20261004_01,hbm,revisit,19,False,2315.418665064499,16.50868298020214,2.97835108358413,2295.7231929758564,0.20843802485615015,9236948736,1,9281438720,2,9236948736,1,20211779584,25853689856,26662207488
published,nosa_motivation_poolscan_sm90_20261004_01,hbm,revisit,20,False,2316.9015859020874,16.830087057314813,3.039731993339956,2296.828285907395,0.20348094403743744,9236948736,1,9281438720,2,9236948736,1,20211779584,25853689856,26662207488
published,nosa_motivation_poolscan_sm90_20261004_01,hbm,revisit,21,False,2319.0298069966957,16.66599093005061,3.0659170588478446,2299.0958619629964,0.20203704480081797,9236948736,1,9281438720,2,9236948736,1,20211779584,25853689856,26662207488
published,nosa_motivation_poolscan_sm90_20261004_01,hbm,revisit,22,False,2312.8091539256275,16.618478926829994,2.9256129637360573,2293.0711440276355,0.19391800742596388,9236948736,1,9281438720,2,9236948736,1,20211779584,25853689856,26662207488
published,nosa_motivation_poolscan_sm90_20261004_01,hbm,revisit,23,False,2315.473012975417,16.735334997065365,2.947925007902086,2295.5891989404336,0.20055403001606464,9236948736,1,9281438720,2,9236948736,1,20211779584,25853689856,26662207488
published,nosa_motivation_poolscan_sm90_20261004_01,hbm,revisit,24,False,2334.979044040665,16.65130304172635,2.9722120380029082,2315.1587919564918,0.1967370044440031,9236948736,1,9281438720,2,9236948736,1,20211779584,25853689856,26662207488
published,nosa_motivation_poolscan_sm90_20261004_01,hbm,revisit,25,False,2335.607817978598,16.079669003374875,3.0476070242002606,2316.2783979205415,0.20214403048157692,9236948736,1,9281438720,2,9236948736,1,20211779584,25853689856,26662207488
published,nosa_motivation_poolscan_sm90_20261004_01,hbm,revisit,26,False,2313.1621830398217,16.455957083962858,2.997016068547964,2293.505993904546,0.20321598276495934,9236948736,1,9281438720,2,9236948736,1,20211779584,25853689856,26662207488
published,nosa_motivation_poolscan_sm90_20261004_01,hbm,revisit,27,False,2330.8643500786275,16.606366029009223,3.005481092259288,2311.051812954247,0.2006900031119585,9236948736,1,9281438720,2,9236948736,1,20211779584,25853689856,26662207488
published,nosa_motivation_poolscan_sm90_20261004_01,hbm,revisit,28,False,2338.213186012581,16.744144028052688,3.0437069945037365,2318.2259070454165,0.1994279446080327,9236948736,1,9281438720,2,9236948736,1,20211779584,25853689856,26662207488
published,nosa_motivation_poolscan_sm90_20261004_01,hbm,revisit,29,False,2318.3147329837084,16.210620990023017,3.0749819707125425,2298.830436076969,0.19869394600391388,9236948736,1,9281438720,2,9236948736,1,20211779584,25853689856,26662207488
published,nosa_motivation_poolscan_sm90_20261004_01,hbm,revisit,30,False,2319.303865893744,16.666568932123482,3.0093289678916335,2299.4209360331297,0.20703196059912443,9236948736,1,9281438720,2,9236948736,1,20211779584,25853689856,26662207488
published,nosa_motivation_poolscan_sm90_20261004_01,hbm,revisit,31,False,2313.1104019703344,16.63860201369971,3.0300579965114594,2293.2374369120225,0.2043050481006503,9236948736,1,9281438720,2,9236948736,1,20211779584,25853689856,26662207488
published,nosa_motivation_poolscan_sm90_20261004_01,dense_prefetch,first,0,False,2758.5528648924083,25.448884000070393,276.462149922736,2456.42159297131,0.2202379982918501,9237470232,2147483648,9339235328,4294967304,9237470232,2147483648,20212301824,25866272768,26681081856
published,nosa_motivation_poolscan_sm90_20261004_01,dense_prefetch,first,1,False,2692.3748949775472,24.676974047906697,238.73569897841662,2428.655289928429,0.30693202279508114,9317949480,4294967296,9519382016,8589934608,9317949480,4294967296,20292813312,25929187328,26748190720
published,nosa_motivation_poolscan_sm90_20261004_01,dense_prefetch,first,2,False,2680.614391923882,25.049480027519166,229.44219794590026,2425.745905027725,0.37680892273783684,9398428728,6442450944,9699528704,12884901912,9398428728,6442450944,20373368832,26015170560,26838368256
published,nosa_motivation_poolscan_sm90_20261004_01,dense_prefetch,first,3,False,2686.9348420295864,24.921450996771455,227.15710604097694,2434.4086359487846,0.4476490430533886,9478907976,8589934592,9879675392,17179869216,9478907976,8589934592,20454076928,26120028160,26947420160
published,nosa_motivation_poolscan_sm90_20261004_01,dense_prefetch,first,4,False,2678.782847011462,25.18370095640421,225.496651022695,2427.5847260141745,0.5177690181881189,9559387224,10737418240,10059822080,21474836520,9559387224,10737418240,20534588416,26203914240,27035500544
published,nosa_motivation_poolscan_sm90_20261004_01,dense_prefetch,first,5,False,2669.1077230498195,25.10905801318586,209.2933990061283,2434.0990700293332,0.6061960011720657,9639866472,12884901888,10239968768,25769803824,9639866472,12884901888,20615099904,26289897472,27125678080
published,nosa_motivation_poolscan_sm90_20261004_01,dense_prefetch,first,6,False,2682.49280389864,24.72793310880661,221.17188398260623,2435.926892911084,0.6660938961431384,9720345720,15032385536,10420115456,30064771128,9720345720,15032385536,20695655424,26373783552,27213758464
published,nosa_motivation_poolscan_sm90_20261004_01,dense_prefetch,first,7,False,2709.208303014748,25.331098935566843,246.73598702065647,2436.401230050251,0.7399870082736015,9800824968,17179869184,10600262144,34359738432,9800824968,17179869184,20776363520,26478641152,27322810368
published,nosa_motivation_poolscan_sm90_20261004_01,dense_prefetch,first,8,False,2698.5089330701157,24.83966201543808,219.006386003457,2453.799944021739,0.8629410294815898,9881304216,19327352832,10780408832,38654705736,9881304216,19327352832,20856875008,26564624384,27412987904
published,nosa_motivation_poolscan_sm90_20261004_01,dense_prefetch,first,9,False,2675.6876030704007,26.518970960751176,208.77199107781053,2439.4852679688483,0.9113730629906058,9961783464,21474836480,10960555520,42949673040,9961783464,21474836480,20937386496,26648510464,27501068288
published,nosa_motivation_poolscan_sm90_20261004_01,dense_prefetch,first,10,False,2652.838236070238,24.884635931812227,200.30623907223344,2426.655928022228,0.9914330439642072,10042262712,23622320128,11140702208,47244640344,10042262712,23622320128,21017942016,26732396544,27589148672
published,nosa_motivation_poolscan_sm90_20261004_01,dense_prefetch,first,11,False,2659.7771568922326,25.103018968366086,202.5366969173774,2431.0695140156895,1.0679269907996058,10122741960,25769803776,11320848896,51539607648,10122741960,25769803776,21098650112,26839351296,27700297728
published,nosa_motivation_poolscan_sm90_20261004_01,dense_prefetch,first,12,False,2661.7021369747818,24.884065962396562,197.75906100403517,2437.903327983804,1.1556820245459676,10203221208,27917287424,11500995584,55834574952,10203221208,27917287424,21179161600,26923237376,27788378112
published,nosa_motivation_poolscan_sm90_20261004_01,dense_prefetch,first,13,False,2714.228260098025,24.8770909383893,253.1750090420246,2434.965832042508,1.2103280751034617,10283700456,30064771072,11681142272,60129542256,10283700456,30064771072,21259673088,27007123456,27876458496
published,nosa_motivation_poolscan_sm90_20261004_01,dense_prefetch,first,14,False,2683.2867939956486,25.02435096539557,225.4249289399013,2431.5417649922892,1.2957490980625153,10364179704,32212254720,11861288960,64424509560,10364179704,32212254720,21340228608,27093106688,27966636032
published,nosa_motivation_poolscan_sm90_20261004_01,dense_prefetch,first,15,False,2666.016079019755,24.95284704491496,207.62487093452364,2432.05725599546,1.3811050448566675,10444658952,34359738368,12041435648,68719476864,10444658952,34359738368,21420936704,27197964288,28075687936
published,nosa_motivation_poolscan_sm90_20261004_01,dense_prefetch,revisit,16,True,70.52841200493276,67.35909497365355,1.8479879945516586,0.0002130400389432907,1.3211159966886044,10444658952,34359738368,12041435648,68719476864,10444658952,34359738368,21420936704,27197964288,28075687936
published,nosa_motivation_poolscan_sm90_20261004_01,dense_prefetch,revisit,17,True,70.67055196966976,67.64959904830903,1.833836897276342,0.00026705674827098846,1.1868489673361182,10444658952,34359738368,12041435648,68719476864,10444658952,34359738368,21420936704,27197964288,28075687936
published,nosa_motivation_poolscan_sm90_20261004_01,dense_prefetch,revisit,18,True,70.29444305226207,67.29950301814824,1.8279800424352288,0.00021292362362146378,1.166747068054974,10444658952,34359738368,12041435648,68719476864,10444658952,34359738368,21420936704,27197964288,28075687936
published,nosa_motivation_poolscan_sm90_20261004_01,dense_prefetch,revisit,19,True,69.9797049164772,67.02341698110104,1.8438369734212756,0.00019802246242761612,1.112252939492464,10444658952,34359738368,12041435648,68719476864,10444658952,34359738368,21420936704,27197964288,28075687936
published,nosa_motivation_poolscan_sm90_20261004_01,dense_prefetch,revisit,20,True,93.4146010549739,90.4964730143547,1.817781012505293,0.00017194543033838272,1.1001750826835632,10444658952,34359738368,12041435648,68719476864,10444658952,34359738368,21420936704,27197964288,28075687936
published,nosa_motivation_poolscan_sm90_20261004_01,dense_prefetch,revisit,21,True,69.90806199610233,66.98181899264455,1.8251880537718534,0.00017601996660232544,1.1008789297193289,10444658952,34359738368,12041435648,68719476864,10444658952,34359738368,21420936704,27197964288,28075687936
published,nosa_motivation_poolscan_sm90_20261004_01,dense_prefetch,revisit,22,True,70.02225297037512,67.04864196944982,1.8556349677965045,0.00016402918845415115,1.1178120039403439,10444658952,34359738368,12041435648,68719476864,10444658952,34359738368,21420936704,27197964288,28075687936
published,nosa_motivation_poolscan_sm90_20261004_01,dense_prefetch,revisit,23,True,70.27367502450943,67.3224040074274,1.8437959952279925,0.00023096799850463867,1.1072440538555384,10444658952,34359738368,12041435648,68719476864,10444658952,34359738368,21420936704,27197964288,28075687936
published,nosa_motivation_poolscan_sm90_20261004_01,dense_prefetch,revisit,24,True,69.99561493285,67.0755379833281,1.8186729867011309,0.00015401747077703476,1.1012499453499913,10444658952,34359738368,12041435648,68719476864,10444658952,34359738368,21420936704,27197964288,28075687936
published,nosa_motivation_poolscan_sm90_20261004_01,dense_prefetch,revisit,25,True,70.03572909161448,66.9316470157355,2.0078379893675447,0.00015203841030597687,1.0960920481011271,10444658952,34359738368,12041435648,68719476864,10444658952,34359738368,21420936704,27197964288,28075687936
published,nosa_motivation_poolscan_sm90_20261004_01,dense_prefetch,revisit,26,True,70.02064993139356,67.06898601260036,1.8453990342095494,0.00017194543033838272,1.1060929391533136,10444658952,34359738368,12041435648,68719476864,10444658952,34359738368,21420936704,27197964288,28075687936
published,nosa_motivation_poolscan_sm90_20261004_01,dense_prefetch,revisit,27,True,70.07710100151598,67.11617205291986,1.8439720151945949,0.00021490268409252167,1.1167420307174325,10444658952,34359738368,12041435648,68719476864,10444658952,34359738368,21420936704,27197964288,28075687936
published,nosa_motivation_poolscan_sm90_20261004_01,dense_prefetch,revisit,28,True,70.01825305633247,67.09954200778157,1.82978599332273,0.0001919688656926155,1.0887330863624811,10444658952,34359738368,12041435648,68719476864,10444658952,34359738368,21420936704,27197964288,28075687936
published,nosa_motivation_poolscan_sm90_20261004_01,dense_prefetch,revisit,29,True,69.90106194280088,66.96419208310544,1.82978599332273,0.00026193447411060333,1.106821931898594,10444658952,34359738368,12041435648,68719476864,10444658952,34359738368,21420936704,27197964288,28075687936
published,nosa_motivation_poolscan_sm90_20261004_01,dense_prefetch,revisit,30,True,70.14297903515399,67.19017296563834,1.8554740818217397,0.00021094456315040588,1.0971210431307554,10444658952,34359738368,12041435648,68719476864,10444658952,34359738368,21420936704,27197964288,28075687936
published,nosa_motivation_poolscan_sm90_20261004_01,dense_prefetch,revisit,31,True,70.2251719776541,67.29410099796951,1.8188999965786934,0.000200001522898674,1.1119709815829992,10444658952,34359738368,12041435648,68719476864,10444658952,34359738368,21420936704,27197964288,28075687936
published,nosa_motivation_poolscan_sm90_20261004_01,sync_sparse,first,0,False,2755.5171900894493,22.61879399884492,311.27995904535055,2421.3870889507234,0.23134809453040361,9237498968,2147483648,9339266048,4294967312,9237498968,2147483648,20212332544,25916604416,26733510656
published,nosa_motivation_poolscan_sm90_20261004_01,sync_sparse,first,1,False,2687.87374405656,22.54983107559383,258.575904997997,2406.4073769841343,0.3406309988349676,9317978216,4294967296,9519412736,8589934624,9317978216,4294967296,20292844032,25916604416,26737704960
published,nosa_motivation_poolscan_sm90_20261004_01,sync_sparse,first,2,False,2664.12600397598,22.17158500570804,238.70488302782178,2402.855718974024,0.39381696842610836,9398457464,6442450944,9699559424,12884901936,9398457464,6442450944,20373355520,26023559168,26848854016
published,nosa_motivation_poolscan_sm90_20261004_01,sync_sparse,first,3,False,2716.665475978516,22.334674024023116,293.9727350603789,2399.899136973545,0.45892992056906223,9478936712,8589934592,9879706112,17179869248,9478936712,8589934592,20453925376,26107445248,26936934400
published,nosa_motivation_poolscan_sm90_20261004_01,sync_sparse,first,4,False,2666.630728985183,22.110086982138455,234.56656897906214,2409.4195149373263,0.534558086656034,9559415960,10737418240,10059852800,21474836560,9559415960,10737418240,20534436864,26191331328,27025014784
published,nosa_motivation_poolscan_sm90_20261004_01,sync_sparse,first,5,False,2660.1442189421505,22.38687197677791,222.27302589453757,2414.8836251115426,0.6006959592923522,9639895208,12884901888,10239999488,25769803872,9639895208,12884901888,20615144960,26298286080,27136163840
published,nosa_motivation_poolscan_sm90_20261004_01,sync_sparse,first,6,False,2653.410986997187,22.237678058445454,213.79803400486708,2416.684524039738,0.6907508941367269,9720374456,15032385536,10420146176,30064771184,9720374456,15032385536,20695656448,26382172160,27224244224
published,nosa_motivation_poolscan_sm90_20261004_01,sync_sparse,first,7,False,2636.903549078852,22.284906008280814,208.2382800290361,2405.6253080489114,0.7550549926236272,9800853704,17179869184,10600292864,34359738496,9800853704,17179869184,20776167936,26466058240,27312324608
published,nosa_motivation_poolscan_sm90_20261004_01,sync_sparse,first,8,False,2633.5175210842863,22.675744025036693,201.65420498233289,2408.357553067617,0.8300190092995763,9881332952,19327352832,10780439552,38654705808,9881332952,19327352832,20856723456,26552041472,27402502144
published,nosa_motivation_poolscan_sm90_20261004_01,sync_sparse,first,9,False,2635.662349057384,22.373870946466923,206.26872905995697,2406.1175170354545,0.9022320155054331,9961812200,21474836480,10960586240,42949673120,9961812200,21474836480,20937431552,26656899072,27511554048
published,nosa_motivation_poolscan_sm90_20261004_01,sync_sparse,first,10,False,2633.795298053883,22.278968011960387,198.25645408127457,2412.29554801248,0.9643279481679201,10042291448,23622320128,11140732928,47244640432,10042291448,23622320128,21017943040,26740785152,27599634432
published,nosa_motivation_poolscan_sm90_20261004_01,sync_sparse,first,11,False,2683.740413049236,22.235387936234474,243.07797697838396,2417.359544080682,1.0675040539354086,10122770696,25769803776,11320879616,51539607744,10122770696,25769803776,21098454528,26826768384,27689811968
published,nosa_motivation_poolscan_sm90_20261004_01,sync_sparse,first,12,False,2683.533821022138,22.433935897424817,245.60555897187442,2414.3746220506728,1.119704102165997,10203249944,27917287424,11501026304,55834575056,10203249944,27917287424,21179010048,26910654464,27777892352
published,nosa_motivation_poolscan_sm90_20261004_01,sync_sparse,first,13,False,2634.1408491134644,22.51933596562594,195.06638508755714,2415.3442019596696,1.2109261006116867,10283729192,30064771072,11681172992,60129542368,10283729192,30064771072,21259718144,27015512064,27886944256
published,nosa_motivation_poolscan_sm90_20261004_01,sync_sparse,first,14,False,2650.9461200330406,22.532994975335896,210.48247802536935,2416.6295250179246,1.3011220144107938,10364208440,32212254720,11861319680,64424509680,10364208440,32212254720,21340229632,27101495296,27977121792
published,nosa_motivation_poolscan_sm90_20261004_01,sync_sparse,first,15,False,2641.698425053619,22.410287987440825,203.33462301641703,2414.6091339644045,1.3443800853565335,10444687688,34359738368,12041466368,68719476992,10444687688,34359738368,21420741120,27185381376,28065202176
published,nosa_motivation_poolscan_sm90_20261004_01,sync_sparse,revisit,16,True,27.61303400620818,24.407520075328648,1.8776159267872572,0.00016100239008665085,1.3277370017021894,10444687688,34359738368,12041466368,68719476992,10444687688,34359738368,21420741120,27185381376,28065202176
published,nosa_motivation_poolscan_sm90_20261004_01,sync_sparse,revisit,17,True,27.975362027063966,24.949979037046432,1.847952022217214,0.00015797559171915054,1.1772729922086,10444687688,34359738368,12041466368,68719476992,10444687688,34359738368,21420741120,27185381376,28065202176
published,nosa_motivation_poolscan_sm90_20261004_01,sync_sparse,revisit,18,True,27.73703506682068,24.78388592135161,1.8394910730421543,0.00016600824892520905,1.11349206417799,10444687688,34359738368,12041466368,68719476992,10444687688,34359738368,21420741120,27185381376,28065202176
published,nosa_motivation_poolscan_sm90_20261004_01,sync_sparse,revisit,19,True,27.145795989781618,24.19741894118488,1.8423889996483922,0.00019604340195655823,1.105792005546391,10444687688,34359738368,12041466368,68719476992,10444687688,34359738368,21420741120,27185381376,28065202176
published,nosa_motivation_poolscan_sm90_20261004_01,sync_sparse,revisit,20,True,27.603938011452556,24.646001984365284,1.8380769761279225,0.0003200257197022438,1.1195390252396464,10444687688,34359738368,12041466368,68719476992,10444687688,34359738368,21420741120,27185381376,28065202176
published,nosa_motivation_poolscan_sm90_20261004_01,sync_sparse,revisit,21,True,27.183450059965253,24.218815960921347,1.8369960598647594,0.0002169981598854065,1.1274210410192609,10444687688,34359738368,12041466368,68719476992,10444687688,34359738368,21420741120,27185381376,28065202176
published,nosa_motivation_poolscan_sm90_20261004_01,sync_sparse,revisit,22,True,49.36126002576202,46.39623698312789,1.8557049334049225,0.00020605511963367462,1.1091120541095734,10444687688,34359738368,12041466368,68719476992,10444687688,34359738368,21420741120,27185381376,28065202176
published,nosa_motivation_poolscan_sm90_20261004_01,sync_sparse,revisit,23,True,27.781335986219347,24.80898005887866,1.8577249720692635,0.00018998980522155762,1.1144409654662013,10444687688,34359738368,12041466368,68719476992,10444687688,34359738368,21420741120,27185381376,28065202176
published,nosa_motivation_poolscan_sm90_20261004_01,sync_sparse,revisit,24,True,27.226782985962927,24.264088016934693,1.8486009212210774,0.00017404090613126755,1.1139200069010258,10444687688,34359738368,12041466368,68719476992,10444687688,34359738368,21420741120,27185381376,28065202176
published,nosa_motivation_poolscan_sm90_20261004_01,sync_sparse,revisit,25,True,27.556796092540026,24.59203393664211,1.8438620027154684,0.00015506520867347717,1.1207450879737735,10444687688,34359738368,12041466368,68719476992,10444687688,34359738368,21420741120,27185381376,28065202176
published,nosa_motivation_poolscan_sm90_20261004_01,sync_sparse,revisit,26,True,32.548592891544104,29.457587050274014,1.832128968089819,0.0002019805833697319,1.2586748925969005,10444687688,34359738368,12041466368,68719476992,10444687688,34359738368,21420741120,27185381376,28065202176
published,nosa_motivation_poolscan_sm90_20261004_01,sync_sparse,revisit,27,True,26.956069050356746,24.00409197434783,1.8354320200160146,0.00017404090613126755,1.11637101508677,10444687688,34359738368,12041466368,68719476992,10444687688,34359738368,21420741120,27185381376,28065202176
published,nosa_motivation_poolscan_sm90_20261004_01,sync_sparse,revisit,28,True,29.15006096009165,26.0641030035913,1.957483938895166,0.00022898893803358078,1.128245028667152,10444687688,34359738368,12041466368,68719476992,10444687688,34359738368,21420741120,27185381376,28065202176
published,nosa_motivation_poolscan_sm90_20261004_01,sync_sparse,revisit,29,True,27.603580034337938,24.604821926914155,1.8529579974710941,0.00018102582544088364,1.1456190841272473,10444687688,34359738368,12041466368,68719476992,10444687688,34359738368,21420741120,27185381376,28065202176
published,nosa_motivation_poolscan_sm90_20261004_01,sync_sparse,revisit,30,True,28.64539495203644,25.688905036076903,1.8500429578125477,0.00016600824892520905,1.1062809498980641,10444687688,34359738368,12041466368,68719476992,10444687688,34359738368,21420741120,27185381376,28065202176
published,nosa_motivation_poolscan_sm90_20261004_01,sync_sparse,revisit,31,True,27.041191002354026,24.092345032840967,1.8369610188528895,0.00016402918845415115,1.111720921471715,10444687688,34359738368,12041466368,68719476992,10444687688,34359738368,21420741120,27185381376,28065202176
published,nosa_motivation_poolscan_sm90_20261004_01,async_sparse,first,0,False,2876.423918060027,22.46674697380513,343.3178439736366,2510.4143450735137,0.2249820390716195,9237498968,2147483648,9339266048,4294967312,9237498968,2147483648,20212332544,25916604416,26733510656
published,nosa_motivation_poolscan_sm90_20261004_01,async_sparse,first,1,False,2773.6054399283603,22.893832996487617,257.6900359708816,2492.709454963915,0.31211599707603455,9317978216,4294967296,9519412736,8589934624,9317978216,4294967296,20292844032,25916604416,26737704960
published,nosa_motivation_poolscan_sm90_20261004_01,async_sparse,first,2,False,2741.6050389874727,22.31742604635656,232.91240294929594,2485.990289016627,0.3849209751933813,9398457464,6442450944,9699559424,12884901936,9398457464,6442450944,20373355520,26023559168,26848854016
published,nosa_motivation_poolscan_sm90_20261004_01,async_sparse,first,3,False,2747.828649939038,22.15442096348852,236.29412497393787,2488.928409991786,0.4516940098255873,9478936712,8589934592,9879706112,17179869248,9478936712,8589934592,20453925376,26107445248,26936934400
published,nosa_motivation_poolscan_sm90_20261004_01,async_sparse,first,4,False,2773.566809948534,22.22581603564322,267.14914198964834,2483.660912956111,0.5309389671310782,9559415960,10737418240,10059852800,21474836560,9559415960,10737418240,20534436864,26191331328,27025014784
published,nosa_motivation_poolscan_sm90_20261004_01,async_sparse,first,5,False,2774.59413302131,22.564121056348085,258.3251040196046,2493.0877899751067,0.6171179702505469,9639895208,12884901888,10239999488,25769803872,9639895208,12884901888,20615144960,26298286080,27136163840
published,nosa_motivation_poolscan_sm90_20261004_01,async_sparse,first,6,False,2730.093138059601,22.382798953913152,213.57159409672022,2493.454428971745,0.684316037222743,9720374456,15032385536,10420146176,30064771184,9720374456,15032385536,20695656448,26382172160,27224244224
published,nosa_motivation_poolscan_sm90_20261004_01,async_sparse,first,7,False,2814.5387950353324,22.282661055214703,297.30634205043316,2494.187152944505,0.7626389851793647,9800853704,17179869184,10600292864,34359738496,9800853704,17179869184,20776167936,26466058240,27312324608
published,nosa_motivation_poolscan_sm90_20261004_01,async_sparse,first,8,False,2767.457379028201,22.89330493658781,246.683236095123,2497.036203974858,0.8446340216323733,9881332952,19327352832,10780439552,38654705808,9881332952,19327352832,20856723456,26552041472,27402502144
published,nosa_motivation_poolscan_sm90_20261004_01,async_sparse,first,9,False,2758.2918539410457,22.399408975616097,249.95253200177103,2485.044223954901,0.895689008757472,9961812200,21474836480,10960586240,42949673120,9961812200,21474836480,20937431552,26656899072,27511554048
published,nosa_motivation_poolscan_sm90_20261004_01,async_sparse,first,10,False,2743.3143380330876,22.570128086954355,231.54322593472898,2488.2238500285894,0.9771339828148484,10042291448,23622320128,11140732928,47244640432,10042291448,23622320128,21017943040,26740785152,27599634432
published,nosa_motivation_poolscan_sm90_20261004_01,async_sparse,first,11,False,2722.336590057239,22.61916792485863,215.76878696214408,2482.8801990952343,1.068436075001955,10122770696,25769803776,11320879616,51539607744,10122770696,25769803776,21098454528,26826768384,27689811968
published,nosa_motivation_poolscan_sm90_20261004_01,async_sparse,first,12,False,2742.1464909566566,22.601385950110853,238.48771303892136,2479.913707007654,1.1436849599704146,10203249944,27917287424,11501026304,55834575056,10203249944,27917287424,21179010048,26910654464,27777892352
published,nosa_motivation_poolscan_sm90_20261004_01,async_sparse,first,13,False,2711.1984790535644,22.39810593891889,198.34548700600863,2489.2621140461415,1.1927720624953508,10283729192,30064771072,11681172992,60129542368,10283729192,30064771072,21259718144,27015512064,27886944256
published,nosa_motivation_poolscan_sm90_20261004_01,async_sparse,first,14,False,2741.9090840267017,22.84208801575005,225.22245103027672,2492.538583930582,1.305961050093174,10364208440,32212254720,11861319680,64424509680,10364208440,32212254720,21340229632,27101495296,27977121792
published,nosa_motivation_poolscan_sm90_20261004_01,async_sparse,first,15,False,2724.3337110849097,23.950146976858377,227.85674303304404,2471.1205440107733,1.4062770642340183,10444687688,34359738368,12041466368,68719476992,10444687688,34359738368,21420741120,27185381376,28065202176
published,nosa_motivation_poolscan_sm90_20261004_01,async_sparse,revisit,16,True,30.26285395026207,27.030422934331,1.8908269703388214,0.00028405338525772095,1.3413199922069907,10444687688,34359738368,12041466368,68719476992,10444687688,34359738368,21420741120,27185381376,28065202176
published,nosa_motivation_poolscan_sm90_20261004_01,async_sparse,revisit,17,True,30.79313097987324,27.797530055977404,1.8377560190856457,0.00024994369596242905,1.1575949611142278,10444687688,34359738368,12041466368,68719476992,10444687688,34359738368,21420741120,27185381376,28065202176
published,nosa_motivation_poolscan_sm90_20261004_01,async_sparse,revisit,18,True,30.355348950251937,27.41636394057423,1.829823013395071,0.00017299316823482513,1.1089890031144023,10444687688,34359738368,12041466368,68719476992,10444687688,34359738368,21420741120,27185381376,28065202176
published,nosa_motivation_poolscan_sm90_20261004_01,async_sparse,revisit,19,True,29.66815489344299,26.72255295328796,1.831454923376441,0.0002150190994143486,1.113931997679174,10444687688,34359738368,12041466368,68719476992,10444687688,34359738368,21420741120,27185381376,28065202176
published,nosa_motivation_poolscan_sm90_20261004_01,async_sparse,revisit,20,True,30.254721059463918,27.314556995406747,1.8305630655959249,0.00017799902707338333,1.109422999434173,10444687688,34359738368,12041466368,68719476992,10444687688,34359738368,21420741120,27185381376,28065202176
published,nosa_motivation_poolscan_sm90_20261004_01,async_sparse,revisit,21,True,29.515751055441797,26.549228001385927,1.8546580104157329,0.00017299316823482513,1.111692050471902,10444687688,34359738368,12041466368,68719476992,10444687688,34359738368,21420741120,27185381376,28065202176
published,nosa_motivation_poolscan_sm90_20261004_01,async_sparse,revisit,22,True,51.792904967442155,48.82651299703866,1.847072970122099,0.00018801074475049973,1.119130989536643,10444687688,34359738368,12041466368,68719476992,10444687688,34359738368,21420741120,27185381376,28065202176
published,nosa_motivation_poolscan_sm90_20261004_01,async_sparse,revisit,23,True,30.710079008713365,27.73356600664556,1.8401920096948743,0.00018300488591194153,1.136137987487018,10444687688,34359738368,12041466368,68719476992,10444687688,34359738368,21420741120,27185381376,28065202176
published,nosa_motivation_poolscan_sm90_20261004_01,async_sparse,revisit,24,True,29.729428002610803,26.798784034326673,1.8371709156781435,0.00017904676496982574,1.0932940058410168,10444687688,34359738368,12041466368,68719476992,10444687688,34359738368,21420741120,27185381376,28065202176
published,nosa_motivation_poolscan_sm90_20261004_01,async_sparse,revisit,25,True,30.15312401112169,27.20723196398467,1.827277010306716,0.00018801074475049973,1.1184270260855556,10444687688,34359738368,12041466368,68719476992,10444687688,34359738368,21420741120,27185381376,28065202176
published,nosa_motivation_poolscan_sm90_20261004_01,async_sparse,revisit,26,True,29.546806938014925,26.58628101926297,1.8574430141597986,0.0001658918336033821,1.102917012758553,10444687688,34359738368,12041466368,68719476992,10444687688,34359738368,21420741120,27185381376,28065202176
published,nosa_motivation_poolscan_sm90_20261004_01,async_sparse,revisit,27,True,29.48271599598229,26.539269951172173,1.8481260631233454,0.0002069864422082901,1.0951129952445626,10444687688,34359738368,12041466368,68719476992,10444687688,34359738368,21420741120,27185381376,28065202176
published,nosa_motivation_poolscan_sm90_20261004_01,async_sparse,revisit,28,True,29.614916071295738,26.64925006683916,1.8532390240579844,0.00017194543033838272,1.112255034968257,10444687688,34359738368,12041466368,68719476992,10444687688,34359738368,21420741120,27185381376,28065202176
published,nosa_motivation_poolscan_sm90_20261004_01,async_sparse,revisit,29,True,30.150438891723752,27.20349293667823,1.8328949809074402,0.00017101410776376724,1.1138799600303173,10444687688,34359738368,12041466368,68719476992,10444687688,34359738368,21420741120,27185381376,28065202176
published,nosa_motivation_poolscan_sm90_20261004_01,async_sparse,revisit,30,True,31.26289800275117,28.314889990724623,1.8507400527596474,0.00016996636986732483,1.0970979928970337,10444687688,34359738368,12041466368,68719476992,10444687688,34359738368,21420741120,27185381376,28065202176
published,nosa_motivation_poolscan_sm90_20261004_01,async_sparse,revisit,31,True,29.184215934947133,26.2129440670833,1.8472489900887012,0.00018998980522155762,1.123832887969911,10444687688,34359738368,12041466368,68719476992,10444687688,34359738368,21420741120,27185381376,28065202176
baseline,refactor_p0_nosa_bench_20261005_01,hbm,first,0,False,2348.409498925321,15.927953994832933,4.791908897459507,2327.48643506784,0.20320096518844366,9236948736,1,9281438720,2,9236948736,1,20211779584,25853689856,26662207488
baseline,refactor_p0_nosa_bench_20261005_01,hbm,first,1,False,2324.7356930514798,16.43803098704666,3.5972370533272624,2304.5025339815766,0.1978910295292735,9236948736,1,9281438720,2,9236948736,1,20211779584,25853689856,26662207488
baseline,refactor_p0_nosa_bench_20261005_01,hbm,first,2,False,2331.2263559782878,16.2289219442755,3.047101083211601,2311.738169984892,0.21216296590864658,9236948736,1,9281438720,2,9236948736,1,20211779584,25853689856,26662207488
baseline,refactor_p0_nosa_bench_20261005_01,hbm,first,3,False,2334.434870048426,16.410251962952316,2.928617992438376,2314.88713005092,0.2088700421154499,9236948736,1,9281438720,2,9236948736,1,20211779584,25853689856,26662207488
baseline,refactor_p0_nosa_bench_20261005_01,hbm,first,4,False,2330.5381109239534,16.63489593192935,2.9954679775983095,2310.695762047544,0.2119849668815732,9236948736,1,9281438720,2,9236948736,1,20211779584,25853689856,26662207488
baseline,refactor_p0_nosa_bench_20261005_01,hbm,first,5,False,2330.1609609043226,16.13393099978566,2.9101569671183825,2310.908662970178,0.20820996724069118,9236948736,1,9281438720,2,9236948736,1,20211779584,25853689856,26662207488
baseline,refactor_p0_nosa_bench_20261005_01,hbm,first,6,False,2332.901497022249,16.630270052701235,2.958497032523155,2313.1123589118943,0.2003710251301527,9236948736,1,9281438720,2,9236948736,1,20211779584,25853689856,26662207488
baseline,refactor_p0_nosa_bench_20261005_01,hbm,first,7,False,2332.7208820264786,16.703417990356684,2.9939489904791117,2312.8184500383213,0.20506500732153654,9236948736,1,9281438720,2,9236948736,1,20211779584,25853689856,26662207488
baseline,refactor_p0_nosa_bench_20261005_01,hbm,first,8,False,2334.2315319459885,16.051108948886395,3.518712939694524,2314.4569180440158,0.20479201339185238,9236948736,1,9281438720,2,9236948736,1,20211779584,25853689856,26662207488
baseline,refactor_p0_nosa_bench_20261005_01,hbm,first,9,False,2327.1595479454845,16.799765056930482,2.957741031423211,2307.1981029352173,0.2039389219135046,9236948736,1,9281438720,2,9236948736,1,20211779584,25853689856,26662207488
baseline,refactor_p0_nosa_bench_20261005_01,hbm,first,10,False,2337.410128908232,16.798427095636725,3.016803995706141,2317.38364091143,0.21125690545886755,9236948736,1,9281438720,2,9236948736,1,20211779584,25853689856,26662207488
baseline,refactor_p0_nosa_bench_20261005_01,hbm,first,11,False,2332.9483300913125,16.48793206550181,3.0752921011298895,2313.1658729398623,0.21923298481851816,9236948736,1,9281438720,2,9236948736,1,20211779584,25853689856,26662207488
baseline,refactor_p0_nosa_bench_20261005_01,hbm,first,12,False,2339.73630098626,16.308816033415496,2.9492229223251343,2320.2657980145887,0.21246401593089104,9236948736,1,9281438720,2,9236948736,1,20211779584,25853689856,26662207488
baseline,refactor_p0_nosa_bench_20261005_01,hbm,first,13,False,2337.8374789608642,19.501275033690035,3.0077280243858695,2315.12899894733,0.19947695545852184,9236948736,1,9281438720,2,9236948736,1,20211779584,25853689856,26662207488
baseline,refactor_p0_nosa_bench_20261005_01,hbm,first,14,False,2339.062522049062,16.502929967828095,3.0903350561857224,2319.271662971005,0.197594054043293,9236948736,1,9281438720,2,9236948736,1,20211779584,25853689856,26662207488
baseline,refactor_p0_nosa_bench_20261005_01,hbm,first,15,False,2336.0364929540083,16.348571982234716,2.908392925746739,2316.58366904594,0.19585900008678436,9236948736,1,9281438720,2,9236948736,1,20211779584,25853689856,26662207488
baseline,refactor_p0_nosa_bench_20261005_01,hbm,revisit,16,False,2330.643003922887,16.632541082799435,2.9403800144791603,2310.8632719377056,0.20681088790297508,9236948736,1,9281438720,2,9236948736,1,20211779584,25853689856,26662207488
baseline,refactor_p0_nosa_bench_20261005_01,hbm,revisit,17,False,2340.290350955911,16.844385070726275,3.0968139180913568,2320.150285027921,0.1988669391721487,9236948736,1,9281438720,2,9236948736,1,20211779584,25853689856,26662207488
baseline,refactor_p0_nosa_bench_20261005_01,hbm,revisit,18,False,2322.583311004564,16.720077022910118,3.088618046604097,2302.571879932657,0.20273600239306688,9236948736,1,9281438720,2,9236948736,1,20211779584,25853689856,26662207488
baseline,refactor_p0_nosa_bench_20261005_01,hbm,revisit,19,False,2324.4064659811556,16.207279986701906,2.940578036941588,2305.061336955987,0.19727100152522326,9236948736,1,9281438720,2,9236948736,1,20211779584,25853689856,26662207488
baseline,refactor_p0_nosa_bench_20261005_01,hbm,revisit,20,False,2339.7134330589324,16.655373037792742,3.0472370563074946,2319.8071309598163,0.20369200501590967,9236948736,1,9281438720,2,9236948736,1,20211779584,25853689856,26662207488
baseline,refactor_p0_nosa_bench_20261005_01,hbm,revisit,21,False,2350.4131810041144,16.349265002645552,3.124726004898548,2330.7426209794357,0.19656901713460684,9236948736,1,9281438720,2,9236948736,1,20211779584,25853689856,26662207488
baseline,refactor_p0_nosa_bench_20261005_01,hbm,revisit,22,False,2337.383155943826,16.131025971844792,3.2427579862996936,2317.8145199781284,0.19485200755298138,9236948736,1,9281438720,2,9236948736,1,20211779584,25853689856,26662207488
baseline,refactor_p0_nosa_bench_20261005_01,hbm,revisit,23,False,2342.269881046377,16.45115506835282,2.939915983006358,2322.6813100045547,0.19749999046325684,9236948736,1,9281438720,2,9236948736,1,20211779584,25853689856,26662207488
baseline,refactor_p0_nosa_bench_20261005_01,hbm,revisit,24,False,2319.997449987568,16.482149017974734,3.0233050929382443,2300.29272090178,0.1992749748751521,9236948736,1,9281438720,2,9236948736,1,20211779584,25853689856,26662207488
baseline,refactor_p0_nosa_bench_20261005_01,hbm,revisit,25,False,2330.5268780095503,16.310521052218974,3.675773972645402,2310.336458031088,0.20412495359778404,9236948736,1,9281438720,2,9236948736,1,20211779584,25853689856,26662207488
baseline,refactor_p0_nosa_bench_20261005_01,hbm,revisit,26,False,2329.28336400073,16.26285503152758,2.973195048980415,2309.847448952496,0.19986496772617102,9236948736,1,9281438720,2,9236948736,1,20211779584,25853689856,26662207488
baseline,refactor_p0_nosa_bench_20261005_01,hbm,revisit,27,False,2325.129004078917,16.46457996685058,4.0028460789471865,2304.4597399421036,0.20183809101581573,9236948736,1,9281438720,2,9236948736,1,20211779584,25853689856,26662207488
baseline,refactor_p0_nosa_bench_20261005_01,hbm,revisit,28,False,2336.1195729812607,16.532951034605503,3.0670369742438197,2316.311369999312,0.20821497309952974,9236948736,1,9281438720,2,9236948736,1,20211779584,25853689856,26662207488
baseline,refactor_p0_nosa_bench_20261005_01,hbm,revisit,29,False,2338.078705011867,16.689007985405624,3.0551949748769403,2318.1205990258604,0.21390302572399378,9236948736,1,9281438720,2,9236948736,1,20211779584,25853689856,26662207488
baseline,refactor_p0_nosa_bench_20261005_01,hbm,revisit,30,False,2330.8702600188553,16.4537550881505,3.044672077521682,2311.171275912784,0.20055694039911032,9236948736,1,9281438720,2,9236948736,1,20211779584,25853689856,26662207488
baseline,refactor_p0_nosa_bench_20261005_01,hbm,revisit,31,False,2339.8748310282826,16.615748987533152,2.988572930917144,2320.0721780303866,0.19833107944577932,9236948736,1,9281438720,2,9236948736,1,20211779584,25853689856,26662207488
baseline,refactor_p0_nosa_bench_20261005_01,dense_prefetch,first,0,False,2755.467400071211,25.38842905778438,264.96566901914775,2464.8858159780502,0.22748601622879505,9237470232,2147483648,9339235328,4294967304,9237470232,2147483648,20212301824,25866272768,26681081856
baseline,refactor_p0_nosa_bench_20261005_01,dense_prefetch,first,1,False,2715.8355539431795,25.104089989326894,250.3036200068891,2440.12084195856,0.3070019884034991,9317949480,4294967296,9519382016,8589934608,9317949480,4294967296,20292813312,25929187328,26748190720
baseline,refactor_p0_nosa_bench_20261005_01,dense_prefetch,first,2,False,2715.5329739907756,25.31865902710706,259.1514129890129,2430.687573971227,0.3753280034288764,9398428728,6442450944,9699528704,12884901912,9398428728,6442450944,20373368832,26015170560,26838368256
baseline,refactor_p0_nosa_bench_20261005_01,dense_prefetch,first,3,False,2686.95924396161,25.37092997226864,225.86287301965058,2435.278960969299,0.4464800003916025,9478907976,8589934592,9879675392,17179869216,9478907976,8589934592,20454076928,26120028160,26947420160
baseline,refactor_p0_nosa_bench_20261005_01,dense_prefetch,first,4,False,2707.6488889288157,25.325427995994687,211.60922397393733,2470.1839149929583,0.5303219659253955,9559387224,10737418240,10059822080,21474836520,9559387224,10737418240,20534588416,26203914240,27035500544
baseline,refactor_p0_nosa_bench_20261005_01,dense_prefetch,first,5,False,2683.7698180461302,25.031566969119012,226.39591305051,2431.7439609440044,0.5983770824968815,9639866472,12884901888,10239968768,25769803824,9639866472,12884901888,20615099904,26289897472,27125678080
baseline,refactor_p0_nosa_bench_20261005_01,dense_prefetch,first,6,False,2677.5756359566003,25.220268056727946,211.08538599219173,2440.585084958002,0.6848969496786594,9720345720,15032385536,10420115456,30064771128,9720345720,15032385536,20695655424,26373783552,27213758464
baseline,refactor_p0_nosa_bench_20261005_01,dense_prefetch,first,7,False,2654.9397070193663,25.916449958458543,202.54268299322575,2425.735583063215,0.7449910044670105,9800824968,17179869184,10600262144,34359738432,9800824968,17179869184,20776363520,26478641152,27322810368
baseline,refactor_p0_nosa_bench_20261005_01,dense_prefetch,first,8,False,2727.2005919367075,33.814924070611596,244.9470650171861,2447.2407199209556,1.197882927954197,9881304216,19327352832,10780408832,38654705736,9881304216,19327352832,20856875008,26564624384,27412987904
baseline,refactor_p0_nosa_bench_20261005_01,dense_prefetch,first,9,False,2685.64088398125,25.257306988351047,224.27157603669912,2435.1967240218073,0.9152769343927503,9961783464,21474836480,10960555520,42949673040,9961783464,21474836480,20937386496,26648510464,27501068288
baseline,refactor_p0_nosa_bench_20261005_01,dense_prefetch,first,10,False,2702.1319789346308,25.090137030929327,240.32854789402336,2435.7347150798887,0.9785789297893643,10042262712,23622320128,11140702208,47244640344,10042262712,23622320128,21017942016,26732396544,27589148672
baseline,refactor_p0_nosa_bench_20261005_01,dense_prefetch,first,11,False,2693.655599025078,25.771707063540816,231.75146500580013,2435.0546199129894,1.077807042747736,10122741960,25769803776,11320848896,51539607648,10122741960,25769803776,21098650112,26839351296,27700297728
baseline,refactor_p0_nosa_bench_20261005_01,dense_prefetch,first,12,False,2702.1625640336424,25.499755050987005,240.5373239889741,2434.974959003739,1.1505259899422526,10203221208,27917287424,11500995584,55834574952,10203221208,27917287424,21179161600,26923237376,27788378112
baseline,refactor_p0_nosa_bench_20261005_01,dense_prefetch,first,13,False,2679.841613979079,25.273825973272324,219.28880095947534,2434.0409609721974,1.2380260741338134,10283700456,30064771072,11681142272,60129542256,10283700456,30064771072,21259673088,27007123456,27876458496
baseline,refactor_p0_nosa_bench_20261005_01,dense_prefetch,first,14,False,2669.502752018161,25.64585895743221,201.85448706615716,2440.667788963765,1.3346170308068395,10364179704,32212254720,11861288960,64424509560,10364179704,32212254720,21340228608,27093106688,27966636032
baseline,refactor_p0_nosa_bench_20261005_01,dense_prefetch,first,15,False,2701.5349770663306,25.209220009855926,237.63683799188584,2437.312319991179,1.3765990734100342,10444658952,34359738368,12041435648,68719476864,10444658952,34359738368,21420936704,27197964288,28075687936
baseline,refactor_p0_nosa_bench_20261005_01,dense_prefetch,revisit,16,True,70.50859194714576,67.29286105837673,1.8644939409568906,0.0001969747245311737,1.3510399730876088,10444658952,34359738368,12041435648,68719476864,10444658952,34359738368,21420936704,27197964288,28075687936
baseline,refactor_p0_nosa_bench_20261005_01,dense_prefetch,revisit,17,True,70.22650900762528,67.24752904847264,1.8310409504920244,0.00017799902707338333,1.147761009633541,10444658952,34359738368,12041435648,68719476864,10444658952,34359738368,21420936704,27197964288,28075687936
baseline,refactor_p0_nosa_bench_20261005_01,dense_prefetch,revisit,18,True,71.11232599709183,68.14527604728937,1.8489189678803086,0.0002019805833697319,1.11792900133878,10444658952,34359738368,12041435648,68719476864,10444658952,34359738368,21420936704,27197964288,28075687936
baseline,refactor_p0_nosa_bench_20261005_01,dense_prefetch,revisit,19,True,69.82348707970232,66.86018500477076,1.832359004765749,0.0002400483936071396,1.1307030217722058,10444658952,34359738368,12041435648,68719476864,10444658952,34359738368,21420936704,27197964288,28075687936
baseline,refactor_p0_nosa_bench_20261005_01,dense_prefetch,revisit,20,True,70.09513699449599,67.15678505133837,1.8279470968991518,0.00015890691429376602,1.1102459393441677,10444658952,34359738368,12041435648,68719476864,10444658952,34359738368,21420936704,27197964288,28075687936
baseline,refactor_p0_nosa_bench_20261005_01,dense_prefetch,revisit,21,True,70.04683406557888,67.13536696042866,1.8031951040029526,0.00017997808754444122,1.1080920230597258,10444658952,34359738368,12041435648,68719476864,10444658952,34359738368,21420936704,27197964288,28075687936
baseline,refactor_p0_nosa_bench_20261005_01,dense_prefetch,revisit,22,True,70.82920207176358,67.86081101745367,1.8594880821183324,0.00017194543033838272,1.1087310267612338,10444658952,34359738368,12041435648,68719476864,10444658952,34359738368,21420936704,27197964288,28075687936
baseline,refactor_p0_nosa_bench_20261005_01,dense_prefetch,revisit,23,True,70.0709429802373,67.12444906588644,1.8327869474887848,0.000200001522898674,1.1135069653391838,10444658952,34359738368,12041435648,68719476864,10444658952,34359738368,21420936704,27197964288,28075687936
baseline,refactor_p0_nosa_bench_20261005_01,dense_prefetch,revisit,24,True,70.0270029483363,67.07048998214304,1.8297529313713312,0.00019301660358905792,1.1265670182183385,10444658952,34359738368,12041435648,68719476864,10444658952,34359738368,21420936704,27197964288,28075687936
baseline,refactor_p0_nosa_bench_20261005_01,dense_prefetch,revisit,25,True,70.01711602788419,67.08612607326359,1.8224670784547925,0.00022794120013713837,1.10829493496567,10444658952,34359738368,12041435648,68719476864,10444658952,34359738368,21420936704,27197964288,28075687936
baseline,refactor_p0_nosa_bench_20261005_01,dense_prefetch,revisit,26,True,92.50719100236893,89.52961198519915,1.839715987443924,0.00025401823222637177,1.1376090114936233,10444658952,34359738368,12041435648,68719476864,10444658952,34359738368,21420936704,27197964288,28075687936
baseline,refactor_p0_nosa_bench_20261005_01,dense_prefetch,revisit,27,True,72.20971398055553,68.55181592982262,1.8671189900487661,0.00019709113985300064,1.7905819695442915,10444658952,34359738368,12041435648,68719476864,10444658952,34359738368,21420936704,27197964288,28075687936
baseline,refactor_p0_nosa_bench_20261005_01,dense_prefetch,revisit,28,True,70.08263003081083,67.07017996814102,1.8283131066709757,0.0002059387043118477,1.183931017294526,10444658952,34359738368,12041435648,68719476864,10444658952,34359738368,21420936704,27197964288,28075687936
baseline,refactor_p0_nosa_bench_20261005_01,dense_prefetch,revisit,29,True,70.32238796819001,67.25074804853648,1.881430041976273,0.00015995465219020844,1.1900499230250716,10444658952,34359738368,12041435648,68719476864,10444658952,34359738368,21420936704,27197964288,28075687936
baseline,refactor_p0_nosa_bench_20261005_01,dense_prefetch,revisit,30,True,70.61600801534951,67.4656560877338,1.9437579903751612,0.00021595042198896408,1.206377986818552,10444658952,34359738368,12041435648,68719476864,10444658952,34359738368,21420936704,27197964288,28075687936
baseline,refactor_p0_nosa_bench_20261005_01,dense_prefetch,revisit,31,True,70.0797849567607,67.0870040776208,1.8561260076239705,0.00021292362362146378,1.1364419478923082,10444658952,34359738368,12041435648,68719476864,10444658952,34359738368,21420936704,27197964288,28075687936
baseline,refactor_p0_nosa_bench_20261005_01,sync_sparse,first,0,False,2768.286401988007,22.73744798731059,308.86540503706783,2436.4439609926194,0.23958797100931406,9237498968,2147483648,9339266048,4294967312,9237498968,2147483648,20212332544,25916604416,26733510656
baseline,refactor_p0_nosa_bench_20261005_01,sync_sparse,first,1,False,2670.575759955682,22.1459639724344,233.35925000719726,2414.749910007231,0.3206359688192606,9317978216,4294967296,9519412736,8589934624,9317978216,4294967296,20292844032,25916604416,26737704960
baseline,refactor_p0_nosa_bench_20261005_01,sync_sparse,first,2,False,2674.1353470133618,22.346728015691042,238.74804202932864,2412.6625859644264,0.37799100391566753,9398457464,6442450944,9699559424,12884901936,9398457464,6442450944,20373355520,26023559168,26848854016
baseline,refactor_p0_nosa_bench_20261005_01,sync_sparse,first,3,False,2698.5980110475793,22.28608401492238,261.90950407180935,2413.945273961872,0.4571489989757538,9478936712,8589934592,9879706112,17179869248,9478936712,8589934592,20453925376,26107445248,26936934400
baseline,refactor_p0_nosa_bench_20261005_01,sync_sparse,first,4,False,2647.4208739819005,22.36760302912444,205.00686997547746,2419.506228994578,0.5401719827204943,9559415960,10737418240,10059852800,21474836560,9559415960,10737418240,20534436864,26191331328,27025014784
baseline,refactor_p0_nosa_bench_20261005_01,sync_sparse,first,5,False,2691.171934013255,22.565755993127823,255.47789502888918,2412.4837779672816,0.6445050239562988,9639895208,12884901888,10239999488,25769803872,9639895208,12884901888,20615144960,26298286080,27136163840
baseline,refactor_p0_nosa_bench_20261005_01,sync_sparse,first,6,False,2634.2214440228418,22.434322047047317,197.56665895693004,2413.5291810380295,0.6912819808349013,9720374456,15032385536,10420146176,30064771184,9720374456,15032385536,20695656448,26382172160,27224244224
baseline,refactor_p0_nosa_bench_20261005_01,sync_sparse,first,7,False,2673.2341930037364,22.163808927871287,234.96325395535678,2415.3393120504916,0.7678180700168014,9800853704,17179869184,10600292864,34359738496,9800853704,17179869184,20776167936,26466058240,27312324608
baseline,refactor_p0_nosa_bench_20261005_01,sync_sparse,first,8,False,2682.217126013711,22.839837009087205,241.90807901322842,2416.6097400011495,0.8594699902459979,9881332952,19327352832,10780439552,38654705808,9881332952,19327352832,20856723456,26552041472,27402502144
baseline,refactor_p0_nosa_bench_20261005_01,sync_sparse,first,9,False,2673.386155976914,22.290604072622955,238.81881101988256,2411.3469789735973,0.9297619108110666,9961812200,21474836480,10960586240,42949673120,9961812200,21474836480,20937431552,26656899072,27511554048
baseline,refactor_p0_nosa_bench_20261005_01,sync_sparse,first,10,False,2695.458317990415,22.273598005995154,250.5307929823175,2421.6554180020466,0.9985090000554919,10042291448,23622320128,11140732928,47244640432,10042291448,23622320128,21017943040,26740785152,27599634432
baseline,refactor_p0_nosa_bench_20261005_01,sync_sparse,first,11,False,2640.7802329631522,23.244406911544502,204.82800097670406,2411.614703014493,1.0931220604106784,10122770696,25769803776,11320879616,51539607744,10122770696,25769803776,21098454528,26826768384,27689811968
baseline,refactor_p0_nosa_bench_20261005_01,sync_sparse,first,12,False,2638.769634999335,27.059716056101024,195.3421999933198,2415.1400229893625,1.2276959605515003,10203249944,27917287424,11501026304,55834575056,10203249944,27917287424,21179010048,26910654464,27777892352
baseline,refactor_p0_nosa_bench_20261005_01,sync_sparse,first,13,False,2665.9636300755665,22.53893099259585,226.78748099133372,2415.407760068774,1.2294580228626728,10283729192,30064771072,11681172992,60129542368,10283729192,30064771072,21259718144,27015512064,27886944256
baseline,refactor_p0_nosa_bench_20261005_01,sync_sparse,first,14,False,2678.3527759835124,22.652678075246513,237.78869805391878,2416.58032592386,1.3310739304870367,10364208440,32212254720,11861319680,64424509680,10364208440,32212254720,21340229632,27101495296,27977121792
baseline,refactor_p0_nosa_bench_20261005_01,sync_sparse,first,15,False,2635.366205009632,22.70595310255885,197.0331349875778,2414.23001291696,1.3971040025353432,10444687688,34359738368,12041466368,68719476992,10444687688,34359738368,21420741120,27185381376,28065202176
baseline,refactor_p0_nosa_bench_20261005_01,sync_sparse,revisit,16,True,28.500891989097,24.514061980880797,2.6518440572544932,0.00018102582544088364,1.3348049251362681,10444687688,34359738368,12041466368,68719476992,10444687688,34359738368,21420741120,27185381376,28065202176
baseline,refactor_p0_nosa_bench_20261005_01,sync_sparse,revisit,17,True,28.188594966195524,25.017719017341733,1.8442020518705249,0.00016496051102876663,1.326508936472237,10444687688,34359738368,12041466368,68719476992,10444687688,34359738368,21420741120,27185381376,28065202176
baseline,refactor_p0_nosa_bench_20261005_01,sync_sparse,revisit,18,True,29.611509991809726,25.489558931440115,2.974809962324798,0.00016309786587953568,1.1469780001789331,10444687688,34359738368,12041466368,68719476992,10444687688,34359738368,21420741120,27185381376,28065202176
baseline,refactor_p0_nosa_bench_20261005_01,sync_sparse,revisit,19,True,29.05092400033027,25.888053001835942,2.005511079914868,0.00015995465219020844,1.157199963927269,10444687688,34359738368,12041466368,68719476992,10444687688,34359738368,21420741120,27185381376,28065202176
baseline,refactor_p0_nosa_bench_20261005_01,sync_sparse,revisit,20,True,30.980664072558284,27.977167046628892,1.8714090110734105,0.00019604340195655823,1.1318919714540243,10444687688,34359738368,12041466368,68719476992,10444687688,34359738368,21420741120,27185381376,28065202176
baseline,refactor_p0_nosa_bench_20261005_01,sync_sparse,revisit,21,True,27.520110947079957,24.50904401484877,1.8678699852898717,0.00016100239008665085,1.1430359445512295,10444687688,34359738368,12041466368,68719476992,10444687688,34359738368,21420741120,27185381376,28065202176
baseline,refactor_p0_nosa_bench_20261005_01,sync_sparse,revisit,22,True,51.950594992376864,48.99601498618722,1.8307700520381331,0.00022794120013713837,1.123582012951374,10444687688,34359738368,12041466368,68719476992,10444687688,34359738368,21420741120,27185381376,28065202176
baseline,refactor_p0_nosa_bench_20261005_01,sync_sparse,revisit,23,True,27.72514894604683,24.768267991021276,1.8142999615520239,0.00015308614820241928,1.1424279073253274,10444687688,34359738368,12041466368,68719476992,10444687688,34359738368,21420741120,27185381376,28065202176
baseline,refactor_p0_nosa_bench_20261005_01,sync_sparse,revisit,24,True,28.00353500060737,25.0546500319615,1.8275129841640592,0.00014097895473241806,1.121231005527079,10444687688,34359738368,12041466368,68719476992,10444687688,34359738368,21420741120,27185381376,28065202176
baseline,refactor_p0_nosa_bench_20261005_01,sync_sparse,revisit,25,True,27.72074902895838,24.60417407564819,1.9734890665858984,0.0002939486876130104,1.1427919380366802,10444687688,34359738368,12041466368,68719476992,10444687688,34359738368,21420741120,27185381376,28065202176
baseline,refactor_p0_nosa_bench_20261005_01,sync_sparse,revisit,26,True,27.29197801090777,24.36158899217844,1.8365319119766355,0.00019604340195655823,1.093661063350737,10444687688,34359738368,12041466368,68719476992,10444687688,34359738368,21420741120,27185381376,28065202176
baseline,refactor_p0_nosa_bench_20261005_01,sync_sparse,revisit,27,True,26.98528510518372,24.02300201356411,1.8400331027805805,0.0001759035512804985,1.1220740852877498,10444687688,34359738368,12041466368,68719476992,10444687688,34359738368,21420741120,27185381376,28065202176
baseline,refactor_p0_nosa_bench_20261005_01,sync_sparse,revisit,28,True,27.20147103536874,24.236407014541328,1.844865968450904,0.00020605511963367462,1.119991997256875,10444687688,34359738368,12041466368,68719476992,10444687688,34359738368,21420741120,27185381376,28065202176
baseline,refactor_p0_nosa_bench_20261005_01,sync_sparse,revisit,29,True,28.06444896850735,24.64034699369222,2.2877089213579893,0.00018300488591194153,1.136210048571229,10444687688,34359738368,12041466368,68719476992,10444687688,34359738368,21420741120,27185381376,28065202176
baseline,refactor_p0_nosa_bench_20261005_01,sync_sparse,revisit,30,True,27.945190900936723,24.969711899757385,1.839682925492525,0.00015308614820241928,1.13564298953861,10444687688,34359738368,12041466368,68719476992,10444687688,34359738368,21420741120,27185381376,28065202176
baseline,refactor_p0_nosa_bench_20261005_01,sync_sparse,revisit,31,True,27.655859012156725,24.682614021003246,1.8447600305080414,0.00017997808754444122,1.1283049825578928,10444687688,34359738368,12041466368,68719476992,10444687688,34359738368,21420741120,27185381376,28065202176
baseline,refactor_p0_nosa_bench_20261005_01,async_sparse,first,0,False,2844.4499319884926,22.76815997902304,307.3863920290023,2514.06281394884,0.232566031627357,9237498968,2147483648,9339266048,4294967312,9237498968,2147483648,20212332544,25916604416,26733510656
baseline,refactor_p0_nosa_bench_20261005_01,async_sparse,first,1,False,2767.9749249946326,22.220120998099446,254.18847403489053,2491.2553479662165,0.3109819954261184,9317978216,4294967296,9519412736,8589934624,9317978216,4294967296,20292844032,25916604416,26737704960
baseline,refactor_p0_nosa_bench_20261005_01,async_sparse,first,2,False,2753.9308059494942,22.4045489449054,232.04638005699962,2499.0924509475008,0.3874260000884533,9398457464,6442450944,9699559424,12884901936,9398457464,6442450944,20373355520,26023559168,26848854016
baseline,refactor_p0_nosa_bench_20261005_01,async_sparse,first,3,False,2802.0155490376055,22.233584080822766,295.9783400874585,2483.329779934138,0.4738449351862073,9478936712,8589934592,9879706112,17179869248,9478936712,8589934592,20453925376,26107445248,26936934400
baseline,refactor_p0_nosa_bench_20261005_01,async_sparse,first,4,False,2724.7330950340256,22.351515013724566,210.0693890824914,2491.7875229148194,0.5246680229902267,9559415960,10737418240,10059852800,21474836560,9559415960,10737418240,20534436864,26191331328,27025014784
baseline,refactor_p0_nosa_bench_20261005_01,async_sparse,first,5,False,2732.7875919872895,23.97853008005768,199.94913297705352,2508.240766939707,0.6191619904711843,9639895208,12884901888,10239999488,25769803872,9639895208,12884901888,20615144960,26298286080,27136163840
baseline,refactor_p0_nosa_bench_20261005_01,async_sparse,first,6,False,2723.4705700539052,22.50316203571856,200.14173700474203,2500.140157993883,0.6855130195617676,9720374456,15032385536,10420146176,30064771184,9720374456,15032385536,20695656448,26382172160,27224244224
baseline,refactor_p0_nosa_bench_20261005_01,async_sparse,first,7,False,2732.412103912793,22.561549907550216,211.13757393322885,2497.959098080173,0.753881991840899,9800853704,17179869184,10600292864,34359738496,9800853704,17179869184,20776167936,26466058240,27312324608
baseline,refactor_p0_nosa_bench_20261005_01,async_sparse,first,8,False,2725.973343010992,23.002515081316233,197.85735697951168,2504.2610969394445,0.8523740107193589,9881332952,19327352832,10780439552,38654705808,9881332952,19327352832,20856723456,26552041472,27402502144
baseline,refactor_p0_nosa_bench_20261005_01,async_sparse,first,9,False,2712.6756319776177,22.441296954639256,196.91539101768285,2492.4087380059063,0.9102059993892908,9961812200,21474836480,10960586240,42949673120,9961812200,21474836480,20937431552,26656899072,27511554048
baseline,refactor_p0_nosa_bench_20261005_01,async_sparse,first,10,False,2740.538386045955,22.605819976888597,216.33950795512646,2500.6235900800675,0.9694680338725448,10042291448,23622320128,11140732928,47244640432,10042291448,23622320128,21017943040,26740785152,27599634432
baseline,refactor_p0_nosa_bench_20261005_01,async_sparse,first,11,False,2734.328282997012,22.510637994855642,211.4011449739337,2499.347910983488,1.0685890447348356,10122770696,25769803776,11320879616,51539607744,10122770696,25769803776,21098454528,26826768384,27689811968
baseline,refactor_p0_nosa_bench_20261005_01,async_sparse,first,12,False,2755.053673987277,22.764251101762056,240.01906998455524,2491.1166270030662,1.1537258978933096,10203249944,27917287424,11501026304,55834575056,10203249944,27917287424,21179010048,26910654464,27777892352
baseline,refactor_p0_nosa_bench_20261005_01,async_sparse,first,13,False,2743.764440063387,22.626942954957485,223.56881201267242,2496.345389052294,1.2232960434630513,10283729192,30064771072,11681172992,60129542368,10283729192,30064771072,21259718144,27015512064,27886944256
baseline,refactor_p0_nosa_bench_20261005_01,async_sparse,first,14,False,2724.4237610138953,22.872093017213047,195.03223395440727,2505.2020279690623,1.3174060732126236,10364208440,32212254720,11861319680,64424509680,10364208440,32212254720,21340229632,27101495296,27977121792
baseline,refactor_p0_nosa_bench_20261005_01,async_sparse,first,15,False,2758.7491519516334,22.500974009744823,240.35626102704555,2494.5335839875042,1.358332927338779,10444687688,34359738368,12041466368,68719476992,10444687688,34359738368,21420741120,27185381376,28065202176
baseline,refactor_p0_nosa_bench_20261005_01,async_sparse,revisit,16,True,30.268124071881175,27.11102203465998,1.8382370471954346,0.00026600901037454605,1.3185989810153842,10444687688,34359738368,12041466368,68719476992,10444687688,34359738368,21420741120,27185381376,28065202176
baseline,refactor_p0_nosa_bench_20261005_01,async_sparse,revisit,17,True,31.018950045108795,28.012149035930634,1.8463949672877789,0.00017101410776376724,1.160235027782619,10444687688,34359738368,12041466368,68719476992,10444687688,34359738368,21420741120,27185381376,28065202176
baseline,refactor_p0_nosa_bench_20261005_01,async_sparse,revisit,18,True,31.650637974962592,28.694225009530783,1.8360899994149804,0.00016298145055770874,1.1201599845662713,10444687688,34359738368,12041466368,68719476992,10444687688,34359738368,21420741120,27185381376,28065202176
baseline,refactor_p0_nosa_bench_20261005_01,async_sparse,revisit,19,True,30.038399971090257,27.090249001048505,1.825433922931552,0.00019802246242761612,1.1225190246477723,10444687688,34359738368,12041466368,68719476992,10444687688,34359738368,21420741120,27185381376,28065202176
baseline,refactor_p0_nosa_bench_20261005_01,async_sparse,revisit,20,True,30.810738913714886,27.81178697478026,1.8418339313939214,0.00018603168427944183,1.1569319758564234,10444687688,34359738368,12041466368,68719476992,10444687688,34359738368,21420741120,27185381376,28065202176
baseline,refactor_p0_nosa_bench_20261005_01,async_sparse,revisit,21,True,29.9976400565356,27.02417701948434,1.8503960454836488,0.000183936208486557,1.1228830553591251,10444687688,34359738368,12041466368,68719476992,10444687688,34359738368,21420741120,27185381376,28065202176
baseline,refactor_p0_nosa_bench_20261005_01,async_sparse,revisit,22,True,54.79581595864147,51.77362903486937,1.881070900708437,0.00018405262380838394,1.1409319704398513,10444687688,34359738368,12041466368,68719476992,10444687688,34359738368,21420741120,27185381376,28065202176
baseline,refactor_p0_nosa_bench_20261005_01,async_sparse,revisit,23,True,30.94255004543811,27.99758897162974,1.8275700276717544,0.00015995465219020844,1.1172310914844275,10444687688,34359738368,12041466368,68719476992,10444687688,34359738368,21420741120,27185381376,28065202176
baseline,refactor_p0_nosa_bench_20261005_01,async_sparse,revisit,24,True,29.980872059240937,27.022131951525807,1.8229379784315825,0.0002380693331360817,1.1355640599504113,10444687688,34359738368,12041466368,68719476992,10444687688,34359738368,21420741120,27185381376,28065202176
baseline,refactor_p0_nosa_bench_20261005_01,async_sparse,revisit,25,True,31.42886294517666,28.480255976319313,1.8271759618073702,0.00014901161193847656,1.1212819954380393,10444687688,34359738368,12041466368,68719476992,10444687688,34359738368,21420741120,27185381376,28065202176
baseline,refactor_p0_nosa_bench_20261005_01,async_sparse,revisit,26,True,30.02536401618272,27.082090033218265,1.822786987759173,0.00025297049432992935,1.1202340247109532,10444687688,34359738368,12041466368,68719476992,10444687688,34359738368,21420741120,27185381376,28065202176
baseline,refactor_p0_nosa_bench_20261005_01,async_sparse,revisit,27,True,29.807392042130232,26.86453005298972,1.8282990204170346,0.00016193371266126633,1.1144010350108147,10444687688,34359738368,12041466368,68719476992,10444687688,34359738368,21420741120,27185381376,28065202176
baseline,refactor_p0_nosa_bench_20261005_01,async_sparse,revisit,28,True,29.93805694859475,27.00336999259889,1.8164109205827117,0.0002050073817372322,1.1180710280314088,10444687688,34359738368,12041466368,68719476992,10444687688,34359738368,21420741120,27185381376,28065202176
baseline,refactor_p0_nosa_bench_20261005_01,async_sparse,revisit,29,True,30.409513041377068,27.429593028500676,1.848028041422367,0.0001809094101190567,1.1317110620439053,10444687688,34359738368,12041466368,68719476992,10444687688,34359738368,21420741120,27185381376,28065202176
baseline,refactor_p0_nosa_bench_20261005_01,async_sparse,revisit,30,True,30.997122987173498,28.046590043231845,1.8278370844200253,0.00017194543033838272,1.122523914091289,10444687688,34359738368,12041466368,68719476992,10444687688,34359738368,21420741120,27185381376,28065202176
baseline,refactor_p0_nosa_bench_20261005_01,async_sparse,revisit,31,True,29.652721947059035,26.700241025537252,1.8408659379929304,0.0001919688656926155,1.1114230146631598,10444687688,34359738368,12041466368,68719476992,10444687688,34359738368,21420741120,27185381376,28065202176
baseline,refactor_p0_nosa_bench_20261005_02,hbm,first,0,False,2356.821627006866,16.131415963172913,3.8695139810442924,2336.618660017848,0.20203704480081797,9236948736,1,9281438720,2,9236948736,1,20211779584,25853689856,26662207488
baseline,refactor_p0_nosa_bench_20261005_02,hbm,first,1,False,2340.4824880417436,16.687790979631245,3.0145340133458376,2320.5755710368976,0.2045920118689537,9236948736,1,9281438720,2,9236948736,1,20211779584,25853689856,26662207488
baseline,refactor_p0_nosa_bench_20261005_02,hbm,first,2,False,2338.314258027822,16.509589971974492,3.029105020686984,2318.5734919970855,0.20207103807479143,9236948736,1,9281438720,2,9236948736,1,20211779584,25853689856,26662207488
baseline,refactor_p0_nosa_bench_20261005_02,hbm,first,3,False,2341.4711320074275,16.72597706783563,2.8556869365274906,2321.6880100080743,0.2014579949900508,9236948736,1,9281438720,2,9236948736,1,20211779584,25853689856,26662207488
baseline,refactor_p0_nosa_bench_20261005_02,hbm,first,4,False,2341.0260310629383,16.530591994524002,3.732479061000049,2320.5573649611324,0.20559504628181458,9236948736,1,9281438720,2,9236948736,1,20211779584,25853689856,26662207488
baseline,refactor_p0_nosa_bench_20261005_02,hbm,first,5,False,2344.8513329494745,16.504411934874952,3.0814429046586156,2325.067263096571,0.19821501336991787,9236948736,1,9281438720,2,9236948736,1,20211779584,25853689856,26662207488
baseline,refactor_p0_nosa_bench_20261005_02,hbm,first,6,False,2340.5062740202993,16.704029985703528,2.930930000729859,2320.676345960237,0.19496807362884283,9236948736,1,9281438720,2,9236948736,1,20211779584,25853689856,26662207488
baseline,refactor_p0_nosa_bench_20261005_02,hbm,first,7,False,2340.715093072504,16.82468398939818,3.067651065066457,2320.6255849217996,0.1971730962395668,9236948736,1,9281438720,2,9236948736,1,20211779584,25853689856,26662207488
baseline,refactor_p0_nosa_bench_20261005_02,hbm,first,8,False,2346.0680100833997,16.701839049346745,3.548631095327437,2325.622940901667,0.19459903705865145,9236948736,1,9281438720,2,9236948736,1,20211779584,25853689856,26662207488
baseline,refactor_p0_nosa_bench_20261005_02,hbm,first,9,False,2346.3482899824157,17.03311305027455,2.9416069155558944,2326.1746970238164,0.1988729927688837,9236948736,1,9281438720,2,9236948736,1,20211779584,25853689856,26662207488
baseline,refactor_p0_nosa_bench_20261005_02,hbm,first,10,False,2342.9089529672638,16.873591928742826,3.0350430170074105,2322.795807966031,0.20451005548238754,9236948736,1,9281438720,2,9236948736,1,20211779584,25853689856,26662207488
baseline,refactor_p0_nosa_bench_20261005_02,hbm,first,11,False,2342.895222012885,16.949812998063862,3.0577339930459857,2322.6889800280333,0.19869499374181032,9236948736,1,9281438720,2,9236948736,1,20211779584,25853689856,26662207488
baseline,refactor_p0_nosa_bench_20261005_02,hbm,first,12,False,2344.104040064849,16.577965929172933,2.9820899944752455,2324.3453920586035,0.1985920825973153,9236948736,1,9281438720,2,9236948736,1,20211779584,25853689856,26662207488
baseline,refactor_p0_nosa_bench_20261005_02,hbm,first,13,False,2341.2358639761806,16.850260086357594,3.0117370188236237,2321.1763768922538,0.19748997874557972,9236948736,1,9281438720,2,9236948736,1,20211779584,25853689856,26662207488
baseline,refactor_p0_nosa_bench_20261005_02,hbm,first,14,False,2346.365359961055,16.64313697256148,3.022894961759448,2326.4971500029787,0.20217802375555038,9236948736,1,9281438720,2,9236948736,1,20211779584,25853689856,26662207488
baseline,refactor_p0_nosa_bench_20261005_02,hbm,first,15,False,2348.302651080303,16.73955307342112,2.9210060602054,2328.445173916407,0.196918030269444,9236948736,1,9281438720,2,9236948736,1,20211779584,25853689856,26662207488
baseline,refactor_p0_nosa_bench_20261005_02,hbm,revisit,16,False,2346.5957739390433,16.87445503193885,2.96618090942502,2326.559419045225,0.19571895245462656,9236948736,1,9281438720,2,9236948736,1,20211779584,25853689856,26662207488
baseline,refactor_p0_nosa_bench_20261005_02,hbm,revisit,17,False,2344.171332893893,16.986069967970252,3.0852759955450892,2323.903576936573,0.19640999380499125,9236948736,1,9281438720,2,9236948736,1,20211779584,25853689856,26662207488
baseline,refactor_p0_nosa_bench_20261005_02,hbm,revisit,18,False,2340.5487530399114,16.819969983771443,3.0676620081067085,2320.465364959091,0.19575608894228935,9236948736,1,9281438720,2,9236948736,1,20211779584,25853689856,26662207488
baseline,refactor_p0_nosa_bench_20261005_02,hbm,revisit,19,False,2336.127793067135,16.64872607216239,2.989394008181989,2316.283541964367,0.20613102242350578,9236948736,1,9281438720,2,9236948736,1,20211779584,25853689856,26662207488
baseline,refactor_p0_nosa_bench_20261005_02,hbm,revisit,20,False,2332.1604559896514,16.970503027550876,2.991007990203798,2311.9990240084007,0.19992096349596977,9236948736,1,9281438720,2,9236948736,1,20211779584,25853689856,26662207488
baseline,refactor_p0_nosa_bench_20261005_02,hbm,revisit,21,False,2347.1341650001705,16.942561022005975,3.0847099842503667,2326.905632042326,0.20126195158809423,9236948736,1,9281438720,2,9236948736,1,20211779584,25853689856,26662207488
baseline,refactor_p0_nosa_bench_20261005_02,hbm,revisit,22,False,2349.1655129473656,16.65964792482555,2.8718019602820277,2329.435858060606,0.19820500165224075,9236948736,1,9281438720,2,9236948736,1,20211779584,25853689856,26662207488
baseline,refactor_p0_nosa_bench_20261005_02,hbm,revisit,23,False,2344.5987310260534,17.042102990671992,2.9575929511338472,2324.40026209224,0.19877299200743437,9236948736,1,9281438720,2,9236948736,1,20211779584,25853689856,26662207488
baseline,refactor_p0_nosa_bench_20261005_02,hbm,revisit,24,False,2335.3055289480835,16.642991919070482,3.031716914847493,2315.421165083535,0.20965503063052893,9236948736,1,9281438720,2,9236948736,1,20211779584,25853689856,26662207488
baseline,refactor_p0_nosa_bench_20261005_02,hbm,revisit,25,False,2337.551761069335,16.41215698327869,3.06828401517123,2317.8729159990326,0.1984040718525648,9236948736,1,9281438720,2,9236948736,1,20211779584,25853689856,26662207488
baseline,refactor_p0_nosa_bench_20261005_02,hbm,revisit,26,False,2336.449794936925,16.85405697207898,2.922339946962893,2316.438802983612,0.23459503427147865,9236948736,1,9281438720,2,9236948736,1,20211779584,25853689856,26662207488
baseline,refactor_p0_nosa_bench_20261005_02,hbm,revisit,27,False,2333.600018057041,16.825946047902107,3.030624007806182,2313.5377180296928,0.205729971639812,9236948736,1,9281438720,2,9236948736,1,20211779584,25853689856,26662207488
baseline,refactor_p0_nosa_bench_20261005_02,hbm,revisit,28,False,2337.806534022093,17.04662700649351,3.0896690441295505,2317.4710859311745,0.19915204029530287,9236948736,1,9281438720,2,9236948736,1,20211779584,25853689856,26662207488
baseline,refactor_p0_nosa_bench_20261005_02,hbm,revisit,29,False,2332.462346064858,16.455768956802785,3.113295999355614,2312.6819040626287,0.21137704607099295,9236948736,1,9281438720,2,9236948736,1,20211779584,25853689856,26662207488
baseline,refactor_p0_nosa_bench_20261005_02,hbm,revisit,30,False,2334.708340000361,16.687464085407555,4.2703739600256085,2313.5531479492784,0.19735400564968586,9236948736,1,9281438720,2,9236948736,1,20211779584,25853689856,26662207488
baseline,refactor_p0_nosa_bench_20261005_02,hbm,revisit,31,False,2337.2296389425173,16.982109984382987,3.085220931097865,2316.954563022591,0.2077450044453144,9236948736,1,9281438720,2,9236948736,1,20211779584,25853689856,26662207488
baseline,refactor_p0_nosa_bench_20261005_02,dense_prefetch,first,0,False,2744.85945107881,24.996945052407682,264.15049307979643,2455.481987912208,0.2300250343978405,9237470232,2147483648,9339235328,4294967304,9237470232,2147483648,20212301824,25866272768,26681081856
baseline,refactor_p0_nosa_bench_20261005_02,dense_prefetch,first,1,False,2712.3270210577175,24.486123933456838,250.88016409426928,2436.6613529855385,0.29938004445284605,9317949480,4294967296,9519382016,8589934608,9317949480,4294967296,20292813312,25929187328,26748190720
baseline,refactor_p0_nosa_bench_20261005_02,dense_prefetch,first,2,False,2685.3439359692857,24.90116492845118,232.97703103162348,2427.0799279911444,0.38581201806664467,9398428728,6442450944,9699528704,12884901912,9398428728,6442450944,20373368832,26015170560,26838368256
baseline,refactor_p0_nosa_bench_20261005_02,dense_prefetch,first,3,False,2670.457917964086,24.705025949515402,208.74396595172584,2436.5544700995088,0.4544559633359313,9478907976,8589934592,9879675392,17179869216,9478907976,8589934592,20454076928,26120028160,26947420160
baseline,refactor_p0_nosa_bench_20261005_02,dense_prefetch,first,4,False,2682.554521947168,24.64409696403891,227.85163798835129,2429.531921981834,0.5268650129437447,9559387224,10737418240,10059822080,21474836520,9559387224,10737418240,20534588416,26203914240,27035500544
baseline,refactor_p0_nosa_bench_20261005_02,dense_prefetch,first,5,False,2684.4308680156246,24.856257950887084,227.9613669961691,2431.0190790565684,0.5941640119999647,9639866472,12884901888,10239968768,25769803824,9639866472,12884901888,20615099904,26289897472,27125678080
baseline,refactor_p0_nosa_bench_20261005_02,dense_prefetch,first,6,False,2655.594835989177,24.452272919006646,196.5843829093501,2433.902144082822,0.6560360779985785,9720345720,15032385536,10420115456,30064771128,9720345720,15032385536,20695655424,26373783552,27213758464
baseline,refactor_p0_nosa_bench_20261005_02,dense_prefetch,first,7,False,2680.6588920298964,25.268957018852234,223.2005699770525,2431.448930990882,0.740434043109417,9800824968,17179869184,10600262144,34359738432,9800824968,17179869184,20776363520,26478641152,27322810368
baseline,refactor_p0_nosa_bench_20261005_02,dense_prefetch,first,8,False,2681.697190972045,24.953223066404462,221.17441100999713,2434.7453059162945,0.8242509793490171,9881304216,19327352832,10780408832,38654705736,9881304216,19327352832,20856875008,26564624384,27412987904
baseline,refactor_p0_nosa_bench_20261005_02,dense_prefetch,first,9,False,2654.6285970835015,24.8256369959563,197.63043301645666,2431.2772139674053,0.8953131036832929,9961783464,21474836480,10960555520,42949673040,9961783464,21474836480,20937386496,26648510464,27501068288
baseline,refactor_p0_nosa_bench_20261005_02,dense_prefetch,first,10,False,2698.8611419219524,24.83117999508977,232.11821599397808,2440.951767959632,0.9599779732525349,10042262712,23622320128,11140702208,47244640344,10042262712,23622320128,21017942016,26732396544,27589148672
baseline,refactor_p0_nosa_bench_20261005_02,dense_prefetch,first,11,False,2657.6735209673643,25.15932498499751,198.8583659986034,2432.624071952887,1.0317580308765173,10122741960,25769803776,11320848896,51539607648,10122741960,25769803776,21098650112,26839351296,27700297728
baseline,refactor_p0_nosa_bench_20261005_02,dense_prefetch,first,12,False,2680.431800079532,24.934443994425237,221.74893703777343,2432.6091540278867,1.1392650194466114,10203221208,27917287424,11500995584,55834574952,10203221208,27917287424,21179161600,26923237376,27788378112
baseline,refactor_p0_nosa_bench_20261005_02,dense_prefetch,first,13,False,2695.335987955332,24.88157502375543,235.68227794021368,2433.5808879695833,1.191247021779418,10283700456,30064771072,11681142272,60129542256,10283700456,30064771072,21259673088,27007123456,27876458496
baseline,refactor_p0_nosa_bench_20261005_02,dense_prefetch,first,14,False,2679.7393440501764,25.201615993864834,216.46490797866136,2436.804686090909,1.2681339867413044,10364179704,32212254720,11861288960,64424509560,10364179704,32212254720,21340228608,27093106688,27966636032
baseline,refactor_p0_nosa_bench_20261005_02,dense_prefetch,first,15,False,2655.163801042363,24.912610999308527,197.1156180370599,2431.8005610257387,1.3350109802559018,10444658952,34359738368,12041435648,68719476864,10444658952,34359738368,21420936704,27197964288,28075687936
baseline,refactor_p0_nosa_bench_20261005_02,dense_prefetch,revisit,16,True,70.37605601362884,67.18155206181109,1.8660579808056355,0.00022596213966608047,1.3282200088724494,10444658952,34359738368,12041435648,68719476864,10444658952,34359738368,21420936704,27197964288,28075687936
baseline,refactor_p0_nosa_bench_20261005_02,dense_prefetch,revisit,17,True,70.53187699057162,67.36681901384145,1.8701989902183414,0.0002919696271419525,1.2945670168846846,10444658952,34359738368,12041435648,68719476864,10444658952,34359738368,21420936704,27197964288,28075687936
baseline,refactor_p0_nosa_bench_20261005_02,dense_prefetch,revisit,18,True,71.52947096619755,68.34508595056832,1.8900259165093303,0.0003480818122625351,1.2940110173076391,10444658952,34359738368,12041435648,68719476864,10444658952,34359738368,21420936704,27197964288,28075687936
baseline,refactor_p0_nosa_bench_20261005_02,dense_prefetch,revisit,19,True,70.31857501715422,67.19091697596014,1.8596970476210117,0.00018801074475049973,1.267772982828319,10444658952,34359738368,12041435648,68719476864,10444658952,34359738368,21420936704,27197964288,28075687936
baseline,refactor_p0_nosa_bench_20261005_02,dense_prefetch,revisit,20,True,70.39658492431045,67.29901791550219,1.8778149969875813,0.00020302832126617432,1.2195489834994078,10444658952,34359738368,12041435648,68719476864,10444658952,34359738368,21420936704,27197964288,28075687936
baseline,refactor_p0_nosa_bench_20261005_02,dense_prefetch,revisit,21,True,70.16374997328967,67.1643220121041,1.8378220265731215,0.00025599729269742966,1.1613499373197556,10444658952,34359738368,12041435648,68719476864,10444658952,34359738368,21420936704,27197964288,28075687936
baseline,refactor_p0_nosa_bench_20261005_02,dense_prefetch,revisit,22,True,71.19857298675925,68.17919004242867,1.8676179461181164,0.00016903504729270935,1.151595963165164,10444658952,34359738368,12041435648,68719476864,10444658952,34359738368,21420936704,27197964288,28075687936
baseline,refactor_p0_nosa_bench_20261005_02,dense_prefetch,revisit,23,True,70.83881692960858,67.856065928936,1.8452239455655217,0.00018009450286626816,1.1373469606041908,10444658952,34359738368,12041435648,68719476864,10444658952,34359738368,21420936704,27197964288,28075687936
baseline,refactor_p0_nosa_bench_20261005_02,dense_prefetch,revisit,24,True,70.70971594657749,67.70850601606071,1.858965028077364,0.0001878943294286728,1.1420570081099868,10444658952,34359738368,12041435648,68719476864,10444658952,34359738368,21420936704,27197964288,28075687936
baseline,refactor_p0_nosa_bench_20261005_02,dense_prefetch,revisit,25,True,70.2367969788611,67.23069900181144,1.8755609635263681,0.00024400651454925537,1.1302930070087314,10444658952,34359738368,12041435648,68719476864,10444658952,34359738368,21420936704,27197964288,28075687936
baseline,refactor_p0_nosa_bench_20261005_02,dense_prefetch,revisit,26,True,92.554243048653,89.57128704059869,1.8642930081114173,0.00024598557502031326,1.1184170143678784,10444658952,34359738368,12041435648,68719476864,10444658952,34359738368,21420936704,27197964288,28075687936
baseline,refactor_p0_nosa_bench_20261005_02,dense_prefetch,revisit,27,True,69.84328606631607,66.8989730766043,1.8260590732097626,0.0002059387043118477,1.118047977797687,10444658952,34359738368,12041435648,68719476864,10444658952,34359738368,21420936704,27197964288,28075687936
baseline,refactor_p0_nosa_bench_20261005_02,dense_prefetch,revisit,28,True,70.11870900169015,67.1694950433448,1.8264299724251032,0.0002119923010468483,1.1225719936192036,10444658952,34359738368,12041435648,68719476864,10444658952,34359738368,21420936704,27197964288,28075687936
baseline,refactor_p0_nosa_bench_20261005_02,dense_prefetch,revisit,29,True,70.15340297948569,67.16244795825332,1.8448500195518136,0.00018195714801549911,1.1459230445325375,10444658952,34359738368,12041435648,68719476864,10444658952,34359738368,21420936704,27197964288,28075687936
baseline,refactor_p0_nosa_bench_20261005_02,dense_prefetch,revisit,30,True,70.41449809912592,67.44472088757902,1.835205010138452,0.00019709113985300064,1.1343751102685928,10444658952,34359738368,12041435648,68719476864,10444658952,34359738368,21420936704,27197964288,28075687936
baseline,refactor_p0_nosa_bench_20261005_02,dense_prefetch,revisit,31,True,70.08172909263521,67.134091979824,1.8380130641162395,0.000200001522898674,1.1094240471720695,10444658952,34359738368,12041435648,68719476864,10444658952,34359738368,21420936704,27197964288,28075687936
baseline,refactor_p0_nosa_bench_20261005_02,sync_sparse,first,0,False,2733.656469034031,22.527495049871504,281.42103704158217,2429.4656219426543,0.24231499992311,9237498968,2147483648,9339266048,4294967312,9237498968,2147483648,20212332544,25916604416,26733510656
baseline,refactor_p0_nosa_bench_20261005_02,sync_sparse,first,1,False,2677.26704897359,21.839480963535607,245.13761792331934,2409.978450043127,0.31150004360824823,9317978216,4294967296,9519412736,8589934624,9317978216,4294967296,20292844032,25916604416,26737704960
baseline,refactor_p0_nosa_bench_20261005_02,sync_sparse,first,2,False,2670.6878630211577,21.87583304475993,230.6413110345602,2417.7906370023265,0.3800819395110011,9398457464,6442450944,9699559424,12884901936,9398457464,6442450944,20373355520,26023559168,26848854016
baseline,refactor_p0_nosa_bench_20261005_02,sync_sparse,first,3,False,2659.3230430735275,21.961645921692252,219.87940010149032,2417.025789967738,0.45620708260685205,9478936712,8589934592,9879706112,17179869248,9478936712,8589934592,20453925376,26107445248,26936934400
baseline,refactor_p0_nosa_bench_20261005_02,sync_sparse,first,4,False,2640.500272042118,22.141968947835267,213.02501996979117,2404.8016370506957,0.531646073795855,9559415960,10737418240,10059852800,21474836560,9559415960,10737418240,20534436864,26191331328,27025014784
baseline,refactor_p0_nosa_bench_20261005_02,sync_sparse,first,5,False,2638.3230990031734,22.28903502691537,204.19780199881643,2411.229770979844,0.6064909975975752,9639895208,12884901888,10239999488,25769803872,9639895208,12884901888,20615144960,26298286080,27136163840
baseline,refactor_p0_nosa_bench_20261005_02,sync_sparse,first,6,False,2636.441129958257,22.1776079852134,199.5952039724216,2413.995889015496,0.6724289851263165,9720374456,15032385536,10420146176,30064771184,9720374456,15032385536,20695656448,26382172160,27224244224
baseline,refactor_p0_nosa_bench_20261005_02,sync_sparse,first,7,False,2662.839857977815,21.99968497734517,230.099378968589,2409.981806995347,0.7589870365336537,9800853704,17179869184,10600292864,34359738496,9800853704,17179869184,20776167936,26466058240,27312324608
baseline,refactor_p0_nosa_bench_20261005_02,sync_sparse,first,8,False,2676.298332051374,22.179495077580214,243.17195103503764,2410.1208999054506,0.8259860333055258,9881332952,19327352832,10780439552,38654705808,9881332952,19327352832,20856723456,26552041472,27402502144
baseline,refactor_p0_nosa_bench_20261005_02,sync_sparse,first,9,False,2660.6152780586854,22.05441298428923,226.8212060444057,2410.8257439220324,0.9139151079580188,9961812200,21474836480,10960586240,42949673120,9961812200,21474836480,20937431552,26656899072,27511554048
baseline,refactor_p0_nosa_bench_20261005_02,sync_sparse,first,10,False,2655.6332129985094,22.145139053463936,224.14070996455848,2408.384974929504,0.9623890509828925,10042291448,23622320128,11140732928,47244640432,10042291448,23622320128,21017943040,26740785152,27599634432
baseline,refactor_p0_nosa_bench_20261005_02,sync_sparse,first,11,False,2657.0123659912497,22.094756946898997,221.22355201281607,2412.6275460002944,1.0665110312402248,10122770696,25769803776,11320879616,51539607744,10122770696,25769803776,21098454528,26826768384,27689811968
baseline,refactor_p0_nosa_bench_20261005_02,sync_sparse,first,12,False,2667.134961928241,22.669944912195206,225.17489595338702,2418.076212052256,1.2139090104028583,10203249944,27917287424,11501026304,55834575056,10203249944,27917287424,21179010048,26910654464,27777892352
baseline,refactor_p0_nosa_bench_20261005_02,sync_sparse,first,13,False,2627.0717510487884,22.290430963039398,194.79923602193594,2408.78719300963,1.1948910541832447,10283729192,30064771072,11681172992,60129542368,10283729192,30064771072,21259718144,27015512064,27886944256
baseline,refactor_p0_nosa_bench_20261005_02,sync_sparse,first,14,False,2637.717835023068,22.843130049295723,197.22048507537693,2416.375636938028,1.2785829603672028,10364208440,32212254720,11861319680,64424509680,10364208440,32212254720,21340229632,27101495296,27977121792
baseline,refactor_p0_nosa_bench_20261005_02,sync_sparse,first,15,False,2719.9958459241316,22.705583018250763,272.3764709662646,2423.581277951598,1.3325139880180359,10444687688,34359738368,12041466368,68719476992,10444687688,34359738368,21420741120,27185381376,28065202176
baseline,refactor_p0_nosa_bench_20261005_02,sync_sparse,revisit,16,True,28.095119050703943,24.904094054363668,1.8851939821615815,0.00026903580874204636,1.3055619783699512,10444687688,34359738368,12041466368,68719476992,10444687688,34359738368,21420741120,27185381376,28065202176
baseline,refactor_p0_nosa_bench_20261005_02,sync_sparse,revisit,17,True,28.220224077813327,25.24582389742136,1.8346960423514247,0.0002300366759300232,1.1394741013646126,10444687688,34359738368,12041466368,68719476992,10444687688,34359738368,21420741120,27185381376,28065202176
baseline,refactor_p0_nosa_bench_20261005_02,sync_sparse,revisit,18,True,28.474039980210364,25.549115031026304,1.8286430276930332,0.0001809094101190567,1.0961010120809078,10444687688,34359738368,12041466368,68719476992,10444687688,34359738368,21420741120,27185381376,28065202176
baseline,refactor_p0_nosa_bench_20261005_02,sync_sparse,revisit,19,True,28.059958014637232,24.384593009017408,2.5671649491414428,0.00018998980522155762,1.1080100666731596,10444687688,34359738368,12041466368,68719476992,10444687688,34359738368,21420741120,27185381376,28065202176
baseline,refactor_p0_nosa_bench_20261005_02,sync_sparse,revisit,20,True,27.76370896026492,24.825892993249,1.8393349600955844,0.00019604340195655823,1.0982849635183811,10444687688,34359738368,12041466368,68719476992,10444687688,34359738368,21420741120,27185381376,28065202176
baseline,refactor_p0_nosa_bench_20261005_02,sync_sparse,revisit,21,True,27.394557022489607,24.47299601044506,1.8212230643257499,0.0002220040187239647,1.1001159437000751,10444687688,34359738368,12041466368,68719476992,10444687688,34359738368,21420741120,27185381376,28065202176
baseline,refactor_p0_nosa_bench_20261005_02,sync_sparse,revisit,22,True,50.28462200425565,47.35168407205492,1.8327409634366632,0.00018801074475049973,1.1000089580193162,10444687688,34359738368,12041466368,68719476992,10444687688,34359738368,21420741120,27185381376,28065202176
baseline,refactor_p0_nosa_bench_20261005_02,sync_sparse,revisit,23,True,27.660110034048557,24.734899983741343,1.831243047490716,0.00024097971618175507,1.0937260231003165,10444687688,34359738368,12041466368,68719476992,10444687688,34359738368,21420741120,27185381376,28065202176
baseline,refactor_p0_nosa_bench_20261005_02,sync_sparse,revisit,24,True,27.169024921022356,24.24931200221181,1.8304279074072838,0.00018510036170482635,1.0890999110415578,10444687688,34359738368,12041466368,68719476992,10444687688,34359738368,21420741120,27185381376,28065202176
baseline,refactor_p0_nosa_bench_20261005_02,sync_sparse,revisit,25,True,28.253299999050796,25.32376302406192,1.8252510344609618,0.00023399479687213898,1.1040519457310438,10444687688,34359738368,12041466368,68719476992,10444687688,34359738368,21420741120,27185381376,28065202176
baseline,refactor_p0_nosa_bench_20261005_02,sync_sparse,revisit,26,True,27.21542294602841,24.27470893599093,1.8441749271005392,0.00017706770449876785,1.0963620152324438,10444687688,34359738368,12041466368,68719476992,10444687688,34359738368,21420741120,27185381376,28065202176
baseline,refactor_p0_nosa_bench_20261005_02,sync_sparse,revisit,27,True,27.175021008588374,24.10900592803955,1.976142986677587,0.00017706770449876785,1.089695026166737,10444687688,34359738368,12041466368,68719476992,10444687688,34359738368,21420741120,27185381376,28065202176
baseline,refactor_p0_nosa_bench_20261005_02,sync_sparse,revisit,28,True,26.983525953255594,24.045436992309988,1.8382580019533634,0.0001789303496479988,1.0996520286425948,10444687688,34359738368,12041466368,68719476992,10444687688,34359738368,21420741120,27185381376,28065202176
baseline,refactor_p0_nosa_bench_20261005_02,sync_sparse,revisit,29,True,27.648548944853246,24.707536096684635,1.8339359667152166,0.0001889420673251152,1.1068879393860698,10444687688,34359738368,12041466368,68719476992,10444687688,34359738368,21420741120,27185381376,28065202176
baseline,refactor_p0_nosa_bench_20261005_02,sync_sparse,revisit,30,True,28.134873951785266,25.20449901930988,1.8223649822175503,0.00016903504729270935,1.107840915210545,10444687688,34359738368,12041466368,68719476992,10444687688,34359738368,21420741120,27185381376,28065202176
baseline,refactor_p0_nosa_bench_20261005_02,sync_sparse,revisit,31,True,27.402054984122515,24.483050918206573,1.8328339792788029,0.00018405262380838394,1.085986034013331,10444687688,34359738368,12041466368,68719476992,10444687688,34359738368,21420741120,27185381376,28065202176
baseline,refactor_p0_nosa_bench_20261005_02,async_sparse,first,0,False,2816.316588083282,22.25765399634838,281.02337499149144,2512.808470055461,0.2270890399813652,9237498968,2147483648,9339266048,4294967312,9237498968,2147483648,20212332544,25916604416,26733510656
baseline,refactor_p0_nosa_bench_20261005_02,async_sparse,first,1,False,2794.7721779346466,22.429857053793967,275.08056291844696,2496.9488399801776,0.3129179822281003,9317978216,4294967296,9519412736,8589934624,9317978216,4294967296,20292844032,25916604416,26737704960
baseline,refactor_p0_nosa_bench_20261005_02,async_sparse,first,2,False,2765.549710020423,22.268451983109117,256.19824102614075,2486.7167589254677,0.3662580857053399,9398457464,6442450944,9699559424,12884901936,9398457464,6442450944,20373355520,26023559168,26848854016
baseline,refactor_p0_nosa_bench_20261005_02,async_sparse,first,3,False,2745.667577954009,21.990376990288496,228.69757004082203,2494.5363299921155,0.4433009307831526,9478936712,8589934592,9879706112,17179869248,9478936712,8589934592,20453925376,26107445248,26936934400
baseline,refactor_p0_nosa_bench_20261005_02,async_sparse,first,4,False,2760.615461040288,22.404624964110553,235.84423295687884,2501.8447340698913,0.5218690494075418,9559415960,10737418240,10059852800,21474836560,9559415960,10737418240,20534436864,26191331328,27025014784
baseline,refactor_p0_nosa_bench_20261005_02,async_sparse,first,5,False,2716.3983599748462,22.35682704485953,201.47672097664326,2491.971503943205,0.5933080101385713,9639895208,12884901888,10239999488,25769803872,9639895208,12884901888,20615144960,26298286080,27136163840
baseline,refactor_p0_nosa_bench_20261005_02,async_sparse,first,6,False,2735.1696300320327,22.16202497947961,221.84010304044932,2490.5130750266835,0.6544269854202867,9720374456,15032385536,10420146176,30064771184,9720374456,15032385536,20695656448,26382172160,27224244224
baseline,refactor_p0_nosa_bench_20261005_02,async_sparse,first,7,False,2716.6601810604334,22.3345709964633,202.74667302146554,2490.829201065935,0.7497359765693545,9800853704,17179869184,10600292864,34359738496,9800853704,17179869184,20776167936,26466058240,27312324608
baseline,refactor_p0_nosa_bench_20261005_02,async_sparse,first,8,False,2718.4220879571512,22.466160007752478,197.03709695022553,2498.096007038839,0.8228239603340626,9881332952,19327352832,10780439552,38654705808,9881332952,19327352832,20856723456,26552041472,27402502144
baseline,refactor_p0_nosa_bench_20261005_02,async_sparse,first,9,False,2757.1799180004746,22.2791179548949,231.1217290116474,2502.863281988539,0.915789045393467,9961812200,21474836480,10960586240,42949673120,9961812200,21474836480,20937431552,26656899072,27511554048
baseline,refactor_p0_nosa_bench_20261005_02,async_sparse,first,10,False,2719.77477602195,22.604926023632288,199.15563601534814,2497.0343329478055,0.9798810351639986,10042291448,23622320128,11140732928,47244640432,10042291448,23622320128,21017943040,26740785152,27599634432
baseline,refactor_p0_nosa_bench_20261005_02,async_sparse,first,11,False,2720.3149229753762,22.51659892499447,199.02316003572196,2497.72246403154,1.0526999831199646,10122770696,25769803776,11320879616,51539607744,10122770696,25769803776,21098454528,26826768384,27689811968
baseline,refactor_p0_nosa_bench_20261005_02,async_sparse,first,12,False,2714.138575945981,22.230395930819213,197.3330529872328,2493.4470580192283,1.1280690087005496,10203249944,27917287424,11501026304,55834575056,10203249944,27917287424,21179010048,26910654464,27777892352
baseline,refactor_p0_nosa_bench_20261005_02,async_sparse,first,13,False,2755.1559220300987,22.45636994484812,225.620410987176,2505.8883239980787,1.1908170999959111,10283729192,30064771072,11681172992,60129542368,10283729192,30064771072,21259718144,27015512064,27886944256
baseline,refactor_p0_nosa_bench_20261005_02,async_sparse,first,14,False,2760.495790047571,22.47742097824812,245.4159080516547,2491.315652965568,1.2868080521002412,10364208440,32212254720,11861319680,64424509680,10364208440,32212254720,21340229632,27101495296,27977121792
baseline,refactor_p0_nosa_bench_20261005_02,async_sparse,first,15,False,2712.081701029092,22.396828047931194,192.67788692377508,2495.653046062216,1.3539399951696396,10444687688,34359738368,12041466368,68719476992,10444687688,34359738368,21420741120,27185381376,28065202176
baseline,refactor_p0_nosa_bench_20261005_02,async_sparse,revisit,16,True,30.266301007941365,27.10623701568693,1.8691850127652287,0.00017206184566020966,1.290706917643547,10444687688,34359738368,12041466368,68719476992,10444687688,34359738368,21420741120,27185381376,28065202176
baseline,refactor_p0_nosa_bench_20261005_02,async_sparse,revisit,17,True,30.92868800740689,27.979669044725597,1.816179952584207,0.0002919696271419525,1.1325470404699445,10444687688,34359738368,12041466368,68719476992,10444687688,34359738368,21420741120,27185381376,28065202176
baseline,refactor_p0_nosa_bench_20261005_02,async_sparse,revisit,18,True,31.263001961633563,28.315151925198734,1.8350009340792894,0.00016507692635059357,1.1126840254291892,10444687688,34359738368,12041466368,68719476992,10444687688,34359738368,21420741120,27185381376,28065202176
baseline,refactor_p0_nosa_bench_20261005_02,async_sparse,revisit,19,True,30.020284932106733,27.06704894080758,1.8485249020159245,0.00018510036170482635,1.104525988921523,10444687688,34359738368,12041466368,68719476992,10444687688,34359738368,21420741120,27185381376,28065202176
baseline,refactor_p0_nosa_bench_20261005_02,async_sparse,revisit,20,True,30.550037045031786,27.60987204965204,1.8329679733142257,0.00018801074475049973,1.1070090113207698,10444687688,34359738368,12041466368,68719476992,10444687688,34359738368,21420741120,27185381376,28065202176
baseline,refactor_p0_nosa_bench_20261005_02,async_sparse,revisit,21,True,30.548963928595185,27.569536003284156,1.8759840168058872,0.00021990854293107986,1.1032239999622107,10444687688,34359738368,12041466368,68719476992,10444687688,34359738368,21420741120,27185381376,28065202176
baseline,refactor_p0_nosa_bench_20261005_02,async_sparse,revisit,22,True,52.770640002563596,49.84295601025224,1.8141039181500673,0.00015099067240953445,1.1134290834888816,10444687688,34359738368,12041466368,68719476992,10444687688,34359738368,21420741120,27185381376,28065202176
baseline,refactor_p0_nosa_bench_20261005_02,async_sparse,revisit,23,True,30.859889928251505,27.91463804896921,1.8441879656165838,0.00016298145055770874,1.1009009322151542,10444687688,34359738368,12041466368,68719476992,10444687688,34359738368,21420741120,27185381376,28065202176
baseline,refactor_p0_nosa_bench_20261005_02,async_sparse,revisit,24,True,30.53808002732694,27.608084958046675,1.8310419982299209,0.00016798730939626694,1.0987850837409496,10444687688,34359738368,12041466368,68719476992,10444687688,34359738368,21420741120,27185381376,28065202176
baseline,refactor_p0_nosa_bench_20261005_02,async_sparse,revisit,25,True,30.411259969696403,27.460879064165056,1.8263140227645636,0.0001959269866347313,1.1238709557801485,10444687688,34359738368,12041466368,68719476992,10444687688,34359738368,21420741120,27185381376,28065202176
baseline,refactor_p0_nosa_bench_20261005_02,async_sparse,revisit,26,True,30.027050990611315,27.086416026577353,1.8560289172455668,0.0002050073817372322,1.0844010394066572,10444687688,34359738368,12041466368,68719476992,10444687688,34359738368,21420741120,27185381376,28065202176
baseline,refactor_p0_nosa_bench_20261005_02,async_sparse,revisit,27,True,29.77194299455732,26.846775086596608,1.8309339648112655,0.00022794120013713837,1.0940060019493103,10444687688,34359738368,12041466368,68719476992,10444687688,34359738368,21420741120,27185381376,28065202176
baseline,refactor_p0_nosa_bench_20261005_02,async_sparse,revisit,28,True,30.608323984779418,27.67421305179596,1.8310570158064365,0.0002009328454732895,1.1028529843315482,10444687688,34359738368,12041466368,68719476992,10444687688,34359738368,21420741120,27185381376,28065202176
baseline,refactor_p0_nosa_bench_20261005_02,async_sparse,revisit,29,True,31.304873060435057,28.369285981170833,1.8428940093144774,0.0002139713615179062,1.0924790985882282,10444687688,34359738368,12041466368,68719476992,10444687688,34359738368,21420741120,27185381376,28065202176
baseline,refactor_p0_nosa_bench_20261005_02,async_sparse,revisit,30,True,31.73067804891616,28.793603065423667,1.834264025092125,0.00016391277313232422,1.1026470456272364,10444687688,34359738368,12041466368,68719476992,10444687688,34359738368,21420741120,27185381376,28065202176
baseline,refactor_p0_nosa_bench_20261005_02,async_sparse,revisit,31,True,29.447415028698742,26.50722290854901,1.8477259436622262,0.0002480810508131981,1.0922180954366922,10444687688,34359738368,12041466368,68719476992,10444687688,34359738368,21420741120,27185381376,28065202176
baseline,refactor_p0_nosa_bench_20261005_03,hbm,first,0,False,2358.509156969376,16.13232702948153,3.8560800021514297,2338.324169977568,0.19657996017485857,9236948736,1,9281438720,2,9236948736,1,20211779584,25853689856,26662207488
baseline,refactor_p0_nosa_bench_20261005_03,hbm,first,1,False,2331.1420109821483,16.966474941000342,2.974216011352837,2311.0051460098475,0.19617401994764805,9236948736,1,9281438720,2,9236948736,1,20211779584,25853689856,26662207488
baseline,refactor_p0_nosa_bench_20261005_03,hbm,first,2,False,2335.061421035789,16.551973996683955,2.9817760223522782,2315.3222729451954,0.2053980715572834,9236948736,1,9281438720,2,9236948736,1,20211779584,25853689856,26662207488
baseline,refactor_p0_nosa_bench_20261005_03,hbm,first,3,False,2346.2917750002816,16.709306044504046,2.854235004633665,2326.5239279717207,0.20430597942322493,9236948736,1,9281438720,2,9236948736,1,20211779584,25853689856,26662207488
baseline,refactor_p0_nosa_bench_20261005_03,hbm,first,4,False,2338.166965986602,16.858543967828155,3.4657659707590938,2317.6434540655464,0.19920198246836662,9236948736,1,9281438720,2,9236948736,1,20211779584,25853689856,26662207488
baseline,refactor_p0_nosa_bench_20261005_03,hbm,first,5,False,2344.606534112245,16.54267101548612,2.9515160713344812,2324.904673965648,0.20767305977642536,9236948736,1,9281438720,2,9236948736,1,20211779584,25853689856,26662207488
baseline,refactor_p0_nosa_bench_20261005_03,hbm,first,6,False,2338.9334010425955,16.787769040092826,2.9936920618638396,2318.930923938751,0.2210160018876195,9236948736,1,9281438720,2,9236948736,1,20211779584,25853689856,26662207488
baseline,refactor_p0_nosa_bench_20261005_03,hbm,first,7,False,2332.389051094651,16.653743921779096,3.0293940799310803,2312.5101890182123,0.19572407472878695,9236948736,1,9281438720,2,9236948736,1,20211779584,25853689856,26662207488
baseline,refactor_p0_nosa_bench_20261005_03,hbm,first,8,False,2335.884831030853,16.365622985176742,3.6387440050020814,2315.6807760242373,0.19968801643699408,9236948736,1,9281438720,2,9236948736,1,20211779584,25853689856,26662207488
baseline,refactor_p0_nosa_bench_20261005_03,hbm,first,9,False,2334.5925979083404,16.722869011573493,2.976827905513346,2314.6941860904917,0.19871490076184273,9236948736,1,9281438720,2,9236948736,1,20211779584,25853689856,26662207488
baseline,refactor_p0_nosa_bench_20261005_03,hbm,first,10,False,2347.817645058967,16.502853017300367,2.995927003212273,2328.1195840099826,0.1992810284718871,9236948736,1,9281438720,2,9236948736,1,20211779584,25853689856,26662207488
baseline,refactor_p0_nosa_bench_20261005_03,hbm,first,11,False,2342.197882011533,16.55841409228742,3.0531890224665403,2322.3879339639097,0.19834493286907673,9236948736,1,9281438720,2,9236948736,1,20211779584,25853689856,26662207488
baseline,refactor_p0_nosa_bench_20261005_03,hbm,first,12,False,2345.486673992127,16.758529003709555,2.978582982905209,2325.5541030084714,0.19545899704098701,9236948736,1,9281438720,2,9236948736,1,20211779584,25853689856,26662207488
baseline,refactor_p0_nosa_bench_20261005_03,hbm,first,13,False,2347.311367979273,16.748441965319216,4.055592929944396,2326.3083890778944,0.19894400611519814,9236948736,1,9281438720,2,9236948736,1,20211779584,25853689856,26662207488
baseline,refactor_p0_nosa_bench_20261005_03,hbm,first,14,False,2348.482888075523,16.77997095976025,3.073908039368689,2328.4312239848077,0.197785091586411,9236948736,1,9281438720,2,9236948736,1,20211779584,25853689856,26662207488
baseline,refactor_p0_nosa_bench_20261005_03,hbm,first,15,False,2329.51197901275,16.641041031107306,2.928434987552464,2309.7490379586816,0.19346503540873528,9236948736,1,9281438720,2,9236948736,1,20211779584,25853689856,26662207488
baseline,refactor_p0_nosa_bench_20261005_03,hbm,revisit,16,False,2346.4662689948454,16.696825972758234,2.9916850617155433,2326.5833440236747,0.19441393669694662,9236948736,1,9281438720,2,9236948736,1,20211779584,25853689856,26662207488
baseline,refactor_p0_nosa_bench_20261005_03,hbm,revisit,17,False,2345.917279017158,17.082732054404914,3.1054290011525154,2325.5189219489694,0.2101960126310587,9236948736,1,9281438720,2,9236948736,1,20211779584,25853689856,26662207488
baseline,refactor_p0_nosa_bench_20261005_03,hbm,revisit,18,False,2343.453831039369,16.98576007038355,3.0282679945230484,2323.241538950242,0.198264024220407,9236948736,1,9281438720,2,9236948736,1,20211779584,25853689856,26662207488
baseline,refactor_p0_nosa_bench_20261005_03,hbm,revisit,19,False,2341.9130970723927,16.541964025236666,2.959273988381028,2322.2150220535696,0.19683700520545244,9236948736,1,9281438720,2,9236948736,1,20211779584,25853689856,26662207488
baseline,refactor_p0_nosa_bench_20261005_03,hbm,revisit,20,False,2340.367491939105,17.26716000121087,2.9804289806634188,2319.9196869973093,0.20021595992147923,9236948736,1,9281438720,2,9236948736,1,20211779584,25853689856,26662207488
baseline,refactor_p0_nosa_bench_20261005_03,hbm,revisit,21,False,2348.9526639459655,16.969431890174747,3.0815890058875084,2328.693673014641,0.20797003526240587,9236948736,1,9281438720,2,9236948736,1,20211779584,25853689856,26662207488
baseline,refactor_p0_nosa_bench_20261005_03,hbm,revisit,22,False,2346.4274930302054,16.620134003460407,2.8917170129716396,2326.716691022739,0.19895099103450775,9236948736,1,9281438720,2,9236948736,1,20211779584,25853689856,26662207488
baseline,refactor_p0_nosa_bench_20261005_03,hbm,revisit,23,False,2335.8108290703967,17.078691977076232,2.9498240910470486,2315.585704986006,0.19660801626741886,9236948736,1,9281438720,2,9236948736,1,20211779584,25853689856,26662207488
baseline,refactor_p0_nosa_bench_20261005_03,hbm,revisit,24,False,2340.190226910636,16.82736200746149,4.0548499673604965,2319.1086889710277,0.1993259647861123,9236948736,1,9281438720,2,9236948736,1,20211779584,25853689856,26662207488
baseline,refactor_p0_nosa_bench_20261005_03,hbm,revisit,25,False,2347.419962985441,16.70209097210318,3.062893054448068,2327.454674988985,0.2003039699047804,9236948736,1,9281438720,2,9236948736,1,20211779584,25853689856,26662207488
baseline,refactor_p0_nosa_bench_20261005_03,hbm,revisit,26,False,2344.5005720714107,16.77697990089655,2.974702976644039,2324.5502091012895,0.19868009258061647,9236948736,1,9281438720,2,9236948736,1,20211779584,25853689856,26662207488
baseline,refactor_p0_nosa_bench_20261005_03,hbm,revisit,27,False,2343.4368850430474,17.00171094853431,3.0388740124180913,2323.189015034586,0.2072850475087762,9236948736,1,9281438720,2,9236948736,1,20211779584,25853689856,26662207488
baseline,refactor_p0_nosa_bench_20261005_03,hbm,revisit,28,False,2350.9508080314845,16.97650400456041,3.1135049648582935,2330.650810035877,0.2099890261888504,9236948736,1,9281438720,2,9236948736,1,20211779584,25853689856,26662207488
baseline,refactor_p0_nosa_bench_20261005_03,hbm,revisit,29,False,2339.668628992513,16.79469004739076,3.1264820136129856,2319.5494229439646,0.19803398754447699,9236948736,1,9281438720,2,9236948736,1,20211779584,25853689856,26662207488
baseline,refactor_p0_nosa_bench_20261005_03,hbm,revisit,30,False,2334.082271088846,16.65958308149129,2.940356032922864,2314.283416955732,0.19891501870006323,9236948736,1,9281438720,2,9236948736,1,20211779584,25853689856,26662207488
baseline,refactor_p0_nosa_bench_20261005_03,hbm,revisit,31,False,2348.678342066705,17.080457997508347,3.0161800095811486,2328.3816250041127,0.20007905550301075,9236948736,1,9281438720,2,9236948736,1,20211779584,25853689856,26662207488
baseline,refactor_p0_nosa_bench_20261005_03,dense_prefetch,first,0,False,2738.480619038455,25.246805977076292,251.56418303959072,2461.4215859910473,0.24804403074085712,9237470232,2147483648,9339235328,4294967304,9237470232,2147483648,20212301824,25866272768,26681081856
baseline,refactor_p0_nosa_bench_20261005_03,dense_prefetch,first,1,False,2719.175448990427,24.95856292080134,257.5173459481448,2436.4032050361857,0.29633508529514074,9317949480,4294967296,9519382016,8589934608,9317949480,4294967296,20292813312,25929187328,26748190720
baseline,refactor_p0_nosa_bench_20261005_03,dense_prefetch,first,2,False,2686.2108960049227,25.16347903292626,230.0918580731377,2430.5817879503593,0.37377094849944115,9398428728,6442450944,9699528704,12884901912,9398428728,6442450944,20373368832,26015170560,26838368256
baseline,refactor_p0_nosa_bench_20261005_03,dense_prefetch,first,3,False,2674.396872986108,24.94127198588103,206.5151589922607,2442.498069955036,0.44237205293029547,9478907976,8589934592,9879675392,17179869216,9478907976,8589934592,20454076928,26120028160,26947420160
baseline,refactor_p0_nosa_bench_20261005_03,dense_prefetch,first,4,False,2701.224906020798,24.987931945361197,240.3834069846198,2435.328633058816,0.5249340320006013,9559387224,10737418240,10059822080,21474836520,9559387224,10737418240,20534588416,26203914240,27035500544
baseline,refactor_p0_nosa_bench_20261005_03,dense_prefetch,first,5,False,2692.6350289722905,25.134437019005418,225.6276059197262,2441.279376973398,0.5936090601608157,9639866472,12884901888,10239968768,25769803824,9639866472,12884901888,20615099904,26289897472,27125678080
baseline,refactor_p0_nosa_bench_20261005_03,dense_prefetch,first,6,False,2659.1278460109606,25.00073902774602,194.58349293563515,2438.882797025144,0.6608170224353671,9720345720,15032385536,10420115456,30064771128,9720345720,15032385536,20695655424,26373783552,27213758464
baseline,refactor_p0_nosa_bench_20261005_03,dense_prefetch,first,7,False,2695.8756539970636,25.30927606858313,233.98815793916583,2435.83526997827,0.7429500110447407,9800824968,17179869184,10600262144,34359738432,9800824968,17179869184,20776363520,26478641152,27322810368
baseline,refactor_p0_nosa_bench_20261005_03,dense_prefetch,first,8,False,2685.0659180199727,25.17632395029068,223.83479308336973,2435.2357879979536,0.819012988358736,9881304216,19327352832,10780408832,38654705736,9881304216,19327352832,20856875008,26564624384,27412987904
baseline,refactor_p0_nosa_bench_20261005_03,dense_prefetch,first,9,False,2655.8871449669823,24.99257307499647,194.82979900203645,2435.164439957589,0.9003329323604703,9961783464,21474836480,10960555520,42949673040,9961783464,21474836480,20937386496,26648510464,27501068288
baseline,refactor_p0_nosa_bench_20261005_03,dense_prefetch,first,10,False,2658.915277919732,25.0261549372226,196.23047101777047,2436.698726960458,0.9599250042811036,10042262712,23622320128,11140702208,47244640344,10042262712,23622320128,21017942016,26732396544,27589148672
baseline,refactor_p0_nosa_bench_20261005_03,dense_prefetch,first,11,False,2686.319596017711,25.28059796895832,220.75602400582284,2439.227074966766,1.0558990761637688,10122741960,25769803776,11320848896,51539607648,10122741960,25769803776,21098650112,26839351296,27700297728
baseline,refactor_p0_nosa_bench_20261005_03,dense_prefetch,first,12,False,2694.706081994809,25.984674924984574,226.6292079584673,2440.9434400731698,1.1487590381875634,10203221208,27917287424,11500995584,55834574952,10203221208,27917287424,21179161600,26923237376,27788378112
baseline,refactor_p0_nosa_bench_20261005_03,dense_prefetch,first,13,False,2682.1448910050094,25.32388095278293,216.30363597068936,2439.3322280375287,1.1851460440084338,10283700456,30064771072,11681142272,60129542256,10283700456,30064771072,21259673088,27007123456,27876458496
baseline,refactor_p0_nosa_bench_20261005_03,dense_prefetch,first,14,False,2671.681753010489,25.398685946129262,202.4719500914216,2442.4947230145335,1.3163939584046602,10364179704,32212254720,11861288960,64424509560,10364179704,32212254720,21340228608,27093106688,27966636032
baseline,refactor_p0_nosa_bench_20261005_03,dense_prefetch,first,15,False,2696.151038981043,25.076278019696474,224.81177595909685,2444.915947970003,1.3470370322465897,10444658952,34359738368,12041435648,68719476864,10444658952,34359738368,21420936704,27197964288,28075687936
baseline,refactor_p0_nosa_bench_20261005_03,dense_prefetch,revisit,16,True,70.47264208085835,67.26614304352552,1.8690410070121288,0.00029103830456733704,1.3371669920161366,10444658952,34359738368,12041435648,68719476864,10444658952,34359738368,21420936704,27197964288,28075687936
baseline,refactor_p0_nosa_bench_20261005_03,dense_prefetch,revisit,17,True,70.64536097459495,67.43139598984271,1.877677976153791,0.00028405338525772095,1.3360029552131891,10444658952,34359738368,12041435648,68719476864,10444658952,34359738368,21420936704,27197964288,28075687936
baseline,refactor_p0_nosa_bench_20261005_03,dense_prefetch,revisit,18,True,71.18312607053667,68.23588791303337,1.835211063735187,0.000200001522898674,1.1118270922452211,10444658952,34359738368,12041435648,68719476864,10444658952,34359738368,21420936704,27197964288,28075687936
baseline,refactor_p0_nosa_bench_20261005_03,dense_prefetch,revisit,19,True,69.87918296363205,66.94445793982595,1.8307650461792946,0.00026298221200704575,1.1036969954147935,10444658952,34359738368,12041435648,68719476864,10444658952,34359738368,21420936704,27197964288,28075687936
baseline,refactor_p0_nosa_bench_20261005_03,dense_prefetch,revisit,20,True,70.18404197879136,67.22666090354323,1.8272449960932136,0.00016007106751203537,1.1299760080873966,10444658952,34359738368,12041435648,68719476864,10444658952,34359738368,21420936704,27197964288,28075687936
baseline,refactor_p0_nosa_bench_20261005_03,dense_prefetch,revisit,21,True,70.13811997603625,67.18453508801758,1.8267279956489801,0.00015494879335165024,1.126701943576336,10444658952,34359738368,12041435648,68719476864,10444658952,34359738368,21420936704,27197964288,28075687936
baseline,refactor_p0_nosa_bench_20261005_03,dense_prefetch,revisit,22,True,70.14537800569087,67.19875999260694,1.8430360360071063,0.00017997808754444122,1.103401998989284,10444658952,34359738368,12041435648,68719476864,10444658952,34359738368,21420936704,27197964288,28075687936
baseline,refactor_p0_nosa_bench_20261005_03,dense_prefetch,revisit,23,True,70.0862139929086,67.15173600241542,1.829023938626051,0.0002550659701228142,1.1051989858970046,10444658952,34359738368,12041435648,68719476864,10444658952,34359738368,21420936704,27197964288,28075687936
baseline,refactor_p0_nosa_bench_20261005_03,dense_prefetch,revisit,24,True,71.03284704498947,67.16197496280074,2.7340659871697426,0.0002280576154589653,1.136578037403524,10444658952,34359738368,12041435648,68719476864,10444658952,34359738368,21420936704,27197964288,28075687936
baseline,refactor_p0_nosa_bench_20261005_03,dense_prefetch,revisit,25,True,70.0954069616273,67.14991200715303,1.8381350673735142,0.00022794120013713837,1.107131945900619,10444658952,34359738368,12041435648,68719476864,10444658952,34359738368,21420936704,27197964288,28075687936
baseline,refactor_p0_nosa_bench_20261005_03,dense_prefetch,revisit,26,True,93.28496304806322,90.31981602311134,1.8465070752426982,0.0001939479261636734,1.1184460017830133,10444658952,34359738368,12041435648,68719476864,10444658952,34359738368,21420936704,27197964288,28075687936
baseline,refactor_p0_nosa_bench_20261005_03,dense_prefetch,revisit,27,True,69.82577405869961,66.8702059192583,1.8473509699106216,0.00018009450286626816,1.1080370750278234,10444658952,34359738368,12041435648,68719476864,10444658952,34359738368,21420936704,27197964288,28075687936
baseline,refactor_p0_nosa_bench_20261005_03,dense_prefetch,revisit,28,True,70.17636997625232,67.2252019867301,1.8214939627796412,0.00017508864402770996,1.1294989380985498,10444658952,34359738368,12041435648,68719476864,10444658952,34359738368,21420936704,27197964288,28075687936
baseline,refactor_p0_nosa_bench_20261005_03,dense_prefetch,revisit,29,True,70.05667500197887,67.11778102908283,1.8226299434900284,0.00019103754311800003,1.116072991862893,10444658952,34359738368,12041435648,68719476864,10444658952,34359738368,21420936704,27197964288,28075687936
baseline,refactor_p0_nosa_bench_20261005_03,dense_prefetch,revisit,30,True,70.37569500971586,67.38375895656645,1.8450029892846942,0.0002350425347685814,1.1466980213299394,10444658952,34359738368,12041435648,68719476864,10444658952,34359738368,21420936704,27197964288,28075687936
baseline,refactor_p0_nosa_bench_20261005_03,dense_prefetch,revisit,31,True,69.99805406667292,67.05575005616993,1.8390290206298232,0.00017799902707338333,1.1030969908460975,10444658952,34359738368,12041435648,68719476864,10444658952,34359738368,21420936704,27197964288,28075687936
baseline,refactor_p0_nosa_bench_20261005_03,sync_sparse,first,0,False,2760.9565490856767,22.965668002143502,309.34478098060936,2428.4113330068067,0.23476709611713886,9237498968,2147483648,9339266048,4294967312,9237498968,2147483648,20212332544,25916604416,26733510656
baseline,refactor_p0_nosa_bench_20261005_03,sync_sparse,first,1,False,2712.5608030473813,21.91002294421196,287.59922797326,2402.7446310501546,0.3069210797548294,9317978216,4294967296,9519412736,8589934624,9317978216,4294967296,20292844032,25916604416,26737704960
baseline,refactor_p0_nosa_bench_20261005_03,sync_sparse,first,2,False,2655.4651909973472,22.268641972914338,221.05891909450293,2411.7544579785317,0.38317195139825344,9398457464,6442450944,9699559424,12884901936,9398457464,6442450944,20373355520,26023559168,26848854016
baseline,refactor_p0_nosa_bench_20261005_03,sync_sparse,first,3,False,2674.7378719737753,22.23107498139143,238.42017690185457,2413.6096780421212,0.47694204840809107,9478936712,8589934592,9879706112,17179869248,9478936712,8589934592,20453925376,26107445248,26936934400
baseline,refactor_p0_nosa_bench_20261005_03,sync_sparse,first,4,False,2640.330491005443,22.025134065188468,204.38719203229994,2413.376486976631,0.5416779313236475,9559415960,10737418240,10059852800,21474836560,9559415960,10737418240,20534436864,26191331328,27025014784
baseline,refactor_p0_nosa_bench_20261005_03,sync_sparse,first,5,False,2659.0849140193313,22.28572708554566,223.14850601833314,2413.0320999538526,0.618580961599946,9639895208,12884901888,10239999488,25769803872,9639895208,12884901888,20615144960,26298286080,27136163840
baseline,refactor_p0_nosa_bench_20261005_03,sync_sparse,first,6,False,2634.037944022566,22.27158099412918,195.75308205094188,2415.334681980312,0.6785989971831441,9720374456,15032385536,10420146176,30064771184,9720374456,15032385536,20695656448,26382172160,27224244224
baseline,refactor_p0_nosa_bench_20261005_03,sync_sparse,first,7,False,2635.71080903057,22.418251959607005,197.46444502379745,2415.0676790159196,0.7604330312460661,9800853704,17179869184,10600292864,34359738496,9800853704,17179869184,20776167936,26466058240,27312324608
baseline,refactor_p0_nosa_bench_20261005_03,sync_sparse,first,8,False,2634.515065001324,22.300901007838547,196.9933519139886,2414.3813049886376,0.8395070908591151,9881332952,19327352832,10780439552,38654705808,9881332952,19327352832,20856723456,26552041472,27402502144
baseline,refactor_p0_nosa_bench_20261005_03,sync_sparse,first,9,False,2664.509878028184,22.222683997824788,228.0789449578151,2413.2915870286524,0.9166620438918471,9961812200,21474836480,10960586240,42949673120,9961812200,21474836480,20937431552,26656899072,27511554048
baseline,refactor_p0_nosa_bench_20261005_03,sync_sparse,first,10,False,2633.404540945776,22.27080799639225,193.2221269235015,2416.9350049924105,0.9766010334715247,10042291448,23622320128,11140732928,47244640432,10042291448,23622320128,21017943040,26740785152,27599634432
baseline,refactor_p0_nosa_bench_20261005_03,sync_sparse,first,11,False,2639.9348230334,22.36237609758973,203.35216098465025,2413.1393199786544,1.0809659725055099,10122770696,25769803776,11320879616,51539607744,10122770696,25769803776,21098454528,26826768384,27689811968
baseline,refactor_p0_nosa_bench_20261005_03,sync_sparse,first,12,False,2670.6189239630476,22.26648502983153,231.33897793013602,2415.87901301682,1.1344479862600565,10203249944,27917287424,11501026304,55834575056,10203249944,27917287424,21179010048,26910654464,27777892352
baseline,refactor_p0_nosa_bench_20261005_03,sync_sparse,first,13,False,2663.4985610144213,22.414522944018245,224.12160295061767,2415.736971073784,1.2254640460014343,10283729192,30064771072,11681172992,60129542368,10283729192,30064771072,21259718144,27015512064,27886944256
baseline,refactor_p0_nosa_bench_20261005_03,sync_sparse,first,14,False,2638.8614650350064,22.72515301592648,200.7763140136376,2414.048339938745,1.3116580666974187,10364208440,32212254720,11861319680,64424509680,10364208440,32212254720,21340229632,27101495296,27977121792
baseline,refactor_p0_nosa_bench_20261005_03,sync_sparse,first,15,False,2634.5224620308727,22.428179974667728,195.62480505555868,2415.1054819813,1.3639950193464756,10444687688,34359738368,12041466368,68719476992,10444687688,34359738368,21420741120,27185381376,28065202176
baseline,refactor_p0_nosa_bench_20261005_03,sync_sparse,revisit,16,True,27.797830989584327,24.562804028391838,1.8876020330935717,0.00025692861527204514,1.347167999483645,10444687688,34359738368,12041466368,68719476992,10444687688,34359738368,21420741120,27185381376,28065202176
baseline,refactor_p0_nosa_bench_20261005_03,sync_sparse,revisit,17,True,28.050482040271163,25.023894966579974,1.8493770621716976,0.00026100315153598785,1.1769490083679557,10444687688,34359738368,12041466368,68719476992,10444687688,34359738368,21420741120,27185381376,28065202176
baseline,refactor_p0_nosa_bench_20261005_03,sync_sparse,revisit,18,True,29.181061079725623,26.249205926433206,1.824286999180913,0.0002210726961493492,1.1073470814153552,10444687688,34359738368,12041466368,68719476992,10444687688,34359738368,21420741120,27185381376,28065202176
baseline,refactor_p0_nosa_bench_20261005_03,sync_sparse,revisit,19,True,27.146122069098055,24.171891040168703,1.8405279843136668,0.00016205012798309326,1.1335409944877028,10444687688,34359738368,12041466368,68719476992,10444687688,34359738368,21420741120,27185381376,28065202176
baseline,refactor_p0_nosa_bench_20261005_03,sync_sparse,revisit,20,True,28.70812895707786,25.7596179144457,1.8201799830421805,0.0002200249582529068,1.1281110346317291,10444687688,34359738368,12041466368,68719476992,10444687688,34359738368,21420741120,27185381376,28065202176
baseline,refactor_p0_nosa_bench_20261005_03,sync_sparse,revisit,21,True,27.254909044131637,24.306328035891056,1.8301870441064239,0.00015599653124809265,1.1182379676029086,10444687688,34359738368,12041466368,68719476992,10444687688,34359738368,21420741120,27185381376,28065202176
baseline,refactor_p0_nosa_bench_20261005_03,sync_sparse,revisit,22,True,49.43135799840093,46.44807998556644,1.877338974736631,0.00015995465219020844,1.1057790834456682,10444687688,34359738368,12041466368,68719476992,10444687688,34359738368,21420741120,27185381376,28065202176
baseline,refactor_p0_nosa_bench_20261005_03,sync_sparse,revisit,23,True,27.905239956453443,24.968696990981698,1.8379749963060021,0.00017997808754444122,1.098387991078198,10444687688,34359738368,12041466368,68719476992,10444687688,34359738368,21420741120,27185381376,28065202176
baseline,refactor_p0_nosa_bench_20261005_03,sync_sparse,revisit,24,True,27.329151052981615,24.358860915526748,1.8312280299142003,0.0002200249582529068,1.1388420825824142,10444687688,34359738368,12041466368,68719476992,10444687688,34359738368,21420741120,27185381376,28065202176
baseline,refactor_p0_nosa_bench_20261005_03,sync_sparse,revisit,25,True,27.618497028015554,24.53405794221908,1.9846539944410324,0.00016402918845415115,1.0996210621669888,10444687688,34359738368,12041466368,68719476992,10444687688,34359738368,21420741120,27185381376,28065202176
baseline,refactor_p0_nosa_bench_20261005_03,sync_sparse,revisit,26,True,27.245264034718275,24.31698504369706,1.828245003707707,0.00018801074475049973,1.0998459765687585,10444687688,34359738368,12041466368,68719476992,10444687688,34359738368,21420741120,27185381376,28065202176
baseline,refactor_p0_nosa_bench_20261005_03,sync_sparse,revisit,27,True,27.203572914004326,24.256645934656262,1.8265999387949705,0.00014505349099636078,1.1201819870620966,10444687688,34359738368,12041466368,68719476992,10444687688,34359738368,21420741120,27185381376,28065202176
baseline,refactor_p0_nosa_bench_20261005_03,sync_sparse,revisit,28,True,27.10822003427893,24.10520997364074,1.8753210315480828,0.00016402918845415115,1.1275249999016523,10444687688,34359738368,12041466368,68719476992,10444687688,34359738368,21420741120,27185381376,28065202176
baseline,refactor_p0_nosa_bench_20261005_03,sync_sparse,revisit,29,True,27.457019896246493,24.49697395786643,1.8474649405106902,0.00016007106751203537,1.1124209268018603,10444687688,34359738368,12041466368,68719476992,10444687688,34359738368,21420741120,27185381376,28065202176
baseline,refactor_p0_nosa_bench_20261005_03,sync_sparse,revisit,30,True,27.867047931067646,24.880882003344595,1.8443400040268898,0.00015192199498414993,1.1416740017011762,10444687688,34359738368,12041466368,68719476992,10444687688,34359738368,21420741120,27185381376,28065202176
baseline,refactor_p0_nosa_bench_20261005_03,sync_sparse,revisit,31,True,27.76080509647727,24.79187201242894,1.8327090656384826,0.00014901161193847656,1.1360750067979097,10444687688,34359738368,12041466368,68719476992,10444687688,34359738368,21420741120,27185381376,28065202176
baseline,refactor_p0_nosa_bench_20261005_03,async_sparse,first,0,False,2827.93359993957,22.698909044265747,292.77427203487605,2512.2217149473727,0.23870391305536032,9237498968,2147483648,9339266048,4294967312,9237498968,2147483648,20212332544,25916604416,26733510656
baseline,refactor_p0_nosa_bench_20261005_03,async_sparse,first,1,False,2749.961388995871,22.404946037568152,238.41441504191607,2488.833306939341,0.30872097704559565,9317978216,4294967296,9519412736,8589934624,9317978216,4294967296,20292844032,25916604416,26737704960
baseline,refactor_p0_nosa_bench_20261005_03,async_sparse,first,2,False,2753.87390202377,22.770042065531015,227.71655907854438,2503.008969943039,0.3783309366554022,9398457464,6442450944,9699559424,12884901936,9398457464,6442450944,20373355520,26023559168,26848854016
baseline,refactor_p0_nosa_bench_20261005_03,async_sparse,first,3,False,2734.3973049428314,22.909980034455657,223.27292489353567,2487.7405000152066,0.47389999963343143,9478936712,8589934592,9879706112,17179869248,9478936712,8589934592,20453925376,26107445248,26936934400
baseline,refactor_p0_nosa_bench_20261005_03,async_sparse,first,4,False,2754.6016440028325,22.46107894461602,233.06250397581607,2498.5472870757803,0.5307740066200495,9559415960,10737418240,10059852800,21474836560,9559415960,10737418240,20534436864,26191331328,27025014784
baseline,refactor_p0_nosa_bench_20261005_03,async_sparse,first,5,False,2738.3178930031136,22.660623071715236,224.00054591707885,2491.047226008959,0.6094980053603649,9639895208,12884901888,10239999488,25769803872,9639895208,12884901888,20615144960,26298286080,27136163840
baseline,refactor_p0_nosa_bench_20261005_03,async_sparse,first,6,False,2734.519805992022,22.50989293679595,222.55452501121908,2488.782912027091,0.6724760169163346,9720374456,15032385536,10420146176,30064771184,9720374456,15032385536,20695656448,26382172160,27224244224
baseline,refactor_p0_nosa_bench_20261005_03,async_sparse,first,7,False,2739.513771957718,22.27560803294182,217.67438296228647,2498.795635998249,0.7681449642404914,9800853704,17179869184,10600292864,34359738496,9800853704,17179869184,20776167936,26466058240,27312324608
baseline,refactor_p0_nosa_bench_20261005_03,async_sparse,first,8,False,2718.5532869771123,22.61911693494767,194.8561859317124,2500.2513320650905,0.8266520453616977,9881332952,19327352832,10780439552,38654705808,9881332952,19327352832,20856723456,26552041472,27402502144
baseline,refactor_p0_nosa_bench_20261005_03,async_sparse,first,9,False,2754.4836499728262,22.52751204650849,227.79508703388274,2503.2679229043424,0.8931279880926013,9961812200,21474836480,10960586240,42949673120,9961812200,21474836480,20937431552,26656899072,27511554048
baseline,refactor_p0_nosa_bench_20261005_03,async_sparse,first,10,False,2741.1340650869533,22.534837946295738,232.52697207499295,2485.1164940046147,0.9557610610499978,10042291448,23622320128,11140732928,47244640432,10042291448,23622320128,21017943040,26740785152,27599634432
baseline,refactor_p0_nosa_bench_20261005_03,async_sparse,first,11,False,2732.9075819579884,22.640525014139712,216.55522589571774,2492.6665710518137,1.045259996317327,10122770696,25769803776,11320879616,51539607744,10122770696,25769803776,21098454528,26826768384,27689811968
baseline,refactor_p0_nosa_bench_20261005_03,async_sparse,first,12,False,2718.502138974145,22.35207997728139,200.25193796027452,2494.7617660509422,1.1363549856469035,10203249944,27917287424,11501026304,55834575056,10203249944,27917287424,21179010048,26910654464,27777892352
baseline,refactor_p0_nosa_bench_20261005_03,async_sparse,first,13,False,2732.7470330055803,22.678709006868303,201.9738130038604,2506.8799239816144,1.2145870132371783,10283729192,30064771072,11681172992,60129542368,10283729192,30064771072,21259718144,27015512064,27886944256
baseline,refactor_p0_nosa_bench_20261005_03,async_sparse,first,14,False,2723.018866032362,22.980949957855046,198.73922097031027,2500.003499095328,1.2951960088685155,10364208440,32212254720,11861319680,64424509680,10364208440,32212254720,21340229632,27101495296,27977121792
baseline,refactor_p0_nosa_bench_20261005_03,async_sparse,first,15,False,2754.4111729366705,22.7310509653762,228.16159995272756,2502.1718910429627,1.3466309756040573,10444687688,34359738368,12041466368,68719476992,10444687688,34359738368,21420741120,27185381376,28065202176
baseline,refactor_p0_nosa_bench_20261005_03,async_sparse,revisit,16,True,30.344184022396803,27.173738926649094,1.8545970087870955,0.0003570457920432091,1.3154910411685705,10444687688,34359738368,12041466368,68719476992,10444687688,34359738368,21420741120,27185381376,28065202176
baseline,refactor_p0_nosa_bench_20261005_03,async_sparse,revisit,17,True,31.031468068249524,28.056144015863538,1.844251062721014,0.0002019805833697319,1.130871009081602,10444687688,34359738368,12041466368,68719476992,10444687688,34359738368,21420741120,27185381376,28065202176
baseline,refactor_p0_nosa_bench_20261005_03,async_sparse,revisit,18,True,31.474511022679508,28.53530296124518,1.8444469897076488,0.0002430751919746399,1.0945179965347052,10444687688,34359738368,12041466368,68719476992,10444687688,34359738368,21420741120,27185381376,28065202176
baseline,refactor_p0_nosa_bench_20261005_03,async_sparse,revisit,19,True,31.188121996819973,28.225619927980006,1.858644071035087,0.00014598481357097626,1.1037120129913092,10444687688,34359738368,12041466368,68719476992,10444687688,34359738368,21420741120,27185381376,28065202176
baseline,refactor_p0_nosa_bench_20261005_03,async_sparse,revisit,20,True,31.006506993435323,27.654381934553385,2.24740500561893,0.0002480810508131981,1.1044719722121954,10444687688,34359738368,12041466368,68719476992,10444687688,34359738368,21420741120,27185381376,28065202176
baseline,refactor_p0_nosa_bench_20261005_03,async_sparse,revisit,21,True,29.95686698704958,27.020488982088864,1.8214690499007702,0.00023399479687213898,1.1146749602630734,10444687688,34359738368,12041466368,68719476992,10444687688,34359738368,21420741120,27185381376,28065202176
baseline,refactor_p0_nosa_bench_20261005_03,async_sparse,revisit,22,True,52.51533095724881,49.55010104458779,1.8500220030546188,0.00015797559171915054,1.115049934014678,10444687688,34359738368,12041466368,68719476992,10444687688,34359738368,21420741120,27185381376,28065202176
baseline,refactor_p0_nosa_bench_20261005_03,async_sparse,revisit,23,True,30.88788699824363,27.95992197934538,1.8317680805921555,0.0001889420673251152,1.096007996238768,10444687688,34359738368,12041466368,68719476992,10444687688,34359738368,21420741120,27185381376,28065202176
baseline,refactor_p0_nosa_bench_20261005_03,async_sparse,revisit,24,True,30.379696981981397,27.466192957945168,1.8086989875882864,0.00018405262380838394,1.1046209838241339,10444687688,34359738368,12041466368,68719476992,10444687688,34359738368,21420741120,27185381376,28065202176
baseline,refactor_p0_nosa_bench_20261005_03,async_sparse,revisit,25,True,30.671129003167152,27.711038943380117,1.827517058700323,0.0002119923010468483,1.132361008785665,10444687688,34359738368,12041466368,68719476992,10444687688,34359738368,21420741120,27185381376,28065202176
baseline,refactor_p0_nosa_bench_20261005_03,async_sparse,revisit,26,True,30.127845937386155,27.178005082532763,1.8346819560974836,0.00016496051102876663,1.1149939382448792,10444687688,34359738368,12041466368,68719476992,10444687688,34359738368,21420741120,27185381376,28065202176
baseline,refactor_p0_nosa_bench_20261005_03,async_sparse,revisit,27,True,29.86152097582817,26.906569954007864,1.829549903050065,0.0001461012288928032,1.125255017541349,10444687688,34359738368,12041466368,68719476992,10444687688,34359738368,21420741120,27185381376,28065202176
baseline,refactor_p0_nosa_bench_20261005_03,async_sparse,revisit,28,True,29.943957924842834,26.95065992884338,1.8530929228290915,0.00015308614820241928,1.1400519870221615,10444687688,34359738368,12041466368,68719476992,10444687688,34359738368,21420741120,27185381376,28065202176
baseline,refactor_p0_nosa_bench_20261005_03,async_sparse,revisit,29,True,31.183724058791995,28.23481208179146,1.836033072322607,0.00017695128917694092,1.1127019533887506,10444687688,34359738368,12041466368,68719476992,10444687688,34359738368,21420741120,27185381376,28065202176
baseline,refactor_p0_nosa_bench_20261005_03,async_sparse,revisit,30,True,31.184228020720184,28.214887948706746,1.8620799528434873,0.00018510036170482635,1.1070750188082457,10444687688,34359738368,12041466368,68719476992,10444687688,34359738368,21420741120,27185381376,28065202176
baseline,refactor_p0_nosa_bench_20261005_03,async_sparse,revisit,31,True,29.779531061649323,26.823451044037938,1.8269889988005161,0.00016600824892520905,1.128925010561943,10444687688,34359738368,12041466368,68719476992,10444687688,34359738368,21420741120,27185381376,28065202176
current,refactor_final_nosa_bench_20261005_01,hbm,first,0,False,2353.533356101252,16.097616055049002,4.489699029363692,2332.7090829843655,0.23695803247392178,9236948736,1,9281438720,2,9236948736,1,20211779584,25853689856,26662207488
current,refactor_final_nosa_bench_20261005_01,hbm,first,1,False,2329.3364979326725,16.796406940557063,3.059403970837593,2309.246464050375,0.23422297090291977,9236948736,1,9281438720,2,9236948736,1,20211779584,25853689856,26662207488
current,refactor_final_nosa_bench_20261005_01,hbm,first,2,False,2335.18404699862,16.35899895336479,3.117862972430885,2315.4792700661346,0.2279150066897273,9236948736,1,9281438720,2,9236948736,1,20211779584,25853689856,26662207488
current,refactor_final_nosa_bench_20261005_01,hbm,first,3,False,2332.0249979151413,16.772506991401315,3.0191069236025214,2312.009204062633,0.22417993750423193,9236948736,1,9281438720,2,9236948736,1,20211779584,25853689856,26662207488
current,refactor_final_nosa_bench_20261005_01,hbm,first,4,False,2334.0595060726628,16.84457203373313,3.055889974348247,2313.930345000699,0.2286990638822317,9236948736,1,9281438720,2,9236948736,1,20211779584,25853689856,26662207488
current,refactor_final_nosa_bench_20261005_01,hbm,first,5,False,2337.6731309108436,16.566872945986688,3.057046909816563,2317.812603083439,0.23660797160118818,9236948736,1,9281438720,2,9236948736,1,20211779584,25853689856,26662207488
current,refactor_final_nosa_bench_20261005_01,hbm,first,6,False,2340.0547839701176,16.66352292522788,3.0002699932083488,2320.1600030297413,0.2309880219399929,9236948736,1,9281438720,2,9236948736,1,20211779584,25853689856,26662207488
current,refactor_final_nosa_bench_20261005_01,hbm,first,7,False,2336.9787740521133,16.502448939718306,3.0989450169727206,2317.1442560851574,0.2331240102648735,9236948736,1,9281438720,2,9236948736,1,20211779584,25853689856,26662207488
current,refactor_final_nosa_bench_20261005_01,hbm,first,8,False,2344.0418649697676,16.682591987773776,2.959816949442029,2324.1708140121773,0.22864202037453651,9236948736,1,9281438720,2,9236948736,1,20211779584,25853689856,26662207488
current,refactor_final_nosa_bench_20261005_01,hbm,first,9,False,2340.0002350099385,16.85997098684311,3.026157966814935,2319.8880680138245,0.22603804245591164,9236948736,1,9281438720,2,9236948736,1,20211779584,25853689856,26662207488
current,refactor_final_nosa_bench_20261005_01,hbm,first,10,False,2345.2728720149025,17.011897987686098,3.154561039991677,2324.8735669767484,0.23284601047635078,9236948736,1,9281438720,2,9236948736,1,20211779584,25853689856,26662207488
current,refactor_final_nosa_bench_20261005_01,hbm,first,11,False,2340.82776599098,16.745378961786628,3.1239460222423077,2320.731397019699,0.22704398725181818,9236948736,1,9281438720,2,9236948736,1,20211779584,25853689856,26662207488
current,refactor_final_nosa_bench_20261005_01,hbm,first,12,False,2343.1027389597148,16.763012972660363,2.925724955275655,2323.181387037039,0.2326139947399497,9236948736,1,9281438720,2,9236948736,1,20211779584,25853689856,26662207488
current,refactor_final_nosa_bench_20261005_01,hbm,first,13,False,2341.0720699466765,16.87702804338187,4.210037994198501,2319.7543709538877,0.23063295520842075,9236948736,1,9281438720,2,9236948736,1,20211779584,25853689856,26662207488
current,refactor_final_nosa_bench_20261005_01,hbm,first,14,False,2346.684572054073,16.925646923482418,3.0900699784979224,2326.430704095401,0.2381510566920042,9236948736,1,9281438720,2,9236948736,1,20211779584,25853689856,26662207488
current,refactor_final_nosa_bench_20261005_01,hbm,first,15,False,2343.422190984711,16.52422791812569,2.996153896674514,2323.6763870809227,0.22542208898812532,9236948736,1,9281438720,2,9236948736,1,20211779584,25853689856,26662207488
current,refactor_final_nosa_bench_20261005_01,hbm,revisit,16,False,2344.728020951152,16.817584983073175,3.0859269900247455,2324.5927069801837,0.23180199787020683,9236948736,1,9281438720,2,9236948736,1,20211779584,25853689856,26662207488
current,refactor_final_nosa_bench_20261005_01,hbm,revisit,17,False,2346.5506960637867,17.239094013348222,3.1017230357974768,2325.9757939958945,0.23408501874655485,9236948736,1,9281438720,2,9236948736,1,20211779584,25853689856,26662207488
current,refactor_final_nosa_bench_20261005_01,hbm,revisit,18,False,2341.6660430375487,16.845631995238364,3.222014056518674,2321.3671899866313,0.23120699916034937,9236948736,1,9281438720,2,9236948736,1,20211779584,25853689856,26662207488
current,refactor_final_nosa_bench_20261005_01,hbm,revisit,19,False,2346.0576829966158,16.66121499147266,3.0563470209017396,2326.1022409424186,0.2378800418227911,9236948736,1,9281438720,2,9236948736,1,20211779584,25853689856,26662207488
current,refactor_final_nosa_bench_20261005_01,hbm,revisit,20,False,2334.9014640552923,17.15128298383206,3.122837981209159,2314.395358087495,0.23198500275611877,9236948736,1,9281438720,2,9236948736,1,20211779584,25853689856,26662207488
current,refactor_final_nosa_bench_20261005_01,hbm,revisit,21,False,2332.9416339984164,16.940136905759573,3.1765529420226812,2312.5908550573513,0.2340890932828188,9236948736,1,9281438720,2,9236948736,1,20211779584,25853689856,26662207488
current,refactor_final_nosa_bench_20261005_01,hbm,revisit,22,False,2344.334632041864,16.728659975342453,3.00255895126611,2324.378524092026,0.2248890232294798,9236948736,1,9281438720,2,9236948736,1,20211779584,25853689856,26662207488
current,refactor_final_nosa_bench_20261005_01,hbm,revisit,23,False,2345.0459820451215,17.16574700549245,3.0768830329179764,2324.5736529352143,0.22969907149672508,9236948736,1,9281438720,2,9236948736,1,20211779584,25853689856,26662207488
current,refactor_final_nosa_bench_20261005_01,hbm,revisit,24,False,2344.8632690124214,16.702904016710818,3.088542027398944,2324.841452995315,0.2303699729964137,9236948736,1,9281438720,2,9236948736,1,20211779584,25853689856,26662207488
current,refactor_final_nosa_bench_20261005_01,hbm,revisit,25,False,2344.9100729776546,16.33788296021521,3.1809729989618063,2325.1616469351575,0.22957008332014084,9236948736,1,9281438720,2,9236948736,1,20211779584,25853689856,26662207488
current,refactor_final_nosa_bench_20261005_01,hbm,revisit,26,False,2348.9847290329635,16.918758978135884,3.0848629539832473,2328.753308043815,0.22779905702918768,9236948736,1,9281438720,2,9236948736,1,20211779584,25853689856,26662207488
current,refactor_final_nosa_bench_20261005_01,hbm,revisit,27,False,2340.391577919945,16.871580039151013,3.1166509725153446,2320.172196952626,0.23114995565265417,9236948736,1,9281438720,2,9236948736,1,20211779584,25853689856,26662207488
current,refactor_final_nosa_bench_20261005_01,hbm,revisit,28,False,2346.1235109716654,16.709301969967782,3.1390340300276875,2326.041863998398,0.23331097327172756,9236948736,1,9281438720,2,9236948736,1,20211779584,25853689856,26662207488
current,refactor_final_nosa_bench_20261005_01,hbm,revisit,29,False,2342.1320730121806,16.50750497356057,3.1623420072719455,2322.2303290385753,0.2318969927728176,9236948736,1,9281438720,2,9236948736,1,20211779584,25853689856,26662207488
current,refactor_final_nosa_bench_20261005_01,hbm,revisit,30,False,2346.7729359399527,16.898477915674448,3.099198918789625,2326.546434080228,0.22882502526044846,9236948736,1,9281438720,2,9236948736,1,20211779584,25853689856,26662207488
current,refactor_final_nosa_bench_20261005_01,hbm,revisit,31,False,2329.7698490787297,17.05010305158794,3.119844011962414,2309.365761000663,0.2341410145163536,9236948736,1,9281438720,2,9236948736,1,20211779584,25853689856,26662207488
current,refactor_final_nosa_bench_20261005_01,dense_prefetch,first,0,False,2790.8537100302055,25.39592399261892,299.812923069112,2465.3885470470414,0.25631592143327,9237470232,2147483648,9339235328,4294967304,9237470232,2147483648,20212301824,25866272768,26681081856
current,refactor_final_nosa_bench_20261005_01,dense_prefetch,first,1,False,2694.5310519076884,25.11764003429562,232.1703169727698,2436.899704975076,0.34338992554694414,9317949480,4294967296,9519382016,8589934608,9317949480,4294967296,20292813312,25929187328,26748190720
current,refactor_final_nosa_bench_20261005_01,dense_prefetch,first,2,False,2715.666566044092,24.96085106395185,259.16744605638087,2431.1010349774733,0.4372339462861419,9398428728,6442450944,9699528704,12884901912,9398428728,6442450944,20373368832,26015170560,26838368256
current,refactor_final_nosa_bench_20261005_01,dense_prefetch,first,3,False,2683.5559599567205,25.164473918266594,219.13000894710422,2438.760876073502,0.5006010178476572,9478907976,8589934592,9879675392,17179869216,9478907976,8589934592,20454076928,26120028160,26947420160
current,refactor_final_nosa_bench_20261005_01,dense_prefetch,first,4,False,2739.0069629764184,25.080721010454,281.7235760157928,2431.6325249383226,0.5701410118490458,9559387224,10737418240,10059822080,21474836520,9559387224,10737418240,20534588416,26203914240,27035500544
current,refactor_final_nosa_bench_20261005_01,dense_prefetch,first,5,False,2660.3421829640865,25.317808031104505,204.5120329130441,2429.8644460504875,0.6478959694504738,9639866472,12884901888,10239968768,25769803824,9639866472,12884901888,20615099904,26289897472,27125678080
current,refactor_final_nosa_bench_20261005_01,dense_prefetch,first,6,False,2696.5362339979038,25.26825899258256,235.01139495056123,2435.522270970978,0.7343090837821364,9720345720,15032385536,10420115456,30064771128,9720345720,15032385536,20695655424,26373783552,27213758464
current,refactor_final_nosa_bench_20261005_01,dense_prefetch,first,7,False,2662.402889924124,25.230230065062642,202.79358595144004,2433.5762039991096,0.8028699085116386,9800824968,17179869184,10600262144,34359738432,9800824968,17179869184,20776363520,26478641152,27322810368
current,refactor_final_nosa_bench_20261005_01,dense_prefetch,first,8,False,2698.031384963542,25.98576503805816,235.93678092584014,2435.213980032131,0.894858967512846,9881304216,19327352832,10780408832,38654705736,9881304216,19327352832,20856875008,26564624384,27412987904
current,refactor_final_nosa_bench_20261005_01,dense_prefetch,first,9,False,2677.390567958355,26.46983799058944,202.80238799750805,2447.1341220196337,0.9842199506238103,9961783464,21474836480,10960555520,42949673040,9961783464,21474836480,20937386496,26648510464,27501068288
current,refactor_final_nosa_bench_20261005_01,dense_prefetch,first,10,False,2660.1123550208285,25.203099008649588,196.49177102837712,2437.399939983152,1.0175450006499887,10042262712,23622320128,11140702208,47244640344,10042262712,23622320128,21017942016,26732396544,27589148672
current,refactor_final_nosa_bench_20261005_01,dense_prefetch,first,11,False,2652.7400399791077,25.253844098187983,198.2856229878962,2428.0898979632184,1.1106749298051,10122741960,25769803776,11320848896,51539607648,10122741960,25769803776,21098650112,26839351296,27700297728
current,refactor_final_nosa_bench_20261005_01,dense_prefetch,first,12,False,2664.139098022133,25.26684897020459,197.89027702063322,2439.806808019057,1.1751640122383833,10203221208,27917287424,11500995584,55834574952,10203221208,27917287424,21179161600,26923237376,27788378112
current,refactor_final_nosa_bench_20261005_01,dense_prefetch,first,13,False,2720.3404220053926,25.344949099235237,253.51014791522175,2440.1926120044664,1.2927129864692688,10283700456,30064771072,11681142272,60129542256,10283700456,30064771072,21259673088,27007123456,27876458496
current,refactor_final_nosa_bench_20261005_01,dense_prefetch,first,14,False,2673.522231983952,25.41863697115332,203.76035699155182,2443.0099620949477,1.3332759262993932,10364179704,32212254720,11861288960,64424509560,10364179704,32212254720,21340228608,27093106688,27966636032
current,refactor_final_nosa_bench_20261005_01,dense_prefetch,first,15,False,2679.084963980131,25.01971006859094,206.23901800718158,2446.383142960258,1.4430929441004992,10444658952,34359738368,12041435648,68719476864,10444658952,34359738368,21420936704,27197964288,28075687936
current,refactor_final_nosa_bench_20261005_01,dense_prefetch,revisit,16,True,70.77300210949033,67.38493696320802,1.9678100943565369,0.0003019813448190689,1.4199530705809593,10444658952,34359738368,12041435648,68719476864,10444658952,34359738368,21420936704,27197964288,28075687936
current,refactor_final_nosa_bench_20261005_01,dense_prefetch,revisit,17,True,70.82653709221631,67.5286699552089,1.9543759990483522,0.0002630986273288727,1.3432280393317342,10444658952,34359738368,12041435648,68719476864,10444658952,34359738368,21420936704,27197964288,28075687936
current,refactor_final_nosa_bench_20261005_01,dense_prefetch,revisit,18,True,71.49729994125664,68.30028700642288,1.9350859802216291,0.00017194543033838272,1.2617550091817975,10444658952,34359738368,12041435648,68719476864,10444658952,34359738368,21420936704,27197964288,28075687936
current,refactor_final_nosa_bench_20261005_01,dense_prefetch,revisit,19,True,70.20449102856219,67.01941089704633,1.9022750202566385,0.00019406434148550034,1.2826110469177365,10444658952,34359738368,12041435648,68719476864,10444658952,34359738368,21420936704,27197964288,28075687936
current,refactor_final_nosa_bench_20261005_01,dense_prefetch,revisit,20,True,70.38681500125676,67.26094800978899,1.9125189865007997,0.0002069864422082901,1.213141018524766,10444658952,34359738368,12041435648,68719476864,10444658952,34359738368,21420936704,27197964288,28075687936
current,refactor_final_nosa_bench_20261005_01,dense_prefetch,revisit,21,True,70.2998440247029,67.1965969959274,1.8879170529544353,0.00016600824892520905,1.2151639675721526,10444658952,34359738368,12041435648,68719476864,10444658952,34359738368,21420936704,27197964288,28075687936
current,refactor_final_nosa_bench_20261005_01,dense_prefetch,revisit,22,True,92.61331602465361,89.54078902024776,1.8745610723271966,0.0001869630068540573,1.1977789690718055,10444658952,34359738368,12041435648,68719476864,10444658952,34359738368,21420936704,27197964288,28075687936
current,refactor_final_nosa_bench_20261005_01,dense_prefetch,revisit,23,True,70.22412994410843,67.15870706830174,1.8676549661904573,0.0001889420673251152,1.1975789675489068,10444658952,34359738368,12041435648,68719476864,10444658952,34359738368,21420936704,27197964288,28075687936
current,refactor_final_nosa_bench_20261005_01,dense_prefetch,revisit,24,True,70.223732967861,67.10675393696874,1.9053049618378282,0.00016705598682165146,1.2115070130676031,10444658952,34359738368,12041435648,68719476864,10444658952,34359738368,21420936704,27197964288,28075687936
current,refactor_final_nosa_bench_20261005_01,dense_prefetch,revisit,25,True,70.31337695661932,67.2311190282926,1.8814229406416416,0.00019499566406011581,1.2006399920210242,10444658952,34359738368,12041435648,68719476864,10444658952,34359738368,21420936704,27197964288,28075687936
current,refactor_final_nosa_bench_20261005_01,dense_prefetch,revisit,26,True,70.32437401358038,67.17301602475345,1.9196999492123723,0.0002050073817372322,1.231453032232821,10444658952,34359738368,12041435648,68719476864,10444658952,34359738368,21420936704,27197964288,28075687936
current,refactor_final_nosa_bench_20261005_01,dense_prefetch,revisit,27,True,70.10041002649814,66.9064229587093,2.008556039072573,0.00018405262380838394,1.1852469760924578,10444658952,34359738368,12041435648,68719476864,10444658952,34359738368,21420936704,27197964288,28075687936
current,refactor_final_nosa_bench_20261005_01,dense_prefetch,revisit,28,True,70.110630011186,67.0348540879786,1.8744840053841472,0.00017497222870588303,1.2011169455945492,10444658952,34359738368,12041435648,68719476864,10444658952,34359738368,21420936704,27197964288,28075687936
current,refactor_final_nosa_bench_20261005_01,dense_prefetch,revisit,29,True,70.31944207847118,67.21738900523633,1.871708082035184,0.0001889420673251152,1.230156049132347,10444658952,34359738368,12041435648,68719476864,10444658952,34359738368,21420936704,27197964288,28075687936
current,refactor_final_nosa_bench_20261005_01,dense_prefetch,revisit,30,True,71.8878359766677,68.72682005632669,1.9198539666831493,0.00016100239008665085,1.2410009512677789,10444658952,34359738368,12041435648,68719476864,10444658952,34359738368,21420936704,27197964288,28075687936
current,refactor_final_nosa_bench_20261005_01,dense_prefetch,revisit,31,True,70.34874893724918,67.12648109532893,2.000642940402031,0.00016100239008665085,1.221463899128139,10444658952,34359738368,12041435648,68719476864,10444658952,34359738368,21420936704,27197964288,28075687936
current,refactor_final_nosa_bench_20261005_01,sync_sparse,first,0,False,2751.0277980472893,22.758871084079146,295.67279596813023,2432.3208240093663,0.2753069857135415,9237498968,2147483648,9339266048,4294967312,9237498968,2147483648,20212332544,25916604416,26733510656
current,refactor_final_nosa_bench_20261005_01,sync_sparse,first,1,False,2669.2742549348623,22.267299005761743,233.22959197685122,2413.4309419896454,0.34642196260392666,9317978216,4294967296,9519412736,8589934624,9317978216,4294967296,20292844032,25916604416,26737704960
current,refactor_final_nosa_bench_20261005_01,sync_sparse,first,2,False,2695.853081997484,22.35420502256602,256.0372919542715,2417.036655009724,0.42493001092225313,9398457464,6442450944,9699559424,12884901936,9398457464,6442450944,20373355520,26023559168,26848854016
current,refactor_final_nosa_bench_20261005_01,sync_sparse,first,3,False,2682.6677739154547,22.39069202914834,251.50562799535692,2408.2570729078725,0.5143809830769897,9478936712,8589934592,9879706112,17179869248,9478936712,8589934592,20453925376,26107445248,26936934400
current,refactor_final_nosa_bench_20261005_01,sync_sparse,first,4,False,2678.8976779207587,22.272270056419075,243.66997589822859,2412.36228402704,0.5931479390710592,9559415960,10737418240,10059852800,21474836560,9559415960,10737418240,20534436864,26191331328,27025014784
current,refactor_final_nosa_bench_20261005_01,sync_sparse,first,5,False,2638.6443390510976,22.822238970547915,202.68072001636028,2412.474486976862,0.6668930873274803,9639895208,12884901888,10239999488,25769803872,9639895208,12884901888,20615144960,26298286080,27136163840
current,refactor_final_nosa_bench_20261005_01,sync_sparse,first,6,False,2712.9059709841385,22.75252901017666,277.89987600408494,2411.5204659756273,0.7330999942496419,9720374456,15032385536,10420146176,30064771184,9720374456,15032385536,20695656448,26382172160,27224244224
current,refactor_final_nosa_bench_20261005_01,sync_sparse,first,7,False,2678.639812977053,22.54879695829004,237.16155905276537,2418.110104976222,0.8193519897758961,9800853704,17179869184,10600292864,34359738496,9800853704,17179869184,20776167936,26466058240,27312324608
current,refactor_final_nosa_bench_20261005_01,sync_sparse,first,8,False,2640.495140920393,22.986377007327974,202.2928079823032,2414.296178962104,0.9197769686579704,9881332952,19327352832,10780439552,38654705808,9881332952,19327352832,20856723456,26552041472,27402502144
current,refactor_final_nosa_bench_20261005_01,sync_sparse,first,9,False,2657.2307780152187,22.46878598816693,218.7588969245553,2415.0368120754138,0.9662830270826817,9961812200,21474836480,10960586240,42949673120,9961812200,21474836480,20937431552,26656899072,27511554048
current,refactor_final_nosa_bench_20261005_01,sync_sparse,first,10,False,2657.6745399506763,22.511046030558646,221.56389197334647,2412.5554739730433,1.044127973727882,10042291448,23622320128,11140732928,47244640432,10042291448,23622320128,21017943040,26740785152,27599634432
current,refactor_final_nosa_bench_20261005_01,sync_sparse,first,11,False,2657.683030003682,22.659505950286984,205.47148608602583,2428.3942399779335,1.157797989435494,10122770696,25769803776,11320879616,51539607744,10122770696,25769803776,21098454528,26826768384,27689811968
current,refactor_final_nosa_bench_20261005_01,sync_sparse,first,12,False,2639.2588650342077,22.687130025587976,197.8339219931513,2417.528084013611,1.2097290018573403,10203249944,27917287424,11501026304,55834575056,10203249944,27917287424,21179010048,26910654464,27777892352
current,refactor_final_nosa_bench_20261005_01,sync_sparse,first,13,False,2639.045753981918,22.51139294821769,200.1510290428996,2415.075059980154,1.3082720106467605,10283729192,30064771072,11681172992,60129542368,10283729192,30064771072,21259718144,27015512064,27886944256
current,refactor_final_nosa_bench_20261005_01,sync_sparse,first,14,False,2636.439603054896,22.98525907099247,198.52914509829134,2413.5456879157573,1.3795109698548913,10364208440,32212254720,11861319680,64424509680,10364208440,32212254720,21340229632,27101495296,27977121792
current,refactor_final_nosa_bench_20261005_01,sync_sparse,first,15,False,2711.4850329235196,22.629808983765543,262.8930229693651,2424.504286958836,1.4579140115529299,10444687688,34359738368,12041466368,68719476992,10444687688,34359738368,21420741120,27185381376,28065202176
current,refactor_final_nosa_bench_20261005_01,sync_sparse,revisit,16,True,28.650762047618628,25.288598029874265,1.9624859560281038,0.000250060111284256,1.3994280016049743,10444687688,34359738368,12041466368,68719476992,10444687688,34359738368,21420741120,27185381376,28065202176
current,refactor_final_nosa_bench_20261005_01,sync_sparse,revisit,17,True,28.33145495969802,25.183383957482874,1.901634968817234,0.00029406510293483734,1.2461419682949781,10444687688,34359738368,12041466368,68719476992,10444687688,34359738368,21420741120,27185381376,28065202176
current,refactor_final_nosa_bench_20261005_01,sync_sparse,revisit,18,True,55.40191102772951,52.304654964245856,1.891592051833868,0.00025297049432992935,1.2054110411554575,10444687688,34359738368,12041466368,68719476992,10444687688,34359738368,21420741120,27185381376,28065202176
current,refactor_final_nosa_bench_20261005_01,sync_sparse,revisit,19,True,27.590670040808618,24.37874092720449,2.0197329577058554,0.00017508864402770996,1.1920210672542453,10444687688,34359738368,12041466368,68719476992,10444687688,34359738368,21420741120,27185381376,28065202176
current,refactor_final_nosa_bench_20261005_01,sync_sparse,revisit,20,True,27.98556990455836,24.857073090970516,1.908124890178442,0.00019499566406011581,1.2201769277453423,10444687688,34359738368,12041466368,68719476992,10444687688,34359738368,21420741120,27185381376,28065202176
current,refactor_final_nosa_bench_20261005_01,sync_sparse,revisit,21,True,27.50159497372806,24.367399979382753,1.9396489951759577,0.00017997808754444122,1.1943660210818052,10444687688,34359738368,12041466368,68719476992,10444687688,34359738368,21420741120,27185381376,28065202176
current,refactor_final_nosa_bench_20261005_01,sync_sparse,revisit,22,True,27.21981890499592,24.145814939402044,1.8641769420355558,0.0002400483936071396,1.2095869751647115,10444687688,34359738368,12041466368,68719476992,10444687688,34359738368,21420741120,27185381376,28065202176
current,refactor_final_nosa_bench_20261005_01,sync_sparse,revisit,23,True,28.06651603896171,24.936545989476144,1.8894580425694585,0.00018195714801549911,1.2403300497680902,10444687688,34359738368,12041466368,68719476992,10444687688,34359738368,21420741120,27185381376,28065202176
current,refactor_final_nosa_bench_20261005_01,sync_sparse,revisit,24,True,27.45675900951028,24.3404780048877,1.9084629602730274,0.00027799978852272034,1.2075400445610285,10444687688,34359738368,12041466368,68719476992,10444687688,34359738368,21420741120,27185381376,28065202176
current,refactor_final_nosa_bench_20261005_01,sync_sparse,revisit,25,True,28.57346599921584,25.47439804766327,1.8754160264506936,0.00017101410776376724,1.2234809109941125,10444687688,34359738368,12041466368,68719476992,10444687688,34359738368,21420741120,27185381376,28065202176
current,refactor_final_nosa_bench_20261005_01,sync_sparse,revisit,26,True,27.447404921986163,24.389088968746364,1.8656919710338116,0.00017601996660232544,1.1924479622393847,10444687688,34359738368,12041466368,68719476992,10444687688,34359738368,21420741120,27185381376,28065202176
current,refactor_final_nosa_bench_20261005_01,sync_sparse,revisit,27,True,27.290730038657784,24.207146954722703,1.861540018580854,0.000200001522898674,1.2218430638313293,10444687688,34359738368,12041466368,68719476992,10444687688,34359738368,21420741120,27185381376,28065202176
current,refactor_final_nosa_bench_20261005_01,sync_sparse,revisit,28,True,27.338402927853167,24.27762106526643,1.872519962489605,0.00014796387404203415,1.1881139362230897,10444687688,34359738368,12041466368,68719476992,10444687688,34359738368,21420741120,27185381376,28065202176
current,refactor_final_nosa_bench_20261005_01,sync_sparse,revisit,29,True,28.29054102767259,25.22765297908336,1.8685199320316315,0.00014505349099636078,1.1942230630666018,10444687688,34359738368,12041466368,68719476992,10444687688,34359738368,21420741120,27185381376,28065202176
current,refactor_final_nosa_bench_20261005_01,sync_sparse,revisit,30,True,28.14436110202223,25.085174944251776,1.847958075813949,0.00019301660358905792,1.2110350653529167,10444687688,34359738368,12041466368,68719476992,10444687688,34359738368,21420741120,27185381376,28065202176
current,refactor_final_nosa_bench_20261005_01,sync_sparse,revisit,31,True,27.80322707258165,24.734144913963974,1.8741920357570052,0.00018405262380838394,1.1947060702368617,10444687688,34359738368,12041466368,68719476992,10444687688,34359738368,21420741120,27185381376,28065202176
current,refactor_final_nosa_bench_20261005_01,async_sparse,first,0,False,2804.8552769469097,22.615680005401373,267.62261299882084,2514.354523969814,0.2624599728733301,9237498968,2147483648,9339266048,4294967312,9237498968,2147483648,20212332544,25916604416,26733510656
current,refactor_final_nosa_bench_20261005_01,async_sparse,first,1,False,2783.8087719865143,22.26075204089284,270.7234069239348,2490.479908999987,0.3447040216997266,9317978216,4294967296,9519412736,8589934624,9317978216,4294967296,20292844032,25916604416,26737704960
current,refactor_final_nosa_bench_20261005_01,async_sparse,first,2,False,2789.6918419282883,22.601430071517825,277.0356379915029,2489.6364249289036,0.4183489363640547,9398457464,6442450944,9699559424,12884901936,9398457464,6442450944,20373355520,26023559168,26848854016
current,refactor_final_nosa_bench_20261005_01,async_sparse,first,3,False,2794.6652829414234,22.72211294621229,265.96798293758184,2505.474762059748,0.5004249978810549,9478936712,8589934592,9879706112,17179869248,9478936712,8589934592,20453925376,26107445248,26936934400
current,refactor_final_nosa_bench_20261005_01,async_sparse,first,4,False,2771.073703072034,22.514726035296917,254.05960204079747,2493.9399079885334,0.5594670074060559,9559415960,10737418240,10059852800,21474836560,9559415960,10737418240,20534436864,26191331328,27025014784
current,refactor_final_nosa_bench_20261005_01,async_sparse,first,5,False,2726.1149380356073,22.843959974125028,205.42538398876786,2497.1756449667737,0.6699491059407592,9639895208,12884901888,10239999488,25769803872,9639895208,12884901888,20615144960,26298286080,27136163840
current,refactor_final_nosa_bench_20261005_01,async_sparse,first,6,False,2780.068840016611,25.5112029844895,259.15725401137024,2494.6676900144666,0.7326930062845349,9720374456,15032385536,10420146176,30064771184,9720374456,15032385536,20695656448,26382172160,27224244224
current,refactor_final_nosa_bench_20261005_01,async_sparse,first,7,False,2755.723537062295,22.718247026205063,231.23943607788533,2500.9531549876556,0.8126989705488086,9800853704,17179869184,10600292864,34359738496,9800853704,17179869184,20776167936,26466058240,27312324608
current,refactor_final_nosa_bench_20261005_01,async_sparse,first,8,False,2771.631600917317,23.132873000577092,251.9499269546941,2495.6436620559543,0.9051389060914516,9881332952,19327352832,10780439552,38654705808,9881332952,19327352832,20856723456,26552041472,27402502144
current,refactor_final_nosa_bench_20261005_01,async_sparse,first,9,False,2721.210862044245,22.596783004701138,207.0009330054745,2490.6364060007036,0.9767400333657861,9961812200,21474836480,10960586240,42949673120,9961812200,21474836480,20937431552,26656899072,27511554048
current,refactor_final_nosa_bench_20261005_01,async_sparse,first,10,False,2717.315027024597,22.896299953572452,200.41102508548647,2492.959073977545,1.048628007993102,10042291448,23622320128,11140732928,47244640432,10042291448,23622320128,21017943040,26740785152,27599634432
current,refactor_final_nosa_bench_20261005_01,async_sparse,first,11,False,2717.0215209480375,22.78997702524066,198.39437399059534,2494.701773975976,1.1353959562256932,10122770696,25769803776,11320879616,51539607744,10122770696,25769803776,21098454528,26826768384,27689811968
current,refactor_final_nosa_bench_20261005_01,async_sparse,first,12,False,2716.6075920686126,22.71813596598804,195.5249779857695,2497.1503590932116,1.214119023643434,10203249944,27917287424,11501026304,55834575056,10203249944,27917287424,21179010048,26910654464,27777892352
current,refactor_final_nosa_bench_20261005_01,async_sparse,first,13,False,2759.338113013655,22.673472994938493,229.0158140240237,2506.3497410155833,1.299084979109466,10283729192,30064771072,11681172992,60129542368,10283729192,30064771072,21259718144,27015512064,27886944256
current,refactor_final_nosa_bench_20261005_01,async_sparse,first,14,False,2747.523410944268,23.011627956293523,222.24950790405273,2500.8608690695837,1.4014060143381357,10364208440,32212254720,11861319680,64424509680,10364208440,32212254720,21340229632,27101495296,27977121792
current,refactor_final_nosa_bench_20261005_01,async_sparse,first,15,False,2714.647031039931,22.820029058493674,197.5471070036292,2492.845586966723,1.434308011084795,10444687688,34359738368,12041466368,68719476992,10444687688,34359738368,21420741120,27185381376,28065202176
current,refactor_final_nosa_bench_20261005_01,async_sparse,revisit,16,True,30.501244007609785,27.163087972439826,1.9416420254856348,0.00017997808754444122,1.3963340315967798,10444687688,34359738368,12041466368,68719476992,10444687688,34359738368,21420741120,27185381376,28065202176
current,refactor_final_nosa_bench_20261005_01,async_sparse,revisit,17,True,31.160512007772923,28.059129021130502,1.8891269573941827,0.0002150190994143486,1.2120410101488233,10444687688,34359738368,12041466368,68719476992,10444687688,34359738368,21420741120,27185381376,28065202176
current,refactor_final_nosa_bench_20261005_01,async_sparse,revisit,18,True,53.87961200904101,50.81634095404297,1.871919957920909,0.00019907020032405853,1.1911520268768072,10444687688,34359738368,12041466368,68719476992,10444687688,34359738368,21420741120,27185381376,28065202176
current,refactor_final_nosa_bench_20261005_01,async_sparse,revisit,19,True,30.186865013092756,27.089487994089723,1.8688440322875977,0.00017799902707338333,1.2283549876883626,10444687688,34359738368,12041466368,68719476992,10444687688,34359738368,21420741120,27185381376,28065202176
current,refactor_final_nosa_bench_20261005_01,async_sparse,revisit,20,True,30.794164980761707,27.70296297967434,1.8853159854188561,0.0002069864422082901,1.205679029226303,10444687688,34359738368,12041466368,68719476992,10444687688,34359738368,21420741120,27185381376,28065202176
current,refactor_final_nosa_bench_20261005_01,async_sparse,revisit,21,True,30.283875996246934,27.07736601587385,2.008702023886144,0.00018300488591194153,1.1976249516010284,10444687688,34359738368,12041466368,68719476992,10444687688,34359738368,21420741120,27185381376,28065202176
current,refactor_final_nosa_bench_20261005_01,async_sparse,revisit,22,True,30.015569063834846,26.902532088570297,1.9207040313631296,0.00013294629752635956,1.1921999976038933,10444687688,34359738368,12041466368,68719476992,10444687688,34359738368,21420741120,27185381376,28065202176
current,refactor_final_nosa_bench_20261005_01,async_sparse,revisit,23,True,31.095948070287704,28.01819401793182,1.8660430796444416,0.00016996636986732483,1.2115410063415766,10444687688,34359738368,12041466368,68719476992,10444687688,34359738368,21420741120,27185381376,28065202176
current,refactor_final_nosa_bench_20261005_01,async_sparse,revisit,24,True,30.22609301842749,27.168455999344587,1.8673280719667673,0.00016693957149982452,1.1901420075446367,10444687688,34359738368,12041466368,68719476992,10444687688,34359738368,21420741120,27185381376,28065202176
current,refactor_final_nosa_bench_20261005_01,async_sparse,revisit,25,True,30.496313935145736,27.446125983260572,1.8476499244570732,0.00017706770449876785,1.2023609597235918,10444687688,34359738368,12041466368,68719476992,10444687688,34359738368,21420741120,27185381376,28065202176
current,refactor_final_nosa_bench_20261005_01,async_sparse,revisit,26,True,30.19315202254802,27.139823068864644,1.872341032139957,0.0001859152689576149,1.1808020062744617,10444687688,34359738368,12041466368,68719476992,10444687688,34359738368,21420741120,27185381376,28065202176
current,refactor_final_nosa_bench_20261005_01,async_sparse,revisit,27,True,29.998629936017096,26.876283925957978,1.8873049411922693,0.0001380685716867447,1.2349030002951622,10444687688,34359738368,12041466368,68719476992,10444687688,34359738368,21420741120,27185381376,28065202176
current,refactor_final_nosa_bench_20261005_01,async_sparse,revisit,28,True,30.083347926847637,26.99850592762232,1.87297398224473,0.00020104926079511642,1.2116669677197933,10444687688,34359738368,12041466368,68719476992,10444687688,34359738368,21420741120,27185381376,28065202176
current,refactor_final_nosa_bench_20261005_01,async_sparse,revisit,29,True,30.81433696206659,27.70964300725609,1.8922279123216867,0.0002260785549879074,1.2122399639338255,10444687688,34359738368,12041466368,68719476992,10444687688,34359738368,21420741120,27185381376,28065202176
current,refactor_final_nosa_bench_20261005_01,async_sparse,revisit,30,True,31.25461796298623,28.13047298695892,1.9249500473961234,0.00026694033294916153,1.1989279882982373,10444687688,34359738368,12041466368,68719476992,10444687688,34359738368,21420741120,27185381376,28065202176
current,refactor_final_nosa_bench_20261005_01,async_sparse,revisit,31,True,29.81005806941539,26.751065044663846,1.8729029688984156,0.00019802246242761612,1.1858920333907008,10444687688,34359738368,12041466368,68719476992,10444687688,34359738368,21420741120,27185381376,28065202176
current,refactor_final_nosa_bench_20261005_02,hbm,first,0,False,2360.5453310301527,16.739009064622223,5.809784983284771,2337.7643149578944,0.2322220243513584,9236948736,1,9281438720,2,9236948736,1,20211779584,25853689856,26662207488
current,refactor_final_nosa_bench_20261005_02,hbm,first,1,False,2339.872197015211,16.654742998071015,4.263787996023893,2318.7230960465968,0.23056997451931238,9236948736,1,9281438720,2,9236948736,1,20211779584,25853689856,26662207488
current,refactor_final_nosa_bench_20261005_02,hbm,first,2,False,2333.099359064363,16.538171912543476,3.100549103692174,2313.225234975107,0.2354030730202794,9236948736,1,9281438720,2,9236948736,1,20211779584,25853689856,26662207488
current,refactor_final_nosa_bench_20261005_02,hbm,first,3,False,2336.05284395162,16.632883925922215,3.0535359401255846,2316.13009609282,0.2363279927521944,9236948736,1,9281438720,2,9236948736,1,20211779584,25853689856,26662207488
current,refactor_final_nosa_bench_20261005_02,hbm,first,4,False,2335.4488520417362,16.615852946415544,3.073676023632288,2315.529552055523,0.22977101616561413,9236948736,1,9281438720,2,9236948736,1,20211779584,25853689856,26662207488
current,refactor_final_nosa_bench_20261005_02,hbm,first,5,False,2335.626890999265,16.579268965870142,2.997158095240593,2315.8193019917235,0.23116194643080235,9236948736,1,9281438720,2,9236948736,1,20211779584,25853689856,26662207488
current,refactor_final_nosa_bench_20261005_02,hbm,first,6,False,2336.6385539993644,16.710686031728983,3.082553972490132,2316.614925977774,0.23038801737129688,9236948736,1,9281438720,2,9236948736,1,20211779584,25853689856,26662207488
current,refactor_final_nosa_bench_20261005_02,hbm,first,7,False,2335.342945996672,16.900393064133823,3.154868958517909,2315.057107945904,0.23057602811604738,9236948736,1,9281438720,2,9236948736,1,20211779584,25853689856,26662207488
current,refactor_final_nosa_bench_20261005_02,hbm,first,8,False,2336.885818047449,16.622350085526705,2.9846610268577933,2317.04334996175,0.23545697331428528,9236948736,1,9281438720,2,9236948736,1,20211779584,25853689856,26662207488
current,refactor_final_nosa_bench_20261005_02,hbm,first,9,False,2340.1501259068027,17.457364010624588,3.0350699089467525,2319.4226319901645,0.23505999706685543,9236948736,1,9281438720,2,9236948736,1,20211779584,25853689856,26662207488
current,refactor_final_nosa_bench_20261005_02,hbm,first,10,False,2341.703713987954,16.874822904355824,3.139363951049745,2321.4571510907263,0.23237604182213545,9236948736,1,9281438720,2,9236948736,1,20211779584,25853689856,26662207488
current,refactor_final_nosa_bench_20261005_02,hbm,first,11,False,2338.137245969847,16.762170009315014,3.1261040130630136,2318.0092819966376,0.23968995083123446,9236948736,1,9281438720,2,9236948736,1,20211779584,25853689856,26662207488
current,refactor_final_nosa_bench_20261005_02,hbm,first,12,False,2340.9756580367684,16.67865097988397,3.0270679853856564,2321.0383460391313,0.23159303236752748,9236948736,1,9281438720,2,9236948736,1,20211779584,25853689856,26662207488
current,refactor_final_nosa_bench_20261005_02,hbm,first,13,False,2340.455068042502,16.8494270183146,3.08874505572021,2320.285244961269,0.2316510071977973,9236948736,1,9281438720,2,9236948736,1,20211779584,25853689856,26662207488
current,refactor_final_nosa_bench_20261005_02,hbm,first,14,False,2329.089234001003,16.95709303021431,3.087082994170487,2308.820309001021,0.224748975597322,9236948736,1,9281438720,2,9236948736,1,20211779584,25853689856,26662207488
current,refactor_final_nosa_bench_20261005_02,hbm,first,15,False,2340.343724936247,16.529510961845517,3.038276918232441,2320.549803087488,0.22613396868109703,9236948736,1,9281438720,2,9236948736,1,20211779584,25853689856,26662207488
current,refactor_final_nosa_bench_20261005_02,hbm,revisit,16,False,2343.985007959418,16.691194963641465,3.0460419366136193,2324.0186490584165,0.22912200074642897,9236948736,1,9281438720,2,9236948736,1,20211779584,25853689856,26662207488
current,refactor_final_nosa_bench_20261005_02,hbm,revisit,17,False,2343.1750029558316,16.737067024223506,3.09724488761276,2323.1108960462734,0.22979499772191048,9236948736,1,9281438720,2,9236948736,1,20211779584,25853689856,26662207488
current,refactor_final_nosa_bench_20261005_02,hbm,revisit,18,False,2343.926949077286,16.96130505297333,3.132872050628066,2323.5978309530765,0.2349410206079483,9236948736,1,9281438720,2,9236948736,1,20211779584,25853689856,26662207488
current,refactor_final_nosa_bench_20261005_02,hbm,revisit,19,False,2346.740645938553,16.602322924882174,3.060320974327624,2326.850187033415,0.22781500592827797,9236948736,1,9281438720,2,9236948736,1,20211779584,25853689856,26662207488
current,refactor_final_nosa_bench_20261005_02,hbm,revisit,20,False,2341.032285010442,17.196379019878805,3.1479760073125362,2320.446157013066,0.2417729701846838,9236948736,1,9281438720,2,9236948736,1,20211779584,25853689856,26662207488
current,refactor_final_nosa_bench_20261005_02,hbm,revisit,21,False,2341.310524963774,17.114260932430625,3.165640984661877,2320.7992300158367,0.2313930308446288,9236948736,1,9281438720,2,9236948736,1,20211779584,25853689856,26662207488
current,refactor_final_nosa_bench_20261005_02,hbm,revisit,22,False,2332.302354974672,16.664800932630897,2.976213931106031,2312.4331200961024,0.22822001483291388,9236948736,1,9281438720,2,9236948736,1,20211779584,25853689856,26662207488
current,refactor_final_nosa_bench_20261005_02,hbm,revisit,23,False,2339.130416046828,17.078594071790576,3.0369730666279793,2318.7816569115967,0.23319199681282043,9236948736,1,9281438720,2,9236948736,1,20211779584,25853689856,26662207488
current,refactor_final_nosa_bench_20261005_02,hbm,revisit,24,False,2345.0217659119517,16.933087026700377,3.1252970220521092,2324.7340458910912,0.22933597210794687,9236948736,1,9281438720,2,9236948736,1,20211779584,25853689856,26662207488
current,refactor_final_nosa_bench_20261005_02,hbm,revisit,25,False,2340.710924938321,16.702692955732346,3.1236109789460897,2320.655363961123,0.2292570425197482,9236948736,1,9281438720,2,9236948736,1,20211779584,25853689856,26662207488
current,refactor_final_nosa_bench_20261005_02,hbm,revisit,26,False,2334.2397350352257,16.812992049381137,3.0179310124367476,2314.1782969469205,0.23051502648741007,9236948736,1,9281438720,2,9236948736,1,20211779584,25853689856,26662207488
current,refactor_final_nosa_bench_20261005_02,hbm,revisit,27,False,2329.0813780622557,16.57027890905738,3.096135100349784,2309.184596990235,0.23036706261336803,9236948736,1,9281438720,2,9236948736,1,20211779584,25853689856,26662207488
current,refactor_final_nosa_bench_20261005_02,hbm,revisit,28,False,2348.360200994648,16.925237025134265,3.155472921207547,2328.0420360388234,0.23745500948280096,9236948736,1,9281438720,2,9236948736,1,20211779584,25853689856,26662207488
current,refactor_final_nosa_bench_20261005_02,hbm,revisit,29,False,2343.694402021356,16.623776056803763,4.2487409664317966,2322.5904520368204,0.23143296130001545,9236948736,1,9281438720,2,9236948736,1,20211779584,25853689856,26662207488
current,refactor_final_nosa_bench_20261005_02,hbm,revisit,30,False,2344.98158399947,16.860949923284352,3.0425679869949818,2324.8522530775517,0.22581301163882017,9236948736,1,9281438720,2,9236948736,1,20211779584,25853689856,26662207488
current,refactor_final_nosa_bench_20261005_02,hbm,revisit,31,False,2343.9011350274086,16.886986908502877,3.1193640315905213,2323.6639350652695,0.23084902204573154,9236948736,1,9281438720,2,9236948736,1,20211779584,25853689856,26662207488
current,refactor_final_nosa_bench_20261005_02,dense_prefetch,first,0,False,2780.0237759947777,25.02075000666082,306.4960000338033,2448.2473039533943,0.25972200091928244,9237470232,2147483648,9339235328,4294967304,9237470232,2147483648,20212301824,25866272768,26681081856
current,refactor_final_nosa_bench_20261005_02,dense_prefetch,first,1,False,2697.562283021398,24.6655399678275,241.01003003306687,2431.5455490723252,0.3411639481782913,9317949480,4294967296,9519382016,8589934608,9317949480,4294967296,20292813312,25929187328,26748190720
current,refactor_final_nosa_bench_20261005_02,dense_prefetch,first,2,False,2742.4859249731526,24.739238899201155,288.12587505672127,2429.2019360000268,0.4188750172033906,9398428728,6442450944,9699528704,12884901912,9398428728,6442450944,20373368832,26015170560,26838368256
current,refactor_final_nosa_bench_20261005_02,dense_prefetch,first,3,False,2674.5794189628214,24.889121996238828,225.60686990618706,2423.5928140114993,0.4906130488961935,9478907976,8589934592,9879675392,17179869216,9478907976,8589934592,20454076928,26120028160,26947420160
current,refactor_final_nosa_bench_20261005_02,dense_prefetch,first,4,False,2660.5299330549315,24.643750046379864,207.1882700547576,2428.129083942622,0.5688290111720562,9559387224,10737418240,10059822080,21474836520,9559387224,10737418240,20534588416,26203914240,27035500544
current,refactor_final_nosa_bench_20261005_02,dense_prefetch,first,5,False,2659.26057100296,24.88214406184852,206.30980702117085,2427.438875893131,0.6297440268099308,9639866472,12884901888,10239968768,25769803824,9639866472,12884901888,20615099904,26289897472,27125678080
current,refactor_final_nosa_bench_20261005_02,dense_prefetch,first,6,False,2657.269336981699,24.822840932756662,202.49345095362514,2429.2129380628467,0.7401070324704051,9720345720,15032385536,10420115456,30064771128,9720345720,15032385536,20695655424,26373783552,27213758464
current,refactor_final_nosa_bench_20261005_02,dense_prefetch,first,7,False,2725.587560911663,24.773908080533147,270.60097199864686,2429.4222398893908,0.7904409430921078,9800824968,17179869184,10600262144,34359738432,9800824968,17179869184,20776363520,26478641152,27322810368
current,refactor_final_nosa_bench_20261005_02,dense_prefetch,first,8,False,2678.1141438987106,25.41591797489673,224.45173794403672,2427.356628002599,0.8898599771782756,9881304216,19327352832,10780408832,38654705736,9881304216,19327352832,20856875008,26564624384,27412987904
current,refactor_final_nosa_bench_20261005_02,dense_prefetch,first,9,False,2751.4772180002183,24.720098008401692,295.25319405365735,2430.5700769182295,0.9338490199297667,9961783464,21474836480,10960555520,42949673040,9961783464,21474836480,20937386496,26648510464,27501068288
current,refactor_final_nosa_bench_20261005_02,dense_prefetch,first,10,False,2701.25464303419,25.13007295783609,241.81213206611574,2433.2677150378004,1.0447229724377394,10042262712,23622320128,11140702208,47244640344,10042262712,23622320128,21017942016,26732396544,27589148672
current,refactor_final_nosa_bench_20261005_02,dense_prefetch,first,11,False,2660.086310002953,25.122278020717204,206.7752160364762,2427.0766529953107,1.1121629504486918,10122741960,25769803776,11320848896,51539607648,10122741960,25769803776,21098650112,26839351296,27700297728
current,refactor_final_nosa_bench_20261005_02,dense_prefetch,first,12,False,2703.305789967999,25.185553007759154,243.0871760006994,2433.8486780179664,1.1843829415738583,10203221208,27917287424,11500995584,55834574952,10203221208,27917287424,21179161600,26923237376,27788378112
current,refactor_final_nosa_bench_20261005_02,dense_prefetch,first,13,False,2710.645320941694,25.40441299788654,251.99353497009724,2431.956512038596,1.290860935114324,10283700456,30064771072,11681142272,60129542256,10283700456,30064771072,21259673088,27007123456,27876458496
current,refactor_final_nosa_bench_20261005_02,dense_prefetch,first,14,False,2759.0140869142488,25.004748022183776,299.75544090848416,2432.9371160129085,1.3167819706723094,10364179704,32212254720,11861288960,64424509560,10364179704,32212254720,21340228608,27093106688,27966636032
current,refactor_final_nosa_bench_20261005_02,dense_prefetch,first,15,False,2703.7953339749947,25.128404959104955,251.76451005972922,2425.4690340021625,1.4333849539980292,10444658952,34359738368,12041435648,68719476864,10444658952,34359738368,21420936704,27197964288,28075687936
current,refactor_final_nosa_bench_20261005_02,dense_prefetch,revisit,16,True,70.50579704809934,67.17427202966064,1.956306048668921,0.00022398307919502258,1.3749949866905808,10444658952,34359738368,12041435648,68719476864,10444658952,34359738368,21420936704,27197964288,28075687936
current,refactor_final_nosa_bench_20261005_02,dense_prefetch,revisit,17,True,70.63892006408423,67.38419900648296,1.9173090113326907,0.00025704503059387207,1.3371550012379885,10444658952,34359738368,12041435648,68719476864,10444658952,34359738368,21420936704,27197964288,28075687936
current,refactor_final_nosa_bench_20261005_02,dense_prefetch,revisit,18,True,71.54371100477874,68.30494594760239,1.9538430497050285,0.00027101486921310425,1.28465099260211,10444658952,34359738368,12041435648,68719476864,10444658952,34359738368,21420936704,27197964288,28075687936
current,refactor_final_nosa_bench_20261005_02,dense_prefetch,revisit,19,True,70.5304309958592,66.88973610289395,2.37381795886904,0.00016996636986732483,1.2667069677263498,10444658952,34359738368,12041435648,68719476864,10444658952,34359738368,21420936704,27197964288,28075687936
current,refactor_final_nosa_bench_20261005_02,dense_prefetch,revisit,20,True,70.40339591912925,67.26236396934837,1.8852539360523224,0.0002169981598854065,1.2555610155686736,10444658952,34359738368,12041435648,68719476864,10444658952,34359738368,21420936704,27197964288,28075687936
current,refactor_final_nosa_bench_20261005_02,dense_prefetch,revisit,21,True,70.23758196737617,67.08942994009703,1.8976129358634353,0.00017206184566020966,1.250367029570043,10444658952,34359738368,12041435648,68719476864,10444658952,34359738368,21420936704,27197964288,28075687936
current,refactor_final_nosa_bench_20261005_02,dense_prefetch,revisit,22,True,93.60260493122041,90.46624694019556,1.8926439806818962,0.0002350425347685814,1.243478967808187,10444658952,34359738368,12041435648,68719476864,10444658952,34359738368,21420936704,27197964288,28075687936
current,refactor_final_nosa_bench_20261005_02,dense_prefetch,revisit,23,True,70.96783898305148,67.8691619541496,1.8781530670821667,0.00016100239008665085,1.2203629594296217,10444658952,34359738368,12041435648,68719476864,10444658952,34359738368,21420936704,27197964288,28075687936
current,refactor_final_nosa_bench_20261005_02,dense_prefetch,revisit,24,True,71.29117602016777,68.13261797651649,1.8989939708262682,0.00017404090613126755,1.2593900319188833,10444658952,34359738368,12041435648,68719476864,10444658952,34359738368,21420936704,27197964288,28075687936
current,refactor_final_nosa_bench_20261005_02,dense_prefetch,revisit,25,True,70.23173896595836,67.1132190618664,1.8923269817605615,0.00026298221200704575,1.2259299401193857,10444658952,34359738368,12041435648,68719476864,10444658952,34359738368,21420936704,27197964288,28075687936
current,refactor_final_nosa_bench_20261005_02,dense_prefetch,revisit,26,True,70.22487407084554,67.10017297882587,1.9109080312773585,0.00018405262380838394,1.2136090081185102,10444658952,34359738368,12041435648,68719476864,10444658952,34359738368,21420936704,27197964288,28075687936
current,refactor_final_nosa_bench_20261005_02,dense_prefetch,revisit,27,True,70.81923307850957,66.88392104115337,2.7431210037320852,0.00023399479687213898,1.1919570388272405,10444658952,34359738368,12041435648,68719476864,10444658952,34359738368,21420936704,27197964288,28075687936
current,refactor_final_nosa_bench_20261005_02,dense_prefetch,revisit,28,True,70.14963391702622,67.06690404098481,1.8779499223455787,0.00014400575309991837,1.2046359479427338,10444658952,34359738368,12041435648,68719476864,10444658952,34359738368,21420936704,27197964288,28075687936
current,refactor_final_nosa_bench_20261005_02,dense_prefetch,revisit,29,True,70.25605300441384,67.16661097016186,1.8811470363289118,0.0002119923010468483,1.2080830056220293,10444658952,34359738368,12041435648,68719476864,10444658952,34359738368,21420936704,27197964288,28075687936
current,refactor_final_nosa_bench_20261005_02,dense_prefetch,revisit,30,True,70.5168970162049,67.41288106422871,1.8752309260889888,0.000200001522898674,1.2285850243642926,10444658952,34359738368,12041435648,68719476864,10444658952,34359738368,21420936704,27197964288,28075687936
current,refactor_final_nosa_bench_20261005_02,dense_prefetch,revisit,31,True,70.1029000338167,67.02128506731242,1.8854480003938079,0.00016100239008665085,1.1960059637203813,10444658952,34359738368,12041435648,68719476864,10444658952,34359738368,21420936704,27197964288,28075687936
current,refactor_final_nosa_bench_20261005_02,sync_sparse,first,0,False,2725.2999949268997,22.46805897448212,269.7377549484372,2432.8239409951493,0.27024000883102417,9237498968,2147483648,9339266048,4294967312,9237498968,2147483648,20212332544,25916604416,26733510656
current,refactor_final_nosa_bench_20261005_02,sync_sparse,first,1,False,2716.6646829573438,22.397692082449794,285.3059320477769,2408.6102509172633,0.35080790985375643,9317978216,4294967296,9519412736,8589934624,9317978216,4294967296,20292844032,25916604416,26737704960
current,refactor_final_nosa_bench_20261005_02,sync_sparse,first,2,False,2714.4941079895943,22.48293301090598,283.3927508909255,2408.1943400669843,0.4240840207785368,9398457464,6442450944,9699559424,12884901936,9398457464,6442450944,20373355520,26023559168,26848854016
current,refactor_final_nosa_bench_20261005_02,sync_sparse,first,3,False,2658.0491110216826,22.282654070295393,224.55941699445248,2410.694138961844,0.5129009950906038,9478936712,8589934592,9879706112,17179869248,9478936712,8589934592,20453925376,26107445248,26936934400
current,refactor_final_nosa_bench_20261005_02,sync_sparse,first,4,False,2639.912851038389,22.11367106065154,208.08377698995173,2409.142573014833,0.5728299729526043,9559415960,10737418240,10059852800,21474836560,9559415960,10737418240,20534436864,26191331328,27025014784
current,refactor_final_nosa_bench_20261005_02,sync_sparse,first,5,False,2640.702191973105,22.340256022289395,204.55596898682415,2413.1443109363317,0.6616560276597738,9639895208,12884901888,10239999488,25769803872,9639895208,12884901888,20615144960,26298286080,27136163840
current,refactor_final_nosa_bench_20261005_02,sync_sparse,first,6,False,2718.394592986442,22.36863295547664,278.70187594089657,2416.580209042877,0.7438750471919775,9720374456,15032385536,10420146176,30064771184,9720374456,15032385536,20695656448,26382172160,27224244224
current,refactor_final_nosa_bench_20261005_02,sync_sparse,first,7,False,2644.4515549810603,23.049380048178136,212.14028098620474,2408.4400279680267,0.8218659786507487,9800853704,17179869184,10600292864,34359738496,9800853704,17179869184,20776167936,26466058240,27312324608
current,refactor_final_nosa_bench_20261005_02,sync_sparse,first,8,False,2632.844932959415,22.59710500948131,197.61124497745186,2411.728897015564,0.9076859569177032,9881332952,19327352832,10780439552,38654705808,9881332952,19327352832,20856723456,26552041472,27402502144
current,refactor_final_nosa_bench_20261005_02,sync_sparse,first,9,False,2661.8837009882554,22.176178987137973,222.3432419123128,2416.3789550075307,0.9853250812739134,9961812200,21474836480,10960586240,42949673120,9961812200,21474836480,20937431552,26656899072,27511554048
current,refactor_final_nosa_bench_20261005_02,sync_sparse,first,10,False,2635.4509480297565,22.362670046277344,202.96699705068022,2409.0654439060017,1.055837026797235,10042291448,23622320128,11140732928,47244640432,10042291448,23622320128,21017943040,26740785152,27599634432
current,refactor_final_nosa_bench_20261005_02,sync_sparse,first,11,False,2652.5773090543225,22.941259085200727,218.36016199085861,2410.1294559659436,1.1464320123195648,10122770696,25769803776,11320879616,51539607744,10122770696,25769803776,21098454528,26826768384,27689811968
current,refactor_final_nosa_bench_20261005_02,sync_sparse,first,12,False,2659.9249239079654,22.36114500556141,223.88054395560175,2412.4682570109144,1.2149779358878732,10203249944,27917287424,11501026304,55834575056,10203249944,27917287424,21179010048,26910654464,27777892352
current,refactor_final_nosa_bench_20261005_02,sync_sparse,first,13,False,2714.129974017851,22.550725028850138,270.37938602734357,2419.9097749078646,1.290088053792715,10283729192,30064771072,11681172992,60129542368,10283729192,30064771072,21259718144,27015512064,27886944256
current,refactor_final_nosa_bench_20261005_02,sync_sparse,first,14,False,2662.330505088903,24.065408972091973,215.6561710871756,2421.2003969587386,1.408528070896864,10364208440,32212254720,11861319680,64424509680,10364208440,32212254720,21340229632,27101495296,27977121792
current,refactor_final_nosa_bench_20261005_02,sync_sparse,first,15,False,2640.0857750559226,22.537425975315273,207.27763406466693,2408.8155110366642,1.4552039792761207,10444687688,34359738368,12041466368,68719476992,10444687688,34359738368,21420741120,27185381376,28065202176
current,refactor_final_nosa_bench_20261005_02,sync_sparse,revisit,16,True,29.104945017024875,24.38969595823437,1.9510380225256085,0.00023201573640108109,2.7639790205284953,10444687688,34359738368,12041466368,68719476992,10444687688,34359738368,21420741120,27185381376,28065202176
current,refactor_final_nosa_bench_20261005_02,sync_sparse,revisit,17,True,28.257622965611517,25.064658955670893,1.9057278987020254,0.0001511070877313614,1.2870850041508675,10444687688,34359738368,12041466368,68719476992,10444687688,34359738368,21420741120,27185381376,28065202176
current,refactor_final_nosa_bench_20261005_02,sync_sparse,revisit,18,True,51.9074039766565,48.80526603665203,1.9027639646083117,0.00020104926079511642,1.1991729261353612,10444687688,34359738368,12041466368,68719476992,10444687688,34359738368,21420741120,27185381376,28065202176
current,refactor_final_nosa_bench_20261005_02,sync_sparse,revisit,19,True,27.369219926185906,24.265540996566415,1.914330990985036,0.0001789303496479988,1.1891690082848072,10444687688,34359738368,12041466368,68719476992,10444687688,34359738368,21420741120,27185381376,28065202176
current,refactor_final_nosa_bench_20261005_02,sync_sparse,revisit,20,True,28.62475800793618,25.511277024634182,1.902080955915153,0.00014400575309991837,1.2112560216337442,10444687688,34359738368,12041466368,68719476992,10444687688,34359738368,21420741120,27185381376,28065202176
current,refactor_final_nosa_bench_20261005_02,sync_sparse,revisit,21,True,27.297695982269943,24.204642977565527,1.8816239899024367,0.00017904676496982574,1.2112499680370092,10444687688,34359738368,12041466368,68719476992,10444687688,34359738368,21420741120,27185381376,28065202176
current,refactor_final_nosa_bench_20261005_02,sync_sparse,revisit,22,True,27.619097963906825,24.535906966775656,1.894838991574943,0.00013399403542280197,1.188218011520803,10444687688,34359738368,12041466368,68719476992,10444687688,34359738368,21420741120,27185381376,28065202176
current,refactor_final_nosa_bench_20261005_02,sync_sparse,revisit,23,True,27.96530001796782,24.92031897418201,1.863262034021318,0.00025401823222637177,1.1814649915322661,10444687688,34359738368,12041466368,68719476992,10444687688,34359738368,21420741120,27185381376,28065202176
current,refactor_final_nosa_bench_20261005_02,sync_sparse,revisit,24,True,27.456578915007412,24.363027070648968,1.8930189544335008,0.00016798730939626694,1.2003649026155472,10444687688,34359738368,12041466368,68719476992,10444687688,34359738368,21420741120,27185381376,28065202176
current,refactor_final_nosa_bench_20261005_02,sync_sparse,revisit,25,True,28.30827608704567,25.24134097620845,1.8590110121294856,0.00017706770449876785,1.2077470310032368,10444687688,34359738368,12041466368,68719476992,10444687688,34359738368,21420741120,27185381376,28065202176
current,refactor_final_nosa_bench_20261005_02,sync_sparse,revisit,26,True,27.439953992143273,24.40283098258078,1.8670939607545733,0.0002270098775625229,1.1698020389303565,10444687688,34359738368,12041466368,68719476992,10444687688,34359738368,21420741120,27185381376,28065202176
current,refactor_final_nosa_bench_20261005_02,sync_sparse,revisit,27,True,28.437101049348712,25.363791035488248,1.884934026747942,0.00015494879335165024,1.1882210383191705,10444687688,34359738368,12041466368,68719476992,10444687688,34359738368,21420741120,27185381376,28065202176
current,refactor_final_nosa_bench_20261005_02,sync_sparse,revisit,28,True,28.235355974175036,24.190161027945578,2.8108609840273857,0.00016298145055770874,1.2341709807515144,10444687688,34359738368,12041466368,68719476992,10444687688,34359738368,21420741120,27185381376,28065202176
current,refactor_final_nosa_bench_20261005_02,sync_sparse,revisit,29,True,27.690627961419523,24.581181001849473,1.8854739610105753,0.00022794120013713837,1.2237450573593378,10444687688,34359738368,12041466368,68719476992,10444687688,34359738368,21420741120,27185381376,28065202176
current,refactor_final_nosa_bench_20261005_02,sync_sparse,revisit,30,True,28.805745067074895,25.727526051923633,1.8635510932654142,0.00012991949915885925,1.2145380023866892,10444687688,34359738368,12041466368,68719476992,10444687688,34359738368,21420741120,27185381376,28065202176
current,refactor_final_nosa_bench_20261005_02,sync_sparse,revisit,31,True,27.051660930737853,24.019176024012268,1.8484860192984343,0.00021292362362146378,1.1837859638035297,10444687688,34359738368,12041466368,68719476992,10444687688,34359738368,21420741120,27185381376,28065202176
current,refactor_final_nosa_bench_20261005_02,async_sparse,first,0,False,2807.11222498212,22.37726596649736,275.48677497543395,2508.9848049683496,0.26337907183915377,9237498968,2147483648,9339266048,4294967312,9237498968,2147483648,20212332544,25916604416,26733510656
current,refactor_final_nosa_bench_20261005_02,async_sparse,first,1,False,2791.8431309517473,22.182616987265646,281.6698499955237,2487.6546160085127,0.33604796044528484,9317978216,4294967296,9519412736,8589934624,9317978216,4294967296,20292844032,25916604416,26737704960
current,refactor_final_nosa_bench_20261005_02,async_sparse,first,2,False,2796.072654891759,22.29893603362143,284.26981589291245,2489.086791058071,0.41711190715432167,9398457464,6442450944,9699559424,12884901936,9398457464,6442450944,20373355520,26023559168,26848854016
current,refactor_final_nosa_bench_20261005_02,async_sparse,first,3,False,2778.228158946149,22.072928957641125,251.72171997837722,2503.933614003472,0.4998960066586733,9478936712,8589934592,9879706112,17179869248,9478936712,8589934592,20453925376,26107445248,26936934400
current,refactor_final_nosa_bench_20261005_02,async_sparse,first,4,False,2757.415583007969,22.07111392635852,245.5359420273453,2489.236672059633,0.5718549946323037,9559415960,10737418240,10059852800,21474836560,9559415960,10737418240,20534436864,26191331328,27025014784
current,refactor_final_nosa_bench_20261005_02,async_sparse,first,5,False,2777.281992021017,22.53197005484253,261.4702469436452,2492.604000028223,0.6757749943062663,9639895208,12884901888,10239999488,25769803872,9639895208,12884901888,20615144960,26298286080,27136163840
current,refactor_final_nosa_bench_20261005_02,async_sparse,first,6,False,2718.93651294522,22.40191795863211,203.76655994914472,2492.0149750541896,0.753059983253479,9720374456,15032385536,10420146176,30064771184,9720374456,15032385536,20695656448,26382172160,27224244224
current,refactor_final_nosa_bench_20261005_02,async_sparse,first,7,False,2738.2965000579134,22.09666999988258,225.77736305538565,2489.6041579777375,0.8183090249076486,9800853704,17179869184,10600292864,34359738496,9800853704,17179869184,20776167936,26466058240,27312324608
current,refactor_final_nosa_bench_20261005_02,async_sparse,first,8,False,2717.8102610632777,22.53675099927932,210.9138841042295,2483.451262000017,0.9083639597520232,9881332952,19327352832,10780439552,38654705808,9881332952,19327352832,20856723456,26552041472,27402502144
current,refactor_final_nosa_bench_20261005_02,async_sparse,first,9,False,2756.850193021819,22.411373094655573,241.7637259932235,2491.7098259320483,0.9652680018916726,9961812200,21474836480,10960586240,42949673120,9961812200,21474836480,20937431552,26656899072,27511554048
current,refactor_final_nosa_bench_20261005_02,async_sparse,first,10,False,2752.5573229650036,22.463215980678797,225.75590992346406,2503.2865660032257,1.0516310576349497,10042291448,23622320128,11140732928,47244640432,10042291448,23622320128,21017943040,26740785152,27599634432
current,refactor_final_nosa_bench_20261005_02,async_sparse,first,11,False,2734.028539969586,22.91036199312657,214.82400002423674,2495.142000960186,1.1521769920364022,10122770696,25769803776,11320879616,51539607744,10122770696,25769803776,21098454528,26826768384,27689811968
current,refactor_final_nosa_bench_20261005_02,async_sparse,first,12,False,2755.251183058135,22.6591540267691,228.70592097751796,2502.6802649954334,1.2058430584147573,10203249944,27917287424,11501026304,55834575056,10203249944,27917287424,21179010048,26910654464,27777892352
current,refactor_final_nosa_bench_20261005_02,async_sparse,first,13,False,2798.4580768970773,22.491134935989976,278.6481799557805,2496.01869401522,1.3000679900869727,10283729192,30064771072,11681172992,60129542368,10283729192,30064771072,21259718144,27015512064,27886944256
current,refactor_final_nosa_bench_20261005_02,async_sparse,first,14,False,2731.0481779277325,22.786772926338017,203.38873891159892,2503.500248072669,1.3724180171266198,10364208440,32212254720,11861319680,64424509680,10364208440,32212254720,21340229632,27101495296,27977121792
current,refactor_final_nosa_bench_20261005_02,async_sparse,first,15,False,2741.5291169891134,22.746442002244294,224.72761501558125,2492.597820935771,1.4572390355169773,10444687688,34359738368,12041466368,68719476992,10444687688,34359738368,21420741120,27185381376,28065202176
current,refactor_final_nosa_bench_20261005_02,async_sparse,revisit,16,True,31.85686399228871,28.43276597559452,1.999467029236257,0.00016205012798309326,1.424468937329948,10444687688,34359738368,12041466368,68719476992,10444687688,34359738368,21420741120,27185381376,28065202176
current,refactor_final_nosa_bench_20261005_02,async_sparse,revisit,17,True,31.256941030733287,28.060205979272723,1.923391013406217,0.00025902409106492996,1.273085013963282,10444687688,34359738368,12041466368,68719476992,10444687688,34359738368,21420741120,27185381376,28065202176
current,refactor_final_nosa_bench_20261005_02,async_sparse,revisit,18,True,54.38363505527377,51.266920985654,1.913554035127163,0.0001919688656926155,1.2029680656269193,10444687688,34359738368,12041466368,68719476992,10444687688,34359738368,21420741120,27185381376,28065202176
current,refactor_final_nosa_bench_20261005_02,async_sparse,revisit,19,True,30.233890982344747,27.093106997199357,1.9304779125377536,0.00021606683731079102,1.2100900057703257,10444687688,34359738368,12041466368,68719476992,10444687688,34359738368,21420741120,27185381376,28065202176
current,refactor_final_nosa_bench_20261005_02,async_sparse,revisit,20,True,31.20302502065897,28.10402004979551,1.9019180908799171,0.00016193371266126633,1.196924946270883,10444687688,34359738368,12041466368,68719476992,10444687688,34359738368,21420741120,27185381376,28065202176
current,refactor_final_nosa_bench_20261005_02,async_sparse,revisit,21,True,31.234649010002613,27.058358071371913,2.9573109932243824,0.00021094456315040588,1.2187690008431673,10444687688,34359738368,12041466368,68719476992,10444687688,34359738368,21420741120,27185381376,28065202176
current,refactor_final_nosa_bench_20261005_02,async_sparse,revisit,22,True,30.965009005740285,27.888527954928577,1.8800299149006605,0.00018905848264694214,1.1962620774284005,10444687688,34359738368,12041466368,68719476992,10444687688,34359738368,21420741120,27185381376,28065202176
current,refactor_final_nosa_bench_20261005_02,async_sparse,revisit,23,True,31.046872027218342,27.9802440200001,1.8662050133571029,0.00017695128917694092,1.2002460425719619,10444687688,34359738368,12041466368,68719476992,10444687688,34359738368,21420741120,27185381376,28065202176
current,refactor_final_nosa_bench_20261005_02,async_sparse,revisit,24,True,30.0453839590773,26.982823968864977,1.8831510096788406,0.00019499566406011581,1.1792139848694205,10444687688,34359738368,12041466368,68719476992,10444687688,34359738368,21420741120,27185381376,28065202176
current,refactor_final_nosa_bench_20261005_02,async_sparse,revisit,25,True,30.564681976102293,27.47329301200807,1.8797939410433173,0.00015203841030597687,1.2114429846405983,10444687688,34359738368,12041466368,68719476992,10444687688,34359738368,21420741120,27185381376,28065202176
current,refactor_final_nosa_bench_20261005_02,async_sparse,revisit,26,True,30.078720999881625,27.01427391730249,1.8770580645650625,0.00018998980522155762,1.1871990282088518,10444687688,34359738368,12041466368,68719476992,10444687688,34359738368,21420741120,27185381376,28065202176
current,refactor_final_nosa_bench_20261005_02,async_sparse,revisit,27,True,29.86658294685185,26.809109025634825,1.8609949620440602,0.00016903504729270935,1.1963099241256714,10444687688,34359738368,12041466368,68719476992,10444687688,34359738368,21420741120,27185381376,28065202176
current,refactor_final_nosa_bench_20261005_02,async_sparse,revisit,28,True,30.19045095425099,27.115817996673286,1.8803429557010531,0.00019208528101444244,1.1940979165956378,10444687688,34359738368,12041466368,68719476992,10444687688,34359738368,21420741120,27185381376,28065202176
current,refactor_final_nosa_bench_20261005_02,async_sparse,revisit,29,True,30.5342860519886,27.450583060272038,1.8912020605057478,0.00015192199498414993,1.1923490092158318,10444687688,34359738368,12041466368,68719476992,10444687688,34359738368,21420741120,27185381376,28065202176
current,refactor_final_nosa_bench_20261005_02,async_sparse,revisit,30,True,31.102753011509776,28.024542960338295,1.8701989902183414,0.00014796387404203415,1.2078630970790982,10444687688,34359738368,12041466368,68719476992,10444687688,34359738368,21420741120,27185381376,28065202176
current,refactor_final_nosa_bench_20261005_02,async_sparse,revisit,31,True,29.598447028547525,26.546012028120458,1.8826109590008855,0.00018102582544088364,1.169643015600741,10444687688,34359738368,12041466368,68719476992,10444687688,34359738368,21420741120,27185381376,28065202176
current,refactor_final_nosa_bench_20261005_03,hbm,first,0,False,2359.595497022383,16.153691103681922,4.549767007119954,2338.6530759744346,0.23896293714642525,9236948736,1,9281438720,2,9236948736,1,20211779584,25853689856,26662207488
current,refactor_final_nosa_bench_20261005_03,hbm,first,1,False,2337.952328962274,16.65271003730595,4.212212981656194,2316.858891979791,0.22851396352052689,9236948736,1,9281438720,2,9236948736,1,20211779584,25853689856,26662207488
current,refactor_final_nosa_bench_20261005_03,hbm,first,2,False,2334.7813959699124,16.573967062868178,3.1569129787385464,2314.8154850350693,0.2350308932363987,9236948736,1,9281438720,2,9236948736,1,20211779584,25853689856,26662207488
current,refactor_final_nosa_bench_20261005_03,hbm,first,3,False,2336.7922600591555,16.830333042889833,3.099296009168029,2316.6321360040456,0.23049500305205584,9236948736,1,9281438720,2,9236948736,1,20211779584,25853689856,26662207488
current,refactor_final_nosa_bench_20261005_03,hbm,first,4,False,2339.8745770100504,17.007763031870127,3.183225984685123,2319.4494659546763,0.23412203881889582,9236948736,1,9281438720,2,9236948736,1,20211779584,25853689856,26662207488
current,refactor_final_nosa_bench_20261005_03,hbm,first,5,False,2338.8915749965236,16.76940592005849,3.0505189206451178,2318.8382270745933,0.2334230812266469,9236948736,1,9281438720,2,9236948736,1,20211779584,25853689856,26662207488
current,refactor_final_nosa_bench_20261005_03,hbm,first,6,False,2340.34941799473,16.731537063606083,3.0919460114091635,2320.2874769922346,0.23845792748034,9236948736,1,9281438720,2,9236948736,1,20211779584,25853689856,26662207488
current,refactor_final_nosa_bench_20261005_03,hbm,first,7,False,2339.6905249683186,16.93799893837422,3.140434972010553,2319.3784810137004,0.23361004423350096,9236948736,1,9281438720,2,9236948736,1,20211779584,25853689856,26662207488
current,refactor_final_nosa_bench_20261005_03,hbm,first,8,False,2341.6605670936406,16.428374918177724,2.992910100147128,2322.0102339982986,0.22904807701706886,9236948736,1,9281438720,2,9236948736,1,20211779584,25853689856,26662207488
current,refactor_final_nosa_bench_20261005_03,hbm,first,9,False,2344.57565296907,16.842370037920773,3.056142944842577,2324.4424069998786,0.23473298642784357,9236948736,1,9281438720,2,9236948736,1,20211779584,25853689856,26662207488
current,refactor_final_nosa_bench_20261005_03,hbm,first,10,False,2345.2959340065718,16.914010979235172,3.151535987854004,2325.000506010838,0.22988102864474058,9236948736,1,9281438720,2,9236948736,1,20211779584,25853689856,26662207488
current,refactor_final_nosa_bench_20261005_03,hbm,first,11,False,2342.685398994945,16.830874024890363,3.1358900014311075,2322.47648795601,0.24214701261371374,9236948736,1,9281438720,2,9236948736,1,20211779584,25853689856,26662207488
current,refactor_final_nosa_bench_20261005_03,hbm,first,12,False,2343.930902075954,16.777437995187938,3.0615500872954726,2323.8601109478623,0.23180304560810328,9236948736,1,9281438720,2,9236948736,1,20211779584,25853689856,26662207488
current,refactor_final_nosa_bench_20261005_03,hbm,first,13,False,2341.72408899758,16.94772602058947,3.1344869639724493,2321.3994069956243,0.24246901739388704,9236948736,1,9281438720,2,9236948736,1,20211779584,25853689856,26662207488
current,refactor_final_nosa_bench_20261005_03,hbm,first,14,False,2348.9901589928195,16.973215038888156,3.1337389955297112,2328.6504229763523,0.23278198204934597,9236948736,1,9281438720,2,9236948736,1,20211779584,25853689856,26662207488
current,refactor_final_nosa_bench_20261005_03,hbm,first,15,False,2344.7430779924616,16.68072200845927,3.0666599050164223,2324.7717530466616,0.22394303232431412,9236948736,1,9281438720,2,9236948736,1,20211779584,25853689856,26662207488
current,refactor_final_nosa_bench_20261005_03,hbm,revisit,16,False,2343.1246540276334,16.87112497165799,3.1225619604811072,2322.898740065284,0.23222703021019697,9236948736,1,9281438720,2,9236948736,1,20211779584,25853689856,26662207488
current,refactor_final_nosa_bench_20261005_03,hbm,revisit,17,False,2344.257022952661,16.98351395316422,3.134766942821443,2323.904219083488,0.23452297318726778,9236948736,1,9281438720,2,9236948736,1,20211779584,25853689856,26662207488
current,refactor_final_nosa_bench_20261005_03,hbm,revisit,18,False,2345.30511603225,16.671667923219502,3.1495620496571064,2325.2547070151195,0.22917904425412416,9236948736,1,9281438720,2,9236948736,1,20211779584,25853689856,26662207488
current,refactor_final_nosa_bench_20261005_03,hbm,revisit,19,False,2342.095226980746,16.484434017911553,3.083801013417542,2322.2933219512925,0.23366999812424183,9236948736,1,9281438720,2,9236948736,1,20211779584,25853689856,26662207488
current,refactor_final_nosa_bench_20261005_03,hbm,revisit,20,False,2346.972797997296,17.22509495448321,3.1093769939616323,2326.410716981627,0.22760906722396612,9236948736,1,9281438720,2,9236948736,1,20211779584,25853689856,26662207488
current,refactor_final_nosa_bench_20261005_03,hbm,revisit,21,False,2345.3215420013294,17.059874953702092,3.1710589537397027,2324.8526310781017,0.23797701578587294,9236948736,1,9281438720,2,9236948736,1,20211779584,25853689856,26662207488
current,refactor_final_nosa_bench_20261005_03,hbm,revisit,22,False,2345.752344932407,16.49350905790925,3.027739003300667,2326.0014879051596,0.22960896603763103,9236948736,1,9281438720,2,9236948736,1,20211779584,25853689856,26662207488
current,refactor_final_nosa_bench_20261005_03,hbm,revisit,23,False,2343.928429996595,16.94083004258573,3.106537973508239,2323.648561956361,0.23250002413988113,9236948736,1,9281438720,2,9236948736,1,20211779584,25853689856,26662207488
current,refactor_final_nosa_bench_20261005_03,hbm,revisit,24,False,2332.3827729327604,16.677472973242402,3.17183299921453,2312.296294956468,0.23717200383543968,9236948736,1,9281438720,2,9236948736,1,20211779584,25853689856,26662207488
current,refactor_final_nosa_bench_20261005_03,hbm,revisit,25,False,2334.895460982807,16.662101028487086,3.1285170698538423,2314.866238972172,0.23860391229391098,9236948736,1,9281438720,2,9236948736,1,20211779584,25853689856,26662207488
current,refactor_final_nosa_bench_20261005_03,hbm,revisit,26,False,2352.7171269524843,16.68813603464514,3.0441079288721085,2332.7566150110215,0.22826797794550657,9236948736,1,9281438720,2,9236948736,1,20211779584,25853689856,26662207488
current,refactor_final_nosa_bench_20261005_03,hbm,revisit,27,False,2344.0859119873494,16.82441297452897,3.1701260013505816,2323.8628580002114,0.22851501125842333,9236948736,1,9281438720,2,9236948736,1,20211779584,25853689856,26662207488
current,refactor_final_nosa_bench_20261005_03,hbm,revisit,28,False,2352.772625046782,16.72072894871235,3.1654370250180364,2332.6474770437926,0.23898202925920486,9236948736,1,9281438720,2,9236948736,1,20211779584,25853689856,26662207488
current,refactor_final_nosa_bench_20261005_03,hbm,revisit,29,False,2345.2288770349696,16.64761092979461,3.2149110920727253,2325.1319599803537,0.23439503274857998,9236948736,1,9281438720,2,9236948736,1,20211779584,25853689856,26662207488
current,refactor_final_nosa_bench_20261005_03,hbm,revisit,30,False,2337.6251900335774,17.00646907556802,3.0945870094001293,2317.2944259131327,0.22970803547650576,9236948736,1,9281438720,2,9236948736,1,20211779584,25853689856,26662207488
current,refactor_final_nosa_bench_20261005_03,hbm,revisit,31,False,2333.4483930375427,16.878152964636683,3.1450510723516345,2313.189866952598,0.23532204795628786,9236948736,1,9281438720,2,9236948736,1,20211779584,25853689856,26662207488
current,refactor_final_nosa_bench_20261005_03,dense_prefetch,first,0,False,2771.0963629651815,25.093208998441696,292.8494409425184,2452.891909983009,0.2618030412122607,9237470232,2147483648,9339235328,4294967304,9237470232,2147483648,20212301824,25866272768,26681081856
current,refactor_final_nosa_bench_20261005_03,dense_prefetch,first,1,False,2695.97400596831,25.041657965630293,234.91930100135505,2435.668402002193,0.3446449991315603,9317949480,4294967296,9519382016,8589934608,9317949480,4294967296,20292813312,25929187328,26748190720
current,refactor_final_nosa_bench_20261005_03,dense_prefetch,first,2,False,2715.587895945646,24.61791504174471,251.79947598371655,2438.7402939610183,0.4302109591662884,9398428728,6442450944,9699528704,12884901912,9398428728,6442450944,20373368832,26015170560,26838368256
current,refactor_final_nosa_bench_20261005_03,dense_prefetch,first,3,False,2717.8175339940935,25.105534004978836,257.21473793964833,2434.9981690756977,0.4990929737687111,9478907976,8589934592,9879675392,17179869216,9478907976,8589934592,20454076928,26120028160,26947420160
current,refactor_final_nosa_bench_20261005_03,dense_prefetch,first,4,False,2678.7222960265353,24.912414024583995,209.50142201036215,2443.7404699856415,0.5679900059476495,9559387224,10737418240,10059822080,21474836520,9559387224,10737418240,20534588416,26203914240,27035500544
current,refactor_final_nosa_bench_20261005_03,dense_prefetch,first,5,False,2665.4939940199256,25.16888699028641,207.85126904956996,2431.8245409522206,0.649297027848661,9639866472,12884901888,10239968768,25769803824,9639866472,12884901888,20615099904,26289897472,27125678080
current,refactor_final_nosa_bench_20261005_03,dense_prefetch,first,6,False,2673.930556047708,25.056376005522907,212.43018901441246,2435.6926350155845,0.7513560121878982,9720345720,15032385536,10420115456,30064771128,9720345720,15032385536,20695655424,26373783552,27213758464
current,refactor_final_nosa_bench_20261005_03,dense_prefetch,first,7,False,2661.0714580165222,24.89070501178503,202.73655001074076,2432.630399009213,0.8138039847835898,9800824968,17179869184,10600262144,34359738432,9800824968,17179869184,20776363520,26478641152,27322810368
current,refactor_final_nosa_bench_20261005_03,dense_prefetch,first,8,False,2663.4882980724797,29.18933902401477,199.89167107269168,2433.5006759501994,0.9066120255738497,9881304216,19327352832,10780408832,38654705736,9881304216,19327352832,20856875008,26564624384,27412987904
current,refactor_final_nosa_bench_20261005_03,dense_prefetch,first,9,False,2711.2051459262148,24.843335966579616,241.17760092485696,2444.2092070821673,0.9750019526109099,9961783464,21474836480,10960555520,42949673040,9961783464,21474836480,20937386496,26648510464,27501068288
current,refactor_final_nosa_bench_20261005_03,dense_prefetch,first,10,False,2733.7740079965442,25.152786052785814,267.79817696660757,2439.76645602379,1.0565889533609152,10042262712,23622320128,11140702208,47244640344,10042262712,23622320128,21017942016,26732396544,27589148672
current,refactor_final_nosa_bench_20261005_03,dense_prefetch,first,11,False,2662.6561330631375,25.233536027371883,198.9655300276354,2437.334273941815,1.122793066315353,10122741960,25769803776,11320848896,51539607648,10122741960,25769803776,21098650112,26839351296,27700297728
current,refactor_final_nosa_bench_20261005_03,dense_prefetch,first,12,False,2685.506032081321,25.261375936679542,222.4066680064425,2436.643328052014,1.19466008618474,10203221208,27917287424,11500995584,55834574952,10203221208,27917287424,21179161600,26923237376,27788378112
current,refactor_final_nosa_bench_20261005_03,dense_prefetch,first,13,False,2657.3874030727893,25.313813937827945,197.6352110505104,2433.116719010286,1.321659074164927,10283700456,30064771072,11681142272,60129542256,10283700456,30064771072,21259673088,27007123456,27876458496
current,refactor_final_nosa_bench_20261005_03,dense_prefetch,first,14,False,2691.3434809539467,25.0642909668386,229.479769943282,2435.4481040500104,1.3513159938156605,10364179704,32212254720,11861288960,64424509560,10364179704,32212254720,21340228608,27093106688,27966636032
current,refactor_final_nosa_bench_20261005_03,dense_prefetch,first,15,False,2707.179344026372,25.279319030232728,244.27592102438211,2436.2050789641216,1.419025007635355,10444658952,34359738368,12041435648,68719476864,10444658952,34359738368,21420936704,27197964288,28075687936
current,refactor_final_nosa_bench_20261005_03,dense_prefetch,revisit,16,True,70.75602107215673,67.3897759988904,1.9487100653350353,0.00024796463549137115,1.4172870432958007,10444658952,34359738368,12041435648,68719476864,10444658952,34359738368,21420936704,27197964288,28075687936
current,refactor_final_nosa_bench_20261005_03,dense_prefetch,revisit,17,True,70.72029099799693,67.40693596657366,1.907386933453381,0.0002300366759300232,1.4057380612939596,10444658952,34359738368,12041435648,68719476864,10444658952,34359738368,21420936704,27197964288,28075687936
current,refactor_final_nosa_bench_20261005_03,dense_prefetch,revisit,18,True,71.6896050143987,68.38466401677579,1.967206015251577,0.000250060111284256,1.337484922260046,10444658952,34359738368,12041435648,68719476864,10444658952,34359738368,21420936704,27197964288,28075687936
current,refactor_final_nosa_bench_20261005_03,dense_prefetch,revisit,19,True,70.21918904501945,66.99772900901735,1.8820810364559293,0.00029604416340589523,1.3390829553827643,10444658952,34359738368,12041435648,68719476864,10444658952,34359738368,21420936704,27197964288,28075687936
current,refactor_final_nosa_bench_20261005_03,dense_prefetch,revisit,20,True,70.56285999715328,67.31257401406765,1.9095790339633822,0.0002849847078323364,1.3404219644144177,10444658952,34359738368,12041435648,68719476864,10444658952,34359738368,21420936704,27197964288,28075687936
current,refactor_final_nosa_bench_20261005_03,dense_prefetch,revisit,21,True,70.45762694906443,67.26174289360642,1.8889259081333876,0.00030710361897945404,1.3066510437056422,10444658952,34359738368,12041435648,68719476864,10444658952,34359738368,21420936704,27197964288,28075687936
current,refactor_final_nosa_bench_20261005_03,dense_prefetch,revisit,22,True,93.49273599218577,89.50601797550917,2.715091919526458,0.00014703255146741867,1.2714790645986795,10444658952,34359738368,12041435648,68719476864,10444658952,34359738368,21420936704,27197964288,28075687936
current,refactor_final_nosa_bench_20261005_03,dense_prefetch,revisit,23,True,71.16331695578992,67.19663296826184,2.714096917770803,0.00019103754311800003,1.2523960322141647,10444658952,34359738368,12041435648,68719476864,10444658952,34359738368,21420936704,27197964288,28075687936
current,refactor_final_nosa_bench_20261005_03,dense_prefetch,revisit,24,True,70.3123320126906,67.17218109406531,1.886210055090487,0.00015494879335165024,1.2537859147414565,10444658952,34359738368,12041435648,68719476864,10444658952,34359738368,21420936704,27197964288,28075687936
current,refactor_final_nosa_bench_20261005_03,dense_prefetch,revisit,25,True,70.42483997065574,67.27990391664207,1.8846129532903433,0.00015308614820241928,1.2601700145751238,10444658952,34359738368,12041435648,68719476864,10444658952,34359738368,21420936704,27197964288,28075687936
current,refactor_final_nosa_bench_20261005_03,dense_prefetch,revisit,26,True,70.29783702455461,67.18449096661061,1.8924240721389651,0.00026298221200704575,1.2206590035930276,10444658952,34359738368,12041435648,68719476864,10444658952,34359738368,21420936704,27197964288,28075687936
current,refactor_final_nosa_bench_20261005_03,dense_prefetch,revisit,27,True,70.06371894385666,66.96727592498064,1.8806930165737867,0.00018603168427944183,1.21556397061795,10444658952,34359738368,12041435648,68719476864,10444658952,34359738368,21420936704,27197964288,28075687936
current,refactor_final_nosa_bench_20261005_03,dense_prefetch,revisit,28,True,70.25282306130975,67.12967890780419,1.8770680762827396,0.00012200325727462769,1.2459540739655495,10444658952,34359738368,12041435648,68719476864,10444658952,34359738368,21420936704,27197964288,28075687936
current,refactor_final_nosa_bench_20261005_03,dense_prefetch,revisit,29,True,70.39501506369561,67.29077198542655,1.8760960083454847,0.00015308614820241928,1.2279939837753773,10444658952,34359738368,12041435648,68719476864,10444658952,34359738368,21420936704,27197964288,28075687936
current,refactor_final_nosa_bench_20261005_03,dense_prefetch,revisit,30,True,70.59014798142016,67.50231795012951,1.863968907855451,0.00017508864402770996,1.2236860347911716,10444658952,34359738368,12041435648,68719476864,10444658952,34359738368,21420936704,27197964288,28075687936
current,refactor_final_nosa_bench_20261005_03,dense_prefetch,revisit,31,True,70.28882601298392,67.21364904660732,1.8771509639918804,0.00018603168427944183,1.1978399707004428,10444658952,34359738368,12041435648,68719476864,10444658952,34359738368,21420936704,27197964288,28075687936
current,refactor_final_nosa_bench_20261005_03,sync_sparse,first,0,False,2754.476477042772,22.960901027545333,297.59601305704564,2433.6483029183,0.2712600398808718,9237498968,2147483648,9339266048,4294967312,9237498968,2147483648,20212332544,25916604416,26733510656
current,refactor_final_nosa_bench_20261005_03,sync_sparse,first,1,False,2699.0496079670265,21.83826605323702,270.1416329946369,2406.7234279355034,0.34628098364919424,9317978216,4294967296,9519412736,8589934624,9317978216,4294967296,20292844032,25916604416,26737704960
current,refactor_final_nosa_bench_20261005_03,sync_sparse,first,2,False,2668.851327034645,22.095703054219484,232.35888895578682,2413.967374013737,0.4293610109016299,9398457464,6442450944,9699559424,12884901936,9398457464,6442450944,20373355520,26023559168,26848854016
current,refactor_final_nosa_bench_20261005_03,sync_sparse,first,3,False,2721.0984479170293,22.252297960221767,288.0454920232296,2410.298801958561,0.5018559750169516,9478936712,8589934592,9879706112,17179869248,9478936712,8589934592,20453925376,26107445248,26936934400
current,refactor_final_nosa_bench_20261005_03,sync_sparse,first,4,False,2664.895900990814,22.564012091606855,225.39460193365812,2416.34699201677,0.5902949487790465,9559415960,10737418240,10059852800,21474836560,9559415960,10737418240,20534436864,26191331328,27025014784
current,refactor_final_nosa_bench_20261005_03,sync_sparse,first,5,False,2642.6360819023103,22.35057402867824,208.99985590949655,2410.6011469848454,0.6845049792900681,9639895208,12884901888,10239999488,25769803872,9639895208,12884901888,20615144960,26298286080,27136163840
current,refactor_final_nosa_bench_20261005_03,sync_sparse,first,6,False,2665.9037019126117,22.12970599066466,224.49235897511244,2418.5479199513793,0.7337169954553246,9720374456,15032385536,10420146176,30064771184,9720374456,15032385536,20695656448,26382172160,27224244224
current,refactor_final_nosa_bench_20261005_03,sync_sparse,first,7,False,2638.792033889331,22.387096076272428,204.014265909791,2411.57109499909,0.8195769041776657,9800853704,17179869184,10600292864,34359738496,9800853704,17179869184,20776167936,26466058240,27312324608
current,refactor_final_nosa_bench_20261005_03,sync_sparse,first,8,False,2635.9380630310625,22.92814594693482,199.49882407672703,2412.5854109879583,0.9256820194423199,9881332952,19327352832,10780439552,38654705808,9881332952,19327352832,20856723456,26552041472,27402502144
current,refactor_final_nosa_bench_20261005_03,sync_sparse,first,9,False,2639.590971986763,22.609504987485707,199.12989193107933,2416.878162068315,0.9734129998832941,9961812200,21474836480,10960586240,42949673120,9961812200,21474836480,20937431552,26656899072,27511554048
current,refactor_final_nosa_bench_20261005_03,sync_sparse,first,10,False,2640.3192640282214,22.205270011909306,199.3151439819485,2417.738266987726,1.0605830466374755,10042291448,23622320128,11140732928,47244640432,10042291448,23622320128,21017943040,26740785152,27599634432
current,refactor_final_nosa_bench_20261005_03,sync_sparse,first,11,False,2661.7271209834144,22.66845910344273,222.9594320524484,2414.943969924934,1.1552599025890231,10122770696,25769803776,11320879616,51539607744,10122770696,25769803776,21098454528,26826768384,27689811968
current,refactor_final_nosa_bench_20261005_03,sync_sparse,first,12,False,2638.0815020529553,22.464600973762572,201.24632702209055,2413.1430650595576,1.2275089975446463,10203249944,27917287424,11501026304,55834575056,10203249944,27917287424,21179010048,26910654464,27777892352
current,refactor_final_nosa_bench_20261005_03,sync_sparse,first,13,False,2668.0440430063754,22.49068906530738,223.3757470967248,2420.887411921285,1.2901949230581522,10283729192,30064771072,11681172992,60129542368,10283729192,30064771072,21259718144,27015512064,27886944256
current,refactor_final_nosa_bench_20261005_03,sync_sparse,first,14,False,2665.374977979809,22.634358960203826,220.1893349410966,2421.156792086549,1.3944919919595122,10364208440,32212254720,11861319680,64424509680,10364208440,32212254720,21340229632,27101495296,27977121792
current,refactor_final_nosa_bench_20261005_03,sync_sparse,first,15,False,2637.540261959657,22.3905990133062,197.3318950040266,2416.351704974659,1.4660629676654935,10444687688,34359738368,12041466368,68719476992,10444687688,34359738368,21420741120,27185381376,28065202176
current,refactor_final_nosa_bench_20261005_03,sync_sparse,revisit,16,True,29.101232066750526,25.764215039089322,1.9245360745117068,0.00025797635316848755,1.412222976796329,10444687688,34359738368,12041466368,68719476992,10444687688,34359738368,21420741120,27185381376,28065202176
current,refactor_final_nosa_bench_20261005_03,sync_sparse,revisit,17,True,29.43753602448851,26.289237081073225,1.9079339690506458,0.00022596213966608047,1.2401390122249722,10444687688,34359738368,12041466368,68719476992,10444687688,34359738368,21420741120,27185381376,28065202176
current,refactor_final_nosa_bench_20261005_03,sync_sparse,revisit,18,True,51.3772030826658,48.239044030196965,1.9245219882577658,0.00023399479687213898,1.2134030694141984,10444687688,34359738368,12041466368,68719476992,10444687688,34359738368,21420741120,27185381376,28065202176
current,refactor_final_nosa_bench_20261005_03,sync_sparse,revisit,19,True,28.107001911848783,24.98972089961171,1.9082309445366263,0.00021106097847223282,1.2088390067219734,10444687688,34359738368,12041466368,68719476992,10444687688,34359738368,21420741120,27185381376,28065202176
current,refactor_final_nosa_bench_20261005_03,sync_sparse,revisit,20,True,27.909258962608874,24.752420955337584,1.936497981660068,0.0003300374373793602,1.2200099881738424,10444687688,34359738368,12041466368,68719476992,10444687688,34359738368,21420741120,27185381376,28065202176
current,refactor_final_nosa_bench_20261005_03,sync_sparse,revisit,21,True,28.176633990369737,25.08724096696824,1.8786059226840734,0.00018801074475049973,1.2105990899726748,10444687688,34359738368,12041466368,68719476992,10444687688,34359738368,21420741120,27185381376,28065202176
current,refactor_final_nosa_bench_20261005_03,sync_sparse,revisit,22,True,27.136254007928073,24.079568102024496,1.8620910122990608,0.0001969747245311737,1.1943979188799858,10444687688,34359738368,12041466368,68719476992,10444687688,34359738368,21420741120,27185381376,28065202176
current,refactor_final_nosa_bench_20261005_03,sync_sparse,revisit,23,True,28.834427008405328,25.731213972903788,1.8816880183294415,0.00016298145055770874,1.2213620357215405,10444687688,34359738368,12041466368,68719476992,10444687688,34359738368,21420741120,27185381376,28065202176
current,refactor_final_nosa_bench_20261005_03,sync_sparse,revisit,24,True,27.35521993599832,24.29503097664565,1.8712279852479696,0.00018603168427944183,1.188774942420423,10444687688,34359738368,12041466368,68719476992,10444687688,34359738368,21420741120,27185381376,28065202176
current,refactor_final_nosa_bench_20261005_03,sync_sparse,revisit,25,True,28.299979981966317,25.210535968653858,1.8777229124680161,0.00017008278518915176,1.2115510180592537,10444687688,34359738368,12041466368,68719476992,10444687688,34359738368,21420741120,27185381376,28065202176
current,refactor_final_nosa_bench_20261005_03,sync_sparse,revisit,26,True,27.45463198516518,24.369836086407304,1.875597983598709,0.00016798730939626694,1.2090299278497696,10444687688,34359738368,12041466368,68719476992,10444687688,34359738368,21420741120,27185381376,28065202176
current,refactor_final_nosa_bench_20261005_03,sync_sparse,revisit,27,True,27.721820049919188,24.64930305723101,1.8636600580066442,0.00015797559171915054,1.2086989590898156,10444687688,34359738368,12041466368,68719476992,10444687688,34359738368,21420741120,27185381376,28065202176
current,refactor_final_nosa_bench_20261005_03,sync_sparse,revisit,28,True,28.324708924628794,25.23594896774739,1.8834020011126995,0.00015599653124809265,1.2052019592374563,10444687688,34359738368,12041466368,68719476992,10444687688,34359738368,21420741120,27185381376,28065202176
current,refactor_final_nosa_bench_20261005_03,sync_sparse,revisit,29,True,27.790787047706544,24.652624037116766,1.911389990709722,0.00018998980522155762,1.2265830300748348,10444687688,34359738368,12041466368,68719476992,10444687688,34359738368,21420741120,27185381376,28065202176
current,refactor_final_nosa_bench_20261005_03,sync_sparse,revisit,30,True,29.15783307980746,26.029885979369283,1.8944480689242482,0.00015599653124809265,1.2333430349826813,10444687688,34359738368,12041466368,68719476992,10444687688,34359738368,21420741120,27185381376,28065202176
current,refactor_final_nosa_bench_20261005_03,sync_sparse,revisit,31,True,27.406638022512197,24.30945006199181,1.8749339506030083,0.0002019805833697319,1.2220520293340087,10444687688,34359738368,12041466368,68719476992,10444687688,34359738368,21420741120,27185381376,28065202176
current,refactor_final_nosa_bench_20261005_03,async_sparse,first,0,False,2813.011954072863,22.78485696297139,273.4731320524588,2516.48989203386,0.2640730235725641,9237498968,2147483648,9339266048,4294967312,9237498968,2147483648,20212332544,25916604416,26733510656
current,refactor_final_nosa_bench_20261005_03,async_sparse,first,1,False,2754.263033042662,21.95198298431933,237.30994097422808,2494.6545680286363,0.3465410554781556,9317978216,4294967296,9519412736,8589934624,9317978216,4294967296,20292844032,25916604416,26737704960
current,refactor_final_nosa_bench_20261005_03,async_sparse,first,2,False,2755.8232790324837,22.31555199250579,237.22382995765656,2495.8660270785913,0.41787000373005867,9398457464,6442450944,9699559424,12884901936,9398457464,6442450944,20373355520,26023559168,26848854016
current,refactor_final_nosa_bench_20261005_03,async_sparse,first,3,False,2755.5694739567116,22.424152004532516,234.1843789909035,2498.4546250198036,0.5063179414719343,9478936712,8589934592,9879706112,17179869248,9478936712,8589934592,20453925376,26107445248,26936934400
current,refactor_final_nosa_bench_20261005_03,async_sparse,first,4,False,2720.8559969440103,22.390687954612076,210.04155196715146,2487.850392004475,0.5733650177717209,9559415960,10737418240,10059852800,21474836560,9559415960,10737418240,20534436864,26191331328,27025014784
current,refactor_final_nosa_bench_20261005_03,async_sparse,first,5,False,2730.635617976077,22.50698406714946,215.8664680318907,2491.597118903883,0.6650469731539488,9639895208,12884901888,10239999488,25769803872,9639895208,12884901888,20615144960,26298286080,27136163840
current,refactor_final_nosa_bench_20261005_03,async_sparse,first,6,False,2738.7943010544404,22.219054982997477,212.8598300041631,2502.9797840397805,0.7356320274993777,9720374456,15032385536,10420146176,30064771184,9720374456,15032385536,20695656448,26382172160,27224244224
current,refactor_final_nosa_bench_20261005_03,async_sparse,first,7,False,2757.4288239702582,22.387010045349598,228.45526598393917,2505.77860197518,0.8079459657892585,9800853704,17179869184,10600292864,34359738496,9800853704,17179869184,20776167936,26466058240,27312324608
current,refactor_final_nosa_bench_20261005_03,async_sparse,first,8,False,2721.291921916418,22.533182054758072,200.62871591653675,2497.208838001825,0.9211859432980418,9881332952,19327352832,10780439552,38654705808,9881332952,19327352832,20856723456,26552041472,27402502144
current,refactor_final_nosa_bench_20261005_03,async_sparse,first,9,False,2747.5749040022492,22.574677015654743,224.78291997686028,2499.2368000093848,0.980507000349462,9961812200,21474836480,10960586240,42949673120,9961812200,21474836480,20937431552,26656899072,27511554048
current,refactor_final_nosa_bench_20261005_03,async_sparse,first,10,False,2711.0072490759194,22.18761807307601,197.61322904378176,2490.168840973638,1.0375609854236245,10042291448,23622320128,11140732928,47244640432,10042291448,23622320128,21017943040,26740785152,27599634432
current,refactor_final_nosa_bench_20261005_03,async_sparse,first,11,False,2749.563930090517,22.749801981262863,235.0768290925771,2490.5963629717007,1.1409360449761152,10122770696,25769803776,11320879616,51539607744,10122770696,25769803776,21098454528,26826768384,27689811968
current,refactor_final_nosa_bench_20261005_03,async_sparse,first,12,False,2751.0624929564074,22.553246933966875,226.11410194076598,2501.184325083159,1.210818998515606,10203249944,27917287424,11501026304,55834575056,10203249944,27917287424,21179010048,26910654464,27777892352
current,refactor_final_nosa_bench_20261005_03,async_sparse,first,13,False,2721.0287019843236,22.44086004793644,205.1238149870187,2492.188176023774,1.2758509255945683,10283729192,30064771072,11681172992,60129542368,10283729192,30064771072,21259718144,27015512064,27886944256
current,refactor_final_nosa_bench_20261005_03,async_sparse,first,14,False,2733.2214768975973,22.808796958997846,208.58814497478306,2500.4460270283744,1.3785079354420304,10364208440,32212254720,11861319680,64424509680,10364208440,32212254720,21340229632,27101495296,27977121792
current,refactor_final_nosa_bench_20261005_03,async_sparse,first,15,False,2741.943463915959,22.621772019192576,225.10103997774422,2492.770181968808,1.4504699502140284,10444687688,34359738368,12041466368,68719476992,10444687688,34359738368,21420741120,27185381376,28065202176
current,refactor_final_nosa_bench_20261005_03,async_sparse,revisit,16,True,30.59783997014165,27.2207009838894,1.939923968166113,0.0002270098775625229,1.4369880082085729,10444687688,34359738368,12041466368,68719476992,10444687688,34359738368,21420741120,27185381376,28065202176
current,refactor_final_nosa_bench_20261005_03,async_sparse,revisit,17,True,31.439637066796422,28.193383011966944,1.927001983858645,0.00018300488591194153,1.3190690660849214,10444687688,34359738368,12041466368,68719476992,10444687688,34359738368,21420741120,27185381376,28065202176
current,refactor_final_nosa_bench_20261005_03,async_sparse,revisit,18,True,54.23803790472448,51.06756300665438,1.9262359710410237,0.00016496051102876663,1.2440739665180445,10444687688,34359738368,12041466368,68719476992,10444687688,34359738368,21420741120,27185381376,28065202176
current,refactor_final_nosa_bench_20261005_03,async_sparse,revisit,19,True,30.1604310516268,27.02268597204238,1.8960670568048954,0.00018498394638299942,1.2414930388331413,10444687688,34359738368,12041466368,68719476992,10444687688,34359738368,21420741120,27185381376,28065202176
current,refactor_final_nosa_bench_20261005_03,async_sparse,revisit,20,True,30.707490048371255,27.596338069997728,1.8898070557042956,0.00023597385734319687,1.2211089488118887,10444687688,34359738368,12041466368,68719476992,10444687688,34359738368,21420741120,27185381376,28065202176
current,refactor_final_nosa_bench_20261005_03,async_sparse,revisit,21,True,30.154295032843947,27.061957982368767,1.8769640009850264,0.0001430744305253029,1.2152299750596285,10444687688,34359738368,12041466368,68719476992,10444687688,34359738368,21420741120,27185381376,28065202176
current,refactor_final_nosa_bench_20261005_03,async_sparse,revisit,22,True,30.184354982338846,27.08942093886435,1.8866308964788914,0.00017008278518915176,1.2081330642104149,10444687688,34359738368,12041466368,68719476992,10444687688,34359738368,21420741120,27185381376,28065202176
current,refactor_final_nosa_bench_20261005_03,async_sparse,revisit,23,True,31.045156996697187,27.977736084721982,1.8776910146698356,0.00025797635316848755,1.189471920952201,10444687688,34359738368,12041466368,68719476992,10444687688,34359738368,21420741120,27185381376,28065202176
current,refactor_final_nosa_bench_20261005_03,async_sparse,revisit,24,True,30.391770065762103,27.318692998960614,1.8724700203165412,0.00018498394638299942,1.2004220625385642,10444687688,34359738368,12041466368,68719476992,10444687688,34359738368,21420741120,27185381376,28065202176
current,refactor_final_nosa_bench_20261005_03,async_sparse,revisit,25,True,30.56443005334586,27.48108294326812,1.8679909408092499,0.00017008278518915176,1.2151860864832997,10444687688,34359738368,12041466368,68719476992,10444687688,34359738368,21420741120,27185381376,28065202176
current,refactor_final_nosa_bench_20261005_03,async_sparse,revisit,26,True,30.193986021913588,27.123678009957075,1.8650460988283157,0.00021094456315040588,1.2050509685650468,10444687688,34359738368,12041466368,68719476992,10444687688,34359738368,21420741120,27185381376,28065202176
current,refactor_final_nosa_bench_20261005_03,async_sparse,revisit,27,True,29.951688018627465,26.84507903177291,1.898466027341783,0.00018801074475049973,1.2079549487680197,10444687688,34359738368,12041466368,68719476992,10444687688,34359738368,21420741120,27185381376,28065202176
current,refactor_final_nosa_bench_20261005_03,async_sparse,revisit,28,True,30.070846085436642,26.96561999619007,1.8956920830532908,0.00017695128917694092,1.2093570549041033,10444687688,34359738368,12041466368,68719476992,10444687688,34359738368,21420741120,27185381376,28065202176
current,refactor_final_nosa_bench_20261005_03,async_sparse,revisit,29,True,30.543597997166216,27.49523799866438,1.8457629485055804,0.00018300488591194153,1.2024140451103449,10444687688,34359738368,12041466368,68719476992,10444687688,34359738368,21420741120,27185381376,28065202176
current,refactor_final_nosa_bench_20261005_03,async_sparse,revisit,30,True,31.224202015437186,28.134674998000264,1.8723600078374147,0.00016402918845415115,1.2170029804110527,10444687688,34359738368,12041466368,68719476992,10444687688,34359738368,21420741120,27185381376,28065202176
current,refactor_final_nosa_bench_20261005_03,async_sparse,revisit,31,True,29.759895987808704,26.681618997827172,1.8665209645405412,0.00017508864402770996,1.2115809367969632,10444687688,34359738368,12041466368,68719476992,10444687688,34359738368,21420741120,27185381376,28065202176
