capture_index,scheme,phase,name,count,total_ms,max_ms,attributed_count,device_ids
1,hbm,cold,"void sm90::prefill::sparse_fwd::sparse_attn_fwd_kernel<sm90::prefill::sparse_fwd::KernelTemplate<(int)576, (bool)0>, sm90::prefill::sparse_fwd::KernelTemplate<(int)576, (bool)0>::TmaParams<cute::tuple<int, int, int>, cute::TiledCopy<cute::Copy_Atom<cute::Copy_Traits<cute::SM90_TMA_LOAD, cute::C<(int)65536>, cute::AuxTmaParams<cute::tuple<cute::ScaledBasis<cute::C<(int)1>, (int)1>, cute::ScaledBasis<cute::C<(int)1>, (int)0>, cute::ScaledBasis<cute::C<(int)1>, (int)2>>, const cute::Layout<cute::tuple<cute::C<(int)64>, cute::C<(int)64>, cute::C<(int)1>>, cute::tuple<cute::ScaledBasis<cute::C<(int)1>, (int)1>, cute::ScaledBasis<cute::C<(int)1>, (int)0>, cute::ScaledBasis<cute::C<(int)1>, (int)2>>> &, const cute::Swizzle<(int)3, (int)4, (int)3> &>>, cutlass::bfloat16_t>, cute::Layout<cute::tuple<cute::C<(int)1>, cute::tuple<cute::tuple<cute::tuple<cute::C<(int)64>, cute::C<(int)64>>, cute::C<(int)9>>>>, cute::tuple<cute::C<(int)0>, cute::tuple<cute::tuple<cute::tuple<cute::C<(int)64>, cute::C<(int)1>>, cute::C<(int)4096>>>>>, cute::tuple<cute::C<(int)64>, cute::C<(int)576>>>>>(SparseAttnFwdParams, T2)",650,641.438641,1.15971,650,[0]
1,hbm,cold,"void deep_gemm::sm90_fp8_mqa_logits<(unsigned int)64, (unsigned int)128, (unsigned int)2, (unsigned int)256, (unsigned int)3, (unsigned int)3, (unsigned int)128, (unsigned int)512>(unsigned int, unsigned int, unsigned long, unsigned int *, unsigned int *, float *, CUtensorMap_st, CUtensorMap_st, CUtensorMap_st, CUtensorMap_st)",650,364.931245,1.15859,650,[0]
1,hbm,cold,"void deep_gemm::sm90_fp8_gemm_1d2d_impl<(cute::UMMA::Major)0, (unsigned int)0, (unsigned int)18432, (unsigned int)7168, (unsigned int)1, (unsigned int)256, (unsigned int)112, (unsigned int)128, (unsigned int)128, (unsigned int)128, (unsigned int)32, (unsigned int)3, (unsigned int)128, (unsigned int)256, (unsigned int)2, (bool)1, (unsigned int)132, (deep_gemm::GemmType)0, cutlass::bfloat16_t>(float *, int *, unsigned int, unsigned int, unsigned int, CUtensorMap_st, CUtensorMap_st, CUtensorMap_st, CUtensorMap_st)",1280,296.093039,0.269342,1280,[0]
1,hbm,cold,"void deep_gemm::sm90_fp8_gemm_1d2d_impl<(cute::UMMA::Major)0, (unsigned int)0, (unsigned int)7168, (unsigned int)18432, (unsigned int)1, (unsigned int)256, (unsigned int)112, (unsigned int)128, (unsigned int)128, (unsigned int)128, (unsigned int)32, (unsigned int)3, (unsigned int)128, (unsigned int)256, (unsigned int)2, (bool)1, (unsigned int)132, (deep_gemm::GemmType)0, cutlass::bfloat16_t>(float *, int *, unsigned int, unsigned int, unsigned int, CUtensorMap_st, CUtensorMap_st, CUtensorMap_st, CUtensorMap_st)",640,147.736812,0.265951,640,[0]
1,hbm,cold,"void deep_gemm::sm90_fp8_gemm_1d2d_impl<(cute::UMMA::Major)0, (unsigned int)0, (unsigned int)7168, (unsigned int)16384, (unsigned int)1, (unsigned int)256, (unsigned int)112, (unsigned int)128, (unsigned int)128, (unsigned int)128, (unsigned int)32, (unsigned int)3, (unsigned int)128, (unsigned int)256, (unsigned int)2, (bool)1, (unsigned int)132, (deep_gemm::GemmType)0, cutlass::bfloat16_t>(float *, int *, unsigned int, unsigned int, unsigned int, CUtensorMap_st, CUtensorMap_st, CUtensorMap_st, CUtensorMap_st)",640,132.511527,0.239008,640,[0]
1,hbm,cold,"<unnamed>::topk_transform_prefill_kernel(<unnamed>::FastTopKParams, int *, const int *, long, float *, const int *, long)",650,126.878277,0.335391,650,[0]
1,hbm,cold,"void deep_gemm::sm90_fp8_gemm_1d2d_impl<(cute::UMMA::Major)0, (unsigned int)0, (unsigned int)24576, (unsigned int)1536, (unsigned int)1, (unsigned int)256, (unsigned int)128, (unsigned int)128, (unsigned int)128, (unsigned int)128, (unsigned int)128, (unsigned int)3, (unsigned int)128, (unsigned int)256, (unsigned int)2, (bool)1, (unsigned int)132, (deep_gemm::GemmType)0, cutlass::bfloat16_t>(float *, int *, unsigned int, unsigned int, unsigned int, CUtensorMap_st, CUtensorMap_st, CUtensorMap_st, CUtensorMap_st)",640,41.521015,0.074976,640,[0]
1,hbm,cold,activation_quantization,5200,37.614832,0.01584,5200,[0]
1,hbm,cold,nvjet_sm90_tst_256x128_64x4_1x2_h_bz_coopA_NNT,640,37.075706,0.061888,640,[0]
1,hbm,cold,nvjet_sm90_tst_128x256_64x4_1x2_h_bz_coopA_NNN,640,33.140106,0.054944,640,[0]
1,hbm,cold,sm80_xmma_gemm_f32f32_f32f32_f32_tn_n_tilesize128x64x8_stage3_warpsize2x2x1_ffma_aligna4_alignc4_execute_kernel__5x_cublas,640,22.338915,0.038656,640,[0]
1,hbm,cold,"void at::native::unrolled_elementwise_kernel<at::native::direct_copy_kernel_cuda(at::TensorIteratorBase &)::[lambda() (instance 3)]::operator ()() const::[lambda() (instance 7)]::operator ()() const::[lambda(float) (instance 1)], std::array<char *, (unsigned long)2>, (int)4, TrivialOffsetCalculator<(int)1, unsigned int>, TrivialOffsetCalculator<(int)1, unsigned int>, at::native::memory::LoadWithCast<(int)1>, at::native::memory::StoreWithCast<(int)1>>(int, T1, T2, T4, T5, T6, T7)",2082,22.140414,0.027168,2082,[0]
1,hbm,cold,"void flashinfer::activation::act_and_mul_kernel<__nv_bfloat16, &silu>(T1 *, const T1 *, int)",650,18.843074,0.031488,650,[0]
1,hbm,cold,"void deep_gemm::sm90_fp8_gemm_1d2d_impl<(cute::UMMA::Major)0, (unsigned int)0, (unsigned int)8192, (unsigned int)1536, (unsigned int)1, (unsigned int)256, (unsigned int)128, (unsigned int)128, (unsigned int)128, (unsigned int)128, (unsigned int)128, (unsigned int)3, (unsigned int)128, (unsigned int)256, (unsigned int)2, (bool)1, (unsigned int)132, (deep_gemm::GemmType)0, cutlass::bfloat16_t>(float *, int *, unsigned int, unsigned int, unsigned int, CUtensorMap_st, CUtensorMap_st, CUtensorMap_st, CUtensorMap_st)",640,15.873708,0.029151,640,[0]
1,hbm,cold,kernel_cutlass_kernel_operatorsdeepseek_v32norm_fusedLocalFusedRMSNorm_object_at__tensorptrbf16gmemalign128oi64716871681_tensorptrbf16gmemalign128oi64716871681_tensorptrf32gmemalign16o716_0,1040,15.224199,0.01696,1040,[0]
1,hbm,cold,"void deep_gemm::sm90_fp8_gemm_1d2d_impl<(cute::UMMA::Major)0, (unsigned int)0, (unsigned int)1536, (unsigned int)7168, (unsigned int)1, (unsigned int)128, (unsigned int)96, (unsigned int)128, (unsigned int)128, (unsigned int)128, (unsigned int)64, (unsigned int)7, (unsigned int)128, (unsigned int)256, (unsigned int)1, (bool)0, (unsigned int)132, (deep_gemm::GemmType)0, cutlass::bfloat16_t>(float *, int *, unsigned int, unsigned int, unsigned int, CUtensorMap_st, CUtensorMap_st, CUtensorMap_st, CUtensorMap_st)",640,13.845995,0.025536,640,[0]
1,hbm,cold,"void deep_gemm::sm90_fp8_gemm_1d2d_impl<(cute::UMMA::Major)0, (unsigned int)0, (unsigned int)576, (unsigned int)7168, (unsigned int)1, (unsigned int)64, (unsigned int)80, (unsigned int)128, (unsigned int)128, (unsigned int)128, (unsigned int)32, (unsigned int)11, (unsigned int)128, (unsigned int)128, (unsigned int)1, (bool)0, (unsigned int)132, (deep_gemm::GemmType)0, cutlass::bfloat16_t>(float *, int *, unsigned int, unsigned int, unsigned int, CUtensorMap_st, CUtensorMap_st, CUtensorMap_st, CUtensorMap_st)",640,11.543173,0.020768,640,[0]
1,hbm,cold,"void flashinfer::BatchQKApplyRotaryPosIdsCosSinCacheHeadParallelismKernel<(bool)0, (unsigned int)128, (unsigned int)8, (unsigned int)16, __nv_bfloat16, long>(T5 *, T5 *, T5 *, T5 *, float *, T6 *, unsigned int, unsigned int, unsigned int, unsigned int, unsigned long, unsigned long, unsigned long, unsigned long, unsigned long, unsigned long, unsigned long, unsigned long)",650,7.159331,0.012416,650,[0]
1,hbm,cold,"void deep_gemm::transpose_fp32<(unsigned int)512, (unsigned int)64, (unsigned int)56, (unsigned int)128, (unsigned int)57>(const float *, float *, unsigned int)",3250,7.152082,0.00336,3250,[0]
1,hbm,cold,"void flashinfer::BatchQKApplyRotaryPosIdsCosSinCacheHeadParallelismKernel<(bool)1, (unsigned int)64, (unsigned int)8, (unsigned int)8, __nv_bfloat16, long>(T5 *, T5 *, T5 *, T5 *, float *, T6 *, unsigned int, unsigned int, unsigned int, unsigned int, unsigned long, unsigned long, unsigned long, unsigned long, unsigned long, unsigned long, unsigned long, unsigned long)",650,7.085113,0.012608,650,[0]
1,hbm,cold,"void deep_gemm::sm90_fp8_gemm_1d2d_impl<(cute::UMMA::Major)0, (unsigned int)0, (unsigned int)128, (unsigned int)7168, (unsigned int)1, (unsigned int)64, (unsigned int)16, (unsigned int)128, (unsigned int)128, (unsigned int)128, (unsigned int)32, (unsigned int)16, (unsigned int)128, (unsigned int)128, (unsigned int)1, (bool)0, (unsigned int)132, (deep_gemm::GemmType)0, cutlass::bfloat16_t>(float *, int *, unsigned int, unsigned int, unsigned int, CUtensorMap_st, CUtensorMap_st, CUtensorMap_st, CUtensorMap_st)",650,6.664275,0.011904,650,[0]
1,hbm,cold,quantize_kernel,1300,4.517137,0.006752,1300,[0]
1,hbm,cold,sm80_xmma_gemm_f32f32_f32f32_f32_tn_n_tilesize128x64x8_stage3_warpsize2x2x1_ffma_aligna4_alignc4_execute_split_k_kernel__5x_cublas,640,4.510485,0.008096,640,[0]
1,hbm,cold,"void deep_gemm::transpose_fp32<(unsigned int)512, (unsigned int)64, (unsigned int)144, (unsigned int)128, (unsigned int)145>(const float *, float *, unsigned int)",650,3.038953,0.005824,650,[0]
1,hbm,cold,"void deep_gemm::transpose_fp32<(unsigned int)512, (unsigned int)64, (unsigned int)128, (unsigned int)128, (unsigned int)129>(const float *, float *, unsigned int)",650,2.80171,0.005248,650,[0]
1,hbm,cold,"void at::native::<unnamed>::vectorized_layer_norm_kernel<float, float, (bool)0>(int, T2, const T1 *, const T1 *, const T1 *, T2 *, T2 *, T1 *)",650,2.413243,0.00448,650,[0]
1,hbm,cold,kernel_cutlass_kernel_operatorsdeepseek_v32norm_plainLocalPlainRMSNorm_object_at__tensorptrbf16gmemalign128oi64716871681_tensorptrf32gmemalign16o71681_tensorptrbf16gmemalign128oi647168716_0,260,2.254297,0.009664,260,[0]
1,hbm,cold,"void deep_gemm::transpose_fp32<(unsigned int)512, (unsigned int)64, (unsigned int)12, (unsigned int)128, (unsigned int)13>(const float *, float *, unsigned int)",1300,2.045532,0.0024,1300,[0]
1,hbm,cold,kernel_cutlass_kernel_operatorsdeepseek_v32norm_plainLocalPlainRMSNorm_object_at__tensorptrbf16gmemalign128oi64153615361_tensorptrf32gmemalign16o15361_tensorptrbf16gmemalign128oi641536153_0,650,2.011355,0.003776,650,[0]
1,hbm,cold,"void at::native::elementwise_kernel<(int)128, (int)4, void at::native::gpu_kernel_impl_nocast<at::native::direct_copy_kernel_cuda(at::TensorIteratorBase &)::[lambda() (instance 3)]::operator ()() const::[lambda() (instance 12)]::operator ()() const::[lambda(c10::BFloat16) (instance 1)]>(at::TensorIteratorBase &, const T1 &)::[lambda(int) (instance 1)]>(int, T3)",650,1.781822,0.003584,650,[0]
1,hbm,cold,"void at::native::<unnamed>::CatArrayBatchedCopy_vectorized<at::native::<unnamed>::OpaqueType<(unsigned int)2>, unsigned int, (int)2, (int)128, (int)1, (int)16, (int)8>(char *, at::native::<unnamed>::CatArrInputTensorMetadata<T1, T2, T4, T5>, at::native::<unnamed>::TensorSizeStride<T2, (unsigned int)4>, int, T2)",650,1.770878,0.003648,650,[0]
1,hbm,cold,"void at::native::vectorized_elementwise_kernel<(int)4, at::native::AUnaryFunctor<float, float, float, at::native::binary_internal::MulFunctor<float>>, std::array<char *, (unsigned long)2>>(int, T2, T3)",1300,1.58755,0.001664,1300,[0]
1,hbm,cold,"void at::native::vectorized_elementwise_kernel<(int)8, at::native::bfloat16_copy_kernel_cuda(at::TensorIteratorBase &)::[lambda(float) (instance 1)], std::array<char *, (unsigned long)2>>(int, T2, T3)",715,1.433789,0.008864,715,[0]
1,hbm,cold,"void at::native::elementwise_kernel<(int)128, (int)2, void at::native::gpu_kernel_impl_nocast<at::native::CUDAFunctor_add<long>>(at::TensorIteratorBase &, const T1 &)::[lambda(int) (instance 1)]>(int, T3)",650,1.381566,0.00304,650,[0]
1,hbm,cold,"void at::native::vectorized_elementwise_kernel<(int)4, at::native::CUDAFunctor_add<float>, std::array<char *, (unsigned long)3>>(int, T2, T3)",65,1.345694,0.022112,65,[0]
1,hbm,cold,"void at::native::vectorized_elementwise_kernel<(int)4, at::native::cos_kernel_cuda(at::TensorIteratorBase &)::[lambda() (instance 2)]::operator ()() const::[lambda() (instance 2)]::operator ()() const::[lambda(float) (instance 1)], std::array<char *, (unsigned long)2>>(int, T2, T3)",650,1.301437,0.002592,650,[0]
1,hbm,cold,"void <unnamed>::elementwise_kernel_with_index<int, at::native::arange_cuda_out(const c10::Scalar &, const c10::Scalar &, const c10::Scalar &, at::Tensor &)::[lambda() (instance 1)]::operator ()() const::[lambda() (instance 3)]::operator ()() const::[lambda(long) (instance 1)]>(T1, T2, function_traits<T2>::result_type *)",1300,1.298269,0.00192,1300,[0]
1,hbm,cold,"void at::native::vectorized_elementwise_kernel<(int)4, at::native::sin_kernel_cuda(at::TensorIteratorBase &)::[lambda() (instance 2)]::operator ()() const::[lambda() (instance 2)]::operator ()() const::[lambda(float) (instance 1)], std::array<char *, (unsigned long)2>>(int, T2, T3)",650,1.267486,0.002784,650,[0]
1,hbm,cold,kernel_cutlass_kernel_operatorsdeepseek_v32norm_plainLocalPlainRMSNorm_object_at__tensorptrbf16gmemalign128oi645125121_tensorptrf32gmemalign16o5121_tensorptrbf16gmemalign128oi645125121____0,650,1.221343,0.003008,650,[0]
1,hbm,cold,"void at::native::elementwise_kernel<(int)128, (int)2, void at::native::gpu_kernel_impl_nocast<at::native::BinaryFunctor<float, float, float, at::native::binary_internal::MulFunctor<float>>>(at::TensorIteratorBase &, const T1 &)::[lambda(int) (instance 1)]>(int, T3)",650,1.191423,0.002464,650,[0]
1,hbm,cold,"void at::native::vectorized_elementwise_kernel<(int)4, at::native::BinaryFunctor<float, float, float, at::native::binary_internal::MulFunctor<float>>, std::array<char *, (unsigned long)3>>(int, T2, T3)",650,1.15152,0.002528,650,[0]
1,hbm,cold,"void at::native::unrolled_elementwise_kernel<at::native::direct_copy_kernel_cuda(at::TensorIteratorBase &)::[lambda() (instance 3)]::operator ()() const::[lambda() (instance 3)]::operator ()() const::[lambda(int) (instance 1)], std::array<char *, (unsigned long)2>, (int)4, TrivialOffsetCalculator<(int)1, unsigned int>, TrivialOffsetCalculator<(int)1, unsigned int>, at::native::memory::LoadWithCast<(int)1>, at::native::memory::StoreWithCast<(int)1>>(int, T1, T2, T4, T5, T6, T7)",640,1.141212,0.002368,640,[0]
1,hbm,cold,"void <unnamed>::elementwise_kernel_with_index<int, at::native::arange_cuda_out(const c10::Scalar &, const c10::Scalar &, const c10::Scalar &, at::Tensor &)::[lambda() (instance 1)]::operator ()() const::[lambda() (instance 4)]::operator ()() const::[lambda(long) (instance 1)]>(T1, T2, function_traits<T2>::result_type *)",1290,1.102973,0.001344,1290,[0]
1,hbm,cold,"void at::native::<unnamed>::CatArrayBatchedCopy_vectorized<at::native::<unnamed>::OpaqueType<(unsigned int)4>, unsigned int, (int)2, (int)128, (int)1, (int)16, (int)4>(char *, at::native::<unnamed>::CatArrInputTensorMetadata<T1, T2, T4, T5>, at::native::<unnamed>::TensorSizeStride<T2, (unsigned int)4>, int, T2)",650,1.023677,0.00208,650,[0]
1,hbm,cold,kernel_cutlass_kernel_flashinfernormkernelsrmsnormRMSNormKernel_object_at__tensorptrf32gmemalign128oi64716871681_tensorptrf32gmemalign16o71681_tensorptrf32gmemalign128oi64716871681___True_0,65,1.010332,0.016672,65,[0]
1,hbm,cold,nvjet_sm90_tst_128x8_64x12_2x1_v_bz_TNT,2,0.85763,0.434815,2,[0]
1,hbm,cold,"void deep_gemm::sm90_fp8_gemm_1d2d_impl<(cute::UMMA::Major)0, (unsigned int)0, (unsigned int)18432, (unsigned int)7168, (unsigned int)1, (unsigned int)128, (unsigned int)144, (unsigned int)128, (unsigned int)128, (unsigned int)128, (unsigned int)32, (unsigned int)5, (unsigned int)128, (unsigned int)256, (unsigned int)1, (bool)0, (unsigned int)132, (deep_gemm::GemmType)0, cutlass::bfloat16_t>(float *, int *, unsigned int, unsigned int, unsigned int, CUtensorMap_st, CUtensorMap_st, CUtensorMap_st, CUtensorMap_st)",20,0.800351,0.041024,20,[0]
1,hbm,cold,"void at::native::vectorized_elementwise_kernel<(int)2, at::native::FillFunctor<long>, std::array<char *, (unsigned long)1>>(int, T2, T3)",670,0.56003,0.001792,670,[0]
1,hbm,cold,"void at::native::vectorized_elementwise_kernel<(int)4, at::native::FillFunctor<int>, std::array<char *, (unsigned long)1>>(int, T2, T3)",660,0.55523,0.0016,660,[0]
1,hbm,cold,"void deep_gemm::sm90_fp8_gemm_1d2d_impl<(cute::UMMA::Major)0, (unsigned int)0, (unsigned int)7168, (unsigned int)18432, (unsigned int)1, (unsigned int)64, (unsigned int)112, (unsigned int)128, (unsigned int)128, (unsigned int)128, (unsigned int)32, (unsigned int)9, (unsigned int)128, (unsigned int)128, (unsigned int)1, (bool)0, (unsigned int)132, (deep_gemm::GemmType)0, cutlass::bfloat16_t>(float *, int *, unsigned int, unsigned int, unsigned int, CUtensorMap_st, CUtensorMap_st, CUtensorMap_st, CUtensorMap_st)",10,0.551966,0.055808,10,[0]
1,hbm,cold,"void deep_gemm::sm90_fp8_gemm_1d2d_impl<(cute::UMMA::Major)0, (unsigned int)0, (unsigned int)7168, (unsigned int)16384, (unsigned int)1, (unsigned int)64, (unsigned int)112, (unsigned int)128, (unsigned int)128, (unsigned int)128, (unsigned int)32, (unsigned int)9, (unsigned int)128, (unsigned int)128, (unsigned int)1, (bool)0, (unsigned int)132, (deep_gemm::GemmType)0, cutlass::bfloat16_t>(float *, int *, unsigned int, unsigned int, unsigned int, CUtensorMap_st, CUtensorMap_st, CUtensorMap_st, CUtensorMap_st)",10,0.496895,0.050752,10,[0]
1,hbm,cold,"void at::native::vectorized_gather_kernel<(int)16, long>(char *, char *, T2 *, int, long, long, long, long, bool)",65,0.48627,0.009248,65,[0]
1,hbm,cold,"void at::native::<unnamed>::CatArrayBatchedCopy_vectorized<at::native::<unnamed>::OpaqueType<(unsigned int)2>, unsigned int, (int)1, (int)128, (int)1, (int)16, (int)8>(char *, at::native::<unnamed>::CatArrInputTensorMetadata<T1, T2, T4, T5>, at::native::<unnamed>::TensorSizeStride<T2, (unsigned int)4>, int, T2)",1,0.436863,0.436863,1,[0]
1,hbm,cold,"void deep_gemm::sm90_fp8_gemm_1d2d_impl<(cute::UMMA::Major)0, (unsigned int)0, (unsigned int)24576, (unsigned int)1536, (unsigned int)1, (unsigned int)128, (unsigned int)192, (unsigned int)128, (unsigned int)128, (unsigned int)128, (unsigned int)128, (unsigned int)4, (unsigned int)128, (unsigned int)256, (unsigned int)1, (bool)0, (unsigned int)132, (deep_gemm::GemmType)0, cutlass::bfloat16_t>(float *, int *, unsigned int, unsigned int, unsigned int, CUtensorMap_st, CUtensorMap_st, CUtensorMap_st, CUtensorMap_st)",10,0.178752,0.0184,10,[0]
1,hbm,cold,void cutlass::Kernel2<cutlass_80_simt_sgemm_64x64_8x5_tn_align1>(T1::Params),10,0.12736,0.013088,10,[0]
1,hbm,cold,"void deep_gemm::sm90_fp8_gemm_1d2d_impl<(cute::UMMA::Major)0, (unsigned int)0, (unsigned int)1536, (unsigned int)7168, (unsigned int)1, (unsigned int)64, (unsigned int)32, (unsigned int)128, (unsigned int)128, (unsigned int)128, (unsigned int)64, (unsigned int)16, (unsigned int)128, (unsigned int)128, (unsigned int)1, (bool)0, (unsigned int)132, (deep_gemm::GemmType)0, cutlass::bfloat16_t>(float *, int *, unsigned int, unsigned int, unsigned int, CUtensorMap_st, CUtensorMap_st, CUtensorMap_st, CUtensorMap_st)",10,0.120671,0.012512,10,[0]
1,hbm,cold,nvjet_sm90_tst_256x128_64x4_2x1_v_bz_coopA_NNT,10,0.115451,0.011776,10,[0]
1,hbm,cold,nvjet_sm90_tst_128x128_64x6_1x1_h_bz_NNT,10,0.110656,0.011808,10,[0]
1,hbm,cold,"void deep_gemm::sm90_fp8_gemm_1d2d_impl<(cute::UMMA::Major)0, (unsigned int)0, (unsigned int)576, (unsigned int)7168, (unsigned int)1, (unsigned int)64, (unsigned int)16, (unsigned int)128, (unsigned int)128, (unsigned int)128, (unsigned int)32, (unsigned int)16, (unsigned int)128, (unsigned int)128, (unsigned int)1, (bool)0, (unsigned int)132, (deep_gemm::GemmType)0, cutlass::bfloat16_t>(float *, int *, unsigned int, unsigned int, unsigned int, CUtensorMap_st, CUtensorMap_st, CUtensorMap_st, CUtensorMap_st)",10,0.103104,0.010496,10,[0]
1,hbm,cold,"void deep_gemm::sm90_fp8_gemm_1d2d_impl<(cute::UMMA::Major)0, (unsigned int)0, (unsigned int)8192, (unsigned int)1536, (unsigned int)1, (unsigned int)64, (unsigned int)128, (unsigned int)128, (unsigned int)128, (unsigned int)128, (unsigned int)128, (unsigned int)8, (unsigned int)128, (unsigned int)128, (unsigned int)1, (bool)0, (unsigned int)132, (deep_gemm::GemmType)0, cutlass::bfloat16_t>(float *, int *, unsigned int, unsigned int, unsigned int, CUtensorMap_st, CUtensorMap_st, CUtensorMap_st, CUtensorMap_st)",10,0.084095,0.008576,10,[0]
1,hbm,cold,"void cublasLt::splitKreduce_kernel<(int)32, (int)16, int, float, float, float, float, (bool)0, float, float, float, (bool)1, (bool)0, (bool)0, (bool)0>(cublasLt::cublasSplitKParams<T6>, const T4 *, const T10 *, T9 *, T5 *, const T6 *, const T6 *, const T11 *, const T4 *, T11 *, void *, long, T6 *, int *, T6 *, T6 *, const T6 *, const T6 *, const T6 *, const T6 *, const T6 *)",10,0.036064,0.003648,10,[0]
1,hbm,cold,"void at::native::reduce_kernel<(int)512, (int)1, at::native::ReduceOp<long, at::native::func_wrapper_t<long, at::native::MinNanFunctor<long>>, unsigned int, long, (int)4, (int)4>>(T3)",2,0.018944,0.016736,2,[0]
1,hbm,cold,"void at::native::reduce_kernel<(int)512, (int)1, at::native::ReduceOp<long, at::native::func_wrapper_t<long, at::native::MaxNanFunctor<long>>, unsigned int, long, (int)4, (int)4>>(T3)",2,0.011168,0.008992,2,[0]
1,hbm,cold,"void at::native::vectorized_elementwise_kernel<(int)4, at::native::FillFunctor<float>, std::array<char *, (unsigned long)1>>(int, T2, T3)",10,0.007168,0.00096,10,[0]
2,hbm,revisit,"void sm90::prefill::sparse_fwd::sparse_attn_fwd_kernel<sm90::prefill::sparse_fwd::KernelTemplate<(int)576, (bool)0>, sm90::prefill::sparse_fwd::KernelTemplate<(int)576, (bool)0>::TmaParams<cute::tuple<int, int, int>, cute::TiledCopy<cute::Copy_Atom<cute::Copy_Traits<cute::SM90_TMA_LOAD, cute::C<(int)65536>, cute::AuxTmaParams<cute::tuple<cute::ScaledBasis<cute::C<(int)1>, (int)1>, cute::ScaledBasis<cute::C<(int)1>, (int)0>, cute::ScaledBasis<cute::C<(int)1>, (int)2>>, const cute::Layout<cute::tuple<cute::C<(int)64>, cute::C<(int)64>, cute::C<(int)1>>, cute::tuple<cute::ScaledBasis<cute::C<(int)1>, (int)1>, cute::ScaledBasis<cute::C<(int)1>, (int)0>, cute::ScaledBasis<cute::C<(int)1>, (int)2>>> &, const cute::Swizzle<(int)3, (int)4, (int)3> &>>, cutlass::bfloat16_t>, cute::Layout<cute::tuple<cute::C<(int)1>, cute::tuple<cute::tuple<cute::tuple<cute::C<(int)64>, cute::C<(int)64>>, cute::C<(int)9>>>>, cute::tuple<cute::C<(int)0>, cute::tuple<cute::tuple<cute::tuple<cute::C<(int)64>, cute::C<(int)1>>, cute::C<(int)4096>>>>>, cute::tuple<cute::C<(int)64>, cute::C<(int)576>>>>>(SparseAttnFwdParams, T2)",650,643.731152,1.186337,650,[0]
2,hbm,revisit,"void deep_gemm::sm90_fp8_mqa_logits<(unsigned int)64, (unsigned int)128, (unsigned int)2, (unsigned int)256, (unsigned int)3, (unsigned int)3, (unsigned int)128, (unsigned int)512>(unsigned int, unsigned int, unsigned long, unsigned int *, unsigned int *, float *, CUtensorMap_st, CUtensorMap_st, CUtensorMap_st, CUtensorMap_st)",650,365.876528,1.129697,650,[0]
2,hbm,revisit,"void deep_gemm::sm90_fp8_gemm_1d2d_impl<(cute::UMMA::Major)0, (unsigned int)0, (unsigned int)18432, (unsigned int)7168, (unsigned int)1, (unsigned int)256, (unsigned int)112, (unsigned int)128, (unsigned int)128, (unsigned int)128, (unsigned int)32, (unsigned int)3, (unsigned int)128, (unsigned int)256, (unsigned int)2, (bool)1, (unsigned int)132, (deep_gemm::GemmType)0, cutlass::bfloat16_t>(float *, int *, unsigned int, unsigned int, unsigned int, CUtensorMap_st, CUtensorMap_st, CUtensorMap_st, CUtensorMap_st)",1280,297.219094,0.280544,1280,[0]
2,hbm,revisit,"void deep_gemm::sm90_fp8_gemm_1d2d_impl<(cute::UMMA::Major)0, (unsigned int)0, (unsigned int)7168, (unsigned int)18432, (unsigned int)1, (unsigned int)256, (unsigned int)112, (unsigned int)128, (unsigned int)128, (unsigned int)128, (unsigned int)32, (unsigned int)3, (unsigned int)128, (unsigned int)256, (unsigned int)2, (bool)1, (unsigned int)132, (deep_gemm::GemmType)0, cutlass::bfloat16_t>(float *, int *, unsigned int, unsigned int, unsigned int, CUtensorMap_st, CUtensorMap_st, CUtensorMap_st, CUtensorMap_st)",640,148.246243,0.273952,640,[0]
2,hbm,revisit,"void deep_gemm::sm90_fp8_gemm_1d2d_impl<(cute::UMMA::Major)0, (unsigned int)0, (unsigned int)7168, (unsigned int)16384, (unsigned int)1, (unsigned int)256, (unsigned int)112, (unsigned int)128, (unsigned int)128, (unsigned int)128, (unsigned int)32, (unsigned int)3, (unsigned int)128, (unsigned int)256, (unsigned int)2, (bool)1, (unsigned int)132, (deep_gemm::GemmType)0, cutlass::bfloat16_t>(float *, int *, unsigned int, unsigned int, unsigned int, CUtensorMap_st, CUtensorMap_st, CUtensorMap_st, CUtensorMap_st)",640,132.969308,0.248192,640,[0]
2,hbm,revisit,"<unnamed>::topk_transform_prefill_kernel(<unnamed>::FastTopKParams, int *, const int *, long, float *, const int *, long)",650,127.296078,0.333888,650,[0]
2,hbm,revisit,"void deep_gemm::sm90_fp8_gemm_1d2d_impl<(cute::UMMA::Major)0, (unsigned int)0, (unsigned int)24576, (unsigned int)1536, (unsigned int)1, (unsigned int)256, (unsigned int)128, (unsigned int)128, (unsigned int)128, (unsigned int)128, (unsigned int)128, (unsigned int)3, (unsigned int)128, (unsigned int)256, (unsigned int)2, (bool)1, (unsigned int)132, (deep_gemm::GemmType)0, cutlass::bfloat16_t>(float *, int *, unsigned int, unsigned int, unsigned int, CUtensorMap_st, CUtensorMap_st, CUtensorMap_st, CUtensorMap_st)",640,41.646823,0.076928,640,[0]
2,hbm,revisit,activation_quantization,5200,37.730878,0.016288,5200,[0]
2,hbm,revisit,nvjet_sm90_tst_256x128_64x4_1x2_h_bz_coopA_NNT,640,37.075691,0.061952,640,[0]
2,hbm,revisit,nvjet_sm90_tst_128x256_64x4_1x2_h_bz_coopA_NNN,640,33.113249,0.054784,640,[0]
2,hbm,revisit,sm80_xmma_gemm_f32f32_f32f32_f32_tn_n_tilesize128x64x8_stage3_warpsize2x2x1_ffma_aligna4_alignc4_execute_kernel__5x_cublas,640,22.381687,0.039648,640,[0]
2,hbm,revisit,"void at::native::unrolled_elementwise_kernel<at::native::direct_copy_kernel_cuda(at::TensorIteratorBase &)::[lambda() (instance 3)]::operator ()() const::[lambda() (instance 7)]::operator ()() const::[lambda(float) (instance 1)], std::array<char *, (unsigned long)2>, (int)4, TrivialOffsetCalculator<(int)1, unsigned int>, TrivialOffsetCalculator<(int)1, unsigned int>, at::native::memory::LoadWithCast<(int)1>, at::native::memory::StoreWithCast<(int)1>>(int, T1, T2, T4, T5, T6, T7)",2082,22.158825,0.027616,2082,[0]
2,hbm,revisit,"void flashinfer::activation::act_and_mul_kernel<__nv_bfloat16, &silu>(T1 *, const T1 *, int)",650,18.846654,0.032256,650,[0]
2,hbm,revisit,"void deep_gemm::sm90_fp8_gemm_1d2d_impl<(cute::UMMA::Major)0, (unsigned int)0, (unsigned int)8192, (unsigned int)1536, (unsigned int)1, (unsigned int)256, (unsigned int)128, (unsigned int)128, (unsigned int)128, (unsigned int)128, (unsigned int)128, (unsigned int)3, (unsigned int)128, (unsigned int)256, (unsigned int)2, (bool)1, (unsigned int)132, (deep_gemm::GemmType)0, cutlass::bfloat16_t>(float *, int *, unsigned int, unsigned int, unsigned int, CUtensorMap_st, CUtensorMap_st, CUtensorMap_st, CUtensorMap_st)",640,15.896223,0.029216,640,[0]
2,hbm,revisit,kernel_cutlass_kernel_operatorsdeepseek_v32norm_fusedLocalFusedRMSNorm_object_at__tensorptrbf16gmemalign128oi64716871681_tensorptrbf16gmemalign128oi64716871681_tensorptrf32gmemalign16o716_0,1040,15.243792,0.017312,1040,[0]
2,hbm,revisit,"void deep_gemm::sm90_fp8_gemm_1d2d_impl<(cute::UMMA::Major)0, (unsigned int)0, (unsigned int)1536, (unsigned int)7168, (unsigned int)1, (unsigned int)128, (unsigned int)96, (unsigned int)128, (unsigned int)128, (unsigned int)128, (unsigned int)64, (unsigned int)7, (unsigned int)128, (unsigned int)256, (unsigned int)1, (bool)0, (unsigned int)132, (deep_gemm::GemmType)0, cutlass::bfloat16_t>(float *, int *, unsigned int, unsigned int, unsigned int, CUtensorMap_st, CUtensorMap_st, CUtensorMap_st, CUtensorMap_st)",640,13.848043,0.026752,640,[0]
2,hbm,revisit,"void deep_gemm::sm90_fp8_gemm_1d2d_impl<(cute::UMMA::Major)0, (unsigned int)0, (unsigned int)576, (unsigned int)7168, (unsigned int)1, (unsigned int)64, (unsigned int)80, (unsigned int)128, (unsigned int)128, (unsigned int)128, (unsigned int)32, (unsigned int)11, (unsigned int)128, (unsigned int)128, (unsigned int)1, (bool)0, (unsigned int)132, (deep_gemm::GemmType)0, cutlass::bfloat16_t>(float *, int *, unsigned int, unsigned int, unsigned int, CUtensorMap_st, CUtensorMap_st, CUtensorMap_st, CUtensorMap_st)",640,11.579051,0.022016,640,[0]
2,hbm,revisit,"void flashinfer::BatchQKApplyRotaryPosIdsCosSinCacheHeadParallelismKernel<(bool)0, (unsigned int)128, (unsigned int)8, (unsigned int)16, __nv_bfloat16, long>(T5 *, T5 *, T5 *, T5 *, float *, T6 *, unsigned int, unsigned int, unsigned int, unsigned int, unsigned long, unsigned long, unsigned long, unsigned long, unsigned long, unsigned long, unsigned long, unsigned long)",650,7.171317,0.01328,650,[0]
2,hbm,revisit,"void deep_gemm::transpose_fp32<(unsigned int)512, (unsigned int)64, (unsigned int)56, (unsigned int)128, (unsigned int)57>(const float *, float *, unsigned int)",3250,7.16159,0.003168,3250,[0]
2,hbm,revisit,"void flashinfer::BatchQKApplyRotaryPosIdsCosSinCacheHeadParallelismKernel<(bool)1, (unsigned int)64, (unsigned int)8, (unsigned int)8, __nv_bfloat16, long>(T5 *, T5 *, T5 *, T5 *, float *, T6 *, unsigned int, unsigned int, unsigned int, unsigned int, unsigned long, unsigned long, unsigned long, unsigned long, unsigned long, unsigned long, unsigned long, unsigned long)",650,7.073606,0.01264,650,[0]
2,hbm,revisit,"void deep_gemm::sm90_fp8_gemm_1d2d_impl<(cute::UMMA::Major)0, (unsigned int)0, (unsigned int)128, (unsigned int)7168, (unsigned int)1, (unsigned int)64, (unsigned int)16, (unsigned int)128, (unsigned int)128, (unsigned int)128, (unsigned int)32, (unsigned int)16, (unsigned int)128, (unsigned int)128, (unsigned int)1, (bool)0, (unsigned int)132, (deep_gemm::GemmType)0, cutlass::bfloat16_t>(float *, int *, unsigned int, unsigned int, unsigned int, CUtensorMap_st, CUtensorMap_st, CUtensorMap_st, CUtensorMap_st)",650,6.676456,0.012192,650,[0]
2,hbm,revisit,sm80_xmma_gemm_f32f32_f32f32_f32_tn_n_tilesize128x64x8_stage3_warpsize2x2x1_ffma_aligna4_alignc4_execute_split_k_kernel__5x_cublas,640,4.529682,0.008255,640,[0]
2,hbm,revisit,quantize_kernel,1300,4.517504,0.006624,1300,[0]
2,hbm,revisit,"void deep_gemm::transpose_fp32<(unsigned int)512, (unsigned int)64, (unsigned int)144, (unsigned int)128, (unsigned int)145>(const float *, float *, unsigned int)",650,3.0501,0.005888,650,[0]
2,hbm,revisit,"void deep_gemm::transpose_fp32<(unsigned int)512, (unsigned int)64, (unsigned int)128, (unsigned int)128, (unsigned int)129>(const float *, float *, unsigned int)",650,2.805245,0.005599,650,[0]
2,hbm,revisit,"void at::native::<unnamed>::vectorized_layer_norm_kernel<float, float, (bool)0>(int, T2, const T1 *, const T1 *, const T1 *, T2 *, T2 *, T1 *)",650,2.414723,0.004576,650,[0]
2,hbm,revisit,kernel_cutlass_kernel_operatorsdeepseek_v32norm_plainLocalPlainRMSNorm_object_at__tensorptrbf16gmemalign128oi64716871681_tensorptrf32gmemalign16o71681_tensorptrbf16gmemalign128oi647168716_0,260,2.261634,0.010112,260,[0]
2,hbm,revisit,"void deep_gemm::transpose_fp32<(unsigned int)512, (unsigned int)64, (unsigned int)12, (unsigned int)128, (unsigned int)13>(const float *, float *, unsigned int)",1300,2.048641,0.002272,1300,[0]
2,hbm,revisit,kernel_cutlass_kernel_operatorsdeepseek_v32norm_plainLocalPlainRMSNorm_object_at__tensorptrbf16gmemalign128oi64153615361_tensorptrf32gmemalign16o15361_tensorptrbf16gmemalign128oi641536153_0,650,2.015396,0.00432,650,[0]
2,hbm,revisit,"void at::native::elementwise_kernel<(int)128, (int)4, void at::native::gpu_kernel_impl_nocast<at::native::direct_copy_kernel_cuda(at::TensorIteratorBase &)::[lambda() (instance 3)]::operator ()() const::[lambda() (instance 12)]::operator ()() const::[lambda(c10::BFloat16) (instance 1)]>(at::TensorIteratorBase &, const T1 &)::[lambda(int) (instance 1)]>(int, T3)",650,1.782624,0.003552,650,[0]
2,hbm,revisit,"void at::native::<unnamed>::CatArrayBatchedCopy_vectorized<at::native::<unnamed>::OpaqueType<(unsigned int)2>, unsigned int, (int)2, (int)128, (int)1, (int)16, (int)8>(char *, at::native::<unnamed>::CatArrInputTensorMetadata<T1, T2, T4, T5>, at::native::<unnamed>::TensorSizeStride<T2, (unsigned int)4>, int, T2)",650,1.77165,0.003616,650,[0]
2,hbm,revisit,"void at::native::vectorized_elementwise_kernel<(int)4, at::native::AUnaryFunctor<float, float, float, at::native::binary_internal::MulFunctor<float>>, std::array<char *, (unsigned long)2>>(int, T2, T3)",1300,1.592576,0.001664,1300,[0]
2,hbm,revisit,"void at::native::vectorized_elementwise_kernel<(int)8, at::native::bfloat16_copy_kernel_cuda(at::TensorIteratorBase &)::[lambda(float) (instance 1)], std::array<char *, (unsigned long)2>>(int, T2, T3)",715,1.435553,0.009216,715,[0]
2,hbm,revisit,"void at::native::elementwise_kernel<(int)128, (int)2, void at::native::gpu_kernel_impl_nocast<at::native::CUDAFunctor_add<long>>(at::TensorIteratorBase &, const T1 &)::[lambda(int) (instance 1)]>(int, T3)",650,1.381003,0.003168,650,[0]
2,hbm,revisit,"void at::native::vectorized_elementwise_kernel<(int)4, at::native::CUDAFunctor_add<float>, std::array<char *, (unsigned long)3>>(int, T2, T3)",65,1.345408,0.022528,65,[0]
2,hbm,revisit,"void at::native::vectorized_elementwise_kernel<(int)4, at::native::cos_kernel_cuda(at::TensorIteratorBase &)::[lambda() (instance 2)]::operator ()() const::[lambda() (instance 2)]::operator ()() const::[lambda(float) (instance 1)], std::array<char *, (unsigned long)2>>(int, T2, T3)",650,1.306849,0.00288,650,[0]
2,hbm,revisit,"void <unnamed>::elementwise_kernel_with_index<int, at::native::arange_cuda_out(const c10::Scalar &, const c10::Scalar &, const c10::Scalar &, at::Tensor &)::[lambda() (instance 1)]::operator ()() const::[lambda() (instance 3)]::operator ()() const::[lambda(long) (instance 1)]>(T1, T2, function_traits<T2>::result_type *)",1300,1.295169,0.001696,1300,[0]
2,hbm,revisit,"void at::native::vectorized_elementwise_kernel<(int)4, at::native::sin_kernel_cuda(at::TensorIteratorBase &)::[lambda() (instance 2)]::operator ()() const::[lambda() (instance 2)]::operator ()() const::[lambda(float) (instance 1)], std::array<char *, (unsigned long)2>>(int, T2, T3)",650,1.272033,0.002752,650,[0]
2,hbm,revisit,kernel_cutlass_kernel_operatorsdeepseek_v32norm_plainLocalPlainRMSNorm_object_at__tensorptrbf16gmemalign128oi645125121_tensorptrf32gmemalign16o5121_tensorptrbf16gmemalign128oi645125121____0,650,1.221569,0.003072,650,[0]
2,hbm,revisit,"void at::native::elementwise_kernel<(int)128, (int)2, void at::native::gpu_kernel_impl_nocast<at::native::BinaryFunctor<float, float, float, at::native::binary_internal::MulFunctor<float>>>(at::TensorIteratorBase &, const T1 &)::[lambda(int) (instance 1)]>(int, T3)",650,1.191104,0.00272,650,[0]
2,hbm,revisit,"void at::native::unrolled_elementwise_kernel<at::native::direct_copy_kernel_cuda(at::TensorIteratorBase &)::[lambda() (instance 3)]::operator ()() const::[lambda() (instance 3)]::operator ()() const::[lambda(int) (instance 1)], std::array<char *, (unsigned long)2>, (int)4, TrivialOffsetCalculator<(int)1, unsigned int>, TrivialOffsetCalculator<(int)1, unsigned int>, at::native::memory::LoadWithCast<(int)1>, at::native::memory::StoreWithCast<(int)1>>(int, T1, T2, T4, T5, T6, T7)",640,1.151041,0.002304,640,[0]
2,hbm,revisit,"void at::native::vectorized_elementwise_kernel<(int)4, at::native::BinaryFunctor<float, float, float, at::native::binary_internal::MulFunctor<float>>, std::array<char *, (unsigned long)3>>(int, T2, T3)",650,1.149985,0.00256,650,[0]
2,hbm,revisit,"void <unnamed>::elementwise_kernel_with_index<int, at::native::arange_cuda_out(const c10::Scalar &, const c10::Scalar &, const c10::Scalar &, at::Tensor &)::[lambda() (instance 1)]::operator ()() const::[lambda() (instance 4)]::operator ()() const::[lambda(long) (instance 1)]>(T1, T2, function_traits<T2>::result_type *)",1290,1.107234,0.001856,1290,[0]
2,hbm,revisit,"void at::native::<unnamed>::CatArrayBatchedCopy_vectorized<at::native::<unnamed>::OpaqueType<(unsigned int)4>, unsigned int, (int)2, (int)128, (int)1, (int)16, (int)4>(char *, at::native::<unnamed>::CatArrInputTensorMetadata<T1, T2, T4, T5>, at::native::<unnamed>::TensorSizeStride<T2, (unsigned int)4>, int, T2)",650,1.023872,0.001856,650,[0]
2,hbm,revisit,kernel_cutlass_kernel_flashinfernormkernelsrmsnormRMSNormKernel_object_at__tensorptrf32gmemalign128oi64716871681_tensorptrf32gmemalign16o71681_tensorptrf32gmemalign128oi64716871681___True_0,65,1.01568,0.017312,65,[0]
2,hbm,revisit,nvjet_sm90_tst_128x8_64x12_2x1_v_bz_TNT,2,0.848641,0.427553,2,[0]
2,hbm,revisit,"void deep_gemm::sm90_fp8_gemm_1d2d_impl<(cute::UMMA::Major)0, (unsigned int)0, (unsigned int)18432, (unsigned int)7168, (unsigned int)1, (unsigned int)128, (unsigned int)144, (unsigned int)128, (unsigned int)128, (unsigned int)128, (unsigned int)32, (unsigned int)5, (unsigned int)128, (unsigned int)256, (unsigned int)1, (bool)0, (unsigned int)132, (deep_gemm::GemmType)0, cutlass::bfloat16_t>(float *, int *, unsigned int, unsigned int, unsigned int, CUtensorMap_st, CUtensorMap_st, CUtensorMap_st, CUtensorMap_st)",20,0.781216,0.040128,20,[0]
2,hbm,revisit,"void at::native::vectorized_elementwise_kernel<(int)4, at::native::FillFunctor<int>, std::array<char *, (unsigned long)1>>(int, T2, T3)",660,0.55645,0.001568,660,[0]
2,hbm,revisit,"void at::native::vectorized_elementwise_kernel<(int)2, at::native::FillFunctor<long>, std::array<char *, (unsigned long)1>>(int, T2, T3)",670,0.55296,0.0016,670,[0]
2,hbm,revisit,"void deep_gemm::sm90_fp8_gemm_1d2d_impl<(cute::UMMA::Major)0, (unsigned int)0, (unsigned int)7168, (unsigned int)18432, (unsigned int)1, (unsigned int)64, (unsigned int)112, (unsigned int)128, (unsigned int)128, (unsigned int)128, (unsigned int)32, (unsigned int)9, (unsigned int)128, (unsigned int)128, (unsigned int)1, (bool)0, (unsigned int)132, (deep_gemm::GemmType)0, cutlass::bfloat16_t>(float *, int *, unsigned int, unsigned int, unsigned int, CUtensorMap_st, CUtensorMap_st, CUtensorMap_st, CUtensorMap_st)",10,0.540993,0.054656,10,[0]
2,hbm,revisit,"void deep_gemm::sm90_fp8_gemm_1d2d_impl<(cute::UMMA::Major)0, (unsigned int)0, (unsigned int)7168, (unsigned int)16384, (unsigned int)1, (unsigned int)64, (unsigned int)112, (unsigned int)128, (unsigned int)128, (unsigned int)128, (unsigned int)32, (unsigned int)9, (unsigned int)128, (unsigned int)128, (unsigned int)1, (bool)0, (unsigned int)132, (deep_gemm::GemmType)0, cutlass::bfloat16_t>(float *, int *, unsigned int, unsigned int, unsigned int, CUtensorMap_st, CUtensorMap_st, CUtensorMap_st, CUtensorMap_st)",10,0.487551,0.049472,10,[0]
2,hbm,revisit,"void at::native::vectorized_gather_kernel<(int)16, long>(char *, char *, T2 *, int, long, long, long, long, bool)",65,0.461057,0.00816,65,[0]
2,hbm,revisit,"void at::native::<unnamed>::CatArrayBatchedCopy_vectorized<at::native::<unnamed>::OpaqueType<(unsigned int)2>, unsigned int, (int)1, (int)128, (int)1, (int)16, (int)8>(char *, at::native::<unnamed>::CatArrInputTensorMetadata<T1, T2, T4, T5>, at::native::<unnamed>::TensorSizeStride<T2, (unsigned int)4>, int, T2)",1,0.438272,0.438272,1,[0]
2,hbm,revisit,"void deep_gemm::sm90_fp8_gemm_1d2d_impl<(cute::UMMA::Major)0, (unsigned int)0, (unsigned int)24576, (unsigned int)1536, (unsigned int)1, (unsigned int)128, (unsigned int)192, (unsigned int)128, (unsigned int)128, (unsigned int)128, (unsigned int)128, (unsigned int)4, (unsigned int)128, (unsigned int)256, (unsigned int)1, (bool)0, (unsigned int)132, (deep_gemm::GemmType)0, cutlass::bfloat16_t>(float *, int *, unsigned int, unsigned int, unsigned int, CUtensorMap_st, CUtensorMap_st, CUtensorMap_st, CUtensorMap_st)",10,0.175488,0.01824,10,[0]
2,hbm,revisit,void cutlass::Kernel2<cutlass_80_simt_sgemm_64x64_8x5_tn_align1>(T1::Params),10,0.126656,0.012992,10,[0]
2,hbm,revisit,"void deep_gemm::sm90_fp8_gemm_1d2d_impl<(cute::UMMA::Major)0, (unsigned int)0, (unsigned int)1536, (unsigned int)7168, (unsigned int)1, (unsigned int)64, (unsigned int)32, (unsigned int)128, (unsigned int)128, (unsigned int)128, (unsigned int)64, (unsigned int)16, (unsigned int)128, (unsigned int)128, (unsigned int)1, (bool)0, (unsigned int)132, (deep_gemm::GemmType)0, cutlass::bfloat16_t>(float *, int *, unsigned int, unsigned int, unsigned int, CUtensorMap_st, CUtensorMap_st, CUtensorMap_st, CUtensorMap_st)",10,0.116448,0.011936,10,[0]
2,hbm,revisit,nvjet_sm90_tst_256x128_64x4_2x1_v_bz_coopA_NNT,10,0.115131,0.011775,10,[0]
2,hbm,revisit,nvjet_sm90_tst_128x128_64x6_1x1_h_bz_NNT,10,0.10944,0.011488,10,[0]
2,hbm,revisit,"void deep_gemm::sm90_fp8_gemm_1d2d_impl<(cute::UMMA::Major)0, (unsigned int)0, (unsigned int)576, (unsigned int)7168, (unsigned int)1, (unsigned int)64, (unsigned int)16, (unsigned int)128, (unsigned int)128, (unsigned int)128, (unsigned int)32, (unsigned int)16, (unsigned int)128, (unsigned int)128, (unsigned int)1, (bool)0, (unsigned int)132, (deep_gemm::GemmType)0, cutlass::bfloat16_t>(float *, int *, unsigned int, unsigned int, unsigned int, CUtensorMap_st, CUtensorMap_st, CUtensorMap_st, CUtensorMap_st)",10,0.101569,0.010272,10,[0]
2,hbm,revisit,"void deep_gemm::sm90_fp8_gemm_1d2d_impl<(cute::UMMA::Major)0, (unsigned int)0, (unsigned int)8192, (unsigned int)1536, (unsigned int)1, (unsigned int)64, (unsigned int)128, (unsigned int)128, (unsigned int)128, (unsigned int)128, (unsigned int)128, (unsigned int)8, (unsigned int)128, (unsigned int)128, (unsigned int)1, (bool)0, (unsigned int)132, (deep_gemm::GemmType)0, cutlass::bfloat16_t>(float *, int *, unsigned int, unsigned int, unsigned int, CUtensorMap_st, CUtensorMap_st, CUtensorMap_st, CUtensorMap_st)",10,0.081472,0.008352,10,[0]
2,hbm,revisit,"void cublasLt::splitKreduce_kernel<(int)32, (int)16, int, float, float, float, float, (bool)0, float, float, float, (bool)1, (bool)0, (bool)0, (bool)0>(cublasLt::cublasSplitKParams<T6>, const T4 *, const T10 *, T9 *, T5 *, const T6 *, const T6 *, const T11 *, const T4 *, T11 *, void *, long, T6 *, int *, T6 *, T6 *, const T6 *, const T6 *, const T6 *, const T6 *, const T6 *)",10,0.035712,0.003616,10,[0]
2,hbm,revisit,"void at::native::reduce_kernel<(int)512, (int)1, at::native::ReduceOp<long, at::native::func_wrapper_t<long, at::native::MinNanFunctor<long>>, unsigned int, long, (int)4, (int)4>>(T3)",2,0.018816,0.016416,2,[0]
2,hbm,revisit,"void at::native::reduce_kernel<(int)512, (int)1, at::native::ReduceOp<long, at::native::func_wrapper_t<long, at::native::MaxNanFunctor<long>>, unsigned int, long, (int)4, (int)4>>(T3)",2,0.010848,0.008544,2,[0]
2,hbm,revisit,"void at::native::vectorized_elementwise_kernel<(int)4, at::native::FillFunctor<float>, std::array<char *, (unsigned long)1>>(int, T2, T3)",10,0.007584,0.000768,10,[0]
3,echo,cold,"void deep_gemm::sm90_fp8_mqa_logits_fuse_prefetch<(unsigned int)64, (unsigned int)128, (unsigned int)576, (unsigned int)2, (unsigned int)128, (unsigned int)3, (unsigned int)3, (unsigned int)101, (unsigned int)128, (unsigned int)256, (unsigned int)256, (unsigned int)16384>(unsigned int, unsigned int, unsigned long, unsigned long, unsigned int *, unsigned int *, float *, const int *, const int *, const int *, __nv_bfloat16 *, __nv_bfloat16 *, int *, const int *, long *, int *, unsigned int *, float *, unsigned int, CUtensorMap_st, CUtensorMap_st, CUtensorMap_st, CUtensorMap_st)",650,1256.127267,3.977373,650,[0]
3,echo,cold,_recall_update_extend_kernel,650,949.72362,1.465791,650,[0]
3,echo,cold,"void sm90::prefill::sparse_fwd::sparse_attn_fwd_kernel<sm90::prefill::sparse_fwd::KernelTemplate<(int)576, (bool)0>, sm90::prefill::sparse_fwd::KernelTemplate<(int)576, (bool)0>::TmaParams<cute::tuple<int, int, int>, cute::TiledCopy<cute::Copy_Atom<cute::Copy_Traits<cute::SM90_TMA_LOAD, cute::C<(int)65536>, cute::AuxTmaParams<cute::tuple<cute::ScaledBasis<cute::C<(int)1>, (int)1>, cute::ScaledBasis<cute::C<(int)1>, (int)0>, cute::ScaledBasis<cute::C<(int)1>, (int)2>>, const cute::Layout<cute::tuple<cute::C<(int)64>, cute::C<(int)64>, cute::C<(int)1>>, cute::tuple<cute::ScaledBasis<cute::C<(int)1>, (int)1>, cute::ScaledBasis<cute::C<(int)1>, (int)0>, cute::ScaledBasis<cute::C<(int)1>, (int)2>>> &, const cute::Swizzle<(int)3, (int)4, (int)3> &>>, cutlass::bfloat16_t>, cute::Layout<cute::tuple<cute::C<(int)1>, cute::tuple<cute::tuple<cute::tuple<cute::C<(int)64>, cute::C<(int)64>>, cute::C<(int)9>>>>, cute::tuple<cute::C<(int)0>, cute::tuple<cute::tuple<cute::tuple<cute::C<(int)64>, cute::C<(int)1>>, cute::C<(int)4096>>>>>, cute::tuple<cute::C<(int)64>, cute::C<(int)576>>>>>(SparseAttnFwdParams, T2)",650,576.671864,0.961407,650,[0]
3,echo,cold,"void deep_gemm::sm90_fp8_gemm_1d2d_impl<(cute::UMMA::Major)0, (unsigned int)0, (unsigned int)18432, (unsigned int)7168, (unsigned int)1, (unsigned int)256, (unsigned int)112, (unsigned int)128, (unsigned int)128, (unsigned int)128, (unsigned int)32, (unsigned int)3, (unsigned int)128, (unsigned int)256, (unsigned int)2, (bool)1, (unsigned int)132, (deep_gemm::GemmType)0, cutlass::bfloat16_t>(float *, int *, unsigned int, unsigned int, unsigned int, CUtensorMap_st, CUtensorMap_st, CUtensorMap_st, CUtensorMap_st)",1280,281.064997,0.224096,1280,[0]
3,echo,cold,"void deep_gemm::sm90_fp8_gemm_1d2d_impl<(cute::UMMA::Major)0, (unsigned int)0, (unsigned int)7168, (unsigned int)18432, (unsigned int)1, (unsigned int)256, (unsigned int)112, (unsigned int)128, (unsigned int)128, (unsigned int)128, (unsigned int)32, (unsigned int)3, (unsigned int)128, (unsigned int)256, (unsigned int)2, (bool)1, (unsigned int)132, (deep_gemm::GemmType)0, cutlass::bfloat16_t>(float *, int *, unsigned int, unsigned int, unsigned int, CUtensorMap_st, CUtensorMap_st, CUtensorMap_st, CUtensorMap_st)",640,138.864873,0.218944,640,[0]
3,echo,cold,"void deep_gemm::sm90_fp8_gemm_1d2d_impl<(cute::UMMA::Major)0, (unsigned int)0, (unsigned int)7168, (unsigned int)16384, (unsigned int)1, (unsigned int)256, (unsigned int)112, (unsigned int)128, (unsigned int)128, (unsigned int)128, (unsigned int)32, (unsigned int)3, (unsigned int)128, (unsigned int)256, (unsigned int)2, (bool)1, (unsigned int)132, (deep_gemm::GemmType)0, cutlass::bfloat16_t>(float *, int *, unsigned int, unsigned int, unsigned int, CUtensorMap_st, CUtensorMap_st, CUtensorMap_st, CUtensorMap_st)",640,123.912535,0.195936,640,[0]
3,echo,cold,"<unnamed>::topk_transform_prefill_kernel(<unnamed>::FastTopKParams, int *, const int *, long, float *, const int *, long)",650,114.603107,0.298111,650,[0]
3,echo,cold,"void at::native::unrolled_elementwise_kernel<at::native::direct_copy_kernel_cuda(at::TensorIteratorBase &)::[lambda() (instance 3)]::operator ()() const::[lambda() (instance 4)]::operator ()() const::[lambda(long) (instance 1)], std::array<char *, (unsigned long)2>, (int)4, TrivialOffsetCalculator<(int)1, unsigned int>, TrivialOffsetCalculator<(int)1, unsigned int>, at::native::memory::LoadWithCast<(int)1>, at::native::memory::StoreWithCast<(int)1>>(int, T1, T2, T4, T5, T6, T7)",8430,61.817282,0.053248,8430,[0]
3,echo,cold,"void at::native::reduce_kernel<(int)512, (int)1, at::native::ReduceOp<long, at::native::func_wrapper_t<long, at::native::sum_functor<long, long, long>::operator ()(at::TensorIterator &)::[lambda(long, long) (instance 1)]>, unsigned int, long, (int)4, (int)4>>(T3)",1950,40.074619,0.044544,1950,[0]
3,echo,cold,"void deep_gemm::sm90_fp8_gemm_1d2d_impl<(cute::UMMA::Major)0, (unsigned int)0, (unsigned int)24576, (unsigned int)1536, (unsigned int)1, (unsigned int)256, (unsigned int)128, (unsigned int)128, (unsigned int)128, (unsigned int)128, (unsigned int)128, (unsigned int)3, (unsigned int)128, (unsigned int)256, (unsigned int)2, (bool)1, (unsigned int)132, (deep_gemm::GemmType)0, cutlass::bfloat16_t>(float *, int *, unsigned int, unsigned int, unsigned int, CUtensorMap_st, CUtensorMap_st, CUtensorMap_st, CUtensorMap_st)",640,39.081343,0.062464,640,[0]
3,echo,cold,_protect_kernel,650,38.823514,0.096256,650,[0]
3,echo,cold,activation_quantization,5200,36.874421,0.01584,5200,[0]
3,echo,cold,nvjet_sm90_tst_256x128_64x4_1x2_h_bz_coopA_NNT,640,36.183106,0.05888,640,[0]
3,echo,cold,nvjet_sm90_tst_128x256_64x4_1x2_h_bz_coopA_NNN,640,32.657028,0.053696,640,[0]
3,echo,cold,"void at::native::index_elementwise_kernel<(int)128, (int)4, void at::native::gpu_index_kernel<void at::native::index_kernel_impl<at::native::OpaqueType<(int)4>>(at::TensorIteratorBase &, c10::ArrayRef<long>, c10::ArrayRef<long>)::[lambda(char *, const char *, long) (instance 1)]>(at::TensorIteratorBase &, c10::ArrayRef<long>, c10::ArrayRef<long>, const T1 &, bool)::[lambda(int) (instance 1)]>(long, T3)",3880,26.776106,0.012288,3880,[0]
3,echo,cold,set_mla_kv_buffer_kernel,640,21.702123,0.04176,640,[0]
3,echo,cold,sm80_xmma_gemm_f32f32_f32f32_f32_tn_n_tilesize128x64x8_stage3_warpsize2x2x1_ffma_aligna4_alignc4_execute_kernel__5x_cublas,640,21.015078,0.034144,640,[0]
3,echo,cold,"void at::native::unrolled_elementwise_kernel<at::native::direct_copy_kernel_cuda(at::TensorIteratorBase &)::[lambda() (instance 3)]::operator ()() const::[lambda() (instance 7)]::operator ()() const::[lambda(float) (instance 1)], std::array<char *, (unsigned long)2>, (int)4, TrivialOffsetCalculator<(int)1, unsigned int>, TrivialOffsetCalculator<(int)1, unsigned int>, at::native::memory::LoadWithCast<(int)1>, at::native::memory::StoreWithCast<(int)1>>(int, T1, T2, T4, T5, T6, T7)",2082,20.824993,0.02416,2082,[0]
3,echo,cold,"void at::native::elementwise_kernel<(int)128, (int)2, void at::native::gpu_kernel_impl_nocast<at::native::<unnamed>::where_kernel_impl(at::TensorIterator &)::[lambda() (instance 1)]::operator ()() const::[lambda() (instance 8)]::operator ()() const::[lambda(bool, long, long) (instance 1)]>(at::TensorIteratorBase &, const T1 &)::[lambda(int) (instance 1)]>(int, T3)",3230,19.957617,0.012064,3230,[0]
3,echo,cold,"void flashinfer::activation::act_and_mul_kernel<__nv_bfloat16, &silu>(T1 *, const T1 *, int)",650,18.63601,0.030368,650,[0]
3,echo,cold,"void at_cuda_detail::cub::detail::radix_sort::DeviceRadixSortOnesweepKernel<at_cuda_detail::cub::detail::radix::policy_hub<int, at::cuda::cub::detail::OpaqueType<(int)8>, unsigned long long>::Policy1000, (at_cuda_detail::cub::SortOrder)0, int, at::cuda::cub::detail::OpaqueType<(int)8>, unsigned long long, int, int, at_cuda_detail::cub::detail::identity_decomposer_t>(T7 *, T7 *, T5 *, const T5 *, T3 *, const T3 *, T4 *, const T4 *, T6, int, int, T8)",2600,17.330409,0.009088,2600,[0]
3,echo,cold,kernel_cutlass_kernel_operatorsdeepseek_v32norm_fusedLocalFusedRMSNorm_object_at__tensorptrbf16gmemalign128oi64716871681_tensorptrbf16gmemalign128oi64716871681_tensorptrf32gmemalign16o716_0,1040,14.808686,0.015808,1040,[0]
3,echo,cold,"void deep_gemm::sm90_fp8_gemm_1d2d_impl<(cute::UMMA::Major)0, (unsigned int)0, (unsigned int)8192, (unsigned int)1536, (unsigned int)1, (unsigned int)256, (unsigned int)128, (unsigned int)128, (unsigned int)128, (unsigned int)128, (unsigned int)128, (unsigned int)3, (unsigned int)128, (unsigned int)256, (unsigned int)2, (bool)1, (unsigned int)132, (deep_gemm::GemmType)0, cutlass::bfloat16_t>(float *, int *, unsigned int, unsigned int, unsigned int, CUtensorMap_st, CUtensorMap_st, CUtensorMap_st, CUtensorMap_st)",640,14.66133,0.024224,640,[0]
3,echo,cold,"void deep_gemm::sm90_fp8_gemm_1d2d_impl<(cute::UMMA::Major)0, (unsigned int)0, (unsigned int)1536, (unsigned int)7168, (unsigned int)1, (unsigned int)128, (unsigned int)96, (unsigned int)128, (unsigned int)128, (unsigned int)128, (unsigned int)64, (unsigned int)7, (unsigned int)128, (unsigned int)256, (unsigned int)1, (bool)0, (unsigned int)132, (deep_gemm::GemmType)0, cutlass::bfloat16_t>(float *, int *, unsigned int, unsigned int, unsigned int, CUtensorMap_st, CUtensorMap_st, CUtensorMap_st, CUtensorMap_st)",640,12.697493,0.02144,640,[0]
3,echo,cold,"void at::native::unrolled_elementwise_kernel<at::native::direct_copy_kernel_cuda(at::TensorIteratorBase &)::[lambda() (instance 3)]::operator ()() const::[lambda() (instance 3)]::operator ()() const::[lambda(int) (instance 1)], std::array<char *, (unsigned long)2>, (int)4, TrivialOffsetCalculator<(int)1, unsigned int>, TrivialOffsetCalculator<(int)1, unsigned int>, at::native::memory::LoadWithCast<(int)1>, at::native::memory::StoreWithCast<(int)1>>(int, T1, T2, T4, T5, T6, T7)",3880,11.274171,0.00624,3880,[0]
3,echo,cold,"void at::native::vectorized_elementwise_kernel<(int)8, void at::native::compare_scalar_kernel<int>(at::TensorIteratorBase &, at::native::<unnamed>::OpType, T1)::[lambda(int) (instance 1)], std::array<char *, (unsigned long)2>>(int, T2, T3)",4550,11.189652,0.00576,4550,[0]
3,echo,cold,"void at::native::vectorized_elementwise_kernel<(int)2, at::native::<unnamed>::launch_clamp_scalar(at::TensorIteratorBase &, c10::Scalar, c10::Scalar, at::native::detail::ClampLimits)::[lambda() (instance 1)]::operator ()() const::[lambda() (instance 4)]::operator ()() const::[lambda(long) (instance 1)], std::array<char *, (unsigned long)2>>(int, T2, T3)",2580,11.005211,0.009248,2580,[0]
3,echo,cold,"void deep_gemm::sm90_fp8_gemm_1d2d_impl<(cute::UMMA::Major)0, (unsigned int)0, (unsigned int)576, (unsigned int)7168, (unsigned int)1, (unsigned int)64, (unsigned int)80, (unsigned int)128, (unsigned int)128, (unsigned int)128, (unsigned int)32, (unsigned int)11, (unsigned int)128, (unsigned int)128, (unsigned int)1, (bool)0, (unsigned int)132, (deep_gemm::GemmType)0, cutlass::bfloat16_t>(float *, int *, unsigned int, unsigned int, unsigned int, CUtensorMap_st, CUtensorMap_st, CUtensorMap_st, CUtensorMap_st)",640,10.494775,0.018208,640,[0]
3,echo,cold,"void at::native::elementwise_kernel<(int)128, (int)2, void at::native::gpu_kernel_impl_nocast<at::native::<unnamed>::where_kernel_impl(at::TensorIterator &)::[lambda() (instance 1)]::operator ()() const::[lambda() (instance 7)]::operator ()() const::[lambda(bool, int, int) (instance 1)]>(at::TensorIteratorBase &, const T1 &)::[lambda(int) (instance 1)]>(int, T3)",1300,10.151829,0.009696,1300,[0]
3,echo,cold,"void at::native::vectorized_elementwise_kernel<(int)2, at::native::CUDAFunctor_add<long>, std::array<char *, (unsigned long)3>>(int, T2, T3)",3230,9.906579,0.012032,3230,[0]
3,echo,cold,"void at::native::vectorized_elementwise_kernel<(int)2, at::native::BUnaryFunctor<long, long, long, at::native::remainder_kernel_cuda(at::TensorIteratorBase &)::[lambda() (instance 1)]::operator ()() const::[lambda() (instance 4)]::operator ()() const::[lambda(long, long) (instance 1)]>, std::array<char *, (unsigned long)2>>(int, T2, T3)",1930,9.149433,0.011584,1930,[0]
3,echo,cold,"void at::native::reduce_kernel<(int)512, (int)1, at::native::ReduceOp<float, at::native::MeanOps<float, float, float, float>, unsigned int, float, (int)4, (int)4>>(T3)",650,8.658554,0.037472,650,[0]
3,echo,cold,"void at::native::vectorized_elementwise_kernel<(int)2, at::native::BUnaryFunctor<long, long, long, at::native::binary_internal::div_floor_kernel_cuda(at::TensorIteratorBase &)::[lambda() (instance 1)]::operator ()() const::[lambda() (instance 4)]::operator ()() const::[lambda(long, long) (instance 1)]>, std::array<char *, (unsigned long)2>>(int, T2, T3)",1930,7.393496,0.008384,1930,[0]
3,echo,cold,"void flashinfer::BatchQKApplyRotaryPosIdsCosSinCacheHeadParallelismKernel<(bool)1, (unsigned int)64, (unsigned int)8, (unsigned int)8, __nv_bfloat16, long>(T5 *, T5 *, T5 *, T5 *, float *, T6 *, unsigned int, unsigned int, unsigned int, unsigned int, unsigned long, unsigned long, unsigned long, unsigned long, unsigned long, unsigned long, unsigned long, unsigned long)",650,6.998652,0.012448,650,[0]
3,echo,cold,"void flashinfer::BatchQKApplyRotaryPosIdsCosSinCacheHeadParallelismKernel<(bool)0, (unsigned int)128, (unsigned int)8, (unsigned int)16, __nv_bfloat16, long>(T5 *, T5 *, T5 *, T5 *, float *, T6 *, unsigned int, unsigned int, unsigned int, unsigned int, unsigned long, unsigned long, unsigned long, unsigned long, unsigned long, unsigned long, unsigned long, unsigned long)",650,6.818748,0.011712,650,[0]
3,echo,cold,"void at::native::index_elementwise_kernel<(int)128, (int)4, void at::native::gpu_index_kernel<void at::native::index_put_kernel_impl<at::native::OpaqueType<(int)4>>(at::TensorIterator &, c10::ArrayRef<long>, c10::ArrayRef<long>)::[lambda(char *, const char *, long) (instance 1)]>(at::TensorIteratorBase &, c10::ArrayRef<long>, c10::ArrayRef<long>, const T1 &, bool)::[lambda(int) (instance 1)]>(long, T3)",1940,6.620636,0.003744,1940,[0]
3,echo,cold,"void deep_gemm::transpose_fp32<(unsigned int)512, (unsigned int)64, (unsigned int)56, (unsigned int)128, (unsigned int)57>(const float *, float *, unsigned int)",3250,6.477754,0.002976,3250,[0]
3,echo,cold,"void deep_gemm::sm90_fp8_gemm_1d2d_impl<(cute::UMMA::Major)0, (unsigned int)0, (unsigned int)128, (unsigned int)7168, (unsigned int)1, (unsigned int)64, (unsigned int)16, (unsigned int)128, (unsigned int)128, (unsigned int)128, (unsigned int)32, (unsigned int)16, (unsigned int)128, (unsigned int)128, (unsigned int)1, (bool)0, (unsigned int)132, (deep_gemm::GemmType)0, cutlass::bfloat16_t>(float *, int *, unsigned int, unsigned int, unsigned int, CUtensorMap_st, CUtensorMap_st, CUtensorMap_st, CUtensorMap_st)",650,5.982746,0.010304,650,[0]
3,echo,cold,"void at::native::vectorized_elementwise_kernel<(int)2, at::native::AUnaryFunctor<long, long, long, at::native::binary_internal::MulFunctor<long>>, std::array<char *, (unsigned long)2>>(int, T2, T3)",1930,5.725403,0.007968,1930,[0]
3,echo,cold,quantize_kernel,1300,4.198334,0.00624,1300,[0]
3,echo,cold,sm80_xmma_gemm_f32f32_f32f32_f32_tn_n_tilesize128x64x8_stage3_warpsize2x2x1_ffma_aligna4_alignc4_execute_split_k_kernel__5x_cublas,640,4.151196,0.00688,640,[0]
3,echo,cold,_mark_host_need_recall_kernel,650,3.970495,0.006624,650,[0]
3,echo,cold,"void at::native::vectorized_elementwise_kernel<(int)4, at::native::FillFunctor<int>, std::array<char *, (unsigned long)1>>(int, T2, T3)",5142,3.957116,0.001504,5142,[0]
3,echo,cold,"void at::native::vectorized_elementwise_kernel<(int)8, at::native::FillFunctor<bool>, std::array<char *, (unsigned long)1>>(int, T2, T3)",650,3.934813,0.00672,650,[0]
3,echo,cold,"void at::native::vectorized_elementwise_kernel<(int)4, at::native::<unnamed>::launch_clamp_scalar(at::TensorIteratorBase &, c10::Scalar, c10::Scalar, at::native::detail::ClampLimits)::[lambda() (instance 1)]::operator ()() const::[lambda() (instance 3)]::operator ()() const::[lambda(int) (instance 1)], std::array<char *, (unsigned long)2>>(int, T2, T3)",1930,3.580667,0.004096,1930,[0]
3,echo,cold,_cuda_graph_allocator_rebuild_stack_kernel,650,3.276604,0.006912,650,[0]
3,echo,cold,"void at::native::vectorized_elementwise_kernel<(int)2, at::native::FillFunctor<long>, std::array<char *, (unsigned long)1>>(int, T2, T3)",3891,2.963231,0.0016,3891,[0]
3,echo,cold,_set_mla_kv_buffer_cuda_graph_kernel,640,2.693947,0.004608,640,[0]
3,echo,cold,"void deep_gemm::transpose_fp32<(unsigned int)512, (unsigned int)64, (unsigned int)144, (unsigned int)128, (unsigned int)145>(const float *, float *, unsigned int)",650,2.691327,0.00512,650,[0]
3,echo,cold,"void deep_gemm::transpose_fp32<(unsigned int)512, (unsigned int)64, (unsigned int)128, (unsigned int)128, (unsigned int)129>(const float *, float *, unsigned int)",650,2.441406,0.004704,650,[0]
3,echo,cold,"void at::native::vectorized_elementwise_kernel<(int)8, at::native::BinaryFunctor<bool, bool, bool, at::native::BitwiseAndFunctor<bool>>, std::array<char *, (unsigned long)3>>(int, T2, T3)",1310,2.427005,0.003264,1310,[0]
3,echo,cold,"void at::native::<unnamed>::vectorized_layer_norm_kernel<float, float, (bool)0>(int, T2, const T1 *, const T1 *, const T1 *, T2 *, T2 *, T1 *)",650,2.213689,0.004128,650,[0]
3,echo,cold,kernel_cutlass_kernel_operatorsdeepseek_v32norm_plainLocalPlainRMSNorm_object_at__tensorptrbf16gmemalign128oi64716871681_tensorptrf32gmemalign16o71681_tensorptrbf16gmemalign128oi647168716_0,260,2.128159,0.00896,260,[0]
3,echo,cold,_free_update_kernel,1290,1.973755,0.002176,1290,[0]
3,echo,cold,kernel_cutlass_kernel_operatorsdeepseek_v32norm_plainLocalPlainRMSNorm_object_at__tensorptrbf16gmemalign128oi64153615361_tensorptrf32gmemalign16o15361_tensorptrbf16gmemalign128oi641536153_0,650,1.902495,0.00368,650,[0]
3,echo,cold,"void deep_gemm::transpose_fp32<(unsigned int)512, (unsigned int)64, (unsigned int)12, (unsigned int)128, (unsigned int)13>(const float *, float *, unsigned int)",1300,1.887582,0.001536,1300,[0]
3,echo,cold,"void at_cuda_detail::cub::detail::radix_sort::DeviceRadixSortHistogramKernel<at_cuda_detail::cub::detail::radix::policy_hub<int, at::cuda::cub::detail::OpaqueType<(int)8>, unsigned long long>::Policy1000, (at_cuda_detail::cub::SortOrder)0, int, unsigned long long, at_cuda_detail::cub::detail::identity_decomposer_t>(T4 *, const T3 *, T4, int, int, T5)",650,1.82995,0.003424,650,[0]
3,echo,cold,_cuda_graph_allocator_alloc_kernel,1290,1.801309,0.00224,1290,[0]
3,echo,cold,"void at::native::vectorized_elementwise_kernel<(int)8, at::native::AUnaryFunctor<int, int, bool, at::native::<unnamed>::CompareEqFunctor<int>>, std::array<char *, (unsigned long)2>>(int, T2, T3)",650,1.768991,0.003424,650,[0]
3,echo,cold,"void <unnamed>::elementwise_kernel_with_index<int, at::native::arange_cuda_out(const c10::Scalar &, const c10::Scalar &, const c10::Scalar &, at::Tensor &)::[lambda() (instance 1)]::operator ()() const::[lambda() (instance 4)]::operator ()() const::[lambda(long) (instance 1)]>(T1, T2, function_traits<T2>::result_type *)",1930,1.766559,0.0016,1930,[0]
3,echo,cold,"void at::native::<unnamed>::CatArrayBatchedCopy_vectorized<at::native::<unnamed>::OpaqueType<(unsigned int)2>, unsigned int, (int)2, (int)128, (int)1, (int)16, (int)8>(char *, at::native::<unnamed>::CatArrInputTensorMetadata<T1, T2, T4, T5>, at::native::<unnamed>::TensorSizeStride<T2, (unsigned int)4>, int, T2)",650,1.692958,0.003616,650,[0]
3,echo,cold,"void at::native::elementwise_kernel<(int)128, (int)4, void at::native::gpu_kernel_impl_nocast<at::native::direct_copy_kernel_cuda(at::TensorIteratorBase &)::[lambda() (instance 3)]::operator ()() const::[lambda() (instance 12)]::operator ()() const::[lambda(c10::BFloat16) (instance 1)]>(at::TensorIteratorBase &, const T1 &)::[lambda(int) (instance 1)]>(int, T3)",650,1.633598,0.002688,650,[0]
3,echo,cold,"void at::native::vectorized_elementwise_kernel<(int)4, at::native::<unnamed>::masked_fill_kernel(at::TensorIterator &, const c10::Scalar &)::[lambda() (instance 1)]::operator ()() const::[lambda() (instance 3)]::operator ()() const::[lambda(int, bool) (instance 1)], std::array<char *, (unsigned long)3>>(int, T2, T3)",1290,1.563965,0.002016,1290,[0]
3,echo,cold,"void at::native::vectorized_elementwise_kernel<(int)4, at::native::AUnaryFunctor<float, float, float, at::native::binary_internal::MulFunctor<float>>, std::array<char *, (unsigned long)2>>(int, T2, T3)",1300,1.498527,0.001344,1300,[0]
3,echo,cold,"void at::native::vectorized_elementwise_kernel<(int)8, void at::native::compare_scalar_kernel<long>(at::TensorIteratorBase &, at::native::<unnamed>::OpType, T1)::[lambda(long) (instance 1)], std::array<char *, (unsigned long)2>>(int, T2, T3)",1280,1.457087,0.001664,1280,[0]
3,echo,cold,"void at::native::vectorized_elementwise_kernel<(int)8, at::native::bfloat16_copy_kernel_cuda(at::TensorIteratorBase &)::[lambda(float) (instance 1)], std::array<char *, (unsigned long)2>>(int, T2, T3)",715,1.385664,0.009312,715,[0]
3,echo,cold,"void at::native::vectorized_elementwise_kernel<(int)4, at::native::CUDAFunctor_add<float>, std::array<char *, (unsigned long)3>>(int, T2, T3)",65,1.337692,0.022048,65,[0]
3,echo,cold,"void at::native::unrolled_elementwise_kernel<at::native::CUDAFunctor_add<long>, std::array<char *, (unsigned long)3>, (int)4, TrivialOffsetCalculator<(int)2, unsigned int>, TrivialOffsetCalculator<(int)1, unsigned int>, at::native::memory::LoadWithoutCast, at::native::memory::StoreWithoutCast>(int, T1, T2, T4, T5, T6, T7)",1300,1.333216,0.001888,1300,[0]
3,echo,cold,"void at::native::vectorized_elementwise_kernel<(int)4, at::native::CUDAFunctor_add<int>, std::array<char *, (unsigned long)3>>(int, T2, T3)",1280,1.281919,0.00144,1280,[0]
3,echo,cold,_cuda_graph_allocator_post_alloc_kernel,650,1.246844,0.002304,650,[0]
3,echo,cold,"void at::native::elementwise_kernel<(int)128, (int)2, void at::native::gpu_kernel_impl_nocast<at::native::CUDAFunctor_add<long>>(at::TensorIteratorBase &, const T1 &)::[lambda(int) (instance 1)]>(int, T3)",650,1.246399,0.00288,650,[0]
3,echo,cold,_cuda_graph_allocator_free_kernel,1290,1.232479,0.00128,1290,[0]
3,echo,cold,"void <unnamed>::argmin_bounded_kernel<(unsigned long)196608>(const int *, int *, const int *, int, int)",1290,1.204735,0.001696,1290,[0]
3,echo,cold,"void <unnamed>::elementwise_kernel_with_index<int, at::native::arange_cuda_out(const c10::Scalar &, const c10::Scalar &, const c10::Scalar &, at::Tensor &)::[lambda() (instance 1)]::operator ()() const::[lambda() (instance 3)]::operator ()() const::[lambda(long) (instance 1)]>(T1, T2, function_traits<T2>::result_type *)",1300,1.204158,0.001696,1300,[0]
3,echo,cold,"void at::native::vectorized_elementwise_kernel<(int)4, at::native::cos_kernel_cuda(at::TensorIteratorBase &)::[lambda() (instance 2)]::operator ()() const::[lambda() (instance 2)]::operator ()() const::[lambda(float) (instance 1)], std::array<char *, (unsigned long)2>>(int, T2, T3)",650,1.181343,0.00208,650,[0]
3,echo,cold,kernel_cutlass_kernel_operatorsdeepseek_v32norm_plainLocalPlainRMSNorm_object_at__tensorptrbf16gmemalign128oi645125121_tensorptrf32gmemalign16o5121_tensorptrbf16gmemalign128oi645125121____0,650,1.16531,0.002752,650,[0]
3,echo,cold,"void at::native::elementwise_kernel<(int)128, (int)2, void at::native::gpu_kernel_impl_nocast<at::native::BinaryFunctor<float, float, float, at::native::binary_internal::MulFunctor<float>>>(at::TensorIteratorBase &, const T1 &)::[lambda(int) (instance 1)]>(int, T3)",650,1.139712,0.003008,650,[0]
3,echo,cold,"void at::native::vectorized_elementwise_kernel<(int)4, at::native::sin_kernel_cuda(at::TensorIteratorBase &)::[lambda() (instance 2)]::operator ()() const::[lambda() (instance 2)]::operator ()() const::[lambda(float) (instance 1)], std::array<char *, (unsigned long)2>>(int, T2, T3)",650,1.138432,0.002176,650,[0]
3,echo,cold,"void at::native::vectorized_elementwise_kernel<(int)4, at::native::BinaryFunctor<float, float, float, at::native::binary_internal::MulFunctor<float>>, std::array<char *, (unsigned long)3>>(int, T2, T3)",650,1.112767,0.002496,650,[0]
3,echo,cold,_set_update_kernel,640,1.081504,0.001888,640,[0]
3,echo,cold,"void at::native::unrolled_elementwise_kernel<at::native::CUDAFunctorOnSelf_add<int>, std::array<char *, (unsigned long)2>, (int)4, TrivialOffsetCalculator<(int)1, unsigned int>, TrivialOffsetCalculator<(int)1, unsigned int>, at::native::memory::LoadWithoutCast, at::native::memory::StoreWithoutCast>(int, T1, T2, T4, T5, T6, T7)",1295,1.049536,0.001152,1295,[0]
3,echo,cold,kernel_cutlass_kernel_flashinfernormkernelsrmsnormRMSNormKernel_object_at__tensorptrf32gmemalign128oi64716871681_tensorptrf32gmemalign16o71681_tensorptrf32gmemalign128oi64716871681___True_0,65,0.979136,0.016192,65,[0]
3,echo,cold,"void at::native::<unnamed>::CatArrayBatchedCopy_vectorized<at::native::<unnamed>::OpaqueType<(unsigned int)4>, unsigned int, (int)2, (int)128, (int)1, (int)16, (int)4>(char *, at::native::<unnamed>::CatArrInputTensorMetadata<T1, T2, T4, T5>, at::native::<unnamed>::TensorSizeStride<T2, (unsigned int)4>, int, T2)",650,0.96208,0.001632,650,[0]
3,echo,cold,"void at::native::vectorized_elementwise_kernel<(int)4, at::native::FillFunctor<unsigned int>, std::array<char *, (unsigned long)1>>(int, T2, T3)",1300,0.94704,0.001056,1300,[0]
3,echo,cold,"void at::native::unrolled_elementwise_kernel<at::native::CUDAFunctor_add<long>, std::array<char *, (unsigned long)3>, (int)4, TrivialOffsetCalculator<(int)2, unsigned int>, TrivialOffsetCalculator<(int)1, unsigned int>, at::native::memory::LoadWithCast<(int)2>, at::native::memory::StoreWithCast<(int)1>>(int, T1, T2, T4, T5, T6, T7)",640,0.927391,0.001728,640,[0]
3,echo,cold,nvjet_sm90_tst_128x8_64x12_2x1_v_bz_TNT,2,0.852992,0.428032,2,[0]
3,echo,cold,"at::native::<unnamed>::fill_reverse_indices_kernel(long *, int, at::cuda::detail::IntDivider<unsigned int>)",650,0.843327,0.002016,650,[0]
3,echo,cold,"void deep_gemm::sm90_fp8_gemm_1d2d_impl<(cute::UMMA::Major)0, (unsigned int)0, (unsigned int)18432, (unsigned int)7168, (unsigned int)1, (unsigned int)128, (unsigned int)144, (unsigned int)128, (unsigned int)128, (unsigned int)128, (unsigned int)32, (unsigned int)5, (unsigned int)128, (unsigned int)256, (unsigned int)1, (bool)0, (unsigned int)132, (deep_gemm::GemmType)0, cutlass::bfloat16_t>(float *, int *, unsigned int, unsigned int, unsigned int, CUtensorMap_st, CUtensorMap_st, CUtensorMap_st, CUtensorMap_st)",20,0.76512,0.039392,20,[0]
3,echo,cold,"void at_cuda_detail::cub::detail::radix_sort::DeviceRadixSortExclusiveSumKernel<at_cuda_detail::cub::detail::radix::policy_hub<int, at::cuda::cub::detail::OpaqueType<(int)8>, unsigned long long>::Policy1000, unsigned long long>(T2 *)",650,0.735232,0.001952,650,[0]
3,echo,cold,"void at::native::vectorized_elementwise_kernel<(int)4, at::native::CUDAFunctorOnSelf_add<int>, std::array<char *, (unsigned long)2>>(int, T2, T3)",777,0.696768,0.001888,777,[0]
3,echo,cold,"void at::native::unrolled_elementwise_kernel<at::native::FillFunctor<int>, std::array<char *, (unsigned long)1>, (int)4, TrivialOffsetCalculator<(int)0, unsigned int>, TrivialOffsetCalculator<(int)1, unsigned int>, at::native::memory::LoadWithoutCast, at::native::memory::StoreWithoutCast>(int, T1, T2, T4, T5, T6, T7)",970,0.654048,0.001024,970,[0]
3,echo,cold,_cuda_graph_allocator_set_available_kernel,650,0.547486,0.00128,650,[0]
3,echo,cold,"void deep_gemm::sm90_fp8_gemm_1d2d_impl<(cute::UMMA::Major)0, (unsigned int)0, (unsigned int)7168, (unsigned int)18432, (unsigned int)1, (unsigned int)64, (unsigned int)112, (unsigned int)128, (unsigned int)128, (unsigned int)128, (unsigned int)32, (unsigned int)9, (unsigned int)128, (unsigned int)128, (unsigned int)1, (bool)0, (unsigned int)132, (deep_gemm::GemmType)0, cutlass::bfloat16_t>(float *, int *, unsigned int, unsigned int, unsigned int, CUtensorMap_st, CUtensorMap_st, CUtensorMap_st, CUtensorMap_st)",10,0.481663,0.048864,10,[0]
3,echo,cold,"void at::native::vectorized_elementwise_kernel<(int)2, at::native::CUDAFunctorOnSelf_add<int>, std::array<char *, (unsigned long)2>>(int, T2, T3)",518,0.465408,0.001152,518,[0]
3,echo,cold,"void at::native::vectorized_gather_kernel<(int)16, long>(char *, char *, T2 *, int, long, long, long, long, bool)",65,0.454112,0.008288,65,[0]
3,echo,cold,"void at::native::<unnamed>::CatArrayBatchedCopy_vectorized<at::native::<unnamed>::OpaqueType<(unsigned int)2>, unsigned int, (int)1, (int)128, (int)1, (int)16, (int)8>(char *, at::native::<unnamed>::CatArrInputTensorMetadata<T1, T2, T4, T5>, at::native::<unnamed>::TensorSizeStride<T2, (unsigned int)4>, int, T2)",1,0.436639,0.436639,1,[0]
3,echo,cold,"void deep_gemm::sm90_fp8_gemm_1d2d_impl<(cute::UMMA::Major)0, (unsigned int)0, (unsigned int)7168, (unsigned int)16384, (unsigned int)1, (unsigned int)64, (unsigned int)112, (unsigned int)128, (unsigned int)128, (unsigned int)128, (unsigned int)32, (unsigned int)9, (unsigned int)128, (unsigned int)128, (unsigned int)1, (bool)0, (unsigned int)132, (deep_gemm::GemmType)0, cutlass::bfloat16_t>(float *, int *, unsigned int, unsigned int, unsigned int, CUtensorMap_st, CUtensorMap_st, CUtensorMap_st, CUtensorMap_st)",10,0.432127,0.043744,10,[0]
3,echo,cold,"void at::native::vectorized_elementwise_kernel<(int)2, at::native::FillFunctor<int>, std::array<char *, (unsigned long)1>>(int, T2, T3)",388,0.29952,0.001056,388,[0]
3,echo,cold,"void deep_gemm::sm90_fp8_gemm_1d2d_impl<(cute::UMMA::Major)0, (unsigned int)0, (unsigned int)24576, (unsigned int)1536, (unsigned int)1, (unsigned int)128, (unsigned int)192, (unsigned int)128, (unsigned int)128, (unsigned int)128, (unsigned int)128, (unsigned int)4, (unsigned int)128, (unsigned int)256, (unsigned int)1, (bool)0, (unsigned int)132, (deep_gemm::GemmType)0, cutlass::bfloat16_t>(float *, int *, unsigned int, unsigned int, unsigned int, CUtensorMap_st, CUtensorMap_st, CUtensorMap_st, CUtensorMap_st)",10,0.168832,0.017184,10,[0]
3,echo,cold,void cutlass::Kernel2<cutlass_80_simt_sgemm_64x64_8x5_tn_align1>(T1::Params),10,0.110944,0.011488,10,[0]
3,echo,cold,nvjet_sm90_tst_256x128_64x4_2x1_v_bz_coopA_NNT,10,0.105856,0.011136,10,[0]
3,echo,cold,"void deep_gemm::sm90_fp8_gemm_1d2d_impl<(cute::UMMA::Major)0, (unsigned int)0, (unsigned int)1536, (unsigned int)7168, (unsigned int)1, (unsigned int)64, (unsigned int)32, (unsigned int)128, (unsigned int)128, (unsigned int)128, (unsigned int)64, (unsigned int)16, (unsigned int)128, (unsigned int)128, (unsigned int)1, (bool)0, (unsigned int)132, (deep_gemm::GemmType)0, cutlass::bfloat16_t>(float *, int *, unsigned int, unsigned int, unsigned int, CUtensorMap_st, CUtensorMap_st, CUtensorMap_st, CUtensorMap_st)",10,0.10576,0.011424,10,[0]
3,echo,cold,nvjet_sm90_tst_128x128_64x6_1x1_h_bz_NNT,10,0.104736,0.010976,10,[0]
3,echo,cold,"void deep_gemm::sm90_fp8_gemm_1d2d_impl<(cute::UMMA::Major)0, (unsigned int)0, (unsigned int)576, (unsigned int)7168, (unsigned int)1, (unsigned int)64, (unsigned int)16, (unsigned int)128, (unsigned int)128, (unsigned int)128, (unsigned int)32, (unsigned int)16, (unsigned int)128, (unsigned int)128, (unsigned int)1, (bool)0, (unsigned int)132, (deep_gemm::GemmType)0, cutlass::bfloat16_t>(float *, int *, unsigned int, unsigned int, unsigned int, CUtensorMap_st, CUtensorMap_st, CUtensorMap_st, CUtensorMap_st)",10,0.090239,0.009184,10,[0]
3,echo,cold,"void deep_gemm::sm90_fp8_gemm_1d2d_impl<(cute::UMMA::Major)0, (unsigned int)0, (unsigned int)8192, (unsigned int)1536, (unsigned int)1, (unsigned int)64, (unsigned int)128, (unsigned int)128, (unsigned int)128, (unsigned int)128, (unsigned int)128, (unsigned int)8, (unsigned int)128, (unsigned int)128, (unsigned int)1, (bool)0, (unsigned int)132, (deep_gemm::GemmType)0, cutlass::bfloat16_t>(float *, int *, unsigned int, unsigned int, unsigned int, CUtensorMap_st, CUtensorMap_st, CUtensorMap_st, CUtensorMap_st)",10,0.076352,0.008544,10,[0]
3,echo,cold,"void cublasLt::splitKreduce_kernel<(int)32, (int)16, int, float, float, float, float, (bool)0, float, float, float, (bool)1, (bool)0, (bool)0, (bool)0>(cublasLt::cublasSplitKParams<T6>, const T4 *, const T10 *, T9 *, T5 *, const T6 *, const T6 *, const T11 *, const T4 *, T11 *, void *, long, T6 *, int *, T6 *, T6 *, const T6 *, const T6 *, const T6 *, const T6 *, const T6 *)",10,0.033024,0.00336,10,[0]
3,echo,cold,"void at::native::vectorized_elementwise_kernel<(int)2, at::native::CUDAFunctorOnSelf_add<long>, std::array<char *, (unsigned long)2>>(int, T2, T3)",20,0.031808,0.001728,20,[0]
3,echo,cold,"void at::native::vectorized_elementwise_kernel<(int)2, at::native::<unnamed>::where_kernel_impl(at::TensorIterator &)::[lambda() (instance 1)]::operator ()() const::[lambda() (instance 8)]::operator ()() const::[lambda(bool, long, long) (instance 1)], std::array<char *, (unsigned long)4>>(int, T2, T3)",10,0.022624,0.002368,10,[0]
3,echo,cold,"void at::native::reduce_kernel<(int)512, (int)1, at::native::ReduceOp<long, at::native::func_wrapper_t<long, at::native::MinNanFunctor<long>>, unsigned int, long, (int)4, (int)4>>(T3)",2,0.01536,0.013344,2,[0]
3,echo,cold,"void at::native::vectorized_elementwise_kernel<(int)4, at::native::FillFunctor<float>, std::array<char *, (unsigned long)1>>(int, T2, T3)",20,0.0152,0.00112,20,[0]
3,echo,cold,"void at::native::reduce_kernel<(int)512, (int)1, at::native::ReduceOp<long, at::native::func_wrapper_t<long, at::native::MaxNanFunctor<long>>, unsigned int, long, (int)4, (int)4>>(T3)",2,0.011104,0.009152,2,[0]
3,echo,cold,"void at::native::unrolled_elementwise_kernel<at::native::FillFunctor<long>, std::array<char *, (unsigned long)1>, (int)4, TrivialOffsetCalculator<(int)0, unsigned int>, TrivialOffsetCalculator<(int)1, unsigned int>, at::native::memory::LoadWithoutCast, at::native::memory::StoreWithoutCast>(int, T1, T2, T4, T5, T6, T7)",10,0.00672,0.000768,10,[0]
4,echo,revisit,_recall_update_extend_kernel,10,14.623532,1.463553,10,[0]
4,echo,revisit,"void deep_gemm::sm90_fp8_mqa_logits_fuse_prefetch<(unsigned int)64, (unsigned int)128, (unsigned int)576, (unsigned int)2, (unsigned int)128, (unsigned int)3, (unsigned int)3, (unsigned int)101, (unsigned int)128, (unsigned int)256, (unsigned int)256, (unsigned int)16384>(unsigned int, unsigned int, unsigned long, unsigned long, unsigned int *, unsigned int *, float *, const int *, const int *, const int *, __nv_bfloat16 *, __nv_bfloat16 *, int *, const int *, long *, int *, unsigned int *, float *, unsigned int, CUtensorMap_st, CUtensorMap_st, CUtensorMap_st, CUtensorMap_st)",10,10.415625,1.143169,10,[0]
4,echo,revisit,"void sm90::prefill::sparse_fwd::sparse_attn_fwd_kernel<sm90::prefill::sparse_fwd::KernelTemplate<(int)576, (bool)0>, sm90::prefill::sparse_fwd::KernelTemplate<(int)576, (bool)0>::TmaParams<cute::tuple<int, int, int>, cute::TiledCopy<cute::Copy_Atom<cute::Copy_Traits<cute::SM90_TMA_LOAD, cute::C<(int)65536>, cute::AuxTmaParams<cute::tuple<cute::ScaledBasis<cute::C<(int)1>, (int)1>, cute::ScaledBasis<cute::C<(int)1>, (int)0>, cute::ScaledBasis<cute::C<(int)1>, (int)2>>, const cute::Layout<cute::tuple<cute::C<(int)64>, cute::C<(int)64>, cute::C<(int)1>>, cute::tuple<cute::ScaledBasis<cute::C<(int)1>, (int)1>, cute::ScaledBasis<cute::C<(int)1>, (int)0>, cute::ScaledBasis<cute::C<(int)1>, (int)2>>> &, const cute::Swizzle<(int)3, (int)4, (int)3> &>>, cutlass::bfloat16_t>, cute::Layout<cute::tuple<cute::C<(int)1>, cute::tuple<cute::tuple<cute::tuple<cute::C<(int)64>, cute::C<(int)64>>, cute::C<(int)9>>>>, cute::tuple<cute::C<(int)0>, cute::tuple<cute::tuple<cute::tuple<cute::C<(int)64>, cute::C<(int)1>>, cute::C<(int)4096>>>>>, cute::tuple<cute::C<(int)64>, cute::C<(int)576>>>>>(SparseAttnFwdParams, T2)",10,1.19968,0.12128,10,[0]
4,echo,revisit,"void at::native::unrolled_elementwise_kernel<at::native::direct_copy_kernel_cuda(at::TensorIteratorBase &)::[lambda() (instance 3)]::operator ()() const::[lambda() (instance 4)]::operator ()() const::[lambda(long) (instance 1)], std::array<char *, (unsigned long)2>, (int)4, TrivialOffsetCalculator<(int)1, unsigned int>, TrivialOffsetCalculator<(int)1, unsigned int>, at::native::memory::LoadWithCast<(int)1>, at::native::memory::StoreWithCast<(int)1>>(int, T1, T2, T4, T5, T6, T7)",120,0.788705,0.051744,120,[0]
4,echo,revisit,"void deep_gemm::sm90_fp8_gemm_1d2d_impl<(cute::UMMA::Major)0, (unsigned int)0, (unsigned int)18432, (unsigned int)7168, (unsigned int)1, (unsigned int)128, (unsigned int)144, (unsigned int)128, (unsigned int)128, (unsigned int)128, (unsigned int)32, (unsigned int)5, (unsigned int)128, (unsigned int)256, (unsigned int)1, (bool)0, (unsigned int)132, (deep_gemm::GemmType)0, cutlass::bfloat16_t>(float *, int *, unsigned int, unsigned int, unsigned int, CUtensorMap_st, CUtensorMap_st, CUtensorMap_st, CUtensorMap_st)",20,0.763264,0.03968,20,[0]
4,echo,revisit,"void <unnamed>::argmin_bounded_kernel<(unsigned long)196608>(const int *, int *, const int *, int, int)",10,0.642336,0.070208,10,[0]
4,echo,revisit,"void at::native::reduce_kernel<(int)512, (int)1, at::native::ReduceOp<long, at::native::func_wrapper_t<long, at::native::sum_functor<long, long, long>::operator ()(at::TensorIterator &)::[lambda(long, long) (instance 1)]>, unsigned int, long, (int)4, (int)4>>(T3)",30,0.60109,0.043745,30,[0]
4,echo,revisit,"void deep_gemm::sm90_fp8_gemm_1d2d_impl<(cute::UMMA::Major)0, (unsigned int)0, (unsigned int)7168, (unsigned int)18432, (unsigned int)1, (unsigned int)64, (unsigned int)112, (unsigned int)128, (unsigned int)128, (unsigned int)128, (unsigned int)32, (unsigned int)9, (unsigned int)128, (unsigned int)128, (unsigned int)1, (bool)0, (unsigned int)132, (deep_gemm::GemmType)0, cutlass::bfloat16_t>(float *, int *, unsigned int, unsigned int, unsigned int, CUtensorMap_st, CUtensorMap_st, CUtensorMap_st, CUtensorMap_st)",10,0.481186,0.049344,10,[0]
4,echo,revisit,"void deep_gemm::sm90_fp8_gemm_1d2d_impl<(cute::UMMA::Major)0, (unsigned int)0, (unsigned int)7168, (unsigned int)16384, (unsigned int)1, (unsigned int)64, (unsigned int)112, (unsigned int)128, (unsigned int)128, (unsigned int)128, (unsigned int)32, (unsigned int)9, (unsigned int)128, (unsigned int)128, (unsigned int)1, (bool)0, (unsigned int)132, (deep_gemm::GemmType)0, cutlass::bfloat16_t>(float *, int *, unsigned int, unsigned int, unsigned int, CUtensorMap_st, CUtensorMap_st, CUtensorMap_st, CUtensorMap_st)",10,0.432001,0.043904,10,[0]
4,echo,revisit,nvjet_sm90_tst_128x8_64x12_2x1_v_bz_TNT,1,0.422976,0.422976,1,[0]
4,echo,revisit,"<unnamed>::topk_transform_prefill_kernel(<unnamed>::FastTopKParams, int *, const int *, long, float *, const int *, long)",10,0.397825,0.041024,10,[0]
4,echo,revisit,"void at_cuda_detail::cub::detail::radix_sort::DeviceRadixSortOnesweepKernel<at_cuda_detail::cub::detail::radix::policy_hub<int, at::cuda::cub::detail::OpaqueType<(int)8>, unsigned long long>::Policy1000, (at_cuda_detail::cub::SortOrder)0, int, at::cuda::cub::detail::OpaqueType<(int)8>, unsigned long long, int, int, at_cuda_detail::cub::detail::identity_decomposer_t>(T7 *, T7 *, T5 *, const T5 *, T3 *, const T3 *, T4 *, const T4 *, T6, int, int, T8)",40,0.2688,0.008736,40,[0]
4,echo,revisit,"void at::native::index_elementwise_kernel<(int)128, (int)4, void at::native::gpu_index_kernel<void at::native::index_kernel_impl<at::native::OpaqueType<(int)4>>(at::TensorIteratorBase &, c10::ArrayRef<long>, c10::ArrayRef<long>)::[lambda(char *, const char *, long) (instance 1)]>(at::TensorIteratorBase &, c10::ArrayRef<long>, c10::ArrayRef<long>, const T1 &, bool)::[lambda(int) (instance 1)]>(long, T3)",50,0.223936,0.005536,50,[0]
4,echo,revisit,activation_quantization,80,0.194208,0.003264,80,[0]
4,echo,revisit,"void deep_gemm::sm90_fp8_gemm_1d2d_impl<(cute::UMMA::Major)0, (unsigned int)0, (unsigned int)24576, (unsigned int)1536, (unsigned int)1, (unsigned int)128, (unsigned int)192, (unsigned int)128, (unsigned int)128, (unsigned int)128, (unsigned int)128, (unsigned int)4, (unsigned int)128, (unsigned int)256, (unsigned int)1, (bool)0, (unsigned int)132, (deep_gemm::GemmType)0, cutlass::bfloat16_t>(float *, int *, unsigned int, unsigned int, unsigned int, CUtensorMap_st, CUtensorMap_st, CUtensorMap_st, CUtensorMap_st)",10,0.168192,0.017568,10,[0]
4,echo,revisit,void cutlass::Kernel2<cutlass_80_simt_sgemm_64x64_8x5_tn_align1>(T1::Params),10,0.11056,0.011104,10,[0]
4,echo,revisit,nvjet_sm90_tst_256x128_64x4_2x1_v_bz_coopA_NNT,10,0.10768,0.011488,10,[0]
4,echo,revisit,nvjet_sm90_tst_128x128_64x6_1x1_h_bz_NNT,10,0.104257,0.01088,10,[0]
4,echo,revisit,"void deep_gemm::sm90_fp8_gemm_1d2d_impl<(cute::UMMA::Major)0, (unsigned int)0, (unsigned int)1536, (unsigned int)7168, (unsigned int)1, (unsigned int)64, (unsigned int)32, (unsigned int)128, (unsigned int)128, (unsigned int)128, (unsigned int)64, (unsigned int)16, (unsigned int)128, (unsigned int)128, (unsigned int)1, (bool)0, (unsigned int)132, (deep_gemm::GemmType)0, cutlass::bfloat16_t>(float *, int *, unsigned int, unsigned int, unsigned int, CUtensorMap_st, CUtensorMap_st, CUtensorMap_st, CUtensorMap_st)",10,0.10368,0.010752,10,[0]
4,echo,revisit,"void deep_gemm::transpose_fp32<(unsigned int)512, (unsigned int)64, (unsigned int)56, (unsigned int)128, (unsigned int)57>(const float *, float *, unsigned int)",50,0.0976,0.002304,50,[0]
4,echo,revisit,"void at::native::unrolled_elementwise_kernel<at::native::direct_copy_kernel_cuda(at::TensorIteratorBase &)::[lambda() (instance 3)]::operator ()() const::[lambda() (instance 3)]::operator ()() const::[lambda(int) (instance 1)], std::array<char *, (unsigned long)2>, (int)4, TrivialOffsetCalculator<(int)1, unsigned int>, TrivialOffsetCalculator<(int)1, unsigned int>, at::native::memory::LoadWithCast<(int)1>, at::native::memory::StoreWithCast<(int)1>>(int, T1, T2, T4, T5, T6, T7)",50,0.09344,0.00224,50,[0]
4,echo,revisit,"void at::native::vectorized_elementwise_kernel<(int)8, void at::native::compare_scalar_kernel<int>(at::TensorIteratorBase &, at::native::<unnamed>::OpType, T1)::[lambda(int) (instance 1)], std::array<char *, (unsigned long)2>>(int, T2, T3)",70,0.092704,0.001824,70,[0]
4,echo,revisit,"void at::native::unrolled_elementwise_kernel<at::native::direct_copy_kernel_cuda(at::TensorIteratorBase &)::[lambda() (instance 3)]::operator ()() const::[lambda() (instance 7)]::operator ()() const::[lambda(float) (instance 1)], std::array<char *, (unsigned long)2>, (int)4, TrivialOffsetCalculator<(int)1, unsigned int>, TrivialOffsetCalculator<(int)1, unsigned int>, at::native::memory::LoadWithCast<(int)1>, at::native::memory::StoreWithCast<(int)1>>(int, T1, T2, T4, T5, T6, T7)",33,0.089216,0.004096,33,[0]
4,echo,revisit,"void deep_gemm::sm90_fp8_gemm_1d2d_impl<(cute::UMMA::Major)0, (unsigned int)0, (unsigned int)576, (unsigned int)7168, (unsigned int)1, (unsigned int)64, (unsigned int)16, (unsigned int)128, (unsigned int)128, (unsigned int)128, (unsigned int)32, (unsigned int)16, (unsigned int)128, (unsigned int)128, (unsigned int)1, (bool)0, (unsigned int)132, (deep_gemm::GemmType)0, cutlass::bfloat16_t>(float *, int *, unsigned int, unsigned int, unsigned int, CUtensorMap_st, CUtensorMap_st, CUtensorMap_st, CUtensorMap_st)",10,0.089056,0.008992,10,[0]
4,echo,revisit,"void deep_gemm::sm90_fp8_gemm_1d2d_impl<(cute::UMMA::Major)0, (unsigned int)0, (unsigned int)128, (unsigned int)7168, (unsigned int)1, (unsigned int)64, (unsigned int)16, (unsigned int)128, (unsigned int)128, (unsigned int)128, (unsigned int)32, (unsigned int)16, (unsigned int)128, (unsigned int)128, (unsigned int)1, (bool)0, (unsigned int)132, (deep_gemm::GemmType)0, cutlass::bfloat16_t>(float *, int *, unsigned int, unsigned int, unsigned int, CUtensorMap_st, CUtensorMap_st, CUtensorMap_st, CUtensorMap_st)",10,0.088544,0.009376,10,[0]
4,echo,revisit,"void at::native::elementwise_kernel<(int)128, (int)2, void at::native::gpu_kernel_impl_nocast<at::native::<unnamed>::where_kernel_impl(at::TensorIterator &)::[lambda() (instance 1)]::operator ()() const::[lambda() (instance 8)]::operator ()() const::[lambda(bool, long, long) (instance 1)]>(at::TensorIteratorBase &, const T1 &)::[lambda(int) (instance 1)]>(int, T3)",40,0.088064,0.002432,40,[0]
4,echo,revisit,_protect_kernel,10,0.081408,0.009376,10,[0]
4,echo,revisit,"void deep_gemm::sm90_fp8_gemm_1d2d_impl<(cute::UMMA::Major)0, (unsigned int)0, (unsigned int)8192, (unsigned int)1536, (unsigned int)1, (unsigned int)64, (unsigned int)128, (unsigned int)128, (unsigned int)128, (unsigned int)128, (unsigned int)128, (unsigned int)8, (unsigned int)128, (unsigned int)128, (unsigned int)1, (bool)0, (unsigned int)132, (deep_gemm::GemmType)0, cutlass::bfloat16_t>(float *, int *, unsigned int, unsigned int, unsigned int, CUtensorMap_st, CUtensorMap_st, CUtensorMap_st, CUtensorMap_st)",10,0.076064,0.008448,10,[0]
4,echo,revisit,"void at::native::reduce_kernel<(int)512, (int)1, at::native::ReduceOp<float, at::native::MeanOps<float, float, float, float>, unsigned int, float, (int)4, (int)4>>(T3)",10,0.069664,0.007424,10,[0]
4,echo,revisit,"void at::native::index_elementwise_kernel<(int)128, (int)4, void at::native::gpu_index_kernel<void at::native::index_put_kernel_impl<at::native::OpaqueType<(int)4>>(at::TensorIterator &, c10::ArrayRef<long>, c10::ArrayRef<long>)::[lambda(char *, const char *, long) (instance 1)]>(at::TensorIteratorBase &, c10::ArrayRef<long>, c10::ArrayRef<long>, const T1 &, bool)::[lambda(int) (instance 1)]>(long, T3)",20,0.068,0.00352,20,[0]
4,echo,revisit,"void at::native::vectorized_elementwise_kernel<(int)8, at::native::FillFunctor<bool>, std::array<char *, (unsigned long)1>>(int, T2, T3)",10,0.060224,0.006048,10,[0]
4,echo,revisit,"void at::native::vectorized_elementwise_kernel<(int)4, at::native::FillFunctor<int>, std::array<char *, (unsigned long)1>>(int, T2, T3)",76,0.059264,0.001056,76,[0]
4,echo,revisit,"void at::native::vectorized_elementwise_kernel<(int)2, at::native::CUDAFunctor_add<long>, std::array<char *, (unsigned long)3>>(int, T2, T3)",40,0.055904,0.00208,40,[0]
4,echo,revisit,"void at::native::vectorized_elementwise_kernel<(int)2, at::native::BUnaryFunctor<long, long, long, at::native::binary_internal::div_floor_kernel_cuda(at::TensorIteratorBase &)::[lambda() (instance 1)]::operator ()() const::[lambda() (instance 4)]::operator ()() const::[lambda(long, long) (instance 1)]>, std::array<char *, (unsigned long)2>>(int, T2, T3)",20,0.052864,0.002976,20,[0]
4,echo,revisit,"void at::native::vectorized_elementwise_kernel<(int)2, at::native::<unnamed>::launch_clamp_scalar(at::TensorIteratorBase &, c10::Scalar, c10::Scalar, at::native::detail::ClampLimits)::[lambda() (instance 1)]::operator ()() const::[lambda() (instance 4)]::operator ()() const::[lambda(long) (instance 1)], std::array<char *, (unsigned long)2>>(int, T2, T3)",30,0.051904,0.00224,30,[0]
4,echo,revisit,kernel_cutlass_kernel_operatorsdeepseek_v32norm_fusedLocalFusedRMSNorm_object_at__tensorptrbf16gmemalign128oi64716871681_tensorptrbf16gmemalign128oi64716871681_tensorptrf32gmemalign16o716_0,16,0.051072,0.003264,16,[0]
4,echo,revisit,"void at::native::elementwise_kernel<(int)128, (int)2, void at::native::gpu_kernel_impl_nocast<at::native::<unnamed>::where_kernel_impl(at::TensorIterator &)::[lambda() (instance 1)]::operator ()() const::[lambda() (instance 7)]::operator ()() const::[lambda(bool, int, int) (instance 1)]>(at::TensorIteratorBase &, const T1 &)::[lambda(int) (instance 1)]>(int, T3)",20,0.048128,0.002496,20,[0]
4,echo,revisit,"void flashinfer::activation::act_and_mul_kernel<__nv_bfloat16, &silu>(T1 *, const T1 *, int)",10,0.047968,0.00496,10,[0]
4,echo,revisit,"void at::native::vectorized_elementwise_kernel<(int)2, at::native::BUnaryFunctor<long, long, long, at::native::remainder_kernel_cuda(at::TensorIteratorBase &)::[lambda() (instance 1)]::operator ()() const::[lambda() (instance 4)]::operator ()() const::[lambda(long, long) (instance 1)]>, std::array<char *, (unsigned long)2>>(int, T2, T3)",20,0.046016,0.002656,20,[0]
4,echo,revisit,"void at::native::vectorized_elementwise_kernel<(int)2, at::native::FillFunctor<long>, std::array<char *, (unsigned long)1>>(int, T2, T3)",55,0.042208,0.000928,55,[0]
4,echo,revisit,_cuda_graph_allocator_free_kernel,10,0.0384,0.004,10,[0]
4,echo,revisit,"void deep_gemm::transpose_fp32<(unsigned int)512, (unsigned int)64, (unsigned int)144, (unsigned int)128, (unsigned int)145>(const float *, float *, unsigned int)",10,0.03792,0.003872,10,[0]
4,echo,revisit,"void at::native::vectorized_elementwise_kernel<(int)8, at::native::BinaryFunctor<bool, bool, bool, at::native::BitwiseAndFunctor<bool>>, std::array<char *, (unsigned long)3>>(int, T2, T3)",30,0.036864,0.001312,30,[0]
4,echo,revisit,"void deep_gemm::transpose_fp32<(unsigned int)512, (unsigned int)64, (unsigned int)128, (unsigned int)128, (unsigned int)129>(const float *, float *, unsigned int)",10,0.035392,0.003584,10,[0]
4,echo,revisit,"void cublasLt::splitKreduce_kernel<(int)32, (int)16, int, float, float, float, float, (bool)0, float, float, float, (bool)1, (bool)0, (bool)0, (bool)0>(cublasLt::cublasSplitKParams<T6>, const T4 *, const T10 *, T9 *, T5 *, const T6 *, const T6 *, const T11 *, const T4 *, T11 *, void *, long, T6 *, int *, T6 *, T6 *, const T6 *, const T6 *, const T6 *, const T6 *, const T6 *)",10,0.032928,0.003328,10,[0]
4,echo,revisit,"void at::native::vectorized_elementwise_kernel<(int)2, at::native::CUDAFunctorOnSelf_add<long>, std::array<char *, (unsigned long)2>>(int, T2, T3)",20,0.03184,0.00176,20,[0]
4,echo,revisit,_cuda_graph_allocator_rebuild_stack_kernel,10,0.031808,0.003392,10,[0]
4,echo,revisit,quantize_kernel,20,0.028928,0.001728,20,[0]
4,echo,revisit,"void at::native::<unnamed>::vectorized_layer_norm_kernel<float, float, (bool)0>(int, T2, const T1 *, const T1 *, const T1 *, T2 *, T2 *, T1 *)",10,0.028704,0.003072,10,[0]
4,echo,revisit,"void deep_gemm::transpose_fp32<(unsigned int)512, (unsigned int)64, (unsigned int)12, (unsigned int)128, (unsigned int)13>(const float *, float *, unsigned int)",20,0.028416,0.001504,20,[0]
4,echo,revisit,"void at::native::vectorized_elementwise_kernel<(int)2, at::native::AUnaryFunctor<long, long, long, at::native::binary_internal::MulFunctor<long>>, std::array<char *, (unsigned long)2>>(int, T2, T3)",20,0.02816,0.001664,20,[0]
4,echo,revisit,"void at_cuda_detail::cub::detail::radix_sort::DeviceRadixSortHistogramKernel<at_cuda_detail::cub::detail::radix::policy_hub<int, at::cuda::cub::detail::OpaqueType<(int)8>, unsigned long long>::Policy1000, (at_cuda_detail::cub::SortOrder)0, int, unsigned long long, at_cuda_detail::cub::detail::identity_decomposer_t>(T4 *, const T3 *, T4, int, int, T5)",10,0.027936,0.002848,10,[0]
4,echo,revisit,"void flashinfer::BatchQKApplyRotaryPosIdsCosSinCacheHeadParallelismKernel<(bool)1, (unsigned int)64, (unsigned int)8, (unsigned int)8, __nv_bfloat16, long>(T5 *, T5 *, T5 *, T5 *, float *, T6 *, unsigned int, unsigned int, unsigned int, unsigned int, unsigned long, unsigned long, unsigned long, unsigned long, unsigned long, unsigned long, unsigned long, unsigned long)",10,0.027264,0.002848,10,[0]
4,echo,revisit,"void flashinfer::BatchQKApplyRotaryPosIdsCosSinCacheHeadParallelismKernel<(bool)0, (unsigned int)128, (unsigned int)8, (unsigned int)16, __nv_bfloat16, long>(T5 *, T5 *, T5 *, T5 *, float *, T6 *, unsigned int, unsigned int, unsigned int, unsigned int, unsigned long, unsigned long, unsigned long, unsigned long, unsigned long, unsigned long, unsigned long, unsigned long)",10,0.023296,0.002368,10,[0]
4,echo,revisit,"void at::native::vectorized_elementwise_kernel<(int)2, at::native::<unnamed>::where_kernel_impl(at::TensorIterator &)::[lambda() (instance 1)]::operator ()() const::[lambda() (instance 8)]::operator ()() const::[lambda(bool, long, long) (instance 1)], std::array<char *, (unsigned long)4>>(int, T2, T3)",10,0.023232,0.002432,10,[0]
4,echo,revisit,"void at::native::elementwise_kernel<(int)128, (int)4, void at::native::gpu_kernel_impl_nocast<at::native::direct_copy_kernel_cuda(at::TensorIteratorBase &)::[lambda() (instance 3)]::operator ()() const::[lambda() (instance 12)]::operator ()() const::[lambda(c10::BFloat16) (instance 1)]>(at::TensorIteratorBase &, const T1 &)::[lambda(int) (instance 1)]>(int, T3)",10,0.022912,0.002368,10,[0]
4,echo,revisit,"void <unnamed>::elementwise_kernel_with_index<int, at::native::arange_cuda_out(const c10::Scalar &, const c10::Scalar &, const c10::Scalar &, at::Tensor &)::[lambda() (instance 1)]::operator ()() const::[lambda() (instance 4)]::operator ()() const::[lambda(long) (instance 1)]>(T1, T2, function_traits<T2>::result_type *)",20,0.022592,0.001568,20,[0]
4,echo,revisit,kernel_cutlass_kernel_operatorsdeepseek_v32norm_plainLocalPlainRMSNorm_object_at__tensorptrbf16gmemalign128oi64153615361_tensorptrf32gmemalign16o15361_tensorptrbf16gmemalign128oi641536153_0,10,0.021408,0.002272,10,[0]
4,echo,revisit,_cuda_graph_allocator_post_alloc_kernel,10,0.021216,0.002176,10,[0]
4,echo,revisit,"void <unnamed>::elementwise_kernel_with_index<int, at::native::arange_cuda_out(const c10::Scalar &, const c10::Scalar &, const c10::Scalar &, at::Tensor &)::[lambda() (instance 1)]::operator ()() const::[lambda() (instance 3)]::operator ()() const::[lambda(long) (instance 1)]>(T1, T2, function_traits<T2>::result_type *)",20,0.02112,0.00144,20,[0]
4,echo,revisit,"void at::native::vectorized_elementwise_kernel<(int)4, at::native::AUnaryFunctor<float, float, float, at::native::binary_internal::MulFunctor<float>>, std::array<char *, (unsigned long)2>>(int, T2, T3)",20,0.020672,0.00112,20,[0]
4,echo,revisit,"void at::native::<unnamed>::CatArrayBatchedCopy_vectorized<at::native::<unnamed>::OpaqueType<(unsigned int)2>, unsigned int, (int)2, (int)128, (int)1, (int)16, (int)8>(char *, at::native::<unnamed>::CatArrInputTensorMetadata<T1, T2, T4, T5>, at::native::<unnamed>::TensorSizeStride<T2, (unsigned int)4>, int, T2)",10,0.019936,0.002144,10,[0]
4,echo,revisit,"void at::native::unrolled_elementwise_kernel<at::native::CUDAFunctor_add<long>, std::array<char *, (unsigned long)3>, (int)4, TrivialOffsetCalculator<(int)2, unsigned int>, TrivialOffsetCalculator<(int)1, unsigned int>, at::native::memory::LoadWithoutCast, at::native::memory::StoreWithoutCast>(int, T1, T2, T4, T5, T6, T7)",20,0.019936,0.001376,20,[0]
4,echo,revisit,_free_update_kernel,10,0.018528,0.001984,10,[0]
4,echo,revisit,"void at::native::elementwise_kernel<(int)128, (int)2, void at::native::gpu_kernel_impl_nocast<at::native::CUDAFunctor_add<long>>(at::TensorIteratorBase &, const T1 &)::[lambda(int) (instance 1)]>(int, T3)",10,0.017504,0.002048,10,[0]
4,echo,revisit,_mark_host_need_recall_kernel,10,0.017408,0.001856,10,[0]
4,echo,revisit,_cuda_graph_allocator_alloc_kernel,10,0.016512,0.00176,10,[0]
4,echo,revisit,"void at::native::vectorized_elementwise_kernel<(int)4, at::native::cos_kernel_cuda(at::TensorIteratorBase &)::[lambda() (instance 2)]::operator ()() const::[lambda() (instance 2)]::operator ()() const::[lambda(float) (instance 1)], std::array<char *, (unsigned long)2>>(int, T2, T3)",10,0.016096,0.001664,10,[0]
4,echo,revisit,"void at::native::vectorized_elementwise_kernel<(int)4, at::native::sin_kernel_cuda(at::TensorIteratorBase &)::[lambda() (instance 2)]::operator ()() const::[lambda() (instance 2)]::operator ()() const::[lambda(float) (instance 1)], std::array<char *, (unsigned long)2>>(int, T2, T3)",10,0.016032,0.001664,10,[0]
4,echo,revisit,"void at::native::vectorized_elementwise_kernel<(int)4, at::native::FillFunctor<unsigned int>, std::array<char *, (unsigned long)1>>(int, T2, T3)",20,0.014784,0.000896,20,[0]
4,echo,revisit,"void at::native::elementwise_kernel<(int)128, (int)2, void at::native::gpu_kernel_impl_nocast<at::native::BinaryFunctor<float, float, float, at::native::binary_internal::MulFunctor<float>>>(at::TensorIteratorBase &, const T1 &)::[lambda(int) (instance 1)]>(int, T3)",10,0.014528,0.001568,10,[0]
4,echo,revisit,kernel_cutlass_kernel_operatorsdeepseek_v32norm_plainLocalPlainRMSNorm_object_at__tensorptrbf16gmemalign128oi645125121_tensorptrf32gmemalign16o5121_tensorptrbf16gmemalign128oi645125121____0,10,0.0144,0.001504,10,[0]
4,echo,revisit,"void at::native::vectorized_elementwise_kernel<(int)8, at::native::bfloat16_copy_kernel_cuda(at::TensorIteratorBase &)::[lambda(float) (instance 1)], std::array<char *, (unsigned long)2>>(int, T2, T3)",11,0.01392,0.00224,11,[0]
4,echo,revisit,"void at::native::vectorized_elementwise_kernel<(int)4, at::native::<unnamed>::launch_clamp_scalar(at::TensorIteratorBase &, c10::Scalar, c10::Scalar, at::native::detail::ClampLimits)::[lambda() (instance 1)]::operator ()() const::[lambda() (instance 3)]::operator ()() const::[lambda(int) (instance 1)], std::array<char *, (unsigned long)2>>(int, T2, T3)",10,0.01376,0.001504,10,[0]
4,echo,revisit,"void at::native::vectorized_elementwise_kernel<(int)8, at::native::AUnaryFunctor<int, int, bool, at::native::<unnamed>::CompareEqFunctor<int>>, std::array<char *, (unsigned long)2>>(int, T2, T3)",10,0.013184,0.001344,10,[0]
4,echo,revisit,"at::native::<unnamed>::fill_reverse_indices_kernel(long *, int, at::cuda::detail::IntDivider<unsigned int>)",10,0.012896,0.001408,10,[0]
4,echo,revisit,"void at::native::<unnamed>::CatArrayBatchedCopy_vectorized<at::native::<unnamed>::OpaqueType<(unsigned int)4>, unsigned int, (int)2, (int)128, (int)1, (int)16, (int)4>(char *, at::native::<unnamed>::CatArrInputTensorMetadata<T1, T2, T4, T5>, at::native::<unnamed>::TensorSizeStride<T2, (unsigned int)4>, int, T2)",10,0.012544,0.00128,10,[0]
4,echo,revisit,"void at::native::vectorized_elementwise_kernel<(int)8, void at::native::compare_scalar_kernel<long>(at::TensorIteratorBase &, at::native::<unnamed>::OpType, T1)::[lambda(long) (instance 1)], std::array<char *, (unsigned long)2>>(int, T2, T3)",10,0.012288,0.00128,10,[0]
4,echo,revisit,"void at::native::vectorized_elementwise_kernel<(int)4, at::native::<unnamed>::masked_fill_kernel(at::TensorIterator &, const c10::Scalar &)::[lambda() (instance 1)]::operator ()() const::[lambda() (instance 3)]::operator ()() const::[lambda(int, bool) (instance 1)], std::array<char *, (unsigned long)3>>(int, T2, T3)",10,0.012032,0.00128,10,[0]
4,echo,revisit,"void at::native::unrolled_elementwise_kernel<at::native::CUDAFunctorOnSelf_add<int>, std::array<char *, (unsigned long)2>, (int)4, TrivialOffsetCalculator<(int)1, unsigned int>, TrivialOffsetCalculator<(int)1, unsigned int>, at::native::memory::LoadWithoutCast, at::native::memory::StoreWithoutCast>(int, T1, T2, T4, T5, T6, T7)",15,0.011872,0.000864,15,[0]
4,echo,revisit,"void at_cuda_detail::cub::detail::radix_sort::DeviceRadixSortExclusiveSumKernel<at_cuda_detail::cub::detail::radix::policy_hub<int, at::cuda::cub::detail::OpaqueType<(int)8>, unsigned long long>::Policy1000, unsigned long long>(T2 *)",10,0.011552,0.001344,10,[0]
4,echo,revisit,"void at::native::vectorized_elementwise_kernel<(int)4, at::native::BinaryFunctor<float, float, float, at::native::binary_internal::MulFunctor<float>>, std::array<char *, (unsigned long)3>>(int, T2, T3)",10,0.011424,0.001184,10,[0]
4,echo,revisit,kernel_cutlass_kernel_operatorsdeepseek_v32norm_plainLocalPlainRMSNorm_object_at__tensorptrbf16gmemalign128oi64716871681_tensorptrf32gmemalign16o71681_tensorptrbf16gmemalign128oi647168716_0,4,0.011296,0.002976,4,[0]
4,echo,revisit,_cuda_graph_allocator_set_available_kernel,10,0.009888,0.001248,10,[0]
4,echo,revisit,"void at::native::vectorized_elementwise_kernel<(int)4, at::native::CUDAFunctorOnSelf_add<int>, std::array<char *, (unsigned long)2>>(int, T2, T3)",9,0.007904,0.000928,9,[0]
4,echo,revisit,"void at::native::unrolled_elementwise_kernel<at::native::FillFunctor<int>, std::array<char *, (unsigned long)1>, (int)4, TrivialOffsetCalculator<(int)0, unsigned int>, TrivialOffsetCalculator<(int)1, unsigned int>, at::native::memory::LoadWithoutCast, at::native::memory::StoreWithoutCast>(int, T1, T2, T4, T5, T6, T7)",10,0.006592,0.000704,10,[0]
4,echo,revisit,"void at::native::vectorized_elementwise_kernel<(int)2, at::native::CUDAFunctorOnSelf_add<int>, std::array<char *, (unsigned long)2>>(int, T2, T3)",6,0.005568,0.00096,6,[0]
4,echo,revisit,"void at::native::unrolled_elementwise_kernel<at::native::FillFunctor<long>, std::array<char *, (unsigned long)1>, (int)4, TrivialOffsetCalculator<(int)0, unsigned int>, TrivialOffsetCalculator<(int)1, unsigned int>, at::native::memory::LoadWithoutCast, at::native::memory::StoreWithoutCast>(int, T1, T2, T4, T5, T6, T7)",5,0.00336,0.000672,5,[0]
4,echo,revisit,"void at::native::vectorized_elementwise_kernel<(int)2, at::native::FillFunctor<int>, std::array<char *, (unsigned long)1>>(int, T2, T3)",4,0.003072,0.0008,4,[0]
4,echo,revisit,kernel_cutlass_kernel_flashinfernormkernelsrmsnormRMSNormKernel_object_at__tensorptrf32gmemalign128oi64716871681_tensorptrf32gmemalign16o71681_tensorptrf32gmemalign128oi64716871681___True_0,1,0.002816,0.002816,1,[0]
4,echo,revisit,"void at::native::vectorized_elementwise_kernel<(int)4, at::native::CUDAFunctor_add<float>, std::array<char *, (unsigned long)3>>(int, T2, T3)",1,0.00272,0.00272,1,[0]
4,echo,revisit,"void at::native::vectorized_gather_kernel<(int)16, long>(char *, char *, T2 *, int, long, long, long, long, bool)",1,0.0024,0.0024,1,[0]
4,echo,revisit,"void at::native::reduce_kernel<(int)512, (int)1, at::native::ReduceOp<long, at::native::func_wrapper_t<long, at::native::MaxNanFunctor<long>>, unsigned int, long, (int)4, (int)4>>(T3)",1,0.001856,0.001856,1,[0]
4,echo,revisit,"void at::native::reduce_kernel<(int)512, (int)1, at::native::ReduceOp<long, at::native::func_wrapper_t<long, at::native::MinNanFunctor<long>>, unsigned int, long, (int)4, (int)4>>(T3)",1,0.00176,0.00176,1,[0]
