capture_index,scheme,phase,scope_count,api_count,api_ms,api_duration_sum_ms,layer,stage,runtime_api_count,runtime_api_duration_sum_ms,driver_api_count,driver_api_duration_sum_ms,kernel_count,kernel_ms,memcpy_count,memcpy_ms,memset_count,memset_ms
1,hbm,cold,1,0,0.0,0.0,0,candidate/attention_output,0,0.0,0,0.0,0,0.0,0,0.0,0,0.0
1,hbm,cold,1,0,0.0,0.0,0,candidate/attention_projection,0,0.0,0,0.0,0,0.0,0,0.0,0,0.0
1,hbm,cold,1,1,0.006478,0.006478,0,candidate/cache_write,1,0.006478,0,0.0,0,0.0,1,0.001504,0,0.0
1,hbm,cold,1,1,0.050141,0.050141,0,candidate/compute_graph_finish_layer_0_q_128,1,0.050141,0,0.0,13,0.216671,0,0.0,0,0.0
1,hbm,cold,1,3,0.01292,0.01292,0,candidate/compute_graph_projection_inputs,3,0.01292,0,0.0,1,0.000864,1,0.001824,0,0.0
1,hbm,cold,1,1,0.106993,0.106993,0,candidate/compute_graph_projection_layer_0_q_128,1,0.106993,0,0.0,41,0.155871,0,0.0,0,0.0
1,hbm,cold,1,3,0.007068,0.007068,0,candidate/compute_graph_value_expansion,3,0.007068,0,0.0,1,0.010944,0,0.0,0,0.0
1,hbm,cold,1,7,0.27309,0.27309,0,candidate/exact_topk,7,0.27309,0,0.0,2,0.043232,1,0.00112,0,0.0
1,hbm,cold,1,2,0.011402,0.011402,0,candidate/index_cache_write,2,0.011402,0,0.0,0,0.0,2,0.001856,0,0.0
1,hbm,cold,1,5,0.005364,0.005364,0,candidate/indexer_aux,5,0.005364,0,0.0,1,0.286495,0,0.0,0,0.0
1,hbm,cold,1,2,0.011541,0.011541,0,candidate/layer,2,0.011541,0,0.0,0,0.0,2,0.007648,0,0.0
1,hbm,cold,1,4,0.009813,0.009813,0,candidate/offload_prepare,4,0.009813,0,0.0,2,0.001568,0,0.0,0,0.0
1,hbm,cold,1,0,0.0,0.0,0,candidate/offload_source_reservation,0,0.0,0,0.0,0,0.0,0,0.0,0,0.0
1,hbm,cold,1,5,0.008712,0.008712,0,candidate/sparse_mla_aux,5,0.008712,0,0.0,1,0.13584,0,0.0,0,0.0
1,hbm,cold,64,0,0.0,0.0,0,history/attention_output,0,0.0,0,0.0,0,0.0,0,0.0,0,0.0
1,hbm,cold,64,0,0.0,0.0,0,history/attention_projection,0,0.0,0,0.0,0,0.0,0,0.0,0,0.0
1,hbm,cold,64,448,1.761222,1.761222,0,history/cache_write,448,1.761222,0,0.0,128,0.167776,192,0.22832,0,0.0
1,hbm,cold,64,64,2.077597,2.077597,0,history/compute_graph_finish_layer_0_q_1024,64,2.077597,0,0.0,832,63.312283,0,0.0,0,0.0
1,hbm,cold,64,192,0.924099,0.924099,0,history/compute_graph_projection_inputs,192,0.924099,0,0.0,64,0.057248,64,0.403232,0,0.0
1,hbm,cold,64,64,4.814926,4.814926,0,history/compute_graph_projection_layer_0_q_1024,64,4.814926,0,0.0,2624,23.926057,0,0.0,64,0.057408
1,hbm,cold,64,256,0.802556,0.802556,0,history/compute_graph_value_expansion,256,0.802556,0,0.0,64,3.313277,0,0.0,64,0.055968
1,hbm,cold,64,448,148.835293,148.835293,0,history/exact_topk,448,148.835293,0,0.0,128,12.569068,64,0.055104,0,0.0
1,hbm,cold,64,128,0.792395,0.792395,0,history/index_cache_write,128,0.792395,0,0.0,0,0.0,128,0.176511,0,0.0
1,hbm,cold,64,388,8.007567,8.007567,0,history/indexer_aux,388,8.007567,0,0.0,64,36.144185,0,0.0,0,0.0
1,hbm,cold,64,0,0.0,0.0,0,history/layer,0,0.0,0,0.0,0,0.0,0,0.0,0,0.0
1,hbm,cold,64,256,0.567641,0.567641,0,history/offload_prepare,256,0.567641,0,0.0,128,0.106047,0,0.0,0,0.0
1,hbm,cold,64,0,0.0,0.0,0,history/offload_source_reservation,0,0.0,0,0.0,0,0.0,0,0.0,0,0.0
1,hbm,cold,64,324,0.768458,0.768458,0,history/sparse_mla_aux,324,0.768458,0,0.0,64,63.879877,0,0.0,0,0.0
1,hbm,cold,1,0,0.0,0.0,1,candidate/attention_output,0,0.0,0,0.0,0,0.0,0,0.0,0,0.0
1,hbm,cold,1,0,0.0,0.0,1,candidate/attention_projection,0,0.0,0,0.0,0,0.0,0,0.0,0,0.0
1,hbm,cold,1,1,0.007257,0.007257,1,candidate/cache_write,1,0.007257,0,0.0,0,0.0,1,0.001632,0,0.0
1,hbm,cold,1,1,0.044254,0.044254,1,candidate/compute_graph_finish_layer_1_q_128,1,0.044254,0,0.0,13,0.215326,0,0.0,0,0.0
1,hbm,cold,1,4,0.015919,0.015919,1,candidate/compute_graph_projection_inputs,4,0.015919,0,0.0,1,0.000832,2,0.003776,0,0.0
1,hbm,cold,1,1,0.085672,0.085672,1,candidate/compute_graph_projection_layer_1_q_128,1,0.085672,0,0.0,41,0.15731,0,0.0,0,0.0
1,hbm,cold,1,3,0.006078,0.006078,1,candidate/compute_graph_value_expansion,3,0.006078,0,0.0,1,0.011808,0,0.0,0,0.0
1,hbm,cold,1,7,0.287077,0.287077,1,candidate/exact_topk,7,0.287077,0,0.0,2,0.048767,1,0.000768,0,0.0
1,hbm,cold,1,2,0.011379,0.011379,1,candidate/index_cache_write,2,0.011379,0,0.0,0,0.0,2,0.001856,0,0.0
1,hbm,cold,1,5,0.005207,0.005207,1,candidate/indexer_aux,5,0.005207,0,0.0,1,0.292416,0,0.0,0,0.0
1,hbm,cold,1,2,0.013702,0.013702,1,candidate/layer,2,0.013702,0,0.0,0,0.0,2,0.007232,0,0.0
1,hbm,cold,1,4,0.009611,0.009611,1,candidate/offload_prepare,4,0.009611,0,0.0,2,0.001696,0,0.0,0,0.0
1,hbm,cold,1,0,0.0,0.0,1,candidate/offload_source_reservation,0,0.0,0,0.0,0,0.0,0,0.0,0,0.0
1,hbm,cold,1,5,0.008382,0.008382,1,candidate/sparse_mla_aux,5,0.008382,0,0.0,1,0.135712,0,0.0,0,0.0
1,hbm,cold,64,0,0.0,0.0,1,history/attention_output,0,0.0,0,0.0,0,0.0,0,0.0,0,0.0
1,hbm,cold,64,0,0.0,0.0,1,history/attention_projection,0,0.0,0,0.0,0,0.0,0,0.0,0,0.0
1,hbm,cold,64,448,1.625327,1.625327,1,history/cache_write,448,1.625327,0,0.0,128,0.166464,192,0.227872,0,0.0
1,hbm,cold,64,64,1.889691,1.889691,1,history/compute_graph_finish_layer_1_q_1024,64,1.889691,0,0.0,832,63.310173,0,0.0,0,0.0
1,hbm,cold,64,256,1.190415,1.190415,1,history/compute_graph_projection_inputs,256,1.190415,0,0.0,64,0.052928,128,0.98483,0,0.0
1,hbm,cold,64,64,4.58449,4.58449,1,history/compute_graph_projection_layer_1_q_1024,64,4.58449,0,0.0,2624,24.336025,0,0.0,64,0.053664
1,hbm,cold,64,256,0.723664,0.723664,1,history/compute_graph_value_expansion,256,0.723664,0,0.0,64,3.308511,0,0.0,64,0.057024
1,hbm,cold,64,448,164.607247,164.607247,1,history/exact_topk,448,164.607247,0,0.0,128,12.465761,64,0.049024,0,0.0
1,hbm,cold,64,128,0.721985,0.721985,1,history/index_cache_write,128,0.721985,0,0.0,0,0.0,128,0.175552,0,0.0
1,hbm,cold,64,320,0.319061,0.319061,1,history/indexer_aux,320,0.319061,0,0.0,64,36.200447,0,0.0,0,0.0
1,hbm,cold,64,0,0.0,0.0,1,history/layer,0,0.0,0,0.0,0,0.0,0,0.0,0,0.0
1,hbm,cold,64,256,0.585637,0.585637,1,history/offload_prepare,256,0.585637,0,0.0,128,0.106431,0,0.0,0,0.0
1,hbm,cold,64,0,0.0,0.0,1,history/offload_source_reservation,0,0.0,0,0.0,0,0.0,0,0.0,0,0.0
1,hbm,cold,64,320,0.472762,0.472762,1,history/sparse_mla_aux,320,0.472762,0,0.0,64,63.896643,0,0.0,0,0.0
1,hbm,cold,1,0,0.0,0.0,2,candidate/attention_output,0,0.0,0,0.0,0,0.0,0,0.0,0,0.0
1,hbm,cold,1,0,0.0,0.0,2,candidate/attention_projection,0,0.0,0,0.0,0,0.0,0,0.0,0,0.0
1,hbm,cold,1,1,0.006304,0.006304,2,candidate/cache_write,1,0.006304,0,0.0,0,0.0,1,0.001568,0,0.0
1,hbm,cold,1,1,0.041357,0.041357,2,candidate/compute_graph_finish_layer_2_q_128,1,0.041357,0,0.0,13,0.213406,0,0.0,0,0.0
1,hbm,cold,1,4,0.016224,0.016224,2,candidate/compute_graph_projection_inputs,4,0.016224,0,0.0,1,0.0008,2,0.003936,0,0.0
1,hbm,cold,1,1,0.081551,0.081551,2,candidate/compute_graph_projection_layer_2_q_128,1,0.081551,0,0.0,41,0.156351,0,0.0,0,0.0
1,hbm,cold,1,3,0.005133,0.005133,2,candidate/compute_graph_value_expansion,3,0.005133,0,0.0,1,0.010944,0,0.0,0,0.0
1,hbm,cold,1,7,0.305046,0.305046,2,candidate/exact_topk,7,0.305046,0,0.0,2,0.04608,1,0.000736,0,0.0
1,hbm,cold,1,2,0.010991,0.010991,2,candidate/index_cache_write,2,0.010991,0,0.0,0,0.0,2,0.001856,0,0.0
1,hbm,cold,1,5,0.004506,0.004506,2,candidate/indexer_aux,5,0.004506,0,0.0,1,0.291968,0,0.0,0,0.0
1,hbm,cold,1,2,0.013511,0.013511,2,candidate/layer,2,0.013511,0,0.0,0,0.0,2,0.006752,0,0.0
1,hbm,cold,1,4,0.009025,0.009025,2,candidate/offload_prepare,4,0.009025,0,0.0,2,0.001792,0,0.0,0,0.0
1,hbm,cold,1,0,0.0,0.0,2,candidate/offload_source_reservation,0,0.0,0,0.0,0,0.0,0,0.0,0,0.0
1,hbm,cold,1,5,0.007696,0.007696,2,candidate/sparse_mla_aux,5,0.007696,0,0.0,1,0.137055,0,0.0,0,0.0
1,hbm,cold,64,0,0.0,0.0,2,history/attention_output,0,0.0,0,0.0,0,0.0,0,0.0,0,0.0
1,hbm,cold,64,0,0.0,0.0,2,history/attention_projection,0,0.0,0,0.0,0,0.0,0,0.0,0,0.0
1,hbm,cold,64,448,1.581584,1.581584,2,history/cache_write,448,1.581584,0,0.0,128,0.166464,192,0.228128,0,0.0
1,hbm,cold,64,64,1.838895,1.838895,2,history/compute_graph_finish_layer_2_q_1024,64,1.838895,0,0.0,832,63.34396,0,0.0,0,0.0
1,hbm,cold,64,256,1.122864,1.122864,2,history/compute_graph_projection_inputs,256,1.122864,0,0.0,64,0.054399,128,0.987067,0,0.0
1,hbm,cold,64,64,4.402355,4.402355,2,history/compute_graph_projection_layer_2_q_1024,64,4.402355,0,0.0,2624,24.334215,0,0.0,64,0.052735
1,hbm,cold,64,256,0.706198,0.706198,2,history/compute_graph_value_expansion,256,0.706198,0,0.0,64,3.309818,0,0.0,64,0.056352
1,hbm,cold,64,448,167.341245,167.341245,2,history/exact_topk,448,167.341245,0,0.0,128,13.169445,64,0.048384,0,0.0
1,hbm,cold,64,128,0.703831,0.703831,2,history/index_cache_write,128,0.703831,0,0.0,0,0.0,128,0.16944,0,0.0
1,hbm,cold,64,320,0.302129,0.302129,2,history/indexer_aux,320,0.302129,0,0.0,64,36.195035,0,0.0,0,0.0
1,hbm,cold,64,0,0.0,0.0,2,history/layer,0,0.0,0,0.0,0,0.0,0,0.0,0,0.0
1,hbm,cold,64,256,0.575812,0.575812,2,history/offload_prepare,256,0.575812,0,0.0,128,0.10784,0,0.0,0,0.0
1,hbm,cold,64,0,0.0,0.0,2,history/offload_source_reservation,0,0.0,0,0.0,0,0.0,0,0.0,0,0.0
1,hbm,cold,64,320,0.46355,0.46355,2,history/sparse_mla_aux,320,0.46355,0,0.0,64,64.052999,0,0.0,0,0.0
1,hbm,cold,1,0,0.0,0.0,3,candidate/attention_output,0,0.0,0,0.0,0,0.0,0,0.0,0,0.0
1,hbm,cold,1,0,0.0,0.0,3,candidate/attention_projection,0,0.0,0,0.0,0,0.0,0,0.0,0,0.0
1,hbm,cold,1,1,0.006934,0.006934,3,candidate/cache_write,1,0.006934,0,0.0,0,0.0,1,0.00144,0,0.0
1,hbm,cold,1,1,0.040264,0.040264,3,candidate/compute_graph_finish_layer_3_q_128,1,0.040264,0,0.0,13,0.214973,0,0.0,0,0.0
1,hbm,cold,1,3,0.011273,0.011273,3,candidate/compute_graph_projection_inputs,3,0.011273,0,0.0,1,0.000832,1,0.0016,0,0.0
1,hbm,cold,1,1,0.085666,0.085666,3,candidate/compute_graph_projection_layer_3_q_128,1,0.085666,0,0.0,41,0.156672,0,0.0,0,0.0
1,hbm,cold,1,3,0.005361,0.005361,3,candidate/compute_graph_value_expansion,3,0.005361,0,0.0,1,0.010784,0,0.0,0,0.0
1,hbm,cold,1,7,0.308279,0.308279,3,candidate/exact_topk,7,0.308279,0,0.0,2,0.045344,1,0.000736,0,0.0
1,hbm,cold,1,2,0.011129,0.011129,3,candidate/index_cache_write,2,0.011129,0,0.0,0,0.0,2,0.001856,0,0.0
1,hbm,cold,1,5,0.004649,0.004649,3,candidate/indexer_aux,5,0.004649,0,0.0,1,0.291487,0,0.0,0,0.0
1,hbm,cold,1,2,0.010417,0.010417,3,candidate/layer,2,0.010417,0,0.0,0,0.0,2,0.006752,0,0.0
1,hbm,cold,1,4,0.009074,0.009074,3,candidate/offload_prepare,4,0.009074,0,0.0,2,0.001568,0,0.0,0,0.0
1,hbm,cold,1,0,0.0,0.0,3,candidate/offload_source_reservation,0,0.0,0,0.0,0,0.0,0,0.0,0,0.0
1,hbm,cold,1,1,0.00805,0.00805,3,candidate/replay_input_copy,1,0.00805,0,0.0,0,0.0,1,0.002048,0,0.0
1,hbm,cold,1,5,0.007928,0.007928,3,candidate/sparse_mla_aux,5,0.007928,0,0.0,1,0.136032,0,0.0,0,0.0
1,hbm,cold,64,0,0.0,0.0,3,history/attention_output,0,0.0,0,0.0,0,0.0,0,0.0,0,0.0
1,hbm,cold,64,0,0.0,0.0,3,history/attention_projection,0,0.0,0,0.0,0,0.0,0,0.0,0,0.0
1,hbm,cold,64,448,1.591728,1.591728,3,history/cache_write,448,1.591728,0,0.0,128,0.16656,192,0.225951,0,0.0
1,hbm,cold,64,64,1.803863,1.803863,3,history/compute_graph_finish_layer_3_q_1024,64,1.803863,0,0.0,832,63.326957,0,0.0,0,0.0
1,hbm,cold,64,192,0.717956,0.717956,3,history/compute_graph_projection_inputs,192,0.717956,0,0.0,64,0.051392,64,0.387967,0,0.0
1,hbm,cold,64,64,4.331209,4.331209,3,history/compute_graph_projection_layer_3_q_1024,64,4.331209,0,0.0,2624,23.904505,0,0.0,64,0.05216
1,hbm,cold,64,256,0.726339,0.726339,3,history/compute_graph_value_expansion,256,0.726339,0,0.0,64,3.31302,0,0.0,64,0.056256
1,hbm,cold,64,448,167.067987,167.067987,3,history/exact_topk,448,167.067987,0,0.0,128,12.565738,64,0.049344,0,0.0
1,hbm,cold,64,128,0.729132,0.729132,3,history/index_cache_write,128,0.729132,0,0.0,0,0.0,128,0.178943,0,0.0
1,hbm,cold,64,320,0.303515,0.303515,3,history/indexer_aux,320,0.303515,0,0.0,64,36.228124,0,0.0,0,0.0
1,hbm,cold,64,0,0.0,0.0,3,history/layer,0,0.0,0,0.0,0,0.0,0,0.0,0,0.0
1,hbm,cold,64,256,0.58211,0.58211,3,history/offload_prepare,256,0.58211,0,0.0,128,0.10592,0,0.0,0,0.0
1,hbm,cold,64,0,0.0,0.0,3,history/offload_source_reservation,0,0.0,0,0.0,0,0.0,0,0.0,0,0.0
1,hbm,cold,64,64,0.46004,0.46004,3,history/replay_input_copy,64,0.46004,0,0.0,0,0.0,64,0.502208,0,0.0
1,hbm,cold,64,322,0.676023,0.676023,3,history/sparse_mla_aux,322,0.676023,0,0.0,64,63.935433,0,0.0,0,0.0
1,hbm,cold,1,0,0.0,0.0,4,candidate/attention_output,0,0.0,0,0.0,0,0.0,0,0.0,0,0.0
1,hbm,cold,1,0,0.0,0.0,4,candidate/attention_projection,0,0.0,0,0.0,0,0.0,0,0.0,0,0.0
1,hbm,cold,1,1,0.006025,0.006025,4,candidate/cache_write,1,0.006025,0,0.0,0,0.0,1,0.001568,0,0.0
1,hbm,cold,1,1,0.040887,0.040887,4,candidate/compute_graph_finish_layer_4_q_128,1,0.040887,0,0.0,13,0.214172,0,0.0,0,0.0
1,hbm,cold,1,4,0.015714,0.015714,4,candidate/compute_graph_projection_inputs,4,0.015714,0,0.0,1,0.000832,2,0.00336,0,0.0
1,hbm,cold,1,1,0.079887,0.079887,4,candidate/compute_graph_projection_layer_4_q_128,1,0.079887,0,0.0,41,0.156063,0,0.0,0,0.0
1,hbm,cold,1,3,0.005204,0.005204,4,candidate/compute_graph_value_expansion,3,0.005204,0,0.0,1,0.010912,0,0.0,0,0.0
1,hbm,cold,1,7,0.306298,0.306298,4,candidate/exact_topk,7,0.306298,0,0.0,2,0.049184,1,0.000736,0,0.0
1,hbm,cold,1,2,0.010235,0.010235,4,candidate/index_cache_write,2,0.010235,0,0.0,0,0.0,2,0.001824,0,0.0
1,hbm,cold,1,5,0.004763,0.004763,4,candidate/indexer_aux,5,0.004763,0,0.0,1,0.286303,0,0.0,0,0.0
1,hbm,cold,1,2,0.010065,0.010065,4,candidate/layer,2,0.010065,0,0.0,0,0.0,2,0.007008,0,0.0
1,hbm,cold,1,4,0.00905,0.00905,4,candidate/offload_prepare,4,0.00905,0,0.0,2,0.001472,0,0.0,0,0.0
1,hbm,cold,1,0,0.0,0.0,4,candidate/offload_source_reservation,0,0.0,0,0.0,0,0.0,0,0.0,0,0.0
1,hbm,cold,1,2,0.012379,0.012379,4,candidate/replay_input_copy,2,0.012379,0,0.0,0,0.0,2,0.004352,0,0.0
1,hbm,cold,1,5,0.007222,0.007222,4,candidate/sparse_mla_aux,5,0.007222,0,0.0,1,0.135136,0,0.0,0,0.0
1,hbm,cold,64,0,0.0,0.0,4,history/attention_output,0,0.0,0,0.0,0,0.0,0,0.0,0,0.0
1,hbm,cold,64,0,0.0,0.0,4,history/attention_projection,0,0.0,0,0.0,0,0.0,0,0.0,0,0.0
1,hbm,cold,64,448,1.593167,1.593167,4,history/cache_write,448,1.593167,0,0.0,128,0.167615,192,0.226751,0,0.0
1,hbm,cold,64,64,1.842769,1.842769,4,history/compute_graph_finish_layer_4_q_1024,64,1.842769,0,0.0,832,63.335164,0,0.0,0,0.0
1,hbm,cold,64,256,0.9864,0.9864,4,history/compute_graph_projection_inputs,256,0.9864,0,0.0,64,0.054272,128,1.024127,0,0.0
1,hbm,cold,64,64,4.328675,4.328675,4,history/compute_graph_projection_layer_4_q_1024,64,4.328675,0,0.0,2624,24.311158,0,0.0,64,0.053024
1,hbm,cold,64,256,0.748436,0.748436,4,history/compute_graph_value_expansion,256,0.748436,0,0.0,64,3.334363,0,0.0,64,0.055456
1,hbm,cold,64,448,166.461347,166.461347,4,history/exact_topk,448,166.461347,0,0.0,128,12.44186,64,0.048096,0,0.0
1,hbm,cold,64,128,0.708562,0.708562,4,history/index_cache_write,128,0.708562,0,0.0,0,0.0,128,0.177502,0,0.0
1,hbm,cold,64,320,0.302475,0.302475,4,history/indexer_aux,320,0.302475,0,0.0,64,36.083234,0,0.0,0,0.0
1,hbm,cold,64,0,0.0,0.0,4,history/layer,0,0.0,0,0.0,0,0.0,0,0.0,0,0.0
1,hbm,cold,64,256,0.569938,0.569938,4,history/offload_prepare,256,0.569938,0,0.0,128,0.106048,0,0.0,0,0.0
1,hbm,cold,64,0,0.0,0.0,4,history/offload_source_reservation,0,0.0,0,0.0,0,0.0,0,0.0,0,0.0
1,hbm,cold,64,128,0.771385,0.771385,4,history/replay_input_copy,128,0.771385,0,0.0,0,0.0,128,1.018303,0,0.0
1,hbm,cold,64,328,1.486273,1.486273,4,history/sparse_mla_aux,328,1.486273,0,0.0,64,63.942952,0,0.0,0,0.0
1,hbm,cold,1,0,0.0,0.0,5,candidate/attention_output,0,0.0,0,0.0,0,0.0,0,0.0,0,0.0
1,hbm,cold,1,0,0.0,0.0,5,candidate/attention_projection,0,0.0,0,0.0,0,0.0,0,0.0,0,0.0
1,hbm,cold,1,1,0.006464,0.006464,5,candidate/cache_write,1,0.006464,0,0.0,0,0.0,1,0.001536,0,0.0
1,hbm,cold,1,1,0.038044,0.038044,5,candidate/compute_graph_finish_layer_5_q_128,1,0.038044,0,0.0,13,0.213408,0,0.0,0,0.0
1,hbm,cold,1,4,0.016452,0.016452,5,candidate/compute_graph_projection_inputs,4,0.016452,0,0.0,1,0.000864,2,0.003456,0,0.0
1,hbm,cold,1,1,0.074005,0.074005,5,candidate/compute_graph_projection_layer_5_q_128,1,0.074005,0,0.0,41,0.157056,0,0.0,0,0.0
1,hbm,cold,1,3,0.005138,0.005138,5,candidate/compute_graph_value_expansion,3,0.005138,0,0.0,1,0.010912,0,0.0,0,0.0
1,hbm,cold,1,7,0.3065,0.3065,5,candidate/exact_topk,7,0.3065,0,0.0,2,0.045663,1,0.000736,0,0.0
1,hbm,cold,1,2,0.010997,0.010997,5,candidate/index_cache_write,2,0.010997,0,0.0,0,0.0,2,0.001856,0,0.0
1,hbm,cold,1,5,0.004461,0.004461,5,candidate/indexer_aux,5,0.004461,0,0.0,1,0.28736,0,0.0,0,0.0
1,hbm,cold,1,2,0.01036,0.01036,5,candidate/layer,2,0.01036,0,0.0,0,0.0,2,0.00672,0,0.0
1,hbm,cold,1,4,0.008523,0.008523,5,candidate/offload_prepare,4,0.008523,0,0.0,2,0.00144,0,0.0,0,0.0
1,hbm,cold,1,0,0.0,0.0,5,candidate/offload_source_reservation,0,0.0,0,0.0,0,0.0,0,0.0,0,0.0
1,hbm,cold,1,2,0.012528,0.012528,5,candidate/replay_input_copy,2,0.012528,0,0.0,0,0.0,2,0.004192,0,0.0
1,hbm,cold,1,5,0.007232,0.007232,5,candidate/sparse_mla_aux,5,0.007232,0,0.0,1,0.136736,0,0.0,0,0.0
1,hbm,cold,64,0,0.0,0.0,5,history/attention_output,0,0.0,0,0.0,0,0.0,0,0.0,0,0.0
1,hbm,cold,64,0,0.0,0.0,5,history/attention_projection,0,0.0,0,0.0,0,0.0,0,0.0,0,0.0
1,hbm,cold,64,448,1.641937,1.641937,5,history/cache_write,448,1.641937,0,0.0,128,0.165694,192,0.227232,0,0.0
1,hbm,cold,64,64,1.821872,1.821872,5,history/compute_graph_finish_layer_5_q_1024,64,1.821872,0,0.0,832,63.339626,0,0.0,0,0.0
1,hbm,cold,64,256,0.964298,0.964298,5,history/compute_graph_projection_inputs,256,0.964298,0,0.0,64,0.051712,128,1.021566,0,0.0
1,hbm,cold,64,64,4.392043,4.392043,5,history/compute_graph_projection_layer_5_q_1024,64,4.392043,0,0.0,2624,24.379177,0,0.0,64,0.052928
1,hbm,cold,64,256,0.71958,0.71958,5,history/compute_graph_value_expansion,256,0.71958,0,0.0,64,3.305015,0,0.0,64,0.054848
1,hbm,cold,64,448,165.744165,165.744165,5,history/exact_topk,448,165.744165,0,0.0,128,13.170631,64,0.04832,0,0.0
1,hbm,cold,64,128,0.700627,0.700627,5,history/index_cache_write,128,0.700627,0,0.0,0,0.0,128,0.171264,0,0.0
1,hbm,cold,64,320,0.304156,0.304156,5,history/indexer_aux,320,0.304156,0,0.0,64,36.279033,0,0.0,0,0.0
1,hbm,cold,64,0,0.0,0.0,5,history/layer,0,0.0,0,0.0,0,0.0,0,0.0,0,0.0
1,hbm,cold,64,256,0.572099,0.572099,5,history/offload_prepare,256,0.572099,0,0.0,128,0.106752,0,0.0,0,0.0
1,hbm,cold,64,0,0.0,0.0,5,history/offload_source_reservation,0,0.0,0,0.0,0,0.0,0,0.0,0,0.0
1,hbm,cold,64,128,0.784201,0.784201,5,history/replay_input_copy,128,0.784201,0,0.0,0,0.0,128,1.01824,0,0.0
1,hbm,cold,64,320,0.464605,0.464605,5,history/sparse_mla_aux,320,0.464605,0,0.0,64,64.118635,0,0.0,0,0.0
1,hbm,cold,1,0,0.0,0.0,6,candidate/attention_output,0,0.0,0,0.0,0,0.0,0,0.0,0,0.0
1,hbm,cold,1,0,0.0,0.0,6,candidate/attention_projection,0,0.0,0,0.0,0,0.0,0,0.0,0,0.0
1,hbm,cold,1,1,0.00642,0.00642,6,candidate/cache_write,1,0.00642,0,0.0,0,0.0,1,0.001568,0,0.0
1,hbm,cold,1,1,0.0386,0.0386,6,candidate/compute_graph_finish_layer_6_q_128,1,0.0386,0,0.0,13,0.215006,0,0.0,0,0.0
1,hbm,cold,1,3,0.011585,0.011585,6,candidate/compute_graph_projection_inputs,3,0.011585,0,0.0,1,0.0008,1,0.001664,0,0.0
1,hbm,cold,1,1,0.076001,0.076001,6,candidate/compute_graph_projection_layer_6_q_128,1,0.076001,0,0.0,41,0.155966,0,0.0,0,0.0
1,hbm,cold,1,3,0.005268,0.005268,6,candidate/compute_graph_value_expansion,3,0.005268,0,0.0,1,0.01104,0,0.0,0,0.0
1,hbm,cold,1,7,0.311604,0.311604,6,candidate/exact_topk,7,0.311604,0,0.0,2,0.04912,1,0.000736,0,0.0
1,hbm,cold,1,2,0.011162,0.011162,6,candidate/index_cache_write,2,0.011162,0,0.0,0,0.0,2,0.001856,0,0.0
1,hbm,cold,1,5,0.00467,0.00467,6,candidate/indexer_aux,5,0.00467,0,0.0,1,0.292224,0,0.0,0,0.0
1,hbm,cold,1,2,0.010174,0.010174,6,candidate/layer,2,0.010174,0,0.0,0,0.0,2,0.007936,0,0.0
1,hbm,cold,1,4,0.008978,0.008978,6,candidate/offload_prepare,4,0.008978,0,0.0,2,0.00144,0,0.0,0,0.0
1,hbm,cold,1,0,0.0,0.0,6,candidate/offload_source_reservation,0,0.0,0,0.0,0,0.0,0,0.0,0,0.0
1,hbm,cold,1,1,0.0072,0.0072,6,candidate/replay_input_copy,1,0.0072,0,0.0,0,0.0,1,0.00208,0,0.0
1,hbm,cold,1,5,0.007594,0.007594,6,candidate/sparse_mla_aux,5,0.007594,0,0.0,1,0.135519,0,0.0,0,0.0
1,hbm,cold,64,0,0.0,0.0,6,history/attention_output,0,0.0,0,0.0,0,0.0,0,0.0,0,0.0
1,hbm,cold,64,0,0.0,0.0,6,history/attention_projection,0,0.0,0,0.0,0,0.0,0,0.0,0,0.0
1,hbm,cold,64,448,1.615726,1.615726,6,history/cache_write,448,1.615726,0,0.0,128,0.167135,192,0.225823,0,0.0
1,hbm,cold,64,64,1.779326,1.779326,6,history/compute_graph_finish_layer_6_q_1024,64,1.779326,0,0.0,832,63.347395,0,0.0,0,0.0
1,hbm,cold,64,192,0.691934,0.691934,6,history/compute_graph_projection_inputs,192,0.691934,0,0.0,64,0.052288,64,0.39363,0,0.0
1,hbm,cold,64,64,4.23983,4.23983,6,history/compute_graph_projection_layer_6_q_1024,64,4.23983,0,0.0,2624,23.899375,0,0.0,64,0.053664
1,hbm,cold,64,256,0.712376,0.712376,6,history/compute_graph_value_expansion,256,0.712376,0,0.0,64,3.307256,0,0.0,64,0.055488
1,hbm,cold,64,448,167.006591,167.006591,6,history/exact_topk,448,167.006591,0,0.0,128,12.57463,64,0.048128,0,0.0
1,hbm,cold,64,128,0.717267,0.717267,6,history/index_cache_write,128,0.717267,0,0.0,0,0.0,128,0.176896,0,0.0
1,hbm,cold,64,320,0.302584,0.302584,6,history/indexer_aux,320,0.302584,0,0.0,64,36.177626,0,0.0,0,0.0
1,hbm,cold,64,0,0.0,0.0,6,history/layer,0,0.0,0,0.0,0,0.0,0,0.0,0,0.0
1,hbm,cold,64,256,0.570567,0.570567,6,history/offload_prepare,256,0.570567,0,0.0,128,0.105376,0,0.0,0,0.0
1,hbm,cold,64,0,0.0,0.0,6,history/offload_source_reservation,0,0.0,0,0.0,0,0.0,0,0.0,0,0.0
1,hbm,cold,64,64,0.44501,0.44501,6,history/replay_input_copy,64,0.44501,0,0.0,0,0.0,64,0.503232,0,0.0
1,hbm,cold,64,320,0.458169,0.458169,6,history/sparse_mla_aux,320,0.458169,0,0.0,64,64.025645,0,0.0,0,0.0
1,hbm,cold,1,0,0.0,0.0,7,candidate/attention_output,0,0.0,0,0.0,0,0.0,0,0.0,0,0.0
1,hbm,cold,1,0,0.0,0.0,7,candidate/attention_projection,0,0.0,0,0.0,0,0.0,0,0.0,0,0.0
1,hbm,cold,1,1,0.006678,0.006678,7,candidate/cache_write,1,0.006678,0,0.0,0,0.0,1,0.0016,0,0.0
1,hbm,cold,1,1,0.038512,0.038512,7,candidate/compute_graph_finish_layer_7_q_128,1,0.038512,0,0.0,13,0.213789,0,0.0,0,0.0
1,hbm,cold,1,4,0.01563,0.01563,7,candidate/compute_graph_projection_inputs,4,0.01563,0,0.0,1,0.000832,2,0.003648,0,0.0
1,hbm,cold,1,1,0.078583,0.078583,7,candidate/compute_graph_projection_layer_7_q_128,1,0.078583,0,0.0,41,0.157984,0,0.0,0,0.0
1,hbm,cold,1,3,0.005413,0.005413,7,candidate/compute_graph_value_expansion,3,0.005413,0,0.0,1,0.010976,0,0.0,0,0.0
1,hbm,cold,1,7,0.322586,0.322586,7,candidate/exact_topk,7,0.322586,0,0.0,2,0.050016,1,0.000736,0,0.0
1,hbm,cold,1,2,0.010683,0.010683,7,candidate/index_cache_write,2,0.010683,0,0.0,0,0.0,2,0.001856,0,0.0
1,hbm,cold,1,5,0.004582,0.004582,7,candidate/indexer_aux,5,0.004582,0,0.0,1,0.293119,0,0.0,0,0.0
1,hbm,cold,1,2,0.009965,0.009965,7,candidate/layer,2,0.009965,0,0.0,0,0.0,2,0.006528,0,0.0
1,hbm,cold,1,4,0.008494,0.008494,7,candidate/offload_prepare,4,0.008494,0,0.0,2,0.001696,0,0.0,0,0.0
1,hbm,cold,1,0,0.0,0.0,7,candidate/offload_source_reservation,0,0.0,0,0.0,0,0.0,0,0.0,0,0.0
1,hbm,cold,1,2,0.012451,0.012451,7,candidate/replay_input_copy,2,0.012451,0,0.0,0,0.0,2,0.004192,0,0.0
1,hbm,cold,1,5,0.007709,0.007709,7,candidate/sparse_mla_aux,5,0.007709,0,0.0,1,0.135488,0,0.0,0,0.0
1,hbm,cold,64,0,0.0,0.0,7,history/attention_output,0,0.0,0,0.0,0,0.0,0,0.0,0,0.0
1,hbm,cold,64,0,0.0,0.0,7,history/attention_projection,0,0.0,0,0.0,0,0.0,0,0.0,0,0.0
1,hbm,cold,64,448,1.562409,1.562409,7,history/cache_write,448,1.562409,0,0.0,128,0.166336,192,0.229504,0,0.0
1,hbm,cold,64,64,1.758321,1.758321,7,history/compute_graph_finish_layer_7_q_1024,64,1.758321,0,0.0,832,63.386304,0,0.0,0,0.0
1,hbm,cold,64,256,0.985349,0.985349,7,history/compute_graph_projection_inputs,256,0.985349,0,0.0,64,0.051552,128,1.019452,0,0.0
1,hbm,cold,64,64,4.252546,4.252546,7,history/compute_graph_projection_layer_7_q_1024,64,4.252546,0,0.0,2624,24.305995,0,0.0,64,0.054432
1,hbm,cold,64,256,0.716749,0.716749,7,history/compute_graph_value_expansion,256,0.716749,0,0.0,64,3.323545,0,0.0,64,0.056448
1,hbm,cold,64,448,167.532807,167.532807,7,history/exact_topk,448,167.532807,0,0.0,128,12.463787,64,0.048,0,0.0
1,hbm,cold,64,128,0.698073,0.698073,7,history/index_cache_write,128,0.698073,0,0.0,0,0.0,128,0.179487,0,0.0
1,hbm,cold,64,320,0.306374,0.306374,7,history/indexer_aux,320,0.306374,0,0.0,64,36.223803,0,0.0,0,0.0
1,hbm,cold,64,0,0.0,0.0,7,history/layer,0,0.0,0,0.0,0,0.0,0,0.0,0,0.0
1,hbm,cold,64,256,0.563371,0.563371,7,history/offload_prepare,256,0.563371,0,0.0,128,0.106207,0,0.0,0,0.0
1,hbm,cold,64,0,0.0,0.0,7,history/offload_source_reservation,0,0.0,0,0.0,0,0.0,0,0.0,0,0.0
1,hbm,cold,64,128,0.744884,0.744884,7,history/replay_input_copy,128,0.744884,0,0.0,0,0.0,128,1.022558,0,0.0
1,hbm,cold,64,320,0.552383,0.552383,7,history/sparse_mla_aux,320,0.552383,0,0.0,64,64.012041,0,0.0,0,0.0
1,hbm,cold,1,0,0.0,0.0,8,candidate/attention_output,0,0.0,0,0.0,0,0.0,0,0.0,0,0.0
1,hbm,cold,1,0,0.0,0.0,8,candidate/attention_projection,0,0.0,0,0.0,0,0.0,0,0.0,0,0.0
1,hbm,cold,1,1,0.005897,0.005897,8,candidate/cache_write,1,0.005897,0,0.0,0,0.0,1,0.001568,0,0.0
1,hbm,cold,1,1,0.038035,0.038035,8,candidate/compute_graph_finish_layer_8_q_128,1,0.038035,0,0.0,13,0.216096,0,0.0,0,0.0
1,hbm,cold,1,4,0.015075,0.015075,8,candidate/compute_graph_projection_inputs,4,0.015075,0,0.0,1,0.000832,2,0.003072,0,0.0
1,hbm,cold,1,1,0.075691,0.075691,8,candidate/compute_graph_projection_layer_8_q_128,1,0.075691,0,0.0,41,0.155296,0,0.0,0,0.0
1,hbm,cold,1,3,0.005298,0.005298,8,candidate/compute_graph_value_expansion,3,0.005298,0,0.0,1,0.011392,0,0.0,0,0.0
1,hbm,cold,1,7,0.312457,0.312457,8,candidate/exact_topk,7,0.312457,0,0.0,2,0.046784,1,0.000736,0,0.0
1,hbm,cold,1,2,0.010223,0.010223,8,candidate/index_cache_write,2,0.010223,0,0.0,0,0.0,2,0.001856,0,0.0
1,hbm,cold,1,5,0.004701,0.004701,8,candidate/indexer_aux,5,0.004701,0,0.0,1,0.291071,0,0.0,0,0.0
1,hbm,cold,1,2,0.010203,0.010203,8,candidate/layer,2,0.010203,0,0.0,0,0.0,2,0.006848,0,0.0
1,hbm,cold,1,4,0.009128,0.009128,8,candidate/offload_prepare,4,0.009128,0,0.0,2,0.0016,0,0.0,0,0.0
1,hbm,cold,1,0,0.0,0.0,8,candidate/offload_source_reservation,0,0.0,0,0.0,0,0.0,0,0.0,0,0.0
1,hbm,cold,1,2,0.012374,0.012374,8,candidate/replay_input_copy,2,0.012374,0,0.0,0,0.0,2,0.004192,0,0.0
1,hbm,cold,1,5,0.007431,0.007431,8,candidate/sparse_mla_aux,5,0.007431,0,0.0,1,0.137408,0,0.0,0,0.0
1,hbm,cold,64,0,0.0,0.0,8,history/attention_output,0,0.0,0,0.0,0,0.0,0,0.0,0,0.0
1,hbm,cold,64,0,0.0,0.0,8,history/attention_projection,0,0.0,0,0.0,0,0.0,0,0.0,0,0.0
1,hbm,cold,64,448,1.575149,1.575149,8,history/cache_write,448,1.575149,0,0.0,128,0.166623,192,0.226976,0,0.0
1,hbm,cold,64,64,1.772087,1.772087,8,history/compute_graph_finish_layer_8_q_1024,64,1.772087,0,0.0,832,63.436741,0,0.0,0,0.0
1,hbm,cold,64,256,0.996582,0.996582,8,history/compute_graph_projection_inputs,256,0.996582,0,0.0,64,0.052832,128,1.015326,0,0.0
1,hbm,cold,64,64,4.381577,4.381577,8,history/compute_graph_projection_layer_8_q_1024,64,4.381577,0,0.0,2624,24.324909,0,0.0,64,0.053696
1,hbm,cold,64,256,0.701024,0.701024,8,history/compute_graph_value_expansion,256,0.701024,0,0.0,64,3.309403,0,0.0,64,0.05616
1,hbm,cold,64,448,166.469446,166.469446,8,history/exact_topk,448,166.469446,0,0.0,128,13.179626,64,0.048096,0,0.0
1,hbm,cold,64,128,0.692661,0.692661,8,history/index_cache_write,128,0.692661,0,0.0,0,0.0,128,0.174496,0,0.0
1,hbm,cold,64,320,0.299195,0.299195,8,history/indexer_aux,320,0.299195,0,0.0,64,36.219962,0,0.0,0,0.0
1,hbm,cold,64,0,0.0,0.0,8,history/layer,0,0.0,0,0.0,0,0.0,0,0.0,0,0.0
1,hbm,cold,64,256,0.574958,0.574958,8,history/offload_prepare,256,0.574958,0,0.0,128,0.106848,0,0.0,0,0.0
1,hbm,cold,64,0,0.0,0.0,8,history/offload_source_reservation,0,0.0,0,0.0,0,0.0,0,0.0,0,0.0
1,hbm,cold,64,128,0.748755,0.748755,8,history/replay_input_copy,128,0.748755,0,0.0,0,0.0,128,1.021309,0,0.0
1,hbm,cold,64,320,0.461081,0.461081,8,history/sparse_mla_aux,320,0.461081,0,0.0,64,64.179112,0,0.0,0,0.0
1,hbm,cold,1,0,0.0,0.0,9,candidate/attention_output,0,0.0,0,0.0,0,0.0,0,0.0,0,0.0
1,hbm,cold,1,0,0.0,0.0,9,candidate/attention_projection,0,0.0,0,0.0,0,0.0,0,0.0,0,0.0
1,hbm,cold,1,1,0.006425,0.006425,9,candidate/cache_write,1,0.006425,0,0.0,0,0.0,1,0.001472,0,0.0
1,hbm,cold,1,1,0.038065,0.038065,9,candidate/compute_graph_finish_layer_9_q_128,1,0.038065,0,0.0,13,0.213471,0,0.0,0,0.0
1,hbm,cold,1,3,0.010476,0.010476,9,candidate/compute_graph_projection_inputs,3,0.010476,0,0.0,1,0.000832,1,0.001664,0,0.0
1,hbm,cold,1,1,0.074266,0.074266,9,candidate/compute_graph_projection_layer_9_q_128,1,0.074266,0,0.0,41,0.154751,0,0.0,0,0.0
1,hbm,cold,1,3,0.005166,0.005166,9,candidate/compute_graph_value_expansion,3,0.005166,0,0.0,1,0.010944,0,0.0,0,0.0
1,hbm,cold,1,7,0.319112,0.319112,9,candidate/exact_topk,7,0.319112,0,0.0,2,0.04544,1,0.000736,0,0.0
1,hbm,cold,1,2,0.010215,0.010215,9,candidate/index_cache_write,2,0.010215,0,0.0,0,0.0,2,0.001824,0,0.0
1,hbm,cold,1,5,0.004597,0.004597,9,candidate/indexer_aux,5,0.004597,0,0.0,1,0.28832,0,0.0,0,0.0
1,hbm,cold,1,2,0.010238,0.010238,9,candidate/layer,2,0.010238,0,0.0,0,0.0,2,0.006528,0,0.0
1,hbm,cold,1,4,0.008719,0.008719,9,candidate/offload_prepare,4,0.008719,0,0.0,2,0.0016,0,0.0,0,0.0
1,hbm,cold,1,0,0.0,0.0,9,candidate/offload_source_reservation,0,0.0,0,0.0,0,0.0,0,0.0,0,0.0
1,hbm,cold,1,1,0.007025,0.007025,9,candidate/replay_input_copy,1,0.007025,0,0.0,0,0.0,1,0.002144,0,0.0
1,hbm,cold,1,5,0.006889,0.006889,9,candidate/sparse_mla_aux,5,0.006889,0,0.0,1,0.136063,0,0.0,0,0.0
1,hbm,cold,64,0,0.0,0.0,9,history/attention_output,0,0.0,0,0.0,0,0.0,0,0.0,0,0.0
1,hbm,cold,64,0,0.0,0.0,9,history/attention_projection,0,0.0,0,0.0,0,0.0,0,0.0,0,0.0
1,hbm,cold,64,448,1.595521,1.595521,9,history/cache_write,448,1.595521,0,0.0,128,0.167263,192,0.226976,0,0.0
1,hbm,cold,64,64,1.761096,1.761096,9,history/compute_graph_finish_layer_9_q_1024,64,1.761096,0,0.0,832,63.371398,0,0.0,0,0.0
1,hbm,cold,64,192,0.710595,0.710595,9,history/compute_graph_projection_inputs,192,0.710595,0,0.0,64,0.054111,64,0.386015,0,0.0
1,hbm,cold,64,64,4.254309,4.254309,9,history/compute_graph_projection_layer_9_q_1024,64,4.254309,0,0.0,2624,23.906072,0,0.0,64,0.05312
1,hbm,cold,64,256,0.704883,0.704883,9,history/compute_graph_value_expansion,256,0.704883,0,0.0,64,3.315898,0,0.0,64,0.063168
1,hbm,cold,64,448,167.412417,167.412417,9,history/exact_topk,448,167.412417,0,0.0,128,12.573539,64,0.04928,0,0.0
1,hbm,cold,64,128,0.688602,0.688602,9,history/index_cache_write,128,0.688602,0,0.0,0,0.0,128,0.175392,0,0.0
1,hbm,cold,64,320,0.308686,0.308686,9,history/indexer_aux,320,0.308686,0,0.0,64,36.279033,0,0.0,0,0.0
1,hbm,cold,64,0,0.0,0.0,9,history/layer,0,0.0,0,0.0,0,0.0,0,0.0,0,0.0
1,hbm,cold,64,256,0.570806,0.570806,9,history/offload_prepare,256,0.570806,0,0.0,128,0.105728,0,0.0,0,0.0
1,hbm,cold,64,0,0.0,0.0,9,history/offload_source_reservation,0,0.0,0,0.0,0,0.0,0,0.0,0,0.0
1,hbm,cold,64,64,0.443325,0.443325,9,history/replay_input_copy,64,0.443325,0,0.0,0,0.0,64,0.504031,0,0.0
1,hbm,cold,64,320,0.467934,0.467934,9,history/sparse_mla_aux,320,0.467934,0,0.0,64,64.034315,0,0.0,0,0.0
1,hbm,cold,1,24,0.530181,0.530181,shared,candidate/chunk,24,0.530181,0,0.0,0,0.0,11,0.012544,0,0.0
1,hbm,cold,1,2,0.006711,0.006711,shared,candidate/embedding,2,0.006711,0,0.0,1,0.003456,0,0.0,0,0.0
1,hbm,cold,1,16,0.043245,0.043245,shared,candidate/final_norm_lm_head,16,0.043245,0,0.0,7,0.443231,0,0.0,1,0.0008
1,hbm,cold,1,18,0.101245,0.101245,shared,candidate/forward,18,0.101245,0,0.0,2,0.004384,12,0.014528,0,0.0
1,hbm,cold,64,26,2.899538,2.899538,shared,history/chunk,26,2.899538,0,0.0,1,0.436863,10,0.0104,0,0.0
1,hbm,cold,64,130,0.492339,0.492339,shared,history/embedding,130,0.492339,0,0.0,64,0.482814,0,0.0,0,0.0
1,hbm,cold,64,646,1.566342,1.566342,shared,history/final_norm_lm_head,646,1.566342,0,0.0,322,6.242675,0,0.0,1,0.0008
1,hbm,cold,1,19,0.286172,0.286172,shared,history/forward,19,0.286172,0,0.0,2,0.025728,12,0.013312,0,0.0
1,hbm,cold,1,132,2.952846,2.952846,shared,request/request,132,2.952846,0,0.0,40,0.035136,1,0.012608,0,0.0
2,hbm,revisit,1,0,0.0,0.0,0,candidate/attention_output,0,0.0,0,0.0,0,0.0,0,0.0,0,0.0
2,hbm,revisit,1,0,0.0,0.0,0,candidate/attention_projection,0,0.0,0,0.0,0,0.0,0,0.0,0,0.0
2,hbm,revisit,1,1,0.006518,0.006518,0,candidate/cache_write,1,0.006518,0,0.0,0,0.0,1,0.001632,0,0.0
2,hbm,revisit,1,1,0.041836,0.041836,0,candidate/compute_graph_finish_layer_0_q_128,1,0.041836,0,0.0,13,0.21072,0,0.0,0,0.0
2,hbm,revisit,1,3,0.011359,0.011359,0,candidate/compute_graph_projection_inputs,3,0.011359,0,0.0,1,0.000768,1,0.0016,0,0.0
2,hbm,revisit,1,1,0.09869,0.09869,0,candidate/compute_graph_projection_layer_0_q_128,1,0.09869,0,0.0,41,0.153183,0,0.0,0,0.0
2,hbm,revisit,1,3,0.006184,0.006184,0,candidate/compute_graph_value_expansion,3,0.006184,0,0.0,1,0.011104,0,0.0,0,0.0
2,hbm,revisit,1,7,0.268017,0.268017,0,candidate/exact_topk,7,0.268017,0,0.0,2,0.0432,1,0.000736,0,0.0
2,hbm,revisit,1,2,0.011399,0.011399,0,candidate/index_cache_write,2,0.011399,0,0.0,0,0.0,2,0.001792,0,0.0
2,hbm,revisit,1,5,0.00557,0.00557,0,candidate/indexer_aux,5,0.00557,0,0.0,1,0.285569,0,0.0,0,0.0
2,hbm,revisit,1,2,0.01207,0.01207,0,candidate/layer,2,0.01207,0,0.0,0,0.0,2,0.007712,0,0.0
2,hbm,revisit,1,4,0.009287,0.009287,0,candidate/offload_prepare,4,0.009287,0,0.0,2,0.001568,0,0.0,0,0.0
2,hbm,revisit,1,0,0.0,0.0,0,candidate/offload_source_reservation,0,0.0,0,0.0,0,0.0,0,0.0,0,0.0
2,hbm,revisit,1,5,0.008509,0.008509,0,candidate/sparse_mla_aux,5,0.008509,0,0.0,1,0.135168,0,0.0,0,0.0
2,hbm,revisit,64,0,0.0,0.0,0,history/attention_output,0,0.0,0,0.0,0,0.0,0,0.0,0,0.0
2,hbm,revisit,64,0,0.0,0.0,0,history/attention_projection,0,0.0,0,0.0,0,0.0,0,0.0,0,0.0
2,hbm,revisit,64,448,1.653725,1.653725,0,history/cache_write,448,1.653725,0,0.0,128,0.168513,192,0.22928,0,0.0
2,hbm,revisit,64,64,1.953522,1.953522,0,history/compute_graph_finish_layer_0_q_1024,64,1.953522,0,0.0,832,63.630064,0,0.0,0,0.0
2,hbm,revisit,64,192,0.941749,0.941749,0,history/compute_graph_projection_inputs,192,0.941749,0,0.0,64,0.0512,64,0.395649,0,0.0
2,hbm,revisit,64,64,4.791789,4.791789,0,history/compute_graph_projection_layer_0_q_1024,64,4.791789,0,0.0,2624,23.968353,0,0.0,64,0.053472
2,hbm,revisit,64,256,0.774837,0.774837,0,history/compute_graph_value_expansion,256,0.774837,0,0.0,64,3.307937,0,0.0,64,0.055392
2,hbm,revisit,64,448,157.631364,157.631364,0,history/exact_topk,448,157.631364,0,0.0,128,12.605894,64,0.048032,0,0.0
2,hbm,revisit,64,128,0.815754,0.815754,0,history/index_cache_write,128,0.815754,0,0.0,0,0.0,128,0.180064,0,0.0
2,hbm,revisit,64,320,0.327966,0.327966,0,history/indexer_aux,320,0.327966,0,0.0,64,36.322715,0,0.0,0,0.0
2,hbm,revisit,64,0,0.0,0.0,0,history/layer,0,0.0,0,0.0,0,0.0,0,0.0,0,0.0
2,hbm,revisit,64,256,0.569108,0.569108,0,history/offload_prepare,256,0.569108,0,0.0,128,0.106144,0,0.0,0,0.0
2,hbm,revisit,64,0,0.0,0.0,0,history/offload_source_reservation,0,0.0,0,0.0,0,0.0,0,0.0,0,0.0
2,hbm,revisit,64,320,0.495234,0.495234,0,history/sparse_mla_aux,320,0.495234,0,0.0,64,64.251897,0,0.0,0,0.0
2,hbm,revisit,1,0,0.0,0.0,1,candidate/attention_output,0,0.0,0,0.0,0,0.0,0,0.0,0,0.0
2,hbm,revisit,1,0,0.0,0.0,1,candidate/attention_projection,0,0.0,0,0.0,0,0.0,0,0.0,0,0.0
2,hbm,revisit,1,1,0.006522,0.006522,1,candidate/cache_write,1,0.006522,0,0.0,0,0.0,1,0.001632,0,0.0
2,hbm,revisit,1,1,0.034934,0.034934,1,candidate/compute_graph_finish_layer_1_q_128,1,0.034934,0,0.0,13,0.21104,0,0.0,0,0.0
2,hbm,revisit,1,4,0.015924,0.015924,1,candidate/compute_graph_projection_inputs,4,0.015924,0,0.0,1,0.00096,2,0.00368,0,0.0
2,hbm,revisit,1,1,0.086403,0.086403,1,candidate/compute_graph_projection_layer_1_q_128,1,0.086403,0,0.0,41,0.152702,0,0.0,0,0.0
2,hbm,revisit,1,3,0.005546,0.005546,1,candidate/compute_graph_value_expansion,3,0.005546,0,0.0,1,0.010656,0,0.0,0,0.0
2,hbm,revisit,1,7,0.298206,0.298206,1,candidate/exact_topk,7,0.298206,0,0.0,2,0.048832,1,0.000736,0,0.0
2,hbm,revisit,1,2,0.011594,0.011594,1,candidate/index_cache_write,2,0.011594,0,0.0,0,0.0,2,0.001856,0,0.0
2,hbm,revisit,1,5,0.004821,0.004821,1,candidate/indexer_aux,5,0.004821,0,0.0,1,0.291905,0,0.0,0,0.0
2,hbm,revisit,1,2,0.01366,0.01366,1,candidate/layer,2,0.01366,0,0.0,0,0.0,2,0.006592,0,0.0
2,hbm,revisit,1,4,0.009202,0.009202,1,candidate/offload_prepare,4,0.009202,0,0.0,2,0.00144,0,0.0,0,0.0
2,hbm,revisit,1,0,0.0,0.0,1,candidate/offload_source_reservation,0,0.0,0,0.0,0,0.0,0,0.0,0,0.0
2,hbm,revisit,1,5,0.007864,0.007864,1,candidate/sparse_mla_aux,5,0.007864,0,0.0,1,0.133664,0,0.0,0,0.0
2,hbm,revisit,64,0,0.0,0.0,1,history/attention_output,0,0.0,0,0.0,0,0.0,0,0.0,0,0.0
2,hbm,revisit,64,0,0.0,0.0,1,history/attention_projection,0,0.0,0,0.0,0,0.0,0,0.0,0,0.0
2,hbm,revisit,64,448,1.602141,1.602141,1,history/cache_write,448,1.602141,0,0.0,128,0.168097,192,0.230976,0,0.0
2,hbm,revisit,64,64,1.872968,1.872968,1,history/compute_graph_finish_layer_1_q_1024,64,1.872968,0,0.0,832,63.618052,0,0.0,0,0.0
2,hbm,revisit,64,256,1.184647,1.184647,1,history/compute_graph_projection_inputs,256,1.184647,0,0.0,64,0.052992,128,0.980609,0,0.0
2,hbm,revisit,64,64,4.3795,4.3795,1,history/compute_graph_projection_layer_1_q_1024,64,4.3795,0,0.0,2624,24.410898,0,0.0,64,0.05344
2,hbm,revisit,64,256,0.732591,0.732591,1,history/compute_graph_value_expansion,256,0.732591,0,0.0,64,3.319908,0,0.0,64,0.055648
2,hbm,revisit,64,448,167.431747,167.431747,1,history/exact_topk,448,167.431747,0,0.0,128,12.518762,64,0.04816,0,0.0
2,hbm,revisit,64,128,0.727225,0.727225,1,history/index_cache_write,128,0.727225,0,0.0,0,0.0,128,0.178657,0,0.0
2,hbm,revisit,64,320,0.310283,0.310283,1,history/indexer_aux,320,0.310283,0,0.0,64,36.355195,0,0.0,0,0.0
2,hbm,revisit,64,0,0.0,0.0,1,history/layer,0,0.0,0,0.0,0,0.0,0,0.0,0,0.0
2,hbm,revisit,64,256,0.571162,0.571162,1,history/offload_prepare,256,0.571162,0,0.0,128,0.106496,0,0.0,0,0.0
2,hbm,revisit,64,0,0.0,0.0,1,history/offload_source_reservation,0,0.0,0,0.0,0,0.0,0,0.0,0,0.0
2,hbm,revisit,64,320,0.466277,0.466277,1,history/sparse_mla_aux,320,0.466277,0,0.0,64,64.265848,0,0.0,0,0.0
2,hbm,revisit,1,0,0.0,0.0,2,candidate/attention_output,0,0.0,0,0.0,0,0.0,0,0.0,0,0.0
2,hbm,revisit,1,0,0.0,0.0,2,candidate/attention_projection,0,0.0,0,0.0,0,0.0,0,0.0,0,0.0
2,hbm,revisit,1,1,0.006409,0.006409,2,candidate/cache_write,1,0.006409,0,0.0,0,0.0,1,0.001472,0,0.0
2,hbm,revisit,1,1,0.033326,0.033326,2,candidate/compute_graph_finish_layer_2_q_128,1,0.033326,0,0.0,13,0.210207,0,0.0,0,0.0
2,hbm,revisit,1,4,0.016075,0.016075,2,candidate/compute_graph_projection_inputs,4,0.016075,0,0.0,1,0.000768,2,0.003712,0,0.0
2,hbm,revisit,1,1,0.085769,0.085769,2,candidate/compute_graph_projection_layer_2_q_128,1,0.085769,0,0.0,41,0.154464,0,0.0,0,0.0
2,hbm,revisit,1,3,0.005346,0.005346,2,candidate/compute_graph_value_expansion,3,0.005346,0,0.0,1,0.010816,0,0.0,0,0.0
2,hbm,revisit,1,7,0.29382,0.29382,2,candidate/exact_topk,7,0.29382,0,0.0,2,0.047104,1,0.000736,0,0.0
2,hbm,revisit,1,2,0.011476,0.011476,2,candidate/index_cache_write,2,0.011476,0,0.0,0,0.0,2,0.001856,0,0.0
2,hbm,revisit,1,5,0.004735,0.004735,2,candidate/indexer_aux,5,0.004735,0,0.0,1,0.28576,0,0.0,0,0.0
2,hbm,revisit,1,2,0.017954,0.017954,2,candidate/layer,2,0.017954,0,0.0,0,0.0,2,0.006528,0,0.0
2,hbm,revisit,1,4,0.008833,0.008833,2,candidate/offload_prepare,4,0.008833,0,0.0,2,0.001536,0,0.0,0,0.0
2,hbm,revisit,1,0,0.0,0.0,2,candidate/offload_source_reservation,0,0.0,0,0.0,0,0.0,0,0.0,0,0.0
2,hbm,revisit,1,5,0.007843,0.007843,2,candidate/sparse_mla_aux,5,0.007843,0,0.0,1,0.136321,0,0.0,0,0.0
2,hbm,revisit,64,0,0.0,0.0,2,history/attention_output,0,0.0,0,0.0,0,0.0,0,0.0,0,0.0
2,hbm,revisit,64,0,0.0,0.0,2,history/attention_projection,0,0.0,0,0.0,0,0.0,0,0.0,0,0.0
2,hbm,revisit,64,448,1.604181,1.604181,2,history/cache_write,448,1.604181,0,0.0,128,0.168,192,0.228768,0,0.0
2,hbm,revisit,64,64,1.82267,1.82267,2,history/compute_graph_finish_layer_2_q_1024,64,1.82267,0,0.0,832,63.621171,0,0.0,0,0.0
2,hbm,revisit,64,256,1.157782,1.157782,2,history/compute_graph_projection_inputs,256,1.157782,0,0.0,64,0.054368,128,0.98288,0,0.0
2,hbm,revisit,64,64,4.333737,4.333737,2,history/compute_graph_projection_layer_2_q_1024,64,4.333737,0,0.0,2624,24.394603,0,0.0,64,0.05376
2,hbm,revisit,64,256,0.733411,0.733411,2,history/compute_graph_value_expansion,256,0.733411,0,0.0,64,3.309665,0,0.0,64,0.056416
2,hbm,revisit,64,448,168.111412,168.111412,2,history/exact_topk,448,168.111412,0,0.0,128,13.229997,64,0.05024,0,0.0
2,hbm,revisit,64,128,0.707702,0.707702,2,history/index_cache_write,128,0.707702,0,0.0,0,0.0,128,0.167104,0,0.0
2,hbm,revisit,64,320,0.310105,0.310105,2,history/indexer_aux,320,0.310105,0,0.0,64,36.339933,0,0.0,0,0.0
2,hbm,revisit,64,0,0.0,0.0,2,history/layer,0,0.0,0,0.0,0,0.0,0,0.0,0,0.0
2,hbm,revisit,64,256,0.569657,0.569657,2,history/offload_prepare,256,0.569657,0,0.0,128,0.106177,0,0.0,0,0.0
2,hbm,revisit,64,0,0.0,0.0,2,history/offload_source_reservation,0,0.0,0,0.0,0,0.0,0,0.0,0,0.0
2,hbm,revisit,64,320,0.468569,0.468569,2,history/sparse_mla_aux,320,0.468569,0,0.0,64,64.373494,0,0.0,0,0.0
2,hbm,revisit,1,0,0.0,0.0,3,candidate/attention_output,0,0.0,0,0.0,0,0.0,0,0.0,0,0.0
2,hbm,revisit,1,0,0.0,0.0,3,candidate/attention_projection,0,0.0,0,0.0,0,0.0,0,0.0,0,0.0
2,hbm,revisit,1,1,0.00614,0.00614,3,candidate/cache_write,1,0.00614,0,0.0,0,0.0,1,0.0016,0,0.0
2,hbm,revisit,1,1,0.031772,0.031772,3,candidate/compute_graph_finish_layer_3_q_128,1,0.031772,0,0.0,13,0.209601,0,0.0,0,0.0
2,hbm,revisit,1,3,0.011154,0.011154,3,candidate/compute_graph_projection_inputs,3,0.011154,0,0.0,1,0.000832,1,0.001568,0,0.0
2,hbm,revisit,1,1,0.079737,0.079737,3,candidate/compute_graph_projection_layer_3_q_128,1,0.079737,0,0.0,41,0.153536,0,0.0,0,0.0
2,hbm,revisit,1,3,0.00522,0.00522,3,candidate/compute_graph_value_expansion,3,0.00522,0,0.0,1,0.011072,0,0.0,0,0.0
2,hbm,revisit,1,7,0.301629,0.301629,3,candidate/exact_topk,7,0.301629,0,0.0,2,0.0448,1,0.000736,0,0.0
2,hbm,revisit,1,2,0.011228,0.011228,3,candidate/index_cache_write,2,0.011228,0,0.0,0,0.0,2,0.001824,0,0.0
2,hbm,revisit,1,5,0.004614,0.004614,3,candidate/indexer_aux,5,0.004614,0,0.0,1,0.285856,0,0.0,0,0.0
2,hbm,revisit,1,2,0.010443,0.010443,3,candidate/layer,2,0.010443,0,0.0,0,0.0,2,0.006464,0,0.0
2,hbm,revisit,1,4,0.008623,0.008623,3,candidate/offload_prepare,4,0.008623,0,0.0,2,0.001792,0,0.0,0,0.0
2,hbm,revisit,1,0,0.0,0.0,3,candidate/offload_source_reservation,0,0.0,0,0.0,0,0.0,0,0.0,0,0.0
2,hbm,revisit,1,1,0.007557,0.007557,3,candidate/replay_input_copy,1,0.007557,0,0.0,0,0.0,1,0.002048,0,0.0
2,hbm,revisit,1,5,0.007257,0.007257,3,candidate/sparse_mla_aux,5,0.007257,0,0.0,1,0.134976,0,0.0,0,0.0
2,hbm,revisit,64,0,0.0,0.0,3,history/attention_output,0,0.0,0,0.0,0,0.0,0,0.0,0,0.0
2,hbm,revisit,64,0,0.0,0.0,3,history/attention_projection,0,0.0,0,0.0,0,0.0,0,0.0,0,0.0
2,hbm,revisit,64,448,1.598816,1.598816,3,history/cache_write,448,1.598816,0,0.0,128,0.16736,192,0.22976,0,0.0
2,hbm,revisit,64,64,1.788091,1.788091,3,history/compute_graph_finish_layer_3_q_1024,64,1.788091,0,0.0,832,63.594533,0,0.0,0,0.0
2,hbm,revisit,64,192,0.723889,0.723889,3,history/compute_graph_projection_inputs,192,0.723889,0,0.0,64,0.051712,64,0.38848,0,0.0
2,hbm,revisit,64,64,4.26535,4.26535,3,history/compute_graph_projection_layer_3_q_1024,64,4.26535,0,0.0,2624,23.936296,0,0.0,64,0.05296
2,hbm,revisit,64,256,0.726411,0.726411,3,history/compute_graph_value_expansion,256,0.726411,0,0.0,64,3.312582,0,0.0,64,0.056032
2,hbm,revisit,64,448,167.106738,167.106738,3,history/exact_topk,448,167.106738,0,0.0,128,12.61435,64,0.048097,0,0.0
2,hbm,revisit,64,128,0.733669,0.733669,3,history/index_cache_write,128,0.733669,0,0.0,0,0.0,128,0.176992,0,0.0
2,hbm,revisit,64,320,0.306751,0.306751,3,history/indexer_aux,320,0.306751,0,0.0,64,36.373086,0,0.0,0,0.0
2,hbm,revisit,64,0,0.0,0.0,3,history/layer,0,0.0,0,0.0,0,0.0,0,0.0,0,0.0
2,hbm,revisit,64,256,0.582083,0.582083,3,history/offload_prepare,256,0.582083,0,0.0,128,0.10736,0,0.0,0,0.0
2,hbm,revisit,64,0,0.0,0.0,3,history/offload_source_reservation,0,0.0,0,0.0,0,0.0,0,0.0,0,0.0
2,hbm,revisit,64,64,0.475678,0.475678,3,history/replay_input_copy,64,0.475678,0,0.0,0,0.0,64,0.500353,0,0.0
2,hbm,revisit,64,320,0.473176,0.473176,3,history/sparse_mla_aux,320,0.473176,0,0.0,64,64.25343,0,0.0,0,0.0
2,hbm,revisit,1,0,0.0,0.0,4,candidate/attention_output,0,0.0,0,0.0,0,0.0,0,0.0,0,0.0
2,hbm,revisit,1,0,0.0,0.0,4,candidate/attention_projection,0,0.0,0,0.0,0,0.0,0,0.0,0,0.0
2,hbm,revisit,1,1,0.006548,0.006548,4,candidate/cache_write,1,0.006548,0,0.0,0,0.0,1,0.001504,0,0.0
2,hbm,revisit,1,1,0.032707,0.032707,4,candidate/compute_graph_finish_layer_4_q_128,1,0.032707,0,0.0,13,0.210432,0,0.0,0,0.0
2,hbm,revisit,1,4,0.016048,0.016048,4,candidate/compute_graph_projection_inputs,4,0.016048,0,0.0,1,0.000832,2,0.003456,0,0.0
2,hbm,revisit,1,1,0.074173,0.074173,4,candidate/compute_graph_projection_layer_4_q_128,1,0.074173,0,0.0,41,0.154815,0,0.0,0,0.0
2,hbm,revisit,1,3,0.005366,0.005366,4,candidate/compute_graph_value_expansion,3,0.005366,0,0.0,1,0.011072,0,0.0,0,0.0
2,hbm,revisit,1,7,0.233309,0.233309,4,candidate/exact_topk,7,0.233309,0,0.0,2,0.046944,1,0.000736,0,0.0
2,hbm,revisit,1,2,0.011001,0.011001,4,candidate/index_cache_write,2,0.011001,0,0.0,0,0.0,2,0.001824,0,0.0
2,hbm,revisit,1,5,0.010449,0.010449,4,candidate/indexer_aux,5,0.010449,0,0.0,1,0.284736,0,0.0,0,0.0
2,hbm,revisit,1,2,0.010312,0.010312,4,candidate/layer,2,0.010312,0,0.0,0,0.0,2,0.006464,0,0.0
2,hbm,revisit,1,4,0.008907,0.008907,4,candidate/offload_prepare,4,0.008907,0,0.0,2,0.001568,0,0.0,0,0.0
2,hbm,revisit,1,0,0.0,0.0,4,candidate/offload_source_reservation,0,0.0,0,0.0,0,0.0,0,0.0,0,0.0
2,hbm,revisit,1,2,0.012525,0.012525,4,candidate/replay_input_copy,2,0.012525,0,0.0,0,0.0,2,0.004224,0,0.0
2,hbm,revisit,1,5,0.008248,0.008248,4,candidate/sparse_mla_aux,5,0.008248,0,0.0,1,0.134656,0,0.0,0,0.0
2,hbm,revisit,64,0,0.0,0.0,4,history/attention_output,0,0.0,0,0.0,0,0.0,0,0.0,0,0.0
2,hbm,revisit,64,0,0.0,0.0,4,history/attention_projection,0,0.0,0,0.0,0,0.0,0,0.0,0,0.0
2,hbm,revisit,64,448,1.599107,1.599107,4,history/cache_write,448,1.599107,0,0.0,128,0.168192,192,0.228192,0,0.0
2,hbm,revisit,64,64,1.789535,1.789535,4,history/compute_graph_finish_layer_4_q_1024,64,1.789535,0,0.0,832,63.526517,0,0.0,0,0.0
2,hbm,revisit,64,256,1.008022,1.008022,4,history/compute_graph_projection_inputs,256,1.008022,0,0.0,64,0.053344,128,1.020738,0,0.0
2,hbm,revisit,64,64,4.326744,4.326744,4,history/compute_graph_projection_layer_4_q_1024,64,4.326744,0,0.0,2624,24.37535,0,0.0,64,0.053632
2,hbm,revisit,64,256,0.734928,0.734928,4,history/compute_graph_value_expansion,256,0.734928,0,0.0,64,3.319844,0,0.0,64,0.056288
2,hbm,revisit,64,448,167.212674,167.212674,4,history/exact_topk,448,167.212674,0,0.0,128,12.49339,64,0.048992,0,0.0
2,hbm,revisit,64,128,0.715499,0.715499,4,history/index_cache_write,128,0.715499,0,0.0,0,0.0,128,0.172672,0,0.0
2,hbm,revisit,64,320,0.311329,0.311329,4,history/indexer_aux,320,0.311329,0,0.0,64,36.283037,0,0.0,0,0.0
2,hbm,revisit,64,0,0.0,0.0,4,history/layer,0,0.0,0,0.0,0,0.0,0,0.0,0,0.0
2,hbm,revisit,64,256,0.579725,0.579725,4,history/offload_prepare,256,0.579725,0,0.0,128,0.10512,0,0.0,0,0.0
2,hbm,revisit,64,0,0.0,0.0,4,history/offload_source_reservation,0,0.0,0,0.0,0,0.0,0,0.0,0,0.0
2,hbm,revisit,64,128,0.792763,0.792763,4,history/replay_input_copy,128,0.792763,0,0.0,0,0.0,128,1.018528,0,0.0
2,hbm,revisit,64,320,0.472646,0.472646,4,history/sparse_mla_aux,320,0.472646,0,0.0,64,64.071863,0,0.0,0,0.0
2,hbm,revisit,1,0,0.0,0.0,5,candidate/attention_output,0,0.0,0,0.0,0,0.0,0,0.0,0,0.0
2,hbm,revisit,1,0,0.0,0.0,5,candidate/attention_projection,0,0.0,0,0.0,0,0.0,0,0.0,0,0.0
2,hbm,revisit,1,1,0.00638,0.00638,5,candidate/cache_write,1,0.00638,0,0.0,0,0.0,1,0.001536,0,0.0
2,hbm,revisit,1,1,0.033842,0.033842,5,candidate/compute_graph_finish_layer_5_q_128,1,0.033842,0,0.0,13,0.21024,0,0.0,0,0.0
2,hbm,revisit,1,4,0.016199,0.016199,5,candidate/compute_graph_projection_inputs,4,0.016199,0,0.0,1,0.000832,2,0.003168,0,0.0
2,hbm,revisit,1,1,0.0752,0.0752,5,candidate/compute_graph_projection_layer_5_q_128,1,0.0752,0,0.0,41,0.154559,0,0.0,0,0.0
2,hbm,revisit,1,3,0.005373,0.005373,5,candidate/compute_graph_value_expansion,3,0.005373,0,0.0,1,0.010592,0,0.0,0,0.0
2,hbm,revisit,1,7,0.302043,0.302043,5,candidate/exact_topk,7,0.302043,0,0.0,2,0.045792,1,0.000736,0,0.0
2,hbm,revisit,1,2,0.011144,0.011144,5,candidate/index_cache_write,2,0.011144,0,0.0,0,0.0,2,0.001792,0,0.0
2,hbm,revisit,1,5,0.00501,0.00501,5,candidate/indexer_aux,5,0.00501,0,0.0,1,0.289408,0,0.0,0,0.0
2,hbm,revisit,1,2,0.010085,0.010085,5,candidate/layer,2,0.010085,0,0.0,0,0.0,2,0.00656,0,0.0
2,hbm,revisit,1,4,0.009233,0.009233,5,candidate/offload_prepare,4,0.009233,0,0.0,2,0.001696,0,0.0,0,0.0
2,hbm,revisit,1,0,0.0,0.0,5,candidate/offload_source_reservation,0,0.0,0,0.0,0,0.0,0,0.0,0,0.0
2,hbm,revisit,1,2,0.012824,0.012824,5,candidate/replay_input_copy,2,0.012824,0,0.0,0,0.0,2,0.004192,0,0.0
2,hbm,revisit,1,5,0.007731,0.007731,5,candidate/sparse_mla_aux,5,0.007731,0,0.0,1,0.135776,0,0.0,0,0.0
2,hbm,revisit,64,0,0.0,0.0,5,history/attention_output,0,0.0,0,0.0,0,0.0,0,0.0,0,0.0
2,hbm,revisit,64,0,0.0,0.0,5,history/attention_projection,0,0.0,0,0.0,0,0.0,0,0.0,0,0.0
2,hbm,revisit,64,448,1.600667,1.600667,5,history/cache_write,448,1.600667,0,0.0,128,0.168576,192,0.228352,0,0.0
2,hbm,revisit,64,64,1.839476,1.839476,5,history/compute_graph_finish_layer_5_q_1024,64,1.839476,0,0.0,832,63.525848,0,0.0,0,0.0
2,hbm,revisit,64,256,0.987269,0.987269,5,history/compute_graph_projection_inputs,256,0.987269,0,0.0,64,0.052928,128,1.014176,0,0.0
2,hbm,revisit,64,64,4.197845,4.197845,5,history/compute_graph_projection_layer_5_q_1024,64,4.197845,0,0.0,2624,24.418064,0,0.0,64,0.052256
2,hbm,revisit,64,256,0.711659,0.711659,5,history/compute_graph_value_expansion,256,0.711659,0,0.0,64,3.29927,0,0.0,64,0.056
2,hbm,revisit,64,448,167.151194,167.151194,5,history/exact_topk,448,167.151194,0,0.0,128,13.210287,64,0.04912,0,0.0
2,hbm,revisit,64,128,0.717504,0.717504,5,history/index_cache_write,128,0.717504,0,0.0,0,0.0,128,0.169184,0,0.0
2,hbm,revisit,64,320,0.30505,0.30505,5,history/indexer_aux,320,0.30505,0,0.0,64,36.240668,0,0.0,0,0.0
2,hbm,revisit,64,0,0.0,0.0,5,history/layer,0,0.0,0,0.0,0,0.0,0,0.0,0,0.0
2,hbm,revisit,64,256,0.581854,0.581854,5,history/offload_prepare,256,0.581854,0,0.0,128,0.107392,0,0.0,0,0.0
2,hbm,revisit,64,0,0.0,0.0,5,history/offload_source_reservation,0,0.0,0,0.0,0,0.0,0,0.0,0,0.0
2,hbm,revisit,64,128,0.761739,0.761739,5,history/replay_input_copy,128,0.761739,0,0.0,0,0.0,128,1.016289,0,0.0
2,hbm,revisit,64,320,0.476492,0.476492,5,history/sparse_mla_aux,320,0.476492,0,0.0,64,64.238229,0,0.0,0,0.0
2,hbm,revisit,1,0,0.0,0.0,6,candidate/attention_output,0,0.0,0,0.0,0,0.0,0,0.0,0,0.0
2,hbm,revisit,1,0,0.0,0.0,6,candidate/attention_projection,0,0.0,0,0.0,0,0.0,0,0.0,0,0.0
2,hbm,revisit,1,1,0.006801,0.006801,6,candidate/cache_write,1,0.006801,0,0.0,0,0.0,1,0.001568,0,0.0
2,hbm,revisit,1,1,0.0314,0.0314,6,candidate/compute_graph_finish_layer_6_q_128,1,0.0314,0,0.0,13,0.20864,0,0.0,0,0.0
2,hbm,revisit,1,3,0.010874,0.010874,6,candidate/compute_graph_projection_inputs,3,0.010874,0,0.0,1,0.000832,1,0.00176,0,0.0
2,hbm,revisit,1,1,0.074734,0.074734,6,candidate/compute_graph_projection_layer_6_q_128,1,0.074734,0,0.0,41,0.153248,0,0.0,0,0.0
2,hbm,revisit,1,3,0.004926,0.004926,6,candidate/compute_graph_value_expansion,3,0.004926,0,0.0,1,0.010656,0,0.0,0,0.0
2,hbm,revisit,1,7,0.300885,0.300885,6,candidate/exact_topk,7,0.300885,0,0.0,2,0.048192,1,0.000768,0,0.0
2,hbm,revisit,1,2,0.01115,0.01115,6,candidate/index_cache_write,2,0.01115,0,0.0,0,0.0,2,0.001824,0,0.0
2,hbm,revisit,1,5,0.00466,0.00466,6,candidate/indexer_aux,5,0.00466,0,0.0,1,0.285536,0,0.0,0,0.0
2,hbm,revisit,1,2,0.010552,0.010552,6,candidate/layer,2,0.010552,0,0.0,0,0.0,2,0.006624,0,0.0
2,hbm,revisit,1,4,0.008922,0.008922,6,candidate/offload_prepare,4,0.008922,0,0.0,2,0.001728,0,0.0,0,0.0
2,hbm,revisit,1,0,0.0,0.0,6,candidate/offload_source_reservation,0,0.0,0,0.0,0,0.0,0,0.0,0,0.0
2,hbm,revisit,1,1,0.007472,0.007472,6,candidate/replay_input_copy,1,0.007472,0,0.0,0,0.0,1,0.002016,0,0.0
2,hbm,revisit,1,5,0.014396,0.014396,6,candidate/sparse_mla_aux,5,0.014396,0,0.0,1,0.134624,0,0.0,0,0.0
2,hbm,revisit,64,0,0.0,0.0,6,history/attention_output,0,0.0,0,0.0,0,0.0,0,0.0,0,0.0
2,hbm,revisit,64,0,0.0,0.0,6,history/attention_projection,0,0.0,0,0.0,0,0.0,0,0.0,0,0.0
2,hbm,revisit,64,448,1.646079,1.646079,6,history/cache_write,448,1.646079,0,0.0,128,0.168224,192,0.228577,0,0.0
2,hbm,revisit,64,64,1.785554,1.785554,6,history/compute_graph_finish_layer_6_q_1024,64,1.785554,0,0.0,832,63.396152,0,0.0,0,0.0
2,hbm,revisit,64,192,0.704299,0.704299,6,history/compute_graph_projection_inputs,192,0.704299,0,0.0,64,0.051168,64,0.384704,0,0.0
2,hbm,revisit,64,64,4.220219,4.220219,6,history/compute_graph_projection_layer_6_q_1024,64,4.220219,0,0.0,2624,23.927698,0,0.0,64,0.052544
2,hbm,revisit,64,256,0.715354,0.715354,6,history/compute_graph_value_expansion,256,0.715354,0,0.0,64,3.310755,0,0.0,64,0.05536
2,hbm,revisit,64,448,167.44611,167.44611,6,history/exact_topk,448,167.44611,0,0.0,128,12.596042,64,0.048128,0,0.0
2,hbm,revisit,64,128,0.721296,0.721296,6,history/index_cache_write,128,0.721296,0,0.0,0,0.0,128,0.175712,0,0.0
2,hbm,revisit,64,320,0.303374,0.303374,6,history/indexer_aux,320,0.303374,0,0.0,64,36.199069,0,0.0,0,0.0
2,hbm,revisit,64,0,0.0,0.0,6,history/layer,0,0.0,0,0.0,0,0.0,0,0.0,0,0.0
2,hbm,revisit,64,256,0.570141,0.570141,6,history/offload_prepare,256,0.570141,0,0.0,128,0.106017,0,0.0,0,0.0
2,hbm,revisit,64,0,0.0,0.0,6,history/offload_source_reservation,0,0.0,0,0.0,0,0.0,0,0.0,0,0.0
2,hbm,revisit,64,64,0.457503,0.457503,6,history/replay_input_copy,64,0.457503,0,0.0,0,0.0,64,0.499776,0,0.0
2,hbm,revisit,64,320,0.46827,0.46827,6,history/sparse_mla_aux,320,0.46827,0,0.0,64,64.056951,0,0.0,0,0.0
2,hbm,revisit,1,0,0.0,0.0,7,candidate/attention_output,0,0.0,0,0.0,0,0.0,0,0.0,0,0.0
2,hbm,revisit,1,0,0.0,0.0,7,candidate/attention_projection,0,0.0,0,0.0,0,0.0,0,0.0,0,0.0
2,hbm,revisit,1,1,0.005736,0.005736,7,candidate/cache_write,1,0.005736,0,0.0,0,0.0,1,0.0016,0,0.0
2,hbm,revisit,1,1,0.030305,0.030305,7,candidate/compute_graph_finish_layer_7_q_128,1,0.030305,0,0.0,13,0.211007,0,0.0,0,0.0
2,hbm,revisit,1,4,0.015624,0.015624,7,candidate/compute_graph_projection_inputs,4,0.015624,0,0.0,1,0.000832,2,0.003488,0,0.0
2,hbm,revisit,1,1,0.075563,0.075563,7,candidate/compute_graph_projection_layer_7_q_128,1,0.075563,0,0.0,41,0.152928,0,0.0,0,0.0
2,hbm,revisit,1,3,0.004915,0.004915,7,candidate/compute_graph_value_expansion,3,0.004915,0,0.0,1,0.010976,0,0.0,0,0.0
2,hbm,revisit,1,7,0.306999,0.306999,7,candidate/exact_topk,7,0.306999,0,0.0,2,0.048544,1,0.000736,0,0.0
2,hbm,revisit,1,2,0.010775,0.010775,7,candidate/index_cache_write,2,0.010775,0,0.0,0,0.0,2,0.001856,0,0.0
2,hbm,revisit,1,5,0.004477,0.004477,7,candidate/indexer_aux,5,0.004477,0,0.0,1,0.288641,0,0.0,0,0.0
2,hbm,revisit,1,2,0.010289,0.010289,7,candidate/layer,2,0.010289,0,0.0,0,0.0,2,0.006528,0,0.0
2,hbm,revisit,1,4,0.008449,0.008449,7,candidate/offload_prepare,4,0.008449,0,0.0,2,0.002112,0,0.0,0,0.0
2,hbm,revisit,1,0,0.0,0.0,7,candidate/offload_source_reservation,0,0.0,0,0.0,0,0.0,0,0.0,0,0.0
2,hbm,revisit,1,2,0.011396,0.011396,7,candidate/replay_input_copy,2,0.011396,0,0.0,0,0.0,2,0.004864,0,0.0
2,hbm,revisit,1,5,0.007189,0.007189,7,candidate/sparse_mla_aux,5,0.007189,0,0.0,1,0.134432,0,0.0,0,0.0
2,hbm,revisit,64,0,0.0,0.0,7,history/attention_output,0,0.0,0,0.0,0,0.0,0,0.0,0,0.0
2,hbm,revisit,64,0,0.0,0.0,7,history/attention_projection,0,0.0,0,0.0,0,0.0,0,0.0,0,0.0
2,hbm,revisit,64,448,1.589786,1.589786,7,history/cache_write,448,1.589786,0,0.0,128,0.167712,192,0.228384,0,0.0
2,hbm,revisit,64,64,1.751194,1.751194,7,history/compute_graph_finish_layer_7_q_1024,64,1.751194,0,0.0,832,63.523327,0,0.0,0,0.0
2,hbm,revisit,64,256,1.004999,1.004999,7,history/compute_graph_projection_inputs,256,1.004999,0,0.0,64,0.051392,128,1.021632,0,0.0
2,hbm,revisit,64,64,4.222393,4.222393,7,history/compute_graph_projection_layer_7_q_1024,64,4.222393,0,0.0,2624,24.286624,0,0.0,64,0.05472
2,hbm,revisit,64,256,0.713952,0.713952,7,history/compute_graph_value_expansion,256,0.713952,0,0.0,64,3.317857,0,0.0,64,0.057216
2,hbm,revisit,64,448,166.930604,166.930604,7,history/exact_topk,448,166.930604,0,0.0,128,12.491467,64,0.048128,0,0.0
2,hbm,revisit,64,128,0.717496,0.717496,7,history/index_cache_write,128,0.717496,0,0.0,0,0.0,128,0.175488,0,0.0
2,hbm,revisit,64,320,0.3085,0.3085,7,history/indexer_aux,320,0.3085,0,0.0,64,36.212991,0,0.0,0,0.0
2,hbm,revisit,64,0,0.0,0.0,7,history/layer,0,0.0,0,0.0,0,0.0,0,0.0,0,0.0
2,hbm,revisit,64,256,0.575156,0.575156,7,history/offload_prepare,256,0.575156,0,0.0,128,0.105409,0,0.0,0,0.0
2,hbm,revisit,64,0,0.0,0.0,7,history/offload_source_reservation,0,0.0,0,0.0,0,0.0,0,0.0,0,0.0
2,hbm,revisit,64,128,0.768192,0.768192,7,history/replay_input_copy,128,0.768192,0,0.0,0,0.0,128,1.022849,0,0.0
2,hbm,revisit,64,320,0.467617,0.467617,7,history/sparse_mla_aux,320,0.467617,0,0.0,64,64.159899,0,0.0,0,0.0
2,hbm,revisit,1,0,0.0,0.0,8,candidate/attention_output,0,0.0,0,0.0,0,0.0,0,0.0,0,0.0
2,hbm,revisit,1,0,0.0,0.0,8,candidate/attention_projection,0,0.0,0,0.0,0,0.0,0,0.0,0,0.0
2,hbm,revisit,1,1,0.005888,0.005888,8,candidate/cache_write,1,0.005888,0,0.0,0,0.0,1,0.001568,0,0.0
2,hbm,revisit,1,1,0.030786,0.030786,8,candidate/compute_graph_finish_layer_8_q_128,1,0.030786,0,0.0,13,0.210399,0,0.0,0,0.0
2,hbm,revisit,1,4,0.015371,0.015371,8,candidate/compute_graph_projection_inputs,4,0.015371,0,0.0,1,0.000768,2,0.00336,0,0.0
2,hbm,revisit,1,1,0.073571,0.073571,8,candidate/compute_graph_projection_layer_8_q_128,1,0.073571,0,0.0,41,0.155103,0,0.0,0,0.0
2,hbm,revisit,1,3,0.005171,0.005171,8,candidate/compute_graph_value_expansion,3,0.005171,0,0.0,1,0.011008,0,0.0,0,0.0
2,hbm,revisit,1,7,0.307078,0.307078,8,candidate/exact_topk,7,0.307078,0,0.0,2,0.046368,1,0.000736,0,0.0
2,hbm,revisit,1,2,0.010758,0.010758,8,candidate/index_cache_write,2,0.010758,0,0.0,0,0.0,2,0.00176,0,0.0
2,hbm,revisit,1,5,0.00442,0.00442,8,candidate/indexer_aux,5,0.00442,0,0.0,1,0.287713,0,0.0,0,0.0
2,hbm,revisit,1,2,0.010161,0.010161,8,candidate/layer,2,0.010161,0,0.0,0,0.0,2,0.006464,0,0.0
2,hbm,revisit,1,4,0.008874,0.008874,8,candidate/offload_prepare,4,0.008874,0,0.0,2,0.001408,0,0.0,0,0.0
2,hbm,revisit,1,0,0.0,0.0,8,candidate/offload_source_reservation,0,0.0,0,0.0,0,0.0,0,0.0,0,0.0
2,hbm,revisit,1,2,0.011763,0.011763,8,candidate/replay_input_copy,2,0.011763,0,0.0,0,0.0,2,0.004192,0,0.0
2,hbm,revisit,1,5,0.006931,0.006931,8,candidate/sparse_mla_aux,5,0.006931,0,0.0,1,0.136096,0,0.0,0,0.0
2,hbm,revisit,64,0,0.0,0.0,8,history/attention_output,0,0.0,0,0.0,0,0.0,0,0.0,0,0.0
2,hbm,revisit,64,0,0.0,0.0,8,history/attention_projection,0,0.0,0,0.0,0,0.0,0,0.0,0,0.0
2,hbm,revisit,64,448,1.60968,1.60968,8,history/cache_write,448,1.60968,0,0.0,128,0.167072,192,0.22688,0,0.0
2,hbm,revisit,64,64,1.77622,1.77622,8,history/compute_graph_finish_layer_8_q_1024,64,1.77622,0,0.0,832,63.677787,0,0.0,0,0.0
2,hbm,revisit,64,256,1.019445,1.019445,8,history/compute_graph_projection_inputs,256,1.019445,0,0.0,64,0.053792,128,1.016706,0,0.0
2,hbm,revisit,64,64,4.233126,4.233126,8,history/compute_graph_projection_layer_8_q_1024,64,4.233126,0,0.0,2624,24.335209,0,0.0,64,0.053184
2,hbm,revisit,64,256,0.719079,0.719079,8,history/compute_graph_value_expansion,256,0.719079,0,0.0,64,3.303363,0,0.0,64,0.058176
2,hbm,revisit,64,448,167.337024,167.337024,8,history/exact_topk,448,167.337024,0,0.0,128,13.223591,64,0.047936,0,0.0
2,hbm,revisit,64,128,0.868378,0.868378,8,history/index_cache_write,128,0.868378,0,0.0,0,0.0,128,0.177696,0,0.0
2,hbm,revisit,64,320,0.299819,0.299819,8,history/indexer_aux,320,0.299819,0,0.0,64,36.311456,0,0.0,0,0.0
2,hbm,revisit,64,0,0.0,0.0,8,history/layer,0,0.0,0,0.0,0,0.0,0,0.0,0,0.0
2,hbm,revisit,64,256,0.578165,0.578165,8,history/offload_prepare,256,0.578165,0,0.0,128,0.10672,0,0.0,0,0.0
2,hbm,revisit,64,0,0.0,0.0,8,history/offload_source_reservation,0,0.0,0,0.0,0,0.0,0,0.0,0,0.0
2,hbm,revisit,64,128,0.771795,0.771795,8,history/replay_input_copy,128,0.771795,0,0.0,0,0.0,128,1.018433,0,0.0
2,hbm,revisit,64,320,0.470797,0.470797,8,history/sparse_mla_aux,320,0.470797,0,0.0,64,64.433084,0,0.0,0,0.0
2,hbm,revisit,1,0,0.0,0.0,9,candidate/attention_output,0,0.0,0,0.0,0,0.0,0,0.0,0,0.0
2,hbm,revisit,1,0,0.0,0.0,9,candidate/attention_projection,0,0.0,0,0.0,0,0.0,0,0.0,0,0.0
2,hbm,revisit,1,1,0.006285,0.006285,9,candidate/cache_write,1,0.006285,0,0.0,0,0.0,1,0.001376,0,0.0
2,hbm,revisit,1,1,0.031301,0.031301,9,candidate/compute_graph_finish_layer_9_q_128,1,0.031301,0,0.0,13,0.204416,0,0.0,0,0.0
2,hbm,revisit,1,3,0.01209,0.01209,9,candidate/compute_graph_projection_inputs,3,0.01209,0,0.0,1,0.000832,1,0.001536,0,0.0
2,hbm,revisit,1,1,0.076603,0.076603,9,candidate/compute_graph_projection_layer_9_q_128,1,0.076603,0,0.0,41,0.153248,0,0.0,0,0.0
2,hbm,revisit,1,3,0.005479,0.005479,9,candidate/compute_graph_value_expansion,3,0.005479,0,0.0,1,0.011488,0,0.0,0,0.0
2,hbm,revisit,1,7,0.296956,0.296956,9,candidate/exact_topk,7,0.296956,0,0.0,2,0.043488,1,0.000736,0,0.0
2,hbm,revisit,1,2,0.010441,0.010441,9,candidate/index_cache_write,2,0.010441,0,0.0,0,0.0,2,0.001696,0,0.0
2,hbm,revisit,1,5,0.004661,0.004661,9,candidate/indexer_aux,5,0.004661,0,0.0,1,0.27936,0,0.0,0,0.0
2,hbm,revisit,1,2,0.010258,0.010258,9,candidate/layer,2,0.010258,0,0.0,0,0.0,2,0.00656,0,0.0
2,hbm,revisit,1,4,0.009163,0.009163,9,candidate/offload_prepare,4,0.009163,0,0.0,2,0.001568,0,0.0,0,0.0
2,hbm,revisit,1,0,0.0,0.0,9,candidate/offload_source_reservation,0,0.0,0,0.0,0,0.0,0,0.0,0,0.0
2,hbm,revisit,1,1,0.007524,0.007524,9,candidate/replay_input_copy,1,0.007524,0,0.0,0,0.0,1,0.002112,0,0.0
2,hbm,revisit,1,5,0.007968,0.007968,9,candidate/sparse_mla_aux,5,0.007968,0,0.0,1,0.130305,0,0.0,0,0.0
2,hbm,revisit,64,0,0.0,0.0,9,history/attention_output,0,0.0,0,0.0,0,0.0,0,0.0,0,0.0
2,hbm,revisit,64,0,0.0,0.0,9,history/attention_projection,0,0.0,0,0.0,0,0.0,0,0.0,0,0.0
2,hbm,revisit,64,448,1.611622,1.611622,9,history/cache_write,448,1.611622,0,0.0,128,0.169056,192,0.22736,0,0.0
2,hbm,revisit,64,64,1.750744,1.750744,9,history/compute_graph_finish_layer_9_q_1024,64,1.750744,0,0.0,832,63.60074,0,0.0,0,0.0
2,hbm,revisit,64,192,0.720829,0.720829,9,history/compute_graph_projection_inputs,192,0.720829,0,0.0,64,0.055232,64,0.38736,0,0.0
2,hbm,revisit,64,64,4.216551,4.216551,9,history/compute_graph_projection_layer_9_q_1024,64,4.216551,0,0.0,2624,23.957197,0,0.0,64,0.053952
2,hbm,revisit,64,256,0.709955,0.709955,9,history/compute_graph_value_expansion,256,0.709955,0,0.0,64,3.312068,0,0.0,64,0.05664
2,hbm,revisit,64,448,167.622951,167.622951,9,history/exact_topk,448,167.622951,0,0.0,128,12.613898,64,0.049024,0,0.0
2,hbm,revisit,64,128,0.716091,0.716091,9,history/index_cache_write,128,0.716091,0,0.0,0,0.0,128,0.174016,0,0.0
2,hbm,revisit,64,320,0.308556,0.308556,9,history/indexer_aux,320,0.308556,0,0.0,64,36.373894,0,0.0,0,0.0
2,hbm,revisit,64,0,0.0,0.0,9,history/layer,0,0.0,0,0.0,0,0.0,0,0.0,0,0.0
2,hbm,revisit,64,256,0.609718,0.609718,9,history/offload_prepare,256,0.609718,0,0.0,128,0.10576,0,0.0,0,0.0
2,hbm,revisit,64,0,0.0,0.0,9,history/offload_source_reservation,0,0.0,0,0.0,0,0.0,0,0.0,0,0.0
2,hbm,revisit,64,64,0.452569,0.452569,9,history/replay_input_copy,64,0.452569,0,0.0,0,0.0,64,0.501824,0,0.0
2,hbm,revisit,64,320,0.468442,0.468442,9,history/sparse_mla_aux,320,0.468442,0,0.0,64,64.280439,0,0.0,0,0.0
2,hbm,revisit,1,24,0.50886,0.50886,shared,candidate/chunk,24,0.50886,0,0.0,0,0.0,11,0.011392,0,0.0
2,hbm,revisit,1,2,0.006418,0.006418,shared,candidate/embedding,2,0.006418,0,0.0,1,0.00288,0,0.0,0,0.0
2,hbm,revisit,1,16,0.043094,0.043094,shared,candidate/final_norm_lm_head,16,0.043094,0,0.0,7,0.440896,0,0.0,1,0.0008
2,hbm,revisit,1,18,0.094833,0.094833,shared,candidate/forward,18,0.094833,0,0.0,2,0.004704,12,0.013184,0,0.0
2,hbm,revisit,64,24,2.891917,2.891917,shared,history/chunk,24,2.891917,0,0.0,1,0.438272,10,0.01008,0,0.0
2,hbm,revisit,64,128,0.337115,0.337115,shared,history/embedding,128,0.337115,0,0.0,64,0.458177,0,0.0,0,0.0
2,hbm,revisit,64,646,1.589512,1.589512,shared,history/final_norm_lm_head,646,1.589512,0,0.0,322,6.246595,0,0.0,1,0.0008
2,hbm,revisit,1,18,0.118506,0.118506,shared,history/forward,18,0.118506,0,0.0,2,0.02496,12,0.012896,0,0.0
2,hbm,revisit,1,89,0.34874,0.34874,shared,request/request,89,0.34874,0,0.0,40,0.031904,1,0.01248,0,0.0
3,echo,cold,1,0,0.0,0.0,0,candidate/attention_output,0,0.0,0,0.0,0,0.0,0,0.0,0,0.0
3,echo,cold,1,0,0.0,0.0,0,candidate/attention_projection,0,0.0,0,0.0,0,0.0,0,0.0,0,0.0
3,echo,cold,1,4,0.009654,0.009654,0,candidate/cache_write,4,0.009654,0,0.0,0,0.0,1,0.001376,0,0.0
3,echo,cold,1,1,0.054347,0.054347,0,candidate/compute_graph_finish_layer_0_q_128,1,0.054347,0,0.0,13,0.1944,0,0.0,0,0.0
3,echo,cold,1,3,0.011197,0.011197,0,candidate/compute_graph_projection_inputs,3,0.011197,0,0.0,1,0.000928,1,0.001824,0,0.0
3,echo,cold,1,1,0.10466,0.10466,0,candidate/compute_graph_projection_layer_0_q_128,1,0.10466,0,0.0,41,0.141408,0,0.0,0,0.0
3,echo,cold,1,3,0.006672,0.006672,0,candidate/compute_graph_value_expansion,3,0.006672,0,0.0,1,0.010304,0,0.0,0,0.0
3,echo,cold,1,7,0.584659,0.584659,0,candidate/exact_topk,7,0.584659,0,0.0,2,0.037312,1,0.000736,0,0.0
3,echo,cold,1,3,0.012416,0.012416,0,candidate/index_cache_write,3,0.012416,0,0.0,0,0.0,2,0.001696,0,0.0
3,echo,cold,1,5,0.005705,0.005705,0,candidate/indexer_prefetch_aux,5,0.005705,0,0.0,1,0.93472,0,0.0,0,0.0
3,echo,cold,1,7,0.015685,0.015685,0,candidate/layer,7,0.015685,0,0.0,0,0.0,2,0.00784,0,0.0
3,echo,cold,1,119,0.620685,0.620685,0,candidate/offload_exact_recall,119,0.620685,0,0.0,58,1.664382,1,0.001472,1,0.000768
3,echo,cold,1,39,0.09433,0.09433,0,candidate/offload_finalize,39,0.09433,0,0.0,20,0.055744,1,0.000992,1,0.001024
3,echo,cold,1,66,0.163487,0.163487,0,candidate/offload_prepare,66,0.163487,0,0.0,26,0.059584,3,0.004448,6,0.00576
3,echo,cold,1,1,0.000316,0.000316,0,candidate/offload_source_reservation,1,0.000316,0,0.0,0,0.0,0,0.0,0,0.0
3,echo,cold,1,5,0.008955,0.008955,0,candidate/sparse_mla_aux,5,0.008955,0,0.0,1,0.119008,0,0.0,0,0.0
3,echo,cold,64,0,0.0,0.0,0,history/attention_output,0,0.0,0,0.0,0,0.0,0,0.0,0,0.0
3,echo,cold,64,0,0.0,0.0,0,history/attention_projection,0,0.0,0,0.0,0,0.0,0,0.0,0,0.0
3,echo,cold,64,4225,10.970693,10.970693,0,history/cache_write,4225,10.970693,0,0.0,1921,5.03014,128,0.161088,0,0.0
3,echo,cold,64,64,2.468122,2.468122,0,history/compute_graph_finish_layer_0_q_1024,64,2.468122,0,0.0,832,59.986117,0,0.0,0,0.0
3,echo,cold,64,64,0.495458,0.495458,0,history/compute_graph_owned_writeback_source,64,0.495458,0,0.0,0,0.0,64,0.090496,0,0.0
3,echo,cold,64,192,1.192785,1.192785,0,history/compute_graph_projection_inputs,192,1.192785,0,0.0,64,0.048128,64,0.395168,0,0.0
3,echo,cold,64,64,5.366745,5.366745,0,history/compute_graph_projection_layer_0_q_1024,64,5.366745,0,0.0,2624,22.597731,0,0.0,64,0.055872
3,echo,cold,64,256,0.868491,0.868491,0,history/compute_graph_value_expansion,256,0.868491,0,0.0,64,3.27062,0,0.0,64,0.064512
3,echo,cold,64,448,106.521662,106.521662,0,history/exact_topk,448,106.521662,0,0.0,128,11.356854,64,0.052544,0,0.0
3,echo,cold,64,192,0.771292,0.771292,0,history/index_cache_write,192,0.771292,0,0.0,0,0.0,128,0.162656,0,0.0
3,echo,cold,64,388,8.573868,8.573868,0,history/indexer_prefetch_aux,388,8.573868,0,0.0,64,127.770762,0,0.0,0,0.0
3,echo,cold,64,256,0.11089,0.11089,0,history/layer,256,0.11089,0,0.0,0,0.0,0,0.0,0,0.0
3,echo,cold,64,6604,15.67512,15.67512,0,history/offload_exact_recall,6604,15.67512,0,0.0,3328,117.489937,64,0.092736,64,0.051935
3,echo,cold,64,2465,6.089928,6.089928,0,history/offload_finalize,2465,6.089928,0,0.0,1280,4.183935,64,0.061408,33,0.029376
3,echo,cold,64,4201,174.344132,174.344132,0,history/offload_prepare,4201,174.344132,0,0.0,1653,3.745438,191,0.217375,384,0.356863
3,echo,cold,64,64,0.020867,0.020867,0,history/offload_source_reservation,64,0.020867,0,0.0,0,0.0,0,0.0,0,0.0
3,echo,cold,64,320,0.546961,0.546961,0,history/sparse_mla_aux,320,0.546961,0,0.0,64,57.245003,0,0.0,0,0.0
3,echo,cold,1,0,0.0,0.0,1,candidate/attention_output,0,0.0,0,0.0,0,0.0,0,0.0,0,0.0
3,echo,cold,1,0,0.0,0.0,1,candidate/attention_projection,0,0.0,0,0.0,0,0.0,0,0.0,0,0.0
3,echo,cold,1,4,0.009137,0.009137,1,candidate/cache_write,4,0.009137,0,0.0,0,0.0,1,0.001568,0,0.0
3,echo,cold,1,1,0.050286,0.050286,1,candidate/compute_graph_finish_layer_1_q_128,1,0.050286,0,0.0,13,0.194848,0,0.0,0,0.0
3,echo,cold,1,4,0.017785,0.017785,1,candidate/compute_graph_projection_inputs,4,0.017785,0,0.0,1,0.000768,2,0.003648,0,0.0
3,echo,cold,1,1,0.099869,0.099869,1,candidate/compute_graph_projection_layer_1_q_128,1,0.099869,0,0.0,41,0.1424,0,0.0,0,0.0
3,echo,cold,1,3,0.005555,0.005555,1,candidate/compute_graph_value_expansion,3,0.005555,0,0.0,1,0.010208,0,0.0,0,0.0
3,echo,cold,1,7,0.614357,0.614357,1,candidate/exact_topk,7,0.614357,0,0.0,2,0.039648,1,0.000768,0,0.0
3,echo,cold,1,3,0.011859,0.011859,1,candidate/index_cache_write,3,0.011859,0,0.0,0,0.0,2,0.001696,0,0.0
3,echo,cold,1,5,0.005387,0.005387,1,candidate/indexer_prefetch_aux,5,0.005387,0,0.0,1,0.955263,0,0.0,0,0.0
3,echo,cold,1,7,0.023325,0.023325,1,candidate/layer,7,0.023325,0,0.0,0,0.0,2,0.00672,0,0.0
3,echo,cold,1,115,0.257126,0.257126,1,candidate/offload_exact_recall,115,0.257126,0,0.0,58,1.663774,1,0.001216,1,0.000768
3,echo,cold,1,39,0.093516,0.093516,1,candidate/offload_finalize,39,0.093516,0,0.0,20,0.05632,1,0.001152,1,0.0008
3,echo,cold,1,66,0.744307,0.744307,1,candidate/offload_prepare,66,0.744307,0,0.0,26,0.058944,3,0.003424,6,0.005696
3,echo,cold,1,1,0.000295,0.000295,1,candidate/offload_source_reservation,1,0.000295,0,0.0,0,0.0,0,0.0,0,0.0
3,echo,cold,1,5,0.008596,0.008596,1,candidate/sparse_mla_aux,5,0.008596,0,0.0,1,0.119104,0,0.0,0,0.0
3,echo,cold,64,0,0.0,0.0,1,history/attention_output,0,0.0,0,0.0,0,0.0,0,0.0,0,0.0
3,echo,cold,64,0,0.0,0.0,1,history/attention_projection,0,0.0,0,0.0,0,0.0,0,0.0,0,0.0
3,echo,cold,64,4225,11.291044,11.291044,1,history/cache_write,4225,11.291044,0,0.0,1921,5.026523,128,0.16096,0,0.0
3,echo,cold,64,64,2.330163,2.330163,1,history/compute_graph_finish_layer_1_q_1024,64,2.330163,0,0.0,832,59.811881,0,0.0,0,0.0
3,echo,cold,64,64,0.465671,0.465671,1,history/compute_graph_owned_writeback_source,64,0.465671,0,0.0,0,0.0,64,0.089728,0,0.0
3,echo,cold,64,256,1.624142,1.624142,1,history/compute_graph_projection_inputs,256,1.624142,0,0.0,64,0.0536,128,0.970687,0,0.0
3,echo,cold,64,64,5.112451,5.112451,1,history/compute_graph_projection_layer_1_q_1024,64,5.112451,0,0.0,2624,22.991494,0,0.0,64,0.060832
3,echo,cold,64,256,0.842,0.842,1,history/compute_graph_value_expansion,256,0.842,0,0.0,64,3.266972,0,0.0,64,0.062368
3,echo,cold,64,448,106.286875,106.286875,1,history/exact_topk,448,106.286875,0,0.0,128,11.26268,64,0.053184,0,0.0
3,echo,cold,64,192,0.781093,0.781093,1,history/index_cache_write,192,0.781093,0,0.0,0,0.0,128,0.170528,0,0.0
3,echo,cold,64,320,0.368649,0.368649,1,history/indexer_prefetch_aux,320,0.368649,0,0.0,64,126.295372,0,0.0,0,0.0
3,echo,cold,64,256,0.098981,0.098981,1,history/layer,256,0.098981,0,0.0,0,0.0,0,0.0,0,0.0
3,echo,cold,64,6592,14.729766,14.729766,1,history/offload_exact_recall,6592,14.729766,0,0.0,3328,117.324242,64,0.091168,64,0.0504
3,echo,cold,64,2465,5.857982,5.857982,1,history/offload_finalize,2465,5.857982,0,0.0,1280,4.173915,64,0.062848,33,0.027072
3,echo,cold,64,4199,183.513284,183.513284,1,history/offload_prepare,4199,183.513284,0,0.0,1653,3.750812,191,0.216448,384,0.358368
3,echo,cold,64,64,0.020871,0.020871,1,history/offload_source_reservation,64,0.020871,0,0.0,0,0.0,0,0.0,0,0.0
3,echo,cold,64,320,0.551847,0.551847,1,history/sparse_mla_aux,320,0.551847,0,0.0,64,57.254472,0,0.0,0,0.0
3,echo,cold,1,0,0.0,0.0,2,candidate/attention_output,0,0.0,0,0.0,0,0.0,0,0.0,0,0.0
3,echo,cold,1,0,0.0,0.0,2,candidate/attention_projection,0,0.0,0,0.0,0,0.0,0,0.0,0,0.0
3,echo,cold,1,4,0.010311,0.010311,2,candidate/cache_write,4,0.010311,0,0.0,0,0.0,1,0.001408,0,0.0
3,echo,cold,1,1,0.050609,0.050609,2,candidate/compute_graph_finish_layer_2_q_128,1,0.050609,0,0.0,13,0.194591,0,0.0,0,0.0
3,echo,cold,1,4,0.018097,0.018097,2,candidate/compute_graph_projection_inputs,4,0.018097,0,0.0,1,0.000768,2,0.003776,0,0.0
3,echo,cold,1,1,0.093918,0.093918,2,candidate/compute_graph_projection_layer_2_q_128,1,0.093918,0,0.0,41,0.141568,0,0.0,0,0.0
3,echo,cold,1,3,0.005712,0.005712,2,candidate/compute_graph_value_expansion,3,0.005712,0,0.0,1,0.0104,0,0.0,0,0.0
3,echo,cold,1,7,0.533494,0.533494,2,candidate/exact_topk,7,0.533494,0,0.0,2,0.038432,1,0.000768,0,0.0
3,echo,cold,1,3,0.011849,0.011849,2,candidate/index_cache_write,3,0.011849,0,0.0,0,0.0,2,0.00176,0,0.0
3,echo,cold,1,5,0.005652,0.005652,2,candidate/indexer_prefetch_aux,5,0.005652,0,0.0,1,0.845376,0,0.0,0,0.0
3,echo,cold,1,7,0.021206,0.021206,2,candidate/layer,7,0.021206,0,0.0,0,0.0,2,0.007072,0,0.0
3,echo,cold,1,115,0.245395,0.245395,2,candidate/offload_exact_recall,115,0.245395,0,0.0,58,1.663199,1,0.001472,1,0.0008
3,echo,cold,1,39,0.08958,0.08958,2,candidate/offload_finalize,39,0.08958,0,0.0,20,0.056736,1,0.000992,1,0.001024
3,echo,cold,1,66,1.002089,1.002089,2,candidate/offload_prepare,66,1.002089,0,0.0,26,0.059072,3,0.003456,6,0.005472
3,echo,cold,1,1,0.000308,0.000308,2,candidate/offload_source_reservation,1,0.000308,0,0.0,0,0.0,0,0.0,0,0.0
3,echo,cold,1,5,0.008604,0.008604,2,candidate/sparse_mla_aux,5,0.008604,0,0.0,1,0.120864,0,0.0,0,0.0
3,echo,cold,64,0,0.0,0.0,2,history/attention_output,0,0.0,0,0.0,0,0.0,0,0.0,0,0.0
3,echo,cold,64,0,0.0,0.0,2,history/attention_projection,0,0.0,0,0.0,0,0.0,0,0.0,0,0.0
3,echo,cold,64,4225,11.464975,11.464975,2,history/cache_write,4225,11.464975,0,0.0,1921,5.032509,128,0.164928,0,0.0
3,echo,cold,64,64,2.349482,2.349482,2,history/compute_graph_finish_layer_2_q_1024,64,2.349482,0,0.0,832,59.958339,0,0.0,0,0.0
3,echo,cold,64,64,0.409286,0.409286,2,history/compute_graph_owned_writeback_source,64,0.409286,0,0.0,0,0.0,64,0.091808,0,0.0
3,echo,cold,64,256,1.584772,1.584772,2,history/compute_graph_projection_inputs,256,1.584772,0,0.0,64,0.051168,128,0.957439,0,0.0
3,echo,cold,64,64,4.949222,4.949222,2,history/compute_graph_projection_layer_2_q_1024,64,4.949222,0,0.0,2624,22.96794,0,0.0,64,0.0544
3,echo,cold,64,256,0.84261,0.84261,2,history/compute_graph_value_expansion,256,0.84261,0,0.0,64,3.256319,0,0.0,64,0.06272
3,echo,cold,64,448,99.471951,99.471951,2,history/exact_topk,448,99.471951,0,0.0,128,11.918744,64,0.052224,0,0.0
3,echo,cold,64,192,0.774809,0.774809,2,history/index_cache_write,192,0.774809,0,0.0,0,0.0,128,0.157215,0,0.0
3,echo,cold,64,320,0.381176,0.381176,2,history/indexer_prefetch_aux,320,0.381176,0,0.0,64,118.745103,0,0.0,0,0.0
3,echo,cold,64,256,0.09803,0.09803,2,history/layer,256,0.09803,0,0.0,0,0.0,0,0.0,0,0.0
3,echo,cold,64,6592,14.95052,14.95052,2,history/offload_exact_recall,6592,14.95052,0,0.0,3328,116.442514,64,0.092928,64,0.049376
3,echo,cold,64,2465,5.851396,5.851396,2,history/offload_finalize,2465,5.851396,0,0.0,1280,4.203134,64,0.06192,33,0.029184
3,echo,cold,64,4199,185.79215,185.79215,2,history/offload_prepare,4199,185.79215,0,0.0,1653,3.745884,191,0.22016,384,0.357024
3,echo,cold,64,64,0.020588,0.020588,2,history/offload_source_reservation,64,0.020588,0,0.0,0,0.0,0,0.0,0,0.0
3,echo,cold,64,320,0.561328,0.561328,2,history/sparse_mla_aux,320,0.561328,0,0.0,64,58.347364,0,0.0,0,0.0
3,echo,cold,1,0,0.0,0.0,3,candidate/attention_output,0,0.0,0,0.0,0,0.0,0,0.0,0,0.0
3,echo,cold,1,0,0.0,0.0,3,candidate/attention_projection,0,0.0,0,0.0,0,0.0,0,0.0,0,0.0
3,echo,cold,1,4,0.008709,0.008709,3,candidate/cache_write,4,0.008709,0,0.0,0,0.0,1,0.001504,0,0.0
3,echo,cold,1,1,0.048515,0.048515,3,candidate/compute_graph_finish_layer_3_q_128,1,0.048515,0,0.0,13,0.193184,0,0.0,0,0.0
3,echo,cold,1,3,0.011651,0.011651,3,candidate/compute_graph_projection_inputs,3,0.011651,0,0.0,1,0.000768,1,0.001504,0,0.0
3,echo,cold,1,1,0.089736,0.089736,3,candidate/compute_graph_projection_layer_3_q_128,1,0.089736,0,0.0,41,0.142016,0,0.0,0,0.0
3,echo,cold,1,3,0.005738,0.005738,3,candidate/compute_graph_value_expansion,3,0.005738,0,0.0,1,0.01056,0,0.0,0,0.0
3,echo,cold,1,7,0.624936,0.624936,3,candidate/exact_topk,7,0.624936,0,0.0,2,0.03808,1,0.000736,0,0.0
3,echo,cold,1,3,0.011856,0.011856,3,candidate/index_cache_write,3,0.011856,0,0.0,0,0.0,2,0.001696,0,0.0
3,echo,cold,1,5,0.005561,0.005561,3,candidate/indexer_prefetch_aux,5,0.005561,0,0.0,1,0.957279,0,0.0,0,0.0
3,echo,cold,1,7,0.014072,0.014072,3,candidate/layer,7,0.014072,0,0.0,0,0.0,2,0.006528,0,0.0
3,echo,cold,1,115,0.242984,0.242984,3,candidate/offload_exact_recall,115,0.242984,0,0.0,58,1.663838,1,0.001408,1,0.0008
3,echo,cold,1,39,0.09176,0.09176,3,candidate/offload_finalize,39,0.09176,0,0.0,20,0.056512,1,0.001088,1,0.000768
3,echo,cold,1,66,1.017115,1.017115,3,candidate/offload_prepare,66,1.017115,0,0.0,26,0.0592,3,0.003424,6,0.005408
3,echo,cold,1,1,0.000296,0.000296,3,candidate/offload_source_reservation,1,0.000296,0,0.0,0,0.0,0,0.0,0,0.0
3,echo,cold,1,1,0.012685,0.012685,3,candidate/replay_input_copy,1,0.012685,0,0.0,0,0.0,1,0.002048,0,0.0
3,echo,cold,1,5,0.008734,0.008734,3,candidate/sparse_mla_aux,5,0.008734,0,0.0,1,0.119616,0,0.0,0,0.0
3,echo,cold,64,0,0.0,0.0,3,history/attention_output,0,0.0,0,0.0,0,0.0,0,0.0,0,0.0
3,echo,cold,64,0,0.0,0.0,3,history/attention_projection,0,0.0,0,0.0,0,0.0,0,0.0,0,0.0
3,echo,cold,64,4225,10.934197,10.934197,3,history/cache_write,4225,10.934197,0,0.0,1921,5.015741,128,0.163199,0,0.0
3,echo,cold,64,64,2.350679,2.350679,3,history/compute_graph_finish_layer_3_q_1024,64,2.350679,0,0.0,832,59.962597,0,0.0,0,0.0
3,echo,cold,64,64,0.422355,0.422355,3,history/compute_graph_owned_writeback_source,64,0.422355,0,0.0,0,0.0,64,0.09232,0,0.0
3,echo,cold,64,192,0.859361,0.859361,3,history/compute_graph_projection_inputs,192,0.859361,0,0.0,64,0.050495,64,0.385471,0,0.0
3,echo,cold,64,64,5.21403,5.21403,3,history/compute_graph_projection_layer_3_q_1024,64,5.21403,0,0.0,2624,22.565008,0,0.0,64,0.057536
3,echo,cold,64,256,0.837654,0.837654,3,history/compute_graph_value_expansion,256,0.837654,0,0.0,64,3.25814,0,0.0,64,0.062016
3,echo,cold,64,448,108.442048,108.442048,3,history/exact_topk,448,108.442048,0,0.0,128,11.352534,64,0.052128,0,0.0
3,echo,cold,64,192,0.757735,0.757735,3,history/index_cache_write,192,0.757735,0,0.0,0,0.0,128,0.157472,0,0.0
3,echo,cold,64,320,0.376012,0.376012,3,history/indexer_prefetch_aux,320,0.376012,0,0.0,64,127.896111,0,0.0,0,0.0
3,echo,cold,64,256,0.110125,0.110125,3,history/layer,256,0.110125,0,0.0,0,0.0,0,0.0,0,0.0
3,echo,cold,64,6592,14.710101,14.710101,3,history/offload_exact_recall,6592,14.710101,0,0.0,3328,117.509868,64,0.094208,64,0.051808
3,echo,cold,64,2465,5.887091,5.887091,3,history/offload_finalize,2465,5.887091,0,0.0,1280,4.154332,64,0.061728,33,0.02864
3,echo,cold,64,4199,185.353663,185.353663,3,history/offload_prepare,4199,185.353663,0,0.0,1653,3.749687,191,0.219616,384,0.357568
3,echo,cold,64,64,0.020637,0.020637,3,history/offload_source_reservation,64,0.020637,0,0.0,0,0.0,0,0.0,0,0.0
3,echo,cold,64,64,0.824756,0.824756,3,history/replay_input_copy,64,0.824756,0,0.0,0,0.0,64,0.499648,0,0.0
3,echo,cold,64,320,0.556064,0.556064,3,history/sparse_mla_aux,320,0.556064,0,0.0,64,57.2251,0,0.0,0,0.0
3,echo,cold,1,0,0.0,0.0,4,candidate/attention_output,0,0.0,0,0.0,0,0.0,0,0.0,0,0.0
3,echo,cold,1,0,0.0,0.0,4,candidate/attention_projection,0,0.0,0,0.0,0,0.0,0,0.0,0,0.0
3,echo,cold,1,4,0.008632,0.008632,4,candidate/cache_write,4,0.008632,0,0.0,0,0.0,1,0.00144,0,0.0
3,echo,cold,1,1,0.050013,0.050013,4,candidate/compute_graph_finish_layer_4_q_128,1,0.050013,0,0.0,13,0.195712,0,0.0,0,0.0
3,echo,cold,1,4,0.017592,0.017592,4,candidate/compute_graph_projection_inputs,4,0.017592,0,0.0,1,0.0008,2,0.003168,0,0.0
3,echo,cold,1,1,0.093793,0.093793,4,candidate/compute_graph_projection_layer_4_q_128,1,0.093793,0,0.0,41,0.141312,0,0.0,0,0.0
3,echo,cold,1,3,0.005877,0.005877,4,candidate/compute_graph_value_expansion,3,0.005877,0,0.0,1,0.010368,0,0.0,0,0.0
3,echo,cold,1,7,0.620988,0.620988,4,candidate/exact_topk,7,0.620988,0,0.0,2,0.038656,1,0.000768,0,0.0
3,echo,cold,1,3,0.018979,0.018979,4,candidate/index_cache_write,3,0.018979,0,0.0,0,0.0,2,0.001632,0,0.0
3,echo,cold,1,5,0.005529,0.005529,4,candidate/indexer_prefetch_aux,5,0.005529,0,0.0,1,0.946687,0,0.0,0,0.0
3,echo,cold,1,7,0.014767,0.014767,4,candidate/layer,7,0.014767,0,0.0,0,0.0,2,0.007072,0,0.0
3,echo,cold,1,115,0.241392,0.241392,4,candidate/offload_exact_recall,115,0.241392,0,0.0,58,1.664447,1,0.001504,1,0.0008
3,echo,cold,1,39,0.092971,0.092971,4,candidate/offload_finalize,39,0.092971,0,0.0,20,0.056192,1,0.000992,1,0.001088
3,echo,cold,1,66,0.987421,0.987421,4,candidate/offload_prepare,66,0.987421,0,0.0,26,0.059712,3,0.003296,6,0.006144
3,echo,cold,1,1,0.000312,0.000312,4,candidate/offload_source_reservation,1,0.000312,0,0.0,0,0.0,0,0.0,0,0.0
3,echo,cold,1,2,0.017874,0.017874,4,candidate/replay_input_copy,2,0.017874,0,0.0,0,0.0,2,0.004384,0,0.0
3,echo,cold,1,5,0.008715,0.008715,4,candidate/sparse_mla_aux,5,0.008715,0,0.0,1,0.118112,0,0.0,0,0.0
3,echo,cold,64,0,0.0,0.0,4,history/attention_output,0,0.0,0,0.0,0,0.0,0,0.0,0,0.0
3,echo,cold,64,0,0.0,0.0,4,history/attention_projection,0,0.0,0,0.0,0,0.0,0,0.0,0,0.0
3,echo,cold,64,4225,11.307736,11.307736,4,history/cache_write,4225,11.307736,0,0.0,1921,5.002107,128,0.16336,0,0.0
3,echo,cold,64,64,2.398941,2.398941,4,history/compute_graph_finish_layer_4_q_1024,64,2.398941,0,0.0,832,59.835906,0,0.0,0,0.0
3,echo,cold,64,64,0.405326,0.405326,4,history/compute_graph_owned_writeback_source,64,0.405326,0,0.0,0,0.0,64,0.090496,0,0.0
3,echo,cold,64,256,1.120656,1.120656,4,history/compute_graph_projection_inputs,256,1.120656,0,0.0,64,0.04752,128,1.00624,0,0.0
3,echo,cold,64,64,5.081198,5.081198,4,history/compute_graph_projection_layer_4_q_1024,64,5.081198,0,0.0,2624,22.946186,0,0.0,64,0.053184
3,echo,cold,64,256,0.854071,0.854071,4,history/compute_graph_value_expansion,256,0.854071,0,0.0,64,3.279775,0,0.0,64,0.05776
3,echo,cold,64,448,107.284058,107.284058,4,history/exact_topk,448,107.284058,0,0.0,128,11.267031,64,0.052032,0,0.0
3,echo,cold,64,192,0.745069,0.745069,4,history/index_cache_write,192,0.745069,0,0.0,0,0.0,128,0.164832,0,0.0
3,echo,cold,64,320,0.36905,0.36905,4,history/indexer_prefetch_aux,320,0.36905,0,0.0,64,126.516553,0,0.0,0,0.0
3,echo,cold,64,256,0.103193,0.103193,4,history/layer,256,0.103193,0,0.0,0,0.0,0,0.0,0,0.0
3,echo,cold,64,6596,15.248617,15.248617,4,history/offload_exact_recall,6596,15.248617,0,0.0,3328,117.685585,64,0.09072,64,0.049376
3,echo,cold,64,2465,5.726619,5.726619,4,history/offload_finalize,2465,5.726619,0,0.0,1280,4.154462,64,0.061664,33,0.027616
3,echo,cold,64,4199,184.35331,184.35331,4,history/offload_prepare,4199,184.35331,0,0.0,1653,3.746494,191,0.216287,384,0.360224
3,echo,cold,64,64,0.020377,0.020377,4,history/offload_source_reservation,64,0.020377,0,0.0,0,0.0,0,0.0,0,0.0
3,echo,cold,64,128,1.181385,1.181385,4,history/replay_input_copy,128,1.181385,0,0.0,0,0.0,128,1.014174,0,0.0
3,echo,cold,64,324,1.120049,1.120049,4,history/sparse_mla_aux,324,1.120049,0,0.0,64,57.219784,0,0.0,0,0.0
3,echo,cold,1,0,0.0,0.0,5,candidate/attention_output,0,0.0,0,0.0,0,0.0,0,0.0,0,0.0
3,echo,cold,1,0,0.0,0.0,5,candidate/attention_projection,0,0.0,0,0.0,0,0.0,0,0.0,0,0.0
3,echo,cold,1,4,0.009399,0.009399,5,candidate/cache_write,4,0.009399,0,0.0,0,0.0,1,0.001472,0,0.0
3,echo,cold,1,1,0.048245,0.048245,5,candidate/compute_graph_finish_layer_5_q_128,1,0.048245,0,0.0,13,0.194687,0,0.0,0,0.0
3,echo,cold,1,4,0.016868,0.016868,5,candidate/compute_graph_projection_inputs,4,0.016868,0,0.0,1,0.000768,2,0.002848,0,0.0
3,echo,cold,1,1,0.092023,0.092023,5,candidate/compute_graph_projection_layer_5_q_128,1,0.092023,0,0.0,41,0.142144,0,0.0,0,0.0
3,echo,cold,1,3,0.005825,0.005825,5,candidate/compute_graph_value_expansion,3,0.005825,0,0.0,1,0.010496,0,0.0,0,0.0
3,echo,cold,1,7,0.518361,0.518361,5,candidate/exact_topk,7,0.518361,0,0.0,2,0.038656,1,0.000768,0,0.0
3,echo,cold,1,3,0.011411,0.011411,5,candidate/index_cache_write,3,0.011411,0,0.0,0,0.0,2,0.001664,0,0.0
3,echo,cold,1,5,0.005689,0.005689,5,candidate/indexer_prefetch_aux,5,0.005689,0,0.0,1,0.84288,0,0.0,0,0.0
3,echo,cold,1,7,0.014036,0.014036,5,candidate/layer,7,0.014036,0,0.0,0,0.0,2,0.006816,0,0.0
3,echo,cold,1,115,0.244724,0.244724,5,candidate/offload_exact_recall,115,0.244724,0,0.0,58,1.665023,1,0.001376,1,0.0008
3,echo,cold,1,39,0.090844,0.090844,5,candidate/offload_finalize,39,0.090844,0,0.0,20,0.055904,1,0.000992,1,0.0008
3,echo,cold,1,66,0.980506,0.980506,5,candidate/offload_prepare,66,0.980506,0,0.0,26,0.059487,3,0.003552,6,0.005408
3,echo,cold,1,1,0.000306,0.000306,5,candidate/offload_source_reservation,1,0.000306,0,0.0,0,0.0,0,0.0,0,0.0
3,echo,cold,1,2,0.019034,0.019034,5,candidate/replay_input_copy,2,0.019034,0,0.0,0,0.0,2,0.003936,0,0.0
3,echo,cold,1,5,0.008413,0.008413,5,candidate/sparse_mla_aux,5,0.008413,0,0.0,1,0.12112,0,0.0,0,0.0
3,echo,cold,64,0,0.0,0.0,5,history/attention_output,0,0.0,0,0.0,0,0.0,0,0.0,0,0.0
3,echo,cold,64,0,0.0,0.0,5,history/attention_projection,0,0.0,0,0.0,0,0.0,0,0.0,0,0.0
3,echo,cold,64,4225,11.446724,11.446724,5,history/cache_write,4225,11.446724,0,0.0,1921,5.023772,128,0.16384,0,0.0
3,echo,cold,64,64,2.339467,2.339467,5,history/compute_graph_finish_layer_5_q_1024,64,2.339467,0,0.0,832,59.984357,0,0.0,0,0.0
3,echo,cold,64,64,0.400044,0.400044,5,history/compute_graph_owned_writeback_source,64,0.400044,0,0.0,0,0.0,64,0.090144,0,0.0
3,echo,cold,64,256,1.118389,1.118389,5,history/compute_graph_projection_inputs,256,1.118389,0,0.0,64,0.04816,128,1.011488,0,0.0
3,echo,cold,64,64,5.194712,5.194712,5,history/compute_graph_projection_layer_5_q_1024,64,5.194712,0,0.0,2624,22.952905,0,0.0,64,0.053472
3,echo,cold,64,256,0.867591,0.867591,5,history/compute_graph_value_expansion,256,0.867591,0,0.0,64,3.257695,0,0.0,64,0.065024
3,echo,cold,64,448,99.494943,99.494943,5,history/exact_topk,448,99.494943,0,0.0,128,11.912469,64,0.052032,0,0.0
3,echo,cold,64,192,0.770332,0.770332,5,history/index_cache_write,192,0.770332,0,0.0,0,0.0,128,0.167264,0,0.0
3,echo,cold,64,320,0.369926,0.369926,5,history/indexer_prefetch_aux,320,0.369926,0,0.0,64,118.737462,0,0.0,0,0.0
3,echo,cold,64,256,0.102769,0.102769,5,history/layer,256,0.102769,0,0.0,0,0.0,0,0.0,0,0.0
3,echo,cold,64,6592,14.668187,14.668187,5,history/offload_exact_recall,6592,14.668187,0,0.0,3328,116.420138,64,0.093696,64,0.049504
3,echo,cold,64,2465,5.846594,5.846594,5,history/offload_finalize,2465,5.846594,0,0.0,1280,4.136794,64,0.063008,33,0.02912
3,echo,cold,64,4199,183.540718,183.540718,5,history/offload_prepare,4199,183.540718,0,0.0,1653,3.743135,191,0.219263,384,0.355936
3,echo,cold,64,64,0.021087,0.021087,5,history/offload_source_reservation,64,0.021087,0,0.0,0,0.0,0,0.0,0,0.0
3,echo,cold,64,128,1.17357,1.17357,5,history/replay_input_copy,128,1.17357,0,0.0,0,0.0,128,1.016543,0,0.0
3,echo,cold,64,320,0.724676,0.724676,5,history/sparse_mla_aux,320,0.724676,0,0.0,64,58.293576,0,0.0,0,0.0
3,echo,cold,1,0,0.0,0.0,6,candidate/attention_output,0,0.0,0,0.0,0,0.0,0,0.0,0,0.0
3,echo,cold,1,0,0.0,0.0,6,candidate/attention_projection,0,0.0,0,0.0,0,0.0,0,0.0,0,0.0
3,echo,cold,1,4,0.009869,0.009869,6,candidate/cache_write,4,0.009869,0,0.0,0,0.0,1,0.001536,0,0.0
3,echo,cold,1,1,0.046699,0.046699,6,candidate/compute_graph_finish_layer_6_q_128,1,0.046699,0,0.0,13,0.1952,0,0.0,0,0.0
3,echo,cold,1,3,0.011911,0.011911,6,candidate/compute_graph_projection_inputs,3,0.011911,0,0.0,1,0.0008,1,0.001344,0,0.0
3,echo,cold,1,1,0.092152,0.092152,6,candidate/compute_graph_projection_layer_6_q_128,1,0.092152,0,0.0,41,0.141568,0,0.0,0,0.0
3,echo,cold,1,3,0.005676,0.005676,6,candidate/compute_graph_value_expansion,3,0.005676,0,0.0,1,0.010976,0,0.0,0,0.0
3,echo,cold,1,7,0.635268,0.635268,6,candidate/exact_topk,7,0.635268,0,0.0,2,0.03936,1,0.000736,0,0.0
3,echo,cold,1,3,0.011401,0.011401,6,candidate/index_cache_write,3,0.011401,0,0.0,0,0.0,2,0.001952,0,0.0
3,echo,cold,1,5,0.005513,0.005513,6,candidate/indexer_prefetch_aux,5,0.005513,0,0.0,1,0.960735,0,0.0,0,0.0
3,echo,cold,1,7,0.014,0.014,6,candidate/layer,7,0.014,0,0.0,0,0.0,2,0.00672,0,0.0
3,echo,cold,1,115,0.247823,0.247823,6,candidate/offload_exact_recall,115,0.247823,0,0.0,58,1.663967,1,0.002528,1,0.0008
3,echo,cold,1,39,0.096767,0.096767,6,candidate/offload_finalize,39,0.096767,0,0.0,20,0.056192,1,0.00096,1,0.001088
3,echo,cold,1,66,1.021152,1.021152,6,candidate/offload_prepare,66,1.021152,0,0.0,26,0.059552,3,0.003616,6,0.005504
3,echo,cold,1,1,0.000306,0.000306,6,candidate/offload_source_reservation,1,0.000306,0,0.0,0,0.0,0,0.0,0,0.0
3,echo,cold,1,1,0.012883,0.012883,6,candidate/replay_input_copy,1,0.012883,0,0.0,0,0.0,1,0.00224,0,0.0
3,echo,cold,1,5,0.008419,0.008419,6,candidate/sparse_mla_aux,5,0.008419,0,0.0,1,0.1192,0,0.0,0,0.0
3,echo,cold,64,0,0.0,0.0,6,history/attention_output,0,0.0,0,0.0,0,0.0,0,0.0,0,0.0
3,echo,cold,64,0,0.0,0.0,6,history/attention_projection,0,0.0,0,0.0,0,0.0,0,0.0,0,0.0
3,echo,cold,64,4225,11.062383,11.062383,6,history/cache_write,4225,11.062383,0,0.0,1921,5.012828,128,0.1648,0,0.0
3,echo,cold,64,64,2.330304,2.330304,6,history/compute_graph_finish_layer_6_q_1024,64,2.330304,0,0.0,832,60.006179,0,0.0,0,0.0
3,echo,cold,64,64,0.62078,0.62078,6,history/compute_graph_owned_writeback_source,64,0.62078,0,0.0,0,0.0,64,0.090624,0,0.0
3,echo,cold,64,192,0.870869,0.870869,6,history/compute_graph_projection_inputs,192,0.870869,0,0.0,64,0.04832,64,0.38352,0,0.0
3,echo,cold,64,64,5.032629,5.032629,6,history/compute_graph_projection_layer_6_q_1024,64,5.032629,0,0.0,2624,22.515045,0,0.0,64,0.054816
3,echo,cold,64,256,0.837815,0.837815,6,history/compute_graph_value_expansion,256,0.837815,0,0.0,64,3.265982,0,0.0,64,0.061088
3,echo,cold,64,448,108.526482,108.526482,6,history/exact_topk,448,108.526482,0,0.0,128,11.345943,64,0.052224,0,0.0
3,echo,cold,64,192,0.762888,0.762888,6,history/index_cache_write,192,0.762888,0,0.0,0,0.0,128,0.167616,0,0.0
3,echo,cold,64,320,0.386766,0.386766,6,history/indexer_prefetch_aux,320,0.386766,0,0.0,64,127.826633,0,0.0,0,0.0
3,echo,cold,64,256,0.111022,0.111022,6,history/layer,256,0.111022,0,0.0,0,0.0,0,0.0,0,0.0
3,echo,cold,64,6592,14.714826,14.714826,6,history/offload_exact_recall,6592,14.714826,0,0.0,3328,117.765492,64,0.092383,64,0.050432
3,echo,cold,64,2465,5.805879,5.805879,6,history/offload_finalize,2465,5.805879,0,0.0,1280,4.164537,64,0.062368,33,0.026464
3,echo,cold,64,4199,183.848117,183.848117,6,history/offload_prepare,4199,183.848117,0,0.0,1653,3.748667,191,0.218112,384,0.35504
3,echo,cold,64,64,0.020538,0.020538,6,history/offload_source_reservation,64,0.020538,0,0.0,0,0.0,0,0.0,0,0.0
3,echo,cold,64,64,0.825727,0.825727,6,history/replay_input_copy,64,0.825727,0,0.0,0,0.0,64,0.501376,0,0.0
3,echo,cold,64,320,0.539647,0.539647,6,history/sparse_mla_aux,320,0.539647,0,0.0,64,57.239178,0,0.0,0,0.0
3,echo,cold,1,0,0.0,0.0,7,candidate/attention_output,0,0.0,0,0.0,0,0.0,0,0.0,0,0.0
3,echo,cold,1,0,0.0,0.0,7,candidate/attention_projection,0,0.0,0,0.0,0,0.0,0,0.0,0,0.0
3,echo,cold,1,4,0.008974,0.008974,7,candidate/cache_write,4,0.008974,0,0.0,0,0.0,1,0.001472,0,0.0
3,echo,cold,1,1,0.047486,0.047486,7,candidate/compute_graph_finish_layer_7_q_128,1,0.047486,0,0.0,13,0.194656,0,0.0,0,0.0
3,echo,cold,1,4,0.016806,0.016806,7,candidate/compute_graph_projection_inputs,4,0.016806,0,0.0,1,0.000704,2,0.00304,0,0.0
3,echo,cold,1,1,0.09065,0.09065,7,candidate/compute_graph_projection_layer_7_q_128,1,0.09065,0,0.0,41,0.141088,0,0.0,0,0.0
3,echo,cold,1,3,0.00575,0.00575,7,candidate/compute_graph_value_expansion,3,0.00575,0,0.0,1,0.010144,0,0.0,0,0.0
3,echo,cold,1,7,0.620596,0.620596,7,candidate/exact_topk,7,0.620596,0,0.0,2,0.037888,1,0.000736,0,0.0
3,echo,cold,1,3,0.011441,0.011441,7,candidate/index_cache_write,3,0.011441,0,0.0,0,0.0,2,0.001664,0,0.0
3,echo,cold,1,5,0.005602,0.005602,7,candidate/indexer_prefetch_aux,5,0.005602,0,0.0,1,0.952031,0,0.0,0,0.0
3,echo,cold,1,7,0.013381,0.013381,7,candidate/layer,7,0.013381,0,0.0,0,0.0,2,0.006464,0,0.0
3,echo,cold,1,115,0.242263,0.242263,7,candidate/offload_exact_recall,115,0.242263,0,0.0,58,1.665919,1,0.001472,1,0.000768
3,echo,cold,1,39,0.092533,0.092533,7,candidate/offload_finalize,39,0.092533,0,0.0,20,0.055552,1,0.000992,1,0.0008
3,echo,cold,1,66,0.998349,0.998349,7,candidate/offload_prepare,66,0.998349,0,0.0,26,0.05936,3,0.003648,6,0.00544
3,echo,cold,1,1,0.00031,0.00031,7,candidate/offload_source_reservation,1,0.00031,0,0.0,0,0.0,0,0.0,0,0.0
3,echo,cold,1,2,0.018361,0.018361,7,candidate/replay_input_copy,2,0.018361,0,0.0,0,0.0,2,0.004096,0,0.0
3,echo,cold,1,5,0.0091,0.0091,7,candidate/sparse_mla_aux,5,0.0091,0,0.0,1,0.11904,0,0.0,0,0.0
3,echo,cold,64,0,0.0,0.0,7,history/attention_output,0,0.0,0,0.0,0,0.0,0,0.0,0,0.0
3,echo,cold,64,0,0.0,0.0,7,history/attention_projection,0,0.0,0,0.0,0,0.0,0,0.0,0,0.0
3,echo,cold,64,4225,11.304981,11.304981,7,history/cache_write,4225,11.304981,0,0.0,1921,5.016152,128,0.160192,0,0.0
3,echo,cold,64,64,2.358134,2.358134,7,history/compute_graph_finish_layer_7_q_1024,64,2.358134,0,0.0,832,59.843749,0,0.0,0,0.0
3,echo,cold,64,64,0.385903,0.385903,7,history/compute_graph_owned_writeback_source,64,0.385903,0,0.0,0,0.0,64,0.090208,0,0.0
3,echo,cold,64,256,1.126369,1.126369,7,history/compute_graph_projection_inputs,256,1.126369,0,0.0,64,0.048416,128,1.01283,0,0.0
3,echo,cold,64,64,5.048509,5.048509,7,history/compute_graph_projection_layer_7_q_1024,64,5.048509,0,0.0,2624,22.962153,0,0.0,64,0.054048
3,echo,cold,64,256,0.84146,0.84146,7,history/compute_graph_value_expansion,256,0.84146,0,0.0,64,3.268189,0,0.0,64,0.065024
3,echo,cold,64,448,107.154116,107.154116,7,history/exact_topk,448,107.154116,0,0.0,128,11.264631,64,0.052064,0,0.0
3,echo,cold,64,192,0.727804,0.727804,7,history/index_cache_write,192,0.727804,0,0.0,0,0.0,128,0.15712,0,0.0
3,echo,cold,64,320,0.375838,0.375838,7,history/indexer_prefetch_aux,320,0.375838,0,0.0,64,126.511081,0,0.0,0,0.0
3,echo,cold,64,256,0.104431,0.104431,7,history/layer,256,0.104431,0,0.0,0,0.0,0,0.0,0,0.0
3,echo,cold,64,6592,14.624421,14.624421,7,history/offload_exact_recall,6592,14.624421,0,0.0,3328,117.848499,64,0.093088,64,0.049632
3,echo,cold,64,2465,5.844499,5.844499,7,history/offload_finalize,2465,5.844499,0,0.0,1280,4.13878,64,0.06144,33,0.027456
3,echo,cold,64,4199,184.375019,184.375019,7,history/offload_prepare,4199,184.375019,0,0.0,1653,3.748925,191,0.2176,384,0.354048
3,echo,cold,64,64,0.020878,0.020878,7,history/offload_source_reservation,64,0.020878,0,0.0,0,0.0,0,0.0,0,0.0
3,echo,cold,64,128,1.209722,1.209722,7,history/replay_input_copy,128,1.209722,0,0.0,0,0.0,128,1.011391,0,0.0
3,echo,cold,64,320,0.549118,0.549118,7,history/sparse_mla_aux,320,0.549118,0,0.0,64,57.18756,0,0.0,0,0.0
3,echo,cold,1,0,0.0,0.0,8,candidate/attention_output,0,0.0,0,0.0,0,0.0,0,0.0,0,0.0
3,echo,cold,1,0,0.0,0.0,8,candidate/attention_projection,0,0.0,0,0.0,0,0.0,0,0.0,0,0.0
3,echo,cold,1,4,0.010252,0.010252,8,candidate/cache_write,4,0.010252,0,0.0,0,0.0,1,0.001472,0,0.0
3,echo,cold,1,1,0.046652,0.046652,8,candidate/compute_graph_finish_layer_8_q_128,1,0.046652,0,0.0,13,0.196288,0,0.0,0,0.0
3,echo,cold,1,4,0.017186,0.017186,8,candidate/compute_graph_projection_inputs,4,0.017186,0,0.0,1,0.000768,2,0.003296,0,0.0
3,echo,cold,1,1,0.087148,0.087148,8,candidate/compute_graph_projection_layer_8_q_128,1,0.087148,0,0.0,41,0.141087,0,0.0,0,0.0
3,echo,cold,1,3,0.00572,0.00572,8,candidate/compute_graph_value_expansion,3,0.00572,0,0.0,1,0.010656,0,0.0,0,0.0
3,echo,cold,1,7,0.532559,0.532559,8,candidate/exact_topk,7,0.532559,0,0.0,2,0.039008,1,0.000736,0,0.0
3,echo,cold,1,3,0.011679,0.011679,8,candidate/index_cache_write,3,0.011679,0,0.0,0,0.0,2,0.001728,0,0.0
3,echo,cold,1,5,0.00563,0.00563,8,candidate/indexer_prefetch_aux,5,0.00563,0,0.0,1,0.84416,0,0.0,0,0.0
3,echo,cold,1,7,0.013665,0.013665,8,candidate/layer,7,0.013665,0,0.0,0,0.0,2,0.0064,0,0.0
3,echo,cold,1,115,0.250555,0.250555,8,candidate/offload_exact_recall,115,0.250555,0,0.0,58,1.665631,1,0.001472,1,0.0008
3,echo,cold,1,39,0.09368,0.09368,8,candidate/offload_finalize,39,0.09368,0,0.0,20,0.056511,1,0.001024,1,0.0008
3,echo,cold,1,66,0.991151,0.991151,8,candidate/offload_prepare,66,0.991151,0,0.0,26,0.059552,3,0.003328,6,0.005472
3,echo,cold,1,1,0.000298,0.000298,8,candidate/offload_source_reservation,1,0.000298,0,0.0,0,0.0,0,0.0,0,0.0
3,echo,cold,1,2,0.018827,0.018827,8,candidate/replay_input_copy,2,0.018827,0,0.0,0,0.0,2,0.004096,0,0.0
3,echo,cold,1,5,0.008479,0.008479,8,candidate/sparse_mla_aux,5,0.008479,0,0.0,1,0.121119,0,0.0,0,0.0
3,echo,cold,64,0,0.0,0.0,8,history/attention_output,0,0.0,0,0.0,0,0.0,0,0.0,0,0.0
3,echo,cold,64,0,0.0,0.0,8,history/attention_projection,0,0.0,0,0.0,0,0.0,0,0.0,0,0.0
3,echo,cold,64,4225,11.152739,11.152739,8,history/cache_write,4225,11.152739,0,0.0,1921,5.031549,128,0.165312,0,0.0
3,echo,cold,64,64,2.322077,2.322077,8,history/compute_graph_finish_layer_8_q_1024,64,2.322077,0,0.0,832,59.979144,0,0.0,0,0.0
3,echo,cold,64,64,0.410396,0.410396,8,history/compute_graph_owned_writeback_source,64,0.410396,0,0.0,0,0.0,64,0.090303,0,0.0
3,echo,cold,64,256,1.115932,1.115932,8,history/compute_graph_projection_inputs,256,1.115932,0,0.0,64,0.04816,128,1.009696,0,0.0
3,echo,cold,64,64,5.007844,5.007844,8,history/compute_graph_projection_layer_8_q_1024,64,5.007844,0,0.0,2624,23.023691,0,0.0,64,0.054912
3,echo,cold,64,256,0.841303,0.841303,8,history/compute_graph_value_expansion,256,0.841303,0,0.0,64,3.267067,0,0.0,64,0.063776
3,echo,cold,64,448,99.850396,99.850396,8,history/exact_topk,448,99.850396,0,0.0,128,11.915091,64,0.053312,0,0.0
3,echo,cold,64,192,0.733444,0.733444,8,history/index_cache_write,192,0.733444,0,0.0,0,0.0,128,0.164128,0,0.0
3,echo,cold,64,320,0.362717,0.362717,8,history/indexer_prefetch_aux,320,0.362717,0,0.0,64,118.798808,0,0.0,0,0.0
3,echo,cold,64,256,0.103613,0.103613,8,history/layer,256,0.103613,0,0.0,0,0.0,0,0.0,0,0.0
3,echo,cold,64,6592,14.595385,14.595385,8,history/offload_exact_recall,6592,14.595385,0,0.0,3328,116.464364,64,0.09056,64,0.049472
3,echo,cold,64,2465,5.708723,5.708723,8,history/offload_finalize,2465,5.708723,0,0.0,1280,4.191003,64,0.063072,33,0.029952
3,echo,cold,64,4199,184.621706,184.621706,8,history/offload_prepare,4199,184.621706,0,0.0,1653,3.739484,191,0.219104,384,0.356288
3,echo,cold,64,64,0.020951,0.020951,8,history/offload_source_reservation,64,0.020951,0,0.0,0,0.0,0,0.0,0,0.0
3,echo,cold,64,128,1.179549,1.179549,8,history/replay_input_copy,128,1.179549,0,0.0,0,0.0,128,1.016573,0,0.0
3,echo,cold,64,320,0.540502,0.540502,8,history/sparse_mla_aux,320,0.540502,0,0.0,64,58.266602,0,0.0,0,0.0
3,echo,cold,1,0,0.0,0.0,9,candidate/attention_output,0,0.0,0,0.0,0,0.0,0,0.0,0,0.0
3,echo,cold,1,0,0.0,0.0,9,candidate/attention_projection,0,0.0,0,0.0,0,0.0,0,0.0,0,0.0
3,echo,cold,1,4,0.008842,0.008842,9,candidate/cache_write,4,0.008842,0,0.0,0,0.0,1,0.00144,0,0.0
3,echo,cold,1,1,0.046679,0.046679,9,candidate/compute_graph_finish_layer_9_q_128,1,0.046679,0,0.0,13,0.193152,0,0.0,0,0.0
3,echo,cold,1,3,0.011998,0.011998,9,candidate/compute_graph_projection_inputs,3,0.011998,0,0.0,1,0.000768,1,0.001568,0,0.0
3,echo,cold,1,1,0.089069,0.089069,9,candidate/compute_graph_projection_layer_9_q_128,1,0.089069,0,0.0,41,0.141952,0,0.0,0,0.0
3,echo,cold,1,3,0.005232,0.005232,9,candidate/compute_graph_value_expansion,3,0.005232,0,0.0,1,0.010624,0,0.0,0,0.0
3,echo,cold,1,7,0.624085,0.624085,9,candidate/exact_topk,7,0.624085,0,0.0,2,0.040064,1,0.000736,0,0.0
3,echo,cold,1,3,0.011953,0.011953,9,candidate/index_cache_write,3,0.011953,0,0.0,0,0.0,2,0.001696,0,0.0
3,echo,cold,1,5,0.005764,0.005764,9,candidate/indexer_prefetch_aux,5,0.005764,0,0.0,1,0.948031,0,0.0,0,0.0
3,echo,cold,1,7,0.013722,0.013722,9,candidate/layer,7,0.013722,0,0.0,0,0.0,2,0.006304,0,0.0
3,echo,cold,1,115,0.244795,0.244795,9,candidate/offload_exact_recall,115,0.244795,0,0.0,58,1.664703,1,0.001472,1,0.0008
3,echo,cold,1,39,0.09207,0.09207,9,candidate/offload_finalize,39,0.09207,0,0.0,20,0.05664,1,0.000992,1,0.0008
3,echo,cold,1,66,1.018542,1.018542,9,candidate/offload_prepare,66,1.018542,0,0.0,26,0.059072,3,0.003424,6,0.005536
3,echo,cold,1,1,0.000313,0.000313,9,candidate/offload_source_reservation,1,0.000313,0,0.0,0,0.0,0,0.0,0,0.0
3,echo,cold,1,1,0.01299,0.01299,9,candidate/replay_input_copy,1,0.01299,0,0.0,0,0.0,1,0.002144,0,0.0
3,echo,cold,1,5,0.008465,0.008465,9,candidate/sparse_mla_aux,5,0.008465,0,0.0,1,0.119296,0,0.0,0,0.0
3,echo,cold,64,0,0.0,0.0,9,history/attention_output,0,0.0,0,0.0,0,0.0,0,0.0,0,0.0
3,echo,cold,64,0,0.0,0.0,9,history/attention_projection,0,0.0,0,0.0,0,0.0,0,0.0,0,0.0
3,echo,cold,64,4225,11.073492,11.073492,9,history/cache_write,4225,11.073492,0,0.0,1921,5.007482,128,0.163263,0,0.0
3,echo,cold,64,64,2.293776,2.293776,9,history/compute_graph_finish_layer_9_q_1024,64,2.293776,0,0.0,832,59.985671,0,0.0,0,0.0
3,echo,cold,64,64,0.426611,0.426611,9,history/compute_graph_owned_writeback_source,64,0.426611,0,0.0,0,0.0,64,0.090752,0,0.0
3,echo,cold,64,192,0.843462,0.843462,9,history/compute_graph_projection_inputs,192,0.843462,0,0.0,64,0.050432,64,0.388032,0,0.0
3,echo,cold,64,64,4.948237,4.948237,9,history/compute_graph_projection_layer_9_q_1024,64,4.948237,0,0.0,2624,22.529259,0,0.0,64,0.054208
3,echo,cold,64,256,0.846823,0.846823,9,history/compute_graph_value_expansion,256,0.846823,0,0.0,64,3.266269,0,0.0,64,0.063328
3,echo,cold,64,448,108.473252,108.473252,9,history/exact_topk,448,108.473252,0,0.0,128,11.344249,64,0.052128,0,0.0
3,echo,cold,64,192,0.742494,0.742494,9,history/index_cache_write,192,0.742494,0,0.0,0,0.0,128,0.160672,0,0.0
3,echo,cold,64,320,0.385197,0.385197,9,history/indexer_prefetch_aux,320,0.385197,0,0.0,64,127.84222,0,0.0,0,0.0
3,echo,cold,64,256,0.102572,0.102572,9,history/layer,256,0.102572,0,0.0,0,0.0,0,0.0,0,0.0
3,echo,cold,64,6592,14.68137,14.68137,9,history/offload_exact_recall,6592,14.68137,0,0.0,3328,118.205065,64,0.092416,64,0.049632
3,echo,cold,64,2465,5.865915,5.865915,9,history/offload_finalize,2465,5.865915,0,0.0,1280,4.164473,64,0.062688,33,0.028992
3,echo,cold,64,4199,185.668376,185.668376,9,history/offload_prepare,4199,185.668376,0,0.0,1653,3.742619,191,0.218816,384,0.354079
3,echo,cold,64,64,0.020495,0.020495,9,history/offload_source_reservation,64,0.020495,0,0.0,0,0.0,0,0.0,0,0.0
3,echo,cold,64,64,0.808379,0.808379,9,history/replay_input_copy,64,0.808379,0,0.0,0,0.0,64,0.497278,0,0.0
3,echo,cold,64,320,0.557441,0.557441,9,history/sparse_mla_aux,320,0.557441,0,0.0,64,57.196746,0,0.0,0,0.0
3,echo,cold,1,494,2.434524,2.434524,shared,candidate/chunk,494,2.434524,0,0.0,0,0.0,11,0.010816,0,0.0
3,echo,cold,1,2,0.00586,0.00586,shared,candidate/embedding,2,0.00586,0,0.0,1,0.003296,0,0.0,0,0.0
3,echo,cold,1,16,0.043514,0.043514,shared,candidate/final_norm_lm_head,16,0.043514,0,0.0,7,0.447328,0,0.0,1,0.0008
3,echo,cold,1,88,0.154656,0.154656,shared,candidate/forward,88,0.154656,0,0.0,12,0.011232,12,0.013536,0,0.0
3,echo,cold,64,446,4.482738,4.482738,shared,history/chunk,446,4.482738,0,0.0,1,0.436639,10,0.009056,0,0.0
3,echo,cold,64,130,0.54779,0.54779,shared,history/embedding,130,0.54779,0,0.0,64,0.450816,0,0.0,0,0.0
3,echo,cold,64,646,1.696674,1.696674,shared,history/final_norm_lm_head,646,1.696674,0,0.0,322,6.034489,0,0.0,1,0.0008
3,echo,cold,1,49,0.359787,0.359787,shared,history/forward,49,0.359787,0,0.0,12,0.029504,12,0.013408,0,0.0
3,echo,cold,1,132,1.676378,1.676378,shared,request/request,132,1.676378,0,0.0,11,0.008064,22,0.063296,0,0.0
4,echo,revisit,1,0,0.0,0.0,0,candidate/attention_output,0,0.0,0,0.0,0,0.0,0,0.0,0,0.0
4,echo,revisit,1,0,0.0,0.0,0,candidate/attention_projection,0,0.0,0,0.0,0,0.0,0,0.0,0,0.0
4,echo,revisit,1,4,0.010129,0.010129,0,candidate/cache_write,4,0.010129,0,0.0,0,0.0,1,0.001504,0,0.0
4,echo,revisit,1,1,0.05796,0.05796,0,candidate/compute_graph_finish_layer_0_q_128,1,0.05796,0,0.0,13,0.194208,0,0.0,0,0.0
4,echo,revisit,1,3,0.013728,0.013728,0,candidate/compute_graph_projection_inputs,3,0.013728,0,0.0,1,0.000736,1,0.001568,0,0.0
4,echo,revisit,1,1,0.125049,0.125049,0,candidate/compute_graph_projection_layer_0_q_128,1,0.125049,0,0.0,41,0.139328,0,0.0,0,0.0
4,echo,revisit,1,3,0.006699,0.006699,0,candidate/compute_graph_value_expansion,3,0.006699,0,0.0,1,0.01056,0,0.0,0,0.0
4,echo,revisit,1,7,0.734542,0.734542,0,candidate/exact_topk,7,0.734542,0,0.0,2,0.038176,1,0.000896,0,0.0
4,echo,revisit,1,3,0.01373,0.01373,0,candidate/index_cache_write,3,0.01373,0,0.0,0,0.0,2,0.00192,0,0.0
4,echo,revisit,1,5,0.007135,0.007135,0,candidate/indexer_prefetch_aux,5,0.007135,0,0.0,1,1.111041,0,0.0,0,0.0
4,echo,revisit,1,7,0.017375,0.017375,0,candidate/layer,7,0.017375,0,0.0,0,0.0,2,0.006688,0,0.0
4,echo,revisit,1,115,0.259917,0.259917,0,candidate/offload_exact_recall,115,0.259917,0,0.0,58,1.739522,1,0.001472,1,0.000768
4,echo,revisit,1,39,0.099116,0.099116,0,candidate/offload_finalize,39,0.099116,0,0.0,20,0.057408,1,0.000992,1,0.001024
4,echo,revisit,1,66,0.195823,0.195823,0,candidate/offload_prepare,66,0.195823,0,0.0,26,0.060352,3,0.003616,6,0.005376
4,echo,revisit,1,1,0.000305,0.000305,0,candidate/offload_source_reservation,1,0.000305,0,0.0,0,0.0,0,0.0,0,0.0
4,echo,revisit,1,5,0.010271,0.010271,0,candidate/sparse_mla_aux,5,0.010271,0,0.0,1,0.119808,0,0.0,0,0.0
4,echo,revisit,1,0,0.0,0.0,1,candidate/attention_output,0,0.0,0,0.0,0,0.0,0,0.0,0,0.0
4,echo,revisit,1,0,0.0,0.0,1,candidate/attention_projection,0,0.0,0,0.0,0,0.0,0,0.0,0,0.0
4,echo,revisit,1,4,0.008663,0.008663,1,candidate/cache_write,4,0.008663,0,0.0,0,0.0,1,0.001504,0,0.0
4,echo,revisit,1,1,0.040291,0.040291,1,candidate/compute_graph_finish_layer_1_q_128,1,0.040291,0,0.0,13,0.195009,0,0.0,0,0.0
4,echo,revisit,1,4,0.018462,0.018462,1,candidate/compute_graph_projection_inputs,4,0.018462,0,0.0,1,0.000864,2,0.003552,0,0.0
4,echo,revisit,1,1,0.097127,0.097127,1,candidate/compute_graph_projection_layer_1_q_128,1,0.097127,0,0.0,41,0.140896,0,0.0,0,0.0
4,echo,revisit,1,3,0.005525,0.005525,1,candidate/compute_graph_value_expansion,3,0.005525,0,0.0,1,0.010144,0,0.0,0,0.0
4,echo,revisit,1,7,0.615424,0.615424,1,candidate/exact_topk,7,0.615424,0,0.0,2,0.041664,1,0.000864,0,0.0
4,echo,revisit,1,3,0.012474,0.012474,1,candidate/index_cache_write,3,0.012474,0,0.0,0,0.0,2,0.001664,0,0.0
4,echo,revisit,1,5,0.005771,0.005771,1,candidate/indexer_prefetch_aux,5,0.005771,0,0.0,1,0.961665,0,0.0,0,0.0
4,echo,revisit,1,7,0.022088,0.022088,1,candidate/layer,7,0.022088,0,0.0,0,0.0,2,0.006624,0,0.0
4,echo,revisit,1,115,0.24731,0.24731,1,candidate/offload_exact_recall,115,0.24731,0,0.0,58,1.734625,1,0.002368,1,0.000736
4,echo,revisit,1,39,0.102193,0.102193,1,candidate/offload_finalize,39,0.102193,0,0.0,20,0.05712,1,0.000992,1,0.0008
4,echo,revisit,1,66,0.961762,0.961762,1,candidate/offload_prepare,66,0.961762,0,0.0,26,0.059776,3,0.00368,6,0.005664
4,echo,revisit,1,1,0.000309,0.000309,1,candidate/offload_source_reservation,1,0.000309,0,0.0,0,0.0,0,0.0,0,0.0
4,echo,revisit,1,5,0.008833,0.008833,1,candidate/sparse_mla_aux,5,0.008833,0,0.0,1,0.119296,0,0.0,0,0.0
4,echo,revisit,1,0,0.0,0.0,2,candidate/attention_output,0,0.0,0,0.0,0,0.0,0,0.0,0,0.0
4,echo,revisit,1,0,0.0,0.0,2,candidate/attention_projection,0,0.0,0,0.0,0,0.0,0,0.0,0,0.0
4,echo,revisit,1,4,0.008686,0.008686,2,candidate/cache_write,4,0.008686,0,0.0,0,0.0,1,0.0016,0,0.0
4,echo,revisit,1,1,0.04124,0.04124,2,candidate/compute_graph_finish_layer_2_q_128,1,0.04124,0,0.0,13,0.193312,0,0.0,0,0.0
4,echo,revisit,1,4,0.01786,0.01786,2,candidate/compute_graph_projection_inputs,4,0.01786,0,0.0,1,0.000768,2,0.003808,0,0.0
4,echo,revisit,1,1,0.087538,0.087538,2,candidate/compute_graph_projection_layer_2_q_128,1,0.087538,0,0.0,41,0.140832,0,0.0,0,0.0
4,echo,revisit,1,3,0.005543,0.005543,2,candidate/compute_graph_value_expansion,3,0.005543,0,0.0,1,0.010336,0,0.0,0,0.0
4,echo,revisit,1,7,0.671593,0.671593,2,candidate/exact_topk,7,0.671593,0,0.0,2,0.041888,1,0.000864,0,0.0
4,echo,revisit,1,3,0.011833,0.011833,2,candidate/index_cache_write,3,0.011833,0,0.0,0,0.0,2,0.001728,0,0.0
4,echo,revisit,1,5,0.005501,0.005501,2,candidate/indexer_prefetch_aux,5,0.005501,0,0.0,1,0.996961,0,0.0,0,0.0
4,echo,revisit,1,7,0.021587,0.021587,2,candidate/layer,7,0.021587,0,0.0,0,0.0,2,0.006784,0,0.0
4,echo,revisit,1,115,0.244674,0.244674,2,candidate/offload_exact_recall,115,0.244674,0,0.0,58,1.724354,1,0.0016,1,0.000736
4,echo,revisit,1,39,0.093,0.093,2,candidate/offload_finalize,39,0.093,0,0.0,20,0.05792,1,0.000992,1,0.0008
4,echo,revisit,1,66,1.064024,1.064024,2,candidate/offload_prepare,66,1.064024,0,0.0,26,0.060384,3,0.003552,6,0.005408
4,echo,revisit,1,1,0.000317,0.000317,2,candidate/offload_source_reservation,1,0.000317,0,0.0,0,0.0,0,0.0,0,0.0
4,echo,revisit,1,5,0.008193,0.008193,2,candidate/sparse_mla_aux,5,0.008193,0,0.0,1,0.12128,0,0.0,0,0.0
4,echo,revisit,1,0,0.0,0.0,3,candidate/attention_output,0,0.0,0,0.0,0,0.0,0,0.0,0,0.0
4,echo,revisit,1,0,0.0,0.0,3,candidate/attention_projection,0,0.0,0,0.0,0,0.0,0,0.0,0,0.0
4,echo,revisit,1,4,0.008144,0.008144,3,candidate/cache_write,4,0.008144,0,0.0,0,0.0,1,0.001408,0,0.0
4,echo,revisit,1,1,0.041129,0.041129,3,candidate/compute_graph_finish_layer_3_q_128,1,0.041129,0,0.0,13,0.19264,0,0.0,0,0.0
4,echo,revisit,1,3,0.011222,0.011222,3,candidate/compute_graph_projection_inputs,3,0.011222,0,0.0,1,0.000768,1,0.001344,0,0.0
4,echo,revisit,1,1,0.086379,0.086379,3,candidate/compute_graph_projection_layer_3_q_128,1,0.086379,0,0.0,41,0.140832,0,0.0,0,0.0
4,echo,revisit,1,3,0.005266,0.005266,3,candidate/compute_graph_value_expansion,3,0.005266,0,0.0,1,0.010208,0,0.0,0,0.0
4,echo,revisit,1,7,0.832539,0.832539,3,candidate/exact_topk,7,0.832539,0,0.0,2,0.040864,1,0.000864,0,0.0
4,echo,revisit,1,3,0.01182,0.01182,3,candidate/index_cache_write,3,0.01182,0,0.0,0,0.0,2,0.001696,0,0.0
4,echo,revisit,1,5,0.005969,0.005969,3,candidate/indexer_prefetch_aux,5,0.005969,0,0.0,1,1.143169,0,0.0,0,0.0
4,echo,revisit,1,7,0.014248,0.014248,3,candidate/layer,7,0.014248,0,0.0,0,0.0,2,0.006368,0,0.0
4,echo,revisit,1,115,0.250284,0.250284,3,candidate/offload_exact_recall,115,0.250284,0,0.0,58,1.741633,1,0.00144,1,0.000736
4,echo,revisit,1,39,0.092321,0.092321,3,candidate/offload_finalize,39,0.092321,0,0.0,20,0.057536,1,0.001056,1,0.0008
4,echo,revisit,1,66,1.034605,1.034605,3,candidate/offload_prepare,66,1.034605,0,0.0,26,0.060192,3,0.003552,6,0.005952
4,echo,revisit,1,1,0.000301,0.000301,3,candidate/offload_source_reservation,1,0.000301,0,0.0,0,0.0,0,0.0,0,0.0
4,echo,revisit,1,1,0.012562,0.012562,3,candidate/replay_input_copy,1,0.012562,0,0.0,0,0.0,1,0.002048,0,0.0
4,echo,revisit,1,5,0.00816,0.00816,3,candidate/sparse_mla_aux,5,0.00816,0,0.0,1,0.12016,0,0.0,0,0.0
4,echo,revisit,1,0,0.0,0.0,4,candidate/attention_output,0,0.0,0,0.0,0,0.0,0,0.0,0,0.0
4,echo,revisit,1,0,0.0,0.0,4,candidate/attention_projection,0,0.0,0,0.0,0,0.0,0,0.0,0,0.0
4,echo,revisit,1,4,0.009157,0.009157,4,candidate/cache_write,4,0.009157,0,0.0,0,0.0,1,0.001376,0,0.0
4,echo,revisit,1,1,0.041495,0.041495,4,candidate/compute_graph_finish_layer_4_q_128,1,0.041495,0,0.0,13,0.194336,0,0.0,0,0.0
4,echo,revisit,1,4,0.016673,0.016673,4,candidate/compute_graph_projection_inputs,4,0.016673,0,0.0,1,0.000736,2,0.003264,0,0.0
4,echo,revisit,1,1,0.090435,0.090435,4,candidate/compute_graph_projection_layer_4_q_128,1,0.090435,0,0.0,41,0.141504,0,0.0,0,0.0
4,echo,revisit,1,3,0.005186,0.005186,4,candidate/compute_graph_value_expansion,3,0.005186,0,0.0,1,0.010368,0,0.0,0,0.0
4,echo,revisit,1,7,0.63654,0.63654,4,candidate/exact_topk,7,0.63654,0,0.0,2,0.040897,1,0.000864,0,0.0
4,echo,revisit,1,3,0.012109,0.012109,4,candidate/index_cache_write,3,0.012109,0,0.0,0,0.0,2,0.001696,0,0.0
4,echo,revisit,1,5,0.006004,0.006004,4,candidate/indexer_prefetch_aux,5,0.006004,0,0.0,1,0.965216,0,0.0,0,0.0
4,echo,revisit,1,7,0.013789,0.013789,4,candidate/layer,7,0.013789,0,0.0,0,0.0,2,0.006496,0,0.0
4,echo,revisit,1,115,0.248393,0.248393,4,candidate/offload_exact_recall,115,0.248393,0,0.0,58,1.734785,1,0.001376,1,0.000736
4,echo,revisit,1,39,0.092615,0.092615,4,candidate/offload_finalize,39,0.092615,0,0.0,20,0.056992,1,0.000992,1,0.001088
4,echo,revisit,1,66,1.030359,1.030359,4,candidate/offload_prepare,66,1.030359,0,0.0,26,0.05984,3,0.003456,6,0.005632
4,echo,revisit,1,1,0.00031,0.00031,4,candidate/offload_source_reservation,1,0.00031,0,0.0,0,0.0,0,0.0,0,0.0
4,echo,revisit,1,2,0.018367,0.018367,4,candidate/replay_input_copy,2,0.018367,0,0.0,0,0.0,2,0.004096,0,0.0
4,echo,revisit,1,5,0.00843,0.00843,4,candidate/sparse_mla_aux,5,0.00843,0,0.0,1,0.118048,0,0.0,0,0.0
4,echo,revisit,1,0,0.0,0.0,5,candidate/attention_output,0,0.0,0,0.0,0,0.0,0,0.0,0,0.0
4,echo,revisit,1,0,0.0,0.0,5,candidate/attention_projection,0,0.0,0,0.0,0,0.0,0,0.0,0,0.0
4,echo,revisit,1,4,0.008955,0.008955,5,candidate/cache_write,4,0.008955,0,0.0,0,0.0,1,0.00144,0,0.0
4,echo,revisit,1,1,0.041309,0.041309,5,candidate/compute_graph_finish_layer_5_q_128,1,0.041309,0,0.0,13,0.195137,0,0.0,0,0.0
4,echo,revisit,1,4,0.016435,0.016435,5,candidate/compute_graph_projection_inputs,4,0.016435,0,0.0,1,0.000768,2,0.0032,0,0.0
4,echo,revisit,1,1,0.084487,0.084487,5,candidate/compute_graph_projection_layer_5_q_128,1,0.084487,0,0.0,41,0.141056,0,0.0,0,0.0
4,echo,revisit,1,3,0.005384,0.005384,5,candidate/compute_graph_value_expansion,3,0.005384,0,0.0,1,0.010304,0,0.0,0,0.0
4,echo,revisit,1,7,0.662295,0.662295,5,candidate/exact_topk,7,0.662295,0,0.0,2,0.042208,1,0.000896,0,0.0
4,echo,revisit,1,3,0.01224,0.01224,5,candidate/index_cache_write,3,0.01224,0,0.0,0,0.0,2,0.001824,0,0.0
4,echo,revisit,1,5,0.005814,0.005814,5,candidate/indexer_prefetch_aux,5,0.005814,0,0.0,1,0.994625,0,0.0,0,0.0
4,echo,revisit,1,7,0.013831,0.013831,5,candidate/layer,7,0.013831,0,0.0,0,0.0,2,0.0064,0,0.0
4,echo,revisit,1,115,0.247989,0.247989,5,candidate/offload_exact_recall,115,0.247989,0,0.0,58,1.724321,1,0.00128,1,0.000736
4,echo,revisit,1,39,0.090924,0.090924,5,candidate/offload_finalize,39,0.090924,0,0.0,20,0.056768,1,0.001024,1,0.001152
4,echo,revisit,1,66,1.024463,1.024463,5,candidate/offload_prepare,66,1.024463,0,0.0,26,0.060384,3,0.003488,6,0.005664
4,echo,revisit,1,1,0.000303,0.000303,5,candidate/offload_source_reservation,1,0.000303,0,0.0,0,0.0,0,0.0,0,0.0
4,echo,revisit,1,2,0.017406,0.017406,5,candidate/replay_input_copy,2,0.017406,0,0.0,0,0.0,2,0.004064,0,0.0
4,echo,revisit,1,5,0.00851,0.00851,5,candidate/sparse_mla_aux,5,0.00851,0,0.0,1,0.120928,0,0.0,0,0.0
4,echo,revisit,1,0,0.0,0.0,6,candidate/attention_output,0,0.0,0,0.0,0,0.0,0,0.0,0,0.0
4,echo,revisit,1,0,0.0,0.0,6,candidate/attention_projection,0,0.0,0,0.0,0,0.0,0,0.0,0,0.0
4,echo,revisit,1,4,0.008736,0.008736,6,candidate/cache_write,4,0.008736,0,0.0,0,0.0,1,0.001376,0,0.0
4,echo,revisit,1,1,0.038742,0.038742,6,candidate/compute_graph_finish_layer_6_q_128,1,0.038742,0,0.0,13,0.194656,0,0.0,0,0.0
4,echo,revisit,1,3,0.011486,0.011486,6,candidate/compute_graph_projection_inputs,3,0.011486,0,0.0,1,0.0008,1,0.001632,0,0.0
4,echo,revisit,1,1,0.08735,0.08735,6,candidate/compute_graph_projection_layer_6_q_128,1,0.08735,0,0.0,41,0.140608,0,0.0,0,0.0
4,echo,revisit,1,3,0.005294,0.005294,6,candidate/compute_graph_value_expansion,3,0.005294,0,0.0,1,0.01088,0,0.0,0,0.0
4,echo,revisit,1,7,0.83488,0.83488,6,candidate/exact_topk,7,0.83488,0,0.0,2,0.041664,1,0.000896,0,0.0
4,echo,revisit,1,3,0.012309,0.012309,6,candidate/index_cache_write,3,0.012309,0,0.0,0,0.0,2,0.001728,0,0.0
4,echo,revisit,1,5,0.005811,0.005811,6,candidate/indexer_prefetch_aux,5,0.005811,0,0.0,1,1.139233,0,0.0,0,0.0
4,echo,revisit,1,7,0.013757,0.013757,6,candidate/layer,7,0.013757,0,0.0,0,0.0,2,0.006656,0,0.0
4,echo,revisit,1,115,0.241584,0.241584,6,candidate/offload_exact_recall,115,0.241584,0,0.0,58,1.741154,1,0.001504,1,0.000768
4,echo,revisit,1,39,0.090651,0.090651,6,candidate/offload_finalize,39,0.090651,0,0.0,20,0.058048,1,0.000992,1,0.0008
4,echo,revisit,1,66,1.033323,1.033323,6,candidate/offload_prepare,66,1.033323,0,0.0,26,0.060416,3,0.003488,6,0.00544
4,echo,revisit,1,1,0.000324,0.000324,6,candidate/offload_source_reservation,1,0.000324,0,0.0,0,0.0,0,0.0,0,0.0
4,echo,revisit,1,1,0.013155,0.013155,6,candidate/replay_input_copy,1,0.013155,0,0.0,0,0.0,1,0.002016,0,0.0
4,echo,revisit,1,5,0.008525,0.008525,6,candidate/sparse_mla_aux,5,0.008525,0,0.0,1,0.120704,0,0.0,0,0.0
4,echo,revisit,1,0,0.0,0.0,7,candidate/attention_output,0,0.0,0,0.0,0,0.0,0,0.0,0,0.0
4,echo,revisit,1,0,0.0,0.0,7,candidate/attention_projection,0,0.0,0,0.0,0,0.0,0,0.0,0,0.0
4,echo,revisit,1,4,0.009521,0.009521,7,candidate/cache_write,4,0.009521,0,0.0,0,0.0,1,0.00128,0,0.0
4,echo,revisit,1,1,0.039298,0.039298,7,candidate/compute_graph_finish_layer_7_q_128,1,0.039298,0,0.0,13,0.19472,0,0.0,0,0.0
4,echo,revisit,1,4,0.016913,0.016913,7,candidate/compute_graph_projection_inputs,4,0.016913,0,0.0,1,0.000768,2,0.00336,0,0.0
4,echo,revisit,1,1,0.084965,0.084965,7,candidate/compute_graph_projection_layer_7_q_128,1,0.084965,0,0.0,41,0.14176,0,0.0,0,0.0
4,echo,revisit,1,3,0.005272,0.005272,7,candidate/compute_graph_value_expansion,3,0.005272,0,0.0,1,0.010528,0,0.0,0,0.0
4,echo,revisit,1,7,0.657502,0.657502,7,candidate/exact_topk,7,0.657502,0,0.0,2,0.04112,1,0.000864,0,0.0
4,echo,revisit,1,3,0.012065,0.012065,7,candidate/index_cache_write,3,0.012065,0,0.0,0,0.0,2,0.00176,0,0.0
4,echo,revisit,1,5,0.005742,0.005742,7,candidate/indexer_prefetch_aux,5,0.005742,0,0.0,1,0.966049,0,0.0,0,0.0
4,echo,revisit,1,7,0.01358,0.01358,7,candidate/layer,7,0.01358,0,0.0,0,0.0,2,0.006592,0,0.0
4,echo,revisit,1,115,0.245018,0.245018,7,candidate/offload_exact_recall,115,0.245018,0,0.0,58,1.73373,1,0.001376,1,0.000736
4,echo,revisit,1,39,0.091078,0.091078,7,candidate/offload_finalize,39,0.091078,0,0.0,20,0.05696,1,0.000992,1,0.0008
4,echo,revisit,1,66,1.042407,1.042407,7,candidate/offload_prepare,66,1.042407,0,0.0,26,0.06064,3,0.003488,6,0.005377
4,echo,revisit,1,1,0.000355,0.000355,7,candidate/offload_source_reservation,1,0.000355,0,0.0,0,0.0,0,0.0,0,0.0
4,echo,revisit,1,2,0.0179,0.0179,7,candidate/replay_input_copy,2,0.0179,0,0.0,0,0.0,2,0.004,0,0.0
4,echo,revisit,1,5,0.008742,0.008742,7,candidate/sparse_mla_aux,5,0.008742,0,0.0,1,0.118464,0,0.0,0,0.0
4,echo,revisit,1,0,0.0,0.0,8,candidate/attention_output,0,0.0,0,0.0,0,0.0,0,0.0,0,0.0
4,echo,revisit,1,0,0.0,0.0,8,candidate/attention_projection,0,0.0,0,0.0,0,0.0,0,0.0,0,0.0
4,echo,revisit,1,4,0.008882,0.008882,8,candidate/cache_write,4,0.008882,0,0.0,0,0.0,1,0.001536,0,0.0
4,echo,revisit,1,1,0.038822,0.038822,8,candidate/compute_graph_finish_layer_8_q_128,1,0.038822,0,0.0,13,0.192896,0,0.0,0,0.0
4,echo,revisit,1,4,0.016742,0.016742,8,candidate/compute_graph_projection_inputs,4,0.016742,0,0.0,1,0.000704,2,0.003136,0,0.0
4,echo,revisit,1,1,0.082535,0.082535,8,candidate/compute_graph_projection_layer_8_q_128,1,0.082535,0,0.0,41,0.14128,0,0.0,0,0.0
4,echo,revisit,1,3,0.005425,0.005425,8,candidate/compute_graph_value_expansion,3,0.005425,0,0.0,1,0.010561,0,0.0,0,0.0
4,echo,revisit,1,7,0.68367,0.68367,8,candidate/exact_topk,7,0.68367,0,0.0,2,0.042432,1,0.000864,0,0.0
4,echo,revisit,1,3,0.011885,0.011885,8,candidate/index_cache_write,3,0.011885,0,0.0,0,0.0,2,0.001664,0,0.0
4,echo,revisit,1,5,0.00556,0.00556,8,candidate/indexer_prefetch_aux,5,0.00556,0,0.0,1,0.999105,0,0.0,0,0.0
4,echo,revisit,1,7,0.013303,0.013303,8,candidate/layer,7,0.013303,0,0.0,0,0.0,2,0.006848,0,0.0
4,echo,revisit,1,115,0.244713,0.244713,8,candidate/offload_exact_recall,115,0.244713,0,0.0,58,1.724706,1,0.001248,1,0.000736
4,echo,revisit,1,39,0.089345,0.089345,8,candidate/offload_finalize,39,0.089345,0,0.0,20,0.057696,1,0.001184,1,0.001184
4,echo,revisit,1,66,1.047132,1.047132,8,candidate/offload_prepare,66,1.047132,0,0.0,26,0.060384,3,0.003776,6,0.00544
4,echo,revisit,1,1,0.000306,0.000306,8,candidate/offload_source_reservation,1,0.000306,0,0.0,0,0.0,0,0.0,0,0.0
4,echo,revisit,1,2,0.016837,0.016837,8,candidate/replay_input_copy,2,0.016837,0,0.0,0,0.0,2,0.004032,0,0.0
4,echo,revisit,1,5,0.008325,0.008325,8,candidate/sparse_mla_aux,5,0.008325,0,0.0,1,0.121056,0,0.0,0,0.0
4,echo,revisit,1,0,0.0,0.0,9,candidate/attention_output,0,0.0,0,0.0,0,0.0,0,0.0,0,0.0
4,echo,revisit,1,0,0.0,0.0,9,candidate/attention_projection,0,0.0,0,0.0,0,0.0,0,0.0,0,0.0
4,echo,revisit,1,4,0.008617,0.008617,9,candidate/cache_write,4,0.008617,0,0.0,0,0.0,1,0.00144,0,0.0
4,echo,revisit,1,1,0.04003,0.04003,9,candidate/compute_graph_finish_layer_9_q_128,1,0.04003,0,0.0,13,0.194849,0,0.0,0,0.0
4,echo,revisit,1,3,0.012538,0.012538,9,candidate/compute_graph_projection_inputs,3,0.012538,0,0.0,1,0.000768,1,0.001472,0,0.0
4,echo,revisit,1,1,0.084635,0.084635,9,candidate/compute_graph_projection_layer_9_q_128,1,0.084635,0,0.0,41,0.140288,0,0.0,0,0.0
4,echo,revisit,1,3,0.005578,0.005578,9,candidate/compute_graph_value_expansion,3,0.005578,0,0.0,1,0.010368,0,0.0,0,0.0
4,echo,revisit,1,7,0.812544,0.812544,9,candidate/exact_topk,7,0.812544,0,0.0,2,0.041152,1,0.000864,0,0.0
4,echo,revisit,1,3,0.01192,0.01192,9,candidate/index_cache_write,3,0.01192,0,0.0,0,0.0,2,0.00176,0,0.0
4,echo,revisit,1,5,0.00562,0.00562,9,candidate/indexer_prefetch_aux,5,0.00562,0,0.0,1,1.138561,0,0.0,0,0.0
4,echo,revisit,1,7,0.014495,0.014495,9,candidate/layer,7,0.014495,0,0.0,0,0.0,2,0.006304,0,0.0
4,echo,revisit,1,115,0.245231,0.245231,9,candidate/offload_exact_recall,115,0.245231,0,0.0,58,1.739425,1,0.001504,1,0.000736
4,echo,revisit,1,39,0.095352,0.095352,9,candidate/offload_finalize,39,0.095352,0,0.0,20,0.057984,1,0.000992,1,0.0008
4,echo,revisit,1,66,1.054065,1.054065,9,candidate/offload_prepare,66,1.054065,0,0.0,26,0.060352,3,0.003456,6,0.005408
4,echo,revisit,1,1,0.000305,0.000305,9,candidate/offload_source_reservation,1,0.000305,0,0.0,0,0.0,0,0.0,0,0.0
4,echo,revisit,1,1,0.012762,0.012762,9,candidate/replay_input_copy,1,0.012762,0,0.0,0,0.0,1,0.00192,0,0.0
4,echo,revisit,1,5,0.00804,0.00804,9,candidate/sparse_mla_aux,5,0.00804,0,0.0,1,0.119936,0,0.0,0,0.0
4,echo,revisit,1,494,2.415685,2.415685,shared,candidate/chunk,494,2.415685,0,0.0,0,0.0,11,0.011616,0,0.0
4,echo,revisit,1,2,0.007644,0.007644,shared,candidate/embedding,2,0.007644,0,0.0,1,0.0024,0,0.0,0,0.0
4,echo,revisit,1,16,0.047942,0.047942,shared,candidate/final_norm_lm_head,16,0.047942,0,0.0,7,0.44224,0,0.0,1,0.0008
4,echo,revisit,1,88,0.196571,0.196571,shared,candidate/forward,88,0.196571,0,0.0,12,0.01072,12,0.014752,0,0.0
4,echo,revisit,1,109,0.754895,0.754895,shared,request/request,109,0.754895,0,0.0,0,0.0,21,0.061472,0,0.0
