layer,history_tokens,new_tokens,history_variant,item_variant,unique_history_tokens,unique_new_tokens,history_coverage_pct,new_coverage_pct,history_mib,all_mib,history_sha256,candidate_suffix_sha256,source_input_sha256
0,4096,64,0,0,3645,64,88.9892578125,100.0,2.2803497314453125,2.3203887939453125,fdafd908177e335b298532c7f37bc50e45386d4bf4a382281b3c727921bf7955,8b1b30b50df2a630eb9dcd4ac0120f0fbb4226b3146c04546cc681cd9fbab507,0332d25356152ed459da51fc395896268b160ab31833a8fdf8237c453e8ad863
1,4096,64,0,0,3378,64,82.470703125,100.0,2.113311767578125,2.153350830078125,fdafd908177e335b298532c7f37bc50e45386d4bf4a382281b3c727921bf7955,8b1b30b50df2a630eb9dcd4ac0120f0fbb4226b3146c04546cc681cd9fbab507,0332d25356152ed459da51fc395896268b160ab31833a8fdf8237c453e8ad863
2,4096,64,0,0,3369,64,82.2509765625,100.0,2.1076812744140625,2.1477203369140625,fdafd908177e335b298532c7f37bc50e45386d4bf4a382281b3c727921bf7955,8b1b30b50df2a630eb9dcd4ac0120f0fbb4226b3146c04546cc681cd9fbab507,0332d25356152ed459da51fc395896268b160ab31833a8fdf8237c453e8ad863
0,4096,64,0,1,3617,64,88.3056640625,100.0,2.2628326416015625,2.3028717041015625,fdafd908177e335b298532c7f37bc50e45386d4bf4a382281b3c727921bf7955,44803f2d88d2542bc888ce18977434d05841408bb257f61123e8beee8938b2b9,d1b766bc795efadb2ae306f0aaaf139db5b58838a50ddfffb2651e5272b67ab5
1,4096,64,0,1,3385,64,82.6416015625,100.0,2.1176910400390625,2.1577301025390625,fdafd908177e335b298532c7f37bc50e45386d4bf4a382281b3c727921bf7955,44803f2d88d2542bc888ce18977434d05841408bb257f61123e8beee8938b2b9,d1b766bc795efadb2ae306f0aaaf139db5b58838a50ddfffb2651e5272b67ab5
2,4096,64,0,1,3362,64,82.080078125,100.0,2.103302001953125,2.143341064453125,fdafd908177e335b298532c7f37bc50e45386d4bf4a382281b3c727921bf7955,44803f2d88d2542bc888ce18977434d05841408bb257f61123e8beee8938b2b9,d1b766bc795efadb2ae306f0aaaf139db5b58838a50ddfffb2651e5272b67ab5
0,4096,64,0,2,3617,64,88.3056640625,100.0,2.2628326416015625,2.3028717041015625,fdafd908177e335b298532c7f37bc50e45386d4bf4a382281b3c727921bf7955,e4e4cbe16c70b408c1c9d938d7114e63c198be88902cbf85e90741f7c841115c,d05569f925242b25e20a8f5ec80fadffd98da2800b1c4cd236c68c7453a1e7fe
1,4096,64,0,2,3377,64,82.4462890625,100.0,2.1126861572265625,2.1527252197265625,fdafd908177e335b298532c7f37bc50e45386d4bf4a382281b3c727921bf7955,e4e4cbe16c70b408c1c9d938d7114e63c198be88902cbf85e90741f7c841115c,d05569f925242b25e20a8f5ec80fadffd98da2800b1c4cd236c68c7453a1e7fe
2,4096,64,0,2,3364,64,82.12890625,100.0,2.10455322265625,2.14459228515625,fdafd908177e335b298532c7f37bc50e45386d4bf4a382281b3c727921bf7955,e4e4cbe16c70b408c1c9d938d7114e63c198be88902cbf85e90741f7c841115c,d05569f925242b25e20a8f5ec80fadffd98da2800b1c4cd236c68c7453a1e7fe
0,4096,128,0,0,3854,128,94.091796875,100.0,2.411102294921875,2.491180419921875,fdafd908177e335b298532c7f37bc50e45386d4bf4a382281b3c727921bf7955,b01c21d44004009bb29cda6c83288d0294605b1063e9205a095d7e58c476d5f3,773ed72e3202e4ecb2327938a968edb5901bcb9494e0fe53da4c70a708a94412
1,4096,128,0,0,3618,128,88.330078125,100.0,2.263458251953125,2.343536376953125,fdafd908177e335b298532c7f37bc50e45386d4bf4a382281b3c727921bf7955,b01c21d44004009bb29cda6c83288d0294605b1063e9205a095d7e58c476d5f3,773ed72e3202e4ecb2327938a968edb5901bcb9494e0fe53da4c70a708a94412
2,4096,128,0,0,3575,128,87.2802734375,100.0,2.2365570068359375,2.3166351318359375,fdafd908177e335b298532c7f37bc50e45386d4bf4a382281b3c727921bf7955,b01c21d44004009bb29cda6c83288d0294605b1063e9205a095d7e58c476d5f3,773ed72e3202e4ecb2327938a968edb5901bcb9494e0fe53da4c70a708a94412
0,4096,128,0,1,3838,128,93.701171875,100.0,2.401092529296875,2.481170654296875,fdafd908177e335b298532c7f37bc50e45386d4bf4a382281b3c727921bf7955,d306c7272834b2d1357f8a590b91e41948f3b7fd3b4f30e427e9beb4218175a9,fa848d72b1f3bea782f3a8a4773a4fc73df1bb12a93df079408eff575d63161b
1,4096,128,0,1,3641,128,88.8916015625,100.0,2.2778472900390625,2.3579254150390625,fdafd908177e335b298532c7f37bc50e45386d4bf4a382281b3c727921bf7955,d306c7272834b2d1357f8a590b91e41948f3b7fd3b4f30e427e9beb4218175a9,fa848d72b1f3bea782f3a8a4773a4fc73df1bb12a93df079408eff575d63161b
2,4096,128,0,1,3580,128,87.40234375,100.0,2.23968505859375,2.31976318359375,fdafd908177e335b298532c7f37bc50e45386d4bf4a382281b3c727921bf7955,d306c7272834b2d1357f8a590b91e41948f3b7fd3b4f30e427e9beb4218175a9,fa848d72b1f3bea782f3a8a4773a4fc73df1bb12a93df079408eff575d63161b
0,4096,128,0,2,3842,128,93.798828125,100.0,2.403594970703125,2.483673095703125,fdafd908177e335b298532c7f37bc50e45386d4bf4a382281b3c727921bf7955,7ad1543f39c5560980bdca0cbf9b6c268302bbc463a4612fdf79b99dc8db5609,dfa75b2339bb14acd7d9541f2a3fea59555d824dbd16b30707a0ec178ee66ca1
1,4096,128,0,2,3631,128,88.6474609375,100.0,2.2715911865234375,2.3516693115234375,fdafd908177e335b298532c7f37bc50e45386d4bf4a382281b3c727921bf7955,7ad1543f39c5560980bdca0cbf9b6c268302bbc463a4612fdf79b99dc8db5609,dfa75b2339bb14acd7d9541f2a3fea59555d824dbd16b30707a0ec178ee66ca1
2,4096,128,0,2,3584,128,87.5,100.0,2.2421875,2.322265625,fdafd908177e335b298532c7f37bc50e45386d4bf4a382281b3c727921bf7955,7ad1543f39c5560980bdca0cbf9b6c268302bbc463a4612fdf79b99dc8db5609,dfa75b2339bb14acd7d9541f2a3fea59555d824dbd16b30707a0ec178ee66ca1
0,4096,256,0,0,3981,256,97.1923828125,100.0,2.4905548095703125,2.6507110595703125,fdafd908177e335b298532c7f37bc50e45386d4bf4a382281b3c727921bf7955,f8caff9e9a4fd44040f19aa6a25fc48ec327fe7a5a842a48eef69dbbc25bfbcb,8daed30995bab346c0b3786dcd3ebd55ab2c5151bb46c2bd282a3990351404d0
1,4096,256,0,0,3849,256,93.9697265625,100.0,2.4079742431640625,2.5681304931640625,fdafd908177e335b298532c7f37bc50e45386d4bf4a382281b3c727921bf7955,f8caff9e9a4fd44040f19aa6a25fc48ec327fe7a5a842a48eef69dbbc25bfbcb,8daed30995bab346c0b3786dcd3ebd55ab2c5151bb46c2bd282a3990351404d0
2,4096,256,0,0,3777,256,92.2119140625,100.0,2.3629302978515625,2.5230865478515625,fdafd908177e335b298532c7f37bc50e45386d4bf4a382281b3c727921bf7955,f8caff9e9a4fd44040f19aa6a25fc48ec327fe7a5a842a48eef69dbbc25bfbcb,8daed30995bab346c0b3786dcd3ebd55ab2c5151bb46c2bd282a3990351404d0
0,4096,256,0,1,3999,256,97.6318359375,100.0,2.5018157958984375,2.6619720458984375,fdafd908177e335b298532c7f37bc50e45386d4bf4a382281b3c727921bf7955,df58c57df4b684f1741f5a99beb576ad0e1b86556b4ff553664bb2dc644f5761,8d7498da89508390f84174d5250cf90644943678642836c46825a6f758b3c6f0
1,4096,256,0,1,3866,256,94.384765625,100.0,2.418609619140625,2.578765869140625,fdafd908177e335b298532c7f37bc50e45386d4bf4a382281b3c727921bf7955,df58c57df4b684f1741f5a99beb576ad0e1b86556b4ff553664bb2dc644f5761,8d7498da89508390f84174d5250cf90644943678642836c46825a6f758b3c6f0
2,4096,256,0,1,3774,256,92.138671875,100.0,2.361053466796875,2.521209716796875,fdafd908177e335b298532c7f37bc50e45386d4bf4a382281b3c727921bf7955,df58c57df4b684f1741f5a99beb576ad0e1b86556b4ff553664bb2dc644f5761,8d7498da89508390f84174d5250cf90644943678642836c46825a6f758b3c6f0
0,4096,256,0,2,3992,256,97.4609375,100.0,2.4974365234375,2.6575927734375,fdafd908177e335b298532c7f37bc50e45386d4bf4a382281b3c727921bf7955,6ddc7f1a61898ebe2fe24fe28fc4a7220a8ca0c22998948f662d46f38732c0d1,40b3bc892d7c82551a7acc3262f15cb4a80d1daa03d5e77147123430edea8d66
1,4096,256,0,2,3866,256,94.384765625,100.0,2.418609619140625,2.578765869140625,fdafd908177e335b298532c7f37bc50e45386d4bf4a382281b3c727921bf7955,6ddc7f1a61898ebe2fe24fe28fc4a7220a8ca0c22998948f662d46f38732c0d1,40b3bc892d7c82551a7acc3262f15cb4a80d1daa03d5e77147123430edea8d66
2,4096,256,0,2,3762,256,91.845703125,100.0,2.353546142578125,2.513702392578125,fdafd908177e335b298532c7f37bc50e45386d4bf4a382281b3c727921bf7955,6ddc7f1a61898ebe2fe24fe28fc4a7220a8ca0c22998948f662d46f38732c0d1,40b3bc892d7c82551a7acc3262f15cb4a80d1daa03d5e77147123430edea8d66
0,4096,512,0,0,4025,512,98.2666015625,100.0,2.5180816650390625,2.8383941650390625,fdafd908177e335b298532c7f37bc50e45386d4bf4a382281b3c727921bf7955,013feea748f8ae41b04cf0bf98307210e6566be9a69bd4e8d17da0dfe805a1fd,f3903ce1b13f44472a1872466cb6f93225cb096266bafe20773243f138b21298
1,4096,512,0,0,3979,512,97.1435546875,100.0,2.4893035888671875,2.8096160888671875,fdafd908177e335b298532c7f37bc50e45386d4bf4a382281b3c727921bf7955,013feea748f8ae41b04cf0bf98307210e6566be9a69bd4e8d17da0dfe805a1fd,f3903ce1b13f44472a1872466cb6f93225cb096266bafe20773243f138b21298
2,4096,512,0,0,3962,512,96.728515625,100.0,2.478668212890625,2.798980712890625,fdafd908177e335b298532c7f37bc50e45386d4bf4a382281b3c727921bf7955,013feea748f8ae41b04cf0bf98307210e6566be9a69bd4e8d17da0dfe805a1fd,f3903ce1b13f44472a1872466cb6f93225cb096266bafe20773243f138b21298
0,4096,512,0,1,4032,512,98.4375,100.0,2.5224609375,2.8427734375,fdafd908177e335b298532c7f37bc50e45386d4bf4a382281b3c727921bf7955,640b772a61dd987adceda5099ef648e8ccc2ab91ba30d9d089590174834a66aa,db8684746a3b0ace1ee71685dfa39162e9159d4319de077ee111c0eaefb3419b
1,4096,512,0,1,3988,512,97.36328125,100.0,2.49493408203125,2.81524658203125,fdafd908177e335b298532c7f37bc50e45386d4bf4a382281b3c727921bf7955,640b772a61dd987adceda5099ef648e8ccc2ab91ba30d9d089590174834a66aa,db8684746a3b0ace1ee71685dfa39162e9159d4319de077ee111c0eaefb3419b
2,4096,512,0,1,3960,512,96.6796875,100.0,2.4774169921875,2.7977294921875,fdafd908177e335b298532c7f37bc50e45386d4bf4a382281b3c727921bf7955,640b772a61dd987adceda5099ef648e8ccc2ab91ba30d9d089590174834a66aa,db8684746a3b0ace1ee71685dfa39162e9159d4319de077ee111c0eaefb3419b
0,4096,512,0,2,4036,512,98.53515625,100.0,2.52496337890625,2.84527587890625,fdafd908177e335b298532c7f37bc50e45386d4bf4a382281b3c727921bf7955,c855cdb4ee88f893dee2cd7172325549ea24ae63bc0d3b9e74448291b81e960f,56182f766f12b1b0f9c966ba9e9909d101b84c4252391b39524c7f16c414ea27
1,4096,512,0,2,3984,512,97.265625,100.0,2.492431640625,2.812744140625,fdafd908177e335b298532c7f37bc50e45386d4bf4a382281b3c727921bf7955,c855cdb4ee88f893dee2cd7172325549ea24ae63bc0d3b9e74448291b81e960f,56182f766f12b1b0f9c966ba9e9909d101b84c4252391b39524c7f16c414ea27
2,4096,512,0,2,3956,512,96.58203125,100.0,2.47491455078125,2.79522705078125,fdafd908177e335b298532c7f37bc50e45386d4bf4a382281b3c727921bf7955,c855cdb4ee88f893dee2cd7172325549ea24ae63bc0d3b9e74448291b81e960f,56182f766f12b1b0f9c966ba9e9909d101b84c4252391b39524c7f16c414ea27
0,4096,1024,0,0,4044,1024,98.73046875,100.0,2.52996826171875,3.17059326171875,fdafd908177e335b298532c7f37bc50e45386d4bf4a382281b3c727921bf7955,4d1a372119f5b737c613bc8291f818936d3f0935921b949db3f43b0836a4dbfb,8d4f6a9fee51f882694439bb3278c8fce5ae9ac4cdbc11786f2597d8483e6371
1,4096,1024,0,0,4017,1024,98.0712890625,100.0,2.5130767822265625,3.1537017822265625,fdafd908177e335b298532c7f37bc50e45386d4bf4a382281b3c727921bf7955,4d1a372119f5b737c613bc8291f818936d3f0935921b949db3f43b0836a4dbfb,8d4f6a9fee51f882694439bb3278c8fce5ae9ac4cdbc11786f2597d8483e6371
2,4096,1024,0,0,4063,1024,99.1943359375,100.0,2.5418548583984375,3.1824798583984375,fdafd908177e335b298532c7f37bc50e45386d4bf4a382281b3c727921bf7955,4d1a372119f5b737c613bc8291f818936d3f0935921b949db3f43b0836a4dbfb,8d4f6a9fee51f882694439bb3278c8fce5ae9ac4cdbc11786f2597d8483e6371
0,4096,1024,0,1,4050,1024,98.876953125,100.0,2.533721923828125,3.174346923828125,fdafd908177e335b298532c7f37bc50e45386d4bf4a382281b3c727921bf7955,5c9ee1e3d72cc73ee53cc8e22f5c38034bb6e2afcb002504b4902a7205a3b577,0d0c4004551b4ab36248ef6f41789c1a5243a3206eef798ac1c8b5d656add1ef
1,4096,1024,0,1,4018,1024,98.095703125,100.0,2.513702392578125,3.154327392578125,fdafd908177e335b298532c7f37bc50e45386d4bf4a382281b3c727921bf7955,5c9ee1e3d72cc73ee53cc8e22f5c38034bb6e2afcb002504b4902a7205a3b577,0d0c4004551b4ab36248ef6f41789c1a5243a3206eef798ac1c8b5d656add1ef
2,4096,1024,0,1,4066,1024,99.267578125,100.0,2.543731689453125,3.184356689453125,fdafd908177e335b298532c7f37bc50e45386d4bf4a382281b3c727921bf7955,5c9ee1e3d72cc73ee53cc8e22f5c38034bb6e2afcb002504b4902a7205a3b577,0d0c4004551b4ab36248ef6f41789c1a5243a3206eef798ac1c8b5d656add1ef
0,4096,1024,0,2,4052,1024,98.92578125,100.0,2.53497314453125,3.17559814453125,fdafd908177e335b298532c7f37bc50e45386d4bf4a382281b3c727921bf7955,80e649054065540274a45f7696df9c2444ccc81ba921f0a82c252733cf9c7da4,776374a51545a2fa6794972258a848594ef1a7b6763b7a09d6943a277cd57a8d
1,4096,1024,0,2,4007,1024,97.8271484375,100.0,2.5068206787109375,3.1474456787109375,fdafd908177e335b298532c7f37bc50e45386d4bf4a382281b3c727921bf7955,80e649054065540274a45f7696df9c2444ccc81ba921f0a82c252733cf9c7da4,776374a51545a2fa6794972258a848594ef1a7b6763b7a09d6943a277cd57a8d
2,4096,1024,0,2,4065,1024,99.2431640625,100.0,2.5431060791015625,3.1837310791015625,fdafd908177e335b298532c7f37bc50e45386d4bf4a382281b3c727921bf7955,80e649054065540274a45f7696df9c2444ccc81ba921f0a82c252733cf9c7da4,776374a51545a2fa6794972258a848594ef1a7b6763b7a09d6943a277cd57a8d
0,4096,2048,0,0,4041,2048,98.6572265625,100.0,2.5280914306640625,3.8093414306640625,fdafd908177e335b298532c7f37bc50e45386d4bf4a382281b3c727921bf7955,38c3963cc0fc887992bbf4eaa39f76df944b5121a6266e159a1e573a90510857,214c2ba4032ff5068a21f88f0d5fbdcb877f89a3f1dd2ba0c803efb8b4543ef4
1,4096,2048,0,0,4035,2048,98.5107421875,100.0,2.5243377685546875,3.8055877685546875,fdafd908177e335b298532c7f37bc50e45386d4bf4a382281b3c727921bf7955,38c3963cc0fc887992bbf4eaa39f76df944b5121a6266e159a1e573a90510857,214c2ba4032ff5068a21f88f0d5fbdcb877f89a3f1dd2ba0c803efb8b4543ef4
2,4096,2048,0,0,4087,2048,99.7802734375,100.0,2.5568695068359375,3.8381195068359375,fdafd908177e335b298532c7f37bc50e45386d4bf4a382281b3c727921bf7955,38c3963cc0fc887992bbf4eaa39f76df944b5121a6266e159a1e573a90510857,214c2ba4032ff5068a21f88f0d5fbdcb877f89a3f1dd2ba0c803efb8b4543ef4
0,4096,2048,0,1,4051,2048,98.9013671875,100.0,2.5343475341796875,3.8155975341796875,fdafd908177e335b298532c7f37bc50e45386d4bf4a382281b3c727921bf7955,601ec3c922c7c5103b900ce89856abcd4fed76836f0f45f142532f492fc0136c,11fb8e947f072f3ec0d66fa5a69d8b5344d3cd774c504dff0e2895f0fe6710d4
1,4096,2048,0,1,4038,2048,98.583984375,100.0,2.526214599609375,3.807464599609375,fdafd908177e335b298532c7f37bc50e45386d4bf4a382281b3c727921bf7955,601ec3c922c7c5103b900ce89856abcd4fed76836f0f45f142532f492fc0136c,11fb8e947f072f3ec0d66fa5a69d8b5344d3cd774c504dff0e2895f0fe6710d4
2,4096,2048,0,1,4087,2048,99.7802734375,100.0,2.5568695068359375,3.8381195068359375,fdafd908177e335b298532c7f37bc50e45386d4bf4a382281b3c727921bf7955,601ec3c922c7c5103b900ce89856abcd4fed76836f0f45f142532f492fc0136c,11fb8e947f072f3ec0d66fa5a69d8b5344d3cd774c504dff0e2895f0fe6710d4
0,4096,2048,0,2,4053,2048,98.9501953125,100.0,2.5355987548828125,3.8168487548828125,fdafd908177e335b298532c7f37bc50e45386d4bf4a382281b3c727921bf7955,83ed74face5a8a25e64aa17f589c2a3e608ddfbe876e2321168749ab3fa6f31b,00719b738b88d24134b3d4a78d42e8b393df51174e078bb916be4faff8dbbce8
1,4096,2048,0,2,4036,2048,98.53515625,100.0,2.52496337890625,3.80621337890625,fdafd908177e335b298532c7f37bc50e45386d4bf4a382281b3c727921bf7955,83ed74face5a8a25e64aa17f589c2a3e608ddfbe876e2321168749ab3fa6f31b,00719b738b88d24134b3d4a78d42e8b393df51174e078bb916be4faff8dbbce8
2,4096,2048,0,2,4088,2048,99.8046875,100.0,2.5574951171875,3.8387451171875,fdafd908177e335b298532c7f37bc50e45386d4bf4a382281b3c727921bf7955,83ed74face5a8a25e64aa17f589c2a3e608ddfbe876e2321168749ab3fa6f31b,00719b738b88d24134b3d4a78d42e8b393df51174e078bb916be4faff8dbbce8
0,4096,4096,0,0,4043,4096,98.7060546875,100.0,2.5293426513671875,5.0918426513671875,fdafd908177e335b298532c7f37bc50e45386d4bf4a382281b3c727921bf7955,3fcce29a2d9f9d7d84029dd54fa6650b2f30d13c358d3dea399a663eb39516d0,3fe71e30a0c99bf4b3db8f124b3549c33a1018c9aa663667a2aebdd3378c9c7f
1,4096,4096,0,0,4051,4096,98.9013671875,100.0,2.5343475341796875,5.0968475341796875,fdafd908177e335b298532c7f37bc50e45386d4bf4a382281b3c727921bf7955,3fcce29a2d9f9d7d84029dd54fa6650b2f30d13c358d3dea399a663eb39516d0,3fe71e30a0c99bf4b3db8f124b3549c33a1018c9aa663667a2aebdd3378c9c7f
2,4096,4096,0,0,4088,4096,99.8046875,100.0,2.5574951171875,5.1199951171875,fdafd908177e335b298532c7f37bc50e45386d4bf4a382281b3c727921bf7955,3fcce29a2d9f9d7d84029dd54fa6650b2f30d13c358d3dea399a663eb39516d0,3fe71e30a0c99bf4b3db8f124b3549c33a1018c9aa663667a2aebdd3378c9c7f
0,4096,4096,0,1,4050,4096,98.876953125,100.0,2.533721923828125,5.096221923828125,fdafd908177e335b298532c7f37bc50e45386d4bf4a382281b3c727921bf7955,4edf467664706dcacb362e7013481149735feb4a347e3eb2667531100fad5ec2,f21f03d327e42e2fb3458823711a98e65610c7582ac66057d33e125495d7f385
1,4096,4096,0,1,4047,4096,98.8037109375,100.0,2.5318450927734375,5.0943450927734375,fdafd908177e335b298532c7f37bc50e45386d4bf4a382281b3c727921bf7955,4edf467664706dcacb362e7013481149735feb4a347e3eb2667531100fad5ec2,f21f03d327e42e2fb3458823711a98e65610c7582ac66057d33e125495d7f385
2,4096,4096,0,1,4087,4096,99.7802734375,100.0,2.5568695068359375,5.1193695068359375,fdafd908177e335b298532c7f37bc50e45386d4bf4a382281b3c727921bf7955,4edf467664706dcacb362e7013481149735feb4a347e3eb2667531100fad5ec2,f21f03d327e42e2fb3458823711a98e65610c7582ac66057d33e125495d7f385
0,4096,4096,0,2,4052,4096,98.92578125,100.0,2.53497314453125,5.09747314453125,fdafd908177e335b298532c7f37bc50e45386d4bf4a382281b3c727921bf7955,413009579c0b7c203e7f2adfb5572c4870956baf3213e64a67a0a023119061bb,ee3468dbc7dedfb5f36efcebd126cc92931c8b1265ac5e5f83cb2635eeec7a08
1,4096,4096,0,2,4046,4096,98.779296875,100.0,2.531219482421875,5.093719482421875,fdafd908177e335b298532c7f37bc50e45386d4bf4a382281b3c727921bf7955,413009579c0b7c203e7f2adfb5572c4870956baf3213e64a67a0a023119061bb,ee3468dbc7dedfb5f36efcebd126cc92931c8b1265ac5e5f83cb2635eeec7a08
2,4096,4096,0,2,4088,4096,99.8046875,100.0,2.5574951171875,5.1199951171875,fdafd908177e335b298532c7f37bc50e45386d4bf4a382281b3c727921bf7955,413009579c0b7c203e7f2adfb5572c4870956baf3213e64a67a0a023119061bb,ee3468dbc7dedfb5f36efcebd126cc92931c8b1265ac5e5f83cb2635eeec7a08
0,4096,64,1,0,3602,64,87.939453125,100.0,2.253448486328125,2.293487548828125,12ead5c0f9a0f7d7376973930e18828c3ad07d4e8a38b8ca8435abffe7fb2256,8b1b30b50df2a630eb9dcd4ac0120f0fbb4226b3146c04546cc681cd9fbab507,d5182b44dc6e27039cb40aa6ce41a328ffff708b1771dd1dafb10fb03f8f6809
1,4096,64,1,0,3430,64,83.740234375,100.0,2.145843505859375,2.185882568359375,12ead5c0f9a0f7d7376973930e18828c3ad07d4e8a38b8ca8435abffe7fb2256,8b1b30b50df2a630eb9dcd4ac0120f0fbb4226b3146c04546cc681cd9fbab507,d5182b44dc6e27039cb40aa6ce41a328ffff708b1771dd1dafb10fb03f8f6809
2,4096,64,1,0,3376,64,82.421875,100.0,2.112060546875,2.152099609375,12ead5c0f9a0f7d7376973930e18828c3ad07d4e8a38b8ca8435abffe7fb2256,8b1b30b50df2a630eb9dcd4ac0120f0fbb4226b3146c04546cc681cd9fbab507,d5182b44dc6e27039cb40aa6ce41a328ffff708b1771dd1dafb10fb03f8f6809
0,4096,64,1,1,3583,64,87.4755859375,100.0,2.2415618896484375,2.2816009521484375,12ead5c0f9a0f7d7376973930e18828c3ad07d4e8a38b8ca8435abffe7fb2256,44803f2d88d2542bc888ce18977434d05841408bb257f61123e8beee8938b2b9,27ede7dde84da2cbd418971590853419446ab14954ae2513d8fd8dae1b950f5b
1,4096,64,1,1,3421,64,83.5205078125,100.0,2.1402130126953125,2.1802520751953125,12ead5c0f9a0f7d7376973930e18828c3ad07d4e8a38b8ca8435abffe7fb2256,44803f2d88d2542bc888ce18977434d05841408bb257f61123e8beee8938b2b9,27ede7dde84da2cbd418971590853419446ab14954ae2513d8fd8dae1b950f5b
2,4096,64,1,1,3368,64,82.2265625,100.0,2.1070556640625,2.1470947265625,12ead5c0f9a0f7d7376973930e18828c3ad07d4e8a38b8ca8435abffe7fb2256,44803f2d88d2542bc888ce18977434d05841408bb257f61123e8beee8938b2b9,27ede7dde84da2cbd418971590853419446ab14954ae2513d8fd8dae1b950f5b
0,4096,64,1,2,3574,64,87.255859375,100.0,2.235931396484375,2.275970458984375,12ead5c0f9a0f7d7376973930e18828c3ad07d4e8a38b8ca8435abffe7fb2256,e4e4cbe16c70b408c1c9d938d7114e63c198be88902cbf85e90741f7c841115c,f17eb5832da1ef043e8e3ea1c92be97b7316eb6f3acc1783d3d0d3873296d928
1,4096,64,1,2,3405,64,83.1298828125,100.0,2.1302032470703125,2.1702423095703125,12ead5c0f9a0f7d7376973930e18828c3ad07d4e8a38b8ca8435abffe7fb2256,e4e4cbe16c70b408c1c9d938d7114e63c198be88902cbf85e90741f7c841115c,f17eb5832da1ef043e8e3ea1c92be97b7316eb6f3acc1783d3d0d3873296d928
2,4096,64,1,2,3380,64,82.51953125,100.0,2.11456298828125,2.15460205078125,12ead5c0f9a0f7d7376973930e18828c3ad07d4e8a38b8ca8435abffe7fb2256,e4e4cbe16c70b408c1c9d938d7114e63c198be88902cbf85e90741f7c841115c,f17eb5832da1ef043e8e3ea1c92be97b7316eb6f3acc1783d3d0d3873296d928
0,4096,128,1,0,3840,128,93.75,100.0,2.40234375,2.482421875,12ead5c0f9a0f7d7376973930e18828c3ad07d4e8a38b8ca8435abffe7fb2256,b01c21d44004009bb29cda6c83288d0294605b1063e9205a095d7e58c476d5f3,39f1091275e74edcd05e856fc01bcf95e9fb57f51ae50b6abac7a1540f28fe1c
1,4096,128,1,0,3656,128,89.2578125,100.0,2.2872314453125,2.3673095703125,12ead5c0f9a0f7d7376973930e18828c3ad07d4e8a38b8ca8435abffe7fb2256,b01c21d44004009bb29cda6c83288d0294605b1063e9205a095d7e58c476d5f3,39f1091275e74edcd05e856fc01bcf95e9fb57f51ae50b6abac7a1540f28fe1c
2,4096,128,1,0,3590,128,87.646484375,100.0,2.245941162109375,2.326019287109375,12ead5c0f9a0f7d7376973930e18828c3ad07d4e8a38b8ca8435abffe7fb2256,b01c21d44004009bb29cda6c83288d0294605b1063e9205a095d7e58c476d5f3,39f1091275e74edcd05e856fc01bcf95e9fb57f51ae50b6abac7a1540f28fe1c
0,4096,128,1,1,3824,128,93.359375,100.0,2.392333984375,2.472412109375,12ead5c0f9a0f7d7376973930e18828c3ad07d4e8a38b8ca8435abffe7fb2256,d306c7272834b2d1357f8a590b91e41948f3b7fd3b4f30e427e9beb4218175a9,1f72170cce919de0017346fa1f8a527904d3ac9d8d4a85bfce32337dffbcce82
1,4096,128,1,1,3644,128,88.96484375,100.0,2.27972412109375,2.35980224609375,12ead5c0f9a0f7d7376973930e18828c3ad07d4e8a38b8ca8435abffe7fb2256,d306c7272834b2d1357f8a590b91e41948f3b7fd3b4f30e427e9beb4218175a9,1f72170cce919de0017346fa1f8a527904d3ac9d8d4a85bfce32337dffbcce82
2,4096,128,1,1,3588,128,87.59765625,100.0,2.24468994140625,2.32476806640625,12ead5c0f9a0f7d7376973930e18828c3ad07d4e8a38b8ca8435abffe7fb2256,d306c7272834b2d1357f8a590b91e41948f3b7fd3b4f30e427e9beb4218175a9,1f72170cce919de0017346fa1f8a527904d3ac9d8d4a85bfce32337dffbcce82
0,4096,128,1,2,3819,128,93.2373046875,100.0,2.3892059326171875,2.4692840576171875,12ead5c0f9a0f7d7376973930e18828c3ad07d4e8a38b8ca8435abffe7fb2256,7ad1543f39c5560980bdca0cbf9b6c268302bbc463a4612fdf79b99dc8db5609,6bc5612f8b960be5747da117ea647210b84f3cfabb739a20a06a7087c03c8400
1,4096,128,1,2,3631,128,88.6474609375,100.0,2.2715911865234375,2.3516693115234375,12ead5c0f9a0f7d7376973930e18828c3ad07d4e8a38b8ca8435abffe7fb2256,7ad1543f39c5560980bdca0cbf9b6c268302bbc463a4612fdf79b99dc8db5609,6bc5612f8b960be5747da117ea647210b84f3cfabb739a20a06a7087c03c8400
2,4096,128,1,2,3581,128,87.4267578125,100.0,2.2403106689453125,2.3203887939453125,12ead5c0f9a0f7d7376973930e18828c3ad07d4e8a38b8ca8435abffe7fb2256,7ad1543f39c5560980bdca0cbf9b6c268302bbc463a4612fdf79b99dc8db5609,6bc5612f8b960be5747da117ea647210b84f3cfabb739a20a06a7087c03c8400
0,4096,256,1,0,3982,256,97.216796875,100.0,2.491180419921875,2.651336669921875,12ead5c0f9a0f7d7376973930e18828c3ad07d4e8a38b8ca8435abffe7fb2256,f8caff9e9a4fd44040f19aa6a25fc48ec327fe7a5a842a48eef69dbbc25bfbcb,f4cab814c4a50653bbd66f7087edeaaba84c16860ac8b99e307f977ceb810e25
1,4096,256,1,0,3861,256,94.2626953125,100.0,2.4154815673828125,2.5756378173828125,12ead5c0f9a0f7d7376973930e18828c3ad07d4e8a38b8ca8435abffe7fb2256,f8caff9e9a4fd44040f19aa6a25fc48ec327fe7a5a842a48eef69dbbc25bfbcb,f4cab814c4a50653bbd66f7087edeaaba84c16860ac8b99e307f977ceb810e25
2,4096,256,1,0,3781,256,92.3095703125,100.0,2.3654327392578125,2.5255889892578125,12ead5c0f9a0f7d7376973930e18828c3ad07d4e8a38b8ca8435abffe7fb2256,f8caff9e9a4fd44040f19aa6a25fc48ec327fe7a5a842a48eef69dbbc25bfbcb,f4cab814c4a50653bbd66f7087edeaaba84c16860ac8b99e307f977ceb810e25
0,4096,256,1,1,3991,256,97.4365234375,100.0,2.4968109130859375,2.6569671630859375,12ead5c0f9a0f7d7376973930e18828c3ad07d4e8a38b8ca8435abffe7fb2256,df58c57df4b684f1741f5a99beb576ad0e1b86556b4ff553664bb2dc644f5761,7fc050dd9ca66070c412a14fc67d2a2af81939a335e6252cee5fe8b298650253
1,4096,256,1,1,3861,256,94.2626953125,100.0,2.4154815673828125,2.5756378173828125,12ead5c0f9a0f7d7376973930e18828c3ad07d4e8a38b8ca8435abffe7fb2256,df58c57df4b684f1741f5a99beb576ad0e1b86556b4ff553664bb2dc644f5761,7fc050dd9ca66070c412a14fc67d2a2af81939a335e6252cee5fe8b298650253
2,4096,256,1,1,3780,256,92.28515625,100.0,2.36480712890625,2.52496337890625,12ead5c0f9a0f7d7376973930e18828c3ad07d4e8a38b8ca8435abffe7fb2256,df58c57df4b684f1741f5a99beb576ad0e1b86556b4ff553664bb2dc644f5761,7fc050dd9ca66070c412a14fc67d2a2af81939a335e6252cee5fe8b298650253
0,4096,256,1,2,3982,256,97.216796875,100.0,2.491180419921875,2.651336669921875,12ead5c0f9a0f7d7376973930e18828c3ad07d4e8a38b8ca8435abffe7fb2256,6ddc7f1a61898ebe2fe24fe28fc4a7220a8ca0c22998948f662d46f38732c0d1,73c46bdafcee81b2cad3528789aec7873c7baff5f9d611c0d8c2eb3ba6ec5187
1,4096,256,1,2,3860,256,94.23828125,100.0,2.41485595703125,2.57501220703125,12ead5c0f9a0f7d7376973930e18828c3ad07d4e8a38b8ca8435abffe7fb2256,6ddc7f1a61898ebe2fe24fe28fc4a7220a8ca0c22998948f662d46f38732c0d1,73c46bdafcee81b2cad3528789aec7873c7baff5f9d611c0d8c2eb3ba6ec5187
2,4096,256,1,2,3774,256,92.138671875,100.0,2.361053466796875,2.521209716796875,12ead5c0f9a0f7d7376973930e18828c3ad07d4e8a38b8ca8435abffe7fb2256,6ddc7f1a61898ebe2fe24fe28fc4a7220a8ca0c22998948f662d46f38732c0d1,73c46bdafcee81b2cad3528789aec7873c7baff5f9d611c0d8c2eb3ba6ec5187
0,4096,512,1,0,4029,512,98.3642578125,100.0,2.5205841064453125,2.8408966064453125,12ead5c0f9a0f7d7376973930e18828c3ad07d4e8a38b8ca8435abffe7fb2256,013feea748f8ae41b04cf0bf98307210e6566be9a69bd4e8d17da0dfe805a1fd,8591c6717b50f3c9729c56a47efe0552a091caea8083a59530e7179e7b207897
1,4096,512,1,0,3984,512,97.265625,100.0,2.492431640625,2.812744140625,12ead5c0f9a0f7d7376973930e18828c3ad07d4e8a38b8ca8435abffe7fb2256,013feea748f8ae41b04cf0bf98307210e6566be9a69bd4e8d17da0dfe805a1fd,8591c6717b50f3c9729c56a47efe0552a091caea8083a59530e7179e7b207897
2,4096,512,1,0,3961,512,96.7041015625,100.0,2.4780426025390625,2.7983551025390625,12ead5c0f9a0f7d7376973930e18828c3ad07d4e8a38b8ca8435abffe7fb2256,013feea748f8ae41b04cf0bf98307210e6566be9a69bd4e8d17da0dfe805a1fd,8591c6717b50f3c9729c56a47efe0552a091caea8083a59530e7179e7b207897
0,4096,512,1,1,4030,512,98.388671875,100.0,2.521209716796875,2.841522216796875,12ead5c0f9a0f7d7376973930e18828c3ad07d4e8a38b8ca8435abffe7fb2256,640b772a61dd987adceda5099ef648e8ccc2ab91ba30d9d089590174834a66aa,9eaaed2ef2364643cc1ace8a280a6b4b8bf780bf0969a68c0217ea398ab9b55a
1,4096,512,1,1,3977,512,97.0947265625,100.0,2.4880523681640625,2.8083648681640625,12ead5c0f9a0f7d7376973930e18828c3ad07d4e8a38b8ca8435abffe7fb2256,640b772a61dd987adceda5099ef648e8ccc2ab91ba30d9d089590174834a66aa,9eaaed2ef2364643cc1ace8a280a6b4b8bf780bf0969a68c0217ea398ab9b55a
2,4096,512,1,1,3958,512,96.630859375,100.0,2.476165771484375,2.796478271484375,12ead5c0f9a0f7d7376973930e18828c3ad07d4e8a38b8ca8435abffe7fb2256,640b772a61dd987adceda5099ef648e8ccc2ab91ba30d9d089590174834a66aa,9eaaed2ef2364643cc1ace8a280a6b4b8bf780bf0969a68c0217ea398ab9b55a
0,4096,512,1,2,4026,512,98.291015625,100.0,2.518707275390625,2.839019775390625,12ead5c0f9a0f7d7376973930e18828c3ad07d4e8a38b8ca8435abffe7fb2256,c855cdb4ee88f893dee2cd7172325549ea24ae63bc0d3b9e74448291b81e960f,33855e900a4095eeb6c45ceb43a2909e1130df13b083abb34caa62790bff391d
1,4096,512,1,2,3986,512,97.314453125,100.0,2.493682861328125,2.813995361328125,12ead5c0f9a0f7d7376973930e18828c3ad07d4e8a38b8ca8435abffe7fb2256,c855cdb4ee88f893dee2cd7172325549ea24ae63bc0d3b9e74448291b81e960f,33855e900a4095eeb6c45ceb43a2909e1130df13b083abb34caa62790bff391d
2,4096,512,1,2,3970,512,96.923828125,100.0,2.483673095703125,2.803985595703125,12ead5c0f9a0f7d7376973930e18828c3ad07d4e8a38b8ca8435abffe7fb2256,c855cdb4ee88f893dee2cd7172325549ea24ae63bc0d3b9e74448291b81e960f,33855e900a4095eeb6c45ceb43a2909e1130df13b083abb34caa62790bff391d
0,4096,1024,1,0,4033,1024,98.4619140625,100.0,2.5230865478515625,3.1637115478515625,12ead5c0f9a0f7d7376973930e18828c3ad07d4e8a38b8ca8435abffe7fb2256,4d1a372119f5b737c613bc8291f818936d3f0935921b949db3f43b0836a4dbfb,bd85fa4939b1cd96aba4842d5bb820e82a48ba5591b8a9f8db6fa234180f0cec
1,4096,1024,1,0,4018,1024,98.095703125,100.0,2.513702392578125,3.154327392578125,12ead5c0f9a0f7d7376973930e18828c3ad07d4e8a38b8ca8435abffe7fb2256,4d1a372119f5b737c613bc8291f818936d3f0935921b949db3f43b0836a4dbfb,bd85fa4939b1cd96aba4842d5bb820e82a48ba5591b8a9f8db6fa234180f0cec
2,4096,1024,1,0,4062,1024,99.169921875,100.0,2.541229248046875,3.181854248046875,12ead5c0f9a0f7d7376973930e18828c3ad07d4e8a38b8ca8435abffe7fb2256,4d1a372119f5b737c613bc8291f818936d3f0935921b949db3f43b0836a4dbfb,bd85fa4939b1cd96aba4842d5bb820e82a48ba5591b8a9f8db6fa234180f0cec
0,4096,1024,1,1,4049,1024,98.8525390625,100.0,2.5330963134765625,3.1737213134765625,12ead5c0f9a0f7d7376973930e18828c3ad07d4e8a38b8ca8435abffe7fb2256,5c9ee1e3d72cc73ee53cc8e22f5c38034bb6e2afcb002504b4902a7205a3b577,3de4dca0eecbd4bd2208ec4716181ec1eda2bedd851dbcf6028a3da96493128f
1,4096,1024,1,1,4010,1024,97.900390625,100.0,2.508697509765625,3.149322509765625,12ead5c0f9a0f7d7376973930e18828c3ad07d4e8a38b8ca8435abffe7fb2256,5c9ee1e3d72cc73ee53cc8e22f5c38034bb6e2afcb002504b4902a7205a3b577,3de4dca0eecbd4bd2208ec4716181ec1eda2bedd851dbcf6028a3da96493128f
2,4096,1024,1,1,4058,1024,99.072265625,100.0,2.538726806640625,3.179351806640625,12ead5c0f9a0f7d7376973930e18828c3ad07d4e8a38b8ca8435abffe7fb2256,5c9ee1e3d72cc73ee53cc8e22f5c38034bb6e2afcb002504b4902a7205a3b577,3de4dca0eecbd4bd2208ec4716181ec1eda2bedd851dbcf6028a3da96493128f
0,4096,1024,1,2,4042,1024,98.681640625,100.0,2.528717041015625,3.169342041015625,12ead5c0f9a0f7d7376973930e18828c3ad07d4e8a38b8ca8435abffe7fb2256,80e649054065540274a45f7696df9c2444ccc81ba921f0a82c252733cf9c7da4,29f0afc1259cb3f778022251d698915dd1466d247c6fa9a69851015fe397e328
1,4096,1024,1,2,4017,1024,98.0712890625,100.0,2.5130767822265625,3.1537017822265625,12ead5c0f9a0f7d7376973930e18828c3ad07d4e8a38b8ca8435abffe7fb2256,80e649054065540274a45f7696df9c2444ccc81ba921f0a82c252733cf9c7da4,29f0afc1259cb3f778022251d698915dd1466d247c6fa9a69851015fe397e328
2,4096,1024,1,2,4066,1024,99.267578125,100.0,2.543731689453125,3.184356689453125,12ead5c0f9a0f7d7376973930e18828c3ad07d4e8a38b8ca8435abffe7fb2256,80e649054065540274a45f7696df9c2444ccc81ba921f0a82c252733cf9c7da4,29f0afc1259cb3f778022251d698915dd1466d247c6fa9a69851015fe397e328
0,4096,2048,1,0,4034,2048,98.486328125,100.0,2.523712158203125,3.804962158203125,12ead5c0f9a0f7d7376973930e18828c3ad07d4e8a38b8ca8435abffe7fb2256,38c3963cc0fc887992bbf4eaa39f76df944b5121a6266e159a1e573a90510857,b2c6a1be798de0a45e02ab12e4e1a7552b13e60f821e6bfe1c3949ed83725f5b
1,4096,2048,1,0,4038,2048,98.583984375,100.0,2.526214599609375,3.807464599609375,12ead5c0f9a0f7d7376973930e18828c3ad07d4e8a38b8ca8435abffe7fb2256,38c3963cc0fc887992bbf4eaa39f76df944b5121a6266e159a1e573a90510857,b2c6a1be798de0a45e02ab12e4e1a7552b13e60f821e6bfe1c3949ed83725f5b
2,4096,2048,1,0,4086,2048,99.755859375,100.0,2.556243896484375,3.837493896484375,12ead5c0f9a0f7d7376973930e18828c3ad07d4e8a38b8ca8435abffe7fb2256,38c3963cc0fc887992bbf4eaa39f76df944b5121a6266e159a1e573a90510857,b2c6a1be798de0a45e02ab12e4e1a7552b13e60f821e6bfe1c3949ed83725f5b
0,4096,2048,1,1,4048,2048,98.828125,100.0,2.532470703125,3.813720703125,12ead5c0f9a0f7d7376973930e18828c3ad07d4e8a38b8ca8435abffe7fb2256,601ec3c922c7c5103b900ce89856abcd4fed76836f0f45f142532f492fc0136c,085fb7d608e9e50331a2cf6f07432de43f063691e5d426a2f3f3edb2d1bce1c7
1,4096,2048,1,1,4032,2048,98.4375,100.0,2.5224609375,3.8037109375,12ead5c0f9a0f7d7376973930e18828c3ad07d4e8a38b8ca8435abffe7fb2256,601ec3c922c7c5103b900ce89856abcd4fed76836f0f45f142532f492fc0136c,085fb7d608e9e50331a2cf6f07432de43f063691e5d426a2f3f3edb2d1bce1c7
2,4096,2048,1,1,4086,2048,99.755859375,100.0,2.556243896484375,3.837493896484375,12ead5c0f9a0f7d7376973930e18828c3ad07d4e8a38b8ca8435abffe7fb2256,601ec3c922c7c5103b900ce89856abcd4fed76836f0f45f142532f492fc0136c,085fb7d608e9e50331a2cf6f07432de43f063691e5d426a2f3f3edb2d1bce1c7
0,4096,2048,1,2,4042,2048,98.681640625,100.0,2.528717041015625,3.809967041015625,12ead5c0f9a0f7d7376973930e18828c3ad07d4e8a38b8ca8435abffe7fb2256,83ed74face5a8a25e64aa17f589c2a3e608ddfbe876e2321168749ab3fa6f31b,0d9d1455a112a0559428b007bd07bda249826cdfd1c875ffbdcc14380f7e84e1
1,4096,2048,1,2,4037,2048,98.5595703125,100.0,2.5255889892578125,3.8068389892578125,12ead5c0f9a0f7d7376973930e18828c3ad07d4e8a38b8ca8435abffe7fb2256,83ed74face5a8a25e64aa17f589c2a3e608ddfbe876e2321168749ab3fa6f31b,0d9d1455a112a0559428b007bd07bda249826cdfd1c875ffbdcc14380f7e84e1
2,4096,2048,1,2,4089,2048,99.8291015625,100.0,2.5581207275390625,3.8393707275390625,12ead5c0f9a0f7d7376973930e18828c3ad07d4e8a38b8ca8435abffe7fb2256,83ed74face5a8a25e64aa17f589c2a3e608ddfbe876e2321168749ab3fa6f31b,0d9d1455a112a0559428b007bd07bda249826cdfd1c875ffbdcc14380f7e84e1
0,4096,4096,1,0,4039,4096,98.6083984375,100.0,2.5268402099609375,5.0893402099609375,12ead5c0f9a0f7d7376973930e18828c3ad07d4e8a38b8ca8435abffe7fb2256,3fcce29a2d9f9d7d84029dd54fa6650b2f30d13c358d3dea399a663eb39516d0,2a8ef7c9e5383a1fbaac9503ceaeb045ce9e92718e8c1b75b1ca7282e98d9c50
1,4096,4096,1,0,4053,4096,98.9501953125,100.0,2.5355987548828125,5.0980987548828125,12ead5c0f9a0f7d7376973930e18828c3ad07d4e8a38b8ca8435abffe7fb2256,3fcce29a2d9f9d7d84029dd54fa6650b2f30d13c358d3dea399a663eb39516d0,2a8ef7c9e5383a1fbaac9503ceaeb045ce9e92718e8c1b75b1ca7282e98d9c50
2,4096,4096,1,0,4087,4096,99.7802734375,100.0,2.5568695068359375,5.1193695068359375,12ead5c0f9a0f7d7376973930e18828c3ad07d4e8a38b8ca8435abffe7fb2256,3fcce29a2d9f9d7d84029dd54fa6650b2f30d13c358d3dea399a663eb39516d0,2a8ef7c9e5383a1fbaac9503ceaeb045ce9e92718e8c1b75b1ca7282e98d9c50
0,4096,4096,1,1,4051,4096,98.9013671875,100.0,2.5343475341796875,5.0968475341796875,12ead5c0f9a0f7d7376973930e18828c3ad07d4e8a38b8ca8435abffe7fb2256,4edf467664706dcacb362e7013481149735feb4a347e3eb2667531100fad5ec2,aa59233cd276437e4441ea9b562fd7db5c68b05beb8bf7e875d8e260afdad67c
1,4096,4096,1,1,4049,4096,98.8525390625,100.0,2.5330963134765625,5.0955963134765625,12ead5c0f9a0f7d7376973930e18828c3ad07d4e8a38b8ca8435abffe7fb2256,4edf467664706dcacb362e7013481149735feb4a347e3eb2667531100fad5ec2,aa59233cd276437e4441ea9b562fd7db5c68b05beb8bf7e875d8e260afdad67c
2,4096,4096,1,1,4086,4096,99.755859375,100.0,2.556243896484375,5.118743896484375,12ead5c0f9a0f7d7376973930e18828c3ad07d4e8a38b8ca8435abffe7fb2256,4edf467664706dcacb362e7013481149735feb4a347e3eb2667531100fad5ec2,aa59233cd276437e4441ea9b562fd7db5c68b05beb8bf7e875d8e260afdad67c
0,4096,4096,1,2,4047,4096,98.8037109375,100.0,2.5318450927734375,5.0943450927734375,12ead5c0f9a0f7d7376973930e18828c3ad07d4e8a38b8ca8435abffe7fb2256,413009579c0b7c203e7f2adfb5572c4870956baf3213e64a67a0a023119061bb,9ce41396f47ad9571cfaeb570d7100bc619e8aec1b6912fe96fd56b1da9922f4
1,4096,4096,1,2,4051,4096,98.9013671875,100.0,2.5343475341796875,5.0968475341796875,12ead5c0f9a0f7d7376973930e18828c3ad07d4e8a38b8ca8435abffe7fb2256,413009579c0b7c203e7f2adfb5572c4870956baf3213e64a67a0a023119061bb,9ce41396f47ad9571cfaeb570d7100bc619e8aec1b6912fe96fd56b1da9922f4
2,4096,4096,1,2,4089,4096,99.8291015625,100.0,2.5581207275390625,5.1206207275390625,12ead5c0f9a0f7d7376973930e18828c3ad07d4e8a38b8ca8435abffe7fb2256,413009579c0b7c203e7f2adfb5572c4870956baf3213e64a67a0a023119061bb,9ce41396f47ad9571cfaeb570d7100bc619e8aec1b6912fe96fd56b1da9922f4
0,4096,64,2,0,3611,64,88.1591796875,100.0,2.2590789794921875,2.2991180419921875,ae41fe744fa1f565d1efb110b18596bab10f5997ca2cab18c23d42c6049c9376,8b1b30b50df2a630eb9dcd4ac0120f0fbb4226b3146c04546cc681cd9fbab507,c3f4f62ba17139c50d0a33c8612f2170096b427e0b5ffc806080c766696e8d3e
1,4096,64,2,0,3398,64,82.958984375,100.0,2.125823974609375,2.165863037109375,ae41fe744fa1f565d1efb110b18596bab10f5997ca2cab18c23d42c6049c9376,8b1b30b50df2a630eb9dcd4ac0120f0fbb4226b3146c04546cc681cd9fbab507,c3f4f62ba17139c50d0a33c8612f2170096b427e0b5ffc806080c766696e8d3e
2,4096,64,2,0,3347,64,81.7138671875,100.0,2.0939178466796875,2.1339569091796875,ae41fe744fa1f565d1efb110b18596bab10f5997ca2cab18c23d42c6049c9376,8b1b30b50df2a630eb9dcd4ac0120f0fbb4226b3146c04546cc681cd9fbab507,c3f4f62ba17139c50d0a33c8612f2170096b427e0b5ffc806080c766696e8d3e
0,4096,64,2,1,3612,64,88.18359375,100.0,2.25970458984375,2.29974365234375,ae41fe744fa1f565d1efb110b18596bab10f5997ca2cab18c23d42c6049c9376,44803f2d88d2542bc888ce18977434d05841408bb257f61123e8beee8938b2b9,44b920388be5e5577872f5596c5c4beb225260f892ddf9352aa73c8265884ae1
1,4096,64,2,1,3401,64,83.0322265625,100.0,2.1277008056640625,2.1677398681640625,ae41fe744fa1f565d1efb110b18596bab10f5997ca2cab18c23d42c6049c9376,44803f2d88d2542bc888ce18977434d05841408bb257f61123e8beee8938b2b9,44b920388be5e5577872f5596c5c4beb225260f892ddf9352aa73c8265884ae1
2,4096,64,2,1,3345,64,81.6650390625,100.0,2.0926666259765625,2.1327056884765625,ae41fe744fa1f565d1efb110b18596bab10f5997ca2cab18c23d42c6049c9376,44803f2d88d2542bc888ce18977434d05841408bb257f61123e8beee8938b2b9,44b920388be5e5577872f5596c5c4beb225260f892ddf9352aa73c8265884ae1
0,4096,64,2,2,3609,64,88.1103515625,100.0,2.2578277587890625,2.2978668212890625,ae41fe744fa1f565d1efb110b18596bab10f5997ca2cab18c23d42c6049c9376,e4e4cbe16c70b408c1c9d938d7114e63c198be88902cbf85e90741f7c841115c,6652b60dd3467594feb471195f7249e263035be3a1546759631b2bcfece67dab
1,4096,64,2,2,3394,64,82.861328125,100.0,2.123321533203125,2.163360595703125,ae41fe744fa1f565d1efb110b18596bab10f5997ca2cab18c23d42c6049c9376,e4e4cbe16c70b408c1c9d938d7114e63c198be88902cbf85e90741f7c841115c,6652b60dd3467594feb471195f7249e263035be3a1546759631b2bcfece67dab
2,4096,64,2,2,3342,64,81.591796875,100.0,2.090789794921875,2.130828857421875,ae41fe744fa1f565d1efb110b18596bab10f5997ca2cab18c23d42c6049c9376,e4e4cbe16c70b408c1c9d938d7114e63c198be88902cbf85e90741f7c841115c,6652b60dd3467594feb471195f7249e263035be3a1546759631b2bcfece67dab
0,4096,128,2,0,3843,128,93.8232421875,100.0,2.4042205810546875,2.4842987060546875,ae41fe744fa1f565d1efb110b18596bab10f5997ca2cab18c23d42c6049c9376,b01c21d44004009bb29cda6c83288d0294605b1063e9205a095d7e58c476d5f3,495622c6f2a2adc47e8633d20ada19fcbac663c316448a54352fea78ebb9fea8
1,4096,128,2,0,3621,128,88.4033203125,100.0,2.2653350830078125,2.3454132080078125,ae41fe744fa1f565d1efb110b18596bab10f5997ca2cab18c23d42c6049c9376,b01c21d44004009bb29cda6c83288d0294605b1063e9205a095d7e58c476d5f3,495622c6f2a2adc47e8633d20ada19fcbac663c316448a54352fea78ebb9fea8
2,4096,128,2,0,3544,128,86.5234375,100.0,2.2171630859375,2.2972412109375,ae41fe744fa1f565d1efb110b18596bab10f5997ca2cab18c23d42c6049c9376,b01c21d44004009bb29cda6c83288d0294605b1063e9205a095d7e58c476d5f3,495622c6f2a2adc47e8633d20ada19fcbac663c316448a54352fea78ebb9fea8
0,4096,128,2,1,3838,128,93.701171875,100.0,2.401092529296875,2.481170654296875,ae41fe744fa1f565d1efb110b18596bab10f5997ca2cab18c23d42c6049c9376,d306c7272834b2d1357f8a590b91e41948f3b7fd3b4f30e427e9beb4218175a9,0f7b41c1bb7e83eb0149965b7e37027a065b208b93cb2ddf2c323af6705554d9
1,4096,128,2,1,3648,128,89.0625,100.0,2.2822265625,2.3623046875,ae41fe744fa1f565d1efb110b18596bab10f5997ca2cab18c23d42c6049c9376,d306c7272834b2d1357f8a590b91e41948f3b7fd3b4f30e427e9beb4218175a9,0f7b41c1bb7e83eb0149965b7e37027a065b208b93cb2ddf2c323af6705554d9
2,4096,128,2,1,3571,128,87.1826171875,100.0,2.2340545654296875,2.3141326904296875,ae41fe744fa1f565d1efb110b18596bab10f5997ca2cab18c23d42c6049c9376,d306c7272834b2d1357f8a590b91e41948f3b7fd3b4f30e427e9beb4218175a9,0f7b41c1bb7e83eb0149965b7e37027a065b208b93cb2ddf2c323af6705554d9
0,4096,128,2,2,3834,128,93.603515625,100.0,2.398590087890625,2.478668212890625,ae41fe744fa1f565d1efb110b18596bab10f5997ca2cab18c23d42c6049c9376,7ad1543f39c5560980bdca0cbf9b6c268302bbc463a4612fdf79b99dc8db5609,33fef04ac19c069e59b685047978ab85c17a6cfb54d478b17f7523558a63fc22
1,4096,128,2,2,3641,128,88.8916015625,100.0,2.2778472900390625,2.3579254150390625,ae41fe744fa1f565d1efb110b18596bab10f5997ca2cab18c23d42c6049c9376,7ad1543f39c5560980bdca0cbf9b6c268302bbc463a4612fdf79b99dc8db5609,33fef04ac19c069e59b685047978ab85c17a6cfb54d478b17f7523558a63fc22
2,4096,128,2,2,3566,128,87.060546875,100.0,2.230926513671875,2.311004638671875,ae41fe744fa1f565d1efb110b18596bab10f5997ca2cab18c23d42c6049c9376,7ad1543f39c5560980bdca0cbf9b6c268302bbc463a4612fdf79b99dc8db5609,33fef04ac19c069e59b685047978ab85c17a6cfb54d478b17f7523558a63fc22
0,4096,256,2,0,3982,256,97.216796875,100.0,2.491180419921875,2.651336669921875,ae41fe744fa1f565d1efb110b18596bab10f5997ca2cab18c23d42c6049c9376,f8caff9e9a4fd44040f19aa6a25fc48ec327fe7a5a842a48eef69dbbc25bfbcb,0d22a96e4efc689fbde40443b03da471701cff2dc1789552a4950ad34e689419
1,4096,256,2,0,3857,256,94.1650390625,100.0,2.4129791259765625,2.5731353759765625,ae41fe744fa1f565d1efb110b18596bab10f5997ca2cab18c23d42c6049c9376,f8caff9e9a4fd44040f19aa6a25fc48ec327fe7a5a842a48eef69dbbc25bfbcb,0d22a96e4efc689fbde40443b03da471701cff2dc1789552a4950ad34e689419
2,4096,256,2,0,3763,256,91.8701171875,100.0,2.3541717529296875,2.5143280029296875,ae41fe744fa1f565d1efb110b18596bab10f5997ca2cab18c23d42c6049c9376,f8caff9e9a4fd44040f19aa6a25fc48ec327fe7a5a842a48eef69dbbc25bfbcb,0d22a96e4efc689fbde40443b03da471701cff2dc1789552a4950ad34e689419
0,4096,256,2,1,3975,256,97.0458984375,100.0,2.4868011474609375,2.6469573974609375,ae41fe744fa1f565d1efb110b18596bab10f5997ca2cab18c23d42c6049c9376,df58c57df4b684f1741f5a99beb576ad0e1b86556b4ff553664bb2dc644f5761,ada5d7e71b59b929bc88a015a5646a1231b606d73bdb1ad96d2353ca41cc9a92
1,4096,256,2,1,3849,256,93.9697265625,100.0,2.4079742431640625,2.5681304931640625,ae41fe744fa1f565d1efb110b18596bab10f5997ca2cab18c23d42c6049c9376,df58c57df4b684f1741f5a99beb576ad0e1b86556b4ff553664bb2dc644f5761,ada5d7e71b59b929bc88a015a5646a1231b606d73bdb1ad96d2353ca41cc9a92
2,4096,256,2,1,3765,256,91.9189453125,100.0,2.3554229736328125,2.5155792236328125,ae41fe744fa1f565d1efb110b18596bab10f5997ca2cab18c23d42c6049c9376,df58c57df4b684f1741f5a99beb576ad0e1b86556b4ff553664bb2dc644f5761,ada5d7e71b59b929bc88a015a5646a1231b606d73bdb1ad96d2353ca41cc9a92
0,4096,256,2,2,3979,256,97.1435546875,100.0,2.4893035888671875,2.6494598388671875,ae41fe744fa1f565d1efb110b18596bab10f5997ca2cab18c23d42c6049c9376,6ddc7f1a61898ebe2fe24fe28fc4a7220a8ca0c22998948f662d46f38732c0d1,f699e20808e55b4e7d205385b5762bc630774a058b9756306941a419e7c2fa09
1,4096,256,2,2,3855,256,94.1162109375,100.0,2.4117279052734375,2.5718841552734375,ae41fe744fa1f565d1efb110b18596bab10f5997ca2cab18c23d42c6049c9376,6ddc7f1a61898ebe2fe24fe28fc4a7220a8ca0c22998948f662d46f38732c0d1,f699e20808e55b4e7d205385b5762bc630774a058b9756306941a419e7c2fa09
2,4096,256,2,2,3750,256,91.552734375,100.0,2.346038818359375,2.506195068359375,ae41fe744fa1f565d1efb110b18596bab10f5997ca2cab18c23d42c6049c9376,6ddc7f1a61898ebe2fe24fe28fc4a7220a8ca0c22998948f662d46f38732c0d1,f699e20808e55b4e7d205385b5762bc630774a058b9756306941a419e7c2fa09
0,4096,512,2,0,4032,512,98.4375,100.0,2.5224609375,2.8427734375,ae41fe744fa1f565d1efb110b18596bab10f5997ca2cab18c23d42c6049c9376,013feea748f8ae41b04cf0bf98307210e6566be9a69bd4e8d17da0dfe805a1fd,a9c07aee4302a6e6254d30fa5bdbdbbe31c2c0019b83d51362bbfd36c327617d
1,4096,512,2,0,3978,512,97.119140625,100.0,2.488677978515625,2.808990478515625,ae41fe744fa1f565d1efb110b18596bab10f5997ca2cab18c23d42c6049c9376,013feea748f8ae41b04cf0bf98307210e6566be9a69bd4e8d17da0dfe805a1fd,a9c07aee4302a6e6254d30fa5bdbdbbe31c2c0019b83d51362bbfd36c327617d
2,4096,512,2,0,3967,512,96.8505859375,100.0,2.4817962646484375,2.8021087646484375,ae41fe744fa1f565d1efb110b18596bab10f5997ca2cab18c23d42c6049c9376,013feea748f8ae41b04cf0bf98307210e6566be9a69bd4e8d17da0dfe805a1fd,a9c07aee4302a6e6254d30fa5bdbdbbe31c2c0019b83d51362bbfd36c327617d
0,4096,512,2,1,4020,512,98.14453125,100.0,2.51495361328125,2.83526611328125,ae41fe744fa1f565d1efb110b18596bab10f5997ca2cab18c23d42c6049c9376,640b772a61dd987adceda5099ef648e8ccc2ab91ba30d9d089590174834a66aa,b4661515a7a1e8314d88cd6c55a150f1eba3e22c938c2eeecfbab11d0de620d0
1,4096,512,2,1,3980,512,97.16796875,100.0,2.48992919921875,2.81024169921875,ae41fe744fa1f565d1efb110b18596bab10f5997ca2cab18c23d42c6049c9376,640b772a61dd987adceda5099ef648e8ccc2ab91ba30d9d089590174834a66aa,b4661515a7a1e8314d88cd6c55a150f1eba3e22c938c2eeecfbab11d0de620d0
2,4096,512,2,1,3967,512,96.8505859375,100.0,2.4817962646484375,2.8021087646484375,ae41fe744fa1f565d1efb110b18596bab10f5997ca2cab18c23d42c6049c9376,640b772a61dd987adceda5099ef648e8ccc2ab91ba30d9d089590174834a66aa,b4661515a7a1e8314d88cd6c55a150f1eba3e22c938c2eeecfbab11d0de620d0
0,4096,512,2,2,4030,512,98.388671875,100.0,2.521209716796875,2.841522216796875,ae41fe744fa1f565d1efb110b18596bab10f5997ca2cab18c23d42c6049c9376,c855cdb4ee88f893dee2cd7172325549ea24ae63bc0d3b9e74448291b81e960f,f5c7779617d15d344797a00771d7bd08fbf9d5d02a3d92897d70482b50640f47
1,4096,512,2,2,3989,512,97.3876953125,100.0,2.4955596923828125,2.8158721923828125,ae41fe744fa1f565d1efb110b18596bab10f5997ca2cab18c23d42c6049c9376,c855cdb4ee88f893dee2cd7172325549ea24ae63bc0d3b9e74448291b81e960f,f5c7779617d15d344797a00771d7bd08fbf9d5d02a3d92897d70482b50640f47
2,4096,512,2,2,3957,512,96.6064453125,100.0,2.4755401611328125,2.7958526611328125,ae41fe744fa1f565d1efb110b18596bab10f5997ca2cab18c23d42c6049c9376,c855cdb4ee88f893dee2cd7172325549ea24ae63bc0d3b9e74448291b81e960f,f5c7779617d15d344797a00771d7bd08fbf9d5d02a3d92897d70482b50640f47
0,4096,1024,2,0,4042,1024,98.681640625,100.0,2.528717041015625,3.169342041015625,ae41fe744fa1f565d1efb110b18596bab10f5997ca2cab18c23d42c6049c9376,4d1a372119f5b737c613bc8291f818936d3f0935921b949db3f43b0836a4dbfb,f2b8daa68b2e51ce1cec764c24e1c5c1cc4abac3f3393f11c582399ffb9e0895
1,4096,1024,2,0,4024,1024,98.2421875,100.0,2.5174560546875,3.1580810546875,ae41fe744fa1f565d1efb110b18596bab10f5997ca2cab18c23d42c6049c9376,4d1a372119f5b737c613bc8291f818936d3f0935921b949db3f43b0836a4dbfb,f2b8daa68b2e51ce1cec764c24e1c5c1cc4abac3f3393f11c582399ffb9e0895
2,4096,1024,2,0,4071,1024,99.3896484375,100.0,2.5468597412109375,3.1874847412109375,ae41fe744fa1f565d1efb110b18596bab10f5997ca2cab18c23d42c6049c9376,4d1a372119f5b737c613bc8291f818936d3f0935921b949db3f43b0836a4dbfb,f2b8daa68b2e51ce1cec764c24e1c5c1cc4abac3f3393f11c582399ffb9e0895
0,4096,1024,2,1,4033,1024,98.4619140625,100.0,2.5230865478515625,3.1637115478515625,ae41fe744fa1f565d1efb110b18596bab10f5997ca2cab18c23d42c6049c9376,5c9ee1e3d72cc73ee53cc8e22f5c38034bb6e2afcb002504b4902a7205a3b577,f01edabd3b3e3d4653fdd478d3505fb34ab7a31ecacc24905a3acc214da346ff
1,4096,1024,2,1,4027,1024,98.3154296875,100.0,2.5193328857421875,3.1599578857421875,ae41fe744fa1f565d1efb110b18596bab10f5997ca2cab18c23d42c6049c9376,5c9ee1e3d72cc73ee53cc8e22f5c38034bb6e2afcb002504b4902a7205a3b577,f01edabd3b3e3d4653fdd478d3505fb34ab7a31ecacc24905a3acc214da346ff
2,4096,1024,2,1,4066,1024,99.267578125,100.0,2.543731689453125,3.184356689453125,ae41fe744fa1f565d1efb110b18596bab10f5997ca2cab18c23d42c6049c9376,5c9ee1e3d72cc73ee53cc8e22f5c38034bb6e2afcb002504b4902a7205a3b577,f01edabd3b3e3d4653fdd478d3505fb34ab7a31ecacc24905a3acc214da346ff
0,4096,1024,2,2,4036,1024,98.53515625,100.0,2.52496337890625,3.16558837890625,ae41fe744fa1f565d1efb110b18596bab10f5997ca2cab18c23d42c6049c9376,80e649054065540274a45f7696df9c2444ccc81ba921f0a82c252733cf9c7da4,e63289ac3d8e03de703e93f55702c375cbb9db2c9e1644a2a0dc816a2efdaf55
1,4096,1024,2,2,4026,1024,98.291015625,100.0,2.518707275390625,3.159332275390625,ae41fe744fa1f565d1efb110b18596bab10f5997ca2cab18c23d42c6049c9376,80e649054065540274a45f7696df9c2444ccc81ba921f0a82c252733cf9c7da4,e63289ac3d8e03de703e93f55702c375cbb9db2c9e1644a2a0dc816a2efdaf55
2,4096,1024,2,2,4059,1024,99.0966796875,100.0,2.5393524169921875,3.1799774169921875,ae41fe744fa1f565d1efb110b18596bab10f5997ca2cab18c23d42c6049c9376,80e649054065540274a45f7696df9c2444ccc81ba921f0a82c252733cf9c7da4,e63289ac3d8e03de703e93f55702c375cbb9db2c9e1644a2a0dc816a2efdaf55
0,4096,2048,2,0,4047,2048,98.8037109375,100.0,2.5318450927734375,3.8130950927734375,ae41fe744fa1f565d1efb110b18596bab10f5997ca2cab18c23d42c6049c9376,38c3963cc0fc887992bbf4eaa39f76df944b5121a6266e159a1e573a90510857,fb32b4371fcb3618aa78463e3a8135520f3114d9ead6938b094bc1aded6abe29
1,4096,2048,2,0,4045,2048,98.7548828125,100.0,2.5305938720703125,3.8118438720703125,ae41fe744fa1f565d1efb110b18596bab10f5997ca2cab18c23d42c6049c9376,38c3963cc0fc887992bbf4eaa39f76df944b5121a6266e159a1e573a90510857,fb32b4371fcb3618aa78463e3a8135520f3114d9ead6938b094bc1aded6abe29
2,4096,2048,2,0,4086,2048,99.755859375,100.0,2.556243896484375,3.837493896484375,ae41fe744fa1f565d1efb110b18596bab10f5997ca2cab18c23d42c6049c9376,38c3963cc0fc887992bbf4eaa39f76df944b5121a6266e159a1e573a90510857,fb32b4371fcb3618aa78463e3a8135520f3114d9ead6938b094bc1aded6abe29
0,4096,2048,2,1,4036,2048,98.53515625,100.0,2.52496337890625,3.80621337890625,ae41fe744fa1f565d1efb110b18596bab10f5997ca2cab18c23d42c6049c9376,601ec3c922c7c5103b900ce89856abcd4fed76836f0f45f142532f492fc0136c,beec0746760185c2875d8b1812af2bb7a4545e4f28312d66892630653346f686
1,4096,2048,2,1,4042,2048,98.681640625,100.0,2.528717041015625,3.809967041015625,ae41fe744fa1f565d1efb110b18596bab10f5997ca2cab18c23d42c6049c9376,601ec3c922c7c5103b900ce89856abcd4fed76836f0f45f142532f492fc0136c,beec0746760185c2875d8b1812af2bb7a4545e4f28312d66892630653346f686
2,4096,2048,2,1,4084,2048,99.70703125,100.0,2.55499267578125,3.83624267578125,ae41fe744fa1f565d1efb110b18596bab10f5997ca2cab18c23d42c6049c9376,601ec3c922c7c5103b900ce89856abcd4fed76836f0f45f142532f492fc0136c,beec0746760185c2875d8b1812af2bb7a4545e4f28312d66892630653346f686
0,4096,2048,2,2,4037,2048,98.5595703125,100.0,2.5255889892578125,3.8068389892578125,ae41fe744fa1f565d1efb110b18596bab10f5997ca2cab18c23d42c6049c9376,83ed74face5a8a25e64aa17f589c2a3e608ddfbe876e2321168749ab3fa6f31b,7b49b3163b1170e1a804cfd75570639eff180abfac890427be7a49a34bf446ee
1,4096,2048,2,2,4043,2048,98.7060546875,100.0,2.5293426513671875,3.8105926513671875,ae41fe744fa1f565d1efb110b18596bab10f5997ca2cab18c23d42c6049c9376,83ed74face5a8a25e64aa17f589c2a3e608ddfbe876e2321168749ab3fa6f31b,7b49b3163b1170e1a804cfd75570639eff180abfac890427be7a49a34bf446ee
2,4096,2048,2,2,4083,2048,99.6826171875,100.0,2.5543670654296875,3.8356170654296875,ae41fe744fa1f565d1efb110b18596bab10f5997ca2cab18c23d42c6049c9376,83ed74face5a8a25e64aa17f589c2a3e608ddfbe876e2321168749ab3fa6f31b,7b49b3163b1170e1a804cfd75570639eff180abfac890427be7a49a34bf446ee
0,4096,4096,2,0,4046,4096,98.779296875,100.0,2.531219482421875,5.093719482421875,ae41fe744fa1f565d1efb110b18596bab10f5997ca2cab18c23d42c6049c9376,3fcce29a2d9f9d7d84029dd54fa6650b2f30d13c358d3dea399a663eb39516d0,bbfc4e766df72a7e1ce39b9a1837d6c1e7633ce2118ac3666cf87ccab3590e8d
1,4096,4096,2,0,4056,4096,99.0234375,100.0,2.5374755859375,5.0999755859375,ae41fe744fa1f565d1efb110b18596bab10f5997ca2cab18c23d42c6049c9376,3fcce29a2d9f9d7d84029dd54fa6650b2f30d13c358d3dea399a663eb39516d0,bbfc4e766df72a7e1ce39b9a1837d6c1e7633ce2118ac3666cf87ccab3590e8d
2,4096,4096,2,0,4087,4096,99.7802734375,100.0,2.5568695068359375,5.1193695068359375,ae41fe744fa1f565d1efb110b18596bab10f5997ca2cab18c23d42c6049c9376,3fcce29a2d9f9d7d84029dd54fa6650b2f30d13c358d3dea399a663eb39516d0,bbfc4e766df72a7e1ce39b9a1837d6c1e7633ce2118ac3666cf87ccab3590e8d
0,4096,4096,2,1,4036,4096,98.53515625,100.0,2.52496337890625,5.08746337890625,ae41fe744fa1f565d1efb110b18596bab10f5997ca2cab18c23d42c6049c9376,4edf467664706dcacb362e7013481149735feb4a347e3eb2667531100fad5ec2,98ff86d707a46909e6b5289cd5bb5405f9b92b9538eaa529f416605548c842b4
1,4096,4096,2,1,4053,4096,98.9501953125,100.0,2.5355987548828125,5.0980987548828125,ae41fe744fa1f565d1efb110b18596bab10f5997ca2cab18c23d42c6049c9376,4edf467664706dcacb362e7013481149735feb4a347e3eb2667531100fad5ec2,98ff86d707a46909e6b5289cd5bb5405f9b92b9538eaa529f416605548c842b4
2,4096,4096,2,1,4084,4096,99.70703125,100.0,2.55499267578125,5.11749267578125,ae41fe744fa1f565d1efb110b18596bab10f5997ca2cab18c23d42c6049c9376,4edf467664706dcacb362e7013481149735feb4a347e3eb2667531100fad5ec2,98ff86d707a46909e6b5289cd5bb5405f9b92b9538eaa529f416605548c842b4
0,4096,4096,2,2,4039,4096,98.6083984375,100.0,2.5268402099609375,5.0893402099609375,ae41fe744fa1f565d1efb110b18596bab10f5997ca2cab18c23d42c6049c9376,413009579c0b7c203e7f2adfb5572c4870956baf3213e64a67a0a023119061bb,652137cb39219f9dc478c058a1acdcca267e397cb5029ab93c58f94792f6bec9
1,4096,4096,2,2,4059,4096,99.0966796875,100.0,2.5393524169921875,5.1018524169921875,ae41fe744fa1f565d1efb110b18596bab10f5997ca2cab18c23d42c6049c9376,413009579c0b7c203e7f2adfb5572c4870956baf3213e64a67a0a023119061bb,652137cb39219f9dc478c058a1acdcca267e397cb5029ab93c58f94792f6bec9
2,4096,4096,2,2,4085,4096,99.7314453125,100.0,2.5556182861328125,5.1181182861328125,ae41fe744fa1f565d1efb110b18596bab10f5997ca2cab18c23d42c6049c9376,413009579c0b7c203e7f2adfb5572c4870956baf3213e64a67a0a023119061bb,652137cb39219f9dc478c058a1acdcca267e397cb5029ab93c58f94792f6bec9
0,16384,64,0,0,5778,63,35.26611328125,98.4375,3.614776611328125,3.6541900634765625,a255aef5ff7059a6b77fb1321d501ccfe4dfc245c09c5fc6977a0e1480d38114,8b1b30b50df2a630eb9dcd4ac0120f0fbb4226b3146c04546cc681cd9fbab507,b1a5e2be8c956e4ab739640fc0c357159b2ce388f76c3a800d84dbad32d357c7
1,16384,64,0,0,4822,64,29.43115234375,100.0,3.016693115234375,3.056732177734375,a255aef5ff7059a6b77fb1321d501ccfe4dfc245c09c5fc6977a0e1480d38114,8b1b30b50df2a630eb9dcd4ac0120f0fbb4226b3146c04546cc681cd9fbab507,b1a5e2be8c956e4ab739640fc0c357159b2ce388f76c3a800d84dbad32d357c7
2,16384,64,0,0,6112,64,37.3046875,100.0,3.82373046875,3.86376953125,a255aef5ff7059a6b77fb1321d501ccfe4dfc245c09c5fc6977a0e1480d38114,8b1b30b50df2a630eb9dcd4ac0120f0fbb4226b3146c04546cc681cd9fbab507,b1a5e2be8c956e4ab739640fc0c357159b2ce388f76c3a800d84dbad32d357c7
0,16384,64,0,1,5748,63,35.0830078125,98.4375,3.59600830078125,3.6354217529296875,a255aef5ff7059a6b77fb1321d501ccfe4dfc245c09c5fc6977a0e1480d38114,44803f2d88d2542bc888ce18977434d05841408bb257f61123e8beee8938b2b9,b7eb41e36bea22a0d26fcf11b186b96d8ad7e1ad81bbf9e08ec46b7f70e5684b
1,16384,64,0,1,4808,64,29.345703125,100.0,3.0079345703125,3.0479736328125,a255aef5ff7059a6b77fb1321d501ccfe4dfc245c09c5fc6977a0e1480d38114,44803f2d88d2542bc888ce18977434d05841408bb257f61123e8beee8938b2b9,b7eb41e36bea22a0d26fcf11b186b96d8ad7e1ad81bbf9e08ec46b7f70e5684b
2,16384,64,0,1,6056,64,36.962890625,100.0,3.7886962890625,3.8287353515625,a255aef5ff7059a6b77fb1321d501ccfe4dfc245c09c5fc6977a0e1480d38114,44803f2d88d2542bc888ce18977434d05841408bb257f61123e8beee8938b2b9,b7eb41e36bea22a0d26fcf11b186b96d8ad7e1ad81bbf9e08ec46b7f70e5684b
0,16384,64,0,2,5742,63,35.04638671875,98.4375,3.592254638671875,3.6316680908203125,a255aef5ff7059a6b77fb1321d501ccfe4dfc245c09c5fc6977a0e1480d38114,e4e4cbe16c70b408c1c9d938d7114e63c198be88902cbf85e90741f7c841115c,26df36b554301282e6dd458bfb7774cd77e5001304ecbc6e4540a260b001addf
1,16384,64,0,2,4812,64,29.3701171875,100.0,3.01043701171875,3.05047607421875,a255aef5ff7059a6b77fb1321d501ccfe4dfc245c09c5fc6977a0e1480d38114,e4e4cbe16c70b408c1c9d938d7114e63c198be88902cbf85e90741f7c841115c,26df36b554301282e6dd458bfb7774cd77e5001304ecbc6e4540a260b001addf
2,16384,64,0,2,6068,64,37.0361328125,100.0,3.79620361328125,3.83624267578125,a255aef5ff7059a6b77fb1321d501ccfe4dfc245c09c5fc6977a0e1480d38114,e4e4cbe16c70b408c1c9d938d7114e63c198be88902cbf85e90741f7c841115c,26df36b554301282e6dd458bfb7774cd77e5001304ecbc6e4540a260b001addf
0,16384,128,0,0,5986,127,36.53564453125,99.21875,3.744903564453125,3.8243560791015625,a255aef5ff7059a6b77fb1321d501ccfe4dfc245c09c5fc6977a0e1480d38114,b01c21d44004009bb29cda6c83288d0294605b1063e9205a095d7e58c476d5f3,a635bb72d3ee7c2a83af7b776917f29c9c760eb1277f09dc603380894c939d5f
1,16384,128,0,0,5639,128,34.417724609375,100.0,3.5278167724609375,3.6078948974609375,a255aef5ff7059a6b77fb1321d501ccfe4dfc245c09c5fc6977a0e1480d38114,b01c21d44004009bb29cda6c83288d0294605b1063e9205a095d7e58c476d5f3,a635bb72d3ee7c2a83af7b776917f29c9c760eb1277f09dc603380894c939d5f
2,16384,128,0,0,7385,128,45.074462890625,100.0,4.6201324462890625,4.7002105712890625,a255aef5ff7059a6b77fb1321d501ccfe4dfc245c09c5fc6977a0e1480d38114,b01c21d44004009bb29cda6c83288d0294605b1063e9205a095d7e58c476d5f3,a635bb72d3ee7c2a83af7b776917f29c9c760eb1277f09dc603380894c939d5f
0,16384,128,0,1,5979,127,36.492919921875,99.21875,3.7405242919921875,3.819976806640625,a255aef5ff7059a6b77fb1321d501ccfe4dfc245c09c5fc6977a0e1480d38114,d306c7272834b2d1357f8a590b91e41948f3b7fd3b4f30e427e9beb4218175a9,082d6041565f7111e5fbe59d851249c360094f004bef9ea270768269f3b06bf4
1,16384,128,0,1,5580,128,34.0576171875,100.0,3.49090576171875,3.57098388671875,a255aef5ff7059a6b77fb1321d501ccfe4dfc245c09c5fc6977a0e1480d38114,d306c7272834b2d1357f8a590b91e41948f3b7fd3b4f30e427e9beb4218175a9,082d6041565f7111e5fbe59d851249c360094f004bef9ea270768269f3b06bf4
2,16384,128,0,1,7414,128,45.25146484375,100.0,4.638275146484375,4.718353271484375,a255aef5ff7059a6b77fb1321d501ccfe4dfc245c09c5fc6977a0e1480d38114,d306c7272834b2d1357f8a590b91e41948f3b7fd3b4f30e427e9beb4218175a9,082d6041565f7111e5fbe59d851249c360094f004bef9ea270768269f3b06bf4
0,16384,128,0,2,5970,127,36.43798828125,99.21875,3.734893798828125,3.8143463134765625,a255aef5ff7059a6b77fb1321d501ccfe4dfc245c09c5fc6977a0e1480d38114,7ad1543f39c5560980bdca0cbf9b6c268302bbc463a4612fdf79b99dc8db5609,c40f265d41bb31c63e17b231bb027d7ee690983f8b6a8bb645bc136a453f7fdf
1,16384,128,0,2,5575,128,34.027099609375,100.0,3.4877777099609375,3.5678558349609375,a255aef5ff7059a6b77fb1321d501ccfe4dfc245c09c5fc6977a0e1480d38114,7ad1543f39c5560980bdca0cbf9b6c268302bbc463a4612fdf79b99dc8db5609,c40f265d41bb31c63e17b231bb027d7ee690983f8b6a8bb645bc136a453f7fdf
2,16384,128,0,2,7344,128,44.82421875,100.0,4.594482421875,4.674560546875,a255aef5ff7059a6b77fb1321d501ccfe4dfc245c09c5fc6977a0e1480d38114,7ad1543f39c5560980bdca0cbf9b6c268302bbc463a4612fdf79b99dc8db5609,c40f265d41bb31c63e17b231bb027d7ee690983f8b6a8bb645bc136a453f7fdf
0,16384,256,0,0,6221,255,37.969970703125,99.609375,3.8919219970703125,4.05145263671875,a255aef5ff7059a6b77fb1321d501ccfe4dfc245c09c5fc6977a0e1480d38114,f8caff9e9a4fd44040f19aa6a25fc48ec327fe7a5a842a48eef69dbbc25bfbcb,19ed898ef16a4f43bfa963219b98a0825874e8f14d848bc02a1ac84464837778
1,16384,256,0,0,6653,256,40.606689453125,100.0,4.1621856689453125,4.3223419189453125,a255aef5ff7059a6b77fb1321d501ccfe4dfc245c09c5fc6977a0e1480d38114,f8caff9e9a4fd44040f19aa6a25fc48ec327fe7a5a842a48eef69dbbc25bfbcb,19ed898ef16a4f43bfa963219b98a0825874e8f14d848bc02a1ac84464837778
2,16384,256,0,0,8874,256,54.16259765625,100.0,5.551666259765625,5.711822509765625,a255aef5ff7059a6b77fb1321d501ccfe4dfc245c09c5fc6977a0e1480d38114,f8caff9e9a4fd44040f19aa6a25fc48ec327fe7a5a842a48eef69dbbc25bfbcb,19ed898ef16a4f43bfa963219b98a0825874e8f14d848bc02a1ac84464837778
0,16384,256,0,1,6227,255,38.006591796875,99.609375,3.8956756591796875,4.055206298828125,a255aef5ff7059a6b77fb1321d501ccfe4dfc245c09c5fc6977a0e1480d38114,df58c57df4b684f1741f5a99beb576ad0e1b86556b4ff553664bb2dc644f5761,900cd71de5a038a08ee1f32517eddc7d75e84793f71c6666135394633fea7340
1,16384,256,0,1,6624,256,40.4296875,100.0,4.14404296875,4.30419921875,a255aef5ff7059a6b77fb1321d501ccfe4dfc245c09c5fc6977a0e1480d38114,df58c57df4b684f1741f5a99beb576ad0e1b86556b4ff553664bb2dc644f5761,900cd71de5a038a08ee1f32517eddc7d75e84793f71c6666135394633fea7340
2,16384,256,0,1,8899,256,54.315185546875,100.0,5.5673065185546875,5.7274627685546875,a255aef5ff7059a6b77fb1321d501ccfe4dfc245c09c5fc6977a0e1480d38114,df58c57df4b684f1741f5a99beb576ad0e1b86556b4ff553664bb2dc644f5761,900cd71de5a038a08ee1f32517eddc7d75e84793f71c6666135394633fea7340
0,16384,256,0,2,6201,255,37.847900390625,99.609375,3.8794097900390625,4.0389404296875,a255aef5ff7059a6b77fb1321d501ccfe4dfc245c09c5fc6977a0e1480d38114,6ddc7f1a61898ebe2fe24fe28fc4a7220a8ca0c22998948f662d46f38732c0d1,a539e157e37f9180470a4e2016fcc37fcdf8d09b105b95a4866727c3a42a343a
1,16384,256,0,2,6635,256,40.496826171875,100.0,4.1509246826171875,4.3110809326171875,a255aef5ff7059a6b77fb1321d501ccfe4dfc245c09c5fc6977a0e1480d38114,6ddc7f1a61898ebe2fe24fe28fc4a7220a8ca0c22998948f662d46f38732c0d1,a539e157e37f9180470a4e2016fcc37fcdf8d09b105b95a4866727c3a42a343a
2,16384,256,0,2,8869,256,54.132080078125,100.0,5.5485382080078125,5.7086944580078125,a255aef5ff7059a6b77fb1321d501ccfe4dfc245c09c5fc6977a0e1480d38114,6ddc7f1a61898ebe2fe24fe28fc4a7220a8ca0c22998948f662d46f38732c0d1,a539e157e37f9180470a4e2016fcc37fcdf8d09b105b95a4866727c3a42a343a
0,16384,512,0,0,6427,511,39.227294921875,99.8046875,4.0207977294921875,4.340484619140625,a255aef5ff7059a6b77fb1321d501ccfe4dfc245c09c5fc6977a0e1480d38114,013feea748f8ae41b04cf0bf98307210e6566be9a69bd4e8d17da0dfe805a1fd,1524826cb0058b49fa12d76bd9ae3b22bfc726ea38af1eee866c679e6f9825c3
1,16384,512,0,0,7669,512,46.807861328125,100.0,4.7978057861328125,5.1181182861328125,a255aef5ff7059a6b77fb1321d501ccfe4dfc245c09c5fc6977a0e1480d38114,013feea748f8ae41b04cf0bf98307210e6566be9a69bd4e8d17da0dfe805a1fd,1524826cb0058b49fa12d76bd9ae3b22bfc726ea38af1eee866c679e6f9825c3
2,16384,512,0,0,10547,512,64.373779296875,100.0,6.5983123779296875,6.9186248779296875,a255aef5ff7059a6b77fb1321d501ccfe4dfc245c09c5fc6977a0e1480d38114,013feea748f8ae41b04cf0bf98307210e6566be9a69bd4e8d17da0dfe805a1fd,1524826cb0058b49fa12d76bd9ae3b22bfc726ea38af1eee866c679e6f9825c3
0,16384,512,0,1,6409,511,39.117431640625,99.8046875,4.0095367431640625,4.3292236328125,a255aef5ff7059a6b77fb1321d501ccfe4dfc245c09c5fc6977a0e1480d38114,640b772a61dd987adceda5099ef648e8ccc2ab91ba30d9d089590174834a66aa,b737b9a1c69157da731d8905a8c1c23d334ed7a876638d47741fbf484e91642c
1,16384,512,0,1,7662,512,46.76513671875,100.0,4.793426513671875,5.113739013671875,a255aef5ff7059a6b77fb1321d501ccfe4dfc245c09c5fc6977a0e1480d38114,640b772a61dd987adceda5099ef648e8ccc2ab91ba30d9d089590174834a66aa,b737b9a1c69157da731d8905a8c1c23d334ed7a876638d47741fbf484e91642c
2,16384,512,0,1,10547,512,64.373779296875,100.0,6.5983123779296875,6.9186248779296875,a255aef5ff7059a6b77fb1321d501ccfe4dfc245c09c5fc6977a0e1480d38114,640b772a61dd987adceda5099ef648e8ccc2ab91ba30d9d089590174834a66aa,b737b9a1c69157da731d8905a8c1c23d334ed7a876638d47741fbf484e91642c
0,16384,512,0,2,6380,511,38.9404296875,99.8046875,3.99139404296875,4.3110809326171875,a255aef5ff7059a6b77fb1321d501ccfe4dfc245c09c5fc6977a0e1480d38114,c855cdb4ee88f893dee2cd7172325549ea24ae63bc0d3b9e74448291b81e960f,a89b542d6ce79c9a4ce3aa0af125a0345f81f8a3497318724299213f37338c31
1,16384,512,0,2,7654,512,46.71630859375,100.0,4.788421630859375,5.108734130859375,a255aef5ff7059a6b77fb1321d501ccfe4dfc245c09c5fc6977a0e1480d38114,c855cdb4ee88f893dee2cd7172325549ea24ae63bc0d3b9e74448291b81e960f,a89b542d6ce79c9a4ce3aa0af125a0345f81f8a3497318724299213f37338c31
2,16384,512,0,2,10522,512,64.22119140625,100.0,6.582672119140625,6.902984619140625,a255aef5ff7059a6b77fb1321d501ccfe4dfc245c09c5fc6977a0e1480d38114,c855cdb4ee88f893dee2cd7172325549ea24ae63bc0d3b9e74448291b81e960f,a89b542d6ce79c9a4ce3aa0af125a0345f81f8a3497318724299213f37338c31
0,16384,1024,0,0,6648,1023,40.576171875,99.90234375,4.1590576171875,4.7990570068359375,a255aef5ff7059a6b77fb1321d501ccfe4dfc245c09c5fc6977a0e1480d38114,4d1a372119f5b737c613bc8291f818936d3f0935921b949db3f43b0836a4dbfb,63020aa7f2385bc41f2aa84fd9cc10a607576e6d0ba06bf47904ff5083ec3996
1,16384,1024,0,0,8538,1024,52.11181640625,100.0,5.341461181640625,5.982086181640625,a255aef5ff7059a6b77fb1321d501ccfe4dfc245c09c5fc6977a0e1480d38114,4d1a372119f5b737c613bc8291f818936d3f0935921b949db3f43b0836a4dbfb,63020aa7f2385bc41f2aa84fd9cc10a607576e6d0ba06bf47904ff5083ec3996
2,16384,1024,0,0,12331,1024,75.262451171875,100.0,7.7144012451171875,8.355026245117188,a255aef5ff7059a6b77fb1321d501ccfe4dfc245c09c5fc6977a0e1480d38114,4d1a372119f5b737c613bc8291f818936d3f0935921b949db3f43b0836a4dbfb,63020aa7f2385bc41f2aa84fd9cc10a607576e6d0ba06bf47904ff5083ec3996
0,16384,1024,0,1,6610,1023,40.34423828125,99.90234375,4.135284423828125,4.7752838134765625,a255aef5ff7059a6b77fb1321d501ccfe4dfc245c09c5fc6977a0e1480d38114,5c9ee1e3d72cc73ee53cc8e22f5c38034bb6e2afcb002504b4902a7205a3b577,14c941798f4f11a9111ff0a0f2cc94b9693ec82b54ab352c4ac3833306e252f6
1,16384,1024,0,1,8511,1024,51.947021484375,100.0,5.3245697021484375,5.9651947021484375,a255aef5ff7059a6b77fb1321d501ccfe4dfc245c09c5fc6977a0e1480d38114,5c9ee1e3d72cc73ee53cc8e22f5c38034bb6e2afcb002504b4902a7205a3b577,14c941798f4f11a9111ff0a0f2cc94b9693ec82b54ab352c4ac3833306e252f6
2,16384,1024,0,1,12327,1024,75.238037109375,100.0,7.7118988037109375,8.352523803710938,a255aef5ff7059a6b77fb1321d501ccfe4dfc245c09c5fc6977a0e1480d38114,5c9ee1e3d72cc73ee53cc8e22f5c38034bb6e2afcb002504b4902a7205a3b577,14c941798f4f11a9111ff0a0f2cc94b9693ec82b54ab352c4ac3833306e252f6
0,16384,1024,0,2,6608,1023,40.33203125,99.90234375,4.134033203125,4.7740325927734375,a255aef5ff7059a6b77fb1321d501ccfe4dfc245c09c5fc6977a0e1480d38114,80e649054065540274a45f7696df9c2444ccc81ba921f0a82c252733cf9c7da4,2edee8f27874d61be68963e12f0accf7739ea158a8f2bd2b880aa28772efe805
1,16384,1024,0,2,8523,1024,52.020263671875,100.0,5.3320770263671875,5.9727020263671875,a255aef5ff7059a6b77fb1321d501ccfe4dfc245c09c5fc6977a0e1480d38114,80e649054065540274a45f7696df9c2444ccc81ba921f0a82c252733cf9c7da4,2edee8f27874d61be68963e12f0accf7739ea158a8f2bd2b880aa28772efe805
2,16384,1024,0,2,12301,1024,75.079345703125,100.0,7.6956329345703125,8.336257934570312,a255aef5ff7059a6b77fb1321d501ccfe4dfc245c09c5fc6977a0e1480d38114,80e649054065540274a45f7696df9c2444ccc81ba921f0a82c252733cf9c7da4,2edee8f27874d61be68963e12f0accf7739ea158a8f2bd2b880aa28772efe805
0,16384,2048,0,0,6826,2047,41.66259765625,99.951171875,4.270416259765625,5.5510406494140625,a255aef5ff7059a6b77fb1321d501ccfe4dfc245c09c5fc6977a0e1480d38114,38c3963cc0fc887992bbf4eaa39f76df944b5121a6266e159a1e573a90510857,b29498112493231535ba38df44c44ce2abc22fbe071be3e736e99a1613400e09
1,16384,2048,0,0,9367,2048,57.171630859375,100.0,5.8600921630859375,7.1413421630859375,a255aef5ff7059a6b77fb1321d501ccfe4dfc245c09c5fc6977a0e1480d38114,38c3963cc0fc887992bbf4eaa39f76df944b5121a6266e159a1e573a90510857,b29498112493231535ba38df44c44ce2abc22fbe071be3e736e99a1613400e09
2,16384,2048,0,0,14057,2048,85.797119140625,100.0,8.794204711914062,10.075454711914062,a255aef5ff7059a6b77fb1321d501ccfe4dfc245c09c5fc6977a0e1480d38114,38c3963cc0fc887992bbf4eaa39f76df944b5121a6266e159a1e573a90510857,b29498112493231535ba38df44c44ce2abc22fbe071be3e736e99a1613400e09
0,16384,2048,0,1,6798,2047,41.49169921875,99.951171875,4.252899169921875,5.5335235595703125,a255aef5ff7059a6b77fb1321d501ccfe4dfc245c09c5fc6977a0e1480d38114,601ec3c922c7c5103b900ce89856abcd4fed76836f0f45f142532f492fc0136c,e29cb9dab388602f3cb42b6765785b9dddbb5978d0f741c3dbbe17a7028fc1d2
1,16384,2048,0,1,9328,2048,56.93359375,100.0,5.835693359375,7.116943359375,a255aef5ff7059a6b77fb1321d501ccfe4dfc245c09c5fc6977a0e1480d38114,601ec3c922c7c5103b900ce89856abcd4fed76836f0f45f142532f492fc0136c,e29cb9dab388602f3cb42b6765785b9dddbb5978d0f741c3dbbe17a7028fc1d2
2,16384,2048,0,1,14021,2048,85.577392578125,100.0,8.771682739257812,10.052932739257812,a255aef5ff7059a6b77fb1321d501ccfe4dfc245c09c5fc6977a0e1480d38114,601ec3c922c7c5103b900ce89856abcd4fed76836f0f45f142532f492fc0136c,e29cb9dab388602f3cb42b6765785b9dddbb5978d0f741c3dbbe17a7028fc1d2
0,16384,2048,0,2,6808,2047,41.552734375,99.951171875,4.2591552734375,5.5397796630859375,a255aef5ff7059a6b77fb1321d501ccfe4dfc245c09c5fc6977a0e1480d38114,83ed74face5a8a25e64aa17f589c2a3e608ddfbe876e2321168749ab3fa6f31b,ae054edfa12120d75f757e7103e376c2076550841c85082153936752b0a93f01
1,16384,2048,0,2,9331,2048,56.951904296875,100.0,5.8375701904296875,7.1188201904296875,a255aef5ff7059a6b77fb1321d501ccfe4dfc245c09c5fc6977a0e1480d38114,83ed74face5a8a25e64aa17f589c2a3e608ddfbe876e2321168749ab3fa6f31b,ae054edfa12120d75f757e7103e376c2076550841c85082153936752b0a93f01
2,16384,2048,0,2,14016,2048,85.546875,100.0,8.7685546875,10.0498046875,a255aef5ff7059a6b77fb1321d501ccfe4dfc245c09c5fc6977a0e1480d38114,83ed74face5a8a25e64aa17f589c2a3e608ddfbe876e2321168749ab3fa6f31b,ae054edfa12120d75f757e7103e376c2076550841c85082153936752b0a93f01
0,16384,4096,0,0,7031,4095,42.913818359375,99.9755859375,4.3986663818359375,6.960540771484375,a255aef5ff7059a6b77fb1321d501ccfe4dfc245c09c5fc6977a0e1480d38114,3fcce29a2d9f9d7d84029dd54fa6650b2f30d13c358d3dea399a663eb39516d0,ef793b125551204f1a514d75c9d72eccc856c5263058f8f0207804a5ce034f9a
1,16384,4096,0,0,10373,4096,63.311767578125,100.0,6.4894561767578125,9.051956176757812,a255aef5ff7059a6b77fb1321d501ccfe4dfc245c09c5fc6977a0e1480d38114,3fcce29a2d9f9d7d84029dd54fa6650b2f30d13c358d3dea399a663eb39516d0,ef793b125551204f1a514d75c9d72eccc856c5263058f8f0207804a5ce034f9a
2,16384,4096,0,0,15110,4096,92.22412109375,100.0,9.452972412109375,12.015472412109375,a255aef5ff7059a6b77fb1321d501ccfe4dfc245c09c5fc6977a0e1480d38114,3fcce29a2d9f9d7d84029dd54fa6650b2f30d13c358d3dea399a663eb39516d0,ef793b125551204f1a514d75c9d72eccc856c5263058f8f0207804a5ce034f9a
0,16384,4096,0,1,7015,4095,42.816162109375,99.9755859375,4.3886566162109375,6.950531005859375,a255aef5ff7059a6b77fb1321d501ccfe4dfc245c09c5fc6977a0e1480d38114,4edf467664706dcacb362e7013481149735feb4a347e3eb2667531100fad5ec2,f9d79c38f79d39c2bae7aa6a55b0c4453c4b9e1a8a89929e091b1b82236c034a
1,16384,4096,0,1,10362,4096,63.24462890625,100.0,6.482574462890625,9.045074462890625,a255aef5ff7059a6b77fb1321d501ccfe4dfc245c09c5fc6977a0e1480d38114,4edf467664706dcacb362e7013481149735feb4a347e3eb2667531100fad5ec2,f9d79c38f79d39c2bae7aa6a55b0c4453c4b9e1a8a89929e091b1b82236c034a
2,16384,4096,0,1,15108,4096,92.2119140625,100.0,9.45172119140625,12.01422119140625,a255aef5ff7059a6b77fb1321d501ccfe4dfc245c09c5fc6977a0e1480d38114,4edf467664706dcacb362e7013481149735feb4a347e3eb2667531100fad5ec2,f9d79c38f79d39c2bae7aa6a55b0c4453c4b9e1a8a89929e091b1b82236c034a
0,16384,4096,0,2,7020,4095,42.8466796875,99.9755859375,4.39178466796875,6.9536590576171875,a255aef5ff7059a6b77fb1321d501ccfe4dfc245c09c5fc6977a0e1480d38114,413009579c0b7c203e7f2adfb5572c4870956baf3213e64a67a0a023119061bb,2c055bca8b1fb0355e09eb36e2e5ec172083d8da51532ebdf3f1c2da3151bbf0
1,16384,4096,0,2,10385,4096,63.385009765625,100.0,6.4969635009765625,9.059463500976562,a255aef5ff7059a6b77fb1321d501ccfe4dfc245c09c5fc6977a0e1480d38114,413009579c0b7c203e7f2adfb5572c4870956baf3213e64a67a0a023119061bb,2c055bca8b1fb0355e09eb36e2e5ec172083d8da51532ebdf3f1c2da3151bbf0
2,16384,4096,0,2,15079,4096,92.034912109375,100.0,9.433578491210938,11.996078491210938,a255aef5ff7059a6b77fb1321d501ccfe4dfc245c09c5fc6977a0e1480d38114,413009579c0b7c203e7f2adfb5572c4870956baf3213e64a67a0a023119061bb,2c055bca8b1fb0355e09eb36e2e5ec172083d8da51532ebdf3f1c2da3151bbf0
0,16384,64,1,0,5768,63,35.205078125,98.4375,3.6085205078125,3.6479339599609375,215ce071423ef87d62e998288f91aec8f35f29a8ac90637186f39b10d59cc2d8,8b1b30b50df2a630eb9dcd4ac0120f0fbb4226b3146c04546cc681cd9fbab507,7307f8bfd53746201446e8f3024f58433b2a264dd5ff251f7e17a7efc98e4992
1,16384,64,1,0,4791,64,29.241943359375,100.0,2.9972991943359375,3.0373382568359375,215ce071423ef87d62e998288f91aec8f35f29a8ac90637186f39b10d59cc2d8,8b1b30b50df2a630eb9dcd4ac0120f0fbb4226b3146c04546cc681cd9fbab507,7307f8bfd53746201446e8f3024f58433b2a264dd5ff251f7e17a7efc98e4992
2,16384,64,1,0,6104,64,37.255859375,100.0,3.8187255859375,3.8587646484375,215ce071423ef87d62e998288f91aec8f35f29a8ac90637186f39b10d59cc2d8,8b1b30b50df2a630eb9dcd4ac0120f0fbb4226b3146c04546cc681cd9fbab507,7307f8bfd53746201446e8f3024f58433b2a264dd5ff251f7e17a7efc98e4992
0,16384,64,1,1,5736,63,35.009765625,98.4375,3.5885009765625,3.6279144287109375,215ce071423ef87d62e998288f91aec8f35f29a8ac90637186f39b10d59cc2d8,44803f2d88d2542bc888ce18977434d05841408bb257f61123e8beee8938b2b9,9e735e135175396eb95f85e16f2852dee5df9aa22831f5a096af6ccc9e48dbe2
1,16384,64,1,1,4825,64,29.449462890625,100.0,3.0185699462890625,3.0586090087890625,215ce071423ef87d62e998288f91aec8f35f29a8ac90637186f39b10d59cc2d8,44803f2d88d2542bc888ce18977434d05841408bb257f61123e8beee8938b2b9,9e735e135175396eb95f85e16f2852dee5df9aa22831f5a096af6ccc9e48dbe2
2,16384,64,1,1,6071,64,37.054443359375,100.0,3.7980804443359375,3.8381195068359375,215ce071423ef87d62e998288f91aec8f35f29a8ac90637186f39b10d59cc2d8,44803f2d88d2542bc888ce18977434d05841408bb257f61123e8beee8938b2b9,9e735e135175396eb95f85e16f2852dee5df9aa22831f5a096af6ccc9e48dbe2
0,16384,64,1,2,5734,63,34.99755859375,98.4375,3.587249755859375,3.6266632080078125,215ce071423ef87d62e998288f91aec8f35f29a8ac90637186f39b10d59cc2d8,e4e4cbe16c70b408c1c9d938d7114e63c198be88902cbf85e90741f7c841115c,f4cd89468fccef4272a533a5bc431e3ad2648928a77a7c81f421d974a1013463
1,16384,64,1,2,4817,64,29.400634765625,100.0,3.0135650634765625,3.0536041259765625,215ce071423ef87d62e998288f91aec8f35f29a8ac90637186f39b10d59cc2d8,e4e4cbe16c70b408c1c9d938d7114e63c198be88902cbf85e90741f7c841115c,f4cd89468fccef4272a533a5bc431e3ad2648928a77a7c81f421d974a1013463
2,16384,64,1,2,6072,64,37.060546875,100.0,3.7987060546875,3.8387451171875,215ce071423ef87d62e998288f91aec8f35f29a8ac90637186f39b10d59cc2d8,e4e4cbe16c70b408c1c9d938d7114e63c198be88902cbf85e90741f7c841115c,f4cd89468fccef4272a533a5bc431e3ad2648928a77a7c81f421d974a1013463
0,16384,128,1,0,5970,127,36.43798828125,99.21875,3.734893798828125,3.8143463134765625,215ce071423ef87d62e998288f91aec8f35f29a8ac90637186f39b10d59cc2d8,b01c21d44004009bb29cda6c83288d0294605b1063e9205a095d7e58c476d5f3,847f4e5e32a5747171a96dcc7fda6c1ab21dc5675090ffed20848ed475a87bad
1,16384,128,1,0,5614,128,34.26513671875,100.0,3.512176513671875,3.592254638671875,215ce071423ef87d62e998288f91aec8f35f29a8ac90637186f39b10d59cc2d8,b01c21d44004009bb29cda6c83288d0294605b1063e9205a095d7e58c476d5f3,847f4e5e32a5747171a96dcc7fda6c1ab21dc5675090ffed20848ed475a87bad
2,16384,128,1,0,7405,128,45.196533203125,100.0,4.6326446533203125,4.7127227783203125,215ce071423ef87d62e998288f91aec8f35f29a8ac90637186f39b10d59cc2d8,b01c21d44004009bb29cda6c83288d0294605b1063e9205a095d7e58c476d5f3,847f4e5e32a5747171a96dcc7fda6c1ab21dc5675090ffed20848ed475a87bad
0,16384,128,1,1,5963,127,36.395263671875,99.21875,3.7305145263671875,3.809967041015625,215ce071423ef87d62e998288f91aec8f35f29a8ac90637186f39b10d59cc2d8,d306c7272834b2d1357f8a590b91e41948f3b7fd3b4f30e427e9beb4218175a9,5f358bd0578041986d7adb7cddfcb5f357b0a455bb95866650f6a26e268285ea
1,16384,128,1,1,5655,128,34.515380859375,100.0,3.5378265380859375,3.6179046630859375,215ce071423ef87d62e998288f91aec8f35f29a8ac90637186f39b10d59cc2d8,d306c7272834b2d1357f8a590b91e41948f3b7fd3b4f30e427e9beb4218175a9,5f358bd0578041986d7adb7cddfcb5f357b0a455bb95866650f6a26e268285ea
2,16384,128,1,1,7423,128,45.306396484375,100.0,4.6439056396484375,4.7239837646484375,215ce071423ef87d62e998288f91aec8f35f29a8ac90637186f39b10d59cc2d8,d306c7272834b2d1357f8a590b91e41948f3b7fd3b4f30e427e9beb4218175a9,5f358bd0578041986d7adb7cddfcb5f357b0a455bb95866650f6a26e268285ea
0,16384,128,1,2,5973,127,36.456298828125,99.21875,3.7367706298828125,3.81622314453125,215ce071423ef87d62e998288f91aec8f35f29a8ac90637186f39b10d59cc2d8,7ad1543f39c5560980bdca0cbf9b6c268302bbc463a4612fdf79b99dc8db5609,e88899f3219f0c1794044a5fc4ff225aea9dcede7262b3a8c9f0a6faa8267879
1,16384,128,1,2,5639,128,34.417724609375,100.0,3.5278167724609375,3.6078948974609375,215ce071423ef87d62e998288f91aec8f35f29a8ac90637186f39b10d59cc2d8,7ad1543f39c5560980bdca0cbf9b6c268302bbc463a4612fdf79b99dc8db5609,e88899f3219f0c1794044a5fc4ff225aea9dcede7262b3a8c9f0a6faa8267879
2,16384,128,1,2,7419,128,45.281982421875,100.0,4.6414031982421875,4.7214813232421875,215ce071423ef87d62e998288f91aec8f35f29a8ac90637186f39b10d59cc2d8,7ad1543f39c5560980bdca0cbf9b6c268302bbc463a4612fdf79b99dc8db5609,e88899f3219f0c1794044a5fc4ff225aea9dcede7262b3a8c9f0a6faa8267879
0,16384,256,1,0,6226,255,38.00048828125,99.609375,3.895050048828125,4.0545806884765625,215ce071423ef87d62e998288f91aec8f35f29a8ac90637186f39b10d59cc2d8,f8caff9e9a4fd44040f19aa6a25fc48ec327fe7a5a842a48eef69dbbc25bfbcb,eb09d6689646076dd66237e567cf156485639608947b1bac241459e6703a1a77
1,16384,256,1,0,6659,256,40.643310546875,100.0,4.1659393310546875,4.3260955810546875,215ce071423ef87d62e998288f91aec8f35f29a8ac90637186f39b10d59cc2d8,f8caff9e9a4fd44040f19aa6a25fc48ec327fe7a5a842a48eef69dbbc25bfbcb,eb09d6689646076dd66237e567cf156485639608947b1bac241459e6703a1a77
2,16384,256,1,0,8939,256,54.559326171875,100.0,5.5923309326171875,5.7524871826171875,215ce071423ef87d62e998288f91aec8f35f29a8ac90637186f39b10d59cc2d8,f8caff9e9a4fd44040f19aa6a25fc48ec327fe7a5a842a48eef69dbbc25bfbcb,eb09d6689646076dd66237e567cf156485639608947b1bac241459e6703a1a77
0,16384,256,1,1,6249,255,38.140869140625,99.609375,3.9094390869140625,4.0689697265625,215ce071423ef87d62e998288f91aec8f35f29a8ac90637186f39b10d59cc2d8,df58c57df4b684f1741f5a99beb576ad0e1b86556b4ff553664bb2dc644f5761,c867ff6074696ac44962ed96f81afcf24bc98ea6af188f983e350b650907dd96
1,16384,256,1,1,6686,256,40.80810546875,100.0,4.182830810546875,4.342987060546875,215ce071423ef87d62e998288f91aec8f35f29a8ac90637186f39b10d59cc2d8,df58c57df4b684f1741f5a99beb576ad0e1b86556b4ff553664bb2dc644f5761,c867ff6074696ac44962ed96f81afcf24bc98ea6af188f983e350b650907dd96
2,16384,256,1,1,8921,256,54.449462890625,100.0,5.5810699462890625,5.7412261962890625,215ce071423ef87d62e998288f91aec8f35f29a8ac90637186f39b10d59cc2d8,df58c57df4b684f1741f5a99beb576ad0e1b86556b4ff553664bb2dc644f5761,c867ff6074696ac44962ed96f81afcf24bc98ea6af188f983e350b650907dd96
0,16384,256,1,2,6270,255,38.26904296875,99.609375,3.922576904296875,4.0821075439453125,215ce071423ef87d62e998288f91aec8f35f29a8ac90637186f39b10d59cc2d8,6ddc7f1a61898ebe2fe24fe28fc4a7220a8ca0c22998948f662d46f38732c0d1,33244c2cc46323b5e9f979517879715668309ad826965d5c1302ba9d50ee668a
1,16384,256,1,2,6711,256,40.960693359375,100.0,4.1984710693359375,4.3586273193359375,215ce071423ef87d62e998288f91aec8f35f29a8ac90637186f39b10d59cc2d8,6ddc7f1a61898ebe2fe24fe28fc4a7220a8ca0c22998948f662d46f38732c0d1,33244c2cc46323b5e9f979517879715668309ad826965d5c1302ba9d50ee668a
2,16384,256,1,2,8861,256,54.083251953125,100.0,5.5435333251953125,5.7036895751953125,215ce071423ef87d62e998288f91aec8f35f29a8ac90637186f39b10d59cc2d8,6ddc7f1a61898ebe2fe24fe28fc4a7220a8ca0c22998948f662d46f38732c0d1,33244c2cc46323b5e9f979517879715668309ad826965d5c1302ba9d50ee668a
0,16384,512,1,0,6427,511,39.227294921875,99.8046875,4.0207977294921875,4.340484619140625,215ce071423ef87d62e998288f91aec8f35f29a8ac90637186f39b10d59cc2d8,013feea748f8ae41b04cf0bf98307210e6566be9a69bd4e8d17da0dfe805a1fd,2bb80ac9759335d0f5f1d8c5750bfd050cb3329a740863942198e86387600993
1,16384,512,1,0,7684,512,46.8994140625,100.0,4.80718994140625,5.12750244140625,215ce071423ef87d62e998288f91aec8f35f29a8ac90637186f39b10d59cc2d8,013feea748f8ae41b04cf0bf98307210e6566be9a69bd4e8d17da0dfe805a1fd,2bb80ac9759335d0f5f1d8c5750bfd050cb3329a740863942198e86387600993
2,16384,512,1,0,10572,512,64.5263671875,100.0,6.61395263671875,6.93426513671875,215ce071423ef87d62e998288f91aec8f35f29a8ac90637186f39b10d59cc2d8,013feea748f8ae41b04cf0bf98307210e6566be9a69bd4e8d17da0dfe805a1fd,2bb80ac9759335d0f5f1d8c5750bfd050cb3329a740863942198e86387600993
0,16384,512,1,1,6431,511,39.251708984375,99.8046875,4.0233001708984375,4.342987060546875,215ce071423ef87d62e998288f91aec8f35f29a8ac90637186f39b10d59cc2d8,640b772a61dd987adceda5099ef648e8ccc2ab91ba30d9d089590174834a66aa,ba339d57b49bb62b2ab089a858e60211760e418cfa5cb6a7a123b8ac3e5c038c
1,16384,512,1,1,7718,512,47.10693359375,100.0,4.828460693359375,5.148773193359375,215ce071423ef87d62e998288f91aec8f35f29a8ac90637186f39b10d59cc2d8,640b772a61dd987adceda5099ef648e8ccc2ab91ba30d9d089590174834a66aa,ba339d57b49bb62b2ab089a858e60211760e418cfa5cb6a7a123b8ac3e5c038c
2,16384,512,1,1,10592,512,64.6484375,100.0,6.62646484375,6.94677734375,215ce071423ef87d62e998288f91aec8f35f29a8ac90637186f39b10d59cc2d8,640b772a61dd987adceda5099ef648e8ccc2ab91ba30d9d089590174834a66aa,ba339d57b49bb62b2ab089a858e60211760e418cfa5cb6a7a123b8ac3e5c038c
0,16384,512,1,2,6443,511,39.324951171875,99.8046875,4.0308074951171875,4.350494384765625,215ce071423ef87d62e998288f91aec8f35f29a8ac90637186f39b10d59cc2d8,c855cdb4ee88f893dee2cd7172325549ea24ae63bc0d3b9e74448291b81e960f,d7bf6f0b0a840d28cc6d1f8d70ef0eb32982c48a52adb26ba23b4b48a0e97e02
1,16384,512,1,2,7702,512,47.00927734375,100.0,4.818450927734375,5.138763427734375,215ce071423ef87d62e998288f91aec8f35f29a8ac90637186f39b10d59cc2d8,c855cdb4ee88f893dee2cd7172325549ea24ae63bc0d3b9e74448291b81e960f,d7bf6f0b0a840d28cc6d1f8d70ef0eb32982c48a52adb26ba23b4b48a0e97e02
2,16384,512,1,2,10536,512,64.306640625,100.0,6.5914306640625,6.9117431640625,215ce071423ef87d62e998288f91aec8f35f29a8ac90637186f39b10d59cc2d8,c855cdb4ee88f893dee2cd7172325549ea24ae63bc0d3b9e74448291b81e960f,d7bf6f0b0a840d28cc6d1f8d70ef0eb32982c48a52adb26ba23b4b48a0e97e02
0,16384,1024,1,0,6644,1023,40.5517578125,99.90234375,4.15655517578125,4.7965545654296875,215ce071423ef87d62e998288f91aec8f35f29a8ac90637186f39b10d59cc2d8,4d1a372119f5b737c613bc8291f818936d3f0935921b949db3f43b0836a4dbfb,ce9269b86e597147183799baa682da1033ad9c0052aefed4cd2a2de586bb971a
1,16384,1024,1,0,8553,1024,52.203369140625,100.0,5.3508453369140625,5.9914703369140625,215ce071423ef87d62e998288f91aec8f35f29a8ac90637186f39b10d59cc2d8,4d1a372119f5b737c613bc8291f818936d3f0935921b949db3f43b0836a4dbfb,ce9269b86e597147183799baa682da1033ad9c0052aefed4cd2a2de586bb971a
2,16384,1024,1,0,12363,1024,75.457763671875,100.0,7.7344207763671875,8.375045776367188,215ce071423ef87d62e998288f91aec8f35f29a8ac90637186f39b10d59cc2d8,4d1a372119f5b737c613bc8291f818936d3f0935921b949db3f43b0836a4dbfb,ce9269b86e597147183799baa682da1033ad9c0052aefed4cd2a2de586bb971a
0,16384,1024,1,1,6669,1023,40.704345703125,99.90234375,4.1721954345703125,4.81219482421875,215ce071423ef87d62e998288f91aec8f35f29a8ac90637186f39b10d59cc2d8,5c9ee1e3d72cc73ee53cc8e22f5c38034bb6e2afcb002504b4902a7205a3b577,d785585bf0918dc83a2b4661b785dbbdddd14b9920f2eb8bdec2ba867ca5f5e2
1,16384,1024,1,1,8576,1024,52.34375,100.0,5.365234375,6.005859375,215ce071423ef87d62e998288f91aec8f35f29a8ac90637186f39b10d59cc2d8,5c9ee1e3d72cc73ee53cc8e22f5c38034bb6e2afcb002504b4902a7205a3b577,d785585bf0918dc83a2b4661b785dbbdddd14b9920f2eb8bdec2ba867ca5f5e2
2,16384,1024,1,1,12397,1024,75.665283203125,100.0,7.7556915283203125,8.396316528320312,215ce071423ef87d62e998288f91aec8f35f29a8ac90637186f39b10d59cc2d8,5c9ee1e3d72cc73ee53cc8e22f5c38034bb6e2afcb002504b4902a7205a3b577,d785585bf0918dc83a2b4661b785dbbdddd14b9920f2eb8bdec2ba867ca5f5e2
0,16384,1024,1,2,6663,1023,40.667724609375,99.90234375,4.1684417724609375,4.808441162109375,215ce071423ef87d62e998288f91aec8f35f29a8ac90637186f39b10d59cc2d8,80e649054065540274a45f7696df9c2444ccc81ba921f0a82c252733cf9c7da4,b4c8af19ebd6367c8937b12deb5d70bac66f24168a2f60d6bebbb6f50fbe2b83
1,16384,1024,1,2,8601,1024,52.496337890625,100.0,5.3808746337890625,6.0214996337890625,215ce071423ef87d62e998288f91aec8f35f29a8ac90637186f39b10d59cc2d8,80e649054065540274a45f7696df9c2444ccc81ba921f0a82c252733cf9c7da4,b4c8af19ebd6367c8937b12deb5d70bac66f24168a2f60d6bebbb6f50fbe2b83
2,16384,1024,1,2,12360,1024,75.439453125,100.0,7.7325439453125,8.3731689453125,215ce071423ef87d62e998288f91aec8f35f29a8ac90637186f39b10d59cc2d8,80e649054065540274a45f7696df9c2444ccc81ba921f0a82c252733cf9c7da4,b4c8af19ebd6367c8937b12deb5d70bac66f24168a2f60d6bebbb6f50fbe2b83
0,16384,2048,1,0,6825,2047,41.656494140625,99.951171875,4.2697906494140625,5.5504150390625,215ce071423ef87d62e998288f91aec8f35f29a8ac90637186f39b10d59cc2d8,38c3963cc0fc887992bbf4eaa39f76df944b5121a6266e159a1e573a90510857,60635ca0c85e1fb7622997984f61b7a9acb149ca77a9636775ec8bde14da71b7
1,16384,2048,1,0,9358,2048,57.11669921875,100.0,5.854461669921875,7.135711669921875,215ce071423ef87d62e998288f91aec8f35f29a8ac90637186f39b10d59cc2d8,38c3963cc0fc887992bbf4eaa39f76df944b5121a6266e159a1e573a90510857,60635ca0c85e1fb7622997984f61b7a9acb149ca77a9636775ec8bde14da71b7
2,16384,2048,1,0,14065,2048,85.845947265625,100.0,8.799209594726562,10.080459594726562,215ce071423ef87d62e998288f91aec8f35f29a8ac90637186f39b10d59cc2d8,38c3963cc0fc887992bbf4eaa39f76df944b5121a6266e159a1e573a90510857,60635ca0c85e1fb7622997984f61b7a9acb149ca77a9636775ec8bde14da71b7
0,16384,2048,1,1,6851,2047,41.815185546875,99.951171875,4.2860565185546875,5.566680908203125,215ce071423ef87d62e998288f91aec8f35f29a8ac90637186f39b10d59cc2d8,601ec3c922c7c5103b900ce89856abcd4fed76836f0f45f142532f492fc0136c,53e6b83fb92570f171007004be1e68dc6b94aa1435ca147750d32f4a54708d3b
1,16384,2048,1,1,9390,2048,57.31201171875,100.0,5.874481201171875,7.155731201171875,215ce071423ef87d62e998288f91aec8f35f29a8ac90637186f39b10d59cc2d8,601ec3c922c7c5103b900ce89856abcd4fed76836f0f45f142532f492fc0136c,53e6b83fb92570f171007004be1e68dc6b94aa1435ca147750d32f4a54708d3b
2,16384,2048,1,1,14089,2048,85.992431640625,100.0,8.814224243164062,10.095474243164062,215ce071423ef87d62e998288f91aec8f35f29a8ac90637186f39b10d59cc2d8,601ec3c922c7c5103b900ce89856abcd4fed76836f0f45f142532f492fc0136c,53e6b83fb92570f171007004be1e68dc6b94aa1435ca147750d32f4a54708d3b
0,16384,2048,1,2,6856,2047,41.845703125,99.951171875,4.2891845703125,5.5698089599609375,215ce071423ef87d62e998288f91aec8f35f29a8ac90637186f39b10d59cc2d8,83ed74face5a8a25e64aa17f589c2a3e608ddfbe876e2321168749ab3fa6f31b,5e71eb98206341763609c64716f79b0177d7d6ece6ae1dedc9d4cfa4d0f093b3
1,16384,2048,1,2,9420,2048,57.4951171875,100.0,5.89324951171875,7.17449951171875,215ce071423ef87d62e998288f91aec8f35f29a8ac90637186f39b10d59cc2d8,83ed74face5a8a25e64aa17f589c2a3e608ddfbe876e2321168749ab3fa6f31b,5e71eb98206341763609c64716f79b0177d7d6ece6ae1dedc9d4cfa4d0f093b3
2,16384,2048,1,2,14070,2048,85.87646484375,100.0,8.802337646484375,10.083587646484375,215ce071423ef87d62e998288f91aec8f35f29a8ac90637186f39b10d59cc2d8,83ed74face5a8a25e64aa17f589c2a3e608ddfbe876e2321168749ab3fa6f31b,5e71eb98206341763609c64716f79b0177d7d6ece6ae1dedc9d4cfa4d0f093b3
0,16384,4096,1,0,7003,4095,42.742919921875,99.9755859375,4.3811492919921875,6.943023681640625,215ce071423ef87d62e998288f91aec8f35f29a8ac90637186f39b10d59cc2d8,3fcce29a2d9f9d7d84029dd54fa6650b2f30d13c358d3dea399a663eb39516d0,adb5ba7fe13d74733a1c4434bee9317da8781a9869e134e71d0cab99f37a2c2e
1,16384,4096,1,0,10310,4096,62.92724609375,100.0,6.450042724609375,9.012542724609375,215ce071423ef87d62e998288f91aec8f35f29a8ac90637186f39b10d59cc2d8,3fcce29a2d9f9d7d84029dd54fa6650b2f30d13c358d3dea399a663eb39516d0,adb5ba7fe13d74733a1c4434bee9317da8781a9869e134e71d0cab99f37a2c2e
2,16384,4096,1,0,15096,4096,92.138671875,100.0,9.4442138671875,12.0067138671875,215ce071423ef87d62e998288f91aec8f35f29a8ac90637186f39b10d59cc2d8,3fcce29a2d9f9d7d84029dd54fa6650b2f30d13c358d3dea399a663eb39516d0,adb5ba7fe13d74733a1c4434bee9317da8781a9869e134e71d0cab99f37a2c2e
0,16384,4096,1,1,7042,4095,42.98095703125,99.9755859375,4.405548095703125,6.9674224853515625,215ce071423ef87d62e998288f91aec8f35f29a8ac90637186f39b10d59cc2d8,4edf467664706dcacb362e7013481149735feb4a347e3eb2667531100fad5ec2,f42fe9849f413529c06bb6ba3c1d8af2806869803f5c29da546d505fc56e61a3
1,16384,4096,1,1,10364,4096,63.2568359375,100.0,6.48382568359375,9.04632568359375,215ce071423ef87d62e998288f91aec8f35f29a8ac90637186f39b10d59cc2d8,4edf467664706dcacb362e7013481149735feb4a347e3eb2667531100fad5ec2,f42fe9849f413529c06bb6ba3c1d8af2806869803f5c29da546d505fc56e61a3
2,16384,4096,1,1,15119,4096,92.279052734375,100.0,9.458602905273438,12.021102905273438,215ce071423ef87d62e998288f91aec8f35f29a8ac90637186f39b10d59cc2d8,4edf467664706dcacb362e7013481149735feb4a347e3eb2667531100fad5ec2,f42fe9849f413529c06bb6ba3c1d8af2806869803f5c29da546d505fc56e61a3
0,16384,4096,1,2,7070,4095,43.15185546875,99.9755859375,4.423065185546875,6.9849395751953125,215ce071423ef87d62e998288f91aec8f35f29a8ac90637186f39b10d59cc2d8,413009579c0b7c203e7f2adfb5572c4870956baf3213e64a67a0a023119061bb,7beb8a3b1a145754f7738aad0f712cb0729521002aa6543ce3f32f3fc6442438
1,16384,4096,1,2,10383,4096,63.372802734375,100.0,6.4957122802734375,9.058212280273438,215ce071423ef87d62e998288f91aec8f35f29a8ac90637186f39b10d59cc2d8,413009579c0b7c203e7f2adfb5572c4870956baf3213e64a67a0a023119061bb,7beb8a3b1a145754f7738aad0f712cb0729521002aa6543ce3f32f3fc6442438
2,16384,4096,1,2,15131,4096,92.352294921875,100.0,9.466110229492188,12.028610229492188,215ce071423ef87d62e998288f91aec8f35f29a8ac90637186f39b10d59cc2d8,413009579c0b7c203e7f2adfb5572c4870956baf3213e64a67a0a023119061bb,7beb8a3b1a145754f7738aad0f712cb0729521002aa6543ce3f32f3fc6442438
0,16384,64,2,0,5761,63,35.162353515625,98.4375,3.6041412353515625,3.6435546875,b891c2ee6776be9e69ef2a45f56df51fba4c429787908345b77a1e446f005d64,8b1b30b50df2a630eb9dcd4ac0120f0fbb4226b3146c04546cc681cd9fbab507,da7ea1177e3f1600289f501728c211ac5897566af47580acc5e38ba74ef7494b
1,16384,64,2,0,4772,64,29.1259765625,100.0,2.98541259765625,3.02545166015625,b891c2ee6776be9e69ef2a45f56df51fba4c429787908345b77a1e446f005d64,8b1b30b50df2a630eb9dcd4ac0120f0fbb4226b3146c04546cc681cd9fbab507,da7ea1177e3f1600289f501728c211ac5897566af47580acc5e38ba74ef7494b
2,16384,64,2,0,6121,64,37.359619140625,100.0,3.8293609619140625,3.8694000244140625,b891c2ee6776be9e69ef2a45f56df51fba4c429787908345b77a1e446f005d64,8b1b30b50df2a630eb9dcd4ac0120f0fbb4226b3146c04546cc681cd9fbab507,da7ea1177e3f1600289f501728c211ac5897566af47580acc5e38ba74ef7494b
0,16384,64,2,1,5752,63,35.107421875,98.4375,3.5985107421875,3.6379241943359375,b891c2ee6776be9e69ef2a45f56df51fba4c429787908345b77a1e446f005d64,44803f2d88d2542bc888ce18977434d05841408bb257f61123e8beee8938b2b9,b9c649b02916fa30f3f2ef408c4ff54c3c7d81389abaf50fbfa2d2ea20144b40
1,16384,64,2,1,4757,64,29.034423828125,100.0,2.9760284423828125,3.0160675048828125,b891c2ee6776be9e69ef2a45f56df51fba4c429787908345b77a1e446f005d64,44803f2d88d2542bc888ce18977434d05841408bb257f61123e8beee8938b2b9,b9c649b02916fa30f3f2ef408c4ff54c3c7d81389abaf50fbfa2d2ea20144b40
2,16384,64,2,1,6064,64,37.01171875,100.0,3.793701171875,3.833740234375,b891c2ee6776be9e69ef2a45f56df51fba4c429787908345b77a1e446f005d64,44803f2d88d2542bc888ce18977434d05841408bb257f61123e8beee8938b2b9,b9c649b02916fa30f3f2ef408c4ff54c3c7d81389abaf50fbfa2d2ea20144b40
0,16384,64,2,2,5731,63,34.979248046875,98.4375,3.5853729248046875,3.624786376953125,b891c2ee6776be9e69ef2a45f56df51fba4c429787908345b77a1e446f005d64,e4e4cbe16c70b408c1c9d938d7114e63c198be88902cbf85e90741f7c841115c,986ca3402215aef50961c4ab04dc0cebd127ca4ee0378c94d9aa39239e76955e
1,16384,64,2,2,4760,64,29.052734375,100.0,2.9779052734375,3.0179443359375,b891c2ee6776be9e69ef2a45f56df51fba4c429787908345b77a1e446f005d64,e4e4cbe16c70b408c1c9d938d7114e63c198be88902cbf85e90741f7c841115c,986ca3402215aef50961c4ab04dc0cebd127ca4ee0378c94d9aa39239e76955e
2,16384,64,2,2,6043,64,36.883544921875,100.0,3.7805633544921875,3.8206024169921875,b891c2ee6776be9e69ef2a45f56df51fba4c429787908345b77a1e446f005d64,e4e4cbe16c70b408c1c9d938d7114e63c198be88902cbf85e90741f7c841115c,986ca3402215aef50961c4ab04dc0cebd127ca4ee0378c94d9aa39239e76955e
0,16384,128,2,0,5980,127,36.4990234375,99.21875,3.74114990234375,3.8206024169921875,b891c2ee6776be9e69ef2a45f56df51fba4c429787908345b77a1e446f005d64,b01c21d44004009bb29cda6c83288d0294605b1063e9205a095d7e58c476d5f3,7843527a033fd9c9d01c526ac66fbc8c826dea3c25f4adcd25d66bbc024dc378
1,16384,128,2,0,5578,128,34.04541015625,100.0,3.489654541015625,3.569732666015625,b891c2ee6776be9e69ef2a45f56df51fba4c429787908345b77a1e446f005d64,b01c21d44004009bb29cda6c83288d0294605b1063e9205a095d7e58c476d5f3,7843527a033fd9c9d01c526ac66fbc8c826dea3c25f4adcd25d66bbc024dc378
2,16384,128,2,0,7379,128,45.037841796875,100.0,4.6163787841796875,4.6964569091796875,b891c2ee6776be9e69ef2a45f56df51fba4c429787908345b77a1e446f005d64,b01c21d44004009bb29cda6c83288d0294605b1063e9205a095d7e58c476d5f3,7843527a033fd9c9d01c526ac66fbc8c826dea3c25f4adcd25d66bbc024dc378
0,16384,128,2,1,5967,127,36.419677734375,99.21875,3.7330169677734375,3.812469482421875,b891c2ee6776be9e69ef2a45f56df51fba4c429787908345b77a1e446f005d64,d306c7272834b2d1357f8a590b91e41948f3b7fd3b4f30e427e9beb4218175a9,4ba29ad2a94ed22513d92a530cf20422208b67a61f994eefb75ed4ec7673f2b1
1,16384,128,2,1,5577,128,34.039306640625,100.0,3.4890289306640625,3.5691070556640625,b891c2ee6776be9e69ef2a45f56df51fba4c429787908345b77a1e446f005d64,d306c7272834b2d1357f8a590b91e41948f3b7fd3b4f30e427e9beb4218175a9,4ba29ad2a94ed22513d92a530cf20422208b67a61f994eefb75ed4ec7673f2b1
2,16384,128,2,1,7413,128,45.245361328125,100.0,4.6376495361328125,4.7177276611328125,b891c2ee6776be9e69ef2a45f56df51fba4c429787908345b77a1e446f005d64,d306c7272834b2d1357f8a590b91e41948f3b7fd3b4f30e427e9beb4218175a9,4ba29ad2a94ed22513d92a530cf20422208b67a61f994eefb75ed4ec7673f2b1
0,16384,128,2,2,5967,127,36.419677734375,99.21875,3.7330169677734375,3.812469482421875,b891c2ee6776be9e69ef2a45f56df51fba4c429787908345b77a1e446f005d64,7ad1543f39c5560980bdca0cbf9b6c268302bbc463a4612fdf79b99dc8db5609,38e4b9ba61f3d9c7a82b6c5c45ed77a7b3be4c0872d5d5f52ec351209ae1d870
1,16384,128,2,2,5551,128,33.880615234375,100.0,3.4727630615234375,3.5528411865234375,b891c2ee6776be9e69ef2a45f56df51fba4c429787908345b77a1e446f005d64,7ad1543f39c5560980bdca0cbf9b6c268302bbc463a4612fdf79b99dc8db5609,38e4b9ba61f3d9c7a82b6c5c45ed77a7b3be4c0872d5d5f52ec351209ae1d870
2,16384,128,2,2,7367,128,44.964599609375,100.0,4.6088714599609375,4.6889495849609375,b891c2ee6776be9e69ef2a45f56df51fba4c429787908345b77a1e446f005d64,7ad1543f39c5560980bdca0cbf9b6c268302bbc463a4612fdf79b99dc8db5609,38e4b9ba61f3d9c7a82b6c5c45ed77a7b3be4c0872d5d5f52ec351209ae1d870
0,16384,256,2,0,6240,255,38.0859375,99.609375,3.90380859375,4.0633392333984375,b891c2ee6776be9e69ef2a45f56df51fba4c429787908345b77a1e446f005d64,f8caff9e9a4fd44040f19aa6a25fc48ec327fe7a5a842a48eef69dbbc25bfbcb,1882bc5d242dc6469cff08945d7ce236cd2a1ad29506105e9deea2104ad1e0ce
1,16384,256,2,0,6650,256,40.58837890625,100.0,4.160308837890625,4.320465087890625,b891c2ee6776be9e69ef2a45f56df51fba4c429787908345b77a1e446f005d64,f8caff9e9a4fd44040f19aa6a25fc48ec327fe7a5a842a48eef69dbbc25bfbcb,1882bc5d242dc6469cff08945d7ce236cd2a1ad29506105e9deea2104ad1e0ce
2,16384,256,2,0,8873,256,54.156494140625,100.0,5.5510406494140625,5.7111968994140625,b891c2ee6776be9e69ef2a45f56df51fba4c429787908345b77a1e446f005d64,f8caff9e9a4fd44040f19aa6a25fc48ec327fe7a5a842a48eef69dbbc25bfbcb,1882bc5d242dc6469cff08945d7ce236cd2a1ad29506105e9deea2104ad1e0ce
0,16384,256,2,1,6223,255,37.982177734375,99.609375,3.8931732177734375,4.052703857421875,b891c2ee6776be9e69ef2a45f56df51fba4c429787908345b77a1e446f005d64,df58c57df4b684f1741f5a99beb576ad0e1b86556b4ff553664bb2dc644f5761,f7434d09bd600e11692a2c2812b4bd885dc9f1566ff63327402d2637eef80426
1,16384,256,2,1,6612,256,40.3564453125,100.0,4.13653564453125,4.29669189453125,b891c2ee6776be9e69ef2a45f56df51fba4c429787908345b77a1e446f005d64,df58c57df4b684f1741f5a99beb576ad0e1b86556b4ff553664bb2dc644f5761,f7434d09bd600e11692a2c2812b4bd885dc9f1566ff63327402d2637eef80426
2,16384,256,2,1,8898,256,54.30908203125,100.0,5.566680908203125,5.726837158203125,b891c2ee6776be9e69ef2a45f56df51fba4c429787908345b77a1e446f005d64,df58c57df4b684f1741f5a99beb576ad0e1b86556b4ff553664bb2dc644f5761,f7434d09bd600e11692a2c2812b4bd885dc9f1566ff63327402d2637eef80426
0,16384,256,2,2,6247,255,38.128662109375,99.609375,3.9081878662109375,4.067718505859375,b891c2ee6776be9e69ef2a45f56df51fba4c429787908345b77a1e446f005d64,6ddc7f1a61898ebe2fe24fe28fc4a7220a8ca0c22998948f662d46f38732c0d1,813c8e07c2c67f5e86867cb4874c956f94fc6b01d42cb05c0b6ad6a2efbda839
1,16384,256,2,2,6677,256,40.753173828125,100.0,4.1772003173828125,4.3373565673828125,b891c2ee6776be9e69ef2a45f56df51fba4c429787908345b77a1e446f005d64,6ddc7f1a61898ebe2fe24fe28fc4a7220a8ca0c22998948f662d46f38732c0d1,813c8e07c2c67f5e86867cb4874c956f94fc6b01d42cb05c0b6ad6a2efbda839
2,16384,256,2,2,8875,256,54.168701171875,100.0,5.5522918701171875,5.7124481201171875,b891c2ee6776be9e69ef2a45f56df51fba4c429787908345b77a1e446f005d64,6ddc7f1a61898ebe2fe24fe28fc4a7220a8ca0c22998948f662d46f38732c0d1,813c8e07c2c67f5e86867cb4874c956f94fc6b01d42cb05c0b6ad6a2efbda839
0,16384,512,2,0,6451,511,39.373779296875,99.8046875,4.0358123779296875,4.355499267578125,b891c2ee6776be9e69ef2a45f56df51fba4c429787908345b77a1e446f005d64,013feea748f8ae41b04cf0bf98307210e6566be9a69bd4e8d17da0dfe805a1fd,b1c456cb930294d2d756177ecb1ed5edda8b82b2d173b620fbe0b6df0bc75770
1,16384,512,2,0,7679,512,46.868896484375,100.0,4.8040618896484375,5.1243743896484375,b891c2ee6776be9e69ef2a45f56df51fba4c429787908345b77a1e446f005d64,013feea748f8ae41b04cf0bf98307210e6566be9a69bd4e8d17da0dfe805a1fd,b1c456cb930294d2d756177ecb1ed5edda8b82b2d173b620fbe0b6df0bc75770
2,16384,512,2,0,10555,512,64.422607421875,100.0,6.6033172607421875,6.9236297607421875,b891c2ee6776be9e69ef2a45f56df51fba4c429787908345b77a1e446f005d64,013feea748f8ae41b04cf0bf98307210e6566be9a69bd4e8d17da0dfe805a1fd,b1c456cb930294d2d756177ecb1ed5edda8b82b2d173b620fbe0b6df0bc75770
0,16384,512,2,1,6423,511,39.202880859375,99.8046875,4.0182952880859375,4.337982177734375,b891c2ee6776be9e69ef2a45f56df51fba4c429787908345b77a1e446f005d64,640b772a61dd987adceda5099ef648e8ccc2ab91ba30d9d089590174834a66aa,6fb24975b2acdd26a8dd8f0a06b2164ab4cfd0ef55661f10a4e100ca5646c07d
1,16384,512,2,1,7640,512,46.630859375,100.0,4.7796630859375,5.0999755859375,b891c2ee6776be9e69ef2a45f56df51fba4c429787908345b77a1e446f005d64,640b772a61dd987adceda5099ef648e8ccc2ab91ba30d9d089590174834a66aa,6fb24975b2acdd26a8dd8f0a06b2164ab4cfd0ef55661f10a4e100ca5646c07d
2,16384,512,2,1,10574,512,64.53857421875,100.0,6.615203857421875,6.935516357421875,b891c2ee6776be9e69ef2a45f56df51fba4c429787908345b77a1e446f005d64,640b772a61dd987adceda5099ef648e8ccc2ab91ba30d9d089590174834a66aa,6fb24975b2acdd26a8dd8f0a06b2164ab4cfd0ef55661f10a4e100ca5646c07d
0,16384,512,2,2,6456,511,39.404296875,99.8046875,4.0389404296875,4.3586273193359375,b891c2ee6776be9e69ef2a45f56df51fba4c429787908345b77a1e446f005d64,c855cdb4ee88f893dee2cd7172325549ea24ae63bc0d3b9e74448291b81e960f,a518f9eb165c0986497592a02064ac9cf257fdc96cd916f4fdd7ced3d7755153
1,16384,512,2,2,7699,512,46.990966796875,100.0,4.8165740966796875,5.1368865966796875,b891c2ee6776be9e69ef2a45f56df51fba4c429787908345b77a1e446f005d64,c855cdb4ee88f893dee2cd7172325549ea24ae63bc0d3b9e74448291b81e960f,a518f9eb165c0986497592a02064ac9cf257fdc96cd916f4fdd7ced3d7755153
2,16384,512,2,2,10535,512,64.300537109375,100.0,6.5908050537109375,6.9111175537109375,b891c2ee6776be9e69ef2a45f56df51fba4c429787908345b77a1e446f005d64,c855cdb4ee88f893dee2cd7172325549ea24ae63bc0d3b9e74448291b81e960f,a518f9eb165c0986497592a02064ac9cf257fdc96cd916f4fdd7ced3d7755153
0,16384,1024,2,0,6698,1023,40.88134765625,99.90234375,4.190338134765625,4.8303375244140625,b891c2ee6776be9e69ef2a45f56df51fba4c429787908345b77a1e446f005d64,4d1a372119f5b737c613bc8291f818936d3f0935921b949db3f43b0836a4dbfb,7faf1dec2e0ed53f4d8125d72dcddde5089c1e1f71839da9d92cea9914b50d32
1,16384,1024,2,0,8527,1024,52.044677734375,100.0,5.3345794677734375,5.9752044677734375,b891c2ee6776be9e69ef2a45f56df51fba4c429787908345b77a1e446f005d64,4d1a372119f5b737c613bc8291f818936d3f0935921b949db3f43b0836a4dbfb,7faf1dec2e0ed53f4d8125d72dcddde5089c1e1f71839da9d92cea9914b50d32
2,16384,1024,2,0,12358,1024,75.42724609375,100.0,7.731292724609375,8.371917724609375,b891c2ee6776be9e69ef2a45f56df51fba4c429787908345b77a1e446f005d64,4d1a372119f5b737c613bc8291f818936d3f0935921b949db3f43b0836a4dbfb,7faf1dec2e0ed53f4d8125d72dcddde5089c1e1f71839da9d92cea9914b50d32
0,16384,1024,2,1,6659,1023,40.643310546875,99.90234375,4.1659393310546875,4.805938720703125,b891c2ee6776be9e69ef2a45f56df51fba4c429787908345b77a1e446f005d64,5c9ee1e3d72cc73ee53cc8e22f5c38034bb6e2afcb002504b4902a7205a3b577,c3545c9fd39435d7db89eb589782d0f8e6bc96c1b647f4fda252137a4fee77f9
1,16384,1024,2,1,8529,1024,52.056884765625,100.0,5.3358306884765625,5.9764556884765625,b891c2ee6776be9e69ef2a45f56df51fba4c429787908345b77a1e446f005d64,5c9ee1e3d72cc73ee53cc8e22f5c38034bb6e2afcb002504b4902a7205a3b577,c3545c9fd39435d7db89eb589782d0f8e6bc96c1b647f4fda252137a4fee77f9
2,16384,1024,2,1,12334,1024,75.28076171875,100.0,7.716278076171875,8.356903076171875,b891c2ee6776be9e69ef2a45f56df51fba4c429787908345b77a1e446f005d64,5c9ee1e3d72cc73ee53cc8e22f5c38034bb6e2afcb002504b4902a7205a3b577,c3545c9fd39435d7db89eb589782d0f8e6bc96c1b647f4fda252137a4fee77f9
0,16384,1024,2,2,6670,1023,40.71044921875,99.90234375,4.172821044921875,4.8128204345703125,b891c2ee6776be9e69ef2a45f56df51fba4c429787908345b77a1e446f005d64,80e649054065540274a45f7696df9c2444ccc81ba921f0a82c252733cf9c7da4,843f91c46ca1f95bcdd1e6f71e258de7f1a6e6a42925a8d53e846124cbb6739a
1,16384,1024,2,2,8550,1024,52.18505859375,100.0,5.348968505859375,5.989593505859375,b891c2ee6776be9e69ef2a45f56df51fba4c429787908345b77a1e446f005d64,80e649054065540274a45f7696df9c2444ccc81ba921f0a82c252733cf9c7da4,843f91c46ca1f95bcdd1e6f71e258de7f1a6e6a42925a8d53e846124cbb6739a
2,16384,1024,2,2,12350,1024,75.37841796875,100.0,7.726287841796875,8.366912841796875,b891c2ee6776be9e69ef2a45f56df51fba4c429787908345b77a1e446f005d64,80e649054065540274a45f7696df9c2444ccc81ba921f0a82c252733cf9c7da4,843f91c46ca1f95bcdd1e6f71e258de7f1a6e6a42925a8d53e846124cbb6739a
0,16384,2048,2,0,6829,2047,41.680908203125,99.951171875,4.2722930908203125,5.55291748046875,b891c2ee6776be9e69ef2a45f56df51fba4c429787908345b77a1e446f005d64,38c3963cc0fc887992bbf4eaa39f76df944b5121a6266e159a1e573a90510857,6de439f8d1cc9eae2342c18cd507cf447a3e93d616b75b7b96072358e8b571f8
1,16384,2048,2,0,9404,2048,57.3974609375,100.0,5.88323974609375,7.16448974609375,b891c2ee6776be9e69ef2a45f56df51fba4c429787908345b77a1e446f005d64,38c3963cc0fc887992bbf4eaa39f76df944b5121a6266e159a1e573a90510857,6de439f8d1cc9eae2342c18cd507cf447a3e93d616b75b7b96072358e8b571f8
2,16384,2048,2,0,14044,2048,85.7177734375,100.0,8.78607177734375,10.06732177734375,b891c2ee6776be9e69ef2a45f56df51fba4c429787908345b77a1e446f005d64,38c3963cc0fc887992bbf4eaa39f76df944b5121a6266e159a1e573a90510857,6de439f8d1cc9eae2342c18cd507cf447a3e93d616b75b7b96072358e8b571f8
0,16384,2048,2,1,6840,2047,41.748046875,99.951171875,4.2791748046875,5.5597991943359375,b891c2ee6776be9e69ef2a45f56df51fba4c429787908345b77a1e446f005d64,601ec3c922c7c5103b900ce89856abcd4fed76836f0f45f142532f492fc0136c,1269c7d681275791dbcb6ead37471b606480381ddc1b1425e10cee1c26af601d
1,16384,2048,2,1,9346,2048,57.04345703125,100.0,5.846954345703125,7.128204345703125,b891c2ee6776be9e69ef2a45f56df51fba4c429787908345b77a1e446f005d64,601ec3c922c7c5103b900ce89856abcd4fed76836f0f45f142532f492fc0136c,1269c7d681275791dbcb6ead37471b606480381ddc1b1425e10cee1c26af601d
2,16384,2048,2,1,14022,2048,85.58349609375,100.0,8.772308349609375,10.053558349609375,b891c2ee6776be9e69ef2a45f56df51fba4c429787908345b77a1e446f005d64,601ec3c922c7c5103b900ce89856abcd4fed76836f0f45f142532f492fc0136c,1269c7d681275791dbcb6ead37471b606480381ddc1b1425e10cee1c26af601d
0,16384,2048,2,2,6835,2047,41.717529296875,99.951171875,4.2760467529296875,5.556671142578125,b891c2ee6776be9e69ef2a45f56df51fba4c429787908345b77a1e446f005d64,83ed74face5a8a25e64aa17f589c2a3e608ddfbe876e2321168749ab3fa6f31b,6e8c30370777e251bfa122cd06e9a7f638cd1548868763c5ec271349b4d15e7c
1,16384,2048,2,2,9411,2048,57.440185546875,100.0,5.8876190185546875,7.1688690185546875,b891c2ee6776be9e69ef2a45f56df51fba4c429787908345b77a1e446f005d64,83ed74face5a8a25e64aa17f589c2a3e608ddfbe876e2321168749ab3fa6f31b,6e8c30370777e251bfa122cd06e9a7f638cd1548868763c5ec271349b4d15e7c
2,16384,2048,2,2,14057,2048,85.797119140625,100.0,8.794204711914062,10.075454711914062,b891c2ee6776be9e69ef2a45f56df51fba4c429787908345b77a1e446f005d64,83ed74face5a8a25e64aa17f589c2a3e608ddfbe876e2321168749ab3fa6f31b,6e8c30370777e251bfa122cd06e9a7f638cd1548868763c5ec271349b4d15e7c
0,16384,4096,2,0,7051,4095,43.035888671875,99.9755859375,4.4111785888671875,6.973052978515625,b891c2ee6776be9e69ef2a45f56df51fba4c429787908345b77a1e446f005d64,3fcce29a2d9f9d7d84029dd54fa6650b2f30d13c358d3dea399a663eb39516d0,f36bba5673e11d127ba4cc876c872cf791220edc77094be45be6efae96fcd028
1,16384,4096,2,0,10451,4096,63.787841796875,100.0,6.5382537841796875,9.100753784179688,b891c2ee6776be9e69ef2a45f56df51fba4c429787908345b77a1e446f005d64,3fcce29a2d9f9d7d84029dd54fa6650b2f30d13c358d3dea399a663eb39516d0,f36bba5673e11d127ba4cc876c872cf791220edc77094be45be6efae96fcd028
2,16384,4096,2,0,15083,4096,92.059326171875,100.0,9.436080932617188,11.998580932617188,b891c2ee6776be9e69ef2a45f56df51fba4c429787908345b77a1e446f005d64,3fcce29a2d9f9d7d84029dd54fa6650b2f30d13c358d3dea399a663eb39516d0,f36bba5673e11d127ba4cc876c872cf791220edc77094be45be6efae96fcd028
0,16384,4096,2,1,7060,4095,43.0908203125,99.9755859375,4.41680908203125,6.9786834716796875,b891c2ee6776be9e69ef2a45f56df51fba4c429787908345b77a1e446f005d64,4edf467664706dcacb362e7013481149735feb4a347e3eb2667531100fad5ec2,25e3059db71577d879c1690ba1a4a46a6dbd2a7e506159fee2ccb74ec9ac7c47
1,16384,4096,2,1,10416,4096,63.57421875,100.0,6.516357421875,9.078857421875,b891c2ee6776be9e69ef2a45f56df51fba4c429787908345b77a1e446f005d64,4edf467664706dcacb362e7013481149735feb4a347e3eb2667531100fad5ec2,25e3059db71577d879c1690ba1a4a46a6dbd2a7e506159fee2ccb74ec9ac7c47
2,16384,4096,2,1,15073,4096,91.998291015625,100.0,9.429824829101562,11.992324829101562,b891c2ee6776be9e69ef2a45f56df51fba4c429787908345b77a1e446f005d64,4edf467664706dcacb362e7013481149735feb4a347e3eb2667531100fad5ec2,25e3059db71577d879c1690ba1a4a46a6dbd2a7e506159fee2ccb74ec9ac7c47
0,16384,4096,2,2,7057,4095,43.072509765625,99.9755859375,4.4149322509765625,6.976806640625,b891c2ee6776be9e69ef2a45f56df51fba4c429787908345b77a1e446f005d64,413009579c0b7c203e7f2adfb5572c4870956baf3213e64a67a0a023119061bb,667e2ea1b40f03d052595fb0e5778b94e4ada5150a987d3915ca93f344b09354
1,16384,4096,2,2,10446,4096,63.75732421875,100.0,6.535125732421875,9.097625732421875,b891c2ee6776be9e69ef2a45f56df51fba4c429787908345b77a1e446f005d64,413009579c0b7c203e7f2adfb5572c4870956baf3213e64a67a0a023119061bb,667e2ea1b40f03d052595fb0e5778b94e4ada5150a987d3915ca93f344b09354
2,16384,4096,2,2,15077,4096,92.022705078125,100.0,9.432327270507812,11.994827270507812,b891c2ee6776be9e69ef2a45f56df51fba4c429787908345b77a1e446f005d64,413009579c0b7c203e7f2adfb5572c4870956baf3213e64a67a0a023119061bb,667e2ea1b40f03d052595fb0e5778b94e4ada5150a987d3915ca93f344b09354
0,65536,64,0,0,7917,61,12.08038330078125,95.3125,4.9529571533203125,4.991119384765625,467e371c8ac7a379840ab57a7c542506def4be17caecf9669cd4c230e3cb92a0,8b1b30b50df2a630eb9dcd4ac0120f0fbb4226b3146c04546cc681cd9fbab507,f3217bde8166f9e30809c3a4258e7dd7338da30ab3eb44c543d772e29d54ee2f
1,65536,64,0,0,2700,64,4.119873046875,100.0,1.68914794921875,1.72918701171875,467e371c8ac7a379840ab57a7c542506def4be17caecf9669cd4c230e3cb92a0,8b1b30b50df2a630eb9dcd4ac0120f0fbb4226b3146c04546cc681cd9fbab507,f3217bde8166f9e30809c3a4258e7dd7338da30ab3eb44c543d772e29d54ee2f
2,65536,64,0,0,6519,64,9.94720458984375,100.0,4.0783538818359375,4.1183929443359375,467e371c8ac7a379840ab57a7c542506def4be17caecf9669cd4c230e3cb92a0,8b1b30b50df2a630eb9dcd4ac0120f0fbb4226b3146c04546cc681cd9fbab507,f3217bde8166f9e30809c3a4258e7dd7338da30ab3eb44c543d772e29d54ee2f
0,65536,64,0,1,7971,61,12.16278076171875,95.3125,4.9867401123046875,5.02490234375,467e371c8ac7a379840ab57a7c542506def4be17caecf9669cd4c230e3cb92a0,44803f2d88d2542bc888ce18977434d05841408bb257f61123e8beee8938b2b9,edca9cbc7607094e5560b9f1aacf0e600010ee542d21fb4082522e24fd3e7519
1,65536,64,0,1,2696,64,4.11376953125,100.0,1.6866455078125,1.7266845703125,467e371c8ac7a379840ab57a7c542506def4be17caecf9669cd4c230e3cb92a0,44803f2d88d2542bc888ce18977434d05841408bb257f61123e8beee8938b2b9,edca9cbc7607094e5560b9f1aacf0e600010ee542d21fb4082522e24fd3e7519
2,65536,64,0,1,6492,64,9.906005859375,100.0,4.06146240234375,4.10150146484375,467e371c8ac7a379840ab57a7c542506def4be17caecf9669cd4c230e3cb92a0,44803f2d88d2542bc888ce18977434d05841408bb257f61123e8beee8938b2b9,edca9cbc7607094e5560b9f1aacf0e600010ee542d21fb4082522e24fd3e7519
0,65536,64,0,2,7863,61,11.99798583984375,95.3125,4.9191741943359375,4.95733642578125,467e371c8ac7a379840ab57a7c542506def4be17caecf9669cd4c230e3cb92a0,e4e4cbe16c70b408c1c9d938d7114e63c198be88902cbf85e90741f7c841115c,260f676e4332dd9fa8e65b7cbc3c9a3883d1180c6e697be1de9fb1ce37b7f93d
1,65536,64,0,2,2696,64,4.11376953125,100.0,1.6866455078125,1.7266845703125,467e371c8ac7a379840ab57a7c542506def4be17caecf9669cd4c230e3cb92a0,e4e4cbe16c70b408c1c9d938d7114e63c198be88902cbf85e90741f7c841115c,260f676e4332dd9fa8e65b7cbc3c9a3883d1180c6e697be1de9fb1ce37b7f93d
2,65536,64,0,2,6509,64,9.93194580078125,100.0,4.0720977783203125,4.1121368408203125,467e371c8ac7a379840ab57a7c542506def4be17caecf9669cd4c230e3cb92a0,e4e4cbe16c70b408c1c9d938d7114e63c198be88902cbf85e90741f7c841115c,260f676e4332dd9fa8e65b7cbc3c9a3883d1180c6e697be1de9fb1ce37b7f93d
0,65536,128,0,0,8787,125,13.40789794921875,97.65625,5.4972381591796875,5.575439453125,467e371c8ac7a379840ab57a7c542506def4be17caecf9669cd4c230e3cb92a0,b01c21d44004009bb29cda6c83288d0294605b1063e9205a095d7e58c476d5f3,516f99d5cd7077fcd7645f5a1f19afaca2c10a33bc609b30f3c8cbb5f4431159
1,65536,128,0,0,2817,128,4.29840087890625,100.0,1.7623443603515625,1.8424224853515625,467e371c8ac7a379840ab57a7c542506def4be17caecf9669cd4c230e3cb92a0,b01c21d44004009bb29cda6c83288d0294605b1063e9205a095d7e58c476d5f3,516f99d5cd7077fcd7645f5a1f19afaca2c10a33bc609b30f3c8cbb5f4431159
2,65536,128,0,0,7957,128,12.14141845703125,100.0,4.9779815673828125,5.0580596923828125,467e371c8ac7a379840ab57a7c542506def4be17caecf9669cd4c230e3cb92a0,b01c21d44004009bb29cda6c83288d0294605b1063e9205a095d7e58c476d5f3,516f99d5cd7077fcd7645f5a1f19afaca2c10a33bc609b30f3c8cbb5f4431159
0,65536,128,0,1,8812,125,13.446044921875,97.65625,5.51287841796875,5.5910797119140625,467e371c8ac7a379840ab57a7c542506def4be17caecf9669cd4c230e3cb92a0,d306c7272834b2d1357f8a590b91e41948f3b7fd3b4f30e427e9beb4218175a9,47a44480d51227463b6828c6e22fb16e02ee49a20b1455f8b9565ee64c9fa47b
1,65536,128,0,1,2822,128,4.3060302734375,100.0,1.765472412109375,1.845550537109375,467e371c8ac7a379840ab57a7c542506def4be17caecf9669cd4c230e3cb92a0,d306c7272834b2d1357f8a590b91e41948f3b7fd3b4f30e427e9beb4218175a9,47a44480d51227463b6828c6e22fb16e02ee49a20b1455f8b9565ee64c9fa47b
2,65536,128,0,1,7976,128,12.17041015625,100.0,4.9898681640625,5.0699462890625,467e371c8ac7a379840ab57a7c542506def4be17caecf9669cd4c230e3cb92a0,d306c7272834b2d1357f8a590b91e41948f3b7fd3b4f30e427e9beb4218175a9,47a44480d51227463b6828c6e22fb16e02ee49a20b1455f8b9565ee64c9fa47b
0,65536,128,0,2,8766,125,13.3758544921875,97.65625,5.484100341796875,5.5623016357421875,467e371c8ac7a379840ab57a7c542506def4be17caecf9669cd4c230e3cb92a0,7ad1543f39c5560980bdca0cbf9b6c268302bbc463a4612fdf79b99dc8db5609,a225e8f9141c4bd089d37abbfcf7dab5b05add67da91a4bc16caa875a4e542d7
1,65536,128,0,2,2824,128,4.30908203125,100.0,1.7667236328125,1.8468017578125,467e371c8ac7a379840ab57a7c542506def4be17caecf9669cd4c230e3cb92a0,7ad1543f39c5560980bdca0cbf9b6c268302bbc463a4612fdf79b99dc8db5609,a225e8f9141c4bd089d37abbfcf7dab5b05add67da91a4bc16caa875a4e542d7
2,65536,128,0,2,8041,128,12.26959228515625,100.0,5.0305328369140625,5.1106109619140625,467e371c8ac7a379840ab57a7c542506def4be17caecf9669cd4c230e3cb92a0,7ad1543f39c5560980bdca0cbf9b6c268302bbc463a4612fdf79b99dc8db5609,a225e8f9141c4bd089d37abbfcf7dab5b05add67da91a4bc16caa875a4e542d7
0,65536,256,0,0,9522,248,14.5294189453125,96.875,5.957061767578125,6.112213134765625,467e371c8ac7a379840ab57a7c542506def4be17caecf9669cd4c230e3cb92a0,f8caff9e9a4fd44040f19aa6a25fc48ec327fe7a5a842a48eef69dbbc25bfbcb,d51001548164f409b66f5a0051782a130ed7bcca38ae331c4cbe609e1883a15a
1,65536,256,0,0,3001,256,4.57916259765625,100.0,1.8774566650390625,2.0376129150390625,467e371c8ac7a379840ab57a7c542506def4be17caecf9669cd4c230e3cb92a0,f8caff9e9a4fd44040f19aa6a25fc48ec327fe7a5a842a48eef69dbbc25bfbcb,d51001548164f409b66f5a0051782a130ed7bcca38ae331c4cbe609e1883a15a
2,65536,256,0,0,9894,256,15.0970458984375,100.0,6.189788818359375,6.349945068359375,467e371c8ac7a379840ab57a7c542506def4be17caecf9669cd4c230e3cb92a0,f8caff9e9a4fd44040f19aa6a25fc48ec327fe7a5a842a48eef69dbbc25bfbcb,d51001548164f409b66f5a0051782a130ed7bcca38ae331c4cbe609e1883a15a
0,65536,256,0,1,9514,245,14.5172119140625,95.703125,5.952056884765625,6.1053314208984375,467e371c8ac7a379840ab57a7c542506def4be17caecf9669cd4c230e3cb92a0,df58c57df4b684f1741f5a99beb576ad0e1b86556b4ff553664bb2dc644f5761,7b26c7b2944f67f8a9783ccf04ace2ab6296a44c190afe507e647b1b9e9a83e2
1,65536,256,0,1,3020,256,4.608154296875,100.0,1.88934326171875,2.04949951171875,467e371c8ac7a379840ab57a7c542506def4be17caecf9669cd4c230e3cb92a0,df58c57df4b684f1741f5a99beb576ad0e1b86556b4ff553664bb2dc644f5761,7b26c7b2944f67f8a9783ccf04ace2ab6296a44c190afe507e647b1b9e9a83e2
2,65536,256,0,1,9926,256,15.1458740234375,100.0,6.209808349609375,6.369964599609375,467e371c8ac7a379840ab57a7c542506def4be17caecf9669cd4c230e3cb92a0,df58c57df4b684f1741f5a99beb576ad0e1b86556b4ff553664bb2dc644f5761,7b26c7b2944f67f8a9783ccf04ace2ab6296a44c190afe507e647b1b9e9a83e2
0,65536,256,0,2,9467,248,14.44549560546875,96.875,5.9226531982421875,6.0778045654296875,467e371c8ac7a379840ab57a7c542506def4be17caecf9669cd4c230e3cb92a0,6ddc7f1a61898ebe2fe24fe28fc4a7220a8ca0c22998948f662d46f38732c0d1,47ca4db69f3e4e65c96dbc02c5e2b0b7bcc011d0433244cf2c1a3dc9bbb812b0
1,65536,256,0,2,3007,256,4.58831787109375,100.0,1.8812103271484375,2.0413665771484375,467e371c8ac7a379840ab57a7c542506def4be17caecf9669cd4c230e3cb92a0,6ddc7f1a61898ebe2fe24fe28fc4a7220a8ca0c22998948f662d46f38732c0d1,47ca4db69f3e4e65c96dbc02c5e2b0b7bcc011d0433244cf2c1a3dc9bbb812b0
2,65536,256,0,2,10001,256,15.26031494140625,100.0,6.2567291259765625,6.4168853759765625,467e371c8ac7a379840ab57a7c542506def4be17caecf9669cd4c230e3cb92a0,6ddc7f1a61898ebe2fe24fe28fc4a7220a8ca0c22998948f662d46f38732c0d1,47ca4db69f3e4e65c96dbc02c5e2b0b7bcc011d0433244cf2c1a3dc9bbb812b0
0,65536,512,0,0,10058,486,15.3472900390625,94.921875,6.292388916015625,6.596435546875,467e371c8ac7a379840ab57a7c542506def4be17caecf9669cd4c230e3cb92a0,013feea748f8ae41b04cf0bf98307210e6566be9a69bd4e8d17da0dfe805a1fd,64c27d1a33dff244c5fe04aa5316f99ad16723417d5f000203a9893898635de0
1,65536,512,0,0,3232,512,4.931640625,100.0,2.02197265625,2.34228515625,467e371c8ac7a379840ab57a7c542506def4be17caecf9669cd4c230e3cb92a0,013feea748f8ae41b04cf0bf98307210e6566be9a69bd4e8d17da0dfe805a1fd,64c27d1a33dff244c5fe04aa5316f99ad16723417d5f000203a9893898635de0
2,65536,512,0,0,12364,512,18.865966796875,100.0,7.73504638671875,8.05535888671875,467e371c8ac7a379840ab57a7c542506def4be17caecf9669cd4c230e3cb92a0,013feea748f8ae41b04cf0bf98307210e6566be9a69bd4e8d17da0dfe805a1fd,64c27d1a33dff244c5fe04aa5316f99ad16723417d5f000203a9893898635de0
0,65536,512,0,1,9963,485,15.20233154296875,94.7265625,6.2329559326171875,6.536376953125,467e371c8ac7a379840ab57a7c542506def4be17caecf9669cd4c230e3cb92a0,640b772a61dd987adceda5099ef648e8ccc2ab91ba30d9d089590174834a66aa,a712173f1e934f470d17ab20293430d2ce69d651708f621421a60074602a21b8
1,65536,512,0,1,3249,512,4.95758056640625,100.0,2.0326080322265625,2.3529205322265625,467e371c8ac7a379840ab57a7c542506def4be17caecf9669cd4c230e3cb92a0,640b772a61dd987adceda5099ef648e8ccc2ab91ba30d9d089590174834a66aa,a712173f1e934f470d17ab20293430d2ce69d651708f621421a60074602a21b8
2,65536,512,0,1,12388,512,18.902587890625,100.0,7.75006103515625,8.07037353515625,467e371c8ac7a379840ab57a7c542506def4be17caecf9669cd4c230e3cb92a0,640b772a61dd987adceda5099ef648e8ccc2ab91ba30d9d089590174834a66aa,a712173f1e934f470d17ab20293430d2ce69d651708f621421a60074602a21b8
0,65536,512,0,2,10011,486,15.27557373046875,94.921875,6.2629852294921875,6.5670318603515625,467e371c8ac7a379840ab57a7c542506def4be17caecf9669cd4c230e3cb92a0,c855cdb4ee88f893dee2cd7172325549ea24ae63bc0d3b9e74448291b81e960f,7e88400fdf09a56b8f1223e8facc6a2ccf1043b882cd8f6089df6e67511a84eb
1,65536,512,0,2,3228,512,4.925537109375,100.0,2.01947021484375,2.33978271484375,467e371c8ac7a379840ab57a7c542506def4be17caecf9669cd4c230e3cb92a0,c855cdb4ee88f893dee2cd7172325549ea24ae63bc0d3b9e74448291b81e960f,7e88400fdf09a56b8f1223e8facc6a2ccf1043b882cd8f6089df6e67511a84eb
2,65536,512,0,2,12462,512,19.0155029296875,100.0,7.796356201171875,8.116668701171875,467e371c8ac7a379840ab57a7c542506def4be17caecf9669cd4c230e3cb92a0,c855cdb4ee88f893dee2cd7172325549ea24ae63bc0d3b9e74448291b81e960f,7e88400fdf09a56b8f1223e8facc6a2ccf1043b882cd8f6089df6e67511a84eb
0,65536,1024,0,0,10396,932,15.863037109375,91.015625,6.50384521484375,7.0869140625,467e371c8ac7a379840ab57a7c542506def4be17caecf9669cd4c230e3cb92a0,4d1a372119f5b737c613bc8291f818936d3f0935921b949db3f43b0836a4dbfb,fcc5f2809f36949306222b13a0c16bb2da836b86b14f91e9ff0d04f3fbc585f6
1,65536,1024,0,0,3408,1024,5.2001953125,100.0,2.132080078125,2.772705078125,467e371c8ac7a379840ab57a7c542506def4be17caecf9669cd4c230e3cb92a0,4d1a372119f5b737c613bc8291f818936d3f0935921b949db3f43b0836a4dbfb,fcc5f2809f36949306222b13a0c16bb2da836b86b14f91e9ff0d04f3fbc585f6
2,65536,1024,0,0,15773,1024,24.06768798828125,100.0,9.867752075195312,10.508377075195312,467e371c8ac7a379840ab57a7c542506def4be17caecf9669cd4c230e3cb92a0,4d1a372119f5b737c613bc8291f818936d3f0935921b949db3f43b0836a4dbfb,fcc5f2809f36949306222b13a0c16bb2da836b86b14f91e9ff0d04f3fbc585f6
0,65536,1024,0,1,10384,937,15.8447265625,91.50390625,6.496337890625,7.0825347900390625,467e371c8ac7a379840ab57a7c542506def4be17caecf9669cd4c230e3cb92a0,5c9ee1e3d72cc73ee53cc8e22f5c38034bb6e2afcb002504b4902a7205a3b577,3cfe419f9a18feca03396a9567e21b74445701493a6e385adfb79693367422e1
1,65536,1024,0,1,3418,1024,5.2154541015625,100.0,2.138336181640625,2.778961181640625,467e371c8ac7a379840ab57a7c542506def4be17caecf9669cd4c230e3cb92a0,5c9ee1e3d72cc73ee53cc8e22f5c38034bb6e2afcb002504b4902a7205a3b577,3cfe419f9a18feca03396a9567e21b74445701493a6e385adfb79693367422e1
2,65536,1024,0,1,15756,1024,24.041748046875,100.0,9.85711669921875,10.49774169921875,467e371c8ac7a379840ab57a7c542506def4be17caecf9669cd4c230e3cb92a0,5c9ee1e3d72cc73ee53cc8e22f5c38034bb6e2afcb002504b4902a7205a3b577,3cfe419f9a18feca03396a9567e21b74445701493a6e385adfb79693367422e1
0,65536,1024,0,2,10456,951,15.95458984375,92.87109375,6.5413818359375,7.1363372802734375,467e371c8ac7a379840ab57a7c542506def4be17caecf9669cd4c230e3cb92a0,80e649054065540274a45f7696df9c2444ccc81ba921f0a82c252733cf9c7da4,c02a9c7e2867d63142ef4c72412f416e76426e83c18e08a1f7dc489eac7122da
1,65536,1024,0,2,3406,1024,5.1971435546875,100.0,2.130828857421875,2.771453857421875,467e371c8ac7a379840ab57a7c542506def4be17caecf9669cd4c230e3cb92a0,80e649054065540274a45f7696df9c2444ccc81ba921f0a82c252733cf9c7da4,c02a9c7e2867d63142ef4c72412f416e76426e83c18e08a1f7dc489eac7122da
2,65536,1024,0,2,15803,1024,24.11346435546875,100.0,9.886520385742188,10.527145385742188,467e371c8ac7a379840ab57a7c542506def4be17caecf9669cd4c230e3cb92a0,80e649054065540274a45f7696df9c2444ccc81ba921f0a82c252733cf9c7da4,c02a9c7e2867d63142ef4c72412f416e76426e83c18e08a1f7dc489eac7122da
0,65536,2048,0,0,10990,1841,16.7694091796875,89.892578125,6.875457763671875,8.027206420898438,467e371c8ac7a379840ab57a7c542506def4be17caecf9669cd4c230e3cb92a0,38c3963cc0fc887992bbf4eaa39f76df944b5121a6266e159a1e573a90510857,de7e5ac766b84ef687bd7883d89a5baf6baa572f30f3ce19ecceb3c4392480f3
1,65536,2048,0,0,3503,2048,5.34515380859375,100.0,2.1915130615234375,3.4727630615234375,467e371c8ac7a379840ab57a7c542506def4be17caecf9669cd4c230e3cb92a0,38c3963cc0fc887992bbf4eaa39f76df944b5121a6266e159a1e573a90510857,de7e5ac766b84ef687bd7883d89a5baf6baa572f30f3ce19ecceb3c4392480f3
2,65536,2048,0,0,19575,2048,29.86907958984375,100.0,12.246322631835938,13.527572631835938,467e371c8ac7a379840ab57a7c542506def4be17caecf9669cd4c230e3cb92a0,38c3963cc0fc887992bbf4eaa39f76df944b5121a6266e159a1e573a90510857,de7e5ac766b84ef687bd7883d89a5baf6baa572f30f3ce19ecceb3c4392480f3
0,65536,2048,0,1,11033,1852,16.83502197265625,90.4296875,6.9023590087890625,8.060989379882812,467e371c8ac7a379840ab57a7c542506def4be17caecf9669cd4c230e3cb92a0,601ec3c922c7c5103b900ce89856abcd4fed76836f0f45f142532f492fc0136c,67854394cb8562e5d9b013654d8528355bcd20137ccd7976a6f3b23895c36237
1,65536,2048,0,1,3497,2048,5.33599853515625,100.0,2.1877593994140625,3.4690093994140625,467e371c8ac7a379840ab57a7c542506def4be17caecf9669cd4c230e3cb92a0,601ec3c922c7c5103b900ce89856abcd4fed76836f0f45f142532f492fc0136c,67854394cb8562e5d9b013654d8528355bcd20137ccd7976a6f3b23895c36237
2,65536,2048,0,1,19526,2048,29.7943115234375,100.0,12.215667724609375,13.496917724609375,467e371c8ac7a379840ab57a7c542506def4be17caecf9669cd4c230e3cb92a0,601ec3c922c7c5103b900ce89856abcd4fed76836f0f45f142532f492fc0136c,67854394cb8562e5d9b013654d8528355bcd20137ccd7976a6f3b23895c36237
0,65536,2048,0,2,11047,1856,16.85638427734375,90.625,6.9111175537109375,8.072250366210938,467e371c8ac7a379840ab57a7c542506def4be17caecf9669cd4c230e3cb92a0,83ed74face5a8a25e64aa17f589c2a3e608ddfbe876e2321168749ab3fa6f31b,0ae813a3b7075dce602cd273950ee7a04b9cf0839568f2ab95dbfae588d7d1a7
1,65536,2048,0,2,3500,2048,5.340576171875,100.0,2.18963623046875,3.47088623046875,467e371c8ac7a379840ab57a7c542506def4be17caecf9669cd4c230e3cb92a0,83ed74face5a8a25e64aa17f589c2a3e608ddfbe876e2321168749ab3fa6f31b,0ae813a3b7075dce602cd273950ee7a04b9cf0839568f2ab95dbfae588d7d1a7
2,65536,2048,0,2,19592,2048,29.89501953125,100.0,12.2569580078125,13.5382080078125,467e371c8ac7a379840ab57a7c542506def4be17caecf9669cd4c230e3cb92a0,83ed74face5a8a25e64aa17f589c2a3e608ddfbe876e2321168749ab3fa6f31b,0ae813a3b7075dce602cd273950ee7a04b9cf0839568f2ab95dbfae588d7d1a7
0,65536,4096,0,0,12548,3623,19.146728515625,88.4521484375,7.85015869140625,10.116744995117188,467e371c8ac7a379840ab57a7c542506def4be17caecf9669cd4c230e3cb92a0,3fcce29a2d9f9d7d84029dd54fa6650b2f30d13c358d3dea399a663eb39516d0,1d18ded8f599d3eee08d64081da78e24e7b8b2dc4100aea07fb179a021b045ae
1,65536,4096,0,0,3574,4096,5.4534912109375,100.0,2.235931396484375,4.798431396484375,467e371c8ac7a379840ab57a7c542506def4be17caecf9669cd4c230e3cb92a0,3fcce29a2d9f9d7d84029dd54fa6650b2f30d13c358d3dea399a663eb39516d0,1d18ded8f599d3eee08d64081da78e24e7b8b2dc4100aea07fb179a021b045ae
2,65536,4096,0,0,23651,4096,36.08856201171875,100.0,14.796310424804688,17.358810424804688,467e371c8ac7a379840ab57a7c542506def4be17caecf9669cd4c230e3cb92a0,3fcce29a2d9f9d7d84029dd54fa6650b2f30d13c358d3dea399a663eb39516d0,1d18ded8f599d3eee08d64081da78e24e7b8b2dc4100aea07fb179a021b045ae
0,65536,4096,0,1,12411,3620,18.93768310546875,88.37890625,7.7644500732421875,10.029159545898438,467e371c8ac7a379840ab57a7c542506def4be17caecf9669cd4c230e3cb92a0,4edf467664706dcacb362e7013481149735feb4a347e3eb2667531100fad5ec2,01ab49f10d84c7ff635a5056ef6d2ba80b1f1d71d45980a4bb3c242e98148022
1,65536,4096,0,1,3568,4096,5.4443359375,100.0,2.232177734375,4.794677734375,467e371c8ac7a379840ab57a7c542506def4be17caecf9669cd4c230e3cb92a0,4edf467664706dcacb362e7013481149735feb4a347e3eb2667531100fad5ec2,01ab49f10d84c7ff635a5056ef6d2ba80b1f1d71d45980a4bb3c242e98148022
2,65536,4096,0,1,23733,4096,36.21368408203125,100.0,14.847610473632812,17.410110473632812,467e371c8ac7a379840ab57a7c542506def4be17caecf9669cd4c230e3cb92a0,4edf467664706dcacb362e7013481149735feb4a347e3eb2667531100fad5ec2,01ab49f10d84c7ff635a5056ef6d2ba80b1f1d71d45980a4bb3c242e98148022
0,65536,4096,0,2,12654,3680,19.3084716796875,89.84375,7.916473388671875,10.218719482421875,467e371c8ac7a379840ab57a7c542506def4be17caecf9669cd4c230e3cb92a0,413009579c0b7c203e7f2adfb5572c4870956baf3213e64a67a0a023119061bb,ffb009d7d6ce3e35a55c1b91ad4343883cf20a8fc01a619fbce21c9adeed512f
1,65536,4096,0,2,3578,4096,5.4595947265625,100.0,2.238433837890625,4.800933837890625,467e371c8ac7a379840ab57a7c542506def4be17caecf9669cd4c230e3cb92a0,413009579c0b7c203e7f2adfb5572c4870956baf3213e64a67a0a023119061bb,ffb009d7d6ce3e35a55c1b91ad4343883cf20a8fc01a619fbce21c9adeed512f
2,65536,4096,0,2,23680,4096,36.1328125,100.0,14.814453125,17.376953125,467e371c8ac7a379840ab57a7c542506def4be17caecf9669cd4c230e3cb92a0,413009579c0b7c203e7f2adfb5572c4870956baf3213e64a67a0a023119061bb,ffb009d7d6ce3e35a55c1b91ad4343883cf20a8fc01a619fbce21c9adeed512f
0,65536,64,1,0,7970,61,12.1612548828125,95.3125,4.986114501953125,5.0242767333984375,3bfe8aba97df9b4200b1b21ebc1a11041fe8be036db044fc3f225517f721dd90,8b1b30b50df2a630eb9dcd4ac0120f0fbb4226b3146c04546cc681cd9fbab507,74b6219be2639ec2b96fa4bc149d05aee2a96cc3bfb55fa710225f4cfb575aca
1,65536,64,1,0,2719,64,4.14886474609375,100.0,1.7010345458984375,1.7410736083984375,3bfe8aba97df9b4200b1b21ebc1a11041fe8be036db044fc3f225517f721dd90,8b1b30b50df2a630eb9dcd4ac0120f0fbb4226b3146c04546cc681cd9fbab507,74b6219be2639ec2b96fa4bc149d05aee2a96cc3bfb55fa710225f4cfb575aca
2,65536,64,1,0,6447,64,9.83734130859375,100.0,4.0333099365234375,4.0733489990234375,3bfe8aba97df9b4200b1b21ebc1a11041fe8be036db044fc3f225517f721dd90,8b1b30b50df2a630eb9dcd4ac0120f0fbb4226b3146c04546cc681cd9fbab507,74b6219be2639ec2b96fa4bc149d05aee2a96cc3bfb55fa710225f4cfb575aca
0,65536,64,1,1,8000,61,12.20703125,95.3125,5.0048828125,5.0430450439453125,3bfe8aba97df9b4200b1b21ebc1a11041fe8be036db044fc3f225517f721dd90,44803f2d88d2542bc888ce18977434d05841408bb257f61123e8beee8938b2b9,080e6be5f260610e6a13339f8096ca0df6ae17cd96c67f350fb816c917137dc0
1,65536,64,1,1,2720,64,4.150390625,100.0,1.70166015625,1.74169921875,3bfe8aba97df9b4200b1b21ebc1a11041fe8be036db044fc3f225517f721dd90,44803f2d88d2542bc888ce18977434d05841408bb257f61123e8beee8938b2b9,080e6be5f260610e6a13339f8096ca0df6ae17cd96c67f350fb816c917137dc0
2,65536,64,1,1,6466,64,9.8663330078125,100.0,4.045196533203125,4.085235595703125,3bfe8aba97df9b4200b1b21ebc1a11041fe8be036db044fc3f225517f721dd90,44803f2d88d2542bc888ce18977434d05841408bb257f61123e8beee8938b2b9,080e6be5f260610e6a13339f8096ca0df6ae17cd96c67f350fb816c917137dc0
0,65536,64,1,2,7905,61,12.06207275390625,95.3125,4.9454498291015625,4.983612060546875,3bfe8aba97df9b4200b1b21ebc1a11041fe8be036db044fc3f225517f721dd90,e4e4cbe16c70b408c1c9d938d7114e63c198be88902cbf85e90741f7c841115c,944c066995514fc86bb0e83c894e2d799c308f9ff39694bae4b230d15fd6ffb2
1,65536,64,1,2,2707,64,4.13055419921875,100.0,1.6935272216796875,1.7335662841796875,3bfe8aba97df9b4200b1b21ebc1a11041fe8be036db044fc3f225517f721dd90,e4e4cbe16c70b408c1c9d938d7114e63c198be88902cbf85e90741f7c841115c,944c066995514fc86bb0e83c894e2d799c308f9ff39694bae4b230d15fd6ffb2
2,65536,64,1,2,6484,64,9.893798828125,100.0,4.05645751953125,4.09649658203125,3bfe8aba97df9b4200b1b21ebc1a11041fe8be036db044fc3f225517f721dd90,e4e4cbe16c70b408c1c9d938d7114e63c198be88902cbf85e90741f7c841115c,944c066995514fc86bb0e83c894e2d799c308f9ff39694bae4b230d15fd6ffb2
0,65536,128,1,0,8824,125,13.46435546875,97.65625,5.5203857421875,5.5985870361328125,3bfe8aba97df9b4200b1b21ebc1a11041fe8be036db044fc3f225517f721dd90,b01c21d44004009bb29cda6c83288d0294605b1063e9205a095d7e58c476d5f3,4b815811a8218c49ea2e50443984f4a45d40009b09159fe573f4778779f1cccf
1,65536,128,1,0,2881,128,4.39605712890625,100.0,1.8023834228515625,1.8824615478515625,3bfe8aba97df9b4200b1b21ebc1a11041fe8be036db044fc3f225517f721dd90,b01c21d44004009bb29cda6c83288d0294605b1063e9205a095d7e58c476d5f3,4b815811a8218c49ea2e50443984f4a45d40009b09159fe573f4778779f1cccf
2,65536,128,1,0,7931,128,12.10174560546875,100.0,4.9617156982421875,5.0417938232421875,3bfe8aba97df9b4200b1b21ebc1a11041fe8be036db044fc3f225517f721dd90,b01c21d44004009bb29cda6c83288d0294605b1063e9205a095d7e58c476d5f3,4b815811a8218c49ea2e50443984f4a45d40009b09159fe573f4778779f1cccf
0,65536,128,1,1,8841,125,13.49029541015625,97.65625,5.5310211181640625,5.609222412109375,3bfe8aba97df9b4200b1b21ebc1a11041fe8be036db044fc3f225517f721dd90,d306c7272834b2d1357f8a590b91e41948f3b7fd3b4f30e427e9beb4218175a9,6559c0d8d5f5246db5bae48e0f2f66ca99c8922e77d60b430c8f122405f69ebf
1,65536,128,1,1,2886,128,4.4036865234375,100.0,1.805511474609375,1.885589599609375,3bfe8aba97df9b4200b1b21ebc1a11041fe8be036db044fc3f225517f721dd90,d306c7272834b2d1357f8a590b91e41948f3b7fd3b4f30e427e9beb4218175a9,6559c0d8d5f5246db5bae48e0f2f66ca99c8922e77d60b430c8f122405f69ebf
2,65536,128,1,1,7983,128,12.18109130859375,100.0,4.9942474365234375,5.0743255615234375,3bfe8aba97df9b4200b1b21ebc1a11041fe8be036db044fc3f225517f721dd90,d306c7272834b2d1357f8a590b91e41948f3b7fd3b4f30e427e9beb4218175a9,6559c0d8d5f5246db5bae48e0f2f66ca99c8922e77d60b430c8f122405f69ebf
0,65536,128,1,2,8765,125,13.37432861328125,97.65625,5.4834747314453125,5.561676025390625,3bfe8aba97df9b4200b1b21ebc1a11041fe8be036db044fc3f225517f721dd90,7ad1543f39c5560980bdca0cbf9b6c268302bbc463a4612fdf79b99dc8db5609,e2656946fcd4462cb53fd81a35ef9accdc84ee02828332829409020e74d55059
1,65536,128,1,2,2870,128,4.3792724609375,100.0,1.795501708984375,1.875579833984375,3bfe8aba97df9b4200b1b21ebc1a11041fe8be036db044fc3f225517f721dd90,7ad1543f39c5560980bdca0cbf9b6c268302bbc463a4612fdf79b99dc8db5609,e2656946fcd4462cb53fd81a35ef9accdc84ee02828332829409020e74d55059
2,65536,128,1,2,7961,128,12.14752197265625,100.0,4.9804840087890625,5.0605621337890625,3bfe8aba97df9b4200b1b21ebc1a11041fe8be036db044fc3f225517f721dd90,7ad1543f39c5560980bdca0cbf9b6c268302bbc463a4612fdf79b99dc8db5609,e2656946fcd4462cb53fd81a35ef9accdc84ee02828332829409020e74d55059
0,65536,256,1,0,9502,248,14.4989013671875,96.875,5.944549560546875,6.099700927734375,3bfe8aba97df9b4200b1b21ebc1a11041fe8be036db044fc3f225517f721dd90,f8caff9e9a4fd44040f19aa6a25fc48ec327fe7a5a842a48eef69dbbc25bfbcb,8bb7a402166ff6c7e3e3e1e9793edd100acbbe9b6fdc644bcf1d3ad6269b346c
1,65536,256,1,0,3065,256,4.67681884765625,100.0,1.9174957275390625,2.0776519775390625,3bfe8aba97df9b4200b1b21ebc1a11041fe8be036db044fc3f225517f721dd90,f8caff9e9a4fd44040f19aa6a25fc48ec327fe7a5a842a48eef69dbbc25bfbcb,8bb7a402166ff6c7e3e3e1e9793edd100acbbe9b6fdc644bcf1d3ad6269b346c
2,65536,256,1,0,9891,256,15.09246826171875,100.0,6.1879119873046875,6.3480682373046875,3bfe8aba97df9b4200b1b21ebc1a11041fe8be036db044fc3f225517f721dd90,f8caff9e9a4fd44040f19aa6a25fc48ec327fe7a5a842a48eef69dbbc25bfbcb,8bb7a402166ff6c7e3e3e1e9793edd100acbbe9b6fdc644bcf1d3ad6269b346c
0,65536,256,1,1,9475,245,14.45770263671875,95.703125,5.9276580810546875,6.0809326171875,3bfe8aba97df9b4200b1b21ebc1a11041fe8be036db044fc3f225517f721dd90,df58c57df4b684f1741f5a99beb576ad0e1b86556b4ff553664bb2dc644f5761,99d49b374d6de1ad463dc7296ff8c3320cf496d0d0fa85e6ea947e98076711af
1,65536,256,1,1,3091,256,4.71649169921875,100.0,1.9337615966796875,2.0939178466796875,3bfe8aba97df9b4200b1b21ebc1a11041fe8be036db044fc3f225517f721dd90,df58c57df4b684f1741f5a99beb576ad0e1b86556b4ff553664bb2dc644f5761,99d49b374d6de1ad463dc7296ff8c3320cf496d0d0fa85e6ea947e98076711af
2,65536,256,1,1,9930,256,15.1519775390625,100.0,6.212310791015625,6.372467041015625,3bfe8aba97df9b4200b1b21ebc1a11041fe8be036db044fc3f225517f721dd90,df58c57df4b684f1741f5a99beb576ad0e1b86556b4ff553664bb2dc644f5761,99d49b374d6de1ad463dc7296ff8c3320cf496d0d0fa85e6ea947e98076711af
0,65536,256,1,2,9463,248,14.43939208984375,96.875,5.9201507568359375,6.0753021240234375,3bfe8aba97df9b4200b1b21ebc1a11041fe8be036db044fc3f225517f721dd90,6ddc7f1a61898ebe2fe24fe28fc4a7220a8ca0c22998948f662d46f38732c0d1,72ee0a10ea5ee4c708371cfcc3bc0d77ee725887c106c4caf9b276e88a074039
1,65536,256,1,2,3067,256,4.67987060546875,100.0,1.9187469482421875,2.0789031982421875,3bfe8aba97df9b4200b1b21ebc1a11041fe8be036db044fc3f225517f721dd90,6ddc7f1a61898ebe2fe24fe28fc4a7220a8ca0c22998948f662d46f38732c0d1,72ee0a10ea5ee4c708371cfcc3bc0d77ee725887c106c4caf9b276e88a074039
2,65536,256,1,2,9859,256,15.04364013671875,100.0,6.1678924560546875,6.3280487060546875,3bfe8aba97df9b4200b1b21ebc1a11041fe8be036db044fc3f225517f721dd90,6ddc7f1a61898ebe2fe24fe28fc4a7220a8ca0c22998948f662d46f38732c0d1,72ee0a10ea5ee4c708371cfcc3bc0d77ee725887c106c4caf9b276e88a074039
0,65536,512,1,0,10043,486,15.32440185546875,94.921875,6.2830047607421875,6.5870513916015625,3bfe8aba97df9b4200b1b21ebc1a11041fe8be036db044fc3f225517f721dd90,013feea748f8ae41b04cf0bf98307210e6566be9a69bd4e8d17da0dfe805a1fd,9729c068d4a1bf49bcea0c1847e4e3614c99a5804a6ab892fc8b84ee0a4aa127
1,65536,512,1,0,3290,512,5.0201416015625,100.0,2.058258056640625,2.378570556640625,3bfe8aba97df9b4200b1b21ebc1a11041fe8be036db044fc3f225517f721dd90,013feea748f8ae41b04cf0bf98307210e6566be9a69bd4e8d17da0dfe805a1fd,9729c068d4a1bf49bcea0c1847e4e3614c99a5804a6ab892fc8b84ee0a4aa127
2,65536,512,1,0,12402,512,18.9239501953125,100.0,7.758819580078125,8.079132080078125,3bfe8aba97df9b4200b1b21ebc1a11041fe8be036db044fc3f225517f721dd90,013feea748f8ae41b04cf0bf98307210e6566be9a69bd4e8d17da0dfe805a1fd,9729c068d4a1bf49bcea0c1847e4e3614c99a5804a6ab892fc8b84ee0a4aa127
0,65536,512,1,1,9973,485,15.21759033203125,94.7265625,6.2392120361328125,6.542633056640625,3bfe8aba97df9b4200b1b21ebc1a11041fe8be036db044fc3f225517f721dd90,640b772a61dd987adceda5099ef648e8ccc2ab91ba30d9d089590174834a66aa,530acd6d27bd6171f2e1cbf11ea26944f2b6d09433e5a26d0a1958d3c0f1ce51
1,65536,512,1,1,3292,512,5.023193359375,100.0,2.05950927734375,2.37982177734375,3bfe8aba97df9b4200b1b21ebc1a11041fe8be036db044fc3f225517f721dd90,640b772a61dd987adceda5099ef648e8ccc2ab91ba30d9d089590174834a66aa,530acd6d27bd6171f2e1cbf11ea26944f2b6d09433e5a26d0a1958d3c0f1ce51
2,65536,512,1,1,12420,512,18.951416015625,100.0,7.77008056640625,8.09039306640625,3bfe8aba97df9b4200b1b21ebc1a11041fe8be036db044fc3f225517f721dd90,640b772a61dd987adceda5099ef648e8ccc2ab91ba30d9d089590174834a66aa,530acd6d27bd6171f2e1cbf11ea26944f2b6d09433e5a26d0a1958d3c0f1ce51
0,65536,512,1,2,10013,486,15.27862548828125,94.921875,6.2642364501953125,6.5682830810546875,3bfe8aba97df9b4200b1b21ebc1a11041fe8be036db044fc3f225517f721dd90,c855cdb4ee88f893dee2cd7172325549ea24ae63bc0d3b9e74448291b81e960f,a3d54b55ff08862101d418dee9cd5dab5b33edc38d84e82f9c85f9fbf3c9fece
1,65536,512,1,2,3275,512,4.99725341796875,100.0,2.0488739013671875,2.3691864013671875,3bfe8aba97df9b4200b1b21ebc1a11041fe8be036db044fc3f225517f721dd90,c855cdb4ee88f893dee2cd7172325549ea24ae63bc0d3b9e74448291b81e960f,a3d54b55ff08862101d418dee9cd5dab5b33edc38d84e82f9c85f9fbf3c9fece
2,65536,512,1,2,12326,512,18.8079833984375,100.0,7.711273193359375,8.031585693359375,3bfe8aba97df9b4200b1b21ebc1a11041fe8be036db044fc3f225517f721dd90,c855cdb4ee88f893dee2cd7172325549ea24ae63bc0d3b9e74448291b81e960f,a3d54b55ff08862101d418dee9cd5dab5b33edc38d84e82f9c85f9fbf3c9fece
0,65536,1024,1,0,10426,931,15.9088134765625,90.91796875,6.522613525390625,7.1050567626953125,3bfe8aba97df9b4200b1b21ebc1a11041fe8be036db044fc3f225517f721dd90,4d1a372119f5b737c613bc8291f818936d3f0935921b949db3f43b0836a4dbfb,dbcf6ae73a77bbfa8e272b31518164dcfa9063d0e5487a2556fac6949d5b9166
1,65536,1024,1,0,3464,1024,5.28564453125,100.0,2.1671142578125,2.8077392578125,3bfe8aba97df9b4200b1b21ebc1a11041fe8be036db044fc3f225517f721dd90,4d1a372119f5b737c613bc8291f818936d3f0935921b949db3f43b0836a4dbfb,dbcf6ae73a77bbfa8e272b31518164dcfa9063d0e5487a2556fac6949d5b9166
2,65536,1024,1,0,15775,1024,24.07073974609375,100.0,9.869003295898438,10.509628295898438,3bfe8aba97df9b4200b1b21ebc1a11041fe8be036db044fc3f225517f721dd90,4d1a372119f5b737c613bc8291f818936d3f0935921b949db3f43b0836a4dbfb,dbcf6ae73a77bbfa8e272b31518164dcfa9063d0e5487a2556fac6949d5b9166
0,65536,1024,1,1,10426,937,15.9088134765625,91.50390625,6.522613525390625,7.1088104248046875,3bfe8aba97df9b4200b1b21ebc1a11041fe8be036db044fc3f225517f721dd90,5c9ee1e3d72cc73ee53cc8e22f5c38034bb6e2afcb002504b4902a7205a3b577,1e576e93fe6eea7c09fadc114a1e2b471012bb745d3d77a19df42008de9dea0f
1,65536,1024,1,1,3446,1024,5.2581787109375,100.0,2.155853271484375,2.796478271484375,3bfe8aba97df9b4200b1b21ebc1a11041fe8be036db044fc3f225517f721dd90,5c9ee1e3d72cc73ee53cc8e22f5c38034bb6e2afcb002504b4902a7205a3b577,1e576e93fe6eea7c09fadc114a1e2b471012bb745d3d77a19df42008de9dea0f
2,65536,1024,1,1,15862,1024,24.2034912109375,100.0,9.923431396484375,10.564056396484375,3bfe8aba97df9b4200b1b21ebc1a11041fe8be036db044fc3f225517f721dd90,5c9ee1e3d72cc73ee53cc8e22f5c38034bb6e2afcb002504b4902a7205a3b577,1e576e93fe6eea7c09fadc114a1e2b471012bb745d3d77a19df42008de9dea0f
0,65536,1024,1,2,10479,951,15.98968505859375,92.87109375,6.5557708740234375,7.150726318359375,3bfe8aba97df9b4200b1b21ebc1a11041fe8be036db044fc3f225517f721dd90,80e649054065540274a45f7696df9c2444ccc81ba921f0a82c252733cf9c7da4,a1954fae463df8f5f37ad6c5214a4acafab9697a787af8fea4e85d0701dac19a
1,65536,1024,1,2,3447,1024,5.25970458984375,100.0,2.1564788818359375,2.7971038818359375,3bfe8aba97df9b4200b1b21ebc1a11041fe8be036db044fc3f225517f721dd90,80e649054065540274a45f7696df9c2444ccc81ba921f0a82c252733cf9c7da4,a1954fae463df8f5f37ad6c5214a4acafab9697a787af8fea4e85d0701dac19a
2,65536,1024,1,2,15754,1024,24.0386962890625,100.0,9.855865478515625,10.496490478515625,3bfe8aba97df9b4200b1b21ebc1a11041fe8be036db044fc3f225517f721dd90,80e649054065540274a45f7696df9c2444ccc81ba921f0a82c252733cf9c7da4,a1954fae463df8f5f37ad6c5214a4acafab9697a787af8fea4e85d0701dac19a
0,65536,2048,1,0,11032,1838,16.83349609375,89.74609375,6.9017333984375,8.051605224609375,3bfe8aba97df9b4200b1b21ebc1a11041fe8be036db044fc3f225517f721dd90,38c3963cc0fc887992bbf4eaa39f76df944b5121a6266e159a1e573a90510857,d155b242fce85cee70c84497c13197afb739ccde0a75f52f374b8942c7a71c55
1,65536,2048,1,0,3555,2048,5.42449951171875,100.0,2.2240447998046875,3.5052947998046875,3bfe8aba97df9b4200b1b21ebc1a11041fe8be036db044fc3f225517f721dd90,38c3963cc0fc887992bbf4eaa39f76df944b5121a6266e159a1e573a90510857,d155b242fce85cee70c84497c13197afb739ccde0a75f52f374b8942c7a71c55
2,65536,2048,1,0,19614,2048,29.9285888671875,100.0,12.270721435546875,13.551971435546875,3bfe8aba97df9b4200b1b21ebc1a11041fe8be036db044fc3f225517f721dd90,38c3963cc0fc887992bbf4eaa39f76df944b5121a6266e159a1e573a90510857,d155b242fce85cee70c84497c13197afb739ccde0a75f52f374b8942c7a71c55
0,65536,2048,1,1,11054,1852,16.8670654296875,90.4296875,6.915496826171875,8.074127197265625,3bfe8aba97df9b4200b1b21ebc1a11041fe8be036db044fc3f225517f721dd90,601ec3c922c7c5103b900ce89856abcd4fed76836f0f45f142532f492fc0136c,686fceec0d3b50b9201f67a4453a2709d294df3cec00235eea0580d2e750179a
1,65536,2048,1,1,3539,2048,5.40008544921875,100.0,2.2140350341796875,3.4952850341796875,3bfe8aba97df9b4200b1b21ebc1a11041fe8be036db044fc3f225517f721dd90,601ec3c922c7c5103b900ce89856abcd4fed76836f0f45f142532f492fc0136c,686fceec0d3b50b9201f67a4453a2709d294df3cec00235eea0580d2e750179a
2,65536,2048,1,1,19628,2048,29.949951171875,100.0,12.27947998046875,13.56072998046875,3bfe8aba97df9b4200b1b21ebc1a11041fe8be036db044fc3f225517f721dd90,601ec3c922c7c5103b900ce89856abcd4fed76836f0f45f142532f492fc0136c,686fceec0d3b50b9201f67a4453a2709d294df3cec00235eea0580d2e750179a
0,65536,2048,1,2,11071,1855,16.89300537109375,90.576171875,6.9261322021484375,8.086639404296875,3bfe8aba97df9b4200b1b21ebc1a11041fe8be036db044fc3f225517f721dd90,83ed74face5a8a25e64aa17f589c2a3e608ddfbe876e2321168749ab3fa6f31b,53aad846a4f4de51d03e0684d32cc16c32d5abe7fcc314f513f173e84f7f7d83
1,65536,2048,1,2,3538,2048,5.3985595703125,100.0,2.213409423828125,3.494659423828125,3bfe8aba97df9b4200b1b21ebc1a11041fe8be036db044fc3f225517f721dd90,83ed74face5a8a25e64aa17f589c2a3e608ddfbe876e2321168749ab3fa6f31b,53aad846a4f4de51d03e0684d32cc16c32d5abe7fcc314f513f173e84f7f7d83
2,65536,2048,1,2,19541,2048,29.81719970703125,100.0,12.225051879882812,13.506301879882812,3bfe8aba97df9b4200b1b21ebc1a11041fe8be036db044fc3f225517f721dd90,83ed74face5a8a25e64aa17f589c2a3e608ddfbe876e2321168749ab3fa6f31b,53aad846a4f4de51d03e0684d32cc16c32d5abe7fcc314f513f173e84f7f7d83
0,65536,4096,1,0,12559,3624,19.16351318359375,88.4765625,7.8570404052734375,10.124252319335938,3bfe8aba97df9b4200b1b21ebc1a11041fe8be036db044fc3f225517f721dd90,3fcce29a2d9f9d7d84029dd54fa6650b2f30d13c358d3dea399a663eb39516d0,d4e37b404c8e0b6a12683e9c0bf4a049b5c6d672e8d7c33d7e970e0ff64e38ff
1,65536,4096,1,0,3642,4096,5.5572509765625,100.0,2.278472900390625,4.840972900390625,3bfe8aba97df9b4200b1b21ebc1a11041fe8be036db044fc3f225517f721dd90,3fcce29a2d9f9d7d84029dd54fa6650b2f30d13c358d3dea399a663eb39516d0,d4e37b404c8e0b6a12683e9c0bf4a049b5c6d672e8d7c33d7e970e0ff64e38ff
2,65536,4096,1,0,23737,4096,36.21978759765625,100.0,14.850112915039062,17.412612915039062,3bfe8aba97df9b4200b1b21ebc1a11041fe8be036db044fc3f225517f721dd90,3fcce29a2d9f9d7d84029dd54fa6650b2f30d13c358d3dea399a663eb39516d0,d4e37b404c8e0b6a12683e9c0bf4a049b5c6d672e8d7c33d7e970e0ff64e38ff
0,65536,4096,1,1,12403,3625,18.92547607421875,88.5009765625,7.7594451904296875,10.02728271484375,3bfe8aba97df9b4200b1b21ebc1a11041fe8be036db044fc3f225517f721dd90,4edf467664706dcacb362e7013481149735feb4a347e3eb2667531100fad5ec2,62de9a86a879e1212d14b5c65fec039029d0835338e2eeb0f58f2b7914998ca1
1,65536,4096,1,1,3622,4096,5.5267333984375,100.0,2.265960693359375,4.828460693359375,3bfe8aba97df9b4200b1b21ebc1a11041fe8be036db044fc3f225517f721dd90,4edf467664706dcacb362e7013481149735feb4a347e3eb2667531100fad5ec2,62de9a86a879e1212d14b5c65fec039029d0835338e2eeb0f58f2b7914998ca1
2,65536,4096,1,1,23754,4096,36.2457275390625,100.0,14.860748291015625,17.423248291015625,3bfe8aba97df9b4200b1b21ebc1a11041fe8be036db044fc3f225517f721dd90,4edf467664706dcacb362e7013481149735feb4a347e3eb2667531100fad5ec2,62de9a86a879e1212d14b5c65fec039029d0835338e2eeb0f58f2b7914998ca1
0,65536,4096,1,2,12598,3682,19.2230224609375,89.892578125,7.881439208984375,10.1849365234375,3bfe8aba97df9b4200b1b21ebc1a11041fe8be036db044fc3f225517f721dd90,413009579c0b7c203e7f2adfb5572c4870956baf3213e64a67a0a023119061bb,91806f52aad2a72e0f6f93f9bb2f333f8736428b422cf2ba61552cb85cfcda44
1,65536,4096,1,2,3619,4096,5.52215576171875,100.0,2.2640838623046875,4.8265838623046875,3bfe8aba97df9b4200b1b21ebc1a11041fe8be036db044fc3f225517f721dd90,413009579c0b7c203e7f2adfb5572c4870956baf3213e64a67a0a023119061bb,91806f52aad2a72e0f6f93f9bb2f333f8736428b422cf2ba61552cb85cfcda44
2,65536,4096,1,2,23735,4096,36.21673583984375,100.0,14.848861694335938,17.411361694335938,3bfe8aba97df9b4200b1b21ebc1a11041fe8be036db044fc3f225517f721dd90,413009579c0b7c203e7f2adfb5572c4870956baf3213e64a67a0a023119061bb,91806f52aad2a72e0f6f93f9bb2f333f8736428b422cf2ba61552cb85cfcda44
0,65536,64,2,0,8112,61,12.3779296875,95.3125,5.074951171875,5.1131134033203125,91f2567df38031df7600c720b937215cda303372a988689af361a953f1ed3b4f,8b1b30b50df2a630eb9dcd4ac0120f0fbb4226b3146c04546cc681cd9fbab507,952d047ebf9b2e98b585f00d22bc5cbd718a8c116b13d6d203ea87a4df0da19c
1,65536,64,2,0,2727,64,4.16107177734375,100.0,1.7060394287109375,1.7460784912109375,91f2567df38031df7600c720b937215cda303372a988689af361a953f1ed3b4f,8b1b30b50df2a630eb9dcd4ac0120f0fbb4226b3146c04546cc681cd9fbab507,952d047ebf9b2e98b585f00d22bc5cbd718a8c116b13d6d203ea87a4df0da19c
2,65536,64,2,0,6456,64,9.85107421875,100.0,4.0389404296875,4.0789794921875,91f2567df38031df7600c720b937215cda303372a988689af361a953f1ed3b4f,8b1b30b50df2a630eb9dcd4ac0120f0fbb4226b3146c04546cc681cd9fbab507,952d047ebf9b2e98b585f00d22bc5cbd718a8c116b13d6d203ea87a4df0da19c
0,65536,64,2,1,8117,61,12.38555908203125,95.3125,5.0780792236328125,5.116241455078125,91f2567df38031df7600c720b937215cda303372a988689af361a953f1ed3b4f,44803f2d88d2542bc888ce18977434d05841408bb257f61123e8beee8938b2b9,0c923270a2507ac0a780867dd6c1257d30e62bf458520a300402fef0c53a65bf
1,65536,64,2,1,2736,64,4.1748046875,100.0,1.711669921875,1.751708984375,91f2567df38031df7600c720b937215cda303372a988689af361a953f1ed3b4f,44803f2d88d2542bc888ce18977434d05841408bb257f61123e8beee8938b2b9,0c923270a2507ac0a780867dd6c1257d30e62bf458520a300402fef0c53a65bf
2,65536,64,2,1,6407,64,9.77630615234375,100.0,4.0082855224609375,4.0483245849609375,91f2567df38031df7600c720b937215cda303372a988689af361a953f1ed3b4f,44803f2d88d2542bc888ce18977434d05841408bb257f61123e8beee8938b2b9,0c923270a2507ac0a780867dd6c1257d30e62bf458520a300402fef0c53a65bf
0,65536,64,2,2,8016,61,12.2314453125,95.3125,5.014892578125,5.0530548095703125,91f2567df38031df7600c720b937215cda303372a988689af361a953f1ed3b4f,e4e4cbe16c70b408c1c9d938d7114e63c198be88902cbf85e90741f7c841115c,fd0f505192ac30e03fa438fd99fb2adb1c45c3d72755711502baf6302fb8c2a0
1,65536,64,2,2,2726,64,4.1595458984375,100.0,1.705413818359375,1.745452880859375,91f2567df38031df7600c720b937215cda303372a988689af361a953f1ed3b4f,e4e4cbe16c70b408c1c9d938d7114e63c198be88902cbf85e90741f7c841115c,fd0f505192ac30e03fa438fd99fb2adb1c45c3d72755711502baf6302fb8c2a0
2,65536,64,2,2,6435,64,9.81903076171875,100.0,4.0258026123046875,4.0658416748046875,91f2567df38031df7600c720b937215cda303372a988689af361a953f1ed3b4f,e4e4cbe16c70b408c1c9d938d7114e63c198be88902cbf85e90741f7c841115c,fd0f505192ac30e03fa438fd99fb2adb1c45c3d72755711502baf6302fb8c2a0
0,65536,128,2,0,8977,125,13.69781494140625,97.65625,5.6161041259765625,5.694305419921875,91f2567df38031df7600c720b937215cda303372a988689af361a953f1ed3b4f,b01c21d44004009bb29cda6c83288d0294605b1063e9205a095d7e58c476d5f3,f50d4053d2846a8e34fc36cbc4f9741548088e4eb8cd6d8d9e055f65b605e186
1,65536,128,2,0,2864,128,4.3701171875,100.0,1.791748046875,1.871826171875,91f2567df38031df7600c720b937215cda303372a988689af361a953f1ed3b4f,b01c21d44004009bb29cda6c83288d0294605b1063e9205a095d7e58c476d5f3,f50d4053d2846a8e34fc36cbc4f9741548088e4eb8cd6d8d9e055f65b605e186
2,65536,128,2,0,7859,128,11.99188232421875,100.0,4.9166717529296875,4.9967498779296875,91f2567df38031df7600c720b937215cda303372a988689af361a953f1ed3b4f,b01c21d44004009bb29cda6c83288d0294605b1063e9205a095d7e58c476d5f3,f50d4053d2846a8e34fc36cbc4f9741548088e4eb8cd6d8d9e055f65b605e186
0,65536,128,2,1,8982,125,13.7054443359375,97.65625,5.619232177734375,5.6974334716796875,91f2567df38031df7600c720b937215cda303372a988689af361a953f1ed3b4f,d306c7272834b2d1357f8a590b91e41948f3b7fd3b4f30e427e9beb4218175a9,6e263af5940153aa3e3de76990201450dc3d1bfa3e935b0e0664c5abae5c95b4
1,65536,128,2,1,2885,128,4.40216064453125,100.0,1.8048858642578125,1.8849639892578125,91f2567df38031df7600c720b937215cda303372a988689af361a953f1ed3b4f,d306c7272834b2d1357f8a590b91e41948f3b7fd3b4f30e427e9beb4218175a9,6e263af5940153aa3e3de76990201450dc3d1bfa3e935b0e0664c5abae5c95b4
2,65536,128,2,1,7879,128,12.02239990234375,100.0,4.9291839599609375,5.0092620849609375,91f2567df38031df7600c720b937215cda303372a988689af361a953f1ed3b4f,d306c7272834b2d1357f8a590b91e41948f3b7fd3b4f30e427e9beb4218175a9,6e263af5940153aa3e3de76990201450dc3d1bfa3e935b0e0664c5abae5c95b4
0,65536,128,2,2,8916,125,13.604736328125,97.65625,5.57794189453125,5.6561431884765625,91f2567df38031df7600c720b937215cda303372a988689af361a953f1ed3b4f,7ad1543f39c5560980bdca0cbf9b6c268302bbc463a4612fdf79b99dc8db5609,905fc963ca46b201bfbffdec319a375d2a49d653c8b765b6e618fc08c0785eb2
1,65536,128,2,2,2874,128,4.3853759765625,100.0,1.798004150390625,1.878082275390625,91f2567df38031df7600c720b937215cda303372a988689af361a953f1ed3b4f,7ad1543f39c5560980bdca0cbf9b6c268302bbc463a4612fdf79b99dc8db5609,905fc963ca46b201bfbffdec319a375d2a49d653c8b765b6e618fc08c0785eb2
2,65536,128,2,2,7875,128,12.01629638671875,100.0,4.9266815185546875,5.0067596435546875,91f2567df38031df7600c720b937215cda303372a988689af361a953f1ed3b4f,7ad1543f39c5560980bdca0cbf9b6c268302bbc463a4612fdf79b99dc8db5609,905fc963ca46b201bfbffdec319a375d2a49d653c8b765b6e618fc08c0785eb2
0,65536,256,2,0,9666,249,14.7491455078125,97.265625,6.047149658203125,6.2029266357421875,91f2567df38031df7600c720b937215cda303372a988689af361a953f1ed3b4f,f8caff9e9a4fd44040f19aa6a25fc48ec327fe7a5a842a48eef69dbbc25bfbcb,93080f35b511f5369b8fdfe9f3081ea0d42acb9cbdb021b801c2ea4a51837f6b
1,65536,256,2,0,3083,256,4.70428466796875,100.0,1.9287567138671875,2.0889129638671875,91f2567df38031df7600c720b937215cda303372a988689af361a953f1ed3b4f,f8caff9e9a4fd44040f19aa6a25fc48ec327fe7a5a842a48eef69dbbc25bfbcb,93080f35b511f5369b8fdfe9f3081ea0d42acb9cbdb021b801c2ea4a51837f6b
2,65536,256,2,0,9876,256,15.069580078125,100.0,6.17852783203125,6.33868408203125,91f2567df38031df7600c720b937215cda303372a988689af361a953f1ed3b4f,f8caff9e9a4fd44040f19aa6a25fc48ec327fe7a5a842a48eef69dbbc25bfbcb,93080f35b511f5369b8fdfe9f3081ea0d42acb9cbdb021b801c2ea4a51837f6b
0,65536,256,2,1,9666,245,14.7491455078125,95.703125,6.047149658203125,6.2004241943359375,91f2567df38031df7600c720b937215cda303372a988689af361a953f1ed3b4f,df58c57df4b684f1741f5a99beb576ad0e1b86556b4ff553664bb2dc644f5761,0f880045da38b855b22df317d4d2bd70f04976d02ef9f359bd4816b4a8b9622d
1,65536,256,2,1,3121,256,4.76226806640625,100.0,1.9525299072265625,2.1126861572265625,91f2567df38031df7600c720b937215cda303372a988689af361a953f1ed3b4f,df58c57df4b684f1741f5a99beb576ad0e1b86556b4ff553664bb2dc644f5761,0f880045da38b855b22df317d4d2bd70f04976d02ef9f359bd4816b4a8b9622d
2,65536,256,2,1,9873,256,15.06500244140625,100.0,6.1766510009765625,6.3368072509765625,91f2567df38031df7600c720b937215cda303372a988689af361a953f1ed3b4f,df58c57df4b684f1741f5a99beb576ad0e1b86556b4ff553664bb2dc644f5761,0f880045da38b855b22df317d4d2bd70f04976d02ef9f359bd4816b4a8b9622d
0,65536,256,2,2,9599,248,14.64691162109375,96.875,6.0052337646484375,6.1603851318359375,91f2567df38031df7600c720b937215cda303372a988689af361a953f1ed3b4f,6ddc7f1a61898ebe2fe24fe28fc4a7220a8ca0c22998948f662d46f38732c0d1,2f91141671d97e6d9f8ec96dfac5d814e4b4e1146b077f2fb9210ab0853139dc
1,65536,256,2,2,3088,256,4.7119140625,100.0,1.931884765625,2.092041015625,91f2567df38031df7600c720b937215cda303372a988689af361a953f1ed3b4f,6ddc7f1a61898ebe2fe24fe28fc4a7220a8ca0c22998948f662d46f38732c0d1,2f91141671d97e6d9f8ec96dfac5d814e4b4e1146b077f2fb9210ab0853139dc
2,65536,256,2,2,9882,256,15.0787353515625,100.0,6.182281494140625,6.342437744140625,91f2567df38031df7600c720b937215cda303372a988689af361a953f1ed3b4f,6ddc7f1a61898ebe2fe24fe28fc4a7220a8ca0c22998948f662d46f38732c0d1,2f91141671d97e6d9f8ec96dfac5d814e4b4e1146b077f2fb9210ab0853139dc
0,65536,512,2,0,10221,487,15.59600830078125,95.1171875,6.3943634033203125,6.69903564453125,91f2567df38031df7600c720b937215cda303372a988689af361a953f1ed3b4f,013feea748f8ae41b04cf0bf98307210e6566be9a69bd4e8d17da0dfe805a1fd,74ced31ae441be024eb9cc9e10ee9f742ae762648ad2121f5c9c2999bb356e95
1,65536,512,2,0,3298,512,5.0323486328125,100.0,2.063262939453125,2.383575439453125,91f2567df38031df7600c720b937215cda303372a988689af361a953f1ed3b4f,013feea748f8ae41b04cf0bf98307210e6566be9a69bd4e8d17da0dfe805a1fd,74ced31ae441be024eb9cc9e10ee9f742ae762648ad2121f5c9c2999bb356e95
2,65536,512,2,0,12358,512,18.8568115234375,100.0,7.731292724609375,8.051605224609375,91f2567df38031df7600c720b937215cda303372a988689af361a953f1ed3b4f,013feea748f8ae41b04cf0bf98307210e6566be9a69bd4e8d17da0dfe805a1fd,74ced31ae441be024eb9cc9e10ee9f742ae762648ad2121f5c9c2999bb356e95
0,65536,512,2,1,10142,485,15.4754638671875,94.7265625,6.344940185546875,6.6483612060546875,91f2567df38031df7600c720b937215cda303372a988689af361a953f1ed3b4f,640b772a61dd987adceda5099ef648e8ccc2ab91ba30d9d089590174834a66aa,6c4bc6944acdc35caa58e605b20a8f1ea64feba7a006069fc5265ff1240b5ed7
1,65536,512,2,1,3319,512,5.06439208984375,100.0,2.0764007568359375,2.3967132568359375,91f2567df38031df7600c720b937215cda303372a988689af361a953f1ed3b4f,640b772a61dd987adceda5099ef648e8ccc2ab91ba30d9d089590174834a66aa,6c4bc6944acdc35caa58e605b20a8f1ea64feba7a006069fc5265ff1240b5ed7
2,65536,512,2,1,12353,512,18.84918212890625,100.0,7.7281646728515625,8.048477172851562,91f2567df38031df7600c720b937215cda303372a988689af361a953f1ed3b4f,640b772a61dd987adceda5099ef648e8ccc2ab91ba30d9d089590174834a66aa,6c4bc6944acdc35caa58e605b20a8f1ea64feba7a006069fc5265ff1240b5ed7
0,65536,512,2,2,10166,487,15.5120849609375,95.1171875,6.359954833984375,6.6646270751953125,91f2567df38031df7600c720b937215cda303372a988689af361a953f1ed3b4f,c855cdb4ee88f893dee2cd7172325549ea24ae63bc0d3b9e74448291b81e960f,e00c5cca3ca9a2816fd03073ceb17beedc13e1f423b260d5da916bb83af7ab89
1,65536,512,2,2,3306,512,5.0445556640625,100.0,2.068267822265625,2.388580322265625,91f2567df38031df7600c720b937215cda303372a988689af361a953f1ed3b4f,c855cdb4ee88f893dee2cd7172325549ea24ae63bc0d3b9e74448291b81e960f,e00c5cca3ca9a2816fd03073ceb17beedc13e1f423b260d5da916bb83af7ab89
2,65536,512,2,2,12302,512,18.7713623046875,100.0,7.696258544921875,8.016571044921875,91f2567df38031df7600c720b937215cda303372a988689af361a953f1ed3b4f,c855cdb4ee88f893dee2cd7172325549ea24ae63bc0d3b9e74448291b81e960f,e00c5cca3ca9a2816fd03073ceb17beedc13e1f423b260d5da916bb83af7ab89
0,65536,1024,2,0,10633,935,16.22467041015625,91.30859375,6.6521148681640625,7.237060546875,91f2567df38031df7600c720b937215cda303372a988689af361a953f1ed3b4f,4d1a372119f5b737c613bc8291f818936d3f0935921b949db3f43b0836a4dbfb,352cca7359b14829011c10aa68ef84120d8facc573f4f453ba3822c01701aad6
1,65536,1024,2,0,3456,1024,5.2734375,100.0,2.162109375,2.802734375,91f2567df38031df7600c720b937215cda303372a988689af361a953f1ed3b4f,4d1a372119f5b737c613bc8291f818936d3f0935921b949db3f43b0836a4dbfb,352cca7359b14829011c10aa68ef84120d8facc573f4f453ba3822c01701aad6
2,65536,1024,2,0,15808,1024,24.12109375,100.0,9.8896484375,10.5302734375,91f2567df38031df7600c720b937215cda303372a988689af361a953f1ed3b4f,4d1a372119f5b737c613bc8291f818936d3f0935921b949db3f43b0836a4dbfb,352cca7359b14829011c10aa68ef84120d8facc573f4f453ba3822c01701aad6
0,65536,1024,2,1,10578,938,16.1407470703125,91.6015625,6.617706298828125,7.20452880859375,91f2567df38031df7600c720b937215cda303372a988689af361a953f1ed3b4f,5c9ee1e3d72cc73ee53cc8e22f5c38034bb6e2afcb002504b4902a7205a3b577,51bca9020e75f5e590feaa7e17cbdb28f7892c60a78f6ddc3b73bbe8d266441d
1,65536,1024,2,1,3458,1024,5.2764892578125,100.0,2.163360595703125,2.803985595703125,91f2567df38031df7600c720b937215cda303372a988689af361a953f1ed3b4f,5c9ee1e3d72cc73ee53cc8e22f5c38034bb6e2afcb002504b4902a7205a3b577,51bca9020e75f5e590feaa7e17cbdb28f7892c60a78f6ddc3b73bbe8d266441d
2,65536,1024,2,1,15769,1024,24.06158447265625,100.0,9.865249633789062,10.505874633789062,91f2567df38031df7600c720b937215cda303372a988689af361a953f1ed3b4f,5c9ee1e3d72cc73ee53cc8e22f5c38034bb6e2afcb002504b4902a7205a3b577,51bca9020e75f5e590feaa7e17cbdb28f7892c60a78f6ddc3b73bbe8d266441d
0,65536,1024,2,2,10668,955,16.278076171875,93.26171875,6.67401123046875,7.2714691162109375,91f2567df38031df7600c720b937215cda303372a988689af361a953f1ed3b4f,80e649054065540274a45f7696df9c2444ccc81ba921f0a82c252733cf9c7da4,52ae69050ffab7329071fe47cd988d6a4fb5d6d9059b8dcb9c977a3dc4d17bfd
1,65536,1024,2,2,3467,1024,5.29022216796875,100.0,2.1689910888671875,2.8096160888671875,91f2567df38031df7600c720b937215cda303372a988689af361a953f1ed3b4f,80e649054065540274a45f7696df9c2444ccc81ba921f0a82c252733cf9c7da4,52ae69050ffab7329071fe47cd988d6a4fb5d6d9059b8dcb9c977a3dc4d17bfd
2,65536,1024,2,2,15757,1024,24.04327392578125,100.0,9.857742309570312,10.498367309570312,91f2567df38031df7600c720b937215cda303372a988689af361a953f1ed3b4f,80e649054065540274a45f7696df9c2444ccc81ba921f0a82c252733cf9c7da4,52ae69050ffab7329071fe47cd988d6a4fb5d6d9059b8dcb9c977a3dc4d17bfd
0,65536,2048,2,0,11254,1848,17.1722412109375,90.234375,7.040618896484375,8.196746826171875,91f2567df38031df7600c720b937215cda303372a988689af361a953f1ed3b4f,38c3963cc0fc887992bbf4eaa39f76df944b5121a6266e159a1e573a90510857,c549a89204855c2681ecff79044af5d81908fcf19a0a4503bdfa21a11da64703
1,65536,2048,2,0,3545,2048,5.40924072265625,100.0,2.2177886962890625,3.4990386962890625,91f2567df38031df7600c720b937215cda303372a988689af361a953f1ed3b4f,38c3963cc0fc887992bbf4eaa39f76df944b5121a6266e159a1e573a90510857,c549a89204855c2681ecff79044af5d81908fcf19a0a4503bdfa21a11da64703
2,65536,2048,2,0,19538,2048,29.8126220703125,100.0,12.223175048828125,13.504425048828125,91f2567df38031df7600c720b937215cda303372a988689af361a953f1ed3b4f,38c3963cc0fc887992bbf4eaa39f76df944b5121a6266e159a1e573a90510857,c549a89204855c2681ecff79044af5d81908fcf19a0a4503bdfa21a11da64703
0,65536,2048,2,1,11248,1856,17.1630859375,90.625,7.036865234375,8.197998046875,91f2567df38031df7600c720b937215cda303372a988689af361a953f1ed3b4f,601ec3c922c7c5103b900ce89856abcd4fed76836f0f45f142532f492fc0136c,2ea63dc8043be3938f30f1db6c3f7a23e052ad8a9ddb0a01b08918182f348890
1,65536,2048,2,1,3560,2048,5.43212890625,100.0,2.2271728515625,3.5084228515625,91f2567df38031df7600c720b937215cda303372a988689af361a953f1ed3b4f,601ec3c922c7c5103b900ce89856abcd4fed76836f0f45f142532f492fc0136c,2ea63dc8043be3938f30f1db6c3f7a23e052ad8a9ddb0a01b08918182f348890
2,65536,2048,2,1,19541,2048,29.81719970703125,100.0,12.225051879882812,13.506301879882812,91f2567df38031df7600c720b937215cda303372a988689af361a953f1ed3b4f,601ec3c922c7c5103b900ce89856abcd4fed76836f0f45f142532f492fc0136c,2ea63dc8043be3938f30f1db6c3f7a23e052ad8a9ddb0a01b08918182f348890
0,65536,2048,2,2,11268,1861,17.193603515625,90.869140625,7.04937744140625,8.213638305664062,91f2567df38031df7600c720b937215cda303372a988689af361a953f1ed3b4f,83ed74face5a8a25e64aa17f589c2a3e608ddfbe876e2321168749ab3fa6f31b,546f08dd9802b730d65975bb04c9f04087719fe71afd632fee13df479bd65524
1,65536,2048,2,2,3558,2048,5.4290771484375,100.0,2.225921630859375,3.507171630859375,91f2567df38031df7600c720b937215cda303372a988689af361a953f1ed3b4f,83ed74face5a8a25e64aa17f589c2a3e608ddfbe876e2321168749ab3fa6f31b,546f08dd9802b730d65975bb04c9f04087719fe71afd632fee13df479bd65524
2,65536,2048,2,2,19558,2048,29.8431396484375,100.0,12.235687255859375,13.516937255859375,91f2567df38031df7600c720b937215cda303372a988689af361a953f1ed3b4f,83ed74face5a8a25e64aa17f589c2a3e608ddfbe876e2321168749ab3fa6f31b,546f08dd9802b730d65975bb04c9f04087719fe71afd632fee13df479bd65524
0,65536,4096,2,0,12798,3638,19.5281982421875,88.818359375,8.006561279296875,10.28253173828125,91f2567df38031df7600c720b937215cda303372a988689af361a953f1ed3b4f,3fcce29a2d9f9d7d84029dd54fa6650b2f30d13c358d3dea399a663eb39516d0,c4896c8f3a1234dd2e38232ea939e437bb046015a06cb0fc2acb5e58742760db
1,65536,4096,2,0,3623,4096,5.52825927734375,100.0,2.2665863037109375,4.8290863037109375,91f2567df38031df7600c720b937215cda303372a988689af361a953f1ed3b4f,3fcce29a2d9f9d7d84029dd54fa6650b2f30d13c358d3dea399a663eb39516d0,c4896c8f3a1234dd2e38232ea939e437bb046015a06cb0fc2acb5e58742760db
2,65536,4096,2,0,23636,4096,36.065673828125,100.0,14.78692626953125,17.34942626953125,91f2567df38031df7600c720b937215cda303372a988689af361a953f1ed3b4f,3fcce29a2d9f9d7d84029dd54fa6650b2f30d13c358d3dea399a663eb39516d0,c4896c8f3a1234dd2e38232ea939e437bb046015a06cb0fc2acb5e58742760db
0,65536,4096,2,1,12616,3642,19.25048828125,88.916015625,7.8927001953125,10.171173095703125,91f2567df38031df7600c720b937215cda303372a988689af361a953f1ed3b4f,4edf467664706dcacb362e7013481149735feb4a347e3eb2667531100fad5ec2,0b8eb9a8a64872fefed7a2b01264e13b11b0e41231d6aacf1819d76e42576a3f
1,65536,4096,2,1,3642,4096,5.5572509765625,100.0,2.278472900390625,4.840972900390625,91f2567df38031df7600c720b937215cda303372a988689af361a953f1ed3b4f,4edf467664706dcacb362e7013481149735feb4a347e3eb2667531100fad5ec2,0b8eb9a8a64872fefed7a2b01264e13b11b0e41231d6aacf1819d76e42576a3f
2,65536,4096,2,1,23689,4096,36.14654541015625,100.0,14.820083618164062,17.382583618164062,91f2567df38031df7600c720b937215cda303372a988689af361a953f1ed3b4f,4edf467664706dcacb362e7013481149735feb4a347e3eb2667531100fad5ec2,0b8eb9a8a64872fefed7a2b01264e13b11b0e41231d6aacf1819d76e42576a3f
0,65536,4096,2,2,12837,3695,19.58770751953125,90.2099609375,8.030960083007812,10.34259033203125,91f2567df38031df7600c720b937215cda303372a988689af361a953f1ed3b4f,413009579c0b7c203e7f2adfb5572c4870956baf3213e64a67a0a023119061bb,edd050dbfe837b63dca939ecedfb4afa2990ecf2863392438ef3a5f64211903e
1,65536,4096,2,2,3638,4096,5.5511474609375,100.0,2.275970458984375,4.838470458984375,91f2567df38031df7600c720b937215cda303372a988689af361a953f1ed3b4f,413009579c0b7c203e7f2adfb5572c4870956baf3213e64a67a0a023119061bb,edd050dbfe837b63dca939ecedfb4afa2990ecf2863392438ef3a5f64211903e
2,65536,4096,2,2,23660,4096,36.102294921875,100.0,14.80194091796875,17.36444091796875,91f2567df38031df7600c720b937215cda303372a988689af361a953f1ed3b4f,413009579c0b7c203e7f2adfb5572c4870956baf3213e64a67a0a023119061bb,edd050dbfe837b63dca939ecedfb4afa2990ecf2863392438ef3a5f64211903e
0,262144,64,0,0,10872,60,4.1473388671875,93.75,6.8016357421875,6.83917236328125,8bd9e1201ac0b9bb8b7619916090003f9d9b42771d6de1083be0aefa5821b24a,8b1b30b50df2a630eb9dcd4ac0120f0fbb4226b3146c04546cc681cd9fbab507,8354c356956f50aec31b00f1c4ba8a1c7ef0048bf383dedac344ca355d13e914
1,262144,64,0,0,22415,52,8.550643920898438,81.25,14.023056030273438,14.055587768554688,8bd9e1201ac0b9bb8b7619916090003f9d9b42771d6de1083be0aefa5821b24a,8b1b30b50df2a630eb9dcd4ac0120f0fbb4226b3146c04546cc681cd9fbab507,8354c356956f50aec31b00f1c4ba8a1c7ef0048bf383dedac344ca355d13e914
2,262144,64,0,0,13548,64,5.16815185546875,100.0,8.47576904296875,8.51580810546875,8bd9e1201ac0b9bb8b7619916090003f9d9b42771d6de1083be0aefa5821b24a,8b1b30b50df2a630eb9dcd4ac0120f0fbb4226b3146c04546cc681cd9fbab507,8354c356956f50aec31b00f1c4ba8a1c7ef0048bf383dedac344ca355d13e914
0,262144,64,0,1,10923,60,4.1667938232421875,93.75,6.8335418701171875,6.8710784912109375,8bd9e1201ac0b9bb8b7619916090003f9d9b42771d6de1083be0aefa5821b24a,44803f2d88d2542bc888ce18977434d05841408bb257f61123e8beee8938b2b9,c337a558d2437a062564f25ef57e7e5fb742e52060b390f379c72d0179c1d41d
1,262144,64,0,1,22215,52,8.474349975585938,81.25,13.897933959960938,13.930465698242188,8bd9e1201ac0b9bb8b7619916090003f9d9b42771d6de1083be0aefa5821b24a,44803f2d88d2542bc888ce18977434d05841408bb257f61123e8beee8938b2b9,c337a558d2437a062564f25ef57e7e5fb742e52060b390f379c72d0179c1d41d
2,262144,64,0,1,13351,64,5.0930023193359375,100.0,8.352523803710938,8.392562866210938,8bd9e1201ac0b9bb8b7619916090003f9d9b42771d6de1083be0aefa5821b24a,44803f2d88d2542bc888ce18977434d05841408bb257f61123e8beee8938b2b9,c337a558d2437a062564f25ef57e7e5fb742e52060b390f379c72d0179c1d41d
0,262144,64,0,2,10891,60,4.1545867919921875,93.75,6.8135223388671875,6.8510589599609375,8bd9e1201ac0b9bb8b7619916090003f9d9b42771d6de1083be0aefa5821b24a,e4e4cbe16c70b408c1c9d938d7114e63c198be88902cbf85e90741f7c841115c,c020855deb6baa5c8532f3c7e59fd85458e61d27006cee83c624ee33979d28a5
1,262144,64,0,2,22324,52,8.51593017578125,81.25,13.96612548828125,13.9986572265625,8bd9e1201ac0b9bb8b7619916090003f9d9b42771d6de1083be0aefa5821b24a,e4e4cbe16c70b408c1c9d938d7114e63c198be88902cbf85e90741f7c841115c,c020855deb6baa5c8532f3c7e59fd85458e61d27006cee83c624ee33979d28a5
2,262144,64,0,2,13290,64,5.069732666015625,100.0,8.314361572265625,8.354400634765625,8bd9e1201ac0b9bb8b7619916090003f9d9b42771d6de1083be0aefa5821b24a,e4e4cbe16c70b408c1c9d938d7114e63c198be88902cbf85e90741f7c841115c,c020855deb6baa5c8532f3c7e59fd85458e61d27006cee83c624ee33979d28a5
0,262144,128,0,0,12997,124,4.9579620361328125,96.875,8.131057739257812,8.208633422851562,8bd9e1201ac0b9bb8b7619916090003f9d9b42771d6de1083be0aefa5821b24a,b01c21d44004009bb29cda6c83288d0294605b1063e9205a095d7e58c476d5f3,2988039db549d59a4f9cc05a3cac219925f699e6915330ea07524ffac6798b79
1,262144,128,0,0,28154,106,10.739898681640625,82.8125,17.613433837890625,17.67974853515625,8bd9e1201ac0b9bb8b7619916090003f9d9b42771d6de1083be0aefa5821b24a,b01c21d44004009bb29cda6c83288d0294605b1063e9205a095d7e58c476d5f3,2988039db549d59a4f9cc05a3cac219925f699e6915330ea07524ffac6798b79
2,262144,128,0,0,18944,128,7.2265625,100.0,11.8515625,11.931640625,8bd9e1201ac0b9bb8b7619916090003f9d9b42771d6de1083be0aefa5821b24a,b01c21d44004009bb29cda6c83288d0294605b1063e9205a095d7e58c476d5f3,2988039db549d59a4f9cc05a3cac219925f699e6915330ea07524ffac6798b79
0,262144,128,0,1,12794,124,4.880523681640625,96.875,8.004058837890625,8.081634521484375,8bd9e1201ac0b9bb8b7619916090003f9d9b42771d6de1083be0aefa5821b24a,d306c7272834b2d1357f8a590b91e41948f3b7fd3b4f30e427e9beb4218175a9,11cf42829c88c1fb70321739069ef74886c35db1ca8a9e0103725407f2d2dde4
1,262144,128,0,1,28094,102,10.717010498046875,79.6875,17.575897216796875,17.63970947265625,8bd9e1201ac0b9bb8b7619916090003f9d9b42771d6de1083be0aefa5821b24a,d306c7272834b2d1357f8a590b91e41948f3b7fd3b4f30e427e9beb4218175a9,11cf42829c88c1fb70321739069ef74886c35db1ca8a9e0103725407f2d2dde4
2,262144,128,0,1,18922,128,7.218170166015625,100.0,11.837799072265625,11.917877197265625,8bd9e1201ac0b9bb8b7619916090003f9d9b42771d6de1083be0aefa5821b24a,d306c7272834b2d1357f8a590b91e41948f3b7fd3b4f30e427e9beb4218175a9,11cf42829c88c1fb70321739069ef74886c35db1ca8a9e0103725407f2d2dde4
0,262144,128,0,2,12668,124,4.83245849609375,96.875,7.92523193359375,8.0028076171875,8bd9e1201ac0b9bb8b7619916090003f9d9b42771d6de1083be0aefa5821b24a,7ad1543f39c5560980bdca0cbf9b6c268302bbc463a4612fdf79b99dc8db5609,3c7197c1f37da1b90f069fb56b33f6f13d619ebaf589b593ceabb85e51e0eeaf
1,262144,128,0,2,28105,103,10.721206665039062,80.46875,17.582778930664062,17.647216796875,8bd9e1201ac0b9bb8b7619916090003f9d9b42771d6de1083be0aefa5821b24a,7ad1543f39c5560980bdca0cbf9b6c268302bbc463a4612fdf79b99dc8db5609,3c7197c1f37da1b90f069fb56b33f6f13d619ebaf589b593ceabb85e51e0eeaf
2,262144,128,0,2,18823,128,7.1804046630859375,100.0,11.775863647460938,11.855941772460938,8bd9e1201ac0b9bb8b7619916090003f9d9b42771d6de1083be0aefa5821b24a,7ad1543f39c5560980bdca0cbf9b6c268302bbc463a4612fdf79b99dc8db5609,3c7197c1f37da1b90f069fb56b33f6f13d619ebaf589b593ceabb85e51e0eeaf
0,262144,256,0,0,15008,245,5.72509765625,95.703125,9.38916015625,9.542434692382812,8bd9e1201ac0b9bb8b7619916090003f9d9b42771d6de1083be0aefa5821b24a,f8caff9e9a4fd44040f19aa6a25fc48ec327fe7a5a842a48eef69dbbc25bfbcb,6d751cccd87de1e39a77f83fb2616efd5e590c14db51e827bfd955bca61240a6
1,262144,256,0,0,34894,216,13.311004638671875,84.375,21.830047607421875,21.965179443359375,8bd9e1201ac0b9bb8b7619916090003f9d9b42771d6de1083be0aefa5821b24a,f8caff9e9a4fd44040f19aa6a25fc48ec327fe7a5a842a48eef69dbbc25bfbcb,6d751cccd87de1e39a77f83fb2616efd5e590c14db51e827bfd955bca61240a6
2,262144,256,0,0,26881,256,10.254287719726562,100.0,16.817031860351562,16.977188110351562,8bd9e1201ac0b9bb8b7619916090003f9d9b42771d6de1083be0aefa5821b24a,f8caff9e9a4fd44040f19aa6a25fc48ec327fe7a5a842a48eef69dbbc25bfbcb,6d751cccd87de1e39a77f83fb2616efd5e590c14db51e827bfd955bca61240a6
0,262144,256,0,1,14827,244,5.6560516357421875,95.3125,9.275924682617188,9.428573608398438,8bd9e1201ac0b9bb8b7619916090003f9d9b42771d6de1083be0aefa5821b24a,df58c57df4b684f1741f5a99beb576ad0e1b86556b4ff553664bb2dc644f5761,6025d2101dc71ef74391312000b9304e7e9eeaa15f1222be9807206f01d9fc0a
1,262144,256,0,1,34792,217,13.2720947265625,84.765625,21.7662353515625,21.901992797851562,8bd9e1201ac0b9bb8b7619916090003f9d9b42771d6de1083be0aefa5821b24a,df58c57df4b684f1741f5a99beb576ad0e1b86556b4ff553664bb2dc644f5761,6025d2101dc71ef74391312000b9304e7e9eeaa15f1222be9807206f01d9fc0a
2,262144,256,0,1,26792,256,10.2203369140625,100.0,16.7613525390625,16.9215087890625,8bd9e1201ac0b9bb8b7619916090003f9d9b42771d6de1083be0aefa5821b24a,df58c57df4b684f1741f5a99beb576ad0e1b86556b4ff553664bb2dc644f5761,6025d2101dc71ef74391312000b9304e7e9eeaa15f1222be9807206f01d9fc0a
0,262144,256,0,2,14914,244,5.689239501953125,95.3125,9.330352783203125,9.483001708984375,8bd9e1201ac0b9bb8b7619916090003f9d9b42771d6de1083be0aefa5821b24a,6ddc7f1a61898ebe2fe24fe28fc4a7220a8ca0c22998948f662d46f38732c0d1,2e74922653721f16d3adcf2639431f4f0b938c9e142a8fb2c1813ba0e44e47ff
1,262144,256,0,2,34798,220,13.274383544921875,85.9375,21.769989013671875,21.907623291015625,8bd9e1201ac0b9bb8b7619916090003f9d9b42771d6de1083be0aefa5821b24a,6ddc7f1a61898ebe2fe24fe28fc4a7220a8ca0c22998948f662d46f38732c0d1,2e74922653721f16d3adcf2639431f4f0b938c9e142a8fb2c1813ba0e44e47ff
2,262144,256,0,2,26748,256,10.20355224609375,100.0,16.73382568359375,16.89398193359375,8bd9e1201ac0b9bb8b7619916090003f9d9b42771d6de1083be0aefa5821b24a,6ddc7f1a61898ebe2fe24fe28fc4a7220a8ca0c22998948f662d46f38732c0d1,2e74922653721f16d3adcf2639431f4f0b938c9e142a8fb2c1813ba0e44e47ff
0,262144,512,0,0,17436,473,6.65130615234375,92.3828125,10.90814208984375,11.204055786132812,8bd9e1201ac0b9bb8b7619916090003f9d9b42771d6de1083be0aefa5821b24a,013feea748f8ae41b04cf0bf98307210e6566be9a69bd4e8d17da0dfe805a1fd,3260b3f83577aa9ccfecc052ecbfcf00b4c01e4e660c26b2e8dbf3f352319e0f
1,262144,512,0,0,41515,473,15.836715698242188,92.3828125,25.972213745117188,26.26812744140625,8bd9e1201ac0b9bb8b7619916090003f9d9b42771d6de1083be0aefa5821b24a,013feea748f8ae41b04cf0bf98307210e6566be9a69bd4e8d17da0dfe805a1fd,3260b3f83577aa9ccfecc052ecbfcf00b4c01e4e660c26b2e8dbf3f352319e0f
2,262144,512,0,0,37603,512,14.344406127929688,100.0,23.524826049804688,23.845138549804688,8bd9e1201ac0b9bb8b7619916090003f9d9b42771d6de1083be0aefa5821b24a,013feea748f8ae41b04cf0bf98307210e6566be9a69bd4e8d17da0dfe805a1fd,3260b3f83577aa9ccfecc052ecbfcf00b4c01e4e660c26b2e8dbf3f352319e0f
0,262144,512,0,1,17171,466,6.5502166748046875,91.015625,10.742355346679688,11.033889770507812,8bd9e1201ac0b9bb8b7619916090003f9d9b42771d6de1083be0aefa5821b24a,640b772a61dd987adceda5099ef648e8ccc2ab91ba30d9d089590174834a66aa,0bfeb3798c00eaed31f90b22e18ef08acf3c9bdb684d22e627b9de9d3d305d23
1,262144,512,0,1,41414,470,15.798187255859375,91.796875,25.909027099609375,26.20306396484375,8bd9e1201ac0b9bb8b7619916090003f9d9b42771d6de1083be0aefa5821b24a,640b772a61dd987adceda5099ef648e8ccc2ab91ba30d9d089590174834a66aa,0bfeb3798c00eaed31f90b22e18ef08acf3c9bdb684d22e627b9de9d3d305d23
2,262144,512,0,1,37569,512,14.331436157226562,100.0,23.503555297851562,23.823867797851562,8bd9e1201ac0b9bb8b7619916090003f9d9b42771d6de1083be0aefa5821b24a,640b772a61dd987adceda5099ef648e8ccc2ab91ba30d9d089590174834a66aa,0bfeb3798c00eaed31f90b22e18ef08acf3c9bdb684d22e627b9de9d3d305d23
0,262144,512,0,2,17264,471,6.585693359375,91.9921875,10.800537109375,11.095199584960938,8bd9e1201ac0b9bb8b7619916090003f9d9b42771d6de1083be0aefa5821b24a,c855cdb4ee88f893dee2cd7172325549ea24ae63bc0d3b9e74448291b81e960f,4780c8abfcd98153df6e6edb78ddfc3b5109828cb76e8db648aa73d68199a836
1,262144,512,0,2,41451,473,15.812301635742188,92.3828125,25.932174682617188,26.22808837890625,8bd9e1201ac0b9bb8b7619916090003f9d9b42771d6de1083be0aefa5821b24a,c855cdb4ee88f893dee2cd7172325549ea24ae63bc0d3b9e74448291b81e960f,4780c8abfcd98153df6e6edb78ddfc3b5109828cb76e8db648aa73d68199a836
2,262144,512,0,2,37578,512,14.334869384765625,100.0,23.509185791015625,23.829498291015625,8bd9e1201ac0b9bb8b7619916090003f9d9b42771d6de1083be0aefa5821b24a,c855cdb4ee88f893dee2cd7172325549ea24ae63bc0d3b9e74448291b81e960f,4780c8abfcd98153df6e6edb78ddfc3b5109828cb76e8db648aa73d68199a836
0,262144,1024,0,0,20327,898,7.7541351318359375,87.6953125,12.716781616210938,13.278579711914062,8bd9e1201ac0b9bb8b7619916090003f9d9b42771d6de1083be0aefa5821b24a,4d1a372119f5b737c613bc8291f818936d3f0935921b949db3f43b0836a4dbfb,08a4c25cdf55ef8576816fc39bd9e7bf2a244511b0e60067482d742e1f1ee7e7
1,262144,1024,0,0,48349,985,18.443679809570312,96.19140625,30.247634887695312,30.863861083984375,8bd9e1201ac0b9bb8b7619916090003f9d9b42771d6de1083be0aefa5821b24a,4d1a372119f5b737c613bc8291f818936d3f0935921b949db3f43b0836a4dbfb,08a4c25cdf55ef8576816fc39bd9e7bf2a244511b0e60067482d742e1f1ee7e7
2,262144,1024,0,0,51581,1024,19.676589965820312,100.0,32.26960754394531,32.91023254394531,8bd9e1201ac0b9bb8b7619916090003f9d9b42771d6de1083be0aefa5821b24a,4d1a372119f5b737c613bc8291f818936d3f0935921b949db3f43b0836a4dbfb,08a4c25cdf55ef8576816fc39bd9e7bf2a244511b0e60067482d742e1f1ee7e7
0,262144,1024,0,1,20203,899,7.7068328857421875,87.79296875,12.639205932617188,13.201629638671875,8bd9e1201ac0b9bb8b7619916090003f9d9b42771d6de1083be0aefa5821b24a,5c9ee1e3d72cc73ee53cc8e22f5c38034bb6e2afcb002504b4902a7205a3b577,2f52c93b6622eb0af4e08e4817b26a736d59be4616731b9a8d0ac8d3622be8ac
1,262144,1024,0,1,48284,981,18.41888427734375,95.80078125,30.20697021484375,30.820693969726562,8bd9e1201ac0b9bb8b7619916090003f9d9b42771d6de1083be0aefa5821b24a,5c9ee1e3d72cc73ee53cc8e22f5c38034bb6e2afcb002504b4902a7205a3b577,2f52c93b6622eb0af4e08e4817b26a736d59be4616731b9a8d0ac8d3622be8ac
2,262144,1024,0,1,51503,1024,19.646835327148438,100.0,32.22080993652344,32.86143493652344,8bd9e1201ac0b9bb8b7619916090003f9d9b42771d6de1083be0aefa5821b24a,5c9ee1e3d72cc73ee53cc8e22f5c38034bb6e2afcb002504b4902a7205a3b577,2f52c93b6622eb0af4e08e4817b26a736d59be4616731b9a8d0ac8d3622be8ac
0,262144,1024,0,2,20158,910,7.689666748046875,88.8671875,12.611053466796875,13.18035888671875,8bd9e1201ac0b9bb8b7619916090003f9d9b42771d6de1083be0aefa5821b24a,80e649054065540274a45f7696df9c2444ccc81ba921f0a82c252733cf9c7da4,996671704456bd2c057d11370bb9a06e8ddeb1d847ded470582887dbf26d1402
1,262144,1024,0,2,48353,987,18.445205688476562,96.38671875,30.250137329101562,30.86761474609375,8bd9e1201ac0b9bb8b7619916090003f9d9b42771d6de1083be0aefa5821b24a,80e649054065540274a45f7696df9c2444ccc81ba921f0a82c252733cf9c7da4,996671704456bd2c057d11370bb9a06e8ddeb1d847ded470582887dbf26d1402
2,262144,1024,0,2,51560,1024,19.6685791015625,100.0,32.2564697265625,32.8970947265625,8bd9e1201ac0b9bb8b7619916090003f9d9b42771d6de1083be0aefa5821b24a,80e649054065540274a45f7696df9c2444ccc81ba921f0a82c252733cf9c7da4,996671704456bd2c057d11370bb9a06e8ddeb1d847ded470582887dbf26d1402
0,262144,2048,0,0,24628,1768,9.39483642578125,86.328125,15.40753173828125,16.51361083984375,8bd9e1201ac0b9bb8b7619916090003f9d9b42771d6de1083be0aefa5821b24a,38c3963cc0fc887992bbf4eaa39f76df944b5121a6266e159a1e573a90510857,f23d3eef4d59fcd8b229b378efd132c37a6ee788b481c9a34744822f05b9a238
1,262144,2048,0,0,56503,2012,21.554183959960938,98.2421875,35.34886169433594,36.60758972167969,8bd9e1201ac0b9bb8b7619916090003f9d9b42771d6de1083be0aefa5821b24a,38c3963cc0fc887992bbf4eaa39f76df944b5121a6266e159a1e573a90510857,f23d3eef4d59fcd8b229b378efd132c37a6ee788b481c9a34744822f05b9a238
2,262144,2048,0,0,69176,2048,26.3885498046875,100.0,43.2772216796875,44.5584716796875,8bd9e1201ac0b9bb8b7619916090003f9d9b42771d6de1083be0aefa5821b24a,38c3963cc0fc887992bbf4eaa39f76df944b5121a6266e159a1e573a90510857,f23d3eef4d59fcd8b229b378efd132c37a6ee788b481c9a34744822f05b9a238
0,262144,2048,0,1,24607,1768,9.386825561523438,86.328125,15.394393920898438,16.500473022460938,8bd9e1201ac0b9bb8b7619916090003f9d9b42771d6de1083be0aefa5821b24a,601ec3c922c7c5103b900ce89856abcd4fed76836f0f45f142532f492fc0136c,9ba8c530522b26258f9d8806b0542bbcf49ea93fcf2e6b2b08a52b2e0889d73f
1,262144,2048,0,1,56556,2001,21.57440185546875,97.705078125,35.38201904296875,36.63386535644531,8bd9e1201ac0b9bb8b7619916090003f9d9b42771d6de1083be0aefa5821b24a,601ec3c922c7c5103b900ce89856abcd4fed76836f0f45f142532f492fc0136c,9ba8c530522b26258f9d8806b0542bbcf49ea93fcf2e6b2b08a52b2e0889d73f
2,262144,2048,0,1,69112,2048,26.3641357421875,100.0,43.2371826171875,44.5184326171875,8bd9e1201ac0b9bb8b7619916090003f9d9b42771d6de1083be0aefa5821b24a,601ec3c922c7c5103b900ce89856abcd4fed76836f0f45f142532f492fc0136c,9ba8c530522b26258f9d8806b0542bbcf49ea93fcf2e6b2b08a52b2e0889d73f
0,262144,2048,0,2,24453,1768,9.328079223632812,86.328125,15.298049926757812,16.404129028320312,8bd9e1201ac0b9bb8b7619916090003f9d9b42771d6de1083be0aefa5821b24a,83ed74face5a8a25e64aa17f589c2a3e608ddfbe876e2321168749ab3fa6f31b,6bf7bca950587359480c6f3dd7f0cba546bcf33e167fa5cd81053c8be6c793a8
1,262144,2048,0,2,56585,2011,21.585464477539062,98.193359375,35.40016174316406,36.65826416015625,8bd9e1201ac0b9bb8b7619916090003f9d9b42771d6de1083be0aefa5821b24a,83ed74face5a8a25e64aa17f589c2a3e608ddfbe876e2321168749ab3fa6f31b,6bf7bca950587359480c6f3dd7f0cba546bcf33e167fa5cd81053c8be6c793a8
2,262144,2048,0,2,69161,2048,26.382827758789062,100.0,43.26783752441406,44.54908752441406,8bd9e1201ac0b9bb8b7619916090003f9d9b42771d6de1083be0aefa5821b24a,83ed74face5a8a25e64aa17f589c2a3e608ddfbe876e2321168749ab3fa6f31b,6bf7bca950587359480c6f3dd7f0cba546bcf33e167fa5cd81053c8be6c793a8
0,262144,4096,0,0,31475,3459,12.006759643554688,84.4482421875,19.691085815429688,21.855072021484375,8bd9e1201ac0b9bb8b7619916090003f9d9b42771d6de1083be0aefa5821b24a,3fcce29a2d9f9d7d84029dd54fa6650b2f30d13c358d3dea399a663eb39516d0,15ae59a6489addefbf34e540179b3af8466a2e70960c88b981fd0f4ebb19d8f0
1,262144,4096,0,0,65801,4054,25.101089477539062,98.974609375,41.16578674316406,43.70201110839844,8bd9e1201ac0b9bb8b7619916090003f9d9b42771d6de1083be0aefa5821b24a,3fcce29a2d9f9d7d84029dd54fa6650b2f30d13c358d3dea399a663eb39516d0,15ae59a6489addefbf34e540179b3af8466a2e70960c88b981fd0f4ebb19d8f0
2,262144,4096,0,0,87197,4096,33.26301574707031,100.0,54.55134582519531,57.11384582519531,8bd9e1201ac0b9bb8b7619916090003f9d9b42771d6de1083be0aefa5821b24a,3fcce29a2d9f9d7d84029dd54fa6650b2f30d13c358d3dea399a663eb39516d0,15ae59a6489addefbf34e540179b3af8466a2e70960c88b981fd0f4ebb19d8f0
0,262144,4096,0,1,31293,3454,11.937332153320312,84.326171875,19.577224731445312,21.738082885742188,8bd9e1201ac0b9bb8b7619916090003f9d9b42771d6de1083be0aefa5821b24a,4edf467664706dcacb362e7013481149735feb4a347e3eb2667531100fad5ec2,7fe6a68e65fb1008dd76d738cba487df7ad1c758bc7e9d6608d8e381777b7d44
1,262144,4096,0,1,65720,4049,25.0701904296875,98.8525390625,41.1151123046875,43.64820861816406,8bd9e1201ac0b9bb8b7619916090003f9d9b42771d6de1083be0aefa5821b24a,4edf467664706dcacb362e7013481149735feb4a347e3eb2667531100fad5ec2,7fe6a68e65fb1008dd76d738cba487df7ad1c758bc7e9d6608d8e381777b7d44
2,262144,4096,0,1,87089,4096,33.22181701660156,100.0,54.48377990722656,57.04627990722656,8bd9e1201ac0b9bb8b7619916090003f9d9b42771d6de1083be0aefa5821b24a,4edf467664706dcacb362e7013481149735feb4a347e3eb2667531100fad5ec2,7fe6a68e65fb1008dd76d738cba487df7ad1c758bc7e9d6608d8e381777b7d44
0,262144,4096,0,2,31501,3495,12.016677856445312,85.3271484375,19.707351684570312,21.89385986328125,8bd9e1201ac0b9bb8b7619916090003f9d9b42771d6de1083be0aefa5821b24a,413009579c0b7c203e7f2adfb5572c4870956baf3213e64a67a0a023119061bb,21df60c310d96ab7a31ce0a115e52cce3f7e46ae9a3cdf49e0741ddd1a7a833a
1,262144,4096,0,2,65774,4054,25.090789794921875,98.974609375,41.148895263671875,43.68511962890625,8bd9e1201ac0b9bb8b7619916090003f9d9b42771d6de1083be0aefa5821b24a,413009579c0b7c203e7f2adfb5572c4870956baf3213e64a67a0a023119061bb,21df60c310d96ab7a31ce0a115e52cce3f7e46ae9a3cdf49e0741ddd1a7a833a
2,262144,4096,0,2,87059,4096,33.21037292480469,100.0,54.46501159667969,57.02751159667969,8bd9e1201ac0b9bb8b7619916090003f9d9b42771d6de1083be0aefa5821b24a,413009579c0b7c203e7f2adfb5572c4870956baf3213e64a67a0a023119061bb,21df60c310d96ab7a31ce0a115e52cce3f7e46ae9a3cdf49e0741ddd1a7a833a
0,262144,64,1,0,10945,60,4.1751861572265625,93.75,6.8473052978515625,6.8848419189453125,123c0a375a9ad9711b05672b58e8da8b638ea4adbe205954ac6b50289574cacd,8b1b30b50df2a630eb9dcd4ac0120f0fbb4226b3146c04546cc681cd9fbab507,c39c68ea435bfb037ea8c980d2ee563c8ee668a9593180108f6e4698ab579e93
1,262144,64,1,0,22244,53,8.48541259765625,82.8125,13.91607666015625,13.949234008789062,123c0a375a9ad9711b05672b58e8da8b638ea4adbe205954ac6b50289574cacd,8b1b30b50df2a630eb9dcd4ac0120f0fbb4226b3146c04546cc681cd9fbab507,c39c68ea435bfb037ea8c980d2ee563c8ee668a9593180108f6e4698ab579e93
2,262144,64,1,0,13479,64,5.1418304443359375,100.0,8.432601928710938,8.472640991210938,123c0a375a9ad9711b05672b58e8da8b638ea4adbe205954ac6b50289574cacd,8b1b30b50df2a630eb9dcd4ac0120f0fbb4226b3146c04546cc681cd9fbab507,c39c68ea435bfb037ea8c980d2ee563c8ee668a9593180108f6e4698ab579e93
0,262144,64,1,1,11060,60,4.21905517578125,93.75,6.91925048828125,6.956787109375,123c0a375a9ad9711b05672b58e8da8b638ea4adbe205954ac6b50289574cacd,44803f2d88d2542bc888ce18977434d05841408bb257f61123e8beee8938b2b9,7972317efe4cb6ce92e342faf12574f56e343231721a0072907300d85850e338
1,262144,64,1,1,22142,52,8.446502685546875,81.25,13.852264404296875,13.884796142578125,123c0a375a9ad9711b05672b58e8da8b638ea4adbe205954ac6b50289574cacd,44803f2d88d2542bc888ce18977434d05841408bb257f61123e8beee8938b2b9,7972317efe4cb6ce92e342faf12574f56e343231721a0072907300d85850e338
2,262144,64,1,1,13242,64,5.051422119140625,100.0,8.284332275390625,8.324371337890625,123c0a375a9ad9711b05672b58e8da8b638ea4adbe205954ac6b50289574cacd,44803f2d88d2542bc888ce18977434d05841408bb257f61123e8beee8938b2b9,7972317efe4cb6ce92e342faf12574f56e343231721a0072907300d85850e338
0,262144,64,1,2,11012,60,4.20074462890625,93.75,6.88922119140625,6.9267578125,123c0a375a9ad9711b05672b58e8da8b638ea4adbe205954ac6b50289574cacd,e4e4cbe16c70b408c1c9d938d7114e63c198be88902cbf85e90741f7c841115c,5644121a5b6a3d5a07febec7b9826e5e97961c7620877b19bb9352824f0fd9bf
1,262144,64,1,2,22293,52,8.504104614257812,81.25,13.946731567382812,13.979263305664062,123c0a375a9ad9711b05672b58e8da8b638ea4adbe205954ac6b50289574cacd,e4e4cbe16c70b408c1c9d938d7114e63c198be88902cbf85e90741f7c841115c,5644121a5b6a3d5a07febec7b9826e5e97961c7620877b19bb9352824f0fd9bf
2,262144,64,1,2,13253,64,5.0556182861328125,100.0,8.291213989257812,8.331253051757812,123c0a375a9ad9711b05672b58e8da8b638ea4adbe205954ac6b50289574cacd,e4e4cbe16c70b408c1c9d938d7114e63c198be88902cbf85e90741f7c841115c,5644121a5b6a3d5a07febec7b9826e5e97961c7620877b19bb9352824f0fd9bf
0,262144,128,1,0,12960,124,4.94384765625,96.875,8.10791015625,8.18548583984375,123c0a375a9ad9711b05672b58e8da8b638ea4adbe205954ac6b50289574cacd,b01c21d44004009bb29cda6c83288d0294605b1063e9205a095d7e58c476d5f3,1bc9c241f49d13be1e362d6d262b624f5e9f85559904225e38b1f18bd6605d7c
1,262144,128,1,0,28034,107,10.694122314453125,83.59375,17.538360595703125,17.605300903320312,123c0a375a9ad9711b05672b58e8da8b638ea4adbe205954ac6b50289574cacd,b01c21d44004009bb29cda6c83288d0294605b1063e9205a095d7e58c476d5f3,1bc9c241f49d13be1e362d6d262b624f5e9f85559904225e38b1f18bd6605d7c
2,262144,128,1,0,18882,128,7.202911376953125,100.0,11.812774658203125,11.892852783203125,123c0a375a9ad9711b05672b58e8da8b638ea4adbe205954ac6b50289574cacd,b01c21d44004009bb29cda6c83288d0294605b1063e9205a095d7e58c476d5f3,1bc9c241f49d13be1e362d6d262b624f5e9f85559904225e38b1f18bd6605d7c
0,262144,128,1,1,12856,124,4.9041748046875,96.875,8.0428466796875,8.12042236328125,123c0a375a9ad9711b05672b58e8da8b638ea4adbe205954ac6b50289574cacd,d306c7272834b2d1357f8a590b91e41948f3b7fd3b4f30e427e9beb4218175a9,04cc3ee049627c60edafe355f703af8b370abf7abd38f44571c8b75ae7a72dbf
1,262144,128,1,1,28164,103,10.74371337890625,80.46875,17.61968994140625,17.684127807617188,123c0a375a9ad9711b05672b58e8da8b638ea4adbe205954ac6b50289574cacd,d306c7272834b2d1357f8a590b91e41948f3b7fd3b4f30e427e9beb4218175a9,04cc3ee049627c60edafe355f703af8b370abf7abd38f44571c8b75ae7a72dbf
2,262144,128,1,1,18852,128,7.19146728515625,100.0,11.79400634765625,11.87408447265625,123c0a375a9ad9711b05672b58e8da8b638ea4adbe205954ac6b50289574cacd,d306c7272834b2d1357f8a590b91e41948f3b7fd3b4f30e427e9beb4218175a9,04cc3ee049627c60edafe355f703af8b370abf7abd38f44571c8b75ae7a72dbf
0,262144,128,1,2,12690,124,4.840850830078125,96.875,7.938995361328125,8.016571044921875,123c0a375a9ad9711b05672b58e8da8b638ea4adbe205954ac6b50289574cacd,7ad1543f39c5560980bdca0cbf9b6c268302bbc463a4612fdf79b99dc8db5609,4b98695dc88f33303da805c510bf776e97a07dfcf3ce2d15f685d064ddcf3b57
1,262144,128,1,2,28087,105,10.714340209960938,82.03125,17.571517944335938,17.63720703125,123c0a375a9ad9711b05672b58e8da8b638ea4adbe205954ac6b50289574cacd,7ad1543f39c5560980bdca0cbf9b6c268302bbc463a4612fdf79b99dc8db5609,4b98695dc88f33303da805c510bf776e97a07dfcf3ce2d15f685d064ddcf3b57
2,262144,128,1,2,18806,128,7.173919677734375,100.0,11.765228271484375,11.845306396484375,123c0a375a9ad9711b05672b58e8da8b638ea4adbe205954ac6b50289574cacd,7ad1543f39c5560980bdca0cbf9b6c268302bbc463a4612fdf79b99dc8db5609,4b98695dc88f33303da805c510bf776e97a07dfcf3ce2d15f685d064ddcf3b57
0,262144,256,1,0,15066,245,5.747222900390625,95.703125,9.425445556640625,9.578720092773438,123c0a375a9ad9711b05672b58e8da8b638ea4adbe205954ac6b50289574cacd,f8caff9e9a4fd44040f19aa6a25fc48ec327fe7a5a842a48eef69dbbc25bfbcb,635b46317e45fae8a2d9320060ea8f0bc5cd3063e8b8a063bb908f5a33c06d56
1,262144,256,1,0,34763,217,13.261032104492188,84.765625,21.748092651367188,21.88385009765625,123c0a375a9ad9711b05672b58e8da8b638ea4adbe205954ac6b50289574cacd,f8caff9e9a4fd44040f19aa6a25fc48ec327fe7a5a842a48eef69dbbc25bfbcb,635b46317e45fae8a2d9320060ea8f0bc5cd3063e8b8a063bb908f5a33c06d56
2,262144,256,1,0,26828,256,10.23406982421875,100.0,16.78387451171875,16.94403076171875,123c0a375a9ad9711b05672b58e8da8b638ea4adbe205954ac6b50289574cacd,f8caff9e9a4fd44040f19aa6a25fc48ec327fe7a5a842a48eef69dbbc25bfbcb,635b46317e45fae8a2d9320060ea8f0bc5cd3063e8b8a063bb908f5a33c06d56
0,262144,256,1,1,15017,244,5.7285308837890625,95.3125,9.394790649414062,9.547439575195312,123c0a375a9ad9711b05672b58e8da8b638ea4adbe205954ac6b50289574cacd,df58c57df4b684f1741f5a99beb576ad0e1b86556b4ff553664bb2dc644f5761,8535db080380dda95aab0701342eb938f8ed08d79aa4de054b0d82738cabfc4b
1,262144,256,1,1,34748,216,13.25531005859375,84.375,21.73870849609375,21.87384033203125,123c0a375a9ad9711b05672b58e8da8b638ea4adbe205954ac6b50289574cacd,df58c57df4b684f1741f5a99beb576ad0e1b86556b4ff553664bb2dc644f5761,8535db080380dda95aab0701342eb938f8ed08d79aa4de054b0d82738cabfc4b
2,262144,256,1,1,26715,256,10.190963745117188,100.0,16.713180541992188,16.873336791992188,123c0a375a9ad9711b05672b58e8da8b638ea4adbe205954ac6b50289574cacd,df58c57df4b684f1741f5a99beb576ad0e1b86556b4ff553664bb2dc644f5761,8535db080380dda95aab0701342eb938f8ed08d79aa4de054b0d82738cabfc4b
0,262144,256,1,2,14950,244,5.702972412109375,95.3125,9.352874755859375,9.505523681640625,123c0a375a9ad9711b05672b58e8da8b638ea4adbe205954ac6b50289574cacd,6ddc7f1a61898ebe2fe24fe28fc4a7220a8ca0c22998948f662d46f38732c0d1,9fc6d48b13f9bbc151fe999375a1196bde4a2e05c3feb3d6a3d1ecff035fb47a
1,262144,256,1,2,34774,222,13.265228271484375,86.71875,21.754974365234375,21.89385986328125,123c0a375a9ad9711b05672b58e8da8b638ea4adbe205954ac6b50289574cacd,6ddc7f1a61898ebe2fe24fe28fc4a7220a8ca0c22998948f662d46f38732c0d1,9fc6d48b13f9bbc151fe999375a1196bde4a2e05c3feb3d6a3d1ecff035fb47a
2,262144,256,1,2,26609,256,10.150527954101562,100.0,16.646865844726562,16.807022094726562,123c0a375a9ad9711b05672b58e8da8b638ea4adbe205954ac6b50289574cacd,6ddc7f1a61898ebe2fe24fe28fc4a7220a8ca0c22998948f662d46f38732c0d1,9fc6d48b13f9bbc151fe999375a1196bde4a2e05c3feb3d6a3d1ecff035fb47a
0,262144,512,1,0,17481,472,6.6684722900390625,92.1875,10.936294555664062,11.231582641601562,123c0a375a9ad9711b05672b58e8da8b638ea4adbe205954ac6b50289574cacd,013feea748f8ae41b04cf0bf98307210e6566be9a69bd4e8d17da0dfe805a1fd,f0fcf91de6050d402b663f23d1de20059a8b736d1091006c49de3c943d98e1ca
1,262144,512,1,0,41488,471,15.826416015625,91.9921875,25.955322265625,26.249984741210938,123c0a375a9ad9711b05672b58e8da8b638ea4adbe205954ac6b50289574cacd,013feea748f8ae41b04cf0bf98307210e6566be9a69bd4e8d17da0dfe805a1fd,f0fcf91de6050d402b663f23d1de20059a8b736d1091006c49de3c943d98e1ca
2,262144,512,1,0,37447,512,14.284896850585938,100.0,23.427230834960938,23.747543334960938,123c0a375a9ad9711b05672b58e8da8b638ea4adbe205954ac6b50289574cacd,013feea748f8ae41b04cf0bf98307210e6566be9a69bd4e8d17da0dfe805a1fd,f0fcf91de6050d402b663f23d1de20059a8b736d1091006c49de3c943d98e1ca
0,262144,512,1,1,17315,465,6.6051483154296875,90.8203125,10.832443237304688,11.12335205078125,123c0a375a9ad9711b05672b58e8da8b638ea4adbe205954ac6b50289574cacd,640b772a61dd987adceda5099ef648e8ccc2ab91ba30d9d089590174834a66aa,32564135473fb11c7c60239856e48b9846338036b142afbf77103a6bbd090f26
1,262144,512,1,1,41424,472,15.802001953125,92.1875,25.915283203125,26.2105712890625,123c0a375a9ad9711b05672b58e8da8b638ea4adbe205954ac6b50289574cacd,640b772a61dd987adceda5099ef648e8ccc2ab91ba30d9d089590174834a66aa,32564135473fb11c7c60239856e48b9846338036b142afbf77103a6bbd090f26
2,262144,512,1,1,37525,512,14.314651489257812,100.0,23.476028442382812,23.796340942382812,123c0a375a9ad9711b05672b58e8da8b638ea4adbe205954ac6b50289574cacd,640b772a61dd987adceda5099ef648e8ccc2ab91ba30d9d089590174834a66aa,32564135473fb11c7c60239856e48b9846338036b142afbf77103a6bbd090f26
0,262144,512,1,2,17383,471,6.6310882568359375,91.9921875,10.874984741210938,11.169647216796875,123c0a375a9ad9711b05672b58e8da8b638ea4adbe205954ac6b50289574cacd,c855cdb4ee88f893dee2cd7172325549ea24ae63bc0d3b9e74448291b81e960f,4715cd13d153d4bdf9d3829ea80c5d3d606ee121ac6e5c7d73b57f79a23487a9
1,262144,512,1,2,41533,476,15.843582153320312,92.96875,25.983474731445312,26.281265258789062,123c0a375a9ad9711b05672b58e8da8b638ea4adbe205954ac6b50289574cacd,c855cdb4ee88f893dee2cd7172325549ea24ae63bc0d3b9e74448291b81e960f,4715cd13d153d4bdf9d3829ea80c5d3d606ee121ac6e5c7d73b57f79a23487a9
2,262144,512,1,2,37354,512,14.249420166015625,100.0,23.369049072265625,23.689361572265625,123c0a375a9ad9711b05672b58e8da8b638ea4adbe205954ac6b50289574cacd,c855cdb4ee88f893dee2cd7172325549ea24ae63bc0d3b9e74448291b81e960f,4715cd13d153d4bdf9d3829ea80c5d3d606ee121ac6e5c7d73b57f79a23487a9
0,262144,1024,1,0,20376,897,7.7728271484375,87.59765625,12.7474365234375,13.308609008789062,123c0a375a9ad9711b05672b58e8da8b638ea4adbe205954ac6b50289574cacd,4d1a372119f5b737c613bc8291f818936d3f0935921b949db3f43b0836a4dbfb,f057260cede8785595b72e0d0532dfbf161415f75c9c6a90e05b2716ab337642
1,262144,1024,1,0,48335,986,18.438339233398438,96.2890625,30.238876342773438,30.855728149414062,123c0a375a9ad9711b05672b58e8da8b638ea4adbe205954ac6b50289574cacd,4d1a372119f5b737c613bc8291f818936d3f0935921b949db3f43b0836a4dbfb,f057260cede8785595b72e0d0532dfbf161415f75c9c6a90e05b2716ab337642
2,262144,1024,1,0,51591,1024,19.680404663085938,100.0,32.27586364746094,32.91648864746094,123c0a375a9ad9711b05672b58e8da8b638ea4adbe205954ac6b50289574cacd,4d1a372119f5b737c613bc8291f818936d3f0935921b949db3f43b0836a4dbfb,f057260cede8785595b72e0d0532dfbf161415f75c9c6a90e05b2716ab337642
0,262144,1024,1,1,20340,897,7.75909423828125,87.59765625,12.72491455078125,13.286087036132812,123c0a375a9ad9711b05672b58e8da8b638ea4adbe205954ac6b50289574cacd,5c9ee1e3d72cc73ee53cc8e22f5c38034bb6e2afcb002504b4902a7205a3b577,7e8dc07a192cc714008e33deb5da6f8145c9362b27a907d1a6d08fa149e7c5f2
1,262144,1024,1,1,48350,983,18.444061279296875,95.99609375,30.248260498046875,30.863235473632812,123c0a375a9ad9711b05672b58e8da8b638ea4adbe205954ac6b50289574cacd,5c9ee1e3d72cc73ee53cc8e22f5c38034bb6e2afcb002504b4902a7205a3b577,7e8dc07a192cc714008e33deb5da6f8145c9362b27a907d1a6d08fa149e7c5f2
2,262144,1024,1,1,51610,1024,19.687652587890625,100.0,32.287750244140625,32.928375244140625,123c0a375a9ad9711b05672b58e8da8b638ea4adbe205954ac6b50289574cacd,5c9ee1e3d72cc73ee53cc8e22f5c38034bb6e2afcb002504b4902a7205a3b577,7e8dc07a192cc714008e33deb5da6f8145c9362b27a907d1a6d08fa149e7c5f2
0,262144,1024,1,2,20331,909,7.7556610107421875,88.76953125,12.719284057617188,13.2879638671875,123c0a375a9ad9711b05672b58e8da8b638ea4adbe205954ac6b50289574cacd,80e649054065540274a45f7696df9c2444ccc81ba921f0a82c252733cf9c7da4,3a9c9b3273ead718f43e26e36988d6d751d4e9c6c1f20a13a8afbcb890947478
1,262144,1024,1,2,48438,987,18.477630615234375,96.38671875,30.303314208984375,30.920791625976562,123c0a375a9ad9711b05672b58e8da8b638ea4adbe205954ac6b50289574cacd,80e649054065540274a45f7696df9c2444ccc81ba921f0a82c252733cf9c7da4,3a9c9b3273ead718f43e26e36988d6d751d4e9c6c1f20a13a8afbcb890947478
2,262144,1024,1,2,51616,1024,19.68994140625,100.0,32.29150390625,32.93212890625,123c0a375a9ad9711b05672b58e8da8b638ea4adbe205954ac6b50289574cacd,80e649054065540274a45f7696df9c2444ccc81ba921f0a82c252733cf9c7da4,3a9c9b3273ead718f43e26e36988d6d751d4e9c6c1f20a13a8afbcb890947478
0,262144,2048,1,0,24660,1763,9.40704345703125,86.083984375,15.42755126953125,16.530502319335938,123c0a375a9ad9711b05672b58e8da8b638ea4adbe205954ac6b50289574cacd,38c3963cc0fc887992bbf4eaa39f76df944b5121a6266e159a1e573a90510857,a662a8a157179dc46657ffe2952173529078633d4d9b5db80d22eba718620a66
1,262144,2048,1,0,56628,2005,21.60186767578125,97.900390625,35.42706298828125,36.68141174316406,123c0a375a9ad9711b05672b58e8da8b638ea4adbe205954ac6b50289574cacd,38c3963cc0fc887992bbf4eaa39f76df944b5121a6266e159a1e573a90510857,a662a8a157179dc46657ffe2952173529078633d4d9b5db80d22eba718620a66
2,262144,2048,1,0,69286,2048,26.430511474609375,100.0,43.346038818359375,44.627288818359375,123c0a375a9ad9711b05672b58e8da8b638ea4adbe205954ac6b50289574cacd,38c3963cc0fc887992bbf4eaa39f76df944b5121a6266e159a1e573a90510857,a662a8a157179dc46657ffe2952173529078633d4d9b5db80d22eba718620a66
0,262144,2048,1,1,24751,1767,9.441757202148438,86.279296875,15.484481811523438,16.589935302734375,123c0a375a9ad9711b05672b58e8da8b638ea4adbe205954ac6b50289574cacd,601ec3c922c7c5103b900ce89856abcd4fed76836f0f45f142532f492fc0136c,6b525ed4a097552dd4c5077111112768b0b0a624473f59f59d3535a865d60393
1,262144,2048,1,1,56630,2004,21.602630615234375,97.8515625,35.428314208984375,36.682037353515625,123c0a375a9ad9711b05672b58e8da8b638ea4adbe205954ac6b50289574cacd,601ec3c922c7c5103b900ce89856abcd4fed76836f0f45f142532f492fc0136c,6b525ed4a097552dd4c5077111112768b0b0a624473f59f59d3535a865d60393
2,262144,2048,1,1,69263,2048,26.421737670898438,100.0,43.33164978027344,44.61289978027344,123c0a375a9ad9711b05672b58e8da8b638ea4adbe205954ac6b50289574cacd,601ec3c922c7c5103b900ce89856abcd4fed76836f0f45f142532f492fc0136c,6b525ed4a097552dd4c5077111112768b0b0a624473f59f59d3535a865d60393
0,262144,2048,1,2,24544,1769,9.36279296875,86.376953125,15.35498046875,16.461685180664062,123c0a375a9ad9711b05672b58e8da8b638ea4adbe205954ac6b50289574cacd,83ed74face5a8a25e64aa17f589c2a3e608ddfbe876e2321168749ab3fa6f31b,90cff3d852cd430fed74c86848090265c7c4c8c04f58dc32bd3a0fb1c81d3e72
1,262144,2048,1,2,56618,2010,21.598052978515625,98.14453125,35.420806884765625,36.67828369140625,123c0a375a9ad9711b05672b58e8da8b638ea4adbe205954ac6b50289574cacd,83ed74face5a8a25e64aa17f589c2a3e608ddfbe876e2321168749ab3fa6f31b,90cff3d852cd430fed74c86848090265c7c4c8c04f58dc32bd3a0fb1c81d3e72
2,262144,2048,1,2,69245,2048,26.414871215820312,100.0,43.32038879394531,44.60163879394531,123c0a375a9ad9711b05672b58e8da8b638ea4adbe205954ac6b50289574cacd,83ed74face5a8a25e64aa17f589c2a3e608ddfbe876e2321168749ab3fa6f31b,90cff3d852cd430fed74c86848090265c7c4c8c04f58dc32bd3a0fb1c81d3e72
0,262144,4096,1,0,31480,3427,12.0086669921875,83.6669921875,19.6942138671875,21.838180541992188,123c0a375a9ad9711b05672b58e8da8b638ea4adbe205954ac6b50289574cacd,3fcce29a2d9f9d7d84029dd54fa6650b2f30d13c358d3dea399a663eb39516d0,9548366f1292dbe1143f184bb19d1acd29e8423e353605e7a012e7d687c7f665
1,262144,4096,1,0,65695,4054,25.060653686523438,98.974609375,41.09947204589844,43.63569641113281,123c0a375a9ad9711b05672b58e8da8b638ea4adbe205954ac6b50289574cacd,3fcce29a2d9f9d7d84029dd54fa6650b2f30d13c358d3dea399a663eb39516d0,9548366f1292dbe1143f184bb19d1acd29e8423e353605e7a012e7d687c7f665
2,262144,4096,1,0,87360,4096,33.3251953125,100.0,54.6533203125,57.2158203125,123c0a375a9ad9711b05672b58e8da8b638ea4adbe205954ac6b50289574cacd,3fcce29a2d9f9d7d84029dd54fa6650b2f30d13c358d3dea399a663eb39516d0,9548366f1292dbe1143f184bb19d1acd29e8423e353605e7a012e7d687c7f665
0,262144,4096,1,1,31330,3422,11.951446533203125,83.544921875,19.600372314453125,21.7412109375,123c0a375a9ad9711b05672b58e8da8b638ea4adbe205954ac6b50289574cacd,4edf467664706dcacb362e7013481149735feb4a347e3eb2667531100fad5ec2,9651d067aadd26089cd609fda0929a6f0f380e905789321d98af8ad50d7b119c
1,262144,4096,1,1,65685,4052,25.056838989257812,98.92578125,41.09321594238281,43.62818908691406,123c0a375a9ad9711b05672b58e8da8b638ea4adbe205954ac6b50289574cacd,4edf467664706dcacb362e7013481149735feb4a347e3eb2667531100fad5ec2,9651d067aadd26089cd609fda0929a6f0f380e905789321d98af8ad50d7b119c
2,262144,4096,1,1,87188,4096,33.25958251953125,100.0,54.54571533203125,57.10821533203125,123c0a375a9ad9711b05672b58e8da8b638ea4adbe205954ac6b50289574cacd,4edf467664706dcacb362e7013481149735feb4a347e3eb2667531100fad5ec2,9651d067aadd26089cd609fda0929a6f0f380e905789321d98af8ad50d7b119c
0,262144,4096,1,2,31587,3471,12.049484252929688,84.7412109375,19.761154174804688,21.932647705078125,123c0a375a9ad9711b05672b58e8da8b638ea4adbe205954ac6b50289574cacd,413009579c0b7c203e7f2adfb5572c4870956baf3213e64a67a0a023119061bb,428381a92ef4b8d47fc4400ca97348c2b0784bc0c09d7c769e727ee512de3452
1,262144,4096,1,2,65733,4058,25.075149536132812,99.072265625,41.12324523925781,43.66197204589844,123c0a375a9ad9711b05672b58e8da8b638ea4adbe205954ac6b50289574cacd,413009579c0b7c203e7f2adfb5572c4870956baf3213e64a67a0a023119061bb,428381a92ef4b8d47fc4400ca97348c2b0784bc0c09d7c769e727ee512de3452
2,262144,4096,1,2,87285,4096,33.29658508300781,100.0,54.60639953613281,57.16889953613281,123c0a375a9ad9711b05672b58e8da8b638ea4adbe205954ac6b50289574cacd,413009579c0b7c203e7f2adfb5572c4870956baf3213e64a67a0a023119061bb,428381a92ef4b8d47fc4400ca97348c2b0784bc0c09d7c769e727ee512de3452
0,262144,64,2,0,10901,60,4.1584014892578125,93.75,6.8197784423828125,6.8573150634765625,27cefec7f2949b3e6dbaae67dda908ab2c2449678730410dfb37f0c967ab15ac,8b1b30b50df2a630eb9dcd4ac0120f0fbb4226b3146c04546cc681cd9fbab507,1e3c7a273f69c59bf6e8c6183cfe55e45bef1a33c22247d61aa070647aec2599
1,262144,64,2,0,22292,52,8.50372314453125,81.25,13.94610595703125,13.9786376953125,27cefec7f2949b3e6dbaae67dda908ab2c2449678730410dfb37f0c967ab15ac,8b1b30b50df2a630eb9dcd4ac0120f0fbb4226b3146c04546cc681cd9fbab507,1e3c7a273f69c59bf6e8c6183cfe55e45bef1a33c22247d61aa070647aec2599
2,262144,64,2,0,13400,64,5.1116943359375,100.0,8.3831787109375,8.4232177734375,27cefec7f2949b3e6dbaae67dda908ab2c2449678730410dfb37f0c967ab15ac,8b1b30b50df2a630eb9dcd4ac0120f0fbb4226b3146c04546cc681cd9fbab507,1e3c7a273f69c59bf6e8c6183cfe55e45bef1a33c22247d61aa070647aec2599
0,262144,64,2,1,11031,60,4.2079925537109375,93.75,6.9011077880859375,6.9386444091796875,27cefec7f2949b3e6dbaae67dda908ab2c2449678730410dfb37f0c967ab15ac,44803f2d88d2542bc888ce18977434d05841408bb257f61123e8beee8938b2b9,154563d38b4d168026737d31d7e3abe6e03319f075806fb826190f1e3bcfe448
1,262144,64,2,1,22137,51,8.444595336914062,79.6875,13.849136352539062,13.88104248046875,27cefec7f2949b3e6dbaae67dda908ab2c2449678730410dfb37f0c967ab15ac,44803f2d88d2542bc888ce18977434d05841408bb257f61123e8beee8938b2b9,154563d38b4d168026737d31d7e3abe6e03319f075806fb826190f1e3bcfe448
2,262144,64,2,1,13249,64,5.0540924072265625,100.0,8.288711547851562,8.328750610351562,27cefec7f2949b3e6dbaae67dda908ab2c2449678730410dfb37f0c967ab15ac,44803f2d88d2542bc888ce18977434d05841408bb257f61123e8beee8938b2b9,154563d38b4d168026737d31d7e3abe6e03319f075806fb826190f1e3bcfe448
0,262144,64,2,2,10880,60,4.150390625,93.75,6.806640625,6.84417724609375,27cefec7f2949b3e6dbaae67dda908ab2c2449678730410dfb37f0c967ab15ac,e4e4cbe16c70b408c1c9d938d7114e63c198be88902cbf85e90741f7c841115c,092ffb0f9a0486f1b12b2532932ed544586c7592956d4ed9d5dd2e908fb3a584
1,262144,64,2,2,22323,52,8.515548706054688,81.25,13.965499877929688,13.998031616210938,27cefec7f2949b3e6dbaae67dda908ab2c2449678730410dfb37f0c967ab15ac,e4e4cbe16c70b408c1c9d938d7114e63c198be88902cbf85e90741f7c841115c,092ffb0f9a0486f1b12b2532932ed544586c7592956d4ed9d5dd2e908fb3a584
2,262144,64,2,2,13226,64,5.045318603515625,100.0,8.274322509765625,8.314361572265625,27cefec7f2949b3e6dbaae67dda908ab2c2449678730410dfb37f0c967ab15ac,e4e4cbe16c70b408c1c9d938d7114e63c198be88902cbf85e90741f7c841115c,092ffb0f9a0486f1b12b2532932ed544586c7592956d4ed9d5dd2e908fb3a584
0,262144,128,2,0,12987,124,4.9541473388671875,96.875,8.124801635742188,8.202377319335938,27cefec7f2949b3e6dbaae67dda908ab2c2449678730410dfb37f0c967ab15ac,b01c21d44004009bb29cda6c83288d0294605b1063e9205a095d7e58c476d5f3,b8598410aecb92d97958c5863bf346784acf494dd0287ff25f112482acf47e4b
1,262144,128,2,0,28026,105,10.691070556640625,82.03125,17.533355712890625,17.599044799804688,27cefec7f2949b3e6dbaae67dda908ab2c2449678730410dfb37f0c967ab15ac,b01c21d44004009bb29cda6c83288d0294605b1063e9205a095d7e58c476d5f3,b8598410aecb92d97958c5863bf346784acf494dd0287ff25f112482acf47e4b
2,262144,128,2,0,18656,128,7.11669921875,100.0,11.67138671875,11.75146484375,27cefec7f2949b3e6dbaae67dda908ab2c2449678730410dfb37f0c967ab15ac,b01c21d44004009bb29cda6c83288d0294605b1063e9205a095d7e58c476d5f3,b8598410aecb92d97958c5863bf346784acf494dd0287ff25f112482acf47e4b
0,262144,128,2,1,12899,124,4.9205780029296875,96.875,8.069747924804688,8.147323608398438,27cefec7f2949b3e6dbaae67dda908ab2c2449678730410dfb37f0c967ab15ac,d306c7272834b2d1357f8a590b91e41948f3b7fd3b4f30e427e9beb4218175a9,a22801d2c9d558fe868c07c9dcbc32a5e6eedcc024a0f165d1ed781f79aabfa4
1,262144,128,2,1,28034,102,10.694122314453125,79.6875,17.538360595703125,17.6021728515625,27cefec7f2949b3e6dbaae67dda908ab2c2449678730410dfb37f0c967ab15ac,d306c7272834b2d1357f8a590b91e41948f3b7fd3b4f30e427e9beb4218175a9,a22801d2c9d558fe868c07c9dcbc32a5e6eedcc024a0f165d1ed781f79aabfa4
2,262144,128,2,1,18628,128,7.10601806640625,100.0,11.65386962890625,11.73394775390625,27cefec7f2949b3e6dbaae67dda908ab2c2449678730410dfb37f0c967ab15ac,d306c7272834b2d1357f8a590b91e41948f3b7fd3b4f30e427e9beb4218175a9,a22801d2c9d558fe868c07c9dcbc32a5e6eedcc024a0f165d1ed781f79aabfa4
0,262144,128,2,2,12695,124,4.8427581787109375,96.875,7.9421234130859375,8.019699096679688,27cefec7f2949b3e6dbaae67dda908ab2c2449678730410dfb37f0c967ab15ac,7ad1543f39c5560980bdca0cbf9b6c268302bbc463a4612fdf79b99dc8db5609,d6714daedd912fc122e82f4a1c52fd8671b97435c90e9a4a5524bf2563f40117
1,262144,128,2,2,28098,103,10.718536376953125,80.46875,17.578399658203125,17.642837524414062,27cefec7f2949b3e6dbaae67dda908ab2c2449678730410dfb37f0c967ab15ac,7ad1543f39c5560980bdca0cbf9b6c268302bbc463a4612fdf79b99dc8db5609,d6714daedd912fc122e82f4a1c52fd8671b97435c90e9a4a5524bf2563f40117
2,262144,128,2,2,18593,128,7.0926666259765625,100.0,11.631973266601562,11.712051391601562,27cefec7f2949b3e6dbaae67dda908ab2c2449678730410dfb37f0c967ab15ac,7ad1543f39c5560980bdca0cbf9b6c268302bbc463a4612fdf79b99dc8db5609,d6714daedd912fc122e82f4a1c52fd8671b97435c90e9a4a5524bf2563f40117
0,262144,256,2,0,15010,245,5.725860595703125,95.703125,9.390411376953125,9.543685913085938,27cefec7f2949b3e6dbaae67dda908ab2c2449678730410dfb37f0c967ab15ac,f8caff9e9a4fd44040f19aa6a25fc48ec327fe7a5a842a48eef69dbbc25bfbcb,3d01d4fc58744f13c6521d1ae12974d39955e4fd5cc8d205f063db75c6421095
1,262144,256,2,0,34768,221,13.262939453125,86.328125,21.751220703125,21.889480590820312,27cefec7f2949b3e6dbaae67dda908ab2c2449678730410dfb37f0c967ab15ac,f8caff9e9a4fd44040f19aa6a25fc48ec327fe7a5a842a48eef69dbbc25bfbcb,3d01d4fc58744f13c6521d1ae12974d39955e4fd5cc8d205f063db75c6421095
2,262144,256,2,0,26597,256,10.145950317382812,100.0,16.639358520507812,16.799514770507812,27cefec7f2949b3e6dbaae67dda908ab2c2449678730410dfb37f0c967ab15ac,f8caff9e9a4fd44040f19aa6a25fc48ec327fe7a5a842a48eef69dbbc25bfbcb,3d01d4fc58744f13c6521d1ae12974d39955e4fd5cc8d205f063db75c6421095
0,262144,256,2,1,15000,244,5.7220458984375,95.3125,9.3841552734375,9.53680419921875,27cefec7f2949b3e6dbaae67dda908ab2c2449678730410dfb37f0c967ab15ac,df58c57df4b684f1741f5a99beb576ad0e1b86556b4ff553664bb2dc644f5761,6b47206446eda22c2b3a854fa0a3c348281d14b480446b32b64db259206d77f0
1,262144,256,2,1,34762,216,13.260650634765625,84.375,21.747467041015625,21.882598876953125,27cefec7f2949b3e6dbaae67dda908ab2c2449678730410dfb37f0c967ab15ac,df58c57df4b684f1741f5a99beb576ad0e1b86556b4ff553664bb2dc644f5761,6b47206446eda22c2b3a854fa0a3c348281d14b480446b32b64db259206d77f0
2,262144,256,2,1,26473,256,10.098648071289062,100.0,16.561782836914062,16.721939086914062,27cefec7f2949b3e6dbaae67dda908ab2c2449678730410dfb37f0c967ab15ac,df58c57df4b684f1741f5a99beb576ad0e1b86556b4ff553664bb2dc644f5761,6b47206446eda22c2b3a854fa0a3c348281d14b480446b32b64db259206d77f0
0,262144,256,2,2,14901,244,5.6842803955078125,95.3125,9.322219848632812,9.474868774414062,27cefec7f2949b3e6dbaae67dda908ab2c2449678730410dfb37f0c967ab15ac,6ddc7f1a61898ebe2fe24fe28fc4a7220a8ca0c22998948f662d46f38732c0d1,e536c34bfb9ac1f4d23f6496aa2d4930f6a577522b88f8c015e8dd736d4e6ebe
1,262144,256,2,2,34880,217,13.3056640625,84.765625,21.8212890625,21.957046508789062,27cefec7f2949b3e6dbaae67dda908ab2c2449678730410dfb37f0c967ab15ac,6ddc7f1a61898ebe2fe24fe28fc4a7220a8ca0c22998948f662d46f38732c0d1,e536c34bfb9ac1f4d23f6496aa2d4930f6a577522b88f8c015e8dd736d4e6ebe
2,262144,256,2,2,26548,256,10.12725830078125,100.0,16.60870361328125,16.76885986328125,27cefec7f2949b3e6dbaae67dda908ab2c2449678730410dfb37f0c967ab15ac,6ddc7f1a61898ebe2fe24fe28fc4a7220a8ca0c22998948f662d46f38732c0d1,e536c34bfb9ac1f4d23f6496aa2d4930f6a577522b88f8c015e8dd736d4e6ebe
0,262144,512,2,0,17426,473,6.647491455078125,92.3828125,10.901885986328125,11.197799682617188,27cefec7f2949b3e6dbaae67dda908ab2c2449678730410dfb37f0c967ab15ac,013feea748f8ae41b04cf0bf98307210e6566be9a69bd4e8d17da0dfe805a1fd,67f23d45491263d8b6a1b3c7a0f80a64c276863305ee08c3ad40d1bb237dc04e
1,262144,512,2,0,41482,476,15.824127197265625,92.96875,25.951568603515625,26.249359130859375,27cefec7f2949b3e6dbaae67dda908ab2c2449678730410dfb37f0c967ab15ac,013feea748f8ae41b04cf0bf98307210e6566be9a69bd4e8d17da0dfe805a1fd,67f23d45491263d8b6a1b3c7a0f80a64c276863305ee08c3ad40d1bb237dc04e
2,262144,512,2,0,37405,512,14.268875122070312,100.0,23.400955200195312,23.721267700195312,27cefec7f2949b3e6dbaae67dda908ab2c2449678730410dfb37f0c967ab15ac,013feea748f8ae41b04cf0bf98307210e6566be9a69bd4e8d17da0dfe805a1fd,67f23d45491263d8b6a1b3c7a0f80a64c276863305ee08c3ad40d1bb237dc04e
0,262144,512,2,1,17287,466,6.5944671630859375,91.015625,10.814926147460938,11.106460571289062,27cefec7f2949b3e6dbaae67dda908ab2c2449678730410dfb37f0c967ab15ac,640b772a61dd987adceda5099ef648e8ccc2ab91ba30d9d089590174834a66aa,cedf09f0ca541e52a6af7e02c810cee6c4ac55f0342f3c9cc9945837eb117601
1,262144,512,2,1,41483,471,15.824508666992188,91.9921875,25.952194213867188,26.246856689453125,27cefec7f2949b3e6dbaae67dda908ab2c2449678730410dfb37f0c967ab15ac,640b772a61dd987adceda5099ef648e8ccc2ab91ba30d9d089590174834a66aa,cedf09f0ca541e52a6af7e02c810cee6c4ac55f0342f3c9cc9945837eb117601
2,262144,512,2,1,37396,512,14.26544189453125,100.0,23.39532470703125,23.71563720703125,27cefec7f2949b3e6dbaae67dda908ab2c2449678730410dfb37f0c967ab15ac,640b772a61dd987adceda5099ef648e8ccc2ab91ba30d9d089590174834a66aa,cedf09f0ca541e52a6af7e02c810cee6c4ac55f0342f3c9cc9945837eb117601
0,262144,512,2,2,17300,471,6.59942626953125,91.9921875,10.82305908203125,11.117721557617188,27cefec7f2949b3e6dbaae67dda908ab2c2449678730410dfb37f0c967ab15ac,c855cdb4ee88f893dee2cd7172325549ea24ae63bc0d3b9e74448291b81e960f,462f6aacb6196631be8f5c41273bbc6a2e1e6bf7aea4f3ec76e47602f56a14c2
1,262144,512,2,2,41550,474,15.850067138671875,92.578125,25.994110107421875,26.2906494140625,27cefec7f2949b3e6dbaae67dda908ab2c2449678730410dfb37f0c967ab15ac,c855cdb4ee88f893dee2cd7172325549ea24ae63bc0d3b9e74448291b81e960f,462f6aacb6196631be8f5c41273bbc6a2e1e6bf7aea4f3ec76e47602f56a14c2
2,262144,512,2,2,37366,512,14.253997802734375,100.0,23.376556396484375,23.696868896484375,27cefec7f2949b3e6dbaae67dda908ab2c2449678730410dfb37f0c967ab15ac,c855cdb4ee88f893dee2cd7172325549ea24ae63bc0d3b9e74448291b81e960f,462f6aacb6196631be8f5c41273bbc6a2e1e6bf7aea4f3ec76e47602f56a14c2
0,262144,1024,2,0,20279,899,7.7358245849609375,87.79296875,12.686752319335938,13.249176025390625,27cefec7f2949b3e6dbaae67dda908ab2c2449678730410dfb37f0c967ab15ac,4d1a372119f5b737c613bc8291f818936d3f0935921b949db3f43b0836a4dbfb,30c9c5631bcc0454afa492c499a84be297162ff298d4b937b8d5166230a7e6da
1,262144,1024,2,0,48332,988,18.43719482421875,96.484375,30.23699951171875,30.8551025390625,27cefec7f2949b3e6dbaae67dda908ab2c2449678730410dfb37f0c967ab15ac,4d1a372119f5b737c613bc8291f818936d3f0935921b949db3f43b0836a4dbfb,30c9c5631bcc0454afa492c499a84be297162ff298d4b937b8d5166230a7e6da
2,262144,1024,2,0,51459,1024,19.630050659179688,100.0,32.19328308105469,32.83390808105469,27cefec7f2949b3e6dbaae67dda908ab2c2449678730410dfb37f0c967ab15ac,4d1a372119f5b737c613bc8291f818936d3f0935921b949db3f43b0836a4dbfb,30c9c5631bcc0454afa492c499a84be297162ff298d4b937b8d5166230a7e6da
0,262144,1024,2,1,20310,898,7.747650146484375,87.6953125,12.706146240234375,13.2679443359375,27cefec7f2949b3e6dbaae67dda908ab2c2449678730410dfb37f0c967ab15ac,5c9ee1e3d72cc73ee53cc8e22f5c38034bb6e2afcb002504b4902a7205a3b577,f06a31817d95952adcf459c8bb39305821392842464956e1a7e6eb444c8d8d1c
1,262144,1024,2,1,48330,981,18.436431884765625,95.80078125,30.235748291015625,30.849472045898438,27cefec7f2949b3e6dbaae67dda908ab2c2449678730410dfb37f0c967ab15ac,5c9ee1e3d72cc73ee53cc8e22f5c38034bb6e2afcb002504b4902a7205a3b577,f06a31817d95952adcf459c8bb39305821392842464956e1a7e6eb444c8d8d1c
2,262144,1024,2,1,51450,1024,19.626617431640625,100.0,32.187652587890625,32.828277587890625,27cefec7f2949b3e6dbaae67dda908ab2c2449678730410dfb37f0c967ab15ac,5c9ee1e3d72cc73ee53cc8e22f5c38034bb6e2afcb002504b4902a7205a3b577,f06a31817d95952adcf459c8bb39305821392842464956e1a7e6eb444c8d8d1c
0,262144,1024,2,2,20241,911,7.7213287353515625,88.96484375,12.662979125976562,13.23291015625,27cefec7f2949b3e6dbaae67dda908ab2c2449678730410dfb37f0c967ab15ac,80e649054065540274a45f7696df9c2444ccc81ba921f0a82c252733cf9c7da4,faebfe7684b984bf30feac2d4156b13c5ad1407e27ba4fab53c4682bf41acf6c
1,262144,1024,2,2,48426,983,18.473052978515625,95.99609375,30.295806884765625,30.910781860351562,27cefec7f2949b3e6dbaae67dda908ab2c2449678730410dfb37f0c967ab15ac,80e649054065540274a45f7696df9c2444ccc81ba921f0a82c252733cf9c7da4,faebfe7684b984bf30feac2d4156b13c5ad1407e27ba4fab53c4682bf41acf6c
2,262144,1024,2,2,51351,1024,19.588851928710938,100.0,32.12571716308594,32.76634216308594,27cefec7f2949b3e6dbaae67dda908ab2c2449678730410dfb37f0c967ab15ac,80e649054065540274a45f7696df9c2444ccc81ba921f0a82c252733cf9c7da4,faebfe7684b984bf30feac2d4156b13c5ad1407e27ba4fab53c4682bf41acf6c
0,262144,2048,2,0,24543,1768,9.362411499023438,86.328125,15.354354858398438,16.460433959960938,27cefec7f2949b3e6dbaae67dda908ab2c2449678730410dfb37f0c967ab15ac,38c3963cc0fc887992bbf4eaa39f76df944b5121a6266e159a1e573a90510857,c3508cc9b7fc411d73161f14b5ff8ed66df853ef72137c9c2cc514bc1fd59d30
1,262144,2048,2,0,56462,2007,21.538543701171875,97.998046875,35.323211669921875,36.57881164550781,27cefec7f2949b3e6dbaae67dda908ab2c2449678730410dfb37f0c967ab15ac,38c3963cc0fc887992bbf4eaa39f76df944b5121a6266e159a1e573a90510857,c3508cc9b7fc411d73161f14b5ff8ed66df853ef72137c9c2cc514bc1fd59d30
2,262144,2048,2,0,69183,2048,26.391220092773438,100.0,43.28160095214844,44.56285095214844,27cefec7f2949b3e6dbaae67dda908ab2c2449678730410dfb37f0c967ab15ac,38c3963cc0fc887992bbf4eaa39f76df944b5121a6266e159a1e573a90510857,c3508cc9b7fc411d73161f14b5ff8ed66df853ef72137c9c2cc514bc1fd59d30
0,262144,2048,2,1,24714,1768,9.427642822265625,86.328125,15.461334228515625,16.567413330078125,27cefec7f2949b3e6dbaae67dda908ab2c2449678730410dfb37f0c967ab15ac,601ec3c922c7c5103b900ce89856abcd4fed76836f0f45f142532f492fc0136c,397404d0cf028e080e3e859279c50898e8d5a6ad8056ea6531b6c084c930c6e7
1,262144,2048,2,1,56501,2003,21.553421020507812,97.802734375,35.34761047363281,36.6007080078125,27cefec7f2949b3e6dbaae67dda908ab2c2449678730410dfb37f0c967ab15ac,601ec3c922c7c5103b900ce89856abcd4fed76836f0f45f142532f492fc0136c,397404d0cf028e080e3e859279c50898e8d5a6ad8056ea6531b6c084c930c6e7
2,262144,2048,2,1,69253,2048,26.417922973632812,100.0,43.32539367675781,44.60664367675781,27cefec7f2949b3e6dbaae67dda908ab2c2449678730410dfb37f0c967ab15ac,601ec3c922c7c5103b900ce89856abcd4fed76836f0f45f142532f492fc0136c,397404d0cf028e080e3e859279c50898e8d5a6ad8056ea6531b6c084c930c6e7
0,262144,2048,2,2,24512,1771,9.3505859375,86.474609375,15.3349609375,16.442916870117188,27cefec7f2949b3e6dbaae67dda908ab2c2449678730410dfb37f0c967ab15ac,83ed74face5a8a25e64aa17f589c2a3e608ddfbe876e2321168749ab3fa6f31b,39a6f09ac0186891cf20fca786f28344deceba35f47a4a67bd7cfc8d94092bc0
1,262144,2048,2,2,56431,2007,21.526718139648438,97.998046875,35.30381774902344,36.559417724609375,27cefec7f2949b3e6dbaae67dda908ab2c2449678730410dfb37f0c967ab15ac,83ed74face5a8a25e64aa17f589c2a3e608ddfbe876e2321168749ab3fa6f31b,39a6f09ac0186891cf20fca786f28344deceba35f47a4a67bd7cfc8d94092bc0
2,262144,2048,2,2,69140,2048,26.37481689453125,100.0,43.25469970703125,44.53594970703125,27cefec7f2949b3e6dbaae67dda908ab2c2449678730410dfb37f0c967ab15ac,83ed74face5a8a25e64aa17f589c2a3e608ddfbe876e2321168749ab3fa6f31b,39a6f09ac0186891cf20fca786f28344deceba35f47a4a67bd7cfc8d94092bc0
0,262144,4096,2,0,31371,3456,11.967086791992188,84.375,19.626022338867188,21.788131713867188,27cefec7f2949b3e6dbaae67dda908ab2c2449678730410dfb37f0c967ab15ac,3fcce29a2d9f9d7d84029dd54fa6650b2f30d13c358d3dea399a663eb39516d0,6946d34aa048f0f5d1e10723e31ccce787d9ad4243349da6007495130c0a75fa
1,262144,4096,2,0,65633,4054,25.037002563476562,98.974609375,41.06068420410156,43.59690856933594,27cefec7f2949b3e6dbaae67dda908ab2c2449678730410dfb37f0c967ab15ac,3fcce29a2d9f9d7d84029dd54fa6650b2f30d13c358d3dea399a663eb39516d0,6946d34aa048f0f5d1e10723e31ccce787d9ad4243349da6007495130c0a75fa
2,262144,4096,2,0,87226,4096,33.274078369140625,100.0,54.569488525390625,57.131988525390625,27cefec7f2949b3e6dbaae67dda908ab2c2449678730410dfb37f0c967ab15ac,3fcce29a2d9f9d7d84029dd54fa6650b2f30d13c358d3dea399a663eb39516d0,6946d34aa048f0f5d1e10723e31ccce787d9ad4243349da6007495130c0a75fa
0,262144,4096,2,1,31419,3448,11.985397338867188,84.1796875,19.656051635742188,21.813156127929688,27cefec7f2949b3e6dbaae67dda908ab2c2449678730410dfb37f0c967ab15ac,4edf467664706dcacb362e7013481149735feb4a347e3eb2667531100fad5ec2,702c2c40cdf79504807000cfb9644c659f0ac6a4210da46e575fcf21c5266c94
1,262144,4096,2,1,65618,4046,25.031280517578125,98.779296875,41.051300048828125,43.58251953125,27cefec7f2949b3e6dbaae67dda908ab2c2449678730410dfb37f0c967ab15ac,4edf467664706dcacb362e7013481149735feb4a347e3eb2667531100fad5ec2,702c2c40cdf79504807000cfb9644c659f0ac6a4210da46e575fcf21c5266c94
2,262144,4096,2,1,87247,4096,33.28208923339844,100.0,54.58262634277344,57.14512634277344,27cefec7f2949b3e6dbaae67dda908ab2c2449678730410dfb37f0c967ab15ac,4edf467664706dcacb362e7013481149735feb4a347e3eb2667531100fad5ec2,702c2c40cdf79504807000cfb9644c659f0ac6a4210da46e575fcf21c5266c94
0,262144,4096,2,2,31584,3498,12.04833984375,85.400390625,19.75927734375,21.947662353515625,27cefec7f2949b3e6dbaae67dda908ab2c2449678730410dfb37f0c967ab15ac,413009579c0b7c203e7f2adfb5572c4870956baf3213e64a67a0a023119061bb,ad428fc7fd1d7551421c35089331a5cb6719c98ff72865141a9b907b2c3ed0fa
1,262144,4096,2,2,65622,4049,25.032806396484375,98.8525390625,41.053802490234375,43.58689880371094,27cefec7f2949b3e6dbaae67dda908ab2c2449678730410dfb37f0c967ab15ac,413009579c0b7c203e7f2adfb5572c4870956baf3213e64a67a0a023119061bb,ad428fc7fd1d7551421c35089331a5cb6719c98ff72865141a9b907b2c3ed0fa
2,262144,4096,2,2,87176,4096,33.2550048828125,100.0,54.5382080078125,57.1007080078125,27cefec7f2949b3e6dbaae67dda908ab2c2449678730410dfb37f0c967ab15ac,413009579c0b7c203e7f2adfb5572c4870956baf3213e64a67a0a023119061bb,ad428fc7fd1d7551421c35089331a5cb6719c98ff72865141a9b907b2c3ed0fa
0,1048576,64,0,0,15573,58,1.4851570129394531,90.625,9.742630004882812,9.778915405273438,ccdcb05508fbd96dfbd98709d0ba53892e3605fd208c4dd7fdedd8d747725972,8b1b30b50df2a630eb9dcd4ac0120f0fbb4226b3146c04546cc681cd9fbab507,bd0052653e6848cc57bc8c8f7bbf203ae75236176e2b3a23afbe71292e2cf4c2
1,1048576,64,0,0,28580,2,2.7256011962890625,3.125,17.87994384765625,17.881195068359375,ccdcb05508fbd96dfbd98709d0ba53892e3605fd208c4dd7fdedd8d747725972,8b1b30b50df2a630eb9dcd4ac0120f0fbb4226b3146c04546cc681cd9fbab507,bd0052653e6848cc57bc8c8f7bbf203ae75236176e2b3a23afbe71292e2cf4c2
2,1048576,64,0,0,22437,64,2.139759063720703,100.0,14.036819458007812,14.076858520507812,ccdcb05508fbd96dfbd98709d0ba53892e3605fd208c4dd7fdedd8d747725972,8b1b30b50df2a630eb9dcd4ac0120f0fbb4226b3146c04546cc681cd9fbab507,bd0052653e6848cc57bc8c8f7bbf203ae75236176e2b3a23afbe71292e2cf4c2
0,1048576,64,0,1,15995,57,1.5254020690917969,89.0625,10.006637573242188,10.04229736328125,ccdcb05508fbd96dfbd98709d0ba53892e3605fd208c4dd7fdedd8d747725972,44803f2d88d2542bc888ce18977434d05841408bb257f61123e8beee8938b2b9,3ae5b31c6c9bd14be5c9786c4dfab3d1a030f54430a3ec85993bc663e90f6c5a
1,1048576,64,0,1,28169,2,2.6864051818847656,3.125,17.622817993164062,17.624069213867188,ccdcb05508fbd96dfbd98709d0ba53892e3605fd208c4dd7fdedd8d747725972,44803f2d88d2542bc888ce18977434d05841408bb257f61123e8beee8938b2b9,3ae5b31c6c9bd14be5c9786c4dfab3d1a030f54430a3ec85993bc663e90f6c5a
2,1048576,64,0,1,22003,64,2.098369598388672,100.0,13.765304565429688,13.805343627929688,ccdcb05508fbd96dfbd98709d0ba53892e3605fd208c4dd7fdedd8d747725972,44803f2d88d2542bc888ce18977434d05841408bb257f61123e8beee8938b2b9,3ae5b31c6c9bd14be5c9786c4dfab3d1a030f54430a3ec85993bc663e90f6c5a
0,1048576,64,0,2,15837,58,1.5103340148925781,90.625,9.907791137695312,9.944076538085938,ccdcb05508fbd96dfbd98709d0ba53892e3605fd208c4dd7fdedd8d747725972,e4e4cbe16c70b408c1c9d938d7114e63c198be88902cbf85e90741f7c841115c,c47503a32b887a426ee6e26164da2a8f9fc87fd1140acf6b5c8046a75b6cda77
1,1048576,64,0,2,28636,1,2.7309417724609375,1.5625,17.91497802734375,17.915603637695312,ccdcb05508fbd96dfbd98709d0ba53892e3605fd208c4dd7fdedd8d747725972,e4e4cbe16c70b408c1c9d938d7114e63c198be88902cbf85e90741f7c841115c,c47503a32b887a426ee6e26164da2a8f9fc87fd1140acf6b5c8046a75b6cda77
2,1048576,64,0,2,22097,64,2.1073341369628906,100.0,13.824111938476562,13.864151000976562,ccdcb05508fbd96dfbd98709d0ba53892e3605fd208c4dd7fdedd8d747725972,e4e4cbe16c70b408c1c9d938d7114e63c198be88902cbf85e90741f7c841115c,c47503a32b887a426ee6e26164da2a8f9fc87fd1140acf6b5c8046a75b6cda77
0,1048576,128,0,0,20970,116,1.9998550415039062,90.625,13.119049072265625,13.191619873046875,ccdcb05508fbd96dfbd98709d0ba53892e3605fd208c4dd7fdedd8d747725972,b01c21d44004009bb29cda6c83288d0294605b1063e9205a095d7e58c476d5f3,55e37d6c582234a9a7ee0cf150e5252aa89f57b74ef5d4a3d22b643d54a194d0
1,1048576,128,0,0,41784,3,3.984832763671875,2.34375,26.1405029296875,26.142379760742188,ccdcb05508fbd96dfbd98709d0ba53892e3605fd208c4dd7fdedd8d747725972,b01c21d44004009bb29cda6c83288d0294605b1063e9205a095d7e58c476d5f3,55e37d6c582234a9a7ee0cf150e5252aa89f57b74ef5d4a3d22b643d54a194d0
2,1048576,128,0,0,35778,128,3.4120559692382812,100.0,22.383087158203125,22.463165283203125,ccdcb05508fbd96dfbd98709d0ba53892e3605fd208c4dd7fdedd8d747725972,b01c21d44004009bb29cda6c83288d0294605b1063e9205a095d7e58c476d5f3,55e37d6c582234a9a7ee0cf150e5252aa89f57b74ef5d4a3d22b643d54a194d0
0,1048576,128,0,1,21375,114,2.0384788513183594,89.0625,13.372421264648438,13.443740844726562,ccdcb05508fbd96dfbd98709d0ba53892e3605fd208c4dd7fdedd8d747725972,d306c7272834b2d1357f8a590b91e41948f3b7fd3b4f30e427e9beb4218175a9,455bf975842902a4ddea37abe6651f16180fffd853322fe81dbe18c6f1c4cff4
1,1048576,128,0,1,41978,3,4.003334045410156,2.34375,26.261871337890625,26.263748168945312,ccdcb05508fbd96dfbd98709d0ba53892e3605fd208c4dd7fdedd8d747725972,d306c7272834b2d1357f8a590b91e41948f3b7fd3b4f30e427e9beb4218175a9,455bf975842902a4ddea37abe6651f16180fffd853322fe81dbe18c6f1c4cff4
2,1048576,128,0,1,35812,128,3.4152984619140625,100.0,22.40435791015625,22.48443603515625,ccdcb05508fbd96dfbd98709d0ba53892e3605fd208c4dd7fdedd8d747725972,d306c7272834b2d1357f8a590b91e41948f3b7fd3b4f30e427e9beb4218175a9,455bf975842902a4ddea37abe6651f16180fffd853322fe81dbe18c6f1c4cff4
0,1048576,128,0,2,21385,115,2.0394325256347656,89.84375,13.378677368164062,13.45062255859375,ccdcb05508fbd96dfbd98709d0ba53892e3605fd208c4dd7fdedd8d747725972,7ad1543f39c5560980bdca0cbf9b6c268302bbc463a4612fdf79b99dc8db5609,6c32f1524e746d3d0b1887cade3284dda0fbb866b050269fadb8f4e0a03c6ea3
1,1048576,128,0,2,41832,4,3.989410400390625,3.125,26.1705322265625,26.17303466796875,ccdcb05508fbd96dfbd98709d0ba53892e3605fd208c4dd7fdedd8d747725972,7ad1543f39c5560980bdca0cbf9b6c268302bbc463a4612fdf79b99dc8db5609,6c32f1524e746d3d0b1887cade3284dda0fbb866b050269fadb8f4e0a03c6ea3
2,1048576,128,0,2,35768,128,3.411102294921875,100.0,22.3768310546875,22.4569091796875,ccdcb05508fbd96dfbd98709d0ba53892e3605fd208c4dd7fdedd8d747725972,7ad1543f39c5560980bdca0cbf9b6c268302bbc463a4612fdf79b99dc8db5609,6c32f1524e746d3d0b1887cade3284dda0fbb866b050269fadb8f4e0a03c6ea3
0,1048576,256,0,0,28983,231,2.7640342712402344,90.234375,18.132064819335938,18.276580810546875,ccdcb05508fbd96dfbd98709d0ba53892e3605fd208c4dd7fdedd8d747725972,f8caff9e9a4fd44040f19aa6a25fc48ec327fe7a5a842a48eef69dbbc25bfbcb,ed7b3668356a05bcc48f1afdeaf7dc0cb5059b92c8442f3e6c956a4cbab5db47
1,1048576,256,0,0,60481,9,5.767917633056641,3.515625,37.83753967285156,37.843170166015625,ccdcb05508fbd96dfbd98709d0ba53892e3605fd208c4dd7fdedd8d747725972,f8caff9e9a4fd44040f19aa6a25fc48ec327fe7a5a842a48eef69dbbc25bfbcb,ed7b3668356a05bcc48f1afdeaf7dc0cb5059b92c8442f3e6c956a4cbab5db47
2,1048576,256,0,0,57963,256,5.527782440185547,100.0,36.26225280761719,36.42240905761719,ccdcb05508fbd96dfbd98709d0ba53892e3605fd208c4dd7fdedd8d747725972,f8caff9e9a4fd44040f19aa6a25fc48ec327fe7a5a842a48eef69dbbc25bfbcb,ed7b3668356a05bcc48f1afdeaf7dc0cb5059b92c8442f3e6c956a4cbab5db47
0,1048576,256,0,1,29105,230,2.7756690979003906,89.84375,18.208389282226562,18.352279663085938,ccdcb05508fbd96dfbd98709d0ba53892e3605fd208c4dd7fdedd8d747725972,df58c57df4b684f1741f5a99beb576ad0e1b86556b4ff553664bb2dc644f5761,36544ec694e14438517afcbf9e84e1e763e0f8d1f7c7ce211757f30ddc273c3e
1,1048576,256,0,1,61061,10,5.823230743408203,3.90625,38.20039367675781,38.20664978027344,ccdcb05508fbd96dfbd98709d0ba53892e3605fd208c4dd7fdedd8d747725972,df58c57df4b684f1741f5a99beb576ad0e1b86556b4ff553664bb2dc644f5761,36544ec694e14438517afcbf9e84e1e763e0f8d1f7c7ce211757f30ddc273c3e
2,1048576,256,0,1,58066,256,5.537605285644531,100.0,36.326690673828125,36.486846923828125,ccdcb05508fbd96dfbd98709d0ba53892e3605fd208c4dd7fdedd8d747725972,df58c57df4b684f1741f5a99beb576ad0e1b86556b4ff553664bb2dc644f5761,36544ec694e14438517afcbf9e84e1e763e0f8d1f7c7ce211757f30ddc273c3e
0,1048576,256,0,2,29339,234,2.797985076904297,91.40625,18.354782104492188,18.501174926757812,ccdcb05508fbd96dfbd98709d0ba53892e3605fd208c4dd7fdedd8d747725972,6ddc7f1a61898ebe2fe24fe28fc4a7220a8ca0c22998948f662d46f38732c0d1,def08d486b5a4a770d5a8e8bc9bd36b2f7feeec944be99ee3c5336088555a349
1,1048576,256,0,2,60073,8,5.729007720947266,3.125,37.58229064941406,37.58729553222656,ccdcb05508fbd96dfbd98709d0ba53892e3605fd208c4dd7fdedd8d747725972,6ddc7f1a61898ebe2fe24fe28fc4a7220a8ca0c22998948f662d46f38732c0d1,def08d486b5a4a770d5a8e8bc9bd36b2f7feeec944be99ee3c5336088555a349
2,1048576,256,0,2,58048,256,5.535888671875,100.0,36.3154296875,36.4755859375,ccdcb05508fbd96dfbd98709d0ba53892e3605fd208c4dd7fdedd8d747725972,6ddc7f1a61898ebe2fe24fe28fc4a7220a8ca0c22998948f662d46f38732c0d1,def08d486b5a4a770d5a8e8bc9bd36b2f7feeec944be99ee3c5336088555a349
0,1048576,512,0,0,38326,425,3.6550521850585938,83.0078125,23.977142333984375,24.243026733398438,ccdcb05508fbd96dfbd98709d0ba53892e3605fd208c4dd7fdedd8d747725972,013feea748f8ae41b04cf0bf98307210e6566be9a69bd4e8d17da0dfe805a1fd,da690688f3c8174311f8a14b8c4df44218b99602f5aea05358452fde674d0245
1,1048576,512,0,0,82989,44,7.914447784423828,8.59375,51.91877746582031,51.94630432128906,ccdcb05508fbd96dfbd98709d0ba53892e3605fd208c4dd7fdedd8d747725972,013feea748f8ae41b04cf0bf98307210e6566be9a69bd4e8d17da0dfe805a1fd,da690688f3c8174311f8a14b8c4df44218b99602f5aea05358452fde674d0245
2,1048576,512,0,0,93367,511,8.904170989990234,99.8046875,58.41136169433594,58.731048583984375,ccdcb05508fbd96dfbd98709d0ba53892e3605fd208c4dd7fdedd8d747725972,013feea748f8ae41b04cf0bf98307210e6566be9a69bd4e8d17da0dfe805a1fd,da690688f3c8174311f8a14b8c4df44218b99602f5aea05358452fde674d0245
0,1048576,512,0,1,38516,424,3.6731719970703125,82.8125,24.09600830078125,24.36126708984375,ccdcb05508fbd96dfbd98709d0ba53892e3605fd208c4dd7fdedd8d747725972,640b772a61dd987adceda5099ef648e8ccc2ab91ba30d9d089590174834a66aa,fa1911c3b5a934c3fc2d218d50267e1a634dfe4d7809273ca531802864650e2a
1,1048576,512,0,1,83146,46,7.929420471191406,8.984375,52.016998291015625,52.0457763671875,ccdcb05508fbd96dfbd98709d0ba53892e3605fd208c4dd7fdedd8d747725972,640b772a61dd987adceda5099ef648e8ccc2ab91ba30d9d089590174834a66aa,fa1911c3b5a934c3fc2d218d50267e1a634dfe4d7809273ca531802864650e2a
2,1048576,512,0,1,93671,512,8.933162689208984,100.0,58.60154724121094,58.92185974121094,ccdcb05508fbd96dfbd98709d0ba53892e3605fd208c4dd7fdedd8d747725972,640b772a61dd987adceda5099ef648e8ccc2ab91ba30d9d089590174834a66aa,fa1911c3b5a934c3fc2d218d50267e1a634dfe4d7809273ca531802864650e2a
0,1048576,512,0,2,38616,426,3.682708740234375,83.203125,24.1585693359375,24.425079345703125,ccdcb05508fbd96dfbd98709d0ba53892e3605fd208c4dd7fdedd8d747725972,c855cdb4ee88f893dee2cd7172325549ea24ae63bc0d3b9e74448291b81e960f,c4afedd15269bb64f785259ec6c6d9dffe06561314a3658796da007287b4e937
1,1048576,512,0,2,82486,45,7.866477966308594,8.7890625,51.604095458984375,51.63224792480469,ccdcb05508fbd96dfbd98709d0ba53892e3605fd208c4dd7fdedd8d747725972,c855cdb4ee88f893dee2cd7172325549ea24ae63bc0d3b9e74448291b81e960f,c4afedd15269bb64f785259ec6c6d9dffe06561314a3658796da007287b4e937
2,1048576,512,0,2,93525,512,8.919239044189453,100.0,58.51020812988281,58.83052062988281,ccdcb05508fbd96dfbd98709d0ba53892e3605fd208c4dd7fdedd8d747725972,c855cdb4ee88f893dee2cd7172325549ea24ae63bc0d3b9e74448291b81e960f,c4afedd15269bb64f785259ec6c6d9dffe06561314a3658796da007287b4e937
0,1048576,1024,0,0,52616,825,5.017852783203125,80.56640625,32.9171142578125,33.43324279785156,ccdcb05508fbd96dfbd98709d0ba53892e3605fd208c4dd7fdedd8d747725972,4d1a372119f5b737c613bc8291f818936d3f0935921b949db3f43b0836a4dbfb,d8c8007a0154b3c1313dd42f559d519ac1a82c9c6927198546cb8bbb37eef4e6
1,1048576,1024,0,0,109379,116,10.431194305419922,11.328125,68.42863464355469,68.50120544433594,ccdcb05508fbd96dfbd98709d0ba53892e3605fd208c4dd7fdedd8d747725972,4d1a372119f5b737c613bc8291f818936d3f0935921b949db3f43b0836a4dbfb,d8c8007a0154b3c1313dd42f559d519ac1a82c9c6927198546cb8bbb37eef4e6
2,1048576,1024,0,0,146696,1024,13.990020751953125,100.0,91.7745361328125,92.4151611328125,ccdcb05508fbd96dfbd98709d0ba53892e3605fd208c4dd7fdedd8d747725972,4d1a372119f5b737c613bc8291f818936d3f0935921b949db3f43b0836a4dbfb,d8c8007a0154b3c1313dd42f559d519ac1a82c9c6927198546cb8bbb37eef4e6
0,1048576,1024,0,1,52580,823,5.0144195556640625,80.37109375,32.89459228515625,33.40946960449219,ccdcb05508fbd96dfbd98709d0ba53892e3605fd208c4dd7fdedd8d747725972,5c9ee1e3d72cc73ee53cc8e22f5c38034bb6e2afcb002504b4902a7205a3b577,d9da7538826c275237fe51bbcf213e03e3f853bffc4978d67c7756500de7b213
1,1048576,1024,0,1,109683,116,10.460186004638672,11.328125,68.61882019042969,68.69139099121094,ccdcb05508fbd96dfbd98709d0ba53892e3605fd208c4dd7fdedd8d747725972,5c9ee1e3d72cc73ee53cc8e22f5c38034bb6e2afcb002504b4902a7205a3b577,d9da7538826c275237fe51bbcf213e03e3f853bffc4978d67c7756500de7b213
2,1048576,1024,0,1,146693,1024,13.989734649658203,100.0,91.77265930175781,92.41328430175781,ccdcb05508fbd96dfbd98709d0ba53892e3605fd208c4dd7fdedd8d747725972,5c9ee1e3d72cc73ee53cc8e22f5c38034bb6e2afcb002504b4902a7205a3b577,d9da7538826c275237fe51bbcf213e03e3f853bffc4978d67c7756500de7b213
0,1048576,1024,0,2,52836,825,5.0388336181640625,80.56640625,33.05474853515625,33.57087707519531,ccdcb05508fbd96dfbd98709d0ba53892e3605fd208c4dd7fdedd8d747725972,80e649054065540274a45f7696df9c2444ccc81ba921f0a82c252733cf9c7da4,61803586b1c665b9536a4deda98578e05fd36142d0670079092f330894c423b7
1,1048576,1024,0,2,109489,120,10.44168472290039,11.71875,68.49745178222656,68.57252502441406,ccdcb05508fbd96dfbd98709d0ba53892e3605fd208c4dd7fdedd8d747725972,80e649054065540274a45f7696df9c2444ccc81ba921f0a82c252733cf9c7da4,61803586b1c665b9536a4deda98578e05fd36142d0670079092f330894c423b7
2,1048576,1024,0,2,146715,1024,13.991832733154297,100.0,91.78642272949219,92.42704772949219,ccdcb05508fbd96dfbd98709d0ba53892e3605fd208c4dd7fdedd8d747725972,80e649054065540274a45f7696df9c2444ccc81ba921f0a82c252733cf9c7da4,61803586b1c665b9536a4deda98578e05fd36142d0670079092f330894c423b7
0,1048576,2048,0,0,72634,1560,6.926918029785156,76.171875,45.440582275390625,46.416534423828125,ccdcb05508fbd96dfbd98709d0ba53892e3605fd208c4dd7fdedd8d747725972,38c3963cc0fc887992bbf4eaa39f76df944b5121a6266e159a1e573a90510857,dfedb0d6f7d71dc377207470de3f0b3994e0f33dcc40803f2c760208bc80e9b7
1,1048576,2048,0,0,146744,253,13.994598388671875,12.353515625,91.8045654296875,91.96284484863281,ccdcb05508fbd96dfbd98709d0ba53892e3605fd208c4dd7fdedd8d747725972,38c3963cc0fc887992bbf4eaa39f76df944b5121a6266e159a1e573a90510857,dfedb0d6f7d71dc377207470de3f0b3994e0f33dcc40803f2c760208bc80e9b7
2,1048576,2048,0,0,229431,2047,21.880245208740234,99.951171875,143.53440856933594,144.81503295898438,ccdcb05508fbd96dfbd98709d0ba53892e3605fd208c4dd7fdedd8d747725972,38c3963cc0fc887992bbf4eaa39f76df944b5121a6266e159a1e573a90510857,dfedb0d6f7d71dc377207470de3f0b3994e0f33dcc40803f2c760208bc80e9b7
0,1048576,2048,0,1,72885,1550,6.950855255126953,75.68359375,45.59761047363281,46.56730651855469,ccdcb05508fbd96dfbd98709d0ba53892e3605fd208c4dd7fdedd8d747725972,601ec3c922c7c5103b900ce89856abcd4fed76836f0f45f142532f492fc0136c,f266ad5a2aa1953a0c2e11966dd5440c153ed13514e93f39f20440a488f35b58
1,1048576,2048,0,1,146869,256,14.006519317626953,12.5,91.88276672363281,92.04292297363281,ccdcb05508fbd96dfbd98709d0ba53892e3605fd208c4dd7fdedd8d747725972,601ec3c922c7c5103b900ce89856abcd4fed76836f0f45f142532f492fc0136c,f266ad5a2aa1953a0c2e11966dd5440c153ed13514e93f39f20440a488f35b58
2,1048576,2048,0,1,229310,2048,21.86870574951172,100.0,143.45870971679688,144.73995971679688,ccdcb05508fbd96dfbd98709d0ba53892e3605fd208c4dd7fdedd8d747725972,601ec3c922c7c5103b900ce89856abcd4fed76836f0f45f142532f492fc0136c,f266ad5a2aa1953a0c2e11966dd5440c153ed13514e93f39f20440a488f35b58
0,1048576,2048,0,2,72657,1558,6.929111480712891,76.07421875,45.45497131347656,46.42967224121094,ccdcb05508fbd96dfbd98709d0ba53892e3605fd208c4dd7fdedd8d747725972,83ed74face5a8a25e64aa17f589c2a3e608ddfbe876e2321168749ab3fa6f31b,29da1750f670757d8bf25321b9e8c3cb39945b79f4302d2cac3f6abc8ccc336d
1,1048576,2048,0,2,147016,248,14.020538330078125,12.109375,91.9747314453125,92.1298828125,ccdcb05508fbd96dfbd98709d0ba53892e3605fd208c4dd7fdedd8d747725972,83ed74face5a8a25e64aa17f589c2a3e608ddfbe876e2321168749ab3fa6f31b,29da1750f670757d8bf25321b9e8c3cb39945b79f4302d2cac3f6abc8ccc336d
2,1048576,2048,0,2,229346,2048,21.87213897705078,100.0,143.48123168945312,144.76248168945312,ccdcb05508fbd96dfbd98709d0ba53892e3605fd208c4dd7fdedd8d747725972,83ed74face5a8a25e64aa17f589c2a3e608ddfbe876e2321168749ab3fa6f31b,29da1750f670757d8bf25321b9e8c3cb39945b79f4302d2cac3f6abc8ccc336d
0,1048576,4096,0,0,98214,2943,9.366416931152344,71.8505859375,61.443695068359375,63.28486633300781,ccdcb05508fbd96dfbd98709d0ba53892e3605fd208c4dd7fdedd8d747725972,3fcce29a2d9f9d7d84029dd54fa6650b2f30d13c358d3dea399a663eb39516d0,6f9a301d095db2ae6ea75231f142e4de823ab936bb9e3150f0be4cc6fc6df375
1,1048576,4096,0,0,186794,534,17.814064025878906,13.037109375,116.86026000976562,117.1943359375,ccdcb05508fbd96dfbd98709d0ba53892e3605fd208c4dd7fdedd8d747725972,3fcce29a2d9f9d7d84029dd54fa6650b2f30d13c358d3dea399a663eb39516d0,6f9a301d095db2ae6ea75231f142e4de823ab936bb9e3150f0be4cc6fc6df375
2,1048576,4096,0,0,339757,4096,32.40175247192383,100.0,212.5554962158203,215.1179962158203,ccdcb05508fbd96dfbd98709d0ba53892e3605fd208c4dd7fdedd8d747725972,3fcce29a2d9f9d7d84029dd54fa6650b2f30d13c358d3dea399a663eb39516d0,6f9a301d095db2ae6ea75231f142e4de823ab936bb9e3150f0be4cc6fc6df375
0,1048576,4096,0,1,97576,2937,9.305572509765625,71.7041015625,61.0445556640625,62.88197326660156,ccdcb05508fbd96dfbd98709d0ba53892e3605fd208c4dd7fdedd8d747725972,4edf467664706dcacb362e7013481149735feb4a347e3eb2667531100fad5ec2,5f38084f6c57912955abf1653c4a6bf3b348ec04680bac57a5f789492dc5d7b6
1,1048576,4096,0,1,186703,539,17.80538558959961,13.1591796875,116.80332946777344,117.14053344726562,ccdcb05508fbd96dfbd98709d0ba53892e3605fd208c4dd7fdedd8d747725972,4edf467664706dcacb362e7013481149735feb4a347e3eb2667531100fad5ec2,5f38084f6c57912955abf1653c4a6bf3b348ec04680bac57a5f789492dc5d7b6
2,1048576,4096,0,1,339635,4096,32.39011764526367,100.0,212.4791717529297,215.0416717529297,ccdcb05508fbd96dfbd98709d0ba53892e3605fd208c4dd7fdedd8d747725972,4edf467664706dcacb362e7013481149735feb4a347e3eb2667531100fad5ec2,5f38084f6c57912955abf1653c4a6bf3b348ec04680bac57a5f789492dc5d7b6
0,1048576,4096,0,2,98513,2939,9.39493179321289,71.7529296875,61.63075256347656,63.46942138671875,ccdcb05508fbd96dfbd98709d0ba53892e3605fd208c4dd7fdedd8d747725972,413009579c0b7c203e7f2adfb5572c4870956baf3213e64a67a0a023119061bb,004eb2f474476e23efdcbcf06c0f5834216a6613c7a6b1156f08084059a71cda
1,1048576,4096,0,2,187172,537,17.850112915039062,13.1103515625,117.09674072265625,117.43269348144531,ccdcb05508fbd96dfbd98709d0ba53892e3605fd208c4dd7fdedd8d747725972,413009579c0b7c203e7f2adfb5572c4870956baf3213e64a67a0a023119061bb,004eb2f474476e23efdcbcf06c0f5834216a6613c7a6b1156f08084059a71cda
2,1048576,4096,0,2,339536,4096,32.38067626953125,100.0,212.417236328125,214.979736328125,ccdcb05508fbd96dfbd98709d0ba53892e3605fd208c4dd7fdedd8d747725972,413009579c0b7c203e7f2adfb5572c4870956baf3213e64a67a0a023119061bb,004eb2f474476e23efdcbcf06c0f5834216a6613c7a6b1156f08084059a71cda
0,1048576,64,1,0,15611,58,1.4887809753417969,90.625,9.766403198242188,9.802688598632812,eadb0564a8725a1d7973118b3053c08f684e8759756a96c10e574e244ab279e6,8b1b30b50df2a630eb9dcd4ac0120f0fbb4226b3146c04546cc681cd9fbab507,347b1b17a8c04cbca74e08cd672d582868f56d512f83c3a15bfa92632f8c4cb8
1,1048576,64,1,0,28506,2,2.7185440063476562,3.125,17.833648681640625,17.83489990234375,eadb0564a8725a1d7973118b3053c08f684e8759756a96c10e574e244ab279e6,8b1b30b50df2a630eb9dcd4ac0120f0fbb4226b3146c04546cc681cd9fbab507,347b1b17a8c04cbca74e08cd672d582868f56d512f83c3a15bfa92632f8c4cb8
2,1048576,64,1,0,22019,63,2.099895477294922,98.4375,13.775314331054688,13.814727783203125,eadb0564a8725a1d7973118b3053c08f684e8759756a96c10e574e244ab279e6,8b1b30b50df2a630eb9dcd4ac0120f0fbb4226b3146c04546cc681cd9fbab507,347b1b17a8c04cbca74e08cd672d582868f56d512f83c3a15bfa92632f8c4cb8
0,1048576,64,1,1,16037,57,1.5294075012207031,89.0625,10.032913208007812,10.068572998046875,eadb0564a8725a1d7973118b3053c08f684e8759756a96c10e574e244ab279e6,44803f2d88d2542bc888ce18977434d05841408bb257f61123e8beee8938b2b9,5a5ec020d1178935d8c52b84377359c366f38d74b0d47ed6675578aeb44f93bc
1,1048576,64,1,1,28081,2,2.6780128479003906,3.125,17.567764282226562,17.569015502929688,eadb0564a8725a1d7973118b3053c08f684e8759756a96c10e574e244ab279e6,44803f2d88d2542bc888ce18977434d05841408bb257f61123e8beee8938b2b9,5a5ec020d1178935d8c52b84377359c366f38d74b0d47ed6675578aeb44f93bc
2,1048576,64,1,1,21672,64,2.066802978515625,100.0,13.5582275390625,13.5982666015625,eadb0564a8725a1d7973118b3053c08f684e8759756a96c10e574e244ab279e6,44803f2d88d2542bc888ce18977434d05841408bb257f61123e8beee8938b2b9,5a5ec020d1178935d8c52b84377359c366f38d74b0d47ed6675578aeb44f93bc
0,1048576,64,1,2,15811,57,1.5078544616699219,89.0625,9.891525268554688,9.92718505859375,eadb0564a8725a1d7973118b3053c08f684e8759756a96c10e574e244ab279e6,e4e4cbe16c70b408c1c9d938d7114e63c198be88902cbf85e90741f7c841115c,7808610e21094ab2d081844593194ce36c96a410a3b2f3a582d7c3d392cc5c81
1,1048576,64,1,2,28470,1,2.7151107788085938,1.5625,17.811126708984375,17.811752319335938,eadb0564a8725a1d7973118b3053c08f684e8759756a96c10e574e244ab279e6,e4e4cbe16c70b408c1c9d938d7114e63c198be88902cbf85e90741f7c841115c,7808610e21094ab2d081844593194ce36c96a410a3b2f3a582d7c3d392cc5c81
2,1048576,64,1,2,21571,64,2.057170867919922,100.0,13.495040893554688,13.535079956054688,eadb0564a8725a1d7973118b3053c08f684e8759756a96c10e574e244ab279e6,e4e4cbe16c70b408c1c9d938d7114e63c198be88902cbf85e90741f7c841115c,7808610e21094ab2d081844593194ce36c96a410a3b2f3a582d7c3d392cc5c81
0,1048576,128,1,0,21052,117,2.0076751708984375,91.40625,13.17034912109375,13.243545532226562,eadb0564a8725a1d7973118b3053c08f684e8759756a96c10e574e244ab279e6,b01c21d44004009bb29cda6c83288d0294605b1063e9205a095d7e58c476d5f3,a7e638602a0363b760f4e6b0f0d119d6aa36824fa55de2a053895f1cf270226e
1,1048576,128,1,0,41682,3,3.9751052856445312,2.34375,26.076690673828125,26.078567504882812,eadb0564a8725a1d7973118b3053c08f684e8759756a96c10e574e244ab279e6,b01c21d44004009bb29cda6c83288d0294605b1063e9205a095d7e58c476d5f3,a7e638602a0363b760f4e6b0f0d119d6aa36824fa55de2a053895f1cf270226e
2,1048576,128,1,0,35350,127,3.3712387084960938,99.21875,22.115325927734375,22.194778442382812,eadb0564a8725a1d7973118b3053c08f684e8759756a96c10e574e244ab279e6,b01c21d44004009bb29cda6c83288d0294605b1063e9205a095d7e58c476d5f3,a7e638602a0363b760f4e6b0f0d119d6aa36824fa55de2a053895f1cf270226e
0,1048576,128,1,1,21448,115,2.045440673828125,89.84375,13.4180908203125,13.490036010742188,eadb0564a8725a1d7973118b3053c08f684e8759756a96c10e574e244ab279e6,d306c7272834b2d1357f8a590b91e41948f3b7fd3b4f30e427e9beb4218175a9,be7d9af6062343e0c00124574401a3ddc1ec27a3aabe80e34e122490bf199ba5
1,1048576,128,1,1,41736,2,3.980255126953125,1.5625,26.1104736328125,26.111724853515625,eadb0564a8725a1d7973118b3053c08f684e8759756a96c10e574e244ab279e6,d306c7272834b2d1357f8a590b91e41948f3b7fd3b4f30e427e9beb4218175a9,be7d9af6062343e0c00124574401a3ddc1ec27a3aabe80e34e122490bf199ba5
2,1048576,128,1,1,35444,127,3.3802032470703125,99.21875,22.17413330078125,22.253585815429688,eadb0564a8725a1d7973118b3053c08f684e8759756a96c10e574e244ab279e6,d306c7272834b2d1357f8a590b91e41948f3b7fd3b4f30e427e9beb4218175a9,be7d9af6062343e0c00124574401a3ddc1ec27a3aabe80e34e122490bf199ba5
0,1048576,128,1,2,21442,115,2.0448684692382812,89.84375,13.414337158203125,13.486282348632812,eadb0564a8725a1d7973118b3053c08f684e8759756a96c10e574e244ab279e6,7ad1543f39c5560980bdca0cbf9b6c268302bbc463a4612fdf79b99dc8db5609,ebdf8668924680806ba28f4d676904dca711ab6734c3f909ea709439d1d41b9a
1,1048576,128,1,2,41636,3,3.9707183837890625,2.34375,26.04791259765625,26.049789428710938,eadb0564a8725a1d7973118b3053c08f684e8759756a96c10e574e244ab279e6,7ad1543f39c5560980bdca0cbf9b6c268302bbc463a4612fdf79b99dc8db5609,ebdf8668924680806ba28f4d676904dca711ab6734c3f909ea709439d1d41b9a
2,1048576,128,1,2,35148,128,3.3519744873046875,100.0,21.98895263671875,22.06903076171875,eadb0564a8725a1d7973118b3053c08f684e8759756a96c10e574e244ab279e6,7ad1543f39c5560980bdca0cbf9b6c268302bbc463a4612fdf79b99dc8db5609,ebdf8668924680806ba28f4d676904dca711ab6734c3f909ea709439d1d41b9a
0,1048576,256,1,0,28791,231,2.7457237243652344,90.234375,18.011947631835938,18.156463623046875,eadb0564a8725a1d7973118b3053c08f684e8759756a96c10e574e244ab279e6,f8caff9e9a4fd44040f19aa6a25fc48ec327fe7a5a842a48eef69dbbc25bfbcb,48cfa9a8f0b21dc8fb5d1ea00e2d8a725ad1df24ef354d77266bd70ec3a0d0aa
1,1048576,256,1,0,60243,9,5.745220184326172,3.515625,37.68864440917969,37.69427490234375,eadb0564a8725a1d7973118b3053c08f684e8759756a96c10e574e244ab279e6,f8caff9e9a4fd44040f19aa6a25fc48ec327fe7a5a842a48eef69dbbc25bfbcb,48cfa9a8f0b21dc8fb5d1ea00e2d8a725ad1df24ef354d77266bd70ec3a0d0aa
2,1048576,256,1,0,57489,255,5.482578277587891,99.609375,35.96571350097656,36.125244140625,eadb0564a8725a1d7973118b3053c08f684e8759756a96c10e574e244ab279e6,f8caff9e9a4fd44040f19aa6a25fc48ec327fe7a5a842a48eef69dbbc25bfbcb,48cfa9a8f0b21dc8fb5d1ea00e2d8a725ad1df24ef354d77266bd70ec3a0d0aa
0,1048576,256,1,1,29115,230,2.776622772216797,89.84375,18.214645385742188,18.358535766601562,eadb0564a8725a1d7973118b3053c08f684e8759756a96c10e574e244ab279e6,df58c57df4b684f1741f5a99beb576ad0e1b86556b4ff553664bb2dc644f5761,0f42594f965aa6e3c0e445f2023e9b72f016527969a5f963015c4cf31d322535
1,1048576,256,1,1,60458,10,5.765724182128906,3.90625,37.823150634765625,37.82940673828125,eadb0564a8725a1d7973118b3053c08f684e8759756a96c10e574e244ab279e6,df58c57df4b684f1741f5a99beb576ad0e1b86556b4ff553664bb2dc644f5761,0f42594f965aa6e3c0e445f2023e9b72f016527969a5f963015c4cf31d322535
2,1048576,256,1,1,57590,255,5.492210388183594,99.609375,36.028900146484375,36.18843078613281,eadb0564a8725a1d7973118b3053c08f684e8759756a96c10e574e244ab279e6,df58c57df4b684f1741f5a99beb576ad0e1b86556b4ff553664bb2dc644f5761,0f42594f965aa6e3c0e445f2023e9b72f016527969a5f963015c4cf31d322535
0,1048576,256,1,2,29347,234,2.798748016357422,91.40625,18.359786987304688,18.506179809570312,eadb0564a8725a1d7973118b3053c08f684e8759756a96c10e574e244ab279e6,6ddc7f1a61898ebe2fe24fe28fc4a7220a8ca0c22998948f662d46f38732c0d1,82f55d06edcbf9bea82d41b076393f167b7b5708795bb8eda10d829ffa5610a3
1,1048576,256,1,2,59864,7,5.709075927734375,2.734375,37.4515380859375,37.45591735839844,eadb0564a8725a1d7973118b3053c08f684e8759756a96c10e574e244ab279e6,6ddc7f1a61898ebe2fe24fe28fc4a7220a8ca0c22998948f662d46f38732c0d1,82f55d06edcbf9bea82d41b076393f167b7b5708795bb8eda10d829ffa5610a3
2,1048576,256,1,2,57278,256,5.462455749511719,100.0,35.833709716796875,35.993865966796875,eadb0564a8725a1d7973118b3053c08f684e8759756a96c10e574e244ab279e6,6ddc7f1a61898ebe2fe24fe28fc4a7220a8ca0c22998948f662d46f38732c0d1,82f55d06edcbf9bea82d41b076393f167b7b5708795bb8eda10d829ffa5610a3
0,1048576,512,1,0,38060,427,3.6296844482421875,83.3984375,23.81072998046875,24.077865600585938,eadb0564a8725a1d7973118b3053c08f684e8759756a96c10e574e244ab279e6,013feea748f8ae41b04cf0bf98307210e6566be9a69bd4e8d17da0dfe805a1fd,0dfc6bcad7cb82be25acc9aa5723a03e8c31f42865c40d635dedaa688851714e
1,1048576,512,1,0,82528,45,7.8704833984375,8.7890625,51.63037109375,51.65852355957031,eadb0564a8725a1d7973118b3053c08f684e8759756a96c10e574e244ab279e6,013feea748f8ae41b04cf0bf98307210e6566be9a69bd4e8d17da0dfe805a1fd,0dfc6bcad7cb82be25acc9aa5723a03e8c31f42865c40d635dedaa688851714e
2,1048576,512,1,0,92643,512,8.835124969482422,100.0,57.95841979980469,58.27873229980469,eadb0564a8725a1d7973118b3053c08f684e8759756a96c10e574e244ab279e6,013feea748f8ae41b04cf0bf98307210e6566be9a69bd4e8d17da0dfe805a1fd,0dfc6bcad7cb82be25acc9aa5723a03e8c31f42865c40d635dedaa688851714e
0,1048576,512,1,1,38291,426,3.651714324951172,83.203125,23.955245971679688,24.221755981445312,eadb0564a8725a1d7973118b3053c08f684e8759756a96c10e574e244ab279e6,640b772a61dd987adceda5099ef648e8ccc2ab91ba30d9d089590174834a66aa,2e21abbf5ac61b83dbfe462c1fcff17b2b5289373a6a2d13d8fe5c8091cba723
1,1048576,512,1,1,82562,46,7.873725891113281,8.984375,51.651641845703125,51.680419921875,eadb0564a8725a1d7973118b3053c08f684e8759756a96c10e574e244ab279e6,640b772a61dd987adceda5099ef648e8ccc2ab91ba30d9d089590174834a66aa,2e21abbf5ac61b83dbfe462c1fcff17b2b5289373a6a2d13d8fe5c8091cba723
2,1048576,512,1,1,92734,511,8.843803405761719,99.8046875,58.015350341796875,58.33503723144531,eadb0564a8725a1d7973118b3053c08f684e8759756a96c10e574e244ab279e6,640b772a61dd987adceda5099ef648e8ccc2ab91ba30d9d089590174834a66aa,2e21abbf5ac61b83dbfe462c1fcff17b2b5289373a6a2d13d8fe5c8091cba723
0,1048576,512,1,2,38554,428,3.6767959594726562,83.59375,24.119781494140625,24.387542724609375,eadb0564a8725a1d7973118b3053c08f684e8759756a96c10e574e244ab279e6,c855cdb4ee88f893dee2cd7172325549ea24ae63bc0d3b9e74448291b81e960f,56e3e69d7dc1655d14f42497e67c8b3bea6d69c5a193ab3ff6a2365275ddf662
1,1048576,512,1,2,82144,44,7.8338623046875,8.59375,51.39013671875,51.41766357421875,eadb0564a8725a1d7973118b3053c08f684e8759756a96c10e574e244ab279e6,c855cdb4ee88f893dee2cd7172325549ea24ae63bc0d3b9e74448291b81e960f,56e3e69d7dc1655d14f42497e67c8b3bea6d69c5a193ab3ff6a2365275ddf662
2,1048576,512,1,2,92497,512,8.82120132446289,100.0,57.86708068847656,58.18739318847656,eadb0564a8725a1d7973118b3053c08f684e8759756a96c10e574e244ab279e6,c855cdb4ee88f893dee2cd7172325549ea24ae63bc0d3b9e74448291b81e960f,56e3e69d7dc1655d14f42497e67c8b3bea6d69c5a193ab3ff6a2365275ddf662
0,1048576,1024,1,0,52178,832,4.976081848144531,81.25,32.643096923828125,33.163604736328125,eadb0564a8725a1d7973118b3053c08f684e8759756a96c10e574e244ab279e6,4d1a372119f5b737c613bc8291f818936d3f0935921b949db3f43b0836a4dbfb,31a611b87ef1f51efe0bdfda7312d617184af25e6d4453b580f6b2979bcc29f3
1,1048576,1024,1,0,108958,117,10.391044616699219,11.42578125,68.16525268554688,68.23844909667969,eadb0564a8725a1d7973118b3053c08f684e8759756a96c10e574e244ab279e6,4d1a372119f5b737c613bc8291f818936d3f0935921b949db3f43b0836a4dbfb,31a611b87ef1f51efe0bdfda7312d617184af25e6d4453b580f6b2979bcc29f3
2,1048576,1024,1,0,146151,1023,13.938045501708984,99.90234375,91.43357849121094,92.07357788085938,eadb0564a8725a1d7973118b3053c08f684e8759756a96c10e574e244ab279e6,4d1a372119f5b737c613bc8291f818936d3f0935921b949db3f43b0836a4dbfb,31a611b87ef1f51efe0bdfda7312d617184af25e6d4453b580f6b2979bcc29f3
0,1048576,1024,1,1,52254,828,4.983329772949219,80.859375,32.690643310546875,33.208648681640625,eadb0564a8725a1d7973118b3053c08f684e8759756a96c10e574e244ab279e6,5c9ee1e3d72cc73ee53cc8e22f5c38034bb6e2afcb002504b4902a7205a3b577,22eff7e99875bc67c86f819f3388e40fb3eb8b4af529fb87a24ac507b764ff0c
1,1048576,1024,1,1,109213,121,10.415363311767578,11.81640625,68.32478332519531,68.40048217773438,eadb0564a8725a1d7973118b3053c08f684e8759756a96c10e574e244ab279e6,5c9ee1e3d72cc73ee53cc8e22f5c38034bb6e2afcb002504b4902a7205a3b577,22eff7e99875bc67c86f819f3388e40fb3eb8b4af529fb87a24ac507b764ff0c
2,1048576,1024,1,1,145891,1024,13.913249969482422,100.0,91.27091979980469,91.91154479980469,eadb0564a8725a1d7973118b3053c08f684e8759756a96c10e574e244ab279e6,5c9ee1e3d72cc73ee53cc8e22f5c38034bb6e2afcb002504b4902a7205a3b577,22eff7e99875bc67c86f819f3388e40fb3eb8b4af529fb87a24ac507b764ff0c
0,1048576,1024,1,2,52622,832,5.018424987792969,81.25,32.920867919921875,33.441375732421875,eadb0564a8725a1d7973118b3053c08f684e8759756a96c10e574e244ab279e6,80e649054065540274a45f7696df9c2444ccc81ba921f0a82c252733cf9c7da4,94600feeea17e6504d8c9785b8557fe725e3431ea441ba82b787919f9f7f3a20
1,1048576,1024,1,2,109192,118,10.413360595703125,11.5234375,68.3116455078125,68.38546752929688,eadb0564a8725a1d7973118b3053c08f684e8759756a96c10e574e244ab279e6,80e649054065540274a45f7696df9c2444ccc81ba921f0a82c252733cf9c7da4,94600feeea17e6504d8c9785b8557fe725e3431ea441ba82b787919f9f7f3a20
2,1048576,1024,1,2,145844,1024,13.908767700195312,100.0,91.24151611328125,91.88214111328125,eadb0564a8725a1d7973118b3053c08f684e8759756a96c10e574e244ab279e6,80e649054065540274a45f7696df9c2444ccc81ba921f0a82c252733cf9c7da4,94600feeea17e6504d8c9785b8557fe725e3431ea441ba82b787919f9f7f3a20
0,1048576,2048,1,0,72365,1583,6.901264190673828,77.294921875,45.27229309082031,46.26263427734375,eadb0564a8725a1d7973118b3053c08f684e8759756a96c10e574e244ab279e6,38c3963cc0fc887992bbf4eaa39f76df944b5121a6266e159a1e573a90510857,73cb5a815b484d57f9e807c8f233892822f6cc7266d1139cbf6e013535d4bdd8
1,1048576,2048,1,0,146783,257,13.99831771850586,12.548828125,91.82896423339844,91.98974609375,eadb0564a8725a1d7973118b3053c08f684e8759756a96c10e574e244ab279e6,38c3963cc0fc887992bbf4eaa39f76df944b5121a6266e159a1e573a90510857,73cb5a815b484d57f9e807c8f233892822f6cc7266d1139cbf6e013535d4bdd8
2,1048576,2048,1,0,228457,2047,21.787357330322266,99.951171875,142.92506408691406,144.2056884765625,eadb0564a8725a1d7973118b3053c08f684e8759756a96c10e574e244ab279e6,38c3963cc0fc887992bbf4eaa39f76df944b5121a6266e159a1e573a90510857,73cb5a815b484d57f9e807c8f233892822f6cc7266d1139cbf6e013535d4bdd8
0,1048576,2048,1,1,72641,1573,6.927585601806641,76.806640625,45.44496154785156,46.429046630859375,eadb0564a8725a1d7973118b3053c08f684e8759756a96c10e574e244ab279e6,601ec3c922c7c5103b900ce89856abcd4fed76836f0f45f142532f492fc0136c,4e4494d3f08e4decdda7b05c681258d5a48389a3869e3700c24fc46ecd62a54c
1,1048576,2048,1,1,146705,255,13.99087905883789,12.451171875,91.78016662597656,91.939697265625,eadb0564a8725a1d7973118b3053c08f684e8759756a96c10e574e244ab279e6,601ec3c922c7c5103b900ce89856abcd4fed76836f0f45f142532f492fc0136c,4e4494d3f08e4decdda7b05c681258d5a48389a3869e3700c24fc46ecd62a54c
2,1048576,2048,1,1,228605,2047,21.801471710205078,99.951171875,143.0176544189453,144.29827880859375,eadb0564a8725a1d7973118b3053c08f684e8759756a96c10e574e244ab279e6,601ec3c922c7c5103b900ce89856abcd4fed76836f0f45f142532f492fc0136c,4e4494d3f08e4decdda7b05c681258d5a48389a3869e3700c24fc46ecd62a54c
0,1048576,2048,1,2,72589,1586,6.922626495361328,77.44140625,45.41242980957031,46.40464782714844,eadb0564a8725a1d7973118b3053c08f684e8759756a96c10e574e244ab279e6,83ed74face5a8a25e64aa17f589c2a3e608ddfbe876e2321168749ab3fa6f31b,017b18e33319c059263a207b12b2cdc99aeeb8e371933e6445c7463d407d071d
1,1048576,2048,1,2,146963,248,14.015483856201172,12.109375,91.94157409667969,92.09672546386719,eadb0564a8725a1d7973118b3053c08f684e8759756a96c10e574e244ab279e6,83ed74face5a8a25e64aa17f589c2a3e608ddfbe876e2321168749ab3fa6f31b,017b18e33319c059263a207b12b2cdc99aeeb8e371933e6445c7463d407d071d
2,1048576,2048,1,2,228350,2048,21.77715301513672,100.0,142.85812377929688,144.13937377929688,eadb0564a8725a1d7973118b3053c08f684e8759756a96c10e574e244ab279e6,83ed74face5a8a25e64aa17f589c2a3e608ddfbe876e2321168749ab3fa6f31b,017b18e33319c059263a207b12b2cdc99aeeb8e371933e6445c7463d407d071d
0,1048576,4096,1,0,98203,2972,9.365367889404297,72.55859375,61.43681335449219,63.29612731933594,eadb0564a8725a1d7973118b3053c08f684e8759756a96c10e574e244ab279e6,3fcce29a2d9f9d7d84029dd54fa6650b2f30d13c358d3dea399a663eb39516d0,7eac5ec4e735a928857bcbd67cecb02ed33b01d9679d75efeb2691c3cc8540f8
1,1048576,4096,1,0,186585,553,17.794132232666016,13.5009765625,116.72950744628906,117.07546997070312,eadb0564a8725a1d7973118b3053c08f684e8759756a96c10e574e244ab279e6,3fcce29a2d9f9d7d84029dd54fa6650b2f30d13c358d3dea399a663eb39516d0,7eac5ec4e735a928857bcbd67cecb02ed33b01d9679d75efeb2691c3cc8540f8
2,1048576,4096,1,0,339282,4095,32.35645294189453,99.9755859375,212.25833129882812,214.82020568847656,eadb0564a8725a1d7973118b3053c08f684e8759756a96c10e574e244ab279e6,3fcce29a2d9f9d7d84029dd54fa6650b2f30d13c358d3dea399a663eb39516d0,7eac5ec4e735a928857bcbd67cecb02ed33b01d9679d75efeb2691c3cc8540f8
0,1048576,4096,1,1,97622,2966,9.309959411621094,72.412109375,61.073333740234375,62.92889404296875,eadb0564a8725a1d7973118b3053c08f684e8759756a96c10e574e244ab279e6,4edf467664706dcacb362e7013481149735feb4a347e3eb2667531100fad5ec2,3a1a91421332c16642765068e2021ea8dc3d659173cd0faefb9a087e6dcd9d60
1,1048576,4096,1,1,186724,544,17.807388305664062,13.28125,116.81646728515625,117.15679931640625,eadb0564a8725a1d7973118b3053c08f684e8759756a96c10e574e244ab279e6,4edf467664706dcacb362e7013481149735feb4a347e3eb2667531100fad5ec2,3a1a91421332c16642765068e2021ea8dc3d659173cd0faefb9a087e6dcd9d60
2,1048576,4096,1,1,339493,4095,32.3765754699707,99.9755859375,212.3903350830078,214.95220947265625,eadb0564a8725a1d7973118b3053c08f684e8759756a96c10e574e244ab279e6,4edf467664706dcacb362e7013481149735feb4a347e3eb2667531100fad5ec2,3a1a91421332c16642765068e2021ea8dc3d659173cd0faefb9a087e6dcd9d60
0,1048576,4096,1,2,98538,2974,9.397315979003906,72.607421875,61.646392822265625,63.5069580078125,eadb0564a8725a1d7973118b3053c08f684e8759756a96c10e574e244ab279e6,413009579c0b7c203e7f2adfb5572c4870956baf3213e64a67a0a023119061bb,0e9f747aee320f7f2f287cdb977aac82ca401e773a35c8b2c1dc22d4388e71ed
1,1048576,4096,1,2,187002,550,17.833900451660156,13.427734375,116.99038696289062,117.33447265625,eadb0564a8725a1d7973118b3053c08f684e8759756a96c10e574e244ab279e6,413009579c0b7c203e7f2adfb5572c4870956baf3213e64a67a0a023119061bb,0e9f747aee320f7f2f287cdb977aac82ca401e773a35c8b2c1dc22d4388e71ed
2,1048576,4096,1,2,339593,4096,32.386112213134766,100.0,212.45289611816406,215.01539611816406,eadb0564a8725a1d7973118b3053c08f684e8759756a96c10e574e244ab279e6,413009579c0b7c203e7f2adfb5572c4870956baf3213e64a67a0a023119061bb,0e9f747aee320f7f2f287cdb977aac82ca401e773a35c8b2c1dc22d4388e71ed
0,1048576,64,2,0,15516,57,1.4797210693359375,89.0625,9.70697021484375,9.742630004882812,5b209ca7e9750b985647c11946262f7d4b232506b32a5aff985b9a3df9cd08bf,8b1b30b50df2a630eb9dcd4ac0120f0fbb4226b3146c04546cc681cd9fbab507,3b3d980a0254a44ac656dcff8fc9bcdb56ed9b048a1c5e782f2e6db851ec1f0b
1,1048576,64,2,0,28800,2,2.74658203125,3.125,18.017578125,18.018829345703125,5b209ca7e9750b985647c11946262f7d4b232506b32a5aff985b9a3df9cd08bf,8b1b30b50df2a630eb9dcd4ac0120f0fbb4226b3146c04546cc681cd9fbab507,3b3d980a0254a44ac656dcff8fc9bcdb56ed9b048a1c5e782f2e6db851ec1f0b
2,1048576,64,2,0,22543,64,2.1498680114746094,100.0,14.103134155273438,14.143173217773438,5b209ca7e9750b985647c11946262f7d4b232506b32a5aff985b9a3df9cd08bf,8b1b30b50df2a630eb9dcd4ac0120f0fbb4226b3146c04546cc681cd9fbab507,3b3d980a0254a44ac656dcff8fc9bcdb56ed9b048a1c5e782f2e6db851ec1f0b
0,1048576,64,2,1,15844,57,1.5110015869140625,89.0625,9.91217041015625,9.947830200195312,5b209ca7e9750b985647c11946262f7d4b232506b32a5aff985b9a3df9cd08bf,44803f2d88d2542bc888ce18977434d05841408bb257f61123e8beee8938b2b9,c4ae85597fa78f41e04f16cfd6884753b878dd0c89fe1d699786d0061ddda537
1,1048576,64,2,1,28179,2,2.687358856201172,3.125,17.629074096679688,17.630325317382812,5b209ca7e9750b985647c11946262f7d4b232506b32a5aff985b9a3df9cd08bf,44803f2d88d2542bc888ce18977434d05841408bb257f61123e8beee8938b2b9,c4ae85597fa78f41e04f16cfd6884753b878dd0c89fe1d699786d0061ddda537
2,1048576,64,2,1,22222,63,2.1192550659179688,98.4375,13.902313232421875,13.941726684570312,5b209ca7e9750b985647c11946262f7d4b232506b32a5aff985b9a3df9cd08bf,44803f2d88d2542bc888ce18977434d05841408bb257f61123e8beee8938b2b9,c4ae85597fa78f41e04f16cfd6884753b878dd0c89fe1d699786d0061ddda537
0,1048576,64,2,2,15742,57,1.5012741088867188,89.0625,9.848358154296875,9.884017944335938,5b209ca7e9750b985647c11946262f7d4b232506b32a5aff985b9a3df9cd08bf,e4e4cbe16c70b408c1c9d938d7114e63c198be88902cbf85e90741f7c841115c,55c9d2e00d78d57e3d0284c2625bd7c45be7bac1c2ca07d1602f63598a65688b
1,1048576,64,2,2,28522,1,2.7200698852539062,1.5625,17.843658447265625,17.844284057617188,5b209ca7e9750b985647c11946262f7d4b232506b32a5aff985b9a3df9cd08bf,e4e4cbe16c70b408c1c9d938d7114e63c198be88902cbf85e90741f7c841115c,55c9d2e00d78d57e3d0284c2625bd7c45be7bac1c2ca07d1602f63598a65688b
2,1048576,64,2,2,22396,64,2.1358489990234375,100.0,14.01116943359375,14.05120849609375,5b209ca7e9750b985647c11946262f7d4b232506b32a5aff985b9a3df9cd08bf,e4e4cbe16c70b408c1c9d938d7114e63c198be88902cbf85e90741f7c841115c,55c9d2e00d78d57e3d0284c2625bd7c45be7bac1c2ca07d1602f63598a65688b
0,1048576,128,2,0,20988,116,2.0015716552734375,90.625,13.13031005859375,13.202880859375,5b209ca7e9750b985647c11946262f7d4b232506b32a5aff985b9a3df9cd08bf,b01c21d44004009bb29cda6c83288d0294605b1063e9205a095d7e58c476d5f3,3c367eff227872d675ee7c61fd71f4f2d20ccd0eb39b2ad95f3ace1cdcd55846
1,1048576,128,2,0,41846,2,3.9907455444335938,1.5625,26.179290771484375,26.1805419921875,5b209ca7e9750b985647c11946262f7d4b232506b32a5aff985b9a3df9cd08bf,b01c21d44004009bb29cda6c83288d0294605b1063e9205a095d7e58c476d5f3,3c367eff227872d675ee7c61fd71f4f2d20ccd0eb39b2ad95f3ace1cdcd55846
2,1048576,128,2,0,35529,128,3.3883094787597656,100.0,22.227310180664062,22.307388305664062,5b209ca7e9750b985647c11946262f7d4b232506b32a5aff985b9a3df9cd08bf,b01c21d44004009bb29cda6c83288d0294605b1063e9205a095d7e58c476d5f3,3c367eff227872d675ee7c61fd71f4f2d20ccd0eb39b2ad95f3ace1cdcd55846
0,1048576,128,2,1,21346,114,2.0357131958007812,89.0625,13.354278564453125,13.42559814453125,5b209ca7e9750b985647c11946262f7d4b232506b32a5aff985b9a3df9cd08bf,d306c7272834b2d1357f8a590b91e41948f3b7fd3b4f30e427e9beb4218175a9,ef31dd5287c481732b495748fe8352c06e3a4e5ef309011a95640a7fab7f4f1f
1,1048576,128,2,1,41974,2,4.002952575683594,1.5625,26.259368896484375,26.2606201171875,5b209ca7e9750b985647c11946262f7d4b232506b32a5aff985b9a3df9cd08bf,d306c7272834b2d1357f8a590b91e41948f3b7fd3b4f30e427e9beb4218175a9,ef31dd5287c481732b495748fe8352c06e3a4e5ef309011a95640a7fab7f4f1f
2,1048576,128,2,1,35717,128,3.406238555908203,100.0,22.344924926757812,22.425003051757812,5b209ca7e9750b985647c11946262f7d4b232506b32a5aff985b9a3df9cd08bf,d306c7272834b2d1357f8a590b91e41948f3b7fd3b4f30e427e9beb4218175a9,ef31dd5287c481732b495748fe8352c06e3a4e5ef309011a95640a7fab7f4f1f
0,1048576,128,2,2,21375,115,2.0384788513183594,89.84375,13.372421264648438,13.444366455078125,5b209ca7e9750b985647c11946262f7d4b232506b32a5aff985b9a3df9cd08bf,7ad1543f39c5560980bdca0cbf9b6c268302bbc463a4612fdf79b99dc8db5609,aef03c579f5a0063ad8a4030499b496ff8b4dd38d64487533009f4a64a9b384f
1,1048576,128,2,2,41754,3,3.9819717407226562,2.34375,26.121734619140625,26.123611450195312,5b209ca7e9750b985647c11946262f7d4b232506b32a5aff985b9a3df9cd08bf,7ad1543f39c5560980bdca0cbf9b6c268302bbc463a4612fdf79b99dc8db5609,aef03c579f5a0063ad8a4030499b496ff8b4dd38d64487533009f4a64a9b384f
2,1048576,128,2,2,35522,128,3.3876419067382812,100.0,22.222930908203125,22.303009033203125,5b209ca7e9750b985647c11946262f7d4b232506b32a5aff985b9a3df9cd08bf,7ad1543f39c5560980bdca0cbf9b6c268302bbc463a4612fdf79b99dc8db5609,aef03c579f5a0063ad8a4030499b496ff8b4dd38d64487533009f4a64a9b384f
0,1048576,256,2,0,28904,231,2.756500244140625,90.234375,18.0826416015625,18.227157592773438,5b209ca7e9750b985647c11946262f7d4b232506b32a5aff985b9a3df9cd08bf,f8caff9e9a4fd44040f19aa6a25fc48ec327fe7a5a842a48eef69dbbc25bfbcb,d84940ca0fa9ac85621a5da47684fd135ef36275dc6b4414d173e4a49b28b0fe
1,1048576,256,2,0,60231,8,5.744075775146484,3.125,37.68113708496094,37.68614196777344,5b209ca7e9750b985647c11946262f7d4b232506b32a5aff985b9a3df9cd08bf,f8caff9e9a4fd44040f19aa6a25fc48ec327fe7a5a842a48eef69dbbc25bfbcb,d84940ca0fa9ac85621a5da47684fd135ef36275dc6b4414d173e4a49b28b0fe
2,1048576,256,2,0,58057,256,5.536746978759766,100.0,36.32106018066406,36.48121643066406,5b209ca7e9750b985647c11946262f7d4b232506b32a5aff985b9a3df9cd08bf,f8caff9e9a4fd44040f19aa6a25fc48ec327fe7a5a842a48eef69dbbc25bfbcb,d84940ca0fa9ac85621a5da47684fd135ef36275dc6b4414d173e4a49b28b0fe
0,1048576,256,2,1,29100,230,2.7751922607421875,89.84375,18.20526123046875,18.349151611328125,5b209ca7e9750b985647c11946262f7d4b232506b32a5aff985b9a3df9cd08bf,df58c57df4b684f1741f5a99beb576ad0e1b86556b4ff553664bb2dc644f5761,0646a7e85fe92a0c4b120cd2bdf1dd06c05b748f82b540a34210c5fa821523fb
1,1048576,256,2,1,60721,9,5.790805816650391,3.515625,37.98768615722656,37.993316650390625,5b209ca7e9750b985647c11946262f7d4b232506b32a5aff985b9a3df9cd08bf,df58c57df4b684f1741f5a99beb576ad0e1b86556b4ff553664bb2dc644f5761,0646a7e85fe92a0c4b120cd2bdf1dd06c05b748f82b540a34210c5fa821523fb
2,1048576,256,2,1,58170,256,5.547523498535156,100.0,36.391754150390625,36.551910400390625,5b209ca7e9750b985647c11946262f7d4b232506b32a5aff985b9a3df9cd08bf,df58c57df4b684f1741f5a99beb576ad0e1b86556b4ff553664bb2dc644f5761,0646a7e85fe92a0c4b120cd2bdf1dd06c05b748f82b540a34210c5fa821523fb
0,1048576,256,2,2,29512,234,2.814483642578125,91.40625,18.4630126953125,18.609405517578125,5b209ca7e9750b985647c11946262f7d4b232506b32a5aff985b9a3df9cd08bf,6ddc7f1a61898ebe2fe24fe28fc4a7220a8ca0c22998948f662d46f38732c0d1,e966a1e083a6af86f8e05337404751c8518a22a17875a3a54f54c515610d3231
1,1048576,256,2,2,60081,8,5.729770660400391,3.125,37.58729553222656,37.59230041503906,5b209ca7e9750b985647c11946262f7d4b232506b32a5aff985b9a3df9cd08bf,6ddc7f1a61898ebe2fe24fe28fc4a7220a8ca0c22998948f662d46f38732c0d1,e966a1e083a6af86f8e05337404751c8518a22a17875a3a54f54c515610d3231
2,1048576,256,2,2,57860,256,5.5179595947265625,100.0,36.19781494140625,36.35797119140625,5b209ca7e9750b985647c11946262f7d4b232506b32a5aff985b9a3df9cd08bf,6ddc7f1a61898ebe2fe24fe28fc4a7220a8ca0c22998948f662d46f38732c0d1,e966a1e083a6af86f8e05337404751c8518a22a17875a3a54f54c515610d3231
0,1048576,512,2,0,38267,424,3.649425506591797,82.8125,23.940231323242188,24.205490112304688,5b209ca7e9750b985647c11946262f7d4b232506b32a5aff985b9a3df9cd08bf,013feea748f8ae41b04cf0bf98307210e6566be9a69bd4e8d17da0dfe805a1fd,e580de225ef497298e83d5b8a028c54a75ff6ab0238163aefebacf3f77fb76b2
1,1048576,512,2,0,82563,45,7.873821258544922,8.7890625,51.65226745605469,51.680419921875,5b209ca7e9750b985647c11946262f7d4b232506b32a5aff985b9a3df9cd08bf,013feea748f8ae41b04cf0bf98307210e6566be9a69bd4e8d17da0dfe805a1fd,e580de225ef497298e83d5b8a028c54a75ff6ab0238163aefebacf3f77fb76b2
2,1048576,512,2,0,93348,512,8.902359008789062,100.0,58.39947509765625,58.71978759765625,5b209ca7e9750b985647c11946262f7d4b232506b32a5aff985b9a3df9cd08bf,013feea748f8ae41b04cf0bf98307210e6566be9a69bd4e8d17da0dfe805a1fd,e580de225ef497298e83d5b8a028c54a75ff6ab0238163aefebacf3f77fb76b2
0,1048576,512,2,1,38468,423,3.6685943603515625,82.6171875,24.06597900390625,24.330612182617188,5b209ca7e9750b985647c11946262f7d4b232506b32a5aff985b9a3df9cd08bf,640b772a61dd987adceda5099ef648e8ccc2ab91ba30d9d089590174834a66aa,01c2d130a19ac78dfb24a1c755791a0af3936027e9cc27da397a26a524a9b4fa
1,1048576,512,2,1,82708,47,7.8876495361328125,9.1796875,51.74298095703125,51.77238464355469,5b209ca7e9750b985647c11946262f7d4b232506b32a5aff985b9a3df9cd08bf,640b772a61dd987adceda5099ef648e8ccc2ab91ba30d9d089590174834a66aa,01c2d130a19ac78dfb24a1c755791a0af3936027e9cc27da397a26a524a9b4fa
2,1048576,512,2,1,93658,512,8.931922912597656,100.0,58.593414306640625,58.913726806640625,5b209ca7e9750b985647c11946262f7d4b232506b32a5aff985b9a3df9cd08bf,640b772a61dd987adceda5099ef648e8ccc2ab91ba30d9d089590174834a66aa,01c2d130a19ac78dfb24a1c755791a0af3936027e9cc27da397a26a524a9b4fa
0,1048576,512,2,2,38732,423,3.6937713623046875,82.6171875,24.23114013671875,24.495773315429688,5b209ca7e9750b985647c11946262f7d4b232506b32a5aff985b9a3df9cd08bf,c855cdb4ee88f893dee2cd7172325549ea24ae63bc0d3b9e74448291b81e960f,5b2dd9a9ec6652747b8c7e2e0537d12a40a7e1399acdb47370059afa42dd88a0
1,1048576,512,2,2,82351,45,7.853603363037109,8.7890625,51.51963806152344,51.54779052734375,5b209ca7e9750b985647c11946262f7d4b232506b32a5aff985b9a3df9cd08bf,c855cdb4ee88f893dee2cd7172325549ea24ae63bc0d3b9e74448291b81e960f,5b2dd9a9ec6652747b8c7e2e0537d12a40a7e1399acdb47370059afa42dd88a0
2,1048576,512,2,2,93119,512,8.88051986694336,100.0,58.25621032714844,58.57652282714844,5b209ca7e9750b985647c11946262f7d4b232506b32a5aff985b9a3df9cd08bf,c855cdb4ee88f893dee2cd7172325549ea24ae63bc0d3b9e74448291b81e960f,5b2dd9a9ec6652747b8c7e2e0537d12a40a7e1399acdb47370059afa42dd88a0
0,1048576,1024,2,0,52458,819,5.002784729003906,79.98046875,32.818267822265625,33.33064270019531,5b209ca7e9750b985647c11946262f7d4b232506b32a5aff985b9a3df9cd08bf,4d1a372119f5b737c613bc8291f818936d3f0935921b949db3f43b0836a4dbfb,e7ec05e0772a45f7af48da52acc1a72a3d03ca3b98365db937102eec0aece6d6
1,1048576,1024,2,0,108918,110,10.387229919433594,10.7421875,68.14022827148438,68.20904541015625,5b209ca7e9750b985647c11946262f7d4b232506b32a5aff985b9a3df9cd08bf,4d1a372119f5b737c613bc8291f818936d3f0935921b949db3f43b0836a4dbfb,e7ec05e0772a45f7af48da52acc1a72a3d03ca3b98365db937102eec0aece6d6
2,1048576,1024,2,0,146474,1024,13.968849182128906,100.0,91.63565063476562,92.27627563476562,5b209ca7e9750b985647c11946262f7d4b232506b32a5aff985b9a3df9cd08bf,4d1a372119f5b737c613bc8291f818936d3f0935921b949db3f43b0836a4dbfb,e7ec05e0772a45f7af48da52acc1a72a3d03ca3b98365db937102eec0aece6d6
0,1048576,1024,2,1,52424,820,4.999542236328125,80.078125,32.7969970703125,33.30999755859375,5b209ca7e9750b985647c11946262f7d4b232506b32a5aff985b9a3df9cd08bf,5c9ee1e3d72cc73ee53cc8e22f5c38034bb6e2afcb002504b4902a7205a3b577,ff6daa4ad3d3cc6aa99482df98c351362fc2031e3978b6c262ffb8606b3a13bc
1,1048576,1024,2,1,109181,122,10.412311553955078,11.9140625,68.30476379394531,68.38108825683594,5b209ca7e9750b985647c11946262f7d4b232506b32a5aff985b9a3df9cd08bf,5c9ee1e3d72cc73ee53cc8e22f5c38034bb6e2afcb002504b4902a7205a3b577,ff6daa4ad3d3cc6aa99482df98c351362fc2031e3978b6c262ffb8606b3a13bc
2,1048576,1024,2,1,146733,1023,13.993549346923828,99.90234375,91.79768371582031,92.43768310546875,5b209ca7e9750b985647c11946262f7d4b232506b32a5aff985b9a3df9cd08bf,5c9ee1e3d72cc73ee53cc8e22f5c38034bb6e2afcb002504b4902a7205a3b577,ff6daa4ad3d3cc6aa99482df98c351362fc2031e3978b6c262ffb8606b3a13bc
0,1048576,1024,2,2,52858,820,5.040931701660156,80.078125,33.068511962890625,33.581512451171875,5b209ca7e9750b985647c11946262f7d4b232506b32a5aff985b9a3df9cd08bf,80e649054065540274a45f7696df9c2444ccc81ba921f0a82c252733cf9c7da4,b793361d6bc0d22db81f7680ff4ee7f9d9e04855bebf436cdd1e1072c31f12ad
1,1048576,1024,2,2,109105,119,10.40506362915039,11.62109375,68.25721740722656,68.3316650390625,5b209ca7e9750b985647c11946262f7d4b232506b32a5aff985b9a3df9cd08bf,80e649054065540274a45f7696df9c2444ccc81ba921f0a82c252733cf9c7da4,b793361d6bc0d22db81f7680ff4ee7f9d9e04855bebf436cdd1e1072c31f12ad
2,1048576,1024,2,2,146470,1024,13.968467712402344,100.0,91.63314819335938,92.27377319335938,5b209ca7e9750b985647c11946262f7d4b232506b32a5aff985b9a3df9cd08bf,80e649054065540274a45f7696df9c2444ccc81ba921f0a82c252733cf9c7da4,b793361d6bc0d22db81f7680ff4ee7f9d9e04855bebf436cdd1e1072c31f12ad
0,1048576,2048,2,0,72423,1548,6.906795501708984,75.5859375,45.30857849121094,46.27702331542969,5b209ca7e9750b985647c11946262f7d4b232506b32a5aff985b9a3df9cd08bf,38c3963cc0fc887992bbf4eaa39f76df944b5121a6266e159a1e573a90510857,3004425ab8d1ea982a91c54213fa1925900b231a1aa8b154e154eb2b02b3c382
1,1048576,2048,2,0,146626,248,13.983345031738281,12.109375,91.73074340820312,91.88589477539062,5b209ca7e9750b985647c11946262f7d4b232506b32a5aff985b9a3df9cd08bf,38c3963cc0fc887992bbf4eaa39f76df944b5121a6266e159a1e573a90510857,3004425ab8d1ea982a91c54213fa1925900b231a1aa8b154e154eb2b02b3c382
2,1048576,2048,2,0,229024,2048,21.8414306640625,100.0,143.27978515625,144.56103515625,5b209ca7e9750b985647c11946262f7d4b232506b32a5aff985b9a3df9cd08bf,38c3963cc0fc887992bbf4eaa39f76df944b5121a6266e159a1e573a90510857,3004425ab8d1ea982a91c54213fa1925900b231a1aa8b154e154eb2b02b3c382
0,1048576,2048,2,1,72556,1546,6.9194793701171875,75.48828125,45.39178466796875,46.358978271484375,5b209ca7e9750b985647c11946262f7d4b232506b32a5aff985b9a3df9cd08bf,601ec3c922c7c5103b900ce89856abcd4fed76836f0f45f142532f492fc0136c,d59fb625b5e229c2d92c1087849abe433decbb7b4d749115910899bb25b019ab
1,1048576,2048,2,1,146670,255,13.987541198730469,12.451171875,91.75827026367188,91.91780090332031,5b209ca7e9750b985647c11946262f7d4b232506b32a5aff985b9a3df9cd08bf,601ec3c922c7c5103b900ce89856abcd4fed76836f0f45f142532f492fc0136c,d59fb625b5e229c2d92c1087849abe433decbb7b4d749115910899bb25b019ab
2,1048576,2048,2,1,229021,2047,21.841144561767578,99.951171875,143.2779083251953,144.55853271484375,5b209ca7e9750b985647c11946262f7d4b232506b32a5aff985b9a3df9cd08bf,601ec3c922c7c5103b900ce89856abcd4fed76836f0f45f142532f492fc0136c,d59fb625b5e229c2d92c1087849abe433decbb7b4d749115910899bb25b019ab
0,1048576,2048,2,2,72605,1545,6.924152374267578,75.439453125,45.42243957519531,46.389007568359375,5b209ca7e9750b985647c11946262f7d4b232506b32a5aff985b9a3df9cd08bf,83ed74face5a8a25e64aa17f589c2a3e608ddfbe876e2321168749ab3fa6f31b,4cfa29ea4df3b297e07f9f1eff0132ae88fb03385939e73dab8bf9f4e4ef374c
1,1048576,2048,2,2,146645,247,13.985157012939453,12.060546875,91.74263000488281,91.89715576171875,5b209ca7e9750b985647c11946262f7d4b232506b32a5aff985b9a3df9cd08bf,83ed74face5a8a25e64aa17f589c2a3e608ddfbe876e2321168749ab3fa6f31b,4cfa29ea4df3b297e07f9f1eff0132ae88fb03385939e73dab8bf9f4e4ef374c
2,1048576,2048,2,2,228695,2048,21.810054779052734,100.0,143.07395935058594,144.35520935058594,5b209ca7e9750b985647c11946262f7d4b232506b32a5aff985b9a3df9cd08bf,83ed74face5a8a25e64aa17f589c2a3e608ddfbe876e2321168749ab3fa6f31b,4cfa29ea4df3b297e07f9f1eff0132ae88fb03385939e73dab8bf9f4e4ef374c
0,1048576,4096,2,0,97930,2929,9.339332580566406,71.5087890625,61.266021728515625,63.09843444824219,5b209ca7e9750b985647c11946262f7d4b232506b32a5aff985b9a3df9cd08bf,3fcce29a2d9f9d7d84029dd54fa6650b2f30d13c358d3dea399a663eb39516d0,f30eaec208c5238a10d5aae2db692bec5c62110eba38d6940e17e43fd6c26557
1,1048576,4096,2,0,186647,535,17.800045013427734,13.0615234375,116.76829528808594,117.10299682617188,5b209ca7e9750b985647c11946262f7d4b232506b32a5aff985b9a3df9cd08bf,3fcce29a2d9f9d7d84029dd54fa6650b2f30d13c358d3dea399a663eb39516d0,f30eaec208c5238a10d5aae2db692bec5c62110eba38d6940e17e43fd6c26557
2,1048576,4096,2,0,339238,4096,32.352256774902344,100.0,212.23080444335938,214.79330444335938,5b209ca7e9750b985647c11946262f7d4b232506b32a5aff985b9a3df9cd08bf,3fcce29a2d9f9d7d84029dd54fa6650b2f30d13c358d3dea399a663eb39516d0,f30eaec208c5238a10d5aae2db692bec5c62110eba38d6940e17e43fd6c26557
0,1048576,4096,2,1,97087,2928,9.25893783569336,71.484375,60.73863220214844,62.57041931152344,5b209ca7e9750b985647c11946262f7d4b232506b32a5aff985b9a3df9cd08bf,4edf467664706dcacb362e7013481149735feb4a347e3eb2667531100fad5ec2,49a0bc0362b4a9ff46871ca5a15c45775322481c0388becf07993935ed61f5b1
1,1048576,4096,2,1,186683,542,17.803478240966797,13.232421875,116.79081726074219,117.12989807128906,5b209ca7e9750b985647c11946262f7d4b232506b32a5aff985b9a3df9cd08bf,4edf467664706dcacb362e7013481149735feb4a347e3eb2667531100fad5ec2,49a0bc0362b4a9ff46871ca5a15c45775322481c0388becf07993935ed61f5b1
2,1048576,4096,2,1,339138,4095,32.34272003173828,99.9755859375,212.16824340820312,214.73011779785156,5b209ca7e9750b985647c11946262f7d4b232506b32a5aff985b9a3df9cd08bf,4edf467664706dcacb362e7013481149735feb4a347e3eb2667531100fad5ec2,49a0bc0362b4a9ff46871ca5a15c45775322481c0388becf07993935ed61f5b1
0,1048576,4096,2,2,98256,2919,9.37042236328125,71.2646484375,61.469970703125,63.29612731933594,5b209ca7e9750b985647c11946262f7d4b232506b32a5aff985b9a3df9cd08bf,413009579c0b7c203e7f2adfb5572c4870956baf3213e64a67a0a023119061bb,8c801278fd17b76af2d46febe5be45c9c2484d021f5ffc29224c4ba1313e6201
1,1048576,4096,2,2,186779,534,17.812633514404297,13.037109375,116.85087585449219,117.18495178222656,5b209ca7e9750b985647c11946262f7d4b232506b32a5aff985b9a3df9cd08bf,413009579c0b7c203e7f2adfb5572c4870956baf3213e64a67a0a023119061bb,8c801278fd17b76af2d46febe5be45c9c2484d021f5ffc29224c4ba1313e6201
2,1048576,4096,2,2,339069,4096,32.33613967895508,100.0,212.1250762939453,214.6875762939453,5b209ca7e9750b985647c11946262f7d4b232506b32a5aff985b9a3df9cd08bf,413009579c0b7c203e7f2adfb5572c4870956baf3213e64a67a0a023119061bb,8c801278fd17b76af2d46febe5be45c9c2484d021f5ffc29224c4ba1313e6201
